dataset,series,domain,anomaly_kind,detector,tier,config,auc_pr,vus_pr,affil_f1,event_f1,runtime_s,tune_s,peak_mb,n_test,n_channels,anomaly_frac,status
ucr,001_UCR_Anomaly_DISTORTED1sddb40_35000_52000_52620,DISTORTED1sddb40,,chronos_small_resid,default,,0.02096,0.02398,0.67275,0.0048,29.46,,249.5,44795,1,0.01386,ok
ucr,001_UCR_Anomaly_DISTORTED1sddb40_35000_52000_52620,DISTORTED1sddb40,,chronos_small_quantile,default,,0.01437,0.01631,0.66675,1.0,29.46,,249.5,44795,1,0.01386,ok
ucr,001_UCR_Anomaly_DISTORTED1sddb40_35000_52000_52620,DISTORTED1sddb40,,chronos_base_resid,default,,0.02255,0.0252,0.67395,0.00478,3.85,,892.2,44795,1,0.01386,ok
ucr,001_UCR_Anomaly_DISTORTED1sddb40_35000_52000_52620,DISTORTED1sddb40,,chronos_base_quantile,default,,0.01399,0.01615,0.66675,1.0,3.85,,892.2,44795,1,0.01386,ok
ucr,001_UCR_Anomaly_DISTORTED1sddb40_35000_52000_52620,DISTORTED1sddb40,,timesfm_resid,default,,0.02338,0.02804,0.68928,0.00503,20.51,,1894.7,44795,1,0.01386,ok
ucr,001_UCR_Anomaly_DISTORTED1sddb40_35000_52000_52620,DISTORTED1sddb40,,timesfm_quantile,default,,0.01639,0.01844,0.676,1.0,20.51,,1894.7,44795,1,0.01386,ok
ucr,001_UCR_Anomaly_DISTORTED1sddb40_35000_52000_52620,DISTORTED1sddb40,,tirex_resid,default,,0.018,0.0218,0.66716,0.0045,18.81,,2025.3,44795,1,0.01386,ok
ucr,001_UCR_Anomaly_DISTORTED1sddb40_35000_52000_52620,DISTORTED1sddb40,,tirex_quantile,default,,0.01314,0.01556,0.69596,1.0,18.81,,2025.3,44795,1,0.01386,ok
ucr,001_UCR_Anomaly_DISTORTED1sddb40_35000_52000_52620,DISTORTED1sddb40,,iforest,default,,0.37022,0.25531,0.99677,0.37429,3.23,,1585.6,44795,1,0.01386,ok
ucr,001_UCR_Anomaly_DISTORTED1sddb40_35000_52000_52620,DISTORTED1sddb40,,iforest,tuned,"{'w': 100, 'n_estimators': 200}",0.37022,0.25531,0.99677,0.37429,6.08,12.26,0.0,44795,1,0.01386,ok
ucr,001_UCR_Anomaly_DISTORTED1sddb40_35000_52000_52620,DISTORTED1sddb40,,lof,default,,0.03834,0.04012,0.63636,0.04444,4.29,,1585.6,44795,1,0.01386,ok
ucr,001_UCR_Anomaly_DISTORTED1sddb40_35000_52000_52620,DISTORTED1sddb40,,lof,tuned,"{'w': 200, 'k': 50}",0.04219,0.04356,0.63016,0.16346,3.38,8.24,0.0,44795,1,0.01386,ok
ucr,001_UCR_Anomaly_DISTORTED1sddb40_35000_52000_52620,DISTORTED1sddb40,,knn,default,,0.33619,0.30761,0.7992,0.37267,2.19,,1585.6,44795,1,0.01386,ok
ucr,001_UCR_Anomaly_DISTORTED1sddb40_35000_52000_52620,DISTORTED1sddb40,,knn,tuned,"{'w': 200, 'k': 5}",0.58061,0.4517,0.99676,0.54167,3.45,6.75,0.0,44795,1,0.01386,ok
ucr,001_UCR_Anomaly_DISTORTED1sddb40_35000_52000_52620,DISTORTED1sddb40,,ae,default,,0.03299,0.03659,0.6524,0.0495,13.0,,1620.9,44795,1,0.01386,ok
ucr,001_UCR_Anomaly_DISTORTED1sddb40_35000_52000_52620,DISTORTED1sddb40,,ae,tuned,"{'w': 200, 'hidden': 32, 'latent': 8}",0.58267,0.46803,0.99671,0.47879,11.72,60.32,0.0,44795,1,0.01386,ok
ucr,002_UCR_Anomaly_DISTORTED2sddb40_35000_56600_56900,DISTORTED2sddb40,,chronos_small_resid,default,,0.00526,0.00744,0.66699,0.00107,0.71,,1738.6,45001,1,0.00669,ok
ucr,002_UCR_Anomaly_DISTORTED2sddb40_35000_56600_56900,DISTORTED2sddb40,,chronos_small_quantile,default,,0.00647,0.00892,0.67582,1.0,0.71,,1738.6,45001,1,0.00669,ok
ucr,002_UCR_Anomaly_DISTORTED2sddb40_35000_56600_56900,DISTORTED2sddb40,,chronos_base_resid,default,,0.00517,0.00737,0.83324,0.00111,0.72,,1970.5,45001,1,0.00669,ok
ucr,002_UCR_Anomaly_DISTORTED2sddb40_35000_56600_56900,DISTORTED2sddb40,,chronos_base_quantile,default,,0.00639,0.00904,0.67464,1.0,0.72,,1970.5,45001,1,0.00669,ok
ucr,002_UCR_Anomaly_DISTORTED2sddb40_35000_56600_56900,DISTORTED2sddb40,,timesfm_resid,default,,0.00773,0.01138,0.67732,0.00545,13.96,,2046.7,45001,1,0.00669,ok
ucr,002_UCR_Anomaly_DISTORTED2sddb40_35000_56600_56900,DISTORTED2sddb40,,timesfm_quantile,default,,0.00712,0.01025,0.67021,1.0,13.96,,2046.7,45001,1,0.00669,ok
ucr,002_UCR_Anomaly_DISTORTED2sddb40_35000_56600_56900,DISTORTED2sddb40,,tirex_resid,default,,0.00476,0.00708,0.66491,0.00268,15.36,,2033.8,45001,1,0.00669,ok
ucr,002_UCR_Anomaly_DISTORTED2sddb40_35000_56600_56900,DISTORTED2sddb40,,tirex_quantile,default,,0.00624,0.00919,0.67909,1.0,15.36,,2033.8,45001,1,0.00669,ok
ucr,002_UCR_Anomaly_DISTORTED2sddb40_35000_56600_56900,DISTORTED2sddb40,,iforest,default,,0.00348,0.00611,0.64417,0.00299,3.05,,1594.1,45001,1,0.00669,ok
ucr,002_UCR_Anomaly_DISTORTED2sddb40_35000_56600_56900,DISTORTED2sddb40,,iforest,tuned,"{'w': 100, 'n_estimators': 200}",0.00348,0.00611,0.64417,0.00299,5.71,10.81,0.0,45001,1,0.00669,ok
ucr,002_UCR_Anomaly_DISTORTED2sddb40_35000_56600_56900,DISTORTED2sddb40,,lof,default,,0.01395,0.01804,0.64821,0.05332,2.33,,1594.1,45001,1,0.00669,ok
ucr,002_UCR_Anomaly_DISTORTED2sddb40_35000_56600_56900,DISTORTED2sddb40,,lof,tuned,"{'w': 200, 'k': 50}",0.01519,0.02006,0.67077,0.15385,3.67,8.96,0.0,45001,1,0.00669,ok
ucr,002_UCR_Anomaly_DISTORTED2sddb40_35000_56600_56900,DISTORTED2sddb40,,knn,default,,0.00652,0.01038,0.65366,0.03137,1.79,,1594.1,45001,1,0.00669,ok
ucr,002_UCR_Anomaly_DISTORTED2sddb40_35000_56600_56900,DISTORTED2sddb40,,knn,tuned,"{'w': 200, 'k': 5}",0.01947,0.02588,0.66403,0.16346,2.98,6.01,0.0,45001,1,0.00669,ok
ucr,002_UCR_Anomaly_DISTORTED2sddb40_35000_56600_56900,DISTORTED2sddb40,,ae,default,,0.00547,0.00863,0.66057,0.03182,12.02,,1620.9,45001,1,0.00669,ok
ucr,002_UCR_Anomaly_DISTORTED2sddb40_35000_56600_56900,DISTORTED2sddb40,,ae,tuned,"{'w': 200, 'hidden': 32, 'latent': 8}",0.00703,0.01047,0.67835,0.09124,11.39,62.38,0.0,45001,1,0.00669,ok
ucr,003_UCR_Anomaly_DISTORTED3sddb40_35000_46600_46900,DISTORTED3sddb40,,chronos_small_resid,default,,0.00815,0.01025,0.67198,0.01054,0.63,,1738.6,45000,1,0.00669,ok
ucr,003_UCR_Anomaly_DISTORTED3sddb40_35000_46600_46900,DISTORTED3sddb40,,chronos_small_quantile,default,,0.00675,0.00909,0.66788,1.0,0.63,,1738.6,45000,1,0.00669,ok
ucr,003_UCR_Anomaly_DISTORTED3sddb40_35000_46600_46900,DISTORTED3sddb40,,chronos_base_resid,default,,0.00923,0.01111,0.67459,0.01078,0.93,,1970.5,45000,1,0.00669,ok
ucr,003_UCR_Anomaly_DISTORTED3sddb40_35000_46600_46900,DISTORTED3sddb40,,chronos_base_quantile,default,,0.00673,0.00927,0.67599,1.0,0.93,,1970.5,45000,1,0.00669,ok
ucr,003_UCR_Anomaly_DISTORTED3sddb40_35000_46600_46900,DISTORTED3sddb40,,timesfm_resid,default,,0.01322,0.0139,0.68803,0.00954,13.71,,2046.7,45000,1,0.00669,ok
ucr,003_UCR_Anomaly_DISTORTED3sddb40_35000_46600_46900,DISTORTED3sddb40,,timesfm_quantile,default,,0.00842,0.00987,0.66669,1.0,13.71,,2046.7,45000,1,0.00669,ok
ucr,003_UCR_Anomaly_DISTORTED3sddb40_35000_46600_46900,DISTORTED3sddb40,,tirex_resid,default,,0.0118,0.01315,0.6679,0.00984,15.59,,2033.8,45000,1,0.00669,ok
ucr,003_UCR_Anomaly_DISTORTED3sddb40_35000_46600_46900,DISTORTED3sddb40,,tirex_quantile,default,,0.00769,0.00968,0.67069,1.0,15.59,,2033.8,45000,1,0.00669,ok
ucr,003_UCR_Anomaly_DISTORTED3sddb40_35000_46600_46900,DISTORTED3sddb40,,iforest,default,,0.01063,0.01371,0.64669,0.02827,3.3,,1594.1,45000,1,0.00669,ok
ucr,003_UCR_Anomaly_DISTORTED3sddb40_35000_46600_46900,DISTORTED3sddb40,,iforest,tuned,"{'w': 100, 'n_estimators': 100}",0.01146,0.01461,0.64582,0.03116,4.93,11.85,0.0,45000,1,0.00669,ok
ucr,003_UCR_Anomaly_DISTORTED3sddb40_35000_46600_46900,DISTORTED3sddb40,,lof,default,,0.02525,0.02653,0.6416,0.063,2.47,,1594.1,45000,1,0.00669,ok
ucr,003_UCR_Anomaly_DISTORTED3sddb40_35000_46600_46900,DISTORTED3sddb40,,lof,tuned,"{'w': 200, 'k': 50}",0.01293,0.01659,0.63698,0.12917,3.59,8.74,0.0,45000,1,0.00669,ok
ucr,003_UCR_Anomaly_DISTORTED3sddb40_35000_46600_46900,DISTORTED3sddb40,,knn,default,,0.0297,0.03223,0.62889,0.06267,1.91,,1594.1,45000,1,0.00669,ok
ucr,003_UCR_Anomaly_DISTORTED3sddb40_35000_46600_46900,DISTORTED3sddb40,,knn,tuned,"{'w': 200, 'k': 5}",0.01655,0.02047,0.63217,0.14872,3.12,6.0,0.0,45000,1,0.00669,ok
ucr,003_UCR_Anomaly_DISTORTED3sddb40_35000_46600_46900,DISTORTED3sddb40,,ae,default,,0.03162,0.04047,0.65549,0.06667,12.44,,1620.9,45000,1,0.00669,ok
ucr,003_UCR_Anomaly_DISTORTED3sddb40_35000_46600_46900,DISTORTED3sddb40,,ae,tuned,"{'w': 200, 'hidden': 32, 'latent': 8}",0.01934,0.02646,0.65447,0.16667,11.62,60.07,0.0,45000,1,0.00669,ok
ucr,004_UCR_Anomaly_DISTORTEDBIDMC1_2500_5400_5600,DISTORTEDBIDMC1,,chronos_small_resid,default,,0.11665,0.08515,0.98942,0.08084,0.26,,1671.3,8500,1,0.02365,ok
ucr,004_UCR_Anomaly_DISTORTEDBIDMC1_2500_5400_5600,DISTORTEDBIDMC1,,chronos_small_quantile,default,,0.08019,0.064,0.95077,1.0,0.26,,1671.3,8500,1,0.02365,ok
ucr,004_UCR_Anomaly_DISTORTEDBIDMC1_2500_5400_5600,DISTORTEDBIDMC1,,chronos_base_resid,default,,0.1094,0.08265,0.98942,0.07141,0.21,,1792.5,8500,1,0.02365,ok
ucr,004_UCR_Anomaly_DISTORTEDBIDMC1_2500_5400_5600,DISTORTEDBIDMC1,,chronos_base_quantile,default,,0.03668,0.04501,0.72673,1.0,0.21,,1792.5,8500,1,0.02365,ok
ucr,004_UCR_Anomaly_DISTORTEDBIDMC1_2500_5400_5600,DISTORTEDBIDMC1,,timesfm_resid,default,,0.16363,0.19349,0.98931,0.17407,3.53,,2046.7,8500,1,0.02365,ok
ucr,004_UCR_Anomaly_DISTORTEDBIDMC1_2500_5400_5600,DISTORTEDBIDMC1,,timesfm_quantile,default,,0.08739,0.07721,0.99433,1.0,3.53,,2046.7,8500,1,0.02365,ok
ucr,004_UCR_Anomaly_DISTORTEDBIDMC1_2500_5400_5600,DISTORTEDBIDMC1,,tirex_resid,default,,0.1655,0.20708,0.9892,0.17378,5.39,,1823.9,8500,1,0.02365,ok
ucr,004_UCR_Anomaly_DISTORTEDBIDMC1_2500_5400_5600,DISTORTEDBIDMC1,,tirex_quantile,default,,0.05999,0.09892,0.99433,1.0,5.39,,1823.9,8500,1,0.02365,ok
ucr,004_UCR_Anomaly_DISTORTEDBIDMC1_2500_5400_5600,DISTORTEDBIDMC1,,iforest,default,,0.63099,0.50065,0.9966,0.71212,1.36,,1594.1,8500,1,0.02365,ok
ucr,004_UCR_Anomaly_DISTORTEDBIDMC1_2500_5400_5600,DISTORTEDBIDMC1,,lof,default,,0.87647,0.75152,0.99821,1.0,0.24,,1594.1,8500,1,0.02365,ok
ucr,004_UCR_Anomaly_DISTORTEDBIDMC1_2500_5400_5600,DISTORTEDBIDMC1,,knn,default,,0.87642,0.74443,0.99844,1.0,0.15,,1594.1,8500,1,0.02365,ok
ucr,004_UCR_Anomaly_DISTORTEDBIDMC1_2500_5400_5600,DISTORTEDBIDMC1,,ae,default,,0.86233,0.73317,0.99816,1.0,1.24,,1602.3,8500,1,0.02365,ok
ucr,005_UCR_Anomaly_DISTORTEDCIMIS44AirTemperature1_4000_5391_5392,DISTORTEDCIMIS44AirTemperature1,,chronos_small_resid,default,,0.0004,0.0044,0.72356,0.0,0.12,,1631.1,4184,1,0.00048,ok
ucr,005_UCR_Anomaly_DISTORTEDCIMIS44AirTemperature1_4000_5391_5392,DISTORTEDCIMIS44AirTemperature1,,chronos_small_quantile,default,,0.00048,0.00161,0.6972,1.0,0.12,,1631.1,4184,1,0.00048,ok
ucr,005_UCR_Anomaly_DISTORTEDCIMIS44AirTemperature1_4000_5391_5392,DISTORTEDCIMIS44AirTemperature1,,chronos_base_resid,default,,0.00045,0.00264,0.71635,0.0,0.38,,1693.0,4184,1,0.00048,ok
ucr,005_UCR_Anomaly_DISTORTEDCIMIS44AirTemperature1_4000_5391_5392,DISTORTEDCIMIS44AirTemperature1,,chronos_base_quantile,default,,0.00048,0.00161,0.68247,1.0,0.38,,1693.0,4184,1,0.00048,ok
ucr,005_UCR_Anomaly_DISTORTEDCIMIS44AirTemperature1_4000_5391_5392,DISTORTEDCIMIS44AirTemperature1,,timesfm_resid,default,,0.00084,0.00512,0.74067,0.00917,2.42,,2046.7,4184,1,0.00048,ok
ucr,005_UCR_Anomaly_DISTORTEDCIMIS44AirTemperature1_4000_5391_5392,DISTORTEDCIMIS44AirTemperature1,,timesfm_quantile,default,,0.00048,0.00274,0.80849,1.0,2.42,,2046.7,4184,1,0.00048,ok
ucr,005_UCR_Anomaly_DISTORTEDCIMIS44AirTemperature1_4000_5391_5392,DISTORTEDCIMIS44AirTemperature1,,tirex_resid,default,,0.00039,0.00159,0.81539,0.0,5.5,,1711.2,4184,1,0.00048,ok
ucr,005_UCR_Anomaly_DISTORTEDCIMIS44AirTemperature1_4000_5391_5392,DISTORTEDCIMIS44AirTemperature1,,tirex_quantile,default,,0.00048,0.00132,0.66667,1.0,5.5,,1711.2,4184,1,0.00048,ok
ucr,005_UCR_Anomaly_DISTORTEDCIMIS44AirTemperature1_4000_5391_5392,DISTORTEDCIMIS44AirTemperature1,,iforest,default,,0.00065,0.00129,0.81337,0.0,1.11,,1594.1,4184,1,0.00048,ok
ucr,005_UCR_Anomaly_DISTORTEDCIMIS44AirTemperature1_4000_5391_5392,DISTORTEDCIMIS44AirTemperature1,,iforest,tuned,"{'w': 50, 'n_estimators': 200}",0.00072,0.00176,0.81373,0.0,1.47,6.38,0.0,4184,1,0.00048,ok
ucr,005_UCR_Anomaly_DISTORTEDCIMIS44AirTemperature1_4000_5391_5392,DISTORTEDCIMIS44AirTemperature1,,lof,default,,0.00123,0.00231,0.81523,0.2,0.25,,1594.1,4184,1,0.00048,ok
ucr,005_UCR_Anomaly_DISTORTEDCIMIS44AirTemperature1_4000_5391_5392,DISTORTEDCIMIS44AirTemperature1,,lof,tuned,"{'w': 50, 'k': 50}",0.00266,0.00435,0.80786,0.2,0.74,2.5,0.0,4184,1,0.00048,ok
ucr,005_UCR_Anomaly_DISTORTEDCIMIS44AirTemperature1_4000_5391_5392,DISTORTEDCIMIS44AirTemperature1,,knn,default,,0.00228,0.0049,0.82359,0.28571,0.11,,1594.1,4184,1,0.00048,ok
ucr,005_UCR_Anomaly_DISTORTEDCIMIS44AirTemperature1_4000_5391_5392,DISTORTEDCIMIS44AirTemperature1,,knn,tuned,"{'w': 100, 'k': 3}",0.00223,0.00493,0.81727,0.28571,0.37,1.8,0.0,4184,1,0.00048,ok
ucr,005_UCR_Anomaly_DISTORTEDCIMIS44AirTemperature1_4000_5391_5392,DISTORTEDCIMIS44AirTemperature1,,ae,default,,0.08681,0.15438,0.99722,1.0,1.61,,1600.7,4184,1,0.00048,ok
ucr,005_UCR_Anomaly_DISTORTEDCIMIS44AirTemperature1_4000_5391_5392,DISTORTEDCIMIS44AirTemperature1,,ae,tuned,"{'w': 100, 'hidden': 32, 'latent': 8}",0.00627,0.01433,0.85547,0.5,1.89,9.62,0.0,4184,1,0.00048,ok
ucr,006_UCR_Anomaly_DISTORTEDCIMIS44AirTemperature2_4000_5703_5727,DISTORTEDCIMIS44AirTemperature2,,chronos_small_resid,default,,0.12652,0.09228,0.80997,0.18072,0.16,,1631.1,4184,1,0.00598,ok
ucr,006_UCR_Anomaly_DISTORTEDCIMIS44AirTemperature2_4000_5703_5727,DISTORTEDCIMIS44AirTemperature2,,chronos_small_quantile,default,,0.43834,0.16941,0.99883,1.0,0.16,,1631.1,4184,1,0.00598,ok
ucr,006_UCR_Anomaly_DISTORTEDCIMIS44AirTemperature2_4000_5703_5727,DISTORTEDCIMIS44AirTemperature2,,chronos_base_resid,default,,0.1303,0.08808,0.786,0.15354,0.34,,1693.0,4184,1,0.00598,ok
ucr,006_UCR_Anomaly_DISTORTEDCIMIS44AirTemperature2_4000_5703_5727,DISTORTEDCIMIS44AirTemperature2,,chronos_base_quantile,default,,0.40012,0.1859,0.99883,1.0,0.34,,1693.0,4184,1,0.00598,ok
ucr,006_UCR_Anomaly_DISTORTEDCIMIS44AirTemperature2_4000_5703_5727,DISTORTEDCIMIS44AirTemperature2,,timesfm_resid,default,,0.22556,0.16195,0.92259,0.27588,2.62,,2046.7,4184,1,0.00598,ok
ucr,006_UCR_Anomaly_DISTORTEDCIMIS44AirTemperature2_4000_5703_5727,DISTORTEDCIMIS44AirTemperature2,,timesfm_quantile,default,,0.46625,0.19125,0.99894,1.0,2.62,,2046.7,4184,1,0.00598,ok
ucr,006_UCR_Anomaly_DISTORTEDCIMIS44AirTemperature2_4000_5703_5727,DISTORTEDCIMIS44AirTemperature2,,tirex_resid,default,,0.15059,0.08698,0.88641,0.14601,5.38,,1711.2,4184,1,0.00598,ok
ucr,006_UCR_Anomaly_DISTORTEDCIMIS44AirTemperature2_4000_5703_5727,DISTORTEDCIMIS44AirTemperature2,,tirex_quantile,default,,0.04034,0.03265,0.70229,1.0,5.38,,1711.2,4184,1,0.00598,ok
ucr,006_UCR_Anomaly_DISTORTEDCIMIS44AirTemperature2_4000_5703_5727,DISTORTEDCIMIS44AirTemperature2,,iforest,default,,0.0132,0.02115,0.76813,0.33333,0.88,,1594.1,4184,1,0.00598,ok
ucr,006_UCR_Anomaly_DISTORTEDCIMIS44AirTemperature2_4000_5703_5727,DISTORTEDCIMIS44AirTemperature2,,iforest,tuned,"{'w': 50, 'n_estimators': 200}",0.01746,0.02294,0.77795,0.21667,1.18,5.78,0.0,4184,1,0.00598,ok
ucr,006_UCR_Anomaly_DISTORTEDCIMIS44AirTemperature2_4000_5703_5727,DISTORTEDCIMIS44AirTemperature2,,lof,default,,0.03294,0.04788,0.83676,0.4,0.24,,1594.1,4184,1,0.00598,ok
ucr,006_UCR_Anomaly_DISTORTEDCIMIS44AirTemperature2_4000_5703_5727,DISTORTEDCIMIS44AirTemperature2,,lof,tuned,"{'w': 100, 'k': 50}",0.03294,0.04788,0.83676,0.4,0.61,2.52,0.0,4184,1,0.00598,ok
ucr,006_UCR_Anomaly_DISTORTEDCIMIS44AirTemperature2_4000_5703_5727,DISTORTEDCIMIS44AirTemperature2,,knn,default,,0.65848,0.42329,0.99894,0.66667,0.11,,1594.1,4184,1,0.00598,ok
ucr,006_UCR_Anomaly_DISTORTEDCIMIS44AirTemperature2_4000_5703_5727,DISTORTEDCIMIS44AirTemperature2,,knn,tuned,"{'w': 50, 'k': 5}",0.99704,0.88688,0.99884,1.0,0.49,1.87,0.0,4184,1,0.00598,ok
ucr,006_UCR_Anomaly_DISTORTEDCIMIS44AirTemperature2_4000_5703_5727,DISTORTEDCIMIS44AirTemperature2,,ae,default,,0.98837,0.89454,0.99884,1.0,1.54,,1600.7,4184,1,0.00598,ok
ucr,006_UCR_Anomaly_DISTORTEDCIMIS44AirTemperature2_4000_5703_5727,DISTORTEDCIMIS44AirTemperature2,,ae,tuned,"{'w': 100, 'hidden': 32, 'latent': 8}",0.99846,0.89952,0.99884,1.0,1.96,9.04,0.0,4184,1,0.00598,ok
ucr,007_UCR_Anomaly_DISTORTEDCIMIS44AirTemperature3_4000_6520_6544,DISTORTEDCIMIS44AirTemperature3,,chronos_small_resid,default,,0.1604,0.09096,0.70163,0.15913,0.16,,1631.1,4184,1,0.00598,ok
ucr,007_UCR_Anomaly_DISTORTEDCIMIS44AirTemperature3_4000_6520_6544,DISTORTEDCIMIS44AirTemperature3,,chronos_small_quantile,default,,0.36798,0.15639,0.99884,1.0,0.16,,1631.1,4184,1,0.00598,ok
ucr,007_UCR_Anomaly_DISTORTEDCIMIS44AirTemperature3_4000_6520_6544,DISTORTEDCIMIS44AirTemperature3,,chronos_base_resid,default,,0.12673,0.07573,0.69364,0.13211,0.39,,1693.0,4184,1,0.00598,ok
ucr,007_UCR_Anomaly_DISTORTEDCIMIS44AirTemperature3_4000_6520_6544,DISTORTEDCIMIS44AirTemperature3,,chronos_base_quantile,default,,0.37258,0.15549,0.99883,1.0,0.39,,1693.0,4184,1,0.00598,ok
ucr,007_UCR_Anomaly_DISTORTEDCIMIS44AirTemperature3_4000_6520_6544,DISTORTEDCIMIS44AirTemperature3,,timesfm_resid,default,,0.1607,0.07286,0.88306,0.14297,2.27,,2046.7,4184,1,0.00598,ok
ucr,007_UCR_Anomaly_DISTORTEDCIMIS44AirTemperature3_4000_6520_6544,DISTORTEDCIMIS44AirTemperature3,,timesfm_quantile,default,,0.29282,0.12014,0.99884,1.0,2.27,,2046.7,4184,1,0.00598,ok
ucr,007_UCR_Anomaly_DISTORTEDCIMIS44AirTemperature3_4000_6520_6544,DISTORTEDCIMIS44AirTemperature3,,tirex_resid,default,,0.07884,0.05902,0.68256,0.13019,5.8,,1711.2,4184,1,0.00598,ok
ucr,007_UCR_Anomaly_DISTORTEDCIMIS44AirTemperature3_4000_6520_6544,DISTORTEDCIMIS44AirTemperature3,,tirex_quantile,default,,0.0716,0.05253,0.72957,1.0,5.8,,1711.2,4184,1,0.00598,ok
ucr,007_UCR_Anomaly_DISTORTEDCIMIS44AirTemperature3_4000_6520_6544,DISTORTEDCIMIS44AirTemperature3,,iforest,default,,0.0049,0.00755,0.64116,0.0,1.22,,1594.1,4184,1,0.00598,ok
ucr,007_UCR_Anomaly_DISTORTEDCIMIS44AirTemperature3_4000_6520_6544,DISTORTEDCIMIS44AirTemperature3,,iforest,tuned,"{'w': 50, 'n_estimators': 200}",0.00806,0.01058,0.65547,0.1503,1.56,5.64,0.0,4184,1,0.00598,ok
ucr,007_UCR_Anomaly_DISTORTEDCIMIS44AirTemperature3_4000_6520_6544,DISTORTEDCIMIS44AirTemperature3,,lof,default,,0.03867,0.05522,0.71012,0.4,0.23,,1594.1,4184,1,0.00598,ok
ucr,007_UCR_Anomaly_DISTORTEDCIMIS44AirTemperature3_4000_6520_6544,DISTORTEDCIMIS44AirTemperature3,,lof,tuned,"{'w': 100, 'k': 50}",0.03867,0.05522,0.71012,0.4,0.6,2.53,0.0,4184,1,0.00598,ok
ucr,007_UCR_Anomaly_DISTORTEDCIMIS44AirTemperature3_4000_6520_6544,DISTORTEDCIMIS44AirTemperature3,,knn,default,,0.10626,0.1393,0.69193,0.58333,0.11,,1594.1,4184,1,0.00598,ok
ucr,007_UCR_Anomaly_DISTORTEDCIMIS44AirTemperature3_4000_6520_6544,DISTORTEDCIMIS44AirTemperature3,,knn,tuned,"{'w': 50, 'k': 5}",0.98383,0.78752,0.99883,1.0,0.32,1.86,0.0,4184,1,0.00598,ok
ucr,007_UCR_Anomaly_DISTORTEDCIMIS44AirTemperature3_4000_6520_6544,DISTORTEDCIMIS44AirTemperature3,,ae,default,,1.0,0.89335,0.99883,1.0,1.01,,1600.7,4184,1,0.00598,ok
ucr,007_UCR_Anomaly_DISTORTEDCIMIS44AirTemperature3_4000_6520_6544,DISTORTEDCIMIS44AirTemperature3,,ae,tuned,"{'w': 100, 'hidden': 32, 'latent': 8}",0.51992,0.51374,0.80879,0.66667,1.81,9.93,0.0,4184,1,0.00598,ok
ucr,008_UCR_Anomaly_DISTORTEDCIMIS44AirTemperature4_4000_5549_5597,DISTORTEDCIMIS44AirTemperature4,,chronos_small_resid,default,,0.06777,0.05115,0.79167,0.09737,0.14,,1631.1,4184,1,0.01171,ok
ucr,008_UCR_Anomaly_DISTORTEDCIMIS44AirTemperature4_4000_5549_5597,DISTORTEDCIMIS44AirTemperature4,,chronos_small_quantile,default,,0.0668,0.05859,0.8115,1.0,0.14,,1631.1,4184,1,0.01171,ok
ucr,008_UCR_Anomaly_DISTORTEDCIMIS44AirTemperature4_4000_5549_5597,DISTORTEDCIMIS44AirTemperature4,,chronos_base_resid,default,,0.04366,0.03744,0.7132,0.0897,0.39,,1693.0,4184,1,0.01171,ok
ucr,008_UCR_Anomaly_DISTORTEDCIMIS44AirTemperature4_4000_5549_5597,DISTORTEDCIMIS44AirTemperature4,,chronos_base_quantile,default,,0.04056,0.0339,0.77885,1.0,0.39,,1693.0,4184,1,0.01171,ok
ucr,008_UCR_Anomaly_DISTORTEDCIMIS44AirTemperature4_4000_5549_5597,DISTORTEDCIMIS44AirTemperature4,,timesfm_resid,default,,0.25658,0.13563,0.99871,0.1619,2.48,,2046.7,4184,1,0.01171,ok
ucr,008_UCR_Anomaly_DISTORTEDCIMIS44AirTemperature4_4000_5549_5597,DISTORTEDCIMIS44AirTemperature4,,timesfm_quantile,default,,0.23743,0.2062,0.83239,1.0,2.48,,2046.7,4184,1,0.01171,ok
ucr,008_UCR_Anomaly_DISTORTEDCIMIS44AirTemperature4_4000_5549_5597,DISTORTEDCIMIS44AirTemperature4,,tirex_resid,default,,0.10962,0.0721,0.90536,0.09983,5.93,,1711.2,4184,1,0.01171,ok
ucr,008_UCR_Anomaly_DISTORTEDCIMIS44AirTemperature4_4000_5549_5597,DISTORTEDCIMIS44AirTemperature4,,tirex_quantile,default,,0.02387,0.02443,0.6816,1.0,5.93,,1711.2,4184,1,0.01171,ok
ucr,008_UCR_Anomaly_DISTORTEDCIMIS44AirTemperature4_4000_5549_5597,DISTORTEDCIMIS44AirTemperature4,,iforest,default,,0.02449,0.03305,0.76604,0.24306,1.14,,1594.1,4184,1,0.01171,ok
ucr,008_UCR_Anomaly_DISTORTEDCIMIS44AirTemperature4_4000_5549_5597,DISTORTEDCIMIS44AirTemperature4,,iforest,tuned,"{'w': 50, 'n_estimators': 200}",0.04345,0.04983,0.80461,0.29167,1.6,6.64,0.0,4184,1,0.01171,ok
ucr,008_UCR_Anomaly_DISTORTEDCIMIS44AirTemperature4_4000_5549_5597,DISTORTEDCIMIS44AirTemperature4,,lof,default,,0.0402,0.05536,0.82603,0.4,0.24,,1594.1,4184,1,0.01171,ok
ucr,008_UCR_Anomaly_DISTORTEDCIMIS44AirTemperature4_4000_5549_5597,DISTORTEDCIMIS44AirTemperature4,,lof,tuned,"{'w': 100, 'k': 50}",0.0402,0.05536,0.82603,0.4,0.59,2.5,0.0,4184,1,0.01171,ok
ucr,008_UCR_Anomaly_DISTORTEDCIMIS44AirTemperature4_4000_5549_5597,DISTORTEDCIMIS44AirTemperature4,,knn,default,,0.05181,0.07104,0.84449,0.33333,0.09,,1594.1,4184,1,0.01171,ok
ucr,008_UCR_Anomaly_DISTORTEDCIMIS44AirTemperature4_4000_5549_5597,DISTORTEDCIMIS44AirTemperature4,,knn,tuned,"{'w': 50, 'k': 5}",0.10859,0.12202,0.85682,0.5,0.45,1.72,0.0,4184,1,0.01171,ok
ucr,008_UCR_Anomaly_DISTORTEDCIMIS44AirTemperature4_4000_5549_5597,DISTORTEDCIMIS44AirTemperature4,,ae,default,,0.29794,0.30912,0.92249,0.625,1.58,,1600.7,4184,1,0.01171,ok
ucr,008_UCR_Anomaly_DISTORTEDCIMIS44AirTemperature4_4000_5549_5597,DISTORTEDCIMIS44AirTemperature4,,ae,tuned,"{'w': 100, 'hidden': 32, 'latent': 8}",0.08895,0.117,0.85321,0.44643,1.76,9.76,0.0,4184,1,0.01171,ok
ucr,009_UCR_Anomaly_DISTORTEDCIMIS44AirTemperature5_4000_4852_4900,DISTORTEDCIMIS44AirTemperature5,,chronos_small_resid,default,,0.08544,0.07932,0.88002,0.08528,0.12,,1631.1,4184,1,0.01171,ok
ucr,009_UCR_Anomaly_DISTORTEDCIMIS44AirTemperature5_4000_4852_4900,DISTORTEDCIMIS44AirTemperature5,,chronos_small_quantile,default,,0.07116,0.07457,0.9366,1.0,0.12,,1631.1,4184,1,0.01171,ok
ucr,009_UCR_Anomaly_DISTORTEDCIMIS44AirTemperature5_4000_4852_4900,DISTORTEDCIMIS44AirTemperature5,,chronos_base_resid,default,,0.04828,0.06344,0.89139,0.06029,0.39,,1693.0,4184,1,0.01171,ok
ucr,009_UCR_Anomaly_DISTORTEDCIMIS44AirTemperature5_4000_4852_4900,DISTORTEDCIMIS44AirTemperature5,,chronos_base_quantile,default,,0.03907,0.05337,0.78571,1.0,0.39,,1693.0,4184,1,0.01171,ok
ucr,009_UCR_Anomaly_DISTORTEDCIMIS44AirTemperature5_4000_4852_4900,DISTORTEDCIMIS44AirTemperature5,,timesfm_resid,default,,0.08742,0.07389,0.82876,0.09858,1.93,,2046.7,4184,1,0.01171,ok
ucr,009_UCR_Anomaly_DISTORTEDCIMIS44AirTemperature5_4000_4852_4900,DISTORTEDCIMIS44AirTemperature5,,timesfm_quantile,default,,0.03804,0.03822,0.75253,1.0,1.93,,2046.7,4184,1,0.01171,ok
ucr,009_UCR_Anomaly_DISTORTEDCIMIS44AirTemperature5_4000_4852_4900,DISTORTEDCIMIS44AirTemperature5,,tirex_resid,default,,0.05192,0.06181,0.90284,0.0863,4.52,,1711.2,4184,1,0.01171,ok
ucr,009_UCR_Anomaly_DISTORTEDCIMIS44AirTemperature5_4000_4852_4900,DISTORTEDCIMIS44AirTemperature5,,tirex_quantile,default,,0.01982,0.03042,0.68833,1.0,4.52,,1711.2,4184,1,0.01171,ok
ucr,009_UCR_Anomaly_DISTORTEDCIMIS44AirTemperature5_4000_4852_4900,DISTORTEDCIMIS44AirTemperature5,,iforest,default,,0.05538,0.07895,0.95717,0.5,1.26,,1594.1,4184,1,0.01171,ok
ucr,009_UCR_Anomaly_DISTORTEDCIMIS44AirTemperature5_4000_4852_4900,DISTORTEDCIMIS44AirTemperature5,,iforest,tuned,"{'w': 50, 'n_estimators': 100}",0.04267,0.06247,0.93766,0.38889,0.89,5.57,0.0,4184,1,0.01171,ok
ucr,009_UCR_Anomaly_DISTORTEDCIMIS44AirTemperature5_4000_4852_4900,DISTORTEDCIMIS44AirTemperature5,,lof,default,,0.18893,0.30311,0.9872,0.79167,0.23,,1594.1,4184,1,0.01171,ok
ucr,009_UCR_Anomaly_DISTORTEDCIMIS44AirTemperature5_4000_4852_4900,DISTORTEDCIMIS44AirTemperature5,,lof,tuned,"{'w': 100, 'k': 30}",0.46846,0.55263,0.99504,0.91667,0.49,2.39,0.0,4184,1,0.01171,ok
ucr,009_UCR_Anomaly_DISTORTEDCIMIS44AirTemperature5_4000_4852_4900,DISTORTEDCIMIS44AirTemperature5,,knn,default,,0.74347,0.72963,0.99641,1.0,0.1,,1594.1,4184,1,0.01171,ok
ucr,009_UCR_Anomaly_DISTORTEDCIMIS44AirTemperature5_4000_4852_4900,DISTORTEDCIMIS44AirTemperature5,,knn,tuned,"{'w': 50, 'k': 5}",0.96017,0.87506,0.99949,1.0,0.49,1.91,0.0,4184,1,0.01171,ok
ucr,009_UCR_Anomaly_DISTORTEDCIMIS44AirTemperature5_4000_4852_4900,DISTORTEDCIMIS44AirTemperature5,,ae,default,,0.99402,0.94979,0.99982,1.0,1.62,,1600.7,4184,1,0.01171,ok
ucr,009_UCR_Anomaly_DISTORTEDCIMIS44AirTemperature5_4000_4852_4900,DISTORTEDCIMIS44AirTemperature5,,ae,tuned,"{'w': 100, 'hidden': 32, 'latent': 8}",0.95718,0.92358,0.99927,1.0,2.03,8.81,0.0,4184,1,0.01171,ok
ucr,010_UCR_Anomaly_DISTORTEDCIMIS44AirTemperature6_4000_6006_6054,DISTORTEDCIMIS44AirTemperature6,,chronos_small_resid,default,,0.07272,0.11177,0.82917,0.08908,0.16,,1631.1,4184,1,0.01171,ok
ucr,010_UCR_Anomaly_DISTORTEDCIMIS44AirTemperature6_4000_6006_6054,DISTORTEDCIMIS44AirTemperature6,,chronos_small_quantile,default,,0.13561,0.13667,0.99543,1.0,0.16,,1631.1,4184,1,0.01171,ok
ucr,010_UCR_Anomaly_DISTORTEDCIMIS44AirTemperature6_4000_6006_6054,DISTORTEDCIMIS44AirTemperature6,,chronos_base_resid,default,,0.04325,0.09115,0.84706,0.06964,0.34,,1693.0,4184,1,0.01171,ok
ucr,010_UCR_Anomaly_DISTORTEDCIMIS44AirTemperature6_4000_6006_6054,DISTORTEDCIMIS44AirTemperature6,,chronos_base_quantile,default,,0.06571,0.10675,0.84199,1.0,0.34,,1693.0,4184,1,0.01171,ok
ucr,010_UCR_Anomaly_DISTORTEDCIMIS44AirTemperature6_4000_6006_6054,DISTORTEDCIMIS44AirTemperature6,,timesfm_resid,default,,0.05073,0.08047,0.78511,0.0722,2.71,,2046.7,4184,1,0.01171,ok
ucr,010_UCR_Anomaly_DISTORTEDCIMIS44AirTemperature6_4000_6006_6054,DISTORTEDCIMIS44AirTemperature6,,timesfm_quantile,default,,0.05915,0.05969,0.80391,1.0,2.71,,2046.7,4184,1,0.01171,ok
ucr,010_UCR_Anomaly_DISTORTEDCIMIS44AirTemperature6_4000_6006_6054,DISTORTEDCIMIS44AirTemperature6,,tirex_resid,default,,0.05174,0.08033,0.79861,0.09282,5.88,,1711.2,4184,1,0.01171,ok
ucr,010_UCR_Anomaly_DISTORTEDCIMIS44AirTemperature6_4000_6006_6054,DISTORTEDCIMIS44AirTemperature6,,tirex_quantile,default,,0.06236,0.07837,0.90881,1.0,5.88,,1711.2,4184,1,0.01171,ok
ucr,010_UCR_Anomaly_DISTORTEDCIMIS44AirTemperature6_4000_6006_6054,DISTORTEDCIMIS44AirTemperature6,,iforest,default,,0.02181,0.03282,0.76514,0.34583,1.21,,1594.1,4184,1,0.01171,ok
ucr,010_UCR_Anomaly_DISTORTEDCIMIS44AirTemperature6_4000_6006_6054,DISTORTEDCIMIS44AirTemperature6,,iforest,tuned,"{'w': 50, 'n_estimators': 200}",0.01698,0.02568,0.73286,0.17284,1.61,5.1,0.0,4184,1,0.01171,ok
ucr,010_UCR_Anomaly_DISTORTEDCIMIS44AirTemperature6_4000_6006_6054,DISTORTEDCIMIS44AirTemperature6,,lof,default,,0.15253,0.20093,0.82955,0.625,0.24,,1594.1,4184,1,0.01171,ok
ucr,010_UCR_Anomaly_DISTORTEDCIMIS44AirTemperature6_4000_6006_6054,DISTORTEDCIMIS44AirTemperature6,,lof,tuned,"{'w': 50, 'k': 50}",0.62876,0.66531,0.9957,0.91667,0.77,2.54,0.0,4184,1,0.01171,ok
ucr,010_UCR_Anomaly_DISTORTEDCIMIS44AirTemperature6_4000_6006_6054,DISTORTEDCIMIS44AirTemperature6,,knn,default,,0.70175,0.63727,0.99566,0.83333,0.11,,1594.1,4184,1,0.01171,ok
ucr,010_UCR_Anomaly_DISTORTEDCIMIS44AirTemperature6_4000_6006_6054,DISTORTEDCIMIS44AirTemperature6,,knn,tuned,"{'w': 50, 'k': 3}",0.70494,0.67588,0.99674,0.91667,0.45,1.72,0.0,4184,1,0.01171,ok
ucr,010_UCR_Anomaly_DISTORTEDCIMIS44AirTemperature6_4000_6006_6054,DISTORTEDCIMIS44AirTemperature6,,ae,default,,0.76835,0.82646,0.99661,1.0,1.57,,1600.7,4184,1,0.01171,ok
ucr,010_UCR_Anomaly_DISTORTEDCIMIS44AirTemperature6_4000_6006_6054,DISTORTEDCIMIS44AirTemperature6,,ae,tuned,"{'w': 100, 'hidden': 32, 'latent': 16}",0.7049,0.77513,0.99602,1.0,1.94,9.78,0.0,4184,1,0.01171,ok
ucr,011_UCR_Anomaly_DISTORTEDECG1_10000_11800_12100,DISTORTEDECG1,,chronos_small_resid,default,,0.06583,0.03992,0.99901,0.01009,0.6,,1738.6,20000,1,0.01505,ok
ucr,011_UCR_Anomaly_DISTORTEDECG1_10000_11800_12100,DISTORTEDECG1,,chronos_small_quantile,default,,0.01773,0.02205,0.81452,1.0,0.6,,1738.6,20000,1,0.01505,ok
ucr,011_UCR_Anomaly_DISTORTEDECG1_10000_11800_12100,DISTORTEDECG1,,chronos_base_resid,default,,0.05802,0.04438,0.8735,0.01026,0.71,,1970.5,20000,1,0.01505,ok
ucr,011_UCR_Anomaly_DISTORTEDECG1_10000_11800_12100,DISTORTEDECG1,,chronos_base_quantile,default,,0.03263,0.02769,0.8129,1.0,0.71,,1970.5,20000,1,0.01505,ok
ucr,011_UCR_Anomaly_DISTORTEDECG1_10000_11800_12100,DISTORTEDECG1,,timesfm_resid,default,,0.15195,0.09258,0.99639,0.02227,6.72,,2046.7,20000,1,0.01505,ok
ucr,011_UCR_Anomaly_DISTORTEDECG1_10000_11800_12100,DISTORTEDECG1,,timesfm_quantile,default,,0.02477,0.02673,0.68149,1.0,6.72,,2046.7,20000,1,0.01505,ok
ucr,011_UCR_Anomaly_DISTORTEDECG1_10000_11800_12100,DISTORTEDECG1,,tirex_resid,default,,0.17533,0.0968,0.99821,0.0256,10.66,,2033.8,20000,1,0.01505,ok
ucr,011_UCR_Anomaly_DISTORTEDECG1_10000_11800_12100,DISTORTEDECG1,,tirex_quantile,default,,0.02418,0.02769,0.70707,1.0,10.66,,2033.8,20000,1,0.01505,ok
ucr,011_UCR_Anomaly_DISTORTEDECG1_10000_11800_12100,DISTORTEDECG1,,iforest,default,,0.44618,0.30245,0.99629,0.44129,1.87,,1594.1,20000,1,0.01505,ok
ucr,011_UCR_Anomaly_DISTORTEDECG1_10000_11800_12100,DISTORTEDECG1,,iforest,tuned,"{'w': 100, 'n_estimators': 100}",0.43368,0.29489,0.9963,0.44129,2.62,8.03,0.0,20000,1,0.01505,ok
ucr,011_UCR_Anomaly_DISTORTEDECG1_10000_11800_12100,DISTORTEDECG1,,lof,default,,0.52111,0.40549,0.99626,0.45833,0.77,,1594.1,20000,1,0.01505,ok
ucr,011_UCR_Anomaly_DISTORTEDECG1_10000_11800_12100,DISTORTEDECG1,,lof,tuned,"{'w': 100, 'k': 30}",0.57161,0.44512,0.99626,0.625,1.91,4.84,0.0,20000,1,0.01505,ok
ucr,011_UCR_Anomaly_DISTORTEDECG1_10000_11800_12100,DISTORTEDECG1,,knn,default,,0.69487,0.5418,0.9963,0.72917,0.44,,1594.1,20000,1,0.01505,ok
ucr,011_UCR_Anomaly_DISTORTEDECG1_10000_11800_12100,DISTORTEDECG1,,knn,tuned,"{'w': 100, 'k': 3}",0.75458,0.58578,0.9963,0.72917,1.7,2.77,0.0,20000,1,0.01505,ok
ucr,011_UCR_Anomaly_DISTORTEDECG1_10000_11800_12100,DISTORTEDECG1,,ae,default,,0.68309,0.534,0.9963,0.6625,4.07,,1607.5,20000,1,0.01505,ok
ucr,011_UCR_Anomaly_DISTORTEDECG1_10000_11800_12100,DISTORTEDECG1,,ae,tuned,"{'w': 100, 'hidden': 32, 'latent': 8}",0.63345,0.49805,0.99628,0.62698,4.87,20.18,0.0,20000,1,0.01505,ok
ucr,012_UCR_Anomaly_DISTORTEDECG2_15000_16000_16100,DISTORTEDECG2,,chronos_small_resid,default,,0.03734,0.01896,0.85879,0.01315,0.38,,1726.5,15000,1,0.00673,ok
ucr,012_UCR_Anomaly_DISTORTEDECG2_15000_16000_16100,DISTORTEDECG2,,chronos_small_quantile,default,,0.0062,0.00932,0.85784,1.0,0.38,,1726.5,15000,1,0.00673,ok
ucr,012_UCR_Anomaly_DISTORTEDECG2_15000_16000_16100,DISTORTEDECG2,,chronos_base_resid,default,,0.03664,0.01878,0.83126,0.01137,0.55,,1949.1,15000,1,0.00673,ok
ucr,012_UCR_Anomaly_DISTORTEDECG2_15000_16000_16100,DISTORTEDECG2,,chronos_base_quantile,default,,0.00808,0.01078,0.76849,1.0,0.55,,1949.1,15000,1,0.00673,ok
ucr,012_UCR_Anomaly_DISTORTEDECG2_15000_16000_16100,DISTORTEDECG2,,timesfm_resid,default,,0.00902,0.01397,0.6949,0.01076,5.16,,2046.7,15000,1,0.00673,ok
ucr,012_UCR_Anomaly_DISTORTEDECG2_15000_16000_16100,DISTORTEDECG2,,timesfm_quantile,default,,0.00644,0.00956,0.88525,1.0,5.16,,2046.7,15000,1,0.00673,ok
ucr,012_UCR_Anomaly_DISTORTEDECG2_15000_16000_16100,DISTORTEDECG2,,tirex_resid,default,,0.01138,0.01536,0.69134,0.01784,5.84,,1999.9,15000,1,0.00673,ok
ucr,012_UCR_Anomaly_DISTORTEDECG2_15000_16000_16100,DISTORTEDECG2,,tirex_quantile,default,,0.00675,0.00975,0.70993,1.0,5.84,,1999.9,15000,1,0.00673,ok
ucr,012_UCR_Anomaly_DISTORTEDECG2_15000_16000_16100,DISTORTEDECG2,,iforest,default,,0.0388,0.0545,0.75177,0.19722,1.77,,1594.1,15000,1,0.00673,ok
ucr,012_UCR_Anomaly_DISTORTEDECG2_15000_16000_16100,DISTORTEDECG2,,iforest,tuned,"{'w': 100, 'n_estimators': 200}",0.0388,0.0545,0.75177,0.19722,2.69,7.37,0.0,15000,1,0.00673,ok
ucr,012_UCR_Anomaly_DISTORTEDECG2_15000_16000_16100,DISTORTEDECG2,,lof,default,,0.06308,0.07976,0.79178,0.28571,0.83,,1594.1,15000,1,0.00673,ok
ucr,012_UCR_Anomaly_DISTORTEDECG2_15000_16000_16100,DISTORTEDECG2,,lof,tuned,"{'w': 100, 'k': 50}",0.06308,0.07976,0.79178,0.28571,1.31,4.78,0.0,15000,1,0.00673,ok
ucr,012_UCR_Anomaly_DISTORTEDECG2_15000_16000_16100,DISTORTEDECG2,,knn,default,,0.10582,0.11518,0.81197,0.29762,0.38,,1594.1,15000,1,0.00673,ok
ucr,012_UCR_Anomaly_DISTORTEDECG2_15000_16000_16100,DISTORTEDECG2,,knn,tuned,"{'w': 100, 'k': 3}",0.14985,0.15212,0.83746,0.40476,1.21,3.31,0.0,15000,1,0.00673,ok
ucr,012_UCR_Anomaly_DISTORTEDECG2_15000_16000_16100,DISTORTEDECG2,,ae,default,,0.08077,0.09507,0.79489,0.27679,5.3,,1606.0,15000,1,0.00673,ok
ucr,012_UCR_Anomaly_DISTORTEDECG2_15000_16000_16100,DISTORTEDECG2,,ae,tuned,"{'w': 100, 'hidden': 32, 'latent': 8}",0.07211,0.08412,0.78798,0.25893,6.36,32.12,0.0,15000,1,0.00673,ok
ucr,013_UCR_Anomaly_DISTORTEDECG3_15000_16000_16100,DISTORTEDECG3,,chronos_small_resid,default,,0.02099,0.02188,0.67215,0.01393,0.47,,1726.5,15000,1,0.00673,ok
ucr,013_UCR_Anomaly_DISTORTEDECG3_15000_16000_16100,DISTORTEDECG3,,chronos_small_quantile,default,,0.01826,0.01814,0.83555,1.0,0.47,,1726.5,15000,1,0.00673,ok
ucr,013_UCR_Anomaly_DISTORTEDECG3_15000_16000_16100,DISTORTEDECG3,,chronos_base_resid,default,,0.02409,0.02193,0.67635,0.01961,0.52,,1949.1,15000,1,0.00673,ok
ucr,013_UCR_Anomaly_DISTORTEDECG3_15000_16000_16100,DISTORTEDECG3,,chronos_base_quantile,default,,0.03383,0.02936,0.94899,1.0,0.52,,1949.1,15000,1,0.00673,ok
ucr,013_UCR_Anomaly_DISTORTEDECG3_15000_16000_16100,DISTORTEDECG3,,timesfm_resid,default,,0.02887,0.02606,0.89349,0.0211,4.58,,2046.7,15000,1,0.00673,ok
ucr,013_UCR_Anomaly_DISTORTEDECG3_15000_16000_16100,DISTORTEDECG3,,timesfm_quantile,default,,0.03127,0.02954,0.90786,1.0,4.58,,2046.7,15000,1,0.00673,ok
ucr,013_UCR_Anomaly_DISTORTEDECG3_15000_16000_16100,DISTORTEDECG3,,tirex_resid,default,,0.00995,0.01119,0.7242,0.00754,5.28,,1999.9,15000,1,0.00673,ok
ucr,013_UCR_Anomaly_DISTORTEDECG3_15000_16000_16100,DISTORTEDECG3,,tirex_quantile,default,,0.00655,0.00985,0.70477,1.0,5.28,,1999.9,15000,1,0.00673,ok
ucr,013_UCR_Anomaly_DISTORTEDECG3_15000_16000_16100,DISTORTEDECG3,,iforest,default,,0.00341,0.00693,0.75855,0.0,1.81,,1594.1,15000,1,0.00673,ok
ucr,013_UCR_Anomaly_DISTORTEDECG3_15000_16000_16100,DISTORTEDECG3,,iforest,tuned,"{'w': 100, 'n_estimators': 100}",0.00341,0.00683,0.76401,0.0,2.13,8.08,0.0,15000,1,0.00673,ok
ucr,013_UCR_Anomaly_DISTORTEDECG3_15000_16000_16100,DISTORTEDECG3,,lof,default,,0.90165,0.76064,0.99811,0.91667,0.88,,1594.1,15000,1,0.00673,ok
ucr,013_UCR_Anomaly_DISTORTEDECG3_15000_16000_16100,DISTORTEDECG3,,lof,tuned,"{'w': 100, 'k': 30}",0.89122,0.7425,0.99811,0.91667,1.69,4.55,0.0,15000,1,0.00673,ok
ucr,013_UCR_Anomaly_DISTORTEDECG3_15000_16000_16100,DISTORTEDECG3,,knn,default,,0.25487,0.24401,0.70151,0.54167,0.38,,1594.1,15000,1,0.00673,ok
ucr,013_UCR_Anomaly_DISTORTEDECG3_15000_16000_16100,DISTORTEDECG3,,knn,tuned,"{'w': 100, 'k': 3}",0.29423,0.28433,0.71011,0.6,1.45,3.2,0.0,15000,1,0.00673,ok
ucr,013_UCR_Anomaly_DISTORTEDECG3_15000_16000_16100,DISTORTEDECG3,,ae,default,,0.46028,0.2954,0.99814,0.52976,4.97,,1606.0,15000,1,0.00673,ok
ucr,013_UCR_Anomaly_DISTORTEDECG3_15000_16000_16100,DISTORTEDECG3,,ae,tuned,"{'w': 100, 'hidden': 64, 'latent': 8}",0.15768,0.15172,0.72305,0.39048,6.29,29.13,0.0,15000,1,0.00673,ok
ucr,014_UCR_Anomaly_DISTORTEDECG3_8000_17000_17100,DISTORTEDECG3,,chronos_small_resid,default,,0.01558,0.01653,0.69243,0.0062,0.63,,1738.6,22000,1,0.00459,ok
ucr,014_UCR_Anomaly_DISTORTEDECG3_8000_17000_17100,DISTORTEDECG3,,chronos_small_quantile,default,,0.01177,0.01318,0.66668,1.0,0.63,,1738.6,22000,1,0.00459,ok
ucr,014_UCR_Anomaly_DISTORTEDECG3_8000_17000_17100,DISTORTEDECG3,,chronos_base_resid,default,,0.01663,0.01767,0.68023,0.0063,0.69,,1970.5,22000,1,0.00459,ok
ucr,014_UCR_Anomaly_DISTORTEDECG3_8000_17000_17100,DISTORTEDECG3,,chronos_base_quantile,default,,0.01042,0.01324,0.69393,1.0,0.69,,1970.5,22000,1,0.00459,ok
ucr,014_UCR_Anomaly_DISTORTEDECG3_8000_17000_17100,DISTORTEDECG3,,timesfm_resid,default,,0.01894,0.01842,0.89509,0.00892,7.28,,2046.7,22000,1,0.00459,ok
ucr,014_UCR_Anomaly_DISTORTEDECG3_8000_17000_17100,DISTORTEDECG3,,timesfm_quantile,default,,0.0092,0.01234,0.80365,1.0,7.28,,2046.7,22000,1,0.00459,ok
ucr,014_UCR_Anomaly_DISTORTEDECG3_8000_17000_17100,DISTORTEDECG3,,tirex_resid,default,,0.00915,0.0099,0.67713,0.00527,11.62,,2033.8,22000,1,0.00459,ok
ucr,014_UCR_Anomaly_DISTORTEDECG3_8000_17000_17100,DISTORTEDECG3,,tirex_quantile,default,,0.00713,0.01008,0.66668,1.0,11.62,,2033.8,22000,1,0.00459,ok
ucr,014_UCR_Anomaly_DISTORTEDECG3_8000_17000_17100,DISTORTEDECG3,,iforest,default,,0.00233,0.00495,0.73185,0.0,1.92,,1594.1,22000,1,0.00459,ok
ucr,014_UCR_Anomaly_DISTORTEDECG3_8000_17000_17100,DISTORTEDECG3,,iforest,tuned,"{'w': 100, 'n_estimators': 200}",0.00233,0.00495,0.73185,0.0,3.31,6.62,0.0,22000,1,0.00459,ok
ucr,014_UCR_Anomaly_DISTORTEDECG3_8000_17000_17100,DISTORTEDECG3,,lof,default,,0.78243,0.64239,0.99874,0.875,0.69,,1594.1,22000,1,0.00459,ok
ucr,014_UCR_Anomaly_DISTORTEDECG3_8000_17000_17100,DISTORTEDECG3,,lof,tuned,"{'w': 50, 'k': 30}",0.6003,0.34065,0.99868,0.51724,2.16,3.9,0.0,22000,1,0.00459,ok
ucr,014_UCR_Anomaly_DISTORTEDECG3_8000_17000_17100,DISTORTEDECG3,,knn,default,,0.56172,0.27417,0.99874,0.45833,0.41,,1594.1,22000,1,0.00459,ok
ucr,014_UCR_Anomaly_DISTORTEDECG3_8000_17000_17100,DISTORTEDECG3,,knn,tuned,"{'w': 50, 'k': 3}",0.52392,0.2273,0.99876,0.3,1.79,2.64,0.0,22000,1,0.00459,ok
ucr,014_UCR_Anomaly_DISTORTEDECG3_8000_17000_17100,DISTORTEDECG3,,ae,default,,0.09687,0.09116,0.68669,0.27273,3.12,,1607.8,22000,1,0.00459,ok
ucr,014_UCR_Anomaly_DISTORTEDECG3_8000_17000_17100,DISTORTEDECG3,,ae,tuned,"{'w': 50, 'hidden': 64, 'latent': 8}",0.53684,0.27963,0.99876,0.5,7.13,15.73,0.0,22000,1,0.00459,ok
ucr,015_UCR_Anomaly_DISTORTEDECG4_5000_16800_17100,DISTORTEDECG4,,chronos_small_resid,default,,0.00289,0.00669,0.80528,0.00532,1.95,,1738.6,195000,1,0.00154,ok
ucr,015_UCR_Anomaly_DISTORTEDECG4_5000_16800_17100,DISTORTEDECG4,,chronos_small_quantile,default,,0.00486,0.00684,0.79729,1.0,1.95,,1738.6,195000,1,0.00154,ok
ucr,015_UCR_Anomaly_DISTORTEDECG4_5000_16800_17100,DISTORTEDECG4,,chronos_base_resid,default,,0.00314,0.00791,0.90247,0.00511,3.17,,1970.5,195000,1,0.00154,ok
ucr,015_UCR_Anomaly_DISTORTEDECG4_5000_16800_17100,DISTORTEDECG4,,chronos_base_quantile,default,,0.00484,0.00736,0.74186,1.0,3.17,,1970.5,195000,1,0.00154,ok
ucr,015_UCR_Anomaly_DISTORTEDECG4_5000_16800_17100,DISTORTEDECG4,,timesfm_resid,default,,0.00389,0.0083,0.92158,0.00545,54.73,,2046.7,195000,1,0.00154,ok
ucr,015_UCR_Anomaly_DISTORTEDECG4_5000_16800_17100,DISTORTEDECG4,,timesfm_quantile,default,,0.00354,0.00604,0.89337,1.0,54.73,,2046.7,195000,1,0.00154,ok
ucr,015_UCR_Anomaly_DISTORTEDECG4_5000_16800_17100,DISTORTEDECG4,,tirex_resid,default,,0.00403,0.00921,0.93131,0.00506,55.93,,2033.8,195000,1,0.00154,ok
ucr,015_UCR_Anomaly_DISTORTEDECG4_5000_16800_17100,DISTORTEDECG4,,tirex_quantile,default,,0.00498,0.00758,0.81766,1.0,55.93,,2033.8,195000,1,0.00154,ok
ucr,015_UCR_Anomaly_DISTORTEDECG4_5000_16800_17100,DISTORTEDECG4,,iforest,default,,0.01189,0.01226,0.84356,0.02203,9.98,,1594.1,195000,1,0.00154,ok
ucr,015_UCR_Anomaly_DISTORTEDECG4_5000_16800_17100,DISTORTEDECG4,,iforest,tuned,"{'w': 50, 'n_estimators': 200}",0.00813,0.00792,0.84448,0.01934,16.87,5.88,0.0,195000,1,0.00154,ok
ucr,015_UCR_Anomaly_DISTORTEDECG4_5000_16800_17100,DISTORTEDECG4,,lof,default,,0.2393,0.16062,0.99889,0.1295,3.27,,1594.1,195000,1,0.00154,ok
ucr,015_UCR_Anomaly_DISTORTEDECG4_5000_16800_17100,DISTORTEDECG4,,lof,tuned,"{'w': 50, 'k': 30}",0.24438,0.09005,0.99949,0.05797,15.92,2.47,0.0,195000,1,0.00154,ok
ucr,015_UCR_Anomaly_DISTORTEDECG4_5000_16800_17100,DISTORTEDECG4,,knn,default,,0.16711,0.07707,0.99907,0.09197,2.62,,1594.1,195000,1,0.00154,ok
ucr,015_UCR_Anomaly_DISTORTEDECG4_5000_16800_17100,DISTORTEDECG4,,knn,tuned,"{'w': 50, 'k': 5}",0.09663,0.03719,0.96852,0.03195,15.26,1.71,0.0,195000,1,0.00154,ok
ucr,015_UCR_Anomaly_DISTORTEDECG4_5000_16800_17100,DISTORTEDECG4,,ae,default,,0.28029,0.14279,0.9991,0.10152,8.72,,1676.9,195000,1,0.00154,ok
ucr,015_UCR_Anomaly_DISTORTEDECG4_5000_16800_17100,DISTORTEDECG4,,ae,tuned,"{'w': 50, 'hidden': 32, 'latent': 16}",0.1705,0.07032,0.99937,0.03643,21.02,10.89,0.0,195000,1,0.00154,ok
ucr,016_UCR_Anomaly_DISTORTEDECG4_5000_16900_17100,DISTORTEDECG4,,chronos_small_resid,default,,0.02578,0.02341,0.68675,0.0131,0.45,,1738.6,25000,1,0.00804,ok
ucr,016_UCR_Anomaly_DISTORTEDECG4_5000_16900_17100,DISTORTEDECG4,,chronos_small_quantile,default,,0.01451,0.01655,0.69122,1.0,0.45,,1738.6,25000,1,0.00804,ok
ucr,016_UCR_Anomaly_DISTORTEDECG4_5000_16900_17100,DISTORTEDECG4,,chronos_base_resid,default,,0.02295,0.02402,0.68668,0.01176,0.63,,1970.5,25000,1,0.00804,ok
ucr,016_UCR_Anomaly_DISTORTEDECG4_5000_16900_17100,DISTORTEDECG4,,chronos_base_quantile,default,,0.01039,0.0137,0.71426,1.0,0.63,,1970.5,25000,1,0.00804,ok
ucr,016_UCR_Anomaly_DISTORTEDECG4_5000_16900_17100,DISTORTEDECG4,,timesfm_resid,default,,0.04347,0.03046,0.86673,0.0123,7.78,,2046.7,25000,1,0.00804,ok
ucr,016_UCR_Anomaly_DISTORTEDECG4_5000_16900_17100,DISTORTEDECG4,,timesfm_quantile,default,,0.04222,0.0231,0.96076,1.0,7.78,,2046.7,25000,1,0.00804,ok
ucr,016_UCR_Anomaly_DISTORTEDECG4_5000_16900_17100,DISTORTEDECG4,,tirex_resid,default,,0.01209,0.01456,0.68059,0.00763,8.89,,2033.8,25000,1,0.00804,ok
ucr,016_UCR_Anomaly_DISTORTEDECG4_5000_16900_17100,DISTORTEDECG4,,tirex_quantile,default,,0.00982,0.01385,0.67595,1.0,8.89,,2033.8,25000,1,0.00804,ok
ucr,016_UCR_Anomaly_DISTORTEDECG4_5000_16900_17100,DISTORTEDECG4,,iforest,default,,0.00661,0.01107,0.83936,0.00866,1.97,,1594.1,25000,1,0.00804,ok
ucr,016_UCR_Anomaly_DISTORTEDECG4_5000_16900_17100,DISTORTEDECG4,,iforest,tuned,"{'w': 100, 'n_estimators': 200}",0.00661,0.01107,0.83936,0.00866,3.91,5.44,0.0,25000,1,0.00804,ok
ucr,016_UCR_Anomaly_DISTORTEDECG4_5000_16900_17100,DISTORTEDECG4,,lof,default,,0.98827,0.82621,0.99932,1.0,0.61,,1594.1,25000,1,0.00804,ok
ucr,016_UCR_Anomaly_DISTORTEDECG4_5000_16900_17100,DISTORTEDECG4,,lof,tuned,"{'w': 50, 'k': 30}",0.85022,0.62631,0.99809,0.83333,1.99,2.47,0.0,25000,1,0.00804,ok
ucr,016_UCR_Anomaly_DISTORTEDECG4_5000_16900_17100,DISTORTEDECG4,,knn,default,,0.93376,0.81148,0.99908,1.0,0.32,,1594.1,25000,1,0.00804,ok
ucr,016_UCR_Anomaly_DISTORTEDECG4_5000_16900_17100,DISTORTEDECG4,,knn,tuned,"{'w': 100, 'k': 3}",0.94084,0.81789,0.99913,1.0,1.52,1.62,0.0,25000,1,0.00804,ok
ucr,016_UCR_Anomaly_DISTORTEDECG4_5000_16900_17100,DISTORTEDECG4,,ae,default,,0.86951,0.74692,0.99875,1.0,2.63,,1608.8,25000,1,0.00804,ok
ucr,016_UCR_Anomaly_DISTORTEDECG4_5000_16900_17100,DISTORTEDECG4,,ae,tuned,"{'w': 50, 'hidden': 64, 'latent': 8}",0.50722,0.40318,0.99811,0.38667,4.62,9.63,0.0,25000,1,0.00804,ok
ucr,017_UCR_Anomaly_DISTORTEDECG4_5000_17000_17100,DISTORTEDECG4,,chronos_small_resid,default,,0.03662,0.02262,0.70363,0.0146,0.31,,1738.6,25000,1,0.00404,ok
ucr,017_UCR_Anomaly_DISTORTEDECG4_5000_17000_17100,DISTORTEDECG4,,chronos_small_quantile,default,,0.01789,0.01413,0.68189,1.0,0.31,,1738.6,25000,1,0.00404,ok
ucr,017_UCR_Anomaly_DISTORTEDECG4_5000_17000_17100,DISTORTEDECG4,,chronos_base_resid,default,,0.06054,0.02911,0.69414,0.01321,0.41,,1970.5,25000,1,0.00404,ok
ucr,017_UCR_Anomaly_DISTORTEDECG4_5000_17000_17100,DISTORTEDECG4,,chronos_base_quantile,default,,0.01513,0.01322,0.69585,1.0,0.41,,1970.5,25000,1,0.00404,ok
ucr,017_UCR_Anomaly_DISTORTEDECG4_5000_17000_17100,DISTORTEDECG4,,timesfm_resid,default,,0.06518,0.03238,0.87153,0.01401,8.88,,2046.7,25000,1,0.00404,ok
ucr,017_UCR_Anomaly_DISTORTEDECG4_5000_17000_17100,DISTORTEDECG4,,timesfm_quantile,default,,0.02146,0.01293,0.81149,1.0,8.88,,2046.7,25000,1,0.00404,ok
ucr,017_UCR_Anomaly_DISTORTEDECG4_5000_17000_17100,DISTORTEDECG4,,tirex_resid,default,,0.01139,0.00808,0.68382,0.00827,10.38,,2033.8,25000,1,0.00404,ok
ucr,017_UCR_Anomaly_DISTORTEDECG4_5000_17000_17100,DISTORTEDECG4,,tirex_quantile,default,,0.0053,0.00664,0.6743,1.0,10.38,,2033.8,25000,1,0.00404,ok
ucr,017_UCR_Anomaly_DISTORTEDECG4_5000_17000_17100,DISTORTEDECG4,,iforest,default,,0.00376,0.00453,0.7752,0.01023,1.95,,1594.1,25000,1,0.00404,ok
ucr,017_UCR_Anomaly_DISTORTEDECG4_5000_17000_17100,DISTORTEDECG4,,iforest,tuned,"{'w': 50, 'n_estimators': 100}",0.00504,0.00564,0.75744,0.01307,2.67,4.57,0.0,25000,1,0.00404,ok
ucr,017_UCR_Anomaly_DISTORTEDECG4_5000_17000_17100,DISTORTEDECG4,,lof,default,,0.89161,0.73075,0.99899,1.0,0.6,,1594.1,25000,1,0.00404,ok
ucr,017_UCR_Anomaly_DISTORTEDECG4_5000_17000_17100,DISTORTEDECG4,,lof,tuned,"{'w': 50, 'k': 30}",0.96669,0.79759,0.999,1.0,2.15,2.47,0.0,25000,1,0.00404,ok
ucr,017_UCR_Anomaly_DISTORTEDECG4_5000_17000_17100,DISTORTEDECG4,,knn,default,,0.90438,0.74138,0.99899,1.0,0.36,,1594.1,25000,1,0.00404,ok
ucr,017_UCR_Anomaly_DISTORTEDECG4_5000_17000_17100,DISTORTEDECG4,,knn,tuned,"{'w': 50, 'k': 5}",0.82143,0.47104,0.99898,0.57143,2.39,1.84,0.0,25000,1,0.00404,ok
ucr,017_UCR_Anomaly_DISTORTEDECG4_5000_17000_17100,DISTORTEDECG4,,ae,default,,0.88187,0.69506,0.999,1.0,2.82,,1608.8,25000,1,0.00404,ok
ucr,017_UCR_Anomaly_DISTORTEDECG4_5000_17000_17100,DISTORTEDECG4,,ae,tuned,"{'w': 50, 'hidden': 64, 'latent': 8}",0.69126,0.41493,0.99896,0.50463,6.14,9.96,0.0,25000,1,0.00404,ok
ucr,018_UCR_Anomaly_DISTORTEDECG4_8000_17000_17100,DISTORTEDECG4,,chronos_small_resid,default,,0.01192,0.01252,0.68429,0.0067,0.49,,1738.6,22000,1,0.00459,ok
ucr,018_UCR_Anomaly_DISTORTEDECG4_8000_17000_17100,DISTORTEDECG4,,chronos_small_quantile,default,,0.01609,0.0157,0.66668,1.0,0.49,,1738.6,22000,1,0.00459,ok
ucr,018_UCR_Anomaly_DISTORTEDECG4_8000_17000_17100,DISTORTEDECG4,,chronos_base_resid,default,,0.01101,0.01155,0.67446,0.00857,0.71,,1970.5,22000,1,0.00459,ok
ucr,018_UCR_Anomaly_DISTORTEDECG4_8000_17000_17100,DISTORTEDECG4,,chronos_base_quantile,default,,0.01085,0.01115,0.66668,1.0,0.71,,1970.5,22000,1,0.00459,ok
ucr,018_UCR_Anomaly_DISTORTEDECG4_8000_17000_17100,DISTORTEDECG4,,timesfm_resid,default,,0.00971,0.01005,0.79777,0.00771,5.98,,2046.7,22000,1,0.00459,ok
ucr,018_UCR_Anomaly_DISTORTEDECG4_8000_17000_17100,DISTORTEDECG4,,timesfm_quantile,default,,0.02166,0.01776,0.70782,1.0,5.98,,2046.7,22000,1,0.00459,ok
ucr,018_UCR_Anomaly_DISTORTEDECG4_8000_17000_17100,DISTORTEDECG4,,tirex_resid,default,,0.0043,0.0059,0.67418,0.00457,10.93,,2033.8,22000,1,0.00459,ok
ucr,018_UCR_Anomaly_DISTORTEDECG4_8000_17000_17100,DISTORTEDECG4,,tirex_quantile,default,,0.00451,0.0066,0.72581,1.0,10.93,,2033.8,22000,1,0.00459,ok
ucr,018_UCR_Anomaly_DISTORTEDECG4_8000_17000_17100,DISTORTEDECG4,,iforest,default,,0.00233,0.005,0.74149,0.0,1.85,,1594.1,22000,1,0.00459,ok
ucr,018_UCR_Anomaly_DISTORTEDECG4_8000_17000_17100,DISTORTEDECG4,,iforest,tuned,"{'w': 100, 'n_estimators': 200}",0.00233,0.005,0.74149,0.0,2.96,5.67,0.0,22000,1,0.00459,ok
ucr,018_UCR_Anomaly_DISTORTEDECG4_8000_17000_17100,DISTORTEDECG4,,lof,default,,0.90412,0.73193,0.99879,1.0,0.61,,1594.1,22000,1,0.00459,ok
ucr,018_UCR_Anomaly_DISTORTEDECG4_8000_17000_17100,DISTORTEDECG4,,lof,tuned,"{'w': 200, 'k': 10}",0.9479,0.81288,0.99884,1.0,1.59,3.18,0.0,22000,1,0.00459,ok
ucr,018_UCR_Anomaly_DISTORTEDECG4_8000_17000_17100,DISTORTEDECG4,,knn,default,,0.75627,0.46834,0.99879,0.57143,0.35,,1594.1,22000,1,0.00459,ok
smd,machine-1-1,server,,chronos_small_resid,default,,0.20754,0.25166,0.79974,0.08628,31.36,,249.5,28479,38,0.0946,ok
ucr,018_UCR_Anomaly_DISTORTEDECG4_8000_17000_17100,DISTORTEDECG4,,knn,tuned,"{'w': 50, 'k': 3}",0.56594,0.26089,0.99873,0.25394,1.98,2.57,0.0,22000,1,0.00459,ok
ucr,018_UCR_Anomaly_DISTORTEDECG4_8000_17000_17100,DISTORTEDECG4,,ae,default,,0.00854,0.00916,0.72719,0.02784,3.17,,1607.8,22000,1,0.00459,ok
smd,machine-1-1,server,,chronos_small_quantile,default,,0.16541,0.20344,0.82325,0.08123,31.36,,249.5,28479,38,0.0946,ok
smd,machine-1-1,server,,chronos_base_resid,default,,0.20558,0.25475,0.77017,0.10103,9.06,,892.2,28479,38,0.0946,ok
ucr,018_UCR_Anomaly_DISTORTEDECG4_8000_17000_17100,DISTORTEDECG4,,ae,tuned,"{'w': 50, 'hidden': 64, 'latent': 8}",0.50488,0.23518,0.99868,0.25,6.98,15.77,0.0,22000,1,0.00459,ok
ucr,019_UCR_Anomaly_DISTORTEDGP711MarkerLFM5z1_5000_6168_6212,DISTORTEDGP711MarkerLFM5z1,,chronos_small_resid,default,,0.00711,0.00918,0.76857,0.01441,0.23,,1658.0,7000,1,0.00643,ok
ucr,019_UCR_Anomaly_DISTORTEDGP711MarkerLFM5z1_5000_6168_6212,DISTORTEDGP711MarkerLFM5z1,,chronos_small_quantile,default,,0.00643,0.00941,0.79613,1.0,0.23,,1658.0,7000,1,0.00643,ok
ucr,019_UCR_Anomaly_DISTORTEDGP711MarkerLFM5z1_5000_6168_6212,DISTORTEDGP711MarkerLFM5z1,,chronos_base_resid,default,,0.00669,0.00863,0.6979,0.01309,0.4,,1758.4,7000,1,0.00643,ok
ucr,019_UCR_Anomaly_DISTORTEDGP711MarkerLFM5z1_5000_6168_6212,DISTORTEDGP711MarkerLFM5z1,,chronos_base_quantile,default,,0.00643,0.00944,0.67661,1.0,0.4,,1758.4,7000,1,0.00643,ok
ucr,019_UCR_Anomaly_DISTORTEDGP711MarkerLFM5z1_5000_6168_6212,DISTORTEDGP711MarkerLFM5z1,,timesfm_resid,default,,0.05251,0.04217,0.939,0.12358,2.42,,2046.7,7000,1,0.00643,ok
ucr,019_UCR_Anomaly_DISTORTEDGP711MarkerLFM5z1_5000_6168_6212,DISTORTEDGP711MarkerLFM5z1,,timesfm_quantile,default,,0.07003,0.0582,0.939,1.0,2.42,,2046.7,7000,1,0.00643,ok
smd,machine-1-1,server,,chronos_base_quantile,default,,0.16798,0.20227,0.82925,0.07512,9.06,,892.2,28479,38,0.0946,ok
ucr,019_UCR_Anomaly_DISTORTEDGP711MarkerLFM5z1_5000_6168_6212,DISTORTEDGP711MarkerLFM5z1,,tirex_resid,default,,0.15622,0.11048,0.939,0.15104,5.35,,1786.5,7000,1,0.00643,ok
ucr,019_UCR_Anomaly_DISTORTEDGP711MarkerLFM5z1_5000_6168_6212,DISTORTEDGP711MarkerLFM5z1,,tirex_quantile,default,,0.07473,0.06326,0.939,1.0,5.35,,1786.5,7000,1,0.00643,ok
ucr,019_UCR_Anomaly_DISTORTEDGP711MarkerLFM5z1_5000_6168_6212,DISTORTEDGP711MarkerLFM5z1,,iforest,default,,0.00475,0.00725,0.67166,0.03125,1.63,,1594.1,7000,1,0.00643,ok
ucr,019_UCR_Anomaly_DISTORTEDGP711MarkerLFM5z1_5000_6168_6212,DISTORTEDGP711MarkerLFM5z1,,iforest,tuned,"{'w': 50, 'n_estimators': 200}",0.0038,0.00636,0.66687,0.01515,1.9,6.55,0.0,7000,1,0.00643,ok
ucr,019_UCR_Anomaly_DISTORTEDGP711MarkerLFM5z1_5000_6168_6212,DISTORTEDGP711MarkerLFM5z1,,lof,default,,0.44493,0.58057,0.99664,0.91667,0.32,,1594.1,7000,1,0.00643,ok
ucr,019_UCR_Anomaly_DISTORTEDGP711MarkerLFM5z1_5000_6168_6212,DISTORTEDGP711MarkerLFM5z1,,lof,tuned,"{'w': 50, 'k': 30}",0.01066,0.01864,0.61743,0.09804,1.22,2.8,0.0,7000,1,0.00643,ok
ucr,019_UCR_Anomaly_DISTORTEDGP711MarkerLFM5z1_5000_6168_6212,DISTORTEDGP711MarkerLFM5z1,,knn,default,,0.29693,0.40048,0.99507,0.91667,0.16,,1594.1,7000,1,0.00643,ok
ucr,019_UCR_Anomaly_DISTORTEDGP711MarkerLFM5z1_5000_6168_6212,DISTORTEDGP711MarkerLFM5z1,,knn,tuned,"{'w': 50, 'k': 5}",0.00872,0.0275,0.66973,0.10268,0.58,1.97,0.0,7000,1,0.00643,ok
ucr,019_UCR_Anomaly_DISTORTEDGP711MarkerLFM5z1_5000_6168_6212,DISTORTEDGP711MarkerLFM5z1,,ae,default,,0.29147,0.42328,0.99493,0.91667,1.12,,1602.5,7000,1,0.00643,ok
ucr,019_UCR_Anomaly_DISTORTEDGP711MarkerLFM5z1_5000_6168_6212,DISTORTEDGP711MarkerLFM5z1,,ae,tuned,"{'w': 100, 'hidden': 64, 'latent': 8}",0.31424,0.46529,0.99515,0.91667,2.08,9.36,0.0,7000,1,0.00643,ok
ucr,020_UCR_Anomaly_DISTORTEDGP711MarkerLFM5z2_5000_7175_7388,DISTORTEDGP711MarkerLFM5z2,,chronos_small_resid,default,,0.03475,0.04763,0.6889,0.03609,0.12,,1658.0,7000,1,0.03057,ok
ucr,020_UCR_Anomaly_DISTORTEDGP711MarkerLFM5z2_5000_7175_7388,DISTORTEDGP711MarkerLFM5z2,,chronos_small_quantile,default,,0.03103,0.04685,0.89452,1.0,0.12,,1658.0,7000,1,0.03057,ok
ucr,020_UCR_Anomaly_DISTORTEDGP711MarkerLFM5z2_5000_7175_7388,DISTORTEDGP711MarkerLFM5z2,,chronos_base_resid,default,,0.03491,0.0482,0.68634,0.03631,0.2,,1758.4,7000,1,0.03057,ok
ucr,020_UCR_Anomaly_DISTORTEDGP711MarkerLFM5z2_5000_7175_7388,DISTORTEDGP711MarkerLFM5z2,,chronos_base_quantile,default,,0.0318,0.04443,0.89564,1.0,0.2,,1758.4,7000,1,0.03057,ok
ucr,020_UCR_Anomaly_DISTORTEDGP711MarkerLFM5z2_5000_7175_7388,DISTORTEDGP711MarkerLFM5z2,,timesfm_resid,default,,0.2611,0.24564,0.97594,0.28229,2.29,,2046.7,7000,1,0.03057,ok
ucr,020_UCR_Anomaly_DISTORTEDGP711MarkerLFM5z2_5000_7175_7388,DISTORTEDGP711MarkerLFM5z2,,timesfm_quantile,default,,0.12756,0.1126,0.81717,1.0,2.29,,2046.7,7000,1,0.03057,ok
ucr,020_UCR_Anomaly_DISTORTEDGP711MarkerLFM5z2_5000_7175_7388,DISTORTEDGP711MarkerLFM5z2,,tirex_resid,default,,0.28547,0.25999,0.97718,0.29298,4.25,,1786.5,7000,1,0.03057,ok
ucr,020_UCR_Anomaly_DISTORTEDGP711MarkerLFM5z2_5000_7175_7388,DISTORTEDGP711MarkerLFM5z2,,tirex_quantile,default,,0.20783,0.14866,0.99006,1.0,4.25,,1786.5,7000,1,0.03057,ok
ucr,020_UCR_Anomaly_DISTORTEDGP711MarkerLFM5z2_5000_7175_7388,DISTORTEDGP711MarkerLFM5z2,,iforest,default,,0.21591,0.19946,0.98906,0.28229,1.26,,1594.1,7000,1,0.03057,ok
ucr,020_UCR_Anomaly_DISTORTEDGP711MarkerLFM5z2_5000_7175_7388,DISTORTEDGP711MarkerLFM5z2,,iforest,tuned,"{'w': 50, 'n_estimators': 200}",0.0381,0.04888,0.67757,0.08681,1.62,6.65,0.0,7000,1,0.03057,ok
ucr,020_UCR_Anomaly_DISTORTEDGP711MarkerLFM5z2_5000_7175_7388,DISTORTEDGP711MarkerLFM5z2,,lof,default,,0.94169,0.88992,0.99812,1.0,0.3,,1594.1,7000,1,0.03057,ok
ucr,020_UCR_Anomaly_DISTORTEDGP711MarkerLFM5z2_5000_7175_7388,DISTORTEDGP711MarkerLFM5z2,,lof,tuned,"{'w': 50, 'k': 30}",0.53616,0.44749,0.99241,0.54298,1.11,2.83,0.0,7000,1,0.03057,ok
ucr,020_UCR_Anomaly_DISTORTEDGP711MarkerLFM5z2_5000_7175_7388,DISTORTEDGP711MarkerLFM5z2,,knn,default,,0.75188,0.67747,0.99596,0.83333,0.17,,1594.1,7000,1,0.03057,ok
ucr,020_UCR_Anomaly_DISTORTEDGP711MarkerLFM5z2_5000_7175_7388,DISTORTEDGP711MarkerLFM5z2,,knn,tuned,"{'w': 50, 'k': 3}",0.47099,0.37424,0.99241,0.5,0.77,2.15,0.0,7000,1,0.03057,ok
ucr,020_UCR_Anomaly_DISTORTEDGP711MarkerLFM5z2_5000_7175_7388,DISTORTEDGP711MarkerLFM5z2,,ae,default,,0.6271,0.64083,0.99221,0.82143,1.95,,1602.5,7000,1,0.03057,ok
ucr,020_UCR_Anomaly_DISTORTEDGP711MarkerLFM5z2_5000_7175_7388,DISTORTEDGP711MarkerLFM5z2,,ae,tuned,"{'w': 100, 'hidden': 64, 'latent': 8}",0.726,0.69044,0.9931,0.91667,2.37,10.89,0.0,7000,1,0.03057,ok
ucr,021_UCR_Anomaly_DISTORTEDGP711MarkerLFM5z3_5000_5948_5993,DISTORTEDGP711MarkerLFM5z3,,chronos_small_resid,default,,0.00609,0.01379,0.67235,0.02219,0.13,,1658.0,7000,1,0.00657,ok
ucr,021_UCR_Anomaly_DISTORTEDGP711MarkerLFM5z3_5000_5948_5993,DISTORTEDGP711MarkerLFM5z3,,chronos_small_quantile,default,,0.00621,0.00935,0.66669,1.0,0.13,,1658.0,7000,1,0.00657,ok
ucr,021_UCR_Anomaly_DISTORTEDGP711MarkerLFM5z3_5000_5948_5993,DISTORTEDGP711MarkerLFM5z3,,chronos_base_resid,default,,0.00526,0.01149,0.67548,0.01987,0.22,,1758.4,7000,1,0.00657,ok
ucr,021_UCR_Anomaly_DISTORTEDGP711MarkerLFM5z3_5000_5948_5993,DISTORTEDGP711MarkerLFM5z3,,chronos_base_quantile,default,,0.00626,0.00943,0.66669,1.0,0.22,,1758.4,7000,1,0.00657,ok
ucr,021_UCR_Anomaly_DISTORTEDGP711MarkerLFM5z3_5000_5948_5993,DISTORTEDGP711MarkerLFM5z3,,timesfm_resid,default,,0.46451,0.22644,0.9981,0.30066,2.1,,2046.7,7000,1,0.00657,ok
ucr,021_UCR_Anomaly_DISTORTEDGP711MarkerLFM5z3_5000_5948_5993,DISTORTEDGP711MarkerLFM5z3,,timesfm_quantile,default,,0.24619,0.09891,0.99812,1.0,2.1,,2046.7,7000,1,0.00657,ok
ucr,021_UCR_Anomaly_DISTORTEDGP711MarkerLFM5z3_5000_5948_5993,DISTORTEDGP711MarkerLFM5z3,,tirex_resid,default,,0.05223,0.05168,0.91721,0.12455,3.9,,1786.5,7000,1,0.00657,ok
ucr,021_UCR_Anomaly_DISTORTEDGP711MarkerLFM5z3_5000_5948_5993,DISTORTEDGP711MarkerLFM5z3,,tirex_quantile,default,,0.01437,0.01576,0.67658,1.0,3.9,,1786.5,7000,1,0.00657,ok
ucr,021_UCR_Anomaly_DISTORTEDGP711MarkerLFM5z3_5000_5948_5993,DISTORTEDGP711MarkerLFM5z3,,iforest,default,,0.33851,0.33906,0.96295,0.48958,1.13,,1594.1,7000,1,0.00657,ok
ucr,021_UCR_Anomaly_DISTORTEDGP711MarkerLFM5z3_5000_5948_5993,DISTORTEDGP711MarkerLFM5z3,,iforest,tuned,"{'w': 50, 'n_estimators': 100}",0.03345,0.04572,0.68787,0.14225,1.3,6.17,0.0,7000,1,0.00657,ok
ucr,021_UCR_Anomaly_DISTORTEDGP711MarkerLFM5z3_5000_5948_5993,DISTORTEDGP711MarkerLFM5z3,,lof,default,,0.95215,0.8763,0.99871,1.0,0.31,,1594.1,7000,1,0.00657,ok
smd,machine-1-1,server,,timesfm_resid,default,,0.23619,0.27536,0.78332,0.10709,104.77,,1894.7,28479,38,0.0946,ok
ucr,021_UCR_Anomaly_DISTORTEDGP711MarkerLFM5z3_5000_5948_5993,DISTORTEDGP711MarkerLFM5z3,,lof,tuned,"{'w': 100, 'k': 30}",0.97804,0.90385,0.99878,1.0,0.71,2.55,0.0,7000,1,0.00657,ok
ucr,021_UCR_Anomaly_DISTORTEDGP711MarkerLFM5z3_5000_5948_5993,DISTORTEDGP711MarkerLFM5z3,,knn,default,,0.98249,0.91414,0.99884,1.0,0.14,,1594.1,7000,1,0.00657,ok
ucr,021_UCR_Anomaly_DISTORTEDGP711MarkerLFM5z3_5000_5948_5993,DISTORTEDGP711MarkerLFM5z3,,knn,tuned,"{'w': 50, 'k': 3}",0.91546,0.86475,0.99869,1.0,0.71,1.91,0.0,7000,1,0.00657,ok
ucr,021_UCR_Anomaly_DISTORTEDGP711MarkerLFM5z3_5000_5948_5993,DISTORTEDGP711MarkerLFM5z3,,ae,default,,0.93913,0.85924,0.99849,1.0,2.07,,1602.5,7000,1,0.00657,ok
smd,machine-1-1,server,,timesfm_quantile,default,,0.18277,0.22477,0.84442,0.08751,104.77,,1894.7,28479,38,0.0946,ok
ucr,021_UCR_Anomaly_DISTORTEDGP711MarkerLFM5z3_5000_5948_5993,DISTORTEDGP711MarkerLFM5z3,,ae,tuned,"{'w': 100, 'hidden': 32, 'latent': 8}",0.72305,0.71248,0.99793,1.0,2.14,10.59,0.0,7000,1,0.00657,ok
ucr,022_UCR_Anomaly_DISTORTEDGP711MarkerLFM5z4_4000_6527_6645,DISTORTEDGP711MarkerLFM5z4,,chronos_small_resid,default,,0.03371,0.03796,0.81458,0.05293,0.08,,1664.1,8000,1,0.01487,ok
ucr,022_UCR_Anomaly_DISTORTEDGP711MarkerLFM5z4_4000_6527_6645,DISTORTEDGP711MarkerLFM5z4,,chronos_small_quantile,default,,0.02042,0.02476,0.66799,1.0,0.08,,1664.1,8000,1,0.01487,ok
ucr,022_UCR_Anomaly_DISTORTEDGP711MarkerLFM5z4_4000_6527_6645,DISTORTEDGP711MarkerLFM5z4,,chronos_base_resid,default,,0.03755,0.04095,0.68727,0.06479,0.23,,1777.4,8000,1,0.01487,ok
ucr,022_UCR_Anomaly_DISTORTEDGP711MarkerLFM5z4_4000_6527_6645,DISTORTEDGP711MarkerLFM5z4,,chronos_base_quantile,default,,0.0225,0.02626,0.68862,1.0,0.23,,1777.4,8000,1,0.01487,ok
ucr,022_UCR_Anomaly_DISTORTEDGP711MarkerLFM5z4_4000_6527_6645,DISTORTEDGP711MarkerLFM5z4,,timesfm_resid,default,,0.13156,0.10721,0.97315,0.19575,2.08,,2046.7,8000,1,0.01487,ok
ucr,022_UCR_Anomaly_DISTORTEDGP711MarkerLFM5z4_4000_6527_6645,DISTORTEDGP711MarkerLFM5z4,,timesfm_quantile,default,,0.03304,0.03373,0.7309,1.0,2.08,,2046.7,8000,1,0.01487,ok
ucr,022_UCR_Anomaly_DISTORTEDGP711MarkerLFM5z4_4000_6527_6645,DISTORTEDGP711MarkerLFM5z4,,tirex_resid,default,,0.30775,0.19047,0.99607,0.25809,4.2,,1809.1,8000,1,0.01487,ok
ucr,022_UCR_Anomaly_DISTORTEDGP711MarkerLFM5z4_4000_6527_6645,DISTORTEDGP711MarkerLFM5z4,,tirex_quantile,default,,0.03229,0.03347,0.73984,1.0,4.2,,1809.1,8000,1,0.01487,ok
ucr,022_UCR_Anomaly_DISTORTEDGP711MarkerLFM5z4_4000_6527_6645,DISTORTEDGP711MarkerLFM5z4,,iforest,default,,0.52704,0.35118,0.99619,0.45507,1.21,,1594.1,8000,1,0.01487,ok
ucr,022_UCR_Anomaly_DISTORTEDGP711MarkerLFM5z4_4000_6527_6645,DISTORTEDGP711MarkerLFM5z4,,iforest,tuned,"{'w': 50, 'n_estimators': 100}",0.10811,0.08607,0.70886,0.28351,1.13,5.23,0.0,8000,1,0.01487,ok
ucr,022_UCR_Anomaly_DISTORTEDGP711MarkerLFM5z4_4000_6527_6645,DISTORTEDGP711MarkerLFM5z4,,lof,default,,0.96631,0.92352,0.99898,1.0,0.24,,1594.1,8000,1,0.01487,ok
ucr,022_UCR_Anomaly_DISTORTEDGP711MarkerLFM5z4_4000_6527_6645,DISTORTEDGP711MarkerLFM5z4,,lof,tuned,"{'w': 50, 'k': 30}",0.41178,0.41117,0.93731,0.53333,0.89,2.1,0.0,8000,1,0.01487,ok
ucr,022_UCR_Anomaly_DISTORTEDGP711MarkerLFM5z4_4000_6527_6645,DISTORTEDGP711MarkerLFM5z4,,knn,default,,0.99868,0.8976,0.99941,1.0,0.14,,1594.1,8000,1,0.01487,ok
ucr,022_UCR_Anomaly_DISTORTEDGP711MarkerLFM5z4_4000_6527_6645,DISTORTEDGP711MarkerLFM5z4,,knn,tuned,"{'w': 100, 'k': 5}",0.99868,0.8976,0.99941,1.0,0.64,1.77,0.0,8000,1,0.01487,ok
ucr,022_UCR_Anomaly_DISTORTEDGP711MarkerLFM5z4_4000_6527_6645,DISTORTEDGP711MarkerLFM5z4,,ae,default,,0.99622,0.91963,0.99934,1.0,1.6,,1602.3,8000,1,0.01487,ok
ucr,022_UCR_Anomaly_DISTORTEDGP711MarkerLFM5z4_4000_6527_6645,DISTORTEDGP711MarkerLFM5z4,,ae,tuned,"{'w': 100, 'hidden': 32, 'latent': 16}",0.99933,0.89006,0.99941,1.0,2.14,8.51,0.0,8000,1,0.01487,ok
ucr,023_UCR_Anomaly_DISTORTEDGP711MarkerLFM5z5_5000_8612_8716,DISTORTEDGP711MarkerLFM5z5,,chronos_small_resid,default,,0.02057,0.0346,0.68895,0.03318,0.1,,1658.0,7000,1,0.015,ok
ucr,023_UCR_Anomaly_DISTORTEDGP711MarkerLFM5z5_5000_8612_8716,DISTORTEDGP711MarkerLFM5z5,,chronos_small_quantile,default,,0.01409,0.04248,0.97525,1.0,0.1,,1658.0,7000,1,0.015,ok
ucr,023_UCR_Anomaly_DISTORTEDGP711MarkerLFM5z5_5000_8612_8716,DISTORTEDGP711MarkerLFM5z5,,chronos_base_resid,default,,0.0215,0.03362,0.69184,0.03582,0.2,,1758.4,7000,1,0.015,ok
ucr,023_UCR_Anomaly_DISTORTEDGP711MarkerLFM5z5_5000_8612_8716,DISTORTEDGP711MarkerLFM5z5,,chronos_base_quantile,default,,0.01513,0.02458,0.67923,1.0,0.2,,1758.4,7000,1,0.015,ok
ucr,023_UCR_Anomaly_DISTORTEDGP711MarkerLFM5z5_5000_8612_8716,DISTORTEDGP711MarkerLFM5z5,,timesfm_resid,default,,0.17758,0.10959,0.99605,0.16474,2.09,,2046.7,7000,1,0.015,ok
ucr,023_UCR_Anomaly_DISTORTEDGP711MarkerLFM5z5_5000_8612_8716,DISTORTEDGP711MarkerLFM5z5,,timesfm_quantile,default,,0.25043,0.1359,0.99604,1.0,2.09,,2046.7,7000,1,0.015,ok
ucr,023_UCR_Anomaly_DISTORTEDGP711MarkerLFM5z5_5000_8612_8716,DISTORTEDGP711MarkerLFM5z5,,tirex_resid,default,,0.18669,0.12091,0.99605,0.13516,4.27,,1786.5,7000,1,0.015,ok
ucr,023_UCR_Anomaly_DISTORTEDGP711MarkerLFM5z5_5000_8612_8716,DISTORTEDGP711MarkerLFM5z5,,tirex_quantile,default,,0.23401,0.11967,0.99594,1.0,4.27,,1786.5,7000,1,0.015,ok
ucr,023_UCR_Anomaly_DISTORTEDGP711MarkerLFM5z5_5000_8612_8716,DISTORTEDGP711MarkerLFM5z5,,iforest,default,,0.99991,0.92721,0.99962,1.0,1.26,,1594.1,7000,1,0.015,ok
ucr,023_UCR_Anomaly_DISTORTEDGP711MarkerLFM5z5_5000_8612_8716,DISTORTEDGP711MarkerLFM5z5,,iforest,tuned,"{'w': 50, 'n_estimators': 200}",0.11538,0.1137,0.72586,0.26471,1.47,6.06,0.0,7000,1,0.015,ok
ucr,023_UCR_Anomaly_DISTORTEDGP711MarkerLFM5z5_5000_8612_8716,DISTORTEDGP711MarkerLFM5z5,,lof,default,,0.39002,0.56568,0.89249,0.66667,0.3,,1594.1,7000,1,0.015,ok
ucr,023_UCR_Anomaly_DISTORTEDGP711MarkerLFM5z5_5000_8612_8716,DISTORTEDGP711MarkerLFM5z5,,lof,tuned,"{'w': 50, 'k': 30}",0.15493,0.25916,0.80569,0.45,1.02,2.58,0.0,7000,1,0.015,ok
ucr,023_UCR_Anomaly_DISTORTEDGP711MarkerLFM5z5_5000_8612_8716,DISTORTEDGP711MarkerLFM5z5,,knn,default,,0.85637,0.91157,0.99811,1.0,0.16,,1594.1,7000,1,0.015,ok
ucr,023_UCR_Anomaly_DISTORTEDGP711MarkerLFM5z5_5000_8612_8716,DISTORTEDGP711MarkerLFM5z5,,knn,tuned,"{'w': 50, 'k': 5}",0.43929,0.57346,0.99449,0.68056,0.69,1.99,0.0,7000,1,0.015,ok
ucr,023_UCR_Anomaly_DISTORTEDGP711MarkerLFM5z5_5000_8612_8716,DISTORTEDGP711MarkerLFM5z5,,ae,default,,0.73276,0.85327,0.99667,1.0,1.7,,1602.5,7000,1,0.015,ok
ucr,023_UCR_Anomaly_DISTORTEDGP711MarkerLFM5z5_5000_8612_8716,DISTORTEDGP711MarkerLFM5z5,,ae,tuned,"{'w': 100, 'hidden': 32, 'latent': 8}",0.63753,0.807,0.9956,1.0,2.31,8.87,0.0,7000,1,0.015,ok
ucr,024_UCR_Anomaly_DISTORTEDInternalBleeding10_3200_4526_4556,DISTORTEDInternalBleeding10,,chronos_small_resid,default,,0.00833,0.0141,0.67366,0.03112,0.11,,1633.2,4301,1,0.00721,ok
ucr,024_UCR_Anomaly_DISTORTEDInternalBleeding10_3200_4526_4556,DISTORTEDInternalBleeding10,,chronos_small_quantile,default,,0.00832,0.01412,0.66948,1.0,0.11,,1633.2,4301,1,0.00721,ok
ucr,024_UCR_Anomaly_DISTORTEDInternalBleeding10_3200_4526_4556,DISTORTEDInternalBleeding10,,chronos_base_resid,default,,0.00751,0.01191,0.67391,0.02759,0.19,,1697.4,4301,1,0.00721,ok
ucr,024_UCR_Anomaly_DISTORTEDInternalBleeding10_3200_4526_4556,DISTORTEDInternalBleeding10,,chronos_base_quantile,default,,0.00667,0.01045,0.67567,1.0,0.19,,1697.4,4301,1,0.00721,ok
ucr,024_UCR_Anomaly_DISTORTEDInternalBleeding10_3200_4526_4556,DISTORTEDInternalBleeding10,,timesfm_resid,default,,0.00831,0.01936,0.81469,0.03047,2.25,,2046.7,4301,1,0.00721,ok
ucr,024_UCR_Anomaly_DISTORTEDInternalBleeding10_3200_4526_4556,DISTORTEDInternalBleeding10,,timesfm_quantile,default,,0.00721,0.01072,0.66669,1.0,2.25,,2046.7,4301,1,0.00721,ok
ucr,024_UCR_Anomaly_DISTORTEDInternalBleeding10_3200_4526_4556,DISTORTEDInternalBleeding10,,tirex_resid,default,,0.00639,0.01518,0.73585,0.01159,4.47,,1711.5,4301,1,0.00721,ok
ucr,024_UCR_Anomaly_DISTORTEDInternalBleeding10_3200_4526_4556,DISTORTEDInternalBleeding10,,tirex_quantile,default,,0.00689,0.01209,0.68358,1.0,4.47,,1711.5,4301,1,0.00721,ok
ucr,024_UCR_Anomaly_DISTORTEDInternalBleeding10_3200_4526_4556,DISTORTEDInternalBleeding10,,iforest,default,,0.00867,0.01306,0.67046,0.10132,1.14,,1594.1,4301,1,0.00721,ok
ucr,024_UCR_Anomaly_DISTORTEDInternalBleeding10_3200_4526_4556,DISTORTEDInternalBleeding10,,iforest,tuned,"{'w': 50, 'n_estimators': 200}",0.00569,0.00841,0.67449,0.0,1.48,5.85,0.0,4301,1,0.00721,ok
smd,machine-1-1,server,,tirex_resid,default,,0.22634,0.27051,0.78157,0.08012,105.77,,2025.3,28479,38,0.0946,ok
ucr,024_UCR_Anomaly_DISTORTEDInternalBleeding10_3200_4526_4556,DISTORTEDInternalBleeding10,,lof,default,,0.01951,0.02884,0.68088,0.25,0.2,,1594.1,4301,1,0.00721,ok
ucr,024_UCR_Anomaly_DISTORTEDInternalBleeding10_3200_4526_4556,DISTORTEDInternalBleeding10,,lof,tuned,"{'w': 50, 'k': 30}",0.05996,0.08822,0.75024,0.25,0.66,2.11,0.0,4301,1,0.00721,ok
ucr,024_UCR_Anomaly_DISTORTEDInternalBleeding10_3200_4526_4556,DISTORTEDInternalBleeding10,,knn,default,,0.16092,0.23339,0.75514,0.625,0.1,,1594.1,4301,1,0.00721,ok
ucr,024_UCR_Anomaly_DISTORTEDInternalBleeding10_3200_4526_4556,DISTORTEDInternalBleeding10,,knn,tuned,"{'w': 50, 'k': 3}",0.18675,0.23338,0.74711,0.625,0.48,1.51,0.0,4301,1,0.00721,ok
ucr,024_UCR_Anomaly_DISTORTEDInternalBleeding10_3200_4526_4556,DISTORTEDInternalBleeding10,,ae,default,,0.01881,0.02664,0.66565,0.17847,1.22,,1600.7,4301,1,0.00721,ok
smd,machine-1-1,server,,tirex_quantile,default,,0.1524,0.19121,0.79314,0.03748,105.77,,2025.3,28479,38,0.0946,ok
smd,machine-1-1,server,,iforest,default,,0.42613,0.41458,0.7087,0.45855,4.33,,1585.6,28479,38,0.0946,ok
ucr,024_UCR_Anomaly_DISTORTEDInternalBleeding10_3200_4526_4556,DISTORTEDInternalBleeding10,,ae,tuned,"{'w': 50, 'hidden': 32, 'latent': 16}",0.02558,0.03408,0.70442,0.17062,3.06,7.21,0.0,4301,1,0.00721,ok
ucr,025_UCR_Anomaly_DISTORTEDInternalBleeding14_2800_5607_5634,DISTORTEDInternalBleeding14,,chronos_small_resid,default,,0.0037,0.00726,0.84397,0.00431,0.18,,1637.7,4701,1,0.00596,ok
ucr,025_UCR_Anomaly_DISTORTEDInternalBleeding14_2800_5607_5634,DISTORTEDInternalBleeding14,,chronos_small_quantile,default,,0.00596,0.00798,0.68711,1.0,0.18,,1637.7,4701,1,0.00596,ok
ucr,025_UCR_Anomaly_DISTORTEDInternalBleeding14_2800_5607_5634,DISTORTEDInternalBleeding14,,chronos_base_resid,default,,0.00388,0.00728,0.71171,0.00725,0.32,,1704.6,4701,1,0.00596,ok
ucr,025_UCR_Anomaly_DISTORTEDInternalBleeding14_2800_5607_5634,DISTORTEDInternalBleeding14,,chronos_base_quantile,default,,0.00596,0.00823,0.6916,1.0,0.32,,1704.6,4701,1,0.00596,ok
ucr,025_UCR_Anomaly_DISTORTEDInternalBleeding14_2800_5607_5634,DISTORTEDInternalBleeding14,,timesfm_resid,default,,0.19527,0.10653,0.99849,0.2,2.2,,2046.7,4701,1,0.00596,ok
ucr,025_UCR_Anomaly_DISTORTEDInternalBleeding14_2800_5607_5634,DISTORTEDInternalBleeding14,,timesfm_quantile,default,,0.02775,0.02344,0.76664,1.0,2.2,,2046.7,4701,1,0.00596,ok
ucr,025_UCR_Anomaly_DISTORTEDInternalBleeding14_2800_5607_5634,DISTORTEDInternalBleeding14,,tirex_resid,default,,0.04923,0.1086,0.99202,0.16854,4.63,,1724.8,4701,1,0.00596,ok
ucr,025_UCR_Anomaly_DISTORTEDInternalBleeding14_2800_5607_5634,DISTORTEDInternalBleeding14,,tirex_quantile,default,,0.25518,0.13041,0.99849,1.0,4.63,,1724.8,4701,1,0.00596,ok
ucr,025_UCR_Anomaly_DISTORTEDInternalBleeding14_2800_5607_5634,DISTORTEDInternalBleeding14,,iforest,default,,0.04978,0.07168,0.73436,0.33333,0.99,,1594.1,4701,1,0.00596,ok
ucr,025_UCR_Anomaly_DISTORTEDInternalBleeding14_2800_5607_5634,DISTORTEDInternalBleeding14,,iforest,tuned,"{'w': 50, 'n_estimators': 200}",0.0291,0.03592,0.85163,0.16346,1.56,4.48,0.0,4701,1,0.00596,ok
ucr,025_UCR_Anomaly_DISTORTEDInternalBleeding14_2800_5607_5634,DISTORTEDInternalBleeding14,,lof,default,,0.96544,0.87989,0.9989,1.0,0.2,,1594.1,4701,1,0.00596,ok
smd,machine-1-1,server,,iforest,tuned,"{'w': 200, 'n_estimators': 200}",0.40382,0.40207,0.69224,0.47202,7.77,15.43,0.0,28479,38,0.0946,ok
ucr,025_UCR_Anomaly_DISTORTEDInternalBleeding14_2800_5607_5634,DISTORTEDInternalBleeding14,,lof,tuned,"{'w': 50, 'k': 50}",0.63055,0.71911,0.99825,1.0,0.71,2.33,0.0,4701,1,0.00596,ok
ucr,025_UCR_Anomaly_DISTORTEDInternalBleeding14_2800_5607_5634,DISTORTEDInternalBleeding14,,knn,default,,0.90217,0.82873,0.99853,1.0,0.1,,1594.1,4701,1,0.00596,ok
ucr,025_UCR_Anomaly_DISTORTEDInternalBleeding14_2800_5607_5634,DISTORTEDInternalBleeding14,,knn,tuned,"{'w': 50, 'k': 5}",0.84344,0.79536,0.99825,1.0,1.26,1.86,0.0,4701,1,0.00596,ok
ucr,025_UCR_Anomaly_DISTORTEDInternalBleeding14_2800_5607_5634,DISTORTEDInternalBleeding14,,ae,default,,0.69713,0.77707,0.99809,1.0,2.82,,1600.6,4701,1,0.00596,ok
smd,machine-1-1,server,,lof,default,,0.57624,0.63028,0.87797,0.61538,22.59,,1585.6,28479,38,0.0946,ok
ucr,025_UCR_Anomaly_DISTORTEDInternalBleeding14_2800_5607_5634,DISTORTEDInternalBleeding14,,ae,tuned,"{'w': 200, 'hidden': 32, 'latent': 16}",0.01405,0.01997,0.7539,0.25,1.38,15.0,0.0,4701,1,0.00596,ok
ucr,026_UCR_Anomaly_DISTORTEDInternalBleeding15_1700_5684_5854,DISTORTEDInternalBleeding15,,chronos_small_resid,default,,0.04444,0.05319,0.92671,0.0551,0.19,,1646.8,5901,1,0.02898,ok
ucr,026_UCR_Anomaly_DISTORTEDInternalBleeding15_1700_5684_5854,DISTORTEDInternalBleeding15,,chronos_small_quantile,default,,0.04629,0.05723,0.72177,1.0,0.19,,1646.8,5901,1,0.02898,ok
ucr,026_UCR_Anomaly_DISTORTEDInternalBleeding15_1700_5684_5854,DISTORTEDInternalBleeding15,,chronos_base_resid,default,,0.04065,0.04764,0.92671,0.05916,0.64,,1730.5,5901,1,0.02898,ok
ucr,026_UCR_Anomaly_DISTORTEDInternalBleeding15_1700_5684_5854,DISTORTEDInternalBleeding15,,chronos_base_quantile,default,,0.03363,0.04472,0.66704,1.0,0.64,,1730.5,5901,1,0.02898,ok
ucr,026_UCR_Anomaly_DISTORTEDInternalBleeding15_1700_5684_5854,DISTORTEDInternalBleeding15,,timesfm_resid,default,,0.0559,0.07187,0.92671,0.10078,6.72,,2046.7,5901,1,0.02898,ok
ucr,026_UCR_Anomaly_DISTORTEDInternalBleeding15_1700_5684_5854,DISTORTEDInternalBleeding15,,timesfm_quantile,default,,0.09432,0.07326,0.9918,1.0,6.72,,2046.7,5901,1,0.02898,ok
ucr,026_UCR_Anomaly_DISTORTEDInternalBleeding15_1700_5684_5854,DISTORTEDInternalBleeding15,,tirex_resid,default,,0.05194,0.06175,0.89612,0.06658,9.26,,1754.2,5901,1,0.02898,ok
ucr,026_UCR_Anomaly_DISTORTEDInternalBleeding15_1700_5684_5854,DISTORTEDInternalBleeding15,,tirex_quantile,default,,0.0399,0.05008,0.66704,1.0,9.26,,1754.2,5901,1,0.02898,ok
ucr,026_UCR_Anomaly_DISTORTEDInternalBleeding15_1700_5684_5854,DISTORTEDInternalBleeding15,,iforest,default,,0.10702,0.09271,0.86701,0.23214,1.78,,1594.1,5901,1,0.02898,ok
ucr,026_UCR_Anomaly_DISTORTEDInternalBleeding15_1700_5684_5854,DISTORTEDInternalBleeding15,,lof,default,,0.27469,0.22009,0.9713,0.375,0.55,,1594.1,5901,1,0.02898,ok
ucr,026_UCR_Anomaly_DISTORTEDInternalBleeding15_1700_5684_5854,DISTORTEDInternalBleeding15,,knn,default,,0.9675,0.75339,0.99858,1.0,0.29,,1594.1,5901,1,0.02898,ok
ucr,026_UCR_Anomaly_DISTORTEDInternalBleeding15_1700_5684_5854,DISTORTEDInternalBleeding15,,ae,default,,0.05193,0.0515,0.87045,0.13862,2.3,,1600.8,5901,1,0.02898,ok
ucr,027_UCR_Anomaly_DISTORTEDInternalBleeding16_1200_4187_4199,DISTORTEDInternalBleeding16,,chronos_small_resid,default,,0.00208,0.00288,0.67515,0.019,0.34,,1649.9,6301,1,0.00206,ok
ucr,027_UCR_Anomaly_DISTORTEDInternalBleeding16_1200_4187_4199,DISTORTEDInternalBleeding16,,chronos_small_quantile,default,,0.00197,0.00283,0.66667,1.0,0.34,,1649.9,6301,1,0.00206,ok
ucr,027_UCR_Anomaly_DISTORTEDInternalBleeding16_1200_4187_4199,DISTORTEDInternalBleeding16,,chronos_base_resid,default,,0.00415,0.00556,0.71447,0.03677,0.5,,1744.6,6301,1,0.00206,ok
ucr,027_UCR_Anomaly_DISTORTEDInternalBleeding16_1200_4187_4199,DISTORTEDInternalBleeding16,,chronos_base_quantile,default,,0.0019,0.00288,0.70237,1.0,0.5,,1744.6,6301,1,0.00206,ok
ucr,027_UCR_Anomaly_DISTORTEDInternalBleeding16_1200_4187_4199,DISTORTEDInternalBleeding16,,timesfm_resid,default,,0.21203,0.09508,0.79089,0.20074,4.6,,2046.7,6301,1,0.00206,ok
ucr,027_UCR_Anomaly_DISTORTEDInternalBleeding16_1200_4187_4199,DISTORTEDInternalBleeding16,,timesfm_quantile,default,,0.02529,0.02014,0.73149,1.0,4.6,,2046.7,6301,1,0.00206,ok
ucr,027_UCR_Anomaly_DISTORTEDInternalBleeding16_1200_4187_4199,DISTORTEDInternalBleeding16,,tirex_resid,default,,0.0117,0.00924,0.74102,0.14307,15.57,,1766.1,6301,1,0.00206,ok
ucr,027_UCR_Anomaly_DISTORTEDInternalBleeding16_1200_4187_4199,DISTORTEDInternalBleeding16,,tirex_quantile,default,,0.00206,0.00309,0.66667,1.0,15.57,,1766.1,6301,1,0.00206,ok
ucr,027_UCR_Anomaly_DISTORTEDInternalBleeding16_1200_4187_4199,DISTORTEDInternalBleeding16,,iforest,default,,0.01398,0.01983,0.6705,0.22222,3.97,,1594.1,6301,1,0.00206,ok
ucr,027_UCR_Anomaly_DISTORTEDInternalBleeding16_1200_4187_4199,DISTORTEDInternalBleeding16,,lof,default,,0.02049,0.0274,0.66738,0.17104,0.66,,1594.1,6301,1,0.00206,ok
ucr,027_UCR_Anomaly_DISTORTEDInternalBleeding16_1200_4187_4199,DISTORTEDInternalBleeding16,,knn,default,,0.05413,0.07173,0.99222,0.45833,0.44,,1594.1,6301,1,0.00206,ok
ucr,027_UCR_Anomaly_DISTORTEDInternalBleeding16_1200_4187_4199,DISTORTEDInternalBleeding16,,ae,default,,0.02929,0.06294,0.7088,0.33333,2.03,,1601.0,6301,1,0.00206,ok
ucr,028_UCR_Anomaly_DISTORTEDInternalBleeding17_1600_3198_3309,DISTORTEDInternalBleeding17,,chronos_small_resid,default,,0.01826,0.03137,0.87297,0.02661,0.41,,1646.8,5900,1,0.01898,ok
ucr,028_UCR_Anomaly_DISTORTEDInternalBleeding17_1600_3198_3309,DISTORTEDInternalBleeding17,,chronos_small_quantile,default,,0.01783,0.03268,0.66683,1.0,0.41,,1646.8,5900,1,0.01898,ok
ucr,028_UCR_Anomaly_DISTORTEDInternalBleeding17_1600_3198_3309,DISTORTEDInternalBleeding17,,chronos_base_resid,default,,0.0192,0.02915,0.87285,0.0277,0.77,,1730.5,5900,1,0.01898,ok
ucr,028_UCR_Anomaly_DISTORTEDInternalBleeding17_1600_3198_3309,DISTORTEDInternalBleeding17,,chronos_base_quantile,default,,0.02041,0.03039,0.6669,1.0,0.77,,1730.5,5900,1,0.01898,ok
smd,machine-1-1,server,,lof,tuned,"{'w': 50, 'k': 10}",0.61536,0.63685,0.90957,0.60154,51.38,52.71,0.0,28479,38,0.0946,ok
ucr,028_UCR_Anomaly_DISTORTEDInternalBleeding17_1600_3198_3309,DISTORTEDInternalBleeding17,,timesfm_resid,default,,0.0886,0.08438,0.75502,0.18592,2.8,,2046.7,5900,1,0.01898,ok
ucr,028_UCR_Anomaly_DISTORTEDInternalBleeding17_1600_3198_3309,DISTORTEDInternalBleeding17,,timesfm_quantile,default,,0.08926,0.07546,0.9103,1.0,2.8,,2046.7,5900,1,0.01898,ok
smd,machine-1-1,server,,knn,default,,0.5915,0.64043,0.85071,0.61538,14.18,,1585.6,28479,38,0.0946,ok
ucr,028_UCR_Anomaly_DISTORTEDInternalBleeding17_1600_3198_3309,DISTORTEDInternalBleeding17,,tirex_resid,default,,0.05532,0.05905,0.75333,0.11026,10.39,,1754.2,5900,1,0.01898,ok
ucr,028_UCR_Anomaly_DISTORTEDInternalBleeding17_1600_3198_3309,DISTORTEDInternalBleeding17,,tirex_quantile,default,,0.02289,0.02871,0.69525,1.0,10.39,,1754.2,5900,1,0.01898,ok
ucr,028_UCR_Anomaly_DISTORTEDInternalBleeding17_1600_3198_3309,DISTORTEDInternalBleeding17,,iforest,default,,0.02551,0.02917,0.76421,0.08958,2.51,,1594.1,5900,1,0.01898,ok
ucr,028_UCR_Anomaly_DISTORTEDInternalBleeding17_1600_3198_3309,DISTORTEDInternalBleeding17,,lof,default,,0.01735,0.0238,0.76626,0.03667,0.58,,1594.1,5900,1,0.01898,ok
ucr,028_UCR_Anomaly_DISTORTEDInternalBleeding17_1600_3198_3309,DISTORTEDInternalBleeding17,,knn,default,,0.56446,0.39344,0.99547,0.6,0.33,,1594.1,5900,1,0.01898,ok
ucr,028_UCR_Anomaly_DISTORTEDInternalBleeding17_1600_3198_3309,DISTORTEDInternalBleeding17,,ae,default,,0.15858,0.14238,0.88713,0.37879,1.74,,1600.8,5900,1,0.01898,ok
ucr,029_UCR_Anomaly_DISTORTEDInternalBleeding18_2300_4485_4587,DISTORTEDInternalBleeding18,,chronos_small_resid,default,,0.02495,0.03874,0.68509,0.044,0.18,,1641.0,5200,1,0.01981,ok
ucr,029_UCR_Anomaly_DISTORTEDInternalBleeding18_2300_4485_4587,DISTORTEDInternalBleeding18,,chronos_small_quantile,default,,0.01823,0.03255,0.84452,1.0,0.18,,1641.0,5200,1,0.01981,ok
ucr,029_UCR_Anomaly_DISTORTEDInternalBleeding18_2300_4485_4587,DISTORTEDInternalBleeding18,,chronos_base_resid,default,,0.07422,0.07138,0.70555,0.1517,0.45,,1715.2,5200,1,0.01981,ok
ucr,029_UCR_Anomaly_DISTORTEDInternalBleeding18_2300_4485_4587,DISTORTEDInternalBleeding18,,chronos_base_quantile,default,,0.02632,0.03242,0.88067,1.0,0.45,,1715.2,5200,1,0.01981,ok
ucr,029_UCR_Anomaly_DISTORTEDInternalBleeding18_2300_4485_4587,DISTORTEDInternalBleeding18,,timesfm_resid,default,,0.15471,0.09926,0.99573,0.09752,6.72,,2046.7,5200,1,0.01981,ok
ucr,029_UCR_Anomaly_DISTORTEDInternalBleeding18_2300_4485_4587,DISTORTEDInternalBleeding18,,timesfm_quantile,default,,0.01856,0.02759,0.74172,1.0,6.72,,2046.7,5200,1,0.01981,ok
ucr,029_UCR_Anomaly_DISTORTEDInternalBleeding18_2300_4485_4587,DISTORTEDInternalBleeding18,,tirex_resid,default,,0.02413,0.03935,0.78961,0.04563,12.75,,1738.5,5200,1,0.01981,ok
ucr,029_UCR_Anomaly_DISTORTEDInternalBleeding18_2300_4485_4587,DISTORTEDInternalBleeding18,,tirex_quantile,default,,0.01925,0.02927,0.66684,1.0,12.75,,1738.5,5200,1,0.01981,ok
ucr,029_UCR_Anomaly_DISTORTEDInternalBleeding18_2300_4485_4587,DISTORTEDInternalBleeding18,,iforest,default,,0.01611,0.02045,0.64391,0.04,3.84,,1594.1,5200,1,0.01981,ok
ucr,029_UCR_Anomaly_DISTORTEDInternalBleeding18_2300_4485_4587,DISTORTEDInternalBleeding18,,lof,default,,0.01064,0.01672,0.73088,0.0,0.77,,1594.1,5200,1,0.01981,ok
ucr,029_UCR_Anomaly_DISTORTEDInternalBleeding18_2300_4485_4587,DISTORTEDInternalBleeding18,,knn,default,,0.08697,0.07886,0.71038,0.25858,0.4,,1594.1,5200,1,0.01981,ok
ucr,029_UCR_Anomaly_DISTORTEDInternalBleeding18_2300_4485_4587,DISTORTEDInternalBleeding18,,ae,default,,0.02447,0.02728,0.8063,0.13839,2.95,,1600.7,5200,1,0.01981,ok
ucr,030_UCR_Anomaly_DISTORTEDInternalBleeding19_3000_4187_4197,DISTORTEDInternalBleeding19,,chronos_small_resid,default,,0.00267,0.00348,0.67083,0.02633,0.39,,1634.6,4500,1,0.00244,ok
ucr,030_UCR_Anomaly_DISTORTEDInternalBleeding19_3000_4187_4197,DISTORTEDInternalBleeding19,,chronos_small_quantile,default,,0.00777,0.0081,0.71032,1.0,0.39,,1634.6,4500,1,0.00244,ok
ucr,030_UCR_Anomaly_DISTORTEDInternalBleeding19_3000_4187_4197,DISTORTEDInternalBleeding19,,chronos_base_resid,default,,0.00426,0.00492,0.68804,0.03869,0.37,,1699.5,4500,1,0.00244,ok
ucr,030_UCR_Anomaly_DISTORTEDInternalBleeding19_3000_4187_4197,DISTORTEDInternalBleeding19,,chronos_base_quantile,default,,0.00574,0.0057,0.80256,1.0,0.37,,1699.5,4500,1,0.00244,ok
smd,machine-1-1,server,,knn,tuned,"{'w': 50, 'k': 1}",0.65556,0.66838,0.90452,0.55857,34.8,28.15,0.0,28479,38,0.0946,ok
ucr,030_UCR_Anomaly_DISTORTEDInternalBleeding19_3000_4187_4197,DISTORTEDInternalBleeding19,,timesfm_resid,default,,0.04662,0.03111,0.69015,0.22827,2.07,,2046.7,4500,1,0.00244,ok
ucr,030_UCR_Anomaly_DISTORTEDInternalBleeding19_3000_4187_4197,DISTORTEDInternalBleeding19,,timesfm_quantile,default,,0.00938,0.00784,0.68376,1.0,2.07,,2046.7,4500,1,0.00244,ok
ucr,030_UCR_Anomaly_DISTORTEDInternalBleeding19_3000_4187_4197,DISTORTEDInternalBleeding19,,tirex_resid,default,,0.01184,0.01134,0.66437,0.08872,4.79,,1718.2,4500,1,0.00244,ok
ucr,030_UCR_Anomaly_DISTORTEDInternalBleeding19_3000_4187_4197,DISTORTEDInternalBleeding19,,tirex_quantile,default,,0.00244,0.00367,0.66667,1.0,4.79,,1718.2,4500,1,0.00244,ok
ucr,030_UCR_Anomaly_DISTORTEDInternalBleeding19_3000_4187_4197,DISTORTEDInternalBleeding19,,iforest,default,,0.01034,0.01451,0.67633,0.2,1.15,,1594.1,4500,1,0.00244,ok
smd,machine-1-1,server,,ae,default,,0.55237,0.62213,0.92088,0.7619,13.53,,2246.8,28479,38,0.0946,ok
ucr,030_UCR_Anomaly_DISTORTEDInternalBleeding19_3000_4187_4197,DISTORTEDInternalBleeding19,,iforest,tuned,"{'w': 50, 'n_estimators': 200}",0.00852,0.0112,0.68345,0.16344,1.5,5.48,0.0,4500,1,0.00244,ok
ucr,030_UCR_Anomaly_DISTORTEDInternalBleeding19_3000_4187_4197,DISTORTEDInternalBleeding19,,lof,default,,0.04619,0.06212,0.66745,0.66667,0.19,,1594.1,4500,1,0.00244,ok
ucr,030_UCR_Anomaly_DISTORTEDInternalBleeding19_3000_4187_4197,DISTORTEDInternalBleeding19,,lof,tuned,"{'w': 50, 'k': 30}",0.97775,0.69253,0.99966,1.0,0.59,2.28,0.0,4500,1,0.00244,ok
ucr,030_UCR_Anomaly_DISTORTEDInternalBleeding19_3000_4187_4197,DISTORTEDInternalBleeding19,,knn,default,,0.68182,0.59562,0.99902,1.0,0.11,,1594.1,4500,1,0.00244,ok
ucr,030_UCR_Anomaly_DISTORTEDInternalBleeding19_3000_4187_4197,DISTORTEDInternalBleeding19,,knn,tuned,"{'w': 200, 'k': 1}",0.20702,0.21533,0.85828,0.66667,0.45,1.61,0.0,4500,1,0.00244,ok
ucr,030_UCR_Anomaly_DISTORTEDInternalBleeding19_3000_4187_4197,DISTORTEDInternalBleeding19,,ae,default,,0.06712,0.09741,0.71386,0.66667,0.85,,1600.7,4500,1,0.00244,ok
ucr,030_UCR_Anomaly_DISTORTEDInternalBleeding19_3000_4187_4197,DISTORTEDInternalBleeding19,,ae,tuned,"{'w': 100, 'hidden': 32, 'latent': 16}",0.03208,0.04709,0.68794,0.4,1.59,6.28,0.0,4500,1,0.00244,ok
ucr,031_UCR_Anomaly_DISTORTEDInternalBleeding20_2700_5759_5919,DISTORTEDInternalBleeding20,,chronos_small_resid,default,,0.03894,0.05593,0.68643,0.04466,0.14,,1638.0,4800,1,0.03354,ok
ucr,031_UCR_Anomaly_DISTORTEDInternalBleeding20_2700_5759_5919,DISTORTEDInternalBleeding20,,chronos_small_quantile,default,,0.02893,0.04429,0.71788,1.0,0.14,,1638.0,4800,1,0.03354,ok
ucr,031_UCR_Anomaly_DISTORTEDInternalBleeding20_2700_5759_5919,DISTORTEDInternalBleeding20,,chronos_base_resid,default,,0.04512,0.05937,0.68489,0.07479,0.36,,1705.9,4800,1,0.03354,ok
ucr,031_UCR_Anomaly_DISTORTEDInternalBleeding20_2700_5759_5919,DISTORTEDInternalBleeding20,,chronos_base_quantile,default,,0.03182,0.04785,0.66717,1.0,0.36,,1705.9,4800,1,0.03354,ok
ucr,031_UCR_Anomaly_DISTORTEDInternalBleeding20_2700_5759_5919,DISTORTEDInternalBleeding20,,timesfm_resid,default,,0.11052,0.14356,0.96098,0.17182,2.1,,2046.7,4800,1,0.03354,ok
ucr,031_UCR_Anomaly_DISTORTEDInternalBleeding20_2700_5759_5919,DISTORTEDInternalBleeding20,,timesfm_quantile,default,,0.03788,0.05506,0.68996,1.0,2.1,,2046.7,4800,1,0.03354,ok
ucr,031_UCR_Anomaly_DISTORTEDInternalBleeding20_2700_5759_5919,DISTORTEDInternalBleeding20,,tirex_resid,default,,0.07983,0.10291,0.71845,0.16469,4.66,,1725.0,4800,1,0.03354,ok
ucr,031_UCR_Anomaly_DISTORTEDInternalBleeding20_2700_5759_5919,DISTORTEDInternalBleeding20,,tirex_quantile,default,,0.05487,0.06018,0.66717,1.0,4.66,,1725.0,4800,1,0.03354,ok
ucr,031_UCR_Anomaly_DISTORTEDInternalBleeding20_2700_5759_5919,DISTORTEDInternalBleeding20,,iforest,default,,0.11101,0.1063,0.71061,0.21334,1.22,,1594.1,4800,1,0.03354,ok
ucr,031_UCR_Anomaly_DISTORTEDInternalBleeding20_2700_5759_5919,DISTORTEDInternalBleeding20,,iforest,tuned,"{'w': 50, 'n_estimators': 100}",0.06552,0.0741,0.71163,0.11023,1.05,5.98,0.0,4800,1,0.03354,ok
ucr,031_UCR_Anomaly_DISTORTEDInternalBleeding20_2700_5759_5919,DISTORTEDInternalBleeding20,,lof,default,,0.17022,0.18419,0.70318,0.3381,0.2,,1594.1,4800,1,0.03354,ok
ucr,031_UCR_Anomaly_DISTORTEDInternalBleeding20_2700_5759_5919,DISTORTEDInternalBleeding20,,lof,tuned,"{'w': 50, 'k': 30}",0.66242,0.54196,0.99284,0.75,0.69,1.96,0.0,4800,1,0.03354,ok
ucr,031_UCR_Anomaly_DISTORTEDInternalBleeding20_2700_5759_5919,DISTORTEDInternalBleeding20,,knn,default,,0.87242,0.70185,0.99768,0.91667,0.1,,1594.1,4800,1,0.03354,ok
ucr,031_UCR_Anomaly_DISTORTEDInternalBleeding20_2700_5759_5919,DISTORTEDInternalBleeding20,,knn,tuned,"{'w': 50, 'k': 3}",0.55718,0.43757,0.99104,0.68333,0.45,1.39,0.0,4800,1,0.03354,ok
ucr,031_UCR_Anomaly_DISTORTEDInternalBleeding20_2700_5759_5919,DISTORTEDInternalBleeding20,,ae,default,,0.90101,0.67608,0.99942,0.875,0.96,,1600.6,4800,1,0.03354,ok
ucr,031_UCR_Anomaly_DISTORTEDInternalBleeding20_2700_5759_5919,DISTORTEDInternalBleeding20,,ae,tuned,"{'w': 50, 'hidden': 64, 'latent': 8}",0.61638,0.45073,0.99183,0.61905,2.59,6.69,0.0,4800,1,0.03354,ok
ucr,032_UCR_Anomaly_DISTORTEDInternalBleeding4_1000_4675_5033,DISTORTEDInternalBleeding4,,chronos_small_resid,default,,0.33978,0.29105,0.98896,0.35746,0.19,,1649.9,6321,1,0.05679,ok
ucr,032_UCR_Anomaly_DISTORTEDInternalBleeding4_1000_4675_5033,DISTORTEDInternalBleeding4,,chronos_small_quantile,default,,0.10861,0.10965,0.98298,1.0,0.19,,1649.9,6321,1,0.05679,ok
ucr,032_UCR_Anomaly_DISTORTEDInternalBleeding4_1000_4675_5033,DISTORTEDInternalBleeding4,,chronos_base_resid,default,,0.35468,0.30872,0.98298,0.35833,0.23,,1744.6,6321,1,0.05679,ok
ucr,032_UCR_Anomaly_DISTORTEDInternalBleeding4_1000_4675_5033,DISTORTEDInternalBleeding4,,chronos_base_quantile,default,,0.1086,0.11529,0.89438,1.0,0.23,,1744.6,6321,1,0.05679,ok
ucr,032_UCR_Anomaly_DISTORTEDInternalBleeding4_1000_4675_5033,DISTORTEDInternalBleeding4,,timesfm_resid,default,,0.48698,0.44361,0.99314,0.4365,2.46,,2046.7,6321,1,0.05679,ok
ucr,032_UCR_Anomaly_DISTORTEDInternalBleeding4_1000_4675_5033,DISTORTEDInternalBleeding4,,timesfm_quantile,default,,0.13716,0.12471,0.98298,1.0,2.46,,2046.7,6321,1,0.05679,ok
ucr,032_UCR_Anomaly_DISTORTEDInternalBleeding4_1000_4675_5033,DISTORTEDInternalBleeding4,,tirex_resid,default,,0.4616,0.39616,0.99333,0.43841,4.94,,1766.1,6321,1,0.05679,ok
ucr,032_UCR_Anomaly_DISTORTEDInternalBleeding4_1000_4675_5033,DISTORTEDInternalBleeding4,,tirex_quantile,default,,0.34051,0.29618,0.99422,1.0,4.94,,1766.1,6321,1,0.05679,ok
ucr,032_UCR_Anomaly_DISTORTEDInternalBleeding4_1000_4675_5033,DISTORTEDInternalBleeding4,,iforest,default,,0.61606,0.5355,0.99235,0.68333,1.2,,1594.1,6321,1,0.05679,ok
ucr,032_UCR_Anomaly_DISTORTEDInternalBleeding4_1000_4675_5033,DISTORTEDInternalBleeding4,,lof,default,,0.63722,0.56863,0.99276,0.76471,0.18,,1594.1,6321,1,0.05679,ok
smd,machine-1-1,server,,ae,tuned,"{'w': 100, 'hidden': 32, 'latent': 8}",0.55444,0.62435,0.91935,0.7619,14.23,59.21,0.0,28479,38,0.0946,ok
ucr,032_UCR_Anomaly_DISTORTEDInternalBleeding4_1000_4675_5033,DISTORTEDInternalBleeding4,,knn,default,,0.67853,0.62588,0.99246,0.76667,0.14,,1594.1,6321,1,0.05679,ok
ucr,032_UCR_Anomaly_DISTORTEDInternalBleeding4_1000_4675_5033,DISTORTEDInternalBleeding4,,ae,default,,0.70543,0.63665,0.99325,0.77632,0.59,,1601.0,6321,1,0.05679,ok
ucr,033_UCR_Anomaly_DISTORTEDInternalBleeding5_4000_6200_6370,DISTORTEDInternalBleeding5,,chronos_small_resid,default,,0.17087,0.16213,0.81955,0.20213,0.1,,1625.9,3415,1,0.05007,ok
ucr,033_UCR_Anomaly_DISTORTEDInternalBleeding5_4000_6200_6370,DISTORTEDInternalBleeding5,,chronos_small_quantile,default,,0.09332,0.11094,0.72768,1.0,0.1,,1625.9,3415,1,0.05007,ok
ucr,033_UCR_Anomaly_DISTORTEDInternalBleeding5_4000_6200_6370,DISTORTEDInternalBleeding5,,chronos_base_resid,default,,0.1338,0.13217,0.83223,0.13492,0.17,,1674.4,3415,1,0.05007,ok
ucr,033_UCR_Anomaly_DISTORTEDInternalBleeding5_4000_6200_6370,DISTORTEDInternalBleeding5,,chronos_base_quantile,default,,0.11872,0.12194,0.79153,1.0,0.17,,1674.4,3415,1,0.05007,ok
ucr,033_UCR_Anomaly_DISTORTEDInternalBleeding5_4000_6200_6370,DISTORTEDInternalBleeding5,,timesfm_resid,default,,0.33697,0.26692,0.98444,0.31167,1.08,,2046.7,3415,1,0.05007,ok
ucr,033_UCR_Anomaly_DISTORTEDInternalBleeding5_4000_6200_6370,DISTORTEDInternalBleeding5,,timesfm_quantile,default,,0.39639,0.30271,0.99573,1.0,1.08,,2046.7,3415,1,0.05007,ok
smd,machine-1-2,server,,chronos_small_resid,default,,0.29923,0.25237,0.82906,0.1429,2.8,,1738.6,23694,38,0.02287,ok
ucr,033_UCR_Anomaly_DISTORTEDInternalBleeding5_4000_6200_6370,DISTORTEDInternalBleeding5,,tirex_resid,default,,0.28727,0.28763,0.94926,0.2767,4.62,,1689.4,3415,1,0.05007,ok
ucr,033_UCR_Anomaly_DISTORTEDInternalBleeding5_4000_6200_6370,DISTORTEDInternalBleeding5,,tirex_quantile,default,,0.26771,0.20508,0.97882,1.0,4.62,,1689.4,3415,1,0.05007,ok
ucr,033_UCR_Anomaly_DISTORTEDInternalBleeding5_4000_6200_6370,DISTORTEDInternalBleeding5,,iforest,default,,0.43155,0.34682,0.91466,0.49679,0.77,,1594.1,3415,1,0.05007,ok
smd,machine-1-2,server,,chronos_small_quantile,default,,0.1092,0.06902,0.72086,0.07678,2.8,,1738.6,23694,38,0.02287,ok
ucr,033_UCR_Anomaly_DISTORTEDInternalBleeding5_4000_6200_6370,DISTORTEDInternalBleeding5,,iforest,tuned,"{'w': 50, 'n_estimators': 100}",0.08053,0.08864,0.76808,0.12949,0.97,5.86,0.0,3415,1,0.05007,ok
ucr,033_UCR_Anomaly_DISTORTEDInternalBleeding5_4000_6200_6370,DISTORTEDInternalBleeding5,,lof,default,,0.70477,0.62205,0.99462,0.82143,0.21,,1594.1,3415,1,0.05007,ok
ucr,033_UCR_Anomaly_DISTORTEDInternalBleeding5_4000_6200_6370,DISTORTEDInternalBleeding5,,lof,tuned,"{'w': 50, 'k': 50}",0.46212,0.39149,0.98751,0.58889,0.67,2.22,0.0,3415,1,0.05007,ok
ucr,033_UCR_Anomaly_DISTORTEDInternalBleeding5_4000_6200_6370,DISTORTEDInternalBleeding5,,knn,default,,0.75811,0.69506,0.99265,0.85,0.08,,1594.1,3415,1,0.05007,ok
ucr,033_UCR_Anomaly_DISTORTEDInternalBleeding5_4000_6200_6370,DISTORTEDInternalBleeding5,,knn,tuned,"{'w': 50, 'k': 3}",0.55102,0.48908,0.98624,0.64583,0.46,1.6,0.0,3415,1,0.05007,ok
ucr,033_UCR_Anomaly_DISTORTEDInternalBleeding5_4000_6200_6370,DISTORTEDInternalBleeding5,,ae,default,,0.70788,0.67273,0.98934,0.83333,1.63,,1600.5,3415,1,0.05007,ok
smd,machine-1-2,server,,chronos_base_resid,default,,0.29159,0.24477,0.82829,0.15232,4.81,,1970.5,23694,38,0.02287,ok
smd,machine-1-2,server,,chronos_base_quantile,default,,0.1357,0.08156,0.72206,0.09975,4.81,,1970.5,23694,38,0.02287,ok
ucr,033_UCR_Anomaly_DISTORTEDInternalBleeding5_4000_6200_6370,DISTORTEDInternalBleeding5,,ae,tuned,"{'w': 50, 'hidden': 64, 'latent': 8}",0.41505,0.40899,0.98431,0.55745,3.04,8.87,0.0,3415,1,0.05007,ok
ucr,034_UCR_Anomaly_DISTORTEDInternalBleeding6_1500_3474_3629,DISTORTEDInternalBleeding6,,chronos_small_resid,default,,0.02495,0.03096,0.69089,0.02138,0.13,,1648.9,6154,1,0.02535,ok
ucr,034_UCR_Anomaly_DISTORTEDInternalBleeding6_1500_3474_3629,DISTORTEDInternalBleeding6,,chronos_small_quantile,default,,0.03184,0.04072,0.69364,1.0,0.13,,1648.9,6154,1,0.02535,ok
ucr,034_UCR_Anomaly_DISTORTEDInternalBleeding6_1500_3474_3629,DISTORTEDInternalBleeding6,,chronos_base_resid,default,,0.03366,0.03706,0.75707,0.02388,0.19,,1736.3,6154,1,0.02535,ok
ucr,034_UCR_Anomaly_DISTORTEDInternalBleeding6_1500_3474_3629,DISTORTEDInternalBleeding6,,chronos_base_quantile,default,,0.03965,0.04473,0.76958,1.0,0.19,,1736.3,6154,1,0.02535,ok
ucr,034_UCR_Anomaly_DISTORTEDInternalBleeding6_1500_3474_3629,DISTORTEDInternalBleeding6,,timesfm_resid,default,,0.34823,0.25352,0.99229,0.38258,2.18,,2046.7,6154,1,0.02535,ok
ucr,034_UCR_Anomaly_DISTORTEDInternalBleeding6_1500_3474_3629,DISTORTEDInternalBleeding6,,timesfm_quantile,default,,0.09388,0.09065,0.85904,1.0,2.18,,2046.7,6154,1,0.02535,ok
ucr,034_UCR_Anomaly_DISTORTEDInternalBleeding6_1500_3474_3629,DISTORTEDInternalBleeding6,,tirex_resid,default,,0.14927,0.13111,0.94972,0.17556,3.72,,1761.1,6154,1,0.02535,ok
ucr,034_UCR_Anomaly_DISTORTEDInternalBleeding6_1500_3474_3629,DISTORTEDInternalBleeding6,,tirex_quantile,default,,0.02386,0.03586,0.79659,1.0,3.72,,1761.1,6154,1,0.02535,ok
ucr,034_UCR_Anomaly_DISTORTEDInternalBleeding6_1500_3474_3629,DISTORTEDInternalBleeding6,,iforest,default,,0.77336,0.56325,0.99709,0.8125,1.09,,1594.1,6154,1,0.02535,ok
ucr,034_UCR_Anomaly_DISTORTEDInternalBleeding6_1500_3474_3629,DISTORTEDInternalBleeding6,,lof,default,,0.87015,0.70637,0.9992,0.91667,0.2,,1594.1,6154,1,0.02535,ok
ucr,034_UCR_Anomaly_DISTORTEDInternalBleeding6_1500_3474_3629,DISTORTEDInternalBleeding6,,knn,default,,0.9652,0.87082,0.99936,1.0,0.12,,1594.1,6154,1,0.02535,ok
ucr,034_UCR_Anomaly_DISTORTEDInternalBleeding6_1500_3474_3629,DISTORTEDInternalBleeding6,,ae,default,,0.89492,0.70207,0.99933,0.91667,0.79,,1600.9,6154,1,0.02535,ok
ucr,035_UCR_Anomaly_DISTORTEDInternalBleeding8_2500_5865_5974,DISTORTEDInternalBleeding8,,chronos_small_resid,default,,0.0221,0.03473,0.76335,0.01363,0.1,,1640.0,5001,1,0.022,ok
ucr,035_UCR_Anomaly_DISTORTEDInternalBleeding8_2500_5865_5974,DISTORTEDInternalBleeding8,,chronos_small_quantile,default,,0.04601,0.05559,0.76135,1.0,0.1,,1640.0,5001,1,0.022,ok
ucr,035_UCR_Anomaly_DISTORTEDInternalBleeding8_2500_5865_5974,DISTORTEDInternalBleeding8,,chronos_base_resid,default,,0.03885,0.05892,0.76295,0.02416,0.16,,1714.9,5001,1,0.022,ok
ucr,035_UCR_Anomaly_DISTORTEDInternalBleeding8_2500_5865_5974,DISTORTEDInternalBleeding8,,chronos_base_quantile,default,,0.04115,0.04939,0.76215,1.0,0.16,,1714.9,5001,1,0.022,ok
ucr,035_UCR_Anomaly_DISTORTEDInternalBleeding8_2500_5865_5974,DISTORTEDInternalBleeding8,,timesfm_resid,default,,0.04121,0.06258,0.69523,0.03515,1.99,,2046.7,5001,1,0.022,ok
ucr,035_UCR_Anomaly_DISTORTEDInternalBleeding8_2500_5865_5974,DISTORTEDInternalBleeding8,,timesfm_quantile,default,,0.10575,0.09783,0.66688,1.0,1.99,,2046.7,5001,1,0.022,ok
ucr,035_UCR_Anomaly_DISTORTEDInternalBleeding8_2500_5865_5974,DISTORTEDInternalBleeding8,,tirex_resid,default,,0.05899,0.13184,0.97251,0.06387,4.74,,1731.8,5001,1,0.022,ok
ucr,035_UCR_Anomaly_DISTORTEDInternalBleeding8_2500_5865_5974,DISTORTEDInternalBleeding8,,tirex_quantile,default,,0.24233,0.25632,0.9851,1.0,4.74,,1731.8,5001,1,0.022,ok
ucr,035_UCR_Anomaly_DISTORTEDInternalBleeding8_2500_5865_5974,DISTORTEDInternalBleeding8,,iforest,default,,0.01959,0.03203,0.71639,0.08333,1.15,,1594.1,5001,1,0.022,ok
ucr,035_UCR_Anomaly_DISTORTEDInternalBleeding8_2500_5865_5974,DISTORTEDInternalBleeding8,,lof,default,,0.02773,0.03366,0.70232,0.05526,0.18,,1594.1,5001,1,0.022,ok
ucr,035_UCR_Anomaly_DISTORTEDInternalBleeding8_2500_5865_5974,DISTORTEDInternalBleeding8,,knn,default,,0.05031,0.12312,0.91638,0.24962,0.12,,1594.1,5001,1,0.022,ok
ucr,035_UCR_Anomaly_DISTORTEDInternalBleeding8_2500_5865_5974,DISTORTEDInternalBleeding8,,ae,default,,0.01322,0.02828,0.70696,0.05409,0.99,,1600.7,5001,1,0.022,ok
ucr,036_UCR_Anomaly_DISTORTEDInternalBleeding9_4200_6599_6681,DISTORTEDInternalBleeding9,,chronos_small_resid,default,,0.01586,0.02758,0.70661,0.00667,0.11,,1624.2,3301,1,0.02514,ok
ucr,036_UCR_Anomaly_DISTORTEDInternalBleeding9_4200_6599_6681,DISTORTEDInternalBleeding9,,chronos_small_quantile,default,,0.02208,0.03871,0.66923,1.0,0.11,,1624.2,3301,1,0.02514,ok
ucr,036_UCR_Anomaly_DISTORTEDInternalBleeding9_4200_6599_6681,DISTORTEDInternalBleeding9,,chronos_base_resid,default,,0.01515,0.02636,0.81763,0.00694,0.18,,1672.3,3301,1,0.02514,ok
ucr,036_UCR_Anomaly_DISTORTEDInternalBleeding9_4200_6599_6681,DISTORTEDInternalBleeding9,,chronos_base_quantile,default,,0.02356,0.03813,0.93027,1.0,0.18,,1672.3,3301,1,0.02514,ok
ucr,036_UCR_Anomaly_DISTORTEDInternalBleeding9_4200_6599_6681,DISTORTEDInternalBleeding9,,timesfm_resid,default,,0.02001,0.02928,0.73447,0.01597,1.06,,2046.7,3301,1,0.02514,ok
ucr,036_UCR_Anomaly_DISTORTEDInternalBleeding9_4200_6599_6681,DISTORTEDInternalBleeding9,,timesfm_quantile,default,,0.02759,0.04242,0.66695,1.0,1.06,,2046.7,3301,1,0.02514,ok
ucr,036_UCR_Anomaly_DISTORTEDInternalBleeding9_4200_6599_6681,DISTORTEDInternalBleeding9,,tirex_resid,default,,0.03794,0.05033,0.83035,0.04551,4.82,,1683.9,3301,1,0.02514,ok
ucr,036_UCR_Anomaly_DISTORTEDInternalBleeding9_4200_6599_6681,DISTORTEDInternalBleeding9,,tirex_quantile,default,,0.03533,0.04842,0.79441,1.0,4.82,,1683.9,3301,1,0.02514,ok
ucr,036_UCR_Anomaly_DISTORTEDInternalBleeding9_4200_6599_6681,DISTORTEDInternalBleeding9,,iforest,default,,0.01329,0.02149,0.691,0.0,1.01,,1594.1,3301,1,0.02514,ok
ucr,036_UCR_Anomaly_DISTORTEDInternalBleeding9_4200_6599_6681,DISTORTEDInternalBleeding9,,iforest,tuned,"{'w': 50, 'n_estimators': 100}",0.01405,0.02399,0.66284,0.0,1.07,5.0,0.0,3301,1,0.02514,ok
ucr,036_UCR_Anomaly_DISTORTEDInternalBleeding9_4200_6599_6681,DISTORTEDInternalBleeding9,,lof,default,,0.01438,0.02199,0.7156,0.0,0.21,,1594.1,3301,1,0.02514,ok
ucr,036_UCR_Anomaly_DISTORTEDInternalBleeding9_4200_6599_6681,DISTORTEDInternalBleeding9,,lof,tuned,"{'w': 50, 'k': 30}",0.01465,0.02261,0.6911,0.0,0.7,2.4,0.0,3301,1,0.02514,ok
ucr,036_UCR_Anomaly_DISTORTEDInternalBleeding9_4200_6599_6681,DISTORTEDInternalBleeding9,,knn,default,,0.01468,0.02593,0.80641,0.03571,0.08,,1594.1,3301,1,0.02514,ok
ucr,036_UCR_Anomaly_DISTORTEDInternalBleeding9_4200_6599_6681,DISTORTEDInternalBleeding9,,knn,tuned,"{'w': 50, 'k': 5}",0.01616,0.03064,0.72495,0.06667,0.39,1.7,0.0,3301,1,0.02514,ok
ucr,036_UCR_Anomaly_DISTORTEDInternalBleeding9_4200_6599_6681,DISTORTEDInternalBleeding9,,ae,default,,0.01315,0.02108,0.6454,0.0,1.35,,1599.4,3301,1,0.02514,ok
ucr,036_UCR_Anomaly_DISTORTEDInternalBleeding9_4200_6599_6681,DISTORTEDInternalBleeding9,,ae,tuned,"{'w': 200, 'hidden': 32, 'latent': 16}",0.01323,0.02082,0.63458,0.0,1.23,8.51,0.0,3301,1,0.02514,ok
ucr,037_UCR_Anomaly_DISTORTEDLab2Cmac011215EPG1_5000_17210_17260,DISTORTEDLab2Cmac011215EPG1,,chronos_small_resid,default,,0.14953,0.02919,0.90372,0.00854,0.26,,1738.6,25001,1,0.00204,ok
smd,machine-1-2,server,,timesfm_resid,default,,0.30158,0.24051,0.83902,0.14302,77.47,,2046.7,23694,38,0.02287,ok
ucr,037_UCR_Anomaly_DISTORTEDLab2Cmac011215EPG1_5000_17210_17260,DISTORTEDLab2Cmac011215EPG1,,chronos_small_quantile,default,,0.13387,0.03594,0.89555,1.0,0.26,,1738.6,25001,1,0.00204,ok
smd,machine-1-2,server,,timesfm_quantile,default,,0.1346,0.08574,0.70832,0.07194,77.47,,2046.7,23694,38,0.02287,ok
ucr,037_UCR_Anomaly_DISTORTEDLab2Cmac011215EPG1_5000_17210_17260,DISTORTEDLab2Cmac011215EPG1,,chronos_base_resid,default,,0.15632,0.03318,0.8881,0.01051,0.89,,1970.5,25001,1,0.00204,ok
ucr,037_UCR_Anomaly_DISTORTEDLab2Cmac011215EPG1_5000_17210_17260,DISTORTEDLab2Cmac011215EPG1,,chronos_base_quantile,default,,0.25805,0.0663,0.93286,1.0,0.89,,1970.5,25001,1,0.00204,ok
ucr,037_UCR_Anomaly_DISTORTEDLab2Cmac011215EPG1_5000_17210_17260,DISTORTEDLab2Cmac011215EPG1,,timesfm_resid,default,,0.16186,0.03733,0.78074,0.01329,7.58,,2046.7,25001,1,0.00204,ok
ucr,037_UCR_Anomaly_DISTORTEDLab2Cmac011215EPG1_5000_17210_17260,DISTORTEDLab2Cmac011215EPG1,,timesfm_quantile,default,,0.09316,0.02966,0.70556,1.0,7.58,,2046.7,25001,1,0.00204,ok
ucr,037_UCR_Anomaly_DISTORTEDLab2Cmac011215EPG1_5000_17210_17260,DISTORTEDLab2Cmac011215EPG1,,tirex_resid,default,,0.13464,0.03113,0.7956,0.00879,10.7,,2033.8,25001,1,0.00204,ok
ucr,037_UCR_Anomaly_DISTORTEDLab2Cmac011215EPG1_5000_17210_17260,DISTORTEDLab2Cmac011215EPG1,,tirex_quantile,default,,0.03283,0.01422,0.6688,1.0,10.7,,2033.8,25001,1,0.00204,ok
ucr,037_UCR_Anomaly_DISTORTEDLab2Cmac011215EPG1_5000_17210_17260,DISTORTEDLab2Cmac011215EPG1,,iforest,default,,1.0,0.46329,0.99971,1.0,2.35,,1594.1,25001,1,0.00204,ok
ucr,037_UCR_Anomaly_DISTORTEDLab2Cmac011215EPG1_5000_17210_17260,DISTORTEDLab2Cmac011215EPG1,,iforest,tuned,"{'w': 50, 'n_estimators': 100}",0.99406,0.49203,0.99971,0.4,3.16,5.64,0.0,25001,1,0.00204,ok
ucr,037_UCR_Anomaly_DISTORTEDLab2Cmac011215EPG1_5000_17210_17260,DISTORTEDLab2Cmac011215EPG1,,lof,default,,0.99316,0.48865,0.99972,1.0,0.62,,1594.1,25001,1,0.00204,ok
ucr,037_UCR_Anomaly_DISTORTEDLab2Cmac011215EPG1_5000_17210_17260,DISTORTEDLab2Cmac011215EPG1,,lof,tuned,"{'w': 50, 'k': 30}",1.0,0.51341,0.99971,0.66667,2.26,2.8,0.0,25001,1,0.00204,ok
ucr,037_UCR_Anomaly_DISTORTEDLab2Cmac011215EPG1_5000_17210_17260,DISTORTEDLab2Cmac011215EPG1,,knn,default,,0.99316,0.4915,0.99972,1.0,0.44,,1594.1,25001,1,0.00204,ok
ucr,037_UCR_Anomaly_DISTORTEDLab2Cmac011215EPG1_5000_17210_17260,DISTORTEDLab2Cmac011215EPG1,,knn,tuned,"{'w': 50, 'k': 3}",0.99888,0.51748,0.9997,0.66667,1.87,1.91,0.0,25001,1,0.00204,ok
ucr,037_UCR_Anomaly_DISTORTEDLab2Cmac011215EPG1_5000_17210_17260,DISTORTEDLab2Cmac011215EPG1,,ae,default,,0.97431,0.52772,0.99968,1.0,2.33,,1608.8,25001,1,0.00204,ok
ucr,037_UCR_Anomaly_DISTORTEDLab2Cmac011215EPG1_5000_17210_17260,DISTORTEDLab2Cmac011215EPG1,,ae,tuned,"{'w': 50, 'hidden': 32, 'latent': 16}",0.99157,0.52476,0.99968,0.4,5.91,9.34,0.0,25001,1,0.00204,ok
smd,machine-1-2,server,,tirex_resid,default,,0.30225,0.25465,0.8233,0.15693,88.01,,2033.8,23694,38,0.02287,ok
ucr,038_UCR_Anomaly_DISTORTEDLab2Cmac011215EPG2_5000_27862_27932,DISTORTEDLab2Cmac011215EPG2,,chronos_small_resid,default,,0.00271,0.00432,0.66791,0.0012,0.42,,1738.6,24950,1,0.00285,ok
smd,machine-1-2,server,,tirex_quantile,default,,0.05031,0.05711,0.70072,0.0256,88.01,,2033.8,23694,38,0.02287,ok
ucr,038_UCR_Anomaly_DISTORTEDLab2Cmac011215EPG2_5000_27862_27932,DISTORTEDLab2Cmac011215EPG2,,chronos_small_quantile,default,,0.00273,0.00423,0.66667,1.0,0.42,,1738.6,24950,1,0.00285,ok
smd,machine-1-2,server,,iforest,default,,0.50451,0.55622,0.91736,0.75,3.7,,1594.1,23694,38,0.02287,ok
ucr,038_UCR_Anomaly_DISTORTEDLab2Cmac011215EPG2_5000_27862_27932,DISTORTEDLab2Cmac011215EPG2,,chronos_base_resid,default,,0.00285,0.00462,0.67312,0.00166,0.56,,1970.5,24950,1,0.00285,ok
ucr,038_UCR_Anomaly_DISTORTEDLab2Cmac011215EPG2_5000_27862_27932,DISTORTEDLab2Cmac011215EPG2,,chronos_base_quantile,default,,0.00274,0.00427,0.67039,1.0,0.56,,1970.5,24950,1,0.00285,ok
smd,machine-1-2,server,,iforest,tuned,"{'w': 100, 'n_estimators': 200}",0.50451,0.55622,0.91736,0.75,4.81,12.69,0.0,23694,38,0.02287,ok
smd,machine-1-2,server,,lof,default,,0.01252,0.02089,0.60847,0.08558,14.48,,1594.1,23694,38,0.02287,ok
ucr,038_UCR_Anomaly_DISTORTEDLab2Cmac011215EPG2_5000_27862_27932,DISTORTEDLab2Cmac011215EPG2,,timesfm_resid,default,,0.0087,0.00739,0.66978,0.00613,8.48,,2046.7,24950,1,0.00285,ok
ucr,038_UCR_Anomaly_DISTORTEDLab2Cmac011215EPG2_5000_27862_27932,DISTORTEDLab2Cmac011215EPG2,,timesfm_quantile,default,,0.01064,0.00902,0.68491,1.0,8.48,,2046.7,24950,1,0.00285,ok
ucr,038_UCR_Anomaly_DISTORTEDLab2Cmac011215EPG2_5000_27862_27932,DISTORTEDLab2Cmac011215EPG2,,tirex_resid,default,,0.00562,0.00711,0.69191,0.00626,23.66,,2033.8,24950,1,0.00285,ok
ucr,038_UCR_Anomaly_DISTORTEDLab2Cmac011215EPG2_5000_27862_27932,DISTORTEDLab2Cmac011215EPG2,,tirex_quantile,default,,0.00446,0.00675,0.83207,1.0,23.66,,2033.8,24950,1,0.00285,ok
ucr,038_UCR_Anomaly_DISTORTEDLab2Cmac011215EPG2_5000_27862_27932,DISTORTEDLab2Cmac011215EPG2,,iforest,default,,0.00468,0.00835,0.71795,0.06279,7.0,,1594.1,24950,1,0.00285,ok
smd,machine-1-2,server,,lof,tuned,"{'w': 50, 'k': 50}",0.01324,0.02119,0.61858,0.04489,38.25,42.26,0.0,23694,38,0.02287,ok
smd,machine-1-2,server,,knn,default,,0.39978,0.42904,0.80624,0.57143,9.89,,1594.1,23694,38,0.02287,ok
ucr,038_UCR_Anomaly_DISTORTEDLab2Cmac011215EPG2_5000_27862_27932,DISTORTEDLab2Cmac011215EPG2,,iforest,tuned,"{'w': 50, 'n_estimators': 200}",0.00906,0.01634,0.70955,0.06614,4.8,12.37,0.0,24950,1,0.00285,ok
ucr,038_UCR_Anomaly_DISTORTEDLab2Cmac011215EPG2_5000_27862_27932,DISTORTEDLab2Cmac011215EPG2,,lof,default,,0.00596,0.00708,0.73133,0.04627,0.63,,1594.1,24950,1,0.00285,ok
ucr,038_UCR_Anomaly_DISTORTEDLab2Cmac011215EPG2_5000_27862_27932,DISTORTEDLab2Cmac011215EPG2,,lof,tuned,"{'w': 50, 'k': 30}",0.09204,0.07778,0.84747,0.20556,5.11,6.0,0.0,24950,1,0.00285,ok
ucr,038_UCR_Anomaly_DISTORTEDLab2Cmac011215EPG2_5000_27862_27932,DISTORTEDLab2Cmac011215EPG2,,knn,default,,0.01515,0.01788,0.84561,0.09381,0.92,,1594.1,24950,1,0.00285,ok
ucr,038_UCR_Anomaly_DISTORTEDLab2Cmac011215EPG2_5000_27862_27932,DISTORTEDLab2Cmac011215EPG2,,knn,tuned,"{'w': 50, 'k': 5}",0.16861,0.15296,0.84747,0.31351,7.31,6.75,0.0,24950,1,0.00285,ok
ucr,038_UCR_Anomaly_DISTORTEDLab2Cmac011215EPG2_5000_27862_27932,DISTORTEDLab2Cmac011215EPG2,,ae,default,,0.00502,0.00612,0.69626,0.04241,7.72,,1608.8,24950,1,0.00285,ok
smd,machine-1-2,server,,knn,tuned,"{'w': 50, 'k': 3}",0.45384,0.44491,0.81546,0.52756,25.41,22.04,0.0,23694,38,0.02287,ok
smd,machine-1-2,server,,ae,default,,0.27156,0.35514,0.84934,0.57553,10.54,,2160.3,23694,38,0.02287,ok
ucr,038_UCR_Anomaly_DISTORTEDLab2Cmac011215EPG2_5000_27862_27932,DISTORTEDLab2Cmac011215EPG2,,ae,tuned,"{'w': 50, 'hidden': 32, 'latent': 16}",0.03423,0.03243,0.74052,0.07442,6.14,9.81,0.0,24950,1,0.00285,ok
ucr,039_UCR_Anomaly_DISTORTEDLab2Cmac011215EPG3_5000_16390_16420,DISTORTEDLab2Cmac011215EPG3,,chronos_small_resid,default,,0.00302,0.00373,0.7187,0.00266,0.42,,1738.6,24950,1,0.00124,ok
ucr,039_UCR_Anomaly_DISTORTEDLab2Cmac011215EPG3_5000_16390_16420,DISTORTEDLab2Cmac011215EPG3,,chronos_small_quantile,default,,0.00633,0.00522,0.74503,1.0,0.42,,1738.6,24950,1,0.00124,ok
ucr,039_UCR_Anomaly_DISTORTEDLab2Cmac011215EPG3_5000_16390_16420,DISTORTEDLab2Cmac011215EPG3,,chronos_base_resid,default,,0.00253,0.00348,0.81474,0.00251,0.66,,1970.5,24950,1,0.00124,ok
ucr,039_UCR_Anomaly_DISTORTEDLab2Cmac011215EPG3_5000_16390_16420,DISTORTEDLab2Cmac011215EPG3,,chronos_base_quantile,default,,0.00425,0.00528,0.81223,1.0,0.66,,1970.5,24950,1,0.00124,ok
ucr,039_UCR_Anomaly_DISTORTEDLab2Cmac011215EPG3_5000_16390_16420,DISTORTEDLab2Cmac011215EPG3,,timesfm_resid,default,,0.00582,0.00605,0.67419,0.00713,8.2,,2046.7,24950,1,0.00124,ok
ucr,039_UCR_Anomaly_DISTORTEDLab2Cmac011215EPG3_5000_16390_16420,DISTORTEDLab2Cmac011215EPG3,,timesfm_quantile,default,,0.00562,0.00614,0.66667,1.0,8.2,,2046.7,24950,1,0.00124,ok
smd,machine-1-2,server,,ae,tuned,"{'w': 50, 'hidden': 64, 'latent': 8}",0.37764,0.44049,0.87336,0.53443,20.08,50.01,0.0,23694,38,0.02287,ok
ucr,039_UCR_Anomaly_DISTORTEDLab2Cmac011215EPG3_5000_16390_16420,DISTORTEDLab2Cmac011215EPG3,,tirex_resid,default,,0.00583,0.00528,0.66857,0.00719,9.47,,2033.8,24950,1,0.00124,ok
ucr,039_UCR_Anomaly_DISTORTEDLab2Cmac011215EPG3_5000_16390_16420,DISTORTEDLab2Cmac011215EPG3,,tirex_quantile,default,,0.00417,0.00452,0.66667,1.0,9.47,,2033.8,24950,1,0.00124,ok
ucr,039_UCR_Anomaly_DISTORTEDLab2Cmac011215EPG3_5000_16390_16420,DISTORTEDLab2Cmac011215EPG3,,iforest,default,,0.94216,0.33246,0.99987,0.4,2.08,,1594.1,24950,1,0.00124,ok
smd,machine-1-3,server,,chronos_small_resid,default,,0.1012,0.12507,0.7877,0.10129,2.72,,1738.6,23703,38,0.03447,ok
ucr,039_UCR_Anomaly_DISTORTEDLab2Cmac011215EPG3_5000_16390_16420,DISTORTEDLab2Cmac011215EPG3,,iforest,tuned,"{'w': 50, 'n_estimators': 200}",0.99899,0.3138,0.9999,0.2,3.65,6.28,0.0,24950,1,0.00124,ok
ucr,039_UCR_Anomaly_DISTORTEDLab2Cmac011215EPG3_5000_16390_16420,DISTORTEDLab2Cmac011215EPG3,,lof,default,,0.73244,0.33065,0.9996,0.66667,0.55,,1594.1,24950,1,0.00124,ok
ucr,039_UCR_Anomaly_DISTORTEDLab2Cmac011215EPG3_5000_16390_16420,DISTORTEDLab2Cmac011215EPG3,,lof,tuned,"{'w': 50, 'k': 30}",0.97865,0.30626,0.99988,0.5,2.57,2.84,0.0,24950,1,0.00124,ok
smd,machine-1-3,server,,chronos_small_quantile,default,,0.08504,0.10875,0.73902,0.05821,2.72,,1738.6,23703,38,0.03447,ok
ucr,039_UCR_Anomaly_DISTORTEDLab2Cmac011215EPG3_5000_16390_16420,DISTORTEDLab2Cmac011215EPG3,,knn,default,,0.1792,0.24238,0.75305,0.66667,0.38,,1594.1,24950,1,0.00124,ok
ucr,039_UCR_Anomaly_DISTORTEDLab2Cmac011215EPG3_5000_16390_16420,DISTORTEDLab2Cmac011215EPG3,,knn,tuned,"{'w': 50, 'k': 3}",0.97736,0.31378,0.99986,0.5,2.08,1.86,0.0,24950,1,0.00124,ok
ucr,039_UCR_Anomaly_DISTORTEDLab2Cmac011215EPG3_5000_16390_16420,DISTORTEDLab2Cmac011215EPG3,,ae,default,,0.75501,0.32818,0.99964,0.66667,2.67,,1608.8,24950,1,0.00124,ok
smd,machine-1-3,server,,chronos_base_resid,default,,0.10075,0.12307,0.78539,0.1209,4.78,,1970.5,23703,38,0.03447,ok
ucr,039_UCR_Anomaly_DISTORTEDLab2Cmac011215EPG3_5000_16390_16420,DISTORTEDLab2Cmac011215EPG3,,ae,tuned,"{'w': 50, 'hidden': 32, 'latent': 16}",0.95221,0.32031,0.99983,0.22222,5.46,9.01,0.0,24950,1,0.00124,ok
smd,machine-1-3,server,,chronos_base_quantile,default,,0.08875,0.11423,0.79203,0.07353,4.78,,1970.5,23703,38,0.03447,ok
ucr,040_UCR_Anomaly_DISTORTEDLab2Cmac011215EPG4_6000_17390_17520,DISTORTEDLab2Cmac011215EPG4,,chronos_small_resid,default,,0.00494,0.00734,0.71835,0.0021,0.53,,1738.6,24066,1,0.00544,ok
ucr,040_UCR_Anomaly_DISTORTEDLab2Cmac011215EPG4_6000_17390_17520,DISTORTEDLab2Cmac011215EPG4,,chronos_small_quantile,default,,0.00514,0.00776,0.72316,1.0,0.53,,1738.6,24066,1,0.00544,ok
ucr,040_UCR_Anomaly_DISTORTEDLab2Cmac011215EPG4_6000_17390_17520,DISTORTEDLab2Cmac011215EPG4,,chronos_base_resid,default,,0.00501,0.00753,0.73549,0.00103,0.51,,1970.5,24066,1,0.00544,ok
ucr,040_UCR_Anomaly_DISTORTEDLab2Cmac011215EPG4_6000_17390_17520,DISTORTEDLab2Cmac011215EPG4,,chronos_base_quantile,default,,0.00484,0.00751,0.85279,1.0,0.51,,1970.5,24066,1,0.00544,ok
ucr,040_UCR_Anomaly_DISTORTEDLab2Cmac011215EPG4_6000_17390_17520,DISTORTEDLab2Cmac011215EPG4,,timesfm_resid,default,,0.00614,0.00822,0.6705,0.00194,6.29,,2046.7,24066,1,0.00544,ok
ucr,040_UCR_Anomaly_DISTORTEDLab2Cmac011215EPG4_6000_17390_17520,DISTORTEDLab2Cmac011215EPG4,,timesfm_quantile,default,,0.00541,0.00788,0.66668,1.0,6.29,,2046.7,24066,1,0.00544,ok
ucr,040_UCR_Anomaly_DISTORTEDLab2Cmac011215EPG4_6000_17390_17520,DISTORTEDLab2Cmac011215EPG4,,tirex_resid,default,,0.00612,0.00854,0.66857,0.00163,8.98,,2033.8,24066,1,0.00544,ok
ucr,040_UCR_Anomaly_DISTORTEDLab2Cmac011215EPG4_6000_17390_17520,DISTORTEDLab2Cmac011215EPG4,,tirex_quantile,default,,0.00612,0.00904,0.68074,1.0,8.98,,2033.8,24066,1,0.00544,ok
ucr,040_UCR_Anomaly_DISTORTEDLab2Cmac011215EPG4_6000_17390_17520,DISTORTEDLab2Cmac011215EPG4,,iforest,default,,0.00467,0.00688,0.82654,0.03087,1.89,,1594.1,24066,1,0.00544,ok
ucr,040_UCR_Anomaly_DISTORTEDLab2Cmac011215EPG4_6000_17390_17520,DISTORTEDLab2Cmac011215EPG4,,iforest,tuned,"{'w': 50, 'n_estimators': 200}",0.00473,0.00664,0.81576,0.00644,3.34,6.35,0.0,24066,1,0.00544,ok
ucr,040_UCR_Anomaly_DISTORTEDLab2Cmac011215EPG4_6000_17390_17520,DISTORTEDLab2Cmac011215EPG4,,lof,default,,0.01844,0.02468,0.78508,0.07334,0.61,,1594.1,24066,1,0.00544,ok
smd,machine-1-3,server,,timesfm_resid,default,,0.11379,0.14324,0.77131,0.13321,72.86,,2046.7,23703,38,0.03447,ok
ucr,040_UCR_Anomaly_DISTORTEDLab2Cmac011215EPG4_6000_17390_17520,DISTORTEDLab2Cmac011215EPG4,,lof,tuned,"{'w': 50, 'k': 30}",0.18007,0.24251,0.82832,0.30556,2.44,3.14,0.0,24066,1,0.00544,ok
ucr,040_UCR_Anomaly_DISTORTEDLab2Cmac011215EPG4_6000_17390_17520,DISTORTEDLab2Cmac011215EPG4,,knn,default,,0.09598,0.13474,0.788,0.25298,0.37,,1594.1,24066,1,0.00544,ok
ucr,040_UCR_Anomaly_DISTORTEDLab2Cmac011215EPG4_6000_17390_17520,DISTORTEDLab2Cmac011215EPG4,,knn,tuned,"{'w': 50, 'k': 3}",0.21748,0.28007,0.84494,0.33333,1.96,2.02,0.0,24066,1,0.00544,ok
ucr,040_UCR_Anomaly_DISTORTEDLab2Cmac011215EPG4_6000_17390_17520,DISTORTEDLab2Cmac011215EPG4,,ae,default,,0.00978,0.01303,0.78017,0.0496,2.67,,1608.5,24066,1,0.00544,ok
smd,machine-1-3,server,,timesfm_quantile,default,,0.08643,0.0958,0.75134,0.05514,72.86,,2046.7,23703,38,0.03447,ok
ucr,040_UCR_Anomaly_DISTORTEDLab2Cmac011215EPG4_6000_17390_17520,DISTORTEDLab2Cmac011215EPG4,,ae,tuned,"{'w': 50, 'hidden': 32, 'latent': 16}",0.02764,0.03285,0.79158,0.03741,5.86,12.3,0.0,24066,1,0.00544,ok
ucr,041_UCR_Anomaly_DISTORTEDLab2Cmac011215EPG5_7000_17390_17520,DISTORTEDLab2Cmac011215EPG5,,chronos_small_resid,default,,0.00931,0.01099,0.74804,0.00698,0.26,,1738.6,22826,1,0.00574,ok
ucr,041_UCR_Anomaly_DISTORTEDLab2Cmac011215EPG5_7000_17390_17520,DISTORTEDLab2Cmac011215EPG5,,chronos_small_quantile,default,,0.01813,0.01147,0.72644,1.0,0.26,,1738.6,22826,1,0.00574,ok
ucr,041_UCR_Anomaly_DISTORTEDLab2Cmac011215EPG5_7000_17390_17520,DISTORTEDLab2Cmac011215EPG5,,chronos_base_resid,default,,0.00861,0.01071,0.74573,0.00708,0.52,,1970.5,22826,1,0.00574,ok
ucr,041_UCR_Anomaly_DISTORTEDLab2Cmac011215EPG5_7000_17390_17520,DISTORTEDLab2Cmac011215EPG5,,chronos_base_quantile,default,,0.00636,0.00867,0.75708,1.0,0.52,,1970.5,22826,1,0.00574,ok
ucr,041_UCR_Anomaly_DISTORTEDLab2Cmac011215EPG5_7000_17390_17520,DISTORTEDLab2Cmac011215EPG5,,timesfm_resid,default,,0.00928,0.01173,0.68314,0.00307,6.8,,2046.7,22826,1,0.00574,ok
ucr,041_UCR_Anomaly_DISTORTEDLab2Cmac011215EPG5_7000_17390_17520,DISTORTEDLab2Cmac011215EPG5,,timesfm_quantile,default,,0.00692,0.00951,0.66668,1.0,6.8,,2046.7,22826,1,0.00574,ok
ucr,041_UCR_Anomaly_DISTORTEDLab2Cmac011215EPG5_7000_17390_17520,DISTORTEDLab2Cmac011215EPG5,,tirex_resid,default,,0.00985,0.01214,0.67141,0.00256,11.07,,2033.8,22826,1,0.00574,ok
ucr,041_UCR_Anomaly_DISTORTEDLab2Cmac011215EPG5_7000_17390_17520,DISTORTEDLab2Cmac011215EPG5,,tirex_quantile,default,,0.00742,0.00952,0.66668,1.0,11.07,,2033.8,22826,1,0.00574,ok
ucr,041_UCR_Anomaly_DISTORTEDLab2Cmac011215EPG5_7000_17390_17520,DISTORTEDLab2Cmac011215EPG5,,iforest,default,,0.54206,0.38295,0.99803,0.2582,2.26,,1594.1,22826,1,0.00574,ok
ucr,041_UCR_Anomaly_DISTORTEDLab2Cmac011215EPG5_7000_17390_17520,DISTORTEDLab2Cmac011215EPG5,,iforest,tuned,"{'w': 50, 'n_estimators': 100}",0.47175,0.21547,0.99827,0.28333,2.68,7.08,0.0,22826,1,0.00574,ok
ucr,041_UCR_Anomaly_DISTORTEDLab2Cmac011215EPG5_7000_17390_17520,DISTORTEDLab2Cmac011215EPG5,,lof,default,,0.60894,0.328,0.99863,0.52273,0.61,,1594.1,22826,1,0.00574,ok
smd,machine-1-3,server,,tirex_resid,default,,0.11206,0.12721,0.77994,0.10595,89.92,,2033.8,23703,38,0.03447,ok
ucr,041_UCR_Anomaly_DISTORTEDLab2Cmac011215EPG5_7000_17390_17520,DISTORTEDLab2Cmac011215EPG5,,lof,tuned,"{'w': 50, 'k': 30}",0.52066,0.27573,0.99846,0.42235,2.8,3.65,0.0,22826,1,0.00574,ok
ucr,041_UCR_Anomaly_DISTORTEDLab2Cmac011215EPG5_7000_17390_17520,DISTORTEDLab2Cmac011215EPG5,,knn,default,,0.49534,0.2777,0.99824,0.42857,0.42,,1594.1,22826,1,0.00574,ok
ucr,041_UCR_Anomaly_DISTORTEDLab2Cmac011215EPG5_7000_17390_17520,DISTORTEDLab2Cmac011215EPG5,,knn,tuned,"{'w': 50, 'k': 3}",0.51637,0.27085,0.99861,0.40876,2.07,2.45,0.0,22826,1,0.00574,ok
smd,machine-1-3,server,,tirex_quantile,default,,0.07014,0.07892,0.73161,0.06287,89.92,,2033.8,23703,38,0.03447,ok
ucr,041_UCR_Anomaly_DISTORTEDLab2Cmac011215EPG5_7000_17390_17520,DISTORTEDLab2Cmac011215EPG5,,ae,default,,0.53561,0.27157,0.99824,0.29722,3.14,,1608.0,22826,1,0.00574,ok
smd,machine-1-3,server,,iforest,default,,0.22993,0.25203,0.83093,0.54776,4.09,,1594.1,23703,38,0.03447,ok
smd,machine-1-3,server,,iforest,tuned,"{'w': 100, 'n_estimators': 100}",0.23223,0.24902,0.81403,0.5064,4.18,13.93,0.0,23703,38,0.03447,ok
ucr,041_UCR_Anomaly_DISTORTEDLab2Cmac011215EPG5_7000_17390_17520,DISTORTEDLab2Cmac011215EPG5,,ae,tuned,"{'w': 50, 'hidden': 32, 'latent': 16}",0.5042,0.27304,0.99778,0.30556,6.89,14.35,0.0,22826,1,0.00574,ok
smd,machine-1-3,server,,lof,default,,0.06734,0.10056,0.73605,0.33839,14.01,,1594.1,23703,38,0.03447,ok
ucr,042_UCR_Anomaly_DISTORTEDLab2Cmac011215EPG6_7000_12190_12420,DISTORTEDLab2Cmac011215EPG6,,chronos_small_resid,default,,0.00694,0.01035,0.67254,0.00059,0.77,,1738.6,22859,1,0.01011,ok
ucr,042_UCR_Anomaly_DISTORTEDLab2Cmac011215EPG6_7000_12190_12420,DISTORTEDLab2Cmac011215EPG6,,chronos_small_quantile,default,,0.00912,0.01309,0.66671,1.0,0.77,,1738.6,22859,1,0.01011,ok
ucr,042_UCR_Anomaly_DISTORTEDLab2Cmac011215EPG6_7000_12190_12420,DISTORTEDLab2Cmac011215EPG6,,chronos_base_resid,default,,0.00716,0.01072,0.66013,0.00046,0.92,,1970.5,22859,1,0.01011,ok
ucr,042_UCR_Anomaly_DISTORTEDLab2Cmac011215EPG6_7000_12190_12420,DISTORTEDLab2Cmac011215EPG6,,chronos_base_quantile,default,,0.00986,0.01366,0.70166,1.0,0.92,,1970.5,22859,1,0.01011,ok
smd,machine-1-3,server,,lof,tuned,"{'w': 50, 'k': 30}",0.06559,0.09317,0.69922,0.29182,38.75,41.59,0.0,23703,38,0.03447,ok
ucr,042_UCR_Anomaly_DISTORTEDLab2Cmac011215EPG6_7000_12190_12420,DISTORTEDLab2Cmac011215EPG6,,timesfm_resid,default,,0.00728,0.01109,0.66649,0.00045,21.67,,2046.7,22859,1,0.01011,ok
ucr,042_UCR_Anomaly_DISTORTEDLab2Cmac011215EPG6_7000_12190_12420,DISTORTEDLab2Cmac011215EPG6,,timesfm_quantile,default,,0.01011,0.01399,0.66671,1.0,21.67,,2046.7,22859,1,0.01011,ok
smd,machine-1-3,server,,knn,default,,0.10603,0.13873,0.81121,0.66667,9.8,,1594.1,23703,38,0.03447,ok
ucr,042_UCR_Anomaly_DISTORTEDLab2Cmac011215EPG6_7000_12190_12420,DISTORTEDLab2Cmac011215EPG6,,tirex_resid,default,,0.00765,0.01146,0.66281,0.00052,19.42,,2033.8,22859,1,0.01011,ok
smd,machine-1-3,server,,knn,tuned,"{'w': 50, 'k': 5}",0.13,0.14099,0.81817,0.48128,24.62,21.01,0.0,23703,38,0.03447,ok
ucr,042_UCR_Anomaly_DISTORTEDLab2Cmac011215EPG6_7000_12190_12420,DISTORTEDLab2Cmac011215EPG6,,tirex_quantile,default,,0.00939,0.01415,0.66671,1.0,19.42,,2033.8,22859,1,0.01011,ok
ucr,042_UCR_Anomaly_DISTORTEDLab2Cmac011215EPG6_7000_12190_12420,DISTORTEDLab2Cmac011215EPG6,,iforest,default,,0.00509,0.00925,0.63955,0.0,2.03,,1594.1,22859,1,0.01011,ok
smd,machine-1-3,server,,ae,default,,0.31923,0.36861,0.90118,0.8,11.19,,2160.3,23703,38,0.03447,ok
ucr,042_UCR_Anomaly_DISTORTEDLab2Cmac011215EPG6_7000_12190_12420,DISTORTEDLab2Cmac011215EPG6,,iforest,tuned,"{'w': 50, 'n_estimators': 100}",0.0051,0.00861,0.63623,0.0,2.56,6.54,0.0,22859,1,0.01011,ok
ucr,042_UCR_Anomaly_DISTORTEDLab2Cmac011215EPG6_7000_12190_12420,DISTORTEDLab2Cmac011215EPG6,,lof,default,,0.00904,0.01173,0.69601,0.02174,0.65,,1594.1,22859,1,0.01011,ok
ucr,042_UCR_Anomaly_DISTORTEDLab2Cmac011215EPG6_7000_12190_12420,DISTORTEDLab2Cmac011215EPG6,,lof,tuned,"{'w': 50, 'k': 30}",0.39836,0.32467,0.80042,0.33712,2.64,3.44,0.0,22859,1,0.01011,ok
ucr,042_UCR_Anomaly_DISTORTEDLab2Cmac011215EPG6_7000_12190_12420,DISTORTEDLab2Cmac011215EPG6,,knn,default,,0.04375,0.04169,0.71477,0.09376,0.39,,1594.1,22859,1,0.01011,ok
ucr,042_UCR_Anomaly_DISTORTEDLab2Cmac011215EPG6_7000_12190_12420,DISTORTEDLab2Cmac011215EPG6,,knn,tuned,"{'w': 50, 'k': 3}",0.49649,0.41869,0.81794,0.44643,1.99,2.35,0.0,22859,1,0.01011,ok
ucr,042_UCR_Anomaly_DISTORTEDLab2Cmac011215EPG6_7000_12190_12420,DISTORTEDLab2Cmac011215EPG6,,ae,default,,0.0052,0.00787,0.68174,0.0,2.07,,1608.1,22859,1,0.01011,ok
ucr,042_UCR_Anomaly_DISTORTEDLab2Cmac011215EPG6_7000_12190_12420,DISTORTEDLab2Cmac011215EPG6,,ae,tuned,"{'w': 50, 'hidden': 32, 'latent': 16}",0.00515,0.00794,0.68715,0.0,6.43,12.37,0.0,22859,1,0.01011,ok
ucr,043_UCR_Anomaly_DISTORTEDMesoplodonDensirostris_10000_19280_19440,DISTORTEDMesoplodonDensirostris,,chronos_small_resid,default,,0.03105,0.0265,0.85808,0.02164,0.41,,1725.3,14667,1,0.01098,ok
ucr,043_UCR_Anomaly_DISTORTEDMesoplodonDensirostris_10000_19280_19440,DISTORTEDMesoplodonDensirostris,,chronos_small_quantile,default,,0.01232,0.01706,0.84609,1.0,0.41,,1725.3,14667,1,0.01098,ok
ucr,043_UCR_Anomaly_DISTORTEDMesoplodonDensirostris_10000_19280_19440,DISTORTEDMesoplodonDensirostris,,chronos_base_resid,default,,0.0257,0.02491,0.88571,0.01709,0.42,,1944.8,14667,1,0.01098,ok
ucr,043_UCR_Anomaly_DISTORTEDMesoplodonDensirostris_10000_19280_19440,DISTORTEDMesoplodonDensirostris,,chronos_base_quantile,default,,0.01229,0.01696,0.77277,1.0,0.42,,1944.8,14667,1,0.01098,ok
ucr,043_UCR_Anomaly_DISTORTEDMesoplodonDensirostris_10000_19280_19440,DISTORTEDMesoplodonDensirostris,,timesfm_resid,default,,0.06294,0.03708,0.9046,0.02124,4.36,,2046.7,14667,1,0.01098,ok
ucr,043_UCR_Anomaly_DISTORTEDMesoplodonDensirostris_10000_19280_19440,DISTORTEDMesoplodonDensirostris,,timesfm_quantile,default,,0.02168,0.02892,0.74214,1.0,4.36,,2046.7,14667,1,0.01098,ok
ucr,043_UCR_Anomaly_DISTORTEDMesoplodonDensirostris_10000_19280_19440,DISTORTEDMesoplodonDensirostris,,tirex_resid,default,,0.06821,0.03039,0.98027,0.019,4.4,,1993.1,14667,1,0.01098,ok
ucr,043_UCR_Anomaly_DISTORTEDMesoplodonDensirostris_10000_19280_19440,DISTORTEDMesoplodonDensirostris,,tirex_quantile,default,,0.01121,0.01615,0.78785,1.0,4.4,,1993.1,14667,1,0.01098,ok
ucr,043_UCR_Anomaly_DISTORTEDMesoplodonDensirostris_10000_19280_19440,DISTORTEDMesoplodonDensirostris,,iforest,default,,0.02825,0.03288,0.69325,0.05824,1.57,,1594.1,14667,1,0.01098,ok
smd,machine-1-3,server,,ae,tuned,"{'w': 50, 'hidden': 64, 'latent': 8}",0.37065,0.39349,0.91325,0.71925,19.0,47.72,0.0,23703,38,0.03447,ok
ucr,043_UCR_Anomaly_DISTORTEDMesoplodonDensirostris_10000_19280_19440,DISTORTEDMesoplodonDensirostris,,iforest,tuned,"{'w': 100, 'n_estimators': 200}",0.02825,0.03288,0.69325,0.05824,2.08,6.33,0.0,14667,1,0.01098,ok
ucr,043_UCR_Anomaly_DISTORTEDMesoplodonDensirostris_10000_19280_19440,DISTORTEDMesoplodonDensirostris,,lof,default,,0.10945,0.1224,0.73389,0.28611,0.59,,1594.1,14667,1,0.01098,ok
smd,machine-1-4,server,,chronos_small_resid,default,,0.11172,0.12919,0.78002,0.23588,2.48,,1738.6,23707,38,0.03037,ok
ucr,043_UCR_Anomaly_DISTORTEDMesoplodonDensirostris_10000_19280_19440,DISTORTEDMesoplodonDensirostris,,lof,tuned,"{'w': 50, 'k': 50}",0.2845,0.19169,0.9975,0.23393,1.81,4.12,0.0,14667,1,0.01098,ok
ucr,043_UCR_Anomaly_DISTORTEDMesoplodonDensirostris_10000_19280_19440,DISTORTEDMesoplodonDensirostris,,knn,default,,0.86758,0.70133,0.9996,0.83333,0.27,,1594.1,14667,1,0.01098,ok
ucr,043_UCR_Anomaly_DISTORTEDMesoplodonDensirostris_10000_19280_19440,DISTORTEDMesoplodonDensirostris,,knn,tuned,"{'w': 100, 'k': 3}",0.8802,0.71714,0.9996,1.0,1.2,2.9,0.0,14667,1,0.01098,ok
ucr,043_UCR_Anomaly_DISTORTEDMesoplodonDensirostris_10000_19280_19440,DISTORTEDMesoplodonDensirostris,,ae,default,,0.88339,0.65671,0.99728,0.83333,3.75,,1605.5,14667,1,0.01098,ok
smd,machine-1-4,server,,chronos_small_quantile,default,,0.07885,0.09292,0.80278,0.06871,2.48,,1738.6,23707,38,0.03037,ok
smd,machine-1-4,server,,chronos_base_resid,default,,0.11627,0.13636,0.77858,0.24052,5.1,,1970.5,23707,38,0.03037,ok
ucr,043_UCR_Anomaly_DISTORTEDMesoplodonDensirostris_10000_19280_19440,DISTORTEDMesoplodonDensirostris,,ae,tuned,"{'w': 100, 'hidden': 32, 'latent': 16}",0.86758,0.61721,0.99734,0.725,3.85,19.43,0.0,14667,1,0.01098,ok
smd,machine-1-4,server,,chronos_base_quantile,default,,0.09173,0.10524,0.78983,0.09578,5.1,,1970.5,23707,38,0.03037,ok
ucr,044_UCR_Anomaly_DISTORTEDPowerDemand1_9000_18485_18821,DISTORTEDPowerDemand1,,chronos_small_resid,default,,0.0326,0.03694,0.75334,0.01467,0.57,,1738.6,20931,1,0.0161,ok
ucr,044_UCR_Anomaly_DISTORTEDPowerDemand1_9000_18485_18821,DISTORTEDPowerDemand1,,chronos_small_quantile,default,,0.04195,0.02713,0.95502,1.0,0.57,,1738.6,20931,1,0.0161,ok
ucr,044_UCR_Anomaly_DISTORTEDPowerDemand1_9000_18485_18821,DISTORTEDPowerDemand1,,chronos_base_resid,default,,0.03284,0.03765,0.75062,0.01622,0.52,,1970.5,20931,1,0.0161,ok
ucr,044_UCR_Anomaly_DISTORTEDPowerDemand1_9000_18485_18821,DISTORTEDPowerDemand1,,chronos_base_quantile,default,,0.03071,0.02496,0.90098,1.0,0.52,,1970.5,20931,1,0.0161,ok
ucr,044_UCR_Anomaly_DISTORTEDPowerDemand1_9000_18485_18821,DISTORTEDPowerDemand1,,timesfm_resid,default,,0.0286,0.03722,0.82835,0.01695,5.41,,2046.7,20931,1,0.0161,ok
ucr,044_UCR_Anomaly_DISTORTEDPowerDemand1_9000_18485_18821,DISTORTEDPowerDemand1,,timesfm_quantile,default,,0.03667,0.02786,0.86431,1.0,5.41,,2046.7,20931,1,0.0161,ok
ucr,044_UCR_Anomaly_DISTORTEDPowerDemand1_9000_18485_18821,DISTORTEDPowerDemand1,,tirex_resid,default,,0.03077,0.03713,0.72705,0.01988,9.4,,2033.8,20931,1,0.0161,ok
ucr,044_UCR_Anomaly_DISTORTEDPowerDemand1_9000_18485_18821,DISTORTEDPowerDemand1,,tirex_quantile,default,,0.02796,0.03307,0.81307,1.0,9.4,,2033.8,20931,1,0.0161,ok
ucr,044_UCR_Anomaly_DISTORTEDPowerDemand1_9000_18485_18821,DISTORTEDPowerDemand1,,iforest,default,,0.00829,0.01312,0.67582,0.01389,1.97,,1594.1,20931,1,0.0161,ok
ucr,044_UCR_Anomaly_DISTORTEDPowerDemand1_9000_18485_18821,DISTORTEDPowerDemand1,,iforest,tuned,"{'w': 100, 'n_estimators': 100}",0.00829,0.01325,0.69726,0.01471,2.31,7.19,0.0,20931,1,0.0161,ok
ucr,044_UCR_Anomaly_DISTORTEDPowerDemand1_9000_18485_18821,DISTORTEDPowerDemand1,,lof,default,,0.98376,0.83241,0.99879,1.0,0.69,,1594.1,20931,1,0.0161,ok
ucr,044_UCR_Anomaly_DISTORTEDPowerDemand1_9000_18485_18821,DISTORTEDPowerDemand1,,lof,tuned,"{'w': 50, 'k': 50}",0.95511,0.76129,0.99958,0.91667,2.19,4.31,0.0,20931,1,0.0161,ok
ucr,044_UCR_Anomaly_DISTORTEDPowerDemand1_9000_18485_18821,DISTORTEDPowerDemand1,,knn,default,,0.99827,0.85161,0.99889,1.0,0.37,,1594.1,20931,1,0.0161,ok
ucr,044_UCR_Anomaly_DISTORTEDPowerDemand1_9000_18485_18821,DISTORTEDPowerDemand1,,knn,tuned,"{'w': 50, 'k': 3}",0.99064,0.82155,0.99959,0.91667,1.89,2.72,0.0,20931,1,0.0161,ok
ucr,044_UCR_Anomaly_DISTORTEDPowerDemand1_9000_18485_18821,DISTORTEDPowerDemand1,,ae,default,,0.02818,0.06864,0.89449,0.15833,3.07,,1607.6,20931,1,0.0161,ok
smd,machine-1-4,server,,timesfm_resid,default,,0.11586,0.13257,0.75666,0.23127,76.75,,2046.7,23707,38,0.03037,ok
smd,machine-1-4,server,,timesfm_quantile,default,,0.08541,0.09319,0.76964,0.0776,76.75,,2046.7,23707,38,0.03037,ok
ucr,044_UCR_Anomaly_DISTORTEDPowerDemand1_9000_18485_18821,DISTORTEDPowerDemand1,,ae,tuned,"{'w': 100, 'hidden': 32, 'latent': 8}",0.05357,0.08181,0.94793,0.13542,4.51,16.02,0.0,20931,1,0.0161,ok
ucr,045_UCR_Anomaly_DISTORTEDPowerDemand2_14000_23357_23717,DISTORTEDPowerDemand2,,chronos_small_resid,default,,0.02207,0.03007,0.69435,0.00553,0.15,,1733.8,15931,1,0.02266,ok
ucr,045_UCR_Anomaly_DISTORTEDPowerDemand2_14000_23357_23717,DISTORTEDPowerDemand2,,chronos_small_quantile,default,,0.0225,0.03062,0.76601,1.0,0.15,,1733.8,15931,1,0.02266,ok
ucr,045_UCR_Anomaly_DISTORTEDPowerDemand2_14000_23357_23717,DISTORTEDPowerDemand2,,chronos_base_resid,default,,0.02213,0.03015,0.67813,0.00807,0.35,,1960.1,15931,1,0.02266,ok
ucr,045_UCR_Anomaly_DISTORTEDPowerDemand2_14000_23357_23717,DISTORTEDPowerDemand2,,chronos_base_quantile,default,,0.02362,0.03337,0.739,1.0,0.35,,1960.1,15931,1,0.02266,ok
ucr,045_UCR_Anomaly_DISTORTEDPowerDemand2_14000_23357_23717,DISTORTEDPowerDemand2,,timesfm_resid,default,,0.01974,0.02573,0.66661,0.00673,4.13,,2046.7,15931,1,0.02266,ok
ucr,045_UCR_Anomaly_DISTORTEDPowerDemand2_14000_23357_23717,DISTORTEDPowerDemand2,,timesfm_quantile,default,,0.02104,0.02775,0.72695,1.0,4.13,,2046.7,15931,1,0.02266,ok
ucr,045_UCR_Anomaly_DISTORTEDPowerDemand2_14000_23357_23717,DISTORTEDPowerDemand2,,tirex_resid,default,,0.01903,0.02538,0.6708,0.00449,6.21,,2021.9,15931,1,0.02266,ok
ucr,045_UCR_Anomaly_DISTORTEDPowerDemand2_14000_23357_23717,DISTORTEDPowerDemand2,,tirex_quantile,default,,0.02517,0.03313,0.75012,1.0,6.21,,2021.9,15931,1,0.02266,ok
ucr,045_UCR_Anomaly_DISTORTEDPowerDemand2_14000_23357_23717,DISTORTEDPowerDemand2,,iforest,default,,0.01186,0.01567,0.61987,0.0,1.67,,1594.1,15931,1,0.02266,ok
ucr,045_UCR_Anomaly_DISTORTEDPowerDemand2_14000_23357_23717,DISTORTEDPowerDemand2,,iforest,tuned,"{'w': 100, 'n_estimators': 100}",0.01178,0.01565,0.62117,0.0,1.71,6.93,0.0,15931,1,0.02266,ok
ucr,045_UCR_Anomaly_DISTORTEDPowerDemand2_14000_23357_23717,DISTORTEDPowerDemand2,,lof,default,,0.0227,0.02811,0.66838,0.05091,0.79,,1594.1,15931,1,0.02266,ok
ucr,045_UCR_Anomaly_DISTORTEDPowerDemand2_14000_23357_23717,DISTORTEDPowerDemand2,,lof,tuned,"{'w': 100, 'k': 30}",0.03294,0.03771,0.67273,0.08864,1.47,4.59,0.0,15931,1,0.02266,ok
ucr,045_UCR_Anomaly_DISTORTEDPowerDemand2_14000_23357_23717,DISTORTEDPowerDemand2,,knn,default,,0.1403,0.13957,0.72899,0.24306,0.32,,1594.1,15931,1,0.02266,ok
ucr,045_UCR_Anomaly_DISTORTEDPowerDemand2_14000_23357_23717,DISTORTEDPowerDemand2,,knn,tuned,"{'w': 100, 'k': 5}",0.1403,0.13957,0.72899,0.24306,1.28,2.89,0.0,15931,1,0.02266,ok
ucr,045_UCR_Anomaly_DISTORTEDPowerDemand2_14000_23357_23717,DISTORTEDPowerDemand2,,ae,default,,0.04014,0.04565,0.69813,0.0906,4.57,,1606.1,15931,1,0.02266,ok
smd,machine-1-4,server,,tirex_resid,default,,0.11705,0.13333,0.79459,0.22223,92.81,,2033.8,23707,38,0.03037,ok
ucr,045_UCR_Anomaly_DISTORTEDPowerDemand2_14000_23357_23717,DISTORTEDPowerDemand2,,ae,tuned,"{'w': 100, 'hidden': 64, 'latent': 8}",0.0257,0.03075,0.67632,0.07185,5.36,26.92,0.0,15931,1,0.02266,ok
smd,machine-1-4,server,,tirex_quantile,default,,0.08209,0.09307,0.7625,0.10468,92.81,,2033.8,23707,38,0.03037,ok
ucr,046_UCR_Anomaly_DISTORTEDPowerDemand3_16000_23405_23477,DISTORTEDPowerDemand3,,chronos_small_resid,default,,0.01294,0.02004,0.6813,0.0279,0.34,,1718.7,13931,1,0.00524,ok
ucr,046_UCR_Anomaly_DISTORTEDPowerDemand3_16000_23405_23477,DISTORTEDPowerDemand3,,chronos_small_quantile,default,,0.0339,0.01478,0.82418,1.0,0.34,,1718.7,13931,1,0.00524,ok
smd,machine-1-4,server,,iforest,default,,0.22145,0.25537,0.76913,0.61014,3.9,,1594.1,23707,38,0.03037,ok
ucr,046_UCR_Anomaly_DISTORTEDPowerDemand3_16000_23405_23477,DISTORTEDPowerDemand3,,chronos_base_resid,default,,0.01457,0.02195,0.67831,0.02584,0.48,,1914.5,13931,1,0.00524,ok
ucr,046_UCR_Anomaly_DISTORTEDPowerDemand3_16000_23405_23477,DISTORTEDPowerDemand3,,chronos_base_quantile,default,,0.01549,0.0115,0.73756,1.0,0.48,,1914.5,13931,1,0.00524,ok
ucr,046_UCR_Anomaly_DISTORTEDPowerDemand3_16000_23405_23477,DISTORTEDPowerDemand3,,timesfm_resid,default,,0.01312,0.01958,0.66114,0.01987,4.57,,2046.7,13931,1,0.00524,ok
ucr,046_UCR_Anomaly_DISTORTEDPowerDemand3_16000_23405_23477,DISTORTEDPowerDemand3,,timesfm_quantile,default,,0.01266,0.01302,0.69638,1.0,4.57,,2046.7,13931,1,0.00524,ok
smd,machine-1-4,server,,iforest,tuned,"{'w': 100, 'n_estimators': 200}",0.22145,0.25537,0.76913,0.61014,5.25,13.47,0.0,23707,38,0.03037,ok
ucr,046_UCR_Anomaly_DISTORTEDPowerDemand3_16000_23405_23477,DISTORTEDPowerDemand3,,tirex_resid,default,,0.0115,0.01723,0.66166,0.02483,8.14,,1973.1,13931,1,0.00524,ok
smd,machine-1-4,server,,lof,default,,0.16499,0.1944,0.69483,0.4,15.28,,1594.1,23707,38,0.03037,ok
ucr,046_UCR_Anomaly_DISTORTEDPowerDemand3_16000_23405_23477,DISTORTEDPowerDemand3,,tirex_quantile,default,,0.01535,0.01531,0.69527,1.0,8.14,,1973.1,13931,1,0.00524,ok
ucr,046_UCR_Anomaly_DISTORTEDPowerDemand3_16000_23405_23477,DISTORTEDPowerDemand3,,iforest,default,,0.00315,0.00504,0.82058,0.0,3.82,,1594.1,13931,1,0.00524,ok
ucr,046_UCR_Anomaly_DISTORTEDPowerDemand3_16000_23405_23477,DISTORTEDPowerDemand3,,iforest,tuned,"{'w': 100, 'n_estimators': 100}",0.00301,0.00478,0.81848,0.0,3.58,15.4,0.0,13931,1,0.00524,ok
ucr,046_UCR_Anomaly_DISTORTEDPowerDemand3_16000_23405_23477,DISTORTEDPowerDemand3,,lof,default,,0.01734,0.01945,0.63123,0.10573,1.99,,1594.1,13931,1,0.00524,ok
ucr,046_UCR_Anomaly_DISTORTEDPowerDemand3_16000_23405_23477,DISTORTEDPowerDemand3,,lof,tuned,"{'w': 50, 'k': 50}",0.17722,0.21323,0.7542,0.41667,3.9,11.65,0.0,13931,1,0.00524,ok
ucr,046_UCR_Anomaly_DISTORTEDPowerDemand3_16000_23405_23477,DISTORTEDPowerDemand3,,knn,default,,0.05943,0.07373,0.68207,0.37143,0.67,,1594.1,13931,1,0.00524,ok
ucr,046_UCR_Anomaly_DISTORTEDPowerDemand3_16000_23405_23477,DISTORTEDPowerDemand3,,knn,tuned,"{'w': 100, 'k': 5}",0.05943,0.07373,0.68207,0.37143,3.8,10.29,0.0,13931,1,0.00524,ok
ucr,046_UCR_Anomaly_DISTORTEDPowerDemand3_16000_23405_23477,DISTORTEDPowerDemand3,,ae,default,,0.11616,0.14751,0.70248,0.45833,15.52,,1605.9,13931,1,0.00524,ok
smd,machine-1-4,server,,lof,tuned,"{'w': 50, 'k': 30}",0.19418,0.22062,0.67414,0.4114,37.41,44.83,0.0,23707,38,0.03037,ok
smd,machine-1-4,server,,knn,default,,0.22779,0.25525,0.76697,0.6,10.13,,1594.1,23707,38,0.03037,ok
smd,machine-1-4,server,,knn,tuned,"{'w': 50, 'k': 3}",0.2568,0.27106,0.78022,0.45991,24.36,20.25,0.0,23707,38,0.03037,ok
ucr,046_UCR_Anomaly_DISTORTEDPowerDemand3_16000_23405_23477,DISTORTEDPowerDemand3,,ae,tuned,"{'w': 100, 'hidden': 32, 'latent': 8}",0.06658,0.08411,0.69782,0.28355,5.41,58.94,0.0,13931,1,0.00524,ok
smd,machine-1-4,server,,ae,default,,0.27416,0.34443,0.87837,0.84615,10.03,,2160.3,23707,38,0.03037,ok
ucr,047_UCR_Anomaly_DISTORTEDPowerDemand4_18000_24005_24077,DISTORTEDPowerDemand4,,chronos_small_resid,default,,0.14781,0.06989,0.89759,0.05131,0.27,,1698.9,11931,1,0.00612,ok
ucr,047_UCR_Anomaly_DISTORTEDPowerDemand4_18000_24005_24077,DISTORTEDPowerDemand4,,chronos_small_quantile,default,,0.09686,0.06029,0.82913,1.0,0.27,,1698.9,11931,1,0.00612,ok
ucr,047_UCR_Anomaly_DISTORTEDPowerDemand4_18000_24005_24077,DISTORTEDPowerDemand4,,chronos_base_resid,default,,0.15549,0.08411,0.89759,0.05321,0.59,,1869.0,11931,1,0.00612,ok
ucr,047_UCR_Anomaly_DISTORTEDPowerDemand4_18000_24005_24077,DISTORTEDPowerDemand4,,chronos_base_quantile,default,,0.05158,0.03476,0.72104,1.0,0.59,,1869.0,11931,1,0.00612,ok
ucr,047_UCR_Anomaly_DISTORTEDPowerDemand4_18000_24005_24077,DISTORTEDPowerDemand4,,timesfm_resid,default,,0.06917,0.0465,0.82015,0.04619,3.58,,2046.7,11931,1,0.00612,ok
ucr,047_UCR_Anomaly_DISTORTEDPowerDemand4_18000_24005_24077,DISTORTEDPowerDemand4,,timesfm_quantile,default,,0.02354,0.01416,0.69665,1.0,3.58,,2046.7,11931,1,0.00612,ok
ucr,047_UCR_Anomaly_DISTORTEDPowerDemand4_18000_24005_24077,DISTORTEDPowerDemand4,,tirex_resid,default,,0.12975,0.06624,0.96679,0.0387,4.67,,1917.8,11931,1,0.00612,ok
ucr,047_UCR_Anomaly_DISTORTEDPowerDemand4_18000_24005_24077,DISTORTEDPowerDemand4,,tirex_quantile,default,,0.04896,0.03622,0.7081,1.0,4.67,,1917.8,11931,1,0.00612,ok
ucr,047_UCR_Anomaly_DISTORTEDPowerDemand4_18000_24005_24077,DISTORTEDPowerDemand4,,iforest,default,,0.00781,0.01019,0.71672,0.13062,1.25,,1594.1,11931,1,0.00612,ok
ucr,047_UCR_Anomaly_DISTORTEDPowerDemand4_18000_24005_24077,DISTORTEDPowerDemand4,,iforest,tuned,"{'w': 400, 'n_estimators': 100}",0.00559,0.00992,0.70389,0.0,2.26,7.76,0.0,11931,1,0.00612,ok
ucr,047_UCR_Anomaly_DISTORTEDPowerDemand4_18000_24005_24077,DISTORTEDPowerDemand4,,lof,default,,0.99981,0.84526,0.99877,1.0,0.84,,1594.1,11931,1,0.00612,ok
ucr,047_UCR_Anomaly_DISTORTEDPowerDemand4_18000_24005_24077,DISTORTEDPowerDemand4,,lof,tuned,"{'w': 100, 'k': 30}",0.99946,0.85576,0.99877,1.0,1.22,5.17,0.0,11931,1,0.00612,ok
ucr,047_UCR_Anomaly_DISTORTEDPowerDemand4_18000_24005_24077,DISTORTEDPowerDemand4,,knn,default,,0.99946,0.82657,0.99887,1.0,0.26,,1594.1,11931,1,0.00612,ok
ucr,047_UCR_Anomaly_DISTORTEDPowerDemand4_18000_24005_24077,DISTORTEDPowerDemand4,,knn,tuned,"{'w': 100, 'k': 3}",0.99946,0.8392,0.99887,1.0,0.9,3.09,0.0,11931,1,0.00612,ok
ucr,047_UCR_Anomaly_DISTORTEDPowerDemand4_18000_24005_24077,DISTORTEDPowerDemand4,,ae,default,,0.9989,0.87284,0.9988,1.0,4.7,,1605.2,11931,1,0.00612,ok
smd,machine-1-4,server,,ae,tuned,"{'w': 50, 'hidden': 64, 'latent': 8}",0.29774,0.38006,0.89685,0.81125,17.34,48.17,0.0,23707,38,0.03037,ok
smd,machine-1-5,server,,chronos_small_resid,default,,0.01811,0.02417,0.78573,0.11788,2.78,,1738.6,23706,38,0.00422,ok
smd,machine-1-5,server,,chronos_small_quantile,default,,0.00521,0.00743,0.6652,0.00894,2.78,,1738.6,23706,38,0.00422,ok
ucr,047_UCR_Anomaly_DISTORTEDPowerDemand4_18000_24005_24077,DISTORTEDPowerDemand4,,ae,tuned,"{'w': 200, 'hidden': 32, 'latent': 16}",0.25406,0.29086,0.84656,0.58333,3.67,29.88,0.0,11931,1,0.00612,ok
ucr,048_UCR_Anomaly_DISTORTEDTkeepFifthMARS_3500_5988_6085,DISTORTEDTkeepFifthMARS,,chronos_small_resid,default,,0.05557,0.10029,0.98187,0.10685,0.12,,1663.6,7834,1,0.01251,ok
ucr,048_UCR_Anomaly_DISTORTEDTkeepFifthMARS_3500_5988_6085,DISTORTEDTkeepFifthMARS,,chronos_small_quantile,default,,0.043,0.08581,0.98187,1.0,0.12,,1663.6,7834,1,0.01251,ok
ucr,048_UCR_Anomaly_DISTORTEDTkeepFifthMARS_3500_5988_6085,DISTORTEDTkeepFifthMARS,,chronos_base_resid,default,,0.05237,0.09839,0.98187,0.09128,0.28,,1775.3,7834,1,0.01251,ok
ucr,048_UCR_Anomaly_DISTORTEDTkeepFifthMARS_3500_5988_6085,DISTORTEDTkeepFifthMARS,,chronos_base_quantile,default,,0.02334,0.05334,0.88115,1.0,0.28,,1775.3,7834,1,0.01251,ok
smd,machine-1-5,server,,chronos_base_resid,default,,0.02151,0.02723,0.77669,0.12414,4.45,,1970.5,23706,38,0.00422,ok
ucr,048_UCR_Anomaly_DISTORTEDTkeepFifthMARS_3500_5988_6085,DISTORTEDTkeepFifthMARS,,timesfm_resid,default,,0.0574,0.11146,0.98187,0.12796,1.96,,2046.7,7834,1,0.01251,ok
ucr,048_UCR_Anomaly_DISTORTEDTkeepFifthMARS_3500_5988_6085,DISTORTEDTkeepFifthMARS,,timesfm_quantile,default,,0.05766,0.15284,0.98286,1.0,1.96,,2046.7,7834,1,0.01251,ok
ucr,048_UCR_Anomaly_DISTORTEDTkeepFifthMARS_3500_5988_6085,DISTORTEDTkeepFifthMARS,,tirex_resid,default,,0.03533,0.08517,0.98187,0.08497,4.98,,1807.2,7834,1,0.01251,ok
ucr,048_UCR_Anomaly_DISTORTEDTkeepFifthMARS_3500_5988_6085,DISTORTEDTkeepFifthMARS,,tirex_quantile,default,,0.04918,0.13266,0.98213,1.0,4.98,,1807.2,7834,1,0.01251,ok
smd,machine-1-5,server,,chronos_base_quantile,default,,0.0056,0.00796,0.66158,0.01276,4.45,,1970.5,23706,38,0.00422,ok
ucr,048_UCR_Anomaly_DISTORTEDTkeepFifthMARS_3500_5988_6085,DISTORTEDTkeepFifthMARS,,iforest,default,,0.00642,0.01023,0.64356,0.0,0.85,,1594.1,7834,1,0.01251,ok
ucr,048_UCR_Anomaly_DISTORTEDTkeepFifthMARS_3500_5988_6085,DISTORTEDTkeepFifthMARS,,iforest,tuned,"{'w': 50, 'n_estimators': 200}",0.00709,0.0125,0.66219,0.00641,1.54,5.14,0.0,7834,1,0.01251,ok
ucr,048_UCR_Anomaly_DISTORTEDTkeepFifthMARS_3500_5988_6085,DISTORTEDTkeepFifthMARS,,lof,default,,0.99402,0.75195,0.99972,1.0,0.25,,1594.1,7834,1,0.01251,ok
ucr,048_UCR_Anomaly_DISTORTEDTkeepFifthMARS_3500_5988_6085,DISTORTEDTkeepFifthMARS,,lof,tuned,"{'w': 100, 'k': 30}",0.94911,0.69844,0.99967,1.0,0.57,2.15,0.0,7834,1,0.01251,ok
ucr,048_UCR_Anomaly_DISTORTEDTkeepFifthMARS_3500_5988_6085,DISTORTEDTkeepFifthMARS,,knn,default,,0.86186,0.69556,0.9985,0.91667,0.13,,1594.1,7834,1,0.01251,ok
ucr,048_UCR_Anomaly_DISTORTEDTkeepFifthMARS_3500_5988_6085,DISTORTEDTkeepFifthMARS,,knn,tuned,"{'w': 100, 'k': 3}",0.88602,0.72769,0.9985,0.91667,0.54,1.47,0.0,7834,1,0.01251,ok
ucr,048_UCR_Anomaly_DISTORTEDTkeepFifthMARS_3500_5988_6085,DISTORTEDTkeepFifthMARS,,ae,default,,0.14753,0.1229,0.68418,0.38333,1.2,,1602.4,7834,1,0.01251,ok
ucr,048_UCR_Anomaly_DISTORTEDTkeepFifthMARS_3500_5988_6085,DISTORTEDTkeepFifthMARS,,ae,tuned,"{'w': 50, 'hidden': 32, 'latent': 16}",0.00732,0.01731,0.67886,0.02273,2.94,6.92,0.0,7834,1,0.01251,ok
ucr,049_UCR_Anomaly_DISTORTEDTkeepFirstMARS_3500_5365_5380,DISTORTEDTkeepFirstMARS,,chronos_small_resid,default,,0.00336,0.00434,0.83447,0.00961,0.1,,1663.6,7906,1,0.00202,ok
ucr,049_UCR_Anomaly_DISTORTEDTkeepFirstMARS_3500_5365_5380,DISTORTEDTkeepFirstMARS,,chronos_small_quantile,default,,0.00256,0.00351,0.69403,1.0,0.1,,1663.6,7906,1,0.00202,ok
ucr,049_UCR_Anomaly_DISTORTEDTkeepFirstMARS_3500_5365_5380,DISTORTEDTkeepFirstMARS,,chronos_base_resid,default,,0.00299,0.00406,0.72919,0.00723,0.26,,1776.0,7906,1,0.00202,ok
ucr,049_UCR_Anomaly_DISTORTEDTkeepFirstMARS_3500_5365_5380,DISTORTEDTkeepFirstMARS,,chronos_base_quantile,default,,0.00267,0.00372,0.66667,1.0,0.26,,1776.0,7906,1,0.00202,ok
ucr,049_UCR_Anomaly_DISTORTEDTkeepFirstMARS_3500_5365_5380,DISTORTEDTkeepFirstMARS,,timesfm_resid,default,,0.00171,0.00356,0.70528,0.00334,1.99,,2046.7,7906,1,0.00202,ok
ucr,049_UCR_Anomaly_DISTORTEDTkeepFirstMARS_3500_5365_5380,DISTORTEDTkeepFirstMARS,,timesfm_quantile,default,,0.00195,0.00402,0.79679,1.0,1.99,,2046.7,7906,1,0.00202,ok
ucr,049_UCR_Anomaly_DISTORTEDTkeepFirstMARS_3500_5365_5380,DISTORTEDTkeepFirstMARS,,tirex_resid,default,,0.00174,0.00316,0.82317,0.00229,4.0,,1807.4,7906,1,0.00202,ok
ucr,049_UCR_Anomaly_DISTORTEDTkeepFirstMARS_3500_5365_5380,DISTORTEDTkeepFirstMARS,,tirex_quantile,default,,0.00202,0.003,0.75586,1.0,4.0,,1807.4,7906,1,0.00202,ok
ucr,049_UCR_Anomaly_DISTORTEDTkeepFirstMARS_3500_5365_5380,DISTORTEDTkeepFirstMARS,,iforest,default,,0.00373,0.00592,0.8855,0.13125,0.97,,1594.1,7906,1,0.00202,ok
ucr,049_UCR_Anomaly_DISTORTEDTkeepFirstMARS_3500_5365_5380,DISTORTEDTkeepFirstMARS,,iforest,tuned,"{'w': 100, 'n_estimators': 100}",0.00337,0.00508,0.87746,0.11993,2.34,5.08,0.0,7906,1,0.00202,ok
ucr,049_UCR_Anomaly_DISTORTEDTkeepFirstMARS_3500_5365_5380,DISTORTEDTkeepFirstMARS,,lof,default,,0.00261,0.00385,0.88199,0.02315,0.25,,1594.1,7906,1,0.00202,ok
ucr,049_UCR_Anomaly_DISTORTEDTkeepFirstMARS_3500_5365_5380,DISTORTEDTkeepFirstMARS,,lof,tuned,"{'w': 100, 'k': 50}",0.00261,0.00385,0.88199,0.02315,0.85,2.13,0.0,7906,1,0.00202,ok
ucr,049_UCR_Anomaly_DISTORTEDTkeepFirstMARS_3500_5365_5380,DISTORTEDTkeepFirstMARS,,knn,default,,0.00291,0.00424,0.8709,0.11128,0.13,,1594.1,7906,1,0.00202,ok
ucr,049_UCR_Anomaly_DISTORTEDTkeepFirstMARS_3500_5365_5380,DISTORTEDTkeepFirstMARS,,knn,tuned,"{'w': 100, 'k': 5}",0.00291,0.00424,0.8709,0.11128,0.85,2.27,0.0,7906,1,0.00202,ok
ucr,049_UCR_Anomaly_DISTORTEDTkeepFirstMARS_3500_5365_5380,DISTORTEDTkeepFirstMARS,,ae,default,,0.00421,0.00668,0.855,0.13333,1.19,,1602.4,7906,1,0.00202,ok
ucr,049_UCR_Anomaly_DISTORTEDTkeepFirstMARS_3500_5365_5380,DISTORTEDTkeepFirstMARS,,ae,tuned,"{'w': 100, 'hidden': 32, 'latent': 8}",0.00587,0.01088,0.90996,0.16667,1.7,7.38,0.0,7906,1,0.00202,ok
ucr,050_UCR_Anomaly_DISTORTEDTkeepForthMARS_3500_5988_6085,DISTORTEDTkeepForthMARS,,chronos_small_resid,default,,0.02108,0.03408,0.86082,0.02287,0.1,,1663.2,7808,1,0.01255,ok
ucr,050_UCR_Anomaly_DISTORTEDTkeepForthMARS_3500_5988_6085,DISTORTEDTkeepForthMARS,,chronos_small_quantile,default,,0.01343,0.02047,0.67121,1.0,0.1,,1663.2,7808,1,0.01255,ok
ucr,050_UCR_Anomaly_DISTORTEDTkeepForthMARS_3500_5988_6085,DISTORTEDTkeepForthMARS,,chronos_base_resid,default,,0.02041,0.02936,0.71499,0.02511,0.21,,1774.7,7808,1,0.01255,ok
ucr,050_UCR_Anomaly_DISTORTEDTkeepForthMARS_3500_5988_6085,DISTORTEDTkeepForthMARS,,chronos_base_quantile,default,,0.01427,0.01998,0.73642,1.0,0.21,,1774.7,7808,1,0.01255,ok
ucr,050_UCR_Anomaly_DISTORTEDTkeepForthMARS_3500_5988_6085,DISTORTEDTkeepForthMARS,,timesfm_resid,default,,0.02834,0.03931,0.83299,0.04705,2.09,,2046.7,7808,1,0.01255,ok
ucr,050_UCR_Anomaly_DISTORTEDTkeepForthMARS_3500_5988_6085,DISTORTEDTkeepForthMARS,,timesfm_quantile,default,,0.02142,0.02428,0.82015,1.0,2.09,,2046.7,7808,1,0.01255,ok
smd,machine-1-5,server,,timesfm_resid,default,,0.01784,0.0248,0.76415,0.12724,77.36,,2046.7,23706,38,0.00422,ok
ucr,050_UCR_Anomaly_DISTORTEDTkeepForthMARS_3500_5988_6085,DISTORTEDTkeepForthMARS,,tirex_resid,default,,0.05819,0.06209,0.92045,0.05149,4.01,,1807.1,7808,1,0.01255,ok
ucr,050_UCR_Anomaly_DISTORTEDTkeepForthMARS_3500_5988_6085,DISTORTEDTkeepForthMARS,,tirex_quantile,default,,0.01828,0.02345,0.84205,1.0,4.01,,1807.1,7808,1,0.01255,ok
ucr,050_UCR_Anomaly_DISTORTEDTkeepForthMARS_3500_5988_6085,DISTORTEDTkeepForthMARS,,iforest,default,,0.00979,0.0135,0.59461,0.0,1.04,,1594.1,7808,1,0.01255,ok
ucr,050_UCR_Anomaly_DISTORTEDTkeepForthMARS_3500_5988_6085,DISTORTEDTkeepForthMARS,,iforest,tuned,"{'w': 100, 'n_estimators': 200}",0.00979,0.0135,0.59461,0.0,1.57,5.36,0.0,7808,1,0.01255,ok
ucr,050_UCR_Anomaly_DISTORTEDTkeepForthMARS_3500_5988_6085,DISTORTEDTkeepForthMARS,,lof,default,,0.01128,0.0162,0.70504,0.04604,0.24,,1594.1,7808,1,0.01255,ok
smd,machine-1-5,server,,timesfm_quantile,default,,0.01369,0.01775,0.72084,0.0293,77.36,,2046.7,23706,38,0.00422,ok
ucr,050_UCR_Anomaly_DISTORTEDTkeepForthMARS_3500_5988_6085,DISTORTEDTkeepForthMARS,,lof,tuned,"{'w': 100, 'k': 50}",0.01128,0.0162,0.70504,0.04604,0.66,2.04,0.0,7808,1,0.01255,ok
ucr,050_UCR_Anomaly_DISTORTEDTkeepForthMARS_3500_5988_6085,DISTORTEDTkeepForthMARS,,knn,default,,0.01715,0.02062,0.63562,0.10526,0.13,,1594.1,7808,1,0.01255,ok
ucr,050_UCR_Anomaly_DISTORTEDTkeepForthMARS_3500_5988_6085,DISTORTEDTkeepForthMARS,,knn,tuned,"{'w': 50, 'k': 5}",0.02085,0.02568,0.68098,0.05785,0.8,1.37,0.0,7808,1,0.01255,ok
ucr,050_UCR_Anomaly_DISTORTEDTkeepForthMARS_3500_5988_6085,DISTORTEDTkeepForthMARS,,ae,default,,0.00931,0.01419,0.63792,0.025,1.36,,1602.4,7808,1,0.01255,ok
ucr,050_UCR_Anomaly_DISTORTEDTkeepForthMARS_3500_5988_6085,DISTORTEDTkeepForthMARS,,ae,tuned,"{'w': 100, 'hidden': 32, 'latent': 8}",0.01063,0.01713,0.68367,0.04545,1.55,5.89,0.0,7808,1,0.01255,ok
ucr,051_UCR_Anomaly_DISTORTEDTkeepSecondMARS_3500_9330_9340,DISTORTEDTkeepSecondMARS,,chronos_small_resid,default,,0.00403,0.00407,0.97807,0.01308,0.12,,1663.6,7888,1,0.00139,ok
ucr,051_UCR_Anomaly_DISTORTEDTkeepSecondMARS_3500_9330_9340,DISTORTEDTkeepSecondMARS,,chronos_small_quantile,default,,0.00555,0.00525,0.77176,1.0,0.12,,1663.6,7888,1,0.00139,ok
ucr,051_UCR_Anomaly_DISTORTEDTkeepSecondMARS_3500_9330_9340,DISTORTEDTkeepSecondMARS,,chronos_base_resid,default,,0.00319,0.00321,0.97807,0.01189,0.21,,1776.0,7888,1,0.00139,ok
ucr,051_UCR_Anomaly_DISTORTEDTkeepSecondMARS_3500_9330_9340,DISTORTEDTkeepSecondMARS,,chronos_base_quantile,default,,0.00493,0.00465,0.9839,1.0,0.21,,1776.0,7888,1,0.00139,ok
ucr,051_UCR_Anomaly_DISTORTEDTkeepSecondMARS_3500_9330_9340,DISTORTEDTkeepSecondMARS,,timesfm_resid,default,,0.01974,0.01548,0.97705,0.10496,2.18,,2046.7,7888,1,0.00139,ok
ucr,051_UCR_Anomaly_DISTORTEDTkeepSecondMARS_3500_9330_9340,DISTORTEDTkeepSecondMARS,,timesfm_quantile,default,,0.02621,0.01895,0.98279,1.0,2.18,,2046.7,7888,1,0.00139,ok
ucr,051_UCR_Anomaly_DISTORTEDTkeepSecondMARS_3500_9330_9340,DISTORTEDTkeepSecondMARS,,tirex_resid,default,,0.03575,0.03828,0.9768,0.225,4.14,,1807.4,7888,1,0.00139,ok
ucr,051_UCR_Anomaly_DISTORTEDTkeepSecondMARS_3500_9330_9340,DISTORTEDTkeepSecondMARS,,tirex_quantile,default,,0.05684,0.05302,0.98273,1.0,4.14,,1807.4,7888,1,0.00139,ok
ucr,051_UCR_Anomaly_DISTORTEDTkeepSecondMARS_3500_9330_9340,DISTORTEDTkeepSecondMARS,,iforest,default,,0.00224,0.00335,0.69705,0.12778,1.17,,1594.1,7888,1,0.00139,ok
ucr,051_UCR_Anomaly_DISTORTEDTkeepSecondMARS_3500_9330_9340,DISTORTEDTkeepSecondMARS,,iforest,tuned,"{'w': 100, 'n_estimators': 100}",0.00236,0.00342,0.70253,0.125,1.12,4.94,0.0,7888,1,0.00139,ok
ucr,051_UCR_Anomaly_DISTORTEDTkeepSecondMARS_3500_9330_9340,DISTORTEDTkeepSecondMARS,,lof,default,,0.86791,0.40032,0.99983,1.0,0.24,,1594.1,7888,1,0.00139,ok
ucr,051_UCR_Anomaly_DISTORTEDTkeepSecondMARS_3500_9330_9340,DISTORTEDTkeepSecondMARS,,lof,tuned,"{'w': 100, 'k': 50}",0.86791,0.40032,0.99983,1.0,0.67,1.99,0.0,7888,1,0.00139,ok
ucr,051_UCR_Anomaly_DISTORTEDTkeepSecondMARS_3500_9330_9340,DISTORTEDTkeepSecondMARS,,knn,default,,0.93409,0.43993,0.99986,1.0,0.14,,1594.1,7888,1,0.00139,ok
ucr,051_UCR_Anomaly_DISTORTEDTkeepSecondMARS_3500_9330_9340,DISTORTEDTkeepSecondMARS,,knn,tuned,"{'w': 200, 'k': 1}",0.89545,0.52184,0.99979,1.0,0.53,1.53,0.0,7888,1,0.00139,ok
ucr,051_UCR_Anomaly_DISTORTEDTkeepSecondMARS_3500_9330_9340,DISTORTEDTkeepSecondMARS,,ae,default,,0.98052,0.42563,0.99986,1.0,1.22,,1602.4,7888,1,0.00139,ok
ucr,051_UCR_Anomaly_DISTORTEDTkeepSecondMARS_3500_9330_9340,DISTORTEDTkeepSecondMARS,,ae,tuned,"{'w': 100, 'hidden': 32, 'latent': 8}",0.98601,0.4322,0.99986,1.0,1.39,6.11,0.0,7888,1,0.00139,ok
ucr,052_UCR_Anomaly_DISTORTEDTkeepThirdMARS_3500_4711_4809,DISTORTEDTkeepThirdMARS,,chronos_small_resid,default,,0.04648,0.04802,0.70373,0.03219,0.08,,1663.2,7808,1,0.01268,ok
ucr,052_UCR_Anomaly_DISTORTEDTkeepThirdMARS_3500_4711_4809,DISTORTEDTkeepThirdMARS,,chronos_small_quantile,default,,0.01946,0.02613,0.68269,1.0,0.08,,1663.2,7808,1,0.01268,ok
ucr,052_UCR_Anomaly_DISTORTEDTkeepThirdMARS_3500_4711_4809,DISTORTEDTkeepThirdMARS,,chronos_base_resid,default,,0.40991,0.27047,0.94853,0.11774,0.19,,1774.7,7808,1,0.01268,ok
ucr,052_UCR_Anomaly_DISTORTEDTkeepThirdMARS_3500_4711_4809,DISTORTEDTkeepThirdMARS,,chronos_base_quantile,default,,0.03407,0.03482,0.69432,1.0,0.19,,1774.7,7808,1,0.01268,ok
ucr,052_UCR_Anomaly_DISTORTEDTkeepThirdMARS_3500_4711_4809,DISTORTEDTkeepThirdMARS,,timesfm_resid,default,,0.05711,0.06805,0.96452,0.12101,2.9,,2046.7,7808,1,0.01268,ok
ucr,052_UCR_Anomaly_DISTORTEDTkeepThirdMARS_3500_4711_4809,DISTORTEDTkeepThirdMARS,,timesfm_quantile,default,,0.03655,0.03373,0.72326,1.0,2.9,,2046.7,7808,1,0.01268,ok
ucr,052_UCR_Anomaly_DISTORTEDTkeepThirdMARS_3500_4711_4809,DISTORTEDTkeepThirdMARS,,tirex_resid,default,,0.12659,0.09344,0.99483,0.06224,4.16,,1807.1,7808,1,0.01268,ok
ucr,052_UCR_Anomaly_DISTORTEDTkeepThirdMARS_3500_4711_4809,DISTORTEDTkeepThirdMARS,,tirex_quantile,default,,0.03005,0.03242,0.69499,1.0,4.16,,1807.1,7808,1,0.01268,ok
ucr,052_UCR_Anomaly_DISTORTEDTkeepThirdMARS_3500_4711_4809,DISTORTEDTkeepThirdMARS,,iforest,default,,0.01972,0.03605,0.67129,0.13056,1.32,,1594.1,7808,1,0.01268,ok
ucr,052_UCR_Anomaly_DISTORTEDTkeepThirdMARS_3500_4711_4809,DISTORTEDTkeepThirdMARS,,iforest,tuned,"{'w': 100, 'n_estimators': 200}",0.01972,0.03605,0.67129,0.13056,1.83,5.73,0.0,7808,1,0.01268,ok
ucr,052_UCR_Anomaly_DISTORTEDTkeepThirdMARS_3500_4711_4809,DISTORTEDTkeepThirdMARS,,lof,default,,0.55224,0.74514,0.99601,1.0,0.25,,1594.1,7808,1,0.01268,ok
ucr,052_UCR_Anomaly_DISTORTEDTkeepThirdMARS_3500_4711_4809,DISTORTEDTkeepThirdMARS,,lof,tuned,"{'w': 100, 'k': 50}",0.55224,0.74514,0.99601,1.0,0.57,2.0,0.0,7808,1,0.01268,ok
ucr,052_UCR_Anomaly_DISTORTEDTkeepThirdMARS_3500_4711_4809,DISTORTEDTkeepThirdMARS,,knn,default,,0.73745,0.85226,0.99724,1.0,0.14,,1594.1,7808,1,0.01268,ok
ucr,052_UCR_Anomaly_DISTORTEDTkeepThirdMARS_3500_4711_4809,DISTORTEDTkeepThirdMARS,,knn,tuned,"{'w': 100, 'k': 5}",0.73745,0.85226,0.99724,1.0,0.72,1.69,0.0,7808,1,0.01268,ok
ucr,052_UCR_Anomaly_DISTORTEDTkeepThirdMARS_3500_4711_4809,DISTORTEDTkeepThirdMARS,,ae,default,,0.11507,0.16751,0.7856,0.375,1.52,,1602.4,7808,1,0.01268,ok
smd,machine-1-5,server,,tirex_resid,default,,0.01643,0.02175,0.77225,0.10876,87.18,,2033.8,23706,38,0.00422,ok
ucr,052_UCR_Anomaly_DISTORTEDTkeepThirdMARS_3500_4711_4809,DISTORTEDTkeepThirdMARS,,ae,tuned,"{'w': 100, 'hidden': 32, 'latent': 8}",0.01862,0.03703,0.69903,0.1121,1.95,8.28,0.0,7808,1,0.01268,ok
ucr,053_UCR_Anomaly_DISTORTEDWalkingAceleration1_1500_2764_2995,DISTORTEDWalkingAceleration1,,chronos_small_resid,default,,0.03894,0.05973,0.66643,0.03506,0.11,,1640.7,5184,1,0.04475,ok
ucr,053_UCR_Anomaly_DISTORTEDWalkingAceleration1_1500_2764_2995,DISTORTEDWalkingAceleration1,,chronos_small_quantile,default,,0.04376,0.06267,0.66756,1.0,0.11,,1640.7,5184,1,0.04475,ok
ucr,053_UCR_Anomaly_DISTORTEDWalkingAceleration1_1500_2764_2995,DISTORTEDWalkingAceleration1,,chronos_base_resid,default,,0.03881,0.05824,0.65626,0.03288,0.18,,1715.0,5184,1,0.04475,ok
ucr,053_UCR_Anomaly_DISTORTEDWalkingAceleration1_1500_2764_2995,DISTORTEDWalkingAceleration1,,chronos_base_quantile,default,,0.04706,0.06793,0.66881,1.0,0.18,,1715.0,5184,1,0.04475,ok
ucr,053_UCR_Anomaly_DISTORTEDWalkingAceleration1_1500_2764_2995,DISTORTEDWalkingAceleration1,,timesfm_resid,default,,0.04247,0.06472,0.66115,0.03305,2.38,,2046.7,5184,1,0.04475,ok
ucr,053_UCR_Anomaly_DISTORTEDWalkingAceleration1_1500_2764_2995,DISTORTEDWalkingAceleration1,,timesfm_quantile,default,,0.04295,0.06293,0.66954,1.0,2.38,,2046.7,5184,1,0.04475,ok
smd,machine-1-5,server,,tirex_quantile,default,,0.01382,0.0166,0.70542,0.01435,87.18,,2033.8,23706,38,0.00422,ok
smd,machine-1-5,server,,iforest,default,,0.03021,0.04079,0.75512,0.46667,4.04,,1594.1,23706,38,0.00422,ok
ucr,053_UCR_Anomaly_DISTORTEDWalkingAceleration1_1500_2764_2995,DISTORTEDWalkingAceleration1,,tirex_resid,default,,0.03911,0.06099,0.6638,0.03314,5.9,,1733.6,5184,1,0.04475,ok
ucr,053_UCR_Anomaly_DISTORTEDWalkingAceleration1_1500_2764_2995,DISTORTEDWalkingAceleration1,,tirex_quantile,default,,0.04273,0.06142,0.66756,1.0,5.9,,1733.6,5184,1,0.04475,ok
ucr,053_UCR_Anomaly_DISTORTEDWalkingAceleration1_1500_2764_2995,DISTORTEDWalkingAceleration1,,iforest,default,,0.02329,0.03672,0.39964,0.0,1.19,,1594.1,5184,1,0.04475,ok
ucr,053_UCR_Anomaly_DISTORTEDWalkingAceleration1_1500_2764_2995,DISTORTEDWalkingAceleration1,,lof,default,,0.02364,0.03696,0.4253,0.0,0.17,,1594.1,5184,1,0.04475,ok
ucr,053_UCR_Anomaly_DISTORTEDWalkingAceleration1_1500_2764_2995,DISTORTEDWalkingAceleration1,,knn,default,,0.02621,0.03744,0.4978,0.0,0.12,,1594.1,5184,1,0.04475,ok
ucr,053_UCR_Anomaly_DISTORTEDWalkingAceleration1_1500_2764_2995,DISTORTEDWalkingAceleration1,,ae,default,,0.02313,0.03599,0.41853,0.0,0.82,,1600.5,5184,1,0.04475,ok
ucr,054_UCR_Anomaly_DISTORTEDWalkingAceleration5_2700_5920_5979,DISTORTEDWalkingAceleration5,,chronos_small_resid,default,,0.1601,0.17468,0.94448,0.09029,0.15,,1629.4,3984,1,0.01506,ok
ucr,054_UCR_Anomaly_DISTORTEDWalkingAceleration5_2700_5920_5979,DISTORTEDWalkingAceleration5,,chronos_small_quantile,default,,0.22253,0.17981,0.92344,1.0,0.15,,1629.4,3984,1,0.01506,ok
ucr,054_UCR_Anomaly_DISTORTEDWalkingAceleration5_2700_5920_5979,DISTORTEDWalkingAceleration5,,chronos_base_resid,default,,0.15964,0.17864,0.94448,0.09665,0.19,,1687.0,3984,1,0.01506,ok
ucr,054_UCR_Anomaly_DISTORTEDWalkingAceleration5_2700_5920_5979,DISTORTEDWalkingAceleration5,,chronos_base_quantile,default,,0.13167,0.12046,0.92344,1.0,0.19,,1687.0,3984,1,0.01506,ok
ucr,054_UCR_Anomaly_DISTORTEDWalkingAceleration5_2700_5920_5979,DISTORTEDWalkingAceleration5,,timesfm_resid,default,,0.20334,0.20714,0.92344,0.11287,1.26,,2046.7,3984,1,0.01506,ok
ucr,054_UCR_Anomaly_DISTORTEDWalkingAceleration5_2700_5920_5979,DISTORTEDWalkingAceleration5,,timesfm_quantile,default,,0.35683,0.29155,0.96219,1.0,1.26,,2046.7,3984,1,0.01506,ok
ucr,054_UCR_Anomaly_DISTORTEDWalkingAceleration5_2700_5920_5979,DISTORTEDWalkingAceleration5,,tirex_resid,default,,0.13375,0.13754,0.92344,0.0738,3.51,,1703.9,3984,1,0.01506,ok
ucr,054_UCR_Anomaly_DISTORTEDWalkingAceleration5_2700_5920_5979,DISTORTEDWalkingAceleration5,,tirex_quantile,default,,0.15111,0.14594,0.92344,1.0,3.51,,1703.9,3984,1,0.01506,ok
smd,machine-1-5,server,,iforest,tuned,"{'w': 100, 'n_estimators': 200}",0.03021,0.04079,0.75512,0.46667,3.88,13.0,0.0,23706,38,0.00422,ok
ucr,054_UCR_Anomaly_DISTORTEDWalkingAceleration5_2700_5920_5979,DISTORTEDWalkingAceleration5,,iforest,default,,0.99604,0.95982,0.99938,1.0,1.44,,1594.1,3984,1,0.01506,ok
smd,machine-1-5,server,,lof,default,,0.00469,0.00651,0.75795,0.15,15.57,,1594.1,23706,38,0.00422,ok
ucr,054_UCR_Anomaly_DISTORTEDWalkingAceleration5_2700_5920_5979,DISTORTEDWalkingAceleration5,,iforest,tuned,"{'w': 50, 'n_estimators': 100}",0.99973,0.90395,0.99939,1.0,1.36,14.16,0.0,3984,1,0.01506,ok
ucr,054_UCR_Anomaly_DISTORTEDWalkingAceleration5_2700_5920_5979,DISTORTEDWalkingAceleration5,,lof,default,,0.99367,0.95741,0.99933,1.0,0.44,,1594.1,3984,1,0.01506,ok
ucr,054_UCR_Anomaly_DISTORTEDWalkingAceleration5_2700_5920_5979,DISTORTEDWalkingAceleration5,,lof,tuned,"{'w': 200, 'k': 10}",1.0,0.95975,0.99933,1.0,0.5,3.23,0.0,3984,1,0.01506,ok
ucr,054_UCR_Anomaly_DISTORTEDWalkingAceleration5_2700_5920_5979,DISTORTEDWalkingAceleration5,,knn,default,,0.99681,0.95846,0.99933,1.0,0.1,,1594.1,3984,1,0.01506,ok
ucr,054_UCR_Anomaly_DISTORTEDWalkingAceleration5_2700_5920_5979,DISTORTEDWalkingAceleration5,,knn,tuned,"{'w': 50, 'k': 5}",0.99049,0.89271,0.99936,1.0,0.78,2.47,0.0,3984,1,0.01506,ok
ucr,054_UCR_Anomaly_DISTORTEDWalkingAceleration5_2700_5920_5979,DISTORTEDWalkingAceleration5,,ae,default,,0.9944,0.95384,0.99933,1.0,1.69,,1600.5,3984,1,0.01506,ok
ucr,054_UCR_Anomaly_DISTORTEDWalkingAceleration5_2700_5920_5979,DISTORTEDWalkingAceleration5,,ae,tuned,"{'w': 200, 'hidden': 32, 'latent': 16}",0.99628,0.95961,0.99938,1.0,1.87,15.39,0.0,3984,1,0.01506,ok
ucr,055_UCR_Anomaly_DISTORTEDapneaecg2_10000_20950_21100,DISTORTEDapneaecg2,,chronos_small_resid,default,,0.01164,0.01629,0.91645,0.0166,0.8,,1738.6,28501,1,0.0053,ok
ucr,055_UCR_Anomaly_DISTORTEDapneaecg2_10000_20950_21100,DISTORTEDapneaecg2,,chronos_small_quantile,default,,0.01916,0.01859,0.88212,1.0,0.8,,1738.6,28501,1,0.0053,ok
ucr,055_UCR_Anomaly_DISTORTEDapneaecg2_10000_20950_21100,DISTORTEDapneaecg2,,chronos_base_resid,default,,0.01124,0.01504,0.93313,0.01917,2.54,,1970.5,28501,1,0.0053,ok
ucr,055_UCR_Anomaly_DISTORTEDapneaecg2_10000_20950_21100,DISTORTEDapneaecg2,,chronos_base_quantile,default,,0.03121,0.02659,0.78906,1.0,2.54,,1970.5,28501,1,0.0053,ok
smd,machine-1-5,server,,lof,tuned,"{'w': 50, 'k': 30}",0.00486,0.00722,0.76922,0.05522,55.16,55.38,0.0,23706,38,0.00422,ok
smd,machine-1-5,server,,knn,default,,0.11242,0.03,0.67519,0.18182,12.86,,1594.1,23706,38,0.00422,ok
ucr,055_UCR_Anomaly_DISTORTEDapneaecg2_10000_20950_21100,DISTORTEDapneaecg2,,timesfm_resid,default,,0.01295,0.01493,0.88426,0.01756,35.15,,2046.7,28501,1,0.0053,ok
ucr,055_UCR_Anomaly_DISTORTEDapneaecg2_10000_20950_21100,DISTORTEDapneaecg2,,timesfm_quantile,default,,0.01375,0.01529,0.66998,1.0,35.15,,2046.7,28501,1,0.0053,ok
ucr,055_UCR_Anomaly_DISTORTEDapneaecg2_10000_20950_21100,DISTORTEDapneaecg2,,tirex_resid,default,,0.01526,0.01726,0.68385,0.01861,28.3,,2033.8,28501,1,0.0053,ok
smd,machine-1-5,server,,knn,tuned,"{'w': 50, 'k': 3}",0.11205,0.02359,0.68369,0.16667,27.0,22.69,0.0,23706,38,0.00422,ok
ucr,055_UCR_Anomaly_DISTORTEDapneaecg2_10000_20950_21100,DISTORTEDapneaecg2,,tirex_quantile,default,,0.01426,0.01493,0.75547,1.0,28.3,,2033.8,28501,1,0.0053,ok
ucr,055_UCR_Anomaly_DISTORTEDapneaecg2_10000_20950_21100,DISTORTEDapneaecg2,,iforest,default,,0.30183,0.09705,0.99888,0.17619,1.96,,1594.1,28501,1,0.0053,ok
smd,machine-1-5,server,,ae,default,,0.0082,0.01273,0.59992,0.17408,8.75,,2160.3,23706,38,0.00422,ok
ucr,055_UCR_Anomaly_DISTORTEDapneaecg2_10000_20950_21100,DISTORTEDapneaecg2,,iforest,tuned,"{'w': 100, 'n_estimators': 100}",0.32375,0.10893,0.99886,0.17619,2.36,5.66,0.0,28501,1,0.0053,ok
ucr,055_UCR_Anomaly_DISTORTEDapneaecg2_10000_20950_21100,DISTORTEDapneaecg2,,lof,default,,0.29758,0.10543,0.99886,0.09216,0.89,,1594.1,28501,1,0.0053,ok
ucr,055_UCR_Anomaly_DISTORTEDapneaecg2_10000_20950_21100,DISTORTEDapneaecg2,,lof,tuned,"{'w': 50, 'k': 30}",0.85908,0.54857,0.99892,0.58333,2.44,4.51,0.0,28501,1,0.0053,ok
ucr,055_UCR_Anomaly_DISTORTEDapneaecg2_10000_20950_21100,DISTORTEDapneaecg2,,knn,default,,0.98464,0.74322,0.99888,1.0,0.56,,1594.1,28501,1,0.0053,ok
ucr,055_UCR_Anomaly_DISTORTEDapneaecg2_10000_20950_21100,DISTORTEDapneaecg2,,knn,tuned,"{'w': 100, 'k': 3}",0.98766,0.75651,0.99889,1.0,1.39,2.64,0.0,28501,1,0.0053,ok
ucr,055_UCR_Anomaly_DISTORTEDapneaecg2_10000_20950_21100,DISTORTEDapneaecg2,,ae,default,,0.97022,0.72975,0.99883,1.0,3.21,,1610.6,28501,1,0.0053,ok
ucr,055_UCR_Anomaly_DISTORTEDapneaecg2_10000_20950_21100,DISTORTEDapneaecg2,,ae,tuned,"{'w': 100, 'hidden': 64, 'latent': 8}",0.97444,0.74048,0.99896,1.0,4.23,15.23,0.0,28501,1,0.0053,ok
ucr,056_UCR_Anomaly_DISTORTEDapneaecg3_5000_11111_11211,DISTORTEDapneaecg3,,chronos_small_resid,default,,0.00374,0.00479,0.66212,0.00239,0.32,,1738.6,33379,1,0.00303,ok
ucr,056_UCR_Anomaly_DISTORTEDapneaecg3_5000_11111_11211,DISTORTEDapneaecg3,,chronos_small_quantile,default,,0.00334,0.00456,0.68257,1.0,0.32,,1738.6,33379,1,0.00303,ok
ucr,056_UCR_Anomaly_DISTORTEDapneaecg3_5000_11111_11211,DISTORTEDapneaecg3,,chronos_base_resid,default,,0.00375,0.00486,0.66091,0.00255,0.67,,1970.5,33379,1,0.00303,ok
ucr,056_UCR_Anomaly_DISTORTEDapneaecg3_5000_11111_11211,DISTORTEDapneaecg3,,chronos_base_quantile,default,,0.00316,0.00453,0.68292,1.0,0.67,,1970.5,33379,1,0.00303,ok
smd,machine-1-5,server,,ae,tuned,"{'w': 50, 'hidden': 64, 'latent': 8}",0.39554,0.31296,0.91391,0.72727,17.25,43.25,0.0,23706,38,0.00422,ok
smd,machine-1-6,server,,chronos_small_resid,default,,0.13905,0.21155,0.62442,0.27502,2.6,,1738.6,23689,38,0.15653,ok
smd,machine-1-6,server,,chronos_small_quantile,default,,0.12889,0.20192,0.63148,0.18566,2.6,,1738.6,23689,38,0.15653,ok
ucr,056_UCR_Anomaly_DISTORTEDapneaecg3_5000_11111_11211,DISTORTEDapneaecg3,,timesfm_resid,default,,0.00407,0.00517,0.66496,0.00266,10.25,,2046.7,33379,1,0.00303,ok
ucr,056_UCR_Anomaly_DISTORTEDapneaecg3_5000_11111_11211,DISTORTEDapneaecg3,,timesfm_quantile,default,,0.00493,0.00571,0.6806,1.0,10.25,,2046.7,33379,1,0.00303,ok
smd,machine-1-6,server,,chronos_base_resid,default,,0.13247,0.21313,0.62847,0.35763,5.16,,1970.5,23689,38,0.15653,ok
smd,machine-1-6,server,,chronos_base_quantile,default,,0.12825,0.20311,0.62129,0.19389,5.16,,1970.5,23689,38,0.15653,ok
ucr,056_UCR_Anomaly_DISTORTEDapneaecg3_5000_11111_11211,DISTORTEDapneaecg3,,tirex_resid,default,,0.00432,0.00567,0.67476,0.00258,14.59,,2033.8,33379,1,0.00303,ok
ucr,056_UCR_Anomaly_DISTORTEDapneaecg3_5000_11111_11211,DISTORTEDapneaecg3,,tirex_quantile,default,,0.00311,0.00442,0.66744,1.0,14.59,,2033.8,33379,1,0.00303,ok
ucr,056_UCR_Anomaly_DISTORTEDapneaecg3_5000_11111_11211,DISTORTEDapneaecg3,,iforest,default,,0.00489,0.00677,0.65545,0.03937,2.0,,1594.1,33379,1,0.00303,ok
ucr,056_UCR_Anomaly_DISTORTEDapneaecg3_5000_11111_11211,DISTORTEDapneaecg3,,iforest,tuned,"{'w': 400, 'n_estimators': 200}",0.00183,0.00324,0.64339,0.0,5.33,4.79,0.0,33379,1,0.00303,ok
ucr,056_UCR_Anomaly_DISTORTEDapneaecg3_5000_11111_11211,DISTORTEDapneaecg3,,lof,default,,0.00489,0.00625,0.65947,0.03446,0.67,,1594.1,33379,1,0.00303,ok
ucr,056_UCR_Anomaly_DISTORTEDapneaecg3_5000_11111_11211,DISTORTEDapneaecg3,,lof,tuned,"{'w': 50, 'k': 30}",0.01238,0.01432,0.72789,0.0471,2.79,2.59,0.0,33379,1,0.00303,ok
ucr,056_UCR_Anomaly_DISTORTEDapneaecg3_5000_11111_11211,DISTORTEDapneaecg3,,knn,default,,0.00696,0.00974,0.65213,0.04635,0.48,,1594.1,33379,1,0.00303,ok
ucr,056_UCR_Anomaly_DISTORTEDapneaecg3_5000_11111_11211,DISTORTEDapneaecg3,,knn,tuned,"{'w': 50, 'k': 3}",0.02467,0.02788,0.65451,0.0497,2.6,1.82,0.0,33379,1,0.00303,ok
ucr,056_UCR_Anomaly_DISTORTEDapneaecg3_5000_11111_11211,DISTORTEDapneaecg3,,ae,default,,0.00602,0.00764,0.65738,0.0362,2.34,,1612.2,33379,1,0.00303,ok
ucr,056_UCR_Anomaly_DISTORTEDapneaecg3_5000_11111_11211,DISTORTEDapneaecg3,,ae,tuned,"{'w': 50, 'hidden': 64, 'latent': 8}",0.02287,0.0192,0.68308,0.02357,5.99,8.56,0.0,33379,1,0.00303,ok
ucr,057_UCR_Anomaly_DISTORTEDapneaecg4_6000_16000_16100,DISTORTEDapneaecg4,,chronos_small_resid,default,,0.00225,0.00351,0.67069,0.00101,0.34,,1738.6,32269,1,0.00313,ok
ucr,057_UCR_Anomaly_DISTORTEDapneaecg4_6000_16000_16100,DISTORTEDapneaecg4,,chronos_small_quantile,default,,0.0029,0.00439,0.68874,1.0,0.34,,1738.6,32269,1,0.00313,ok
ucr,057_UCR_Anomaly_DISTORTEDapneaecg4_6000_16000_16100,DISTORTEDapneaecg4,,chronos_base_resid,default,,0.00235,0.00374,0.66574,0.00109,0.93,,1970.5,32269,1,0.00313,ok
ucr,057_UCR_Anomaly_DISTORTEDapneaecg4_6000_16000_16100,DISTORTEDapneaecg4,,chronos_base_quantile,default,,0.00299,0.0045,0.67959,1.0,0.93,,1970.5,32269,1,0.00313,ok
ucr,057_UCR_Anomaly_DISTORTEDapneaecg4_6000_16000_16100,DISTORTEDapneaecg4,,timesfm_resid,default,,0.00217,0.00341,0.6688,0.00067,11.44,,2046.7,32269,1,0.00313,ok
ucr,057_UCR_Anomaly_DISTORTEDapneaecg4_6000_16000_16100,DISTORTEDapneaecg4,,timesfm_quantile,default,,0.00313,0.00456,0.76761,1.0,11.44,,2046.7,32269,1,0.00313,ok
smd,machine-1-6,server,,timesfm_resid,default,,0.13832,0.20928,0.56388,0.06705,84.27,,2046.7,23689,38,0.15653,ok
smd,machine-1-6,server,,timesfm_quantile,default,,0.19634,0.27314,0.67413,0.10564,84.27,,2046.7,23689,38,0.15653,ok
ucr,057_UCR_Anomaly_DISTORTEDapneaecg4_6000_16000_16100,DISTORTEDapneaecg4,,tirex_resid,default,,0.00239,0.00372,0.67027,0.00106,15.58,,2033.8,32269,1,0.00313,ok
ucr,057_UCR_Anomaly_DISTORTEDapneaecg4_6000_16000_16100,DISTORTEDapneaecg4,,tirex_quantile,default,,0.00305,0.00452,0.73457,1.0,15.58,,2033.8,32269,1,0.00313,ok
ucr,057_UCR_Anomaly_DISTORTEDapneaecg4_6000_16000_16100,DISTORTEDapneaecg4,,iforest,default,,0.00158,0.00415,0.68677,0.0,2.44,,1594.1,32269,1,0.00313,ok
ucr,057_UCR_Anomaly_DISTORTEDapneaecg4_6000_16000_16100,DISTORTEDapneaecg4,,iforest,tuned,"{'w': 400, 'n_estimators': 100}",0.00158,0.00365,0.64326,0.0,5.49,6.38,0.0,32269,1,0.00313,ok
ucr,057_UCR_Anomaly_DISTORTEDapneaecg4_6000_16000_16100,DISTORTEDapneaecg4,,lof,default,,0.0016,0.00406,0.65769,0.0,0.75,,1594.1,32269,1,0.00313,ok
ucr,057_UCR_Anomaly_DISTORTEDapneaecg4_6000_16000_16100,DISTORTEDapneaecg4,,lof,tuned,"{'w': 50, 'k': 30}",0.0104,0.01416,0.63796,0.04236,3.16,3.53,0.0,32269,1,0.00313,ok
ucr,057_UCR_Anomaly_DISTORTEDapneaecg4_6000_16000_16100,DISTORTEDapneaecg4,,knn,default,,0.00438,0.00564,0.63373,0.03414,0.55,,1594.1,32269,1,0.00313,ok
ucr,057_UCR_Anomaly_DISTORTEDapneaecg4_6000_16000_16100,DISTORTEDapneaecg4,,knn,tuned,"{'w': 50, 'k': 3}",0.00245,0.00416,0.62734,0.00608,2.91,2.18,0.0,32269,1,0.00313,ok
ucr,057_UCR_Anomaly_DISTORTEDapneaecg4_6000_16000_16100,DISTORTEDapneaecg4,,ae,default,,0.00158,0.00407,0.64717,0.0,2.54,,1611.9,32269,1,0.00313,ok
ucr,057_UCR_Anomaly_DISTORTEDapneaecg4_6000_16000_16100,DISTORTEDapneaecg4,,ae,tuned,"{'w': 50, 'hidden': 64, 'latent': 8}",0.00162,0.00281,0.65352,0.0,6.07,11.65,0.0,32269,1,0.00313,ok
ucr,058_UCR_Anomaly_DISTORTEDapneaecg_10000_12240_12308,DISTORTEDapneaecg,,chronos_small_resid,default,,0.00241,0.0029,0.70558,0.00413,0.28,,1738.6,28501,1,0.00242,ok
ucr,058_UCR_Anomaly_DISTORTEDapneaecg_10000_12240_12308,DISTORTEDapneaecg,,chronos_small_quantile,default,,0.00231,0.00349,0.67585,1.0,0.28,,1738.6,28501,1,0.00242,ok
ucr,058_UCR_Anomaly_DISTORTEDapneaecg_10000_12240_12308,DISTORTEDapneaecg,,chronos_base_resid,default,,0.0024,0.00302,0.72045,0.00376,0.69,,1970.5,28501,1,0.00242,ok
ucr,058_UCR_Anomaly_DISTORTEDapneaecg_10000_12240_12308,DISTORTEDapneaecg,,chronos_base_quantile,default,,0.00234,0.0035,0.68021,1.0,0.69,,1970.5,28501,1,0.00242,ok
ucr,058_UCR_Anomaly_DISTORTEDapneaecg_10000_12240_12308,DISTORTEDapneaecg,,timesfm_resid,default,,0.00293,0.00347,0.71666,0.00329,8.78,,2046.7,28501,1,0.00242,ok
ucr,058_UCR_Anomaly_DISTORTEDapneaecg_10000_12240_12308,DISTORTEDapneaecg,,timesfm_quantile,default,,0.00229,0.00347,0.68413,1.0,8.78,,2046.7,28501,1,0.00242,ok
ucr,058_UCR_Anomaly_DISTORTEDapneaecg_10000_12240_12308,DISTORTEDapneaecg,,tirex_resid,default,,0.00266,0.00311,0.67441,0.00498,18.29,,2033.8,28501,1,0.00242,ok
ucr,058_UCR_Anomaly_DISTORTEDapneaecg_10000_12240_12308,DISTORTEDapneaecg,,tirex_quantile,default,,0.00227,0.0034,0.66667,1.0,18.29,,2033.8,28501,1,0.00242,ok
ucr,058_UCR_Anomaly_DISTORTEDapneaecg_10000_12240_12308,DISTORTEDapneaecg,,iforest,default,,0.00152,0.00229,0.6492,0.0,1.85,,1594.1,28501,1,0.00242,ok
ucr,058_UCR_Anomaly_DISTORTEDapneaecg_10000_12240_12308,DISTORTEDapneaecg,,iforest,tuned,"{'w': 100, 'n_estimators': 100}",0.00148,0.00223,0.648,0.0,2.26,5.92,0.0,28501,1,0.00242,ok
ucr,058_UCR_Anomaly_DISTORTEDapneaecg_10000_12240_12308,DISTORTEDapneaecg,,lof,default,,0.00631,0.01079,0.65915,0.06401,0.86,,1594.1,28501,1,0.00242,ok
smd,machine-1-6,server,,tirex_resid,default,,0.20949,0.27476,0.65345,0.07114,122.46,,2033.8,23689,38,0.15653,ok
ucr,058_UCR_Anomaly_DISTORTEDapneaecg_10000_12240_12308,DISTORTEDapneaecg,,lof,tuned,"{'w': 50, 'k': 30}",0.9971,0.48382,0.99962,0.5,2.74,4.93,0.0,28501,1,0.00242,ok
ucr,058_UCR_Anomaly_DISTORTEDapneaecg_10000_12240_12308,DISTORTEDapneaecg,,knn,default,,0.03362,0.03204,0.63725,0.10884,0.53,,1594.1,28501,1,0.00242,ok
ucr,058_UCR_Anomaly_DISTORTEDapneaecg_10000_12240_12308,DISTORTEDapneaecg,,knn,tuned,"{'w': 100, 'k': 3}",0.2034,0.14882,0.61912,0.35,1.55,2.73,0.0,28501,1,0.00242,ok
smd,machine-1-6,server,,tirex_quantile,default,,0.1783,0.26016,0.67984,0.04245,122.46,,2033.8,23689,38,0.15653,ok
ucr,058_UCR_Anomaly_DISTORTEDapneaecg_10000_12240_12308,DISTORTEDapneaecg,,ae,default,,0.00502,0.00616,0.64293,0.0341,3.47,,1610.6,28501,1,0.00242,ok
smd,machine-1-6,server,,iforest,default,,0.61801,0.57869,0.54852,0.61224,3.61,,1594.1,23689,38,0.15653,ok
smd,machine-1-6,server,,iforest,tuned,"{'w': 100, 'n_estimators': 100}",0.64798,0.59982,0.55167,0.56,3.53,12.59,0.0,23689,38,0.15653,ok
smd,machine-1-6,server,,lof,default,,0.16736,0.28383,0.70941,0.7456,15.44,,1594.1,23689,38,0.15653,ok
ucr,058_UCR_Anomaly_DISTORTEDapneaecg_10000_12240_12308,DISTORTEDapneaecg,,ae,tuned,"{'w': 50, 'hidden': 64, 'latent': 8}",0.80747,0.26359,0.99962,0.16667,19.34,17.89,0.0,28501,1,0.00242,ok
ucr,059_UCR_Anomaly_DISTORTEDgait1_20000_38500_38800,DISTORTEDgait1,,chronos_small_resid,default,,0.00549,0.00847,0.68902,0.00265,1.22,,1738.6,45000,1,0.00669,ok
ucr,059_UCR_Anomaly_DISTORTEDgait1_20000_38500_38800,DISTORTEDgait1,,chronos_small_quantile,default,,0.00597,0.00808,0.71262,1.0,1.22,,1738.6,45000,1,0.00669,ok
ucr,059_UCR_Anomaly_DISTORTEDgait1_20000_38500_38800,DISTORTEDgait1,,chronos_base_resid,default,,0.00566,0.00818,0.6764,0.00282,1.99,,1970.5,45000,1,0.00669,ok
ucr,059_UCR_Anomaly_DISTORTEDgait1_20000_38500_38800,DISTORTEDgait1,,chronos_base_quantile,default,,0.00657,0.00833,0.86926,1.0,1.99,,1970.5,45000,1,0.00669,ok
ucr,059_UCR_Anomaly_DISTORTEDgait1_20000_38500_38800,DISTORTEDgait1,,timesfm_resid,default,,0.00675,0.0087,0.83496,0.00837,41.39,,2046.7,45000,1,0.00669,ok
smd,machine-1-6,server,,lof,tuned,"{'w': 50, 'k': 30}",0.24935,0.33435,0.65255,0.32832,40.3,44.42,0.0,23689,38,0.15653,ok
ucr,059_UCR_Anomaly_DISTORTEDgait1_20000_38500_38800,DISTORTEDgait1,,timesfm_quantile,default,,0.00685,0.00887,0.86434,1.0,41.39,,2046.7,45000,1,0.00669,ok
smd,machine-1-6,server,,knn,default,,0.16855,0.30015,0.73343,0.76917,10.31,,1594.1,23689,38,0.15653,ok
ucr,059_UCR_Anomaly_DISTORTEDgait1_20000_38500_38800,DISTORTEDgait1,,tirex_resid,default,,0.00479,0.00689,0.72497,0.00224,32.98,,2033.8,45000,1,0.00669,ok
ucr,059_UCR_Anomaly_DISTORTEDgait1_20000_38500_38800,DISTORTEDgait1,,tirex_quantile,default,,0.00638,0.00848,0.6998,1.0,32.98,,2033.8,45000,1,0.00669,ok
smd,machine-1-6,server,,knn,tuned,"{'w': 50, 'k': 3}",0.22718,0.3754,0.79969,0.72585,26.94,22.01,0.0,23689,38,0.15653,ok
ucr,059_UCR_Anomaly_DISTORTEDgait1_20000_38500_38800,DISTORTEDgait1,,iforest,default,,0.00747,0.01117,0.65856,0.01817,6.66,,1594.1,45000,1,0.00669,ok
smd,machine-1-6,server,,ae,default,,0.52261,0.59777,0.71332,0.65574,11.15,,2159.8,23689,38,0.15653,ok
ucr,059_UCR_Anomaly_DISTORTEDgait1_20000_38500_38800,DISTORTEDgait1,,iforest,tuned,"{'w': 400, 'n_estimators': 100}",0.02292,0.02809,0.63302,0.11111,6.71,9.49,0.0,45000,1,0.00669,ok
ucr,059_UCR_Anomaly_DISTORTEDgait1_20000_38500_38800,DISTORTEDgait1,,lof,default,,0.06839,0.05916,0.72511,0.18907,1.52,,1594.1,45000,1,0.00669,ok
ucr,059_UCR_Anomaly_DISTORTEDgait1_20000_38500_38800,DISTORTEDgait1,,lof,tuned,"{'w': 200, 'k': 10}",0.51545,0.28687,0.9983,0.32179,3.35,6.85,0.0,45000,1,0.00669,ok
ucr,059_UCR_Anomaly_DISTORTEDgait1_20000_38500_38800,DISTORTEDgait1,,knn,default,,0.18139,0.08159,0.99824,0.21085,1.22,,1594.1,45000,1,0.00669,ok
ucr,059_UCR_Anomaly_DISTORTEDgait1_20000_38500_38800,DISTORTEDgait1,,knn,tuned,"{'w': 200, 'k': 1}",0.46696,0.30072,0.99809,0.26282,2.75,3.63,0.0,45000,1,0.00669,ok
ucr,059_UCR_Anomaly_DISTORTEDgait1_20000_38500_38800,DISTORTEDgait1,,ae,default,,0.00902,0.01193,0.66195,0.0125,7.22,,1619.3,45000,1,0.00669,ok
smd,machine-1-6,server,,ae,tuned,"{'w': 50, 'hidden': 32, 'latent': 16}",0.62478,0.67468,0.71203,0.63379,18.63,54.98,0.0,23689,38,0.15653,ok
smd,machine-1-7,server,,chronos_small_resid,default,,0.10983,0.15338,0.6956,0.0679,2.3,,1738.6,23697,38,0.10119,ok
ucr,059_UCR_Anomaly_DISTORTEDgait1_20000_38500_38800,DISTORTEDgait1,,ae,tuned,"{'w': 200, 'hidden': 32, 'latent': 16}",0.08177,0.14029,0.99168,0.20307,6.62,35.49,0.0,45000,1,0.00669,ok
ucr,060_UCR_Anomaly_DISTORTEDgait2_22000_46500_46800,DISTORTEDgait2,,chronos_small_resid,default,,0.00677,0.0097,0.84105,0.00384,0.33,,1738.6,43000,1,0.007,ok
smd,machine-1-7,server,,chronos_small_quantile,default,,0.10231,0.14185,0.69792,0.04827,2.3,,1738.6,23697,38,0.10119,ok
ucr,060_UCR_Anomaly_DISTORTEDgait2_22000_46500_46800,DISTORTEDgait2,,chronos_small_quantile,default,,0.00658,0.00921,0.77576,1.0,0.33,,1738.6,43000,1,0.007,ok
ucr,060_UCR_Anomaly_DISTORTEDgait2_22000_46500_46800,DISTORTEDgait2,,chronos_base_resid,default,,0.00736,0.01069,0.68091,0.00686,1.05,,1970.5,43000,1,0.007,ok
ucr,060_UCR_Anomaly_DISTORTEDgait2_22000_46500_46800,DISTORTEDgait2,,chronos_base_quantile,default,,0.00758,0.01051,0.66669,1.0,1.05,,1970.5,43000,1,0.007,ok
smd,machine-1-7,server,,chronos_base_resid,default,,0.12053,0.16438,0.69628,0.08374,4.34,,1970.5,23697,38,0.10119,ok
smd,machine-1-7,server,,chronos_base_quantile,default,,0.10537,0.14619,0.68829,1.0,4.34,,1970.5,23697,38,0.10119,ok
ucr,060_UCR_Anomaly_DISTORTEDgait2_22000_46500_46800,DISTORTEDgait2,,timesfm_resid,default,,0.01234,0.01675,0.77267,0.01452,9.56,,2046.7,43000,1,0.007,ok
ucr,060_UCR_Anomaly_DISTORTEDgait2_22000_46500_46800,DISTORTEDgait2,,timesfm_quantile,default,,0.00877,0.01238,0.71376,1.0,9.56,,2046.7,43000,1,0.007,ok
ucr,060_UCR_Anomaly_DISTORTEDgait2_22000_46500_46800,DISTORTEDgait2,,tirex_resid,default,,0.00745,0.0108,0.66664,0.00531,23.8,,2033.8,43000,1,0.007,ok
ucr,060_UCR_Anomaly_DISTORTEDgait2_22000_46500_46800,DISTORTEDgait2,,tirex_quantile,default,,0.00683,0.00964,0.66669,1.0,23.8,,2033.8,43000,1,0.007,ok
ucr,060_UCR_Anomaly_DISTORTEDgait2_22000_46500_46800,DISTORTEDgait2,,iforest,default,,0.01288,0.01887,0.674,0.02709,3.13,,1594.1,43000,1,0.007,ok
ucr,060_UCR_Anomaly_DISTORTEDgait2_22000_46500_46800,DISTORTEDgait2,,iforest,tuned,"{'w': 400, 'n_estimators': 100}",0.04339,0.04883,0.70135,0.18619,7.95,10.76,0.0,43000,1,0.007,ok
ucr,060_UCR_Anomaly_DISTORTEDgait2_22000_46500_46800,DISTORTEDgait2,,lof,default,,0.44117,0.21972,0.99834,0.25435,1.82,,1594.1,43000,1,0.007,ok
ucr,060_UCR_Anomaly_DISTORTEDgait2_22000_46500_46800,DISTORTEDgait2,,lof,tuned,"{'w': 200, 'k': 10}",0.55317,0.36119,0.99833,0.54167,3.62,7.68,0.0,43000,1,0.007,ok
ucr,060_UCR_Anomaly_DISTORTEDgait2_22000_46500_46800,DISTORTEDgait2,,knn,default,,0.43079,0.2165,0.99828,0.26933,1.15,,1594.1,43000,1,0.007,ok
ucr,060_UCR_Anomaly_DISTORTEDgait2_22000_46500_46800,DISTORTEDgait2,,knn,tuned,"{'w': 100, 'k': 5}",0.43079,0.2165,0.99828,0.26933,3.81,4.7,0.0,43000,1,0.007,ok
smd,machine-1-7,server,,timesfm_resid,default,,0.11488,0.15737,0.69445,0.07378,90.78,,2046.7,23697,38,0.10119,ok
ucr,060_UCR_Anomaly_DISTORTEDgait2_22000_46500_46800,DISTORTEDgait2,,ae,default,,0.01292,0.02135,0.66428,0.01871,9.19,,1617.4,43000,1,0.007,ok
smd,machine-1-7,server,,timesfm_quantile,default,,0.10022,0.14189,0.69021,1.0,90.78,,2046.7,23697,38,0.10119,ok
ucr,060_UCR_Anomaly_DISTORTEDgait2_22000_46500_46800,DISTORTEDgait2,,ae,tuned,"{'w': 200, 'hidden': 32, 'latent': 16}",0.00496,0.00801,0.6964,0.01754,9.26,41.18,0.0,43000,1,0.007,ok
ucr,061_UCR_Anomaly_DISTORTEDgait3_24500_59900_60500,DISTORTEDgait3,,chronos_small_resid,default,,0.04143,0.04632,0.73355,0.02061,0.42,,1738.6,40500,1,0.01484,ok
ucr,061_UCR_Anomaly_DISTORTEDgait3_24500_59900_60500,DISTORTEDgait3,,chronos_small_quantile,default,,0.0199,0.02407,0.67574,1.0,0.42,,1738.6,40500,1,0.01484,ok
ucr,061_UCR_Anomaly_DISTORTEDgait3_24500_59900_60500,DISTORTEDgait3,,chronos_base_resid,default,,0.0176,0.02131,0.83295,0.02281,0.91,,1970.5,40500,1,0.01484,ok
ucr,061_UCR_Anomaly_DISTORTEDgait3_24500_59900_60500,DISTORTEDgait3,,chronos_base_quantile,default,,0.0226,0.02644,0.68489,1.0,0.91,,1970.5,40500,1,0.01484,ok
ucr,061_UCR_Anomaly_DISTORTEDgait3_24500_59900_60500,DISTORTEDgait3,,timesfm_resid,default,,0.01313,0.01691,0.72281,0.00395,11.63,,2046.7,40500,1,0.01484,ok
ucr,061_UCR_Anomaly_DISTORTEDgait3_24500_59900_60500,DISTORTEDgait3,,timesfm_quantile,default,,0.01401,0.01646,0.82544,1.0,11.63,,2046.7,40500,1,0.01484,ok
ucr,061_UCR_Anomaly_DISTORTEDgait3_24500_59900_60500,DISTORTEDgait3,,tirex_resid,default,,0.03214,0.0452,0.81763,0.01435,16.29,,2033.8,40500,1,0.01484,ok
smd,machine-1-7,server,,tirex_resid,default,,0.11257,0.157,0.70699,0.06832,93.32,,2033.8,23697,38,0.10119,ok
ucr,061_UCR_Anomaly_DISTORTEDgait3_24500_59900_60500,DISTORTEDgait3,,tirex_quantile,default,,0.01662,0.02105,0.69077,1.0,16.29,,2033.8,40500,1,0.01484,ok
ucr,061_UCR_Anomaly_DISTORTEDgait3_24500_59900_60500,DISTORTEDgait3,,iforest,default,,0.01944,0.04337,0.73521,0.17825,2.85,,1594.1,40500,1,0.01484,ok
smd,machine-1-7,server,,tirex_quantile,default,,0.1017,0.14207,0.69451,1.0,93.32,,2033.8,23697,38,0.10119,ok
smd,machine-1-7,server,,iforest,default,,0.26744,0.34578,0.72099,0.49971,3.71,,1594.1,23697,38,0.10119,ok
ucr,061_UCR_Anomaly_DISTORTEDgait3_24500_59900_60500,DISTORTEDgait3,,iforest,tuned,"{'w': 400, 'n_estimators': 200}",0.03739,0.04876,0.85498,0.14179,8.28,10.99,0.0,40500,1,0.01484,ok
ucr,061_UCR_Anomaly_DISTORTEDgait3_24500_59900_60500,DISTORTEDgait3,,lof,default,,0.01774,0.02675,0.83626,0.0317,1.8,,1594.1,40500,1,0.01484,ok
smd,machine-1-7,server,,iforest,tuned,"{'w': 100, 'n_estimators': 100}",0.26448,0.33842,0.72872,0.49703,10.47,15.38,0.0,23697,38,0.10119,ok
ucr,061_UCR_Anomaly_DISTORTEDgait3_24500_59900_60500,DISTORTEDgait3,,lof,tuned,"{'w': 200, 'k': 10}",0.01655,0.01928,0.846,0.04318,14.55,27.16,0.0,40500,1,0.01484,ok
smd,machine-1-7,server,,lof,default,,0.1169,0.23183,0.74532,0.54956,27.72,,1594.1,23697,38,0.10119,ok
ucr,061_UCR_Anomaly_DISTORTEDgait3_24500_59900_60500,DISTORTEDgait3,,knn,default,,0.01598,0.02189,0.73005,0.02573,2.35,,1594.1,40500,1,0.01484,ok
ucr,061_UCR_Anomaly_DISTORTEDgait3_24500_59900_60500,DISTORTEDgait3,,knn,tuned,"{'w': 100, 'k': 3}",0.01569,0.02143,0.73381,0.02697,13.65,9.4,0.0,40500,1,0.01484,ok
ucr,061_UCR_Anomaly_DISTORTEDgait3_24500_59900_60500,DISTORTEDgait3,,ae,default,,0.0364,0.03563,0.80969,0.0629,24.77,,1617.2,40500,1,0.01484,ok
smd,machine-1-7,server,,lof,tuned,"{'w': 50, 'k': 50}",0.10971,0.20725,0.82204,0.47255,40.55,60.65,0.0,23697,38,0.10119,ok
smd,machine-1-7,server,,knn,default,,0.73982,0.75113,0.89433,0.74754,10.03,,1594.1,23697,38,0.10119,ok
smd,machine-1-7,server,,knn,tuned,"{'w': 50, 'k': 3}",0.73177,0.71488,0.88335,0.59384,26.73,22.04,0.0,23697,38,0.10119,ok
smd,machine-1-7,server,,ae,default,,0.33419,0.45319,0.91277,0.86667,9.97,,2160.3,23697,38,0.10119,ok
ucr,061_UCR_Anomaly_DISTORTEDgait3_24500_59900_60500,DISTORTEDgait3,,ae,tuned,"{'w': 200, 'hidden': 32, 'latent': 16}",0.03451,0.03501,0.84619,0.06603,8.59,105.13,0.0,40500,1,0.01484,ok
ucr,062_UCR_Anomaly_DISTORTEDgaitHunt1_18500_33070_33180,DISTORTEDgaitHunt1,,chronos_small_resid,default,,0.00198,0.00286,0.66549,0.00249,0.48,,1738.6,45500,1,0.00244,ok
ucr,062_UCR_Anomaly_DISTORTEDgaitHunt1_18500_33070_33180,DISTORTEDgaitHunt1,,chronos_small_quantile,default,,0.00248,0.00361,0.72374,1.0,0.48,,1738.6,45500,1,0.00244,ok
ucr,062_UCR_Anomaly_DISTORTEDgaitHunt1_18500_33070_33180,DISTORTEDgaitHunt1,,chronos_base_resid,default,,0.00239,0.00332,0.66584,0.00368,0.84,,1970.5,45500,1,0.00244,ok
ucr,062_UCR_Anomaly_DISTORTEDgaitHunt1_18500_33070_33180,DISTORTEDgaitHunt1,,chronos_base_quantile,default,,0.00228,0.00346,0.79383,1.0,0.84,,1970.5,45500,1,0.00244,ok
ucr,062_UCR_Anomaly_DISTORTEDgaitHunt1_18500_33070_33180,DISTORTEDgaitHunt1,,timesfm_resid,default,,0.00244,0.00343,0.66062,0.00487,12.68,,2046.7,45500,1,0.00244,ok
ucr,062_UCR_Anomaly_DISTORTEDgaitHunt1_18500_33070_33180,DISTORTEDgaitHunt1,,timesfm_quantile,default,,0.00231,0.00345,0.80382,1.0,12.68,,2046.7,45500,1,0.00244,ok
ucr,062_UCR_Anomaly_DISTORTEDgaitHunt1_18500_33070_33180,DISTORTEDgaitHunt1,,tirex_resid,default,,0.00195,0.00302,0.66188,0.00199,16.24,,2033.8,45500,1,0.00244,ok
ucr,062_UCR_Anomaly_DISTORTEDgaitHunt1_18500_33070_33180,DISTORTEDgaitHunt1,,tirex_quantile,default,,0.00225,0.00339,0.68985,1.0,16.24,,2033.8,45500,1,0.00244,ok
ucr,062_UCR_Anomaly_DISTORTEDgaitHunt1_18500_33070_33180,DISTORTEDgaitHunt1,,iforest,default,,0.00476,0.00841,0.82337,0.03526,2.64,,1594.1,45500,1,0.00244,ok
smd,machine-1-7,server,,ae,tuned,"{'w': 50, 'hidden': 64, 'latent': 8}",0.69086,0.76799,0.92547,0.71566,19.61,47.39,0.0,23697,38,0.10119,ok
ucr,062_UCR_Anomaly_DISTORTEDgaitHunt1_18500_33070_33180,DISTORTEDgaitHunt1,,iforest,tuned,"{'w': 100, 'n_estimators': 200}",0.00476,0.00841,0.82337,0.03526,5.09,8.57,0.0,45500,1,0.00244,ok
smd,machine-1-8,server,,chronos_small_resid,default,,0.07154,0.09645,0.72328,0.16918,2.59,,1738.6,23699,38,0.0322,ok
ucr,062_UCR_Anomaly_DISTORTEDgaitHunt1_18500_33070_33180,DISTORTEDgaitHunt1,,lof,default,,0.60975,0.28635,0.9993,0.34167,2.11,,1594.1,45500,1,0.00244,ok
ucr,062_UCR_Anomaly_DISTORTEDgaitHunt1_18500_33070_33180,DISTORTEDgaitHunt1,,lof,tuned,"{'w': 200, 'k': 10}",0.08144,0.11589,0.71668,0.3625,3.1,5.96,0.0,45500,1,0.00244,ok
ucr,062_UCR_Anomaly_DISTORTEDgaitHunt1_18500_33070_33180,DISTORTEDgaitHunt1,,knn,default,,0.37727,0.31776,0.78115,0.4,1.08,,1594.1,45500,1,0.00244,ok
smd,machine-1-8,server,,chronos_small_quantile,default,,0.07798,0.07497,0.73014,0.09295,2.59,,1738.6,23699,38,0.0322,ok
ucr,062_UCR_Anomaly_DISTORTEDgaitHunt1_18500_33070_33180,DISTORTEDgaitHunt1,,knn,tuned,"{'w': 100, 'k': 3}",0.40493,0.34115,0.78109,0.4,3.42,3.6,0.0,45500,1,0.00244,ok
smd,machine-1-8,server,,chronos_base_resid,default,,0.05974,0.08192,0.71539,0.17786,6.0,,1970.5,23699,38,0.0322,ok
ucr,062_UCR_Anomaly_DISTORTEDgaitHunt1_18500_33070_33180,DISTORTEDgaitHunt1,,ae,default,,0.76348,0.34043,0.99965,0.28571,6.78,,1619.3,45500,1,0.00244,ok
smd,machine-1-8,server,,chronos_base_quantile,default,,0.05956,0.0689,0.72291,0.10114,6.0,,1970.5,23699,38,0.0322,ok
ucr,062_UCR_Anomaly_DISTORTEDgaitHunt1_18500_33070_33180,DISTORTEDgaitHunt1,,ae,tuned,"{'w': 200, 'hidden': 32, 'latent': 16}",0.00627,0.00898,0.80311,0.03444,9.3,34.16,0.0,45500,1,0.00244,ok
ucr,063_UCR_Anomaly_DISTORTEDgaitHunt2_18500_31200_31850,DISTORTEDgaitHunt2,,chronos_small_resid,default,,0.01413,0.01621,0.67533,0.01026,0.49,,1738.6,45500,1,0.01431,ok
ucr,063_UCR_Anomaly_DISTORTEDgaitHunt2_18500_31200_31850,DISTORTEDgaitHunt2,,chronos_small_quantile,default,,0.01271,0.01478,0.66676,1.0,25.95,,249.5,45500,1,0.01431,ok
ucr,063_UCR_Anomaly_DISTORTEDgaitHunt2_18500_31200_31850,DISTORTEDgaitHunt2,,chronos_base_resid,default,,0.01348,0.01537,0.68026,0.00356,11.0,,892.2,45500,1,0.01431,ok
ucr,063_UCR_Anomaly_DISTORTEDgaitHunt2_18500_31200_31850,DISTORTEDgaitHunt2,,chronos_base_quantile,default,,0.01305,0.01506,0.66676,1.0,11.0,,892.2,45500,1,0.01431,ok
ucr,063_UCR_Anomaly_DISTORTEDgaitHunt2_18500_31200_31850,DISTORTEDgaitHunt2,,timesfm_resid,default,,0.01424,0.0164,0.67312,0.00401,18.09,,1894.7,45500,1,0.01431,ok
ucr,063_UCR_Anomaly_DISTORTEDgaitHunt2_18500_31200_31850,DISTORTEDgaitHunt2,,timesfm_quantile,default,,0.01314,0.01519,0.79739,1.0,18.09,,1894.7,45500,1,0.01431,ok
ucr,063_UCR_Anomaly_DISTORTEDgaitHunt2_18500_31200_31850,DISTORTEDgaitHunt2,,tirex_resid,default,,0.01352,0.01544,0.67309,0.00383,18.57,,2025.3,45500,1,0.01431,ok
ucr,063_UCR_Anomaly_DISTORTEDgaitHunt2_18500_31200_31850,DISTORTEDgaitHunt2,,tirex_quantile,default,,0.01274,0.01479,0.68028,1.0,18.57,,2025.3,45500,1,0.01431,ok
ucr,063_UCR_Anomaly_DISTORTEDgaitHunt2_18500_31200_31850,DISTORTEDgaitHunt2,,iforest,default,,0.02079,0.02203,0.82935,0.02199,3.38,,1585.6,45500,1,0.01431,ok
ucr,063_UCR_Anomaly_DISTORTEDgaitHunt2_18500_31200_31850,DISTORTEDgaitHunt2,,iforest,tuned,"{'w': 100, 'n_estimators': 100}",0.02176,0.02304,0.82922,0.02303,4.95,9.27,0.0,45500,1,0.01431,ok
ucr,063_UCR_Anomaly_DISTORTEDgaitHunt2_18500_31200_31850,DISTORTEDgaitHunt2,,lof,default,,0.27805,0.25172,0.99353,0.35447,3.93,,1585.6,45500,1,0.01431,ok
ucr,063_UCR_Anomaly_DISTORTEDgaitHunt2_18500_31200_31850,DISTORTEDgaitHunt2,,lof,tuned,"{'w': 200, 'k': 10}",0.22029,0.24076,0.84006,0.325,3.36,5.61,0.0,45500,1,0.01431,ok
ucr,063_UCR_Anomaly_DISTORTEDgaitHunt2_18500_31200_31850,DISTORTEDgaitHunt2,,knn,default,,0.36622,0.31184,0.99365,0.26032,1.03,,1585.6,45500,1,0.01431,ok
ucr,063_UCR_Anomaly_DISTORTEDgaitHunt2_18500_31200_31850,DISTORTEDgaitHunt2,,knn,tuned,"{'w': 100, 'k': 5}",0.36622,0.31184,0.99365,0.26032,3.51,3.76,0.0,45500,1,0.01431,ok
ucr,063_UCR_Anomaly_DISTORTEDgaitHunt2_18500_31200_31850,DISTORTEDgaitHunt2,,ae,default,,0.23386,0.2257,0.85154,0.20928,8.18,,1619.3,45500,1,0.01431,ok
ucr,063_UCR_Anomaly_DISTORTEDgaitHunt2_18500_31200_31850,DISTORTEDgaitHunt2,,ae,tuned,"{'w': 200, 'hidden': 32, 'latent': 16}",0.03472,0.0423,0.78885,0.07002,9.2,34.97,0.0,45500,1,0.01431,ok
ucr,064_UCR_Anomaly_DISTORTEDgaitHunt3_23400_38400_39200,DISTORTEDgaitHunt3,,chronos_small_resid,default,,0.02208,0.02567,0.73488,0.00792,0.49,,1738.6,40600,1,0.01973,ok
ucr,064_UCR_Anomaly_DISTORTEDgaitHunt3_23400_38400_39200,DISTORTEDgaitHunt3,,chronos_small_quantile,default,,0.01854,0.02122,0.72365,1.0,0.49,,1738.6,40600,1,0.01973,ok
ucr,064_UCR_Anomaly_DISTORTEDgaitHunt3_23400_38400_39200,DISTORTEDgaitHunt3,,chronos_base_resid,default,,0.02125,0.02467,0.84242,0.00778,0.97,,1970.5,40600,1,0.01973,ok
ucr,064_UCR_Anomaly_DISTORTEDgaitHunt3_23400_38400_39200,DISTORTEDgaitHunt3,,chronos_base_quantile,default,,0.01851,0.02147,0.7559,1.0,0.97,,1970.5,40600,1,0.01973,ok
ucr,064_UCR_Anomaly_DISTORTEDgaitHunt3_23400_38400_39200,DISTORTEDgaitHunt3,,timesfm_resid,default,,0.02499,0.02911,0.81693,0.00728,12.44,,2046.7,40600,1,0.01973,ok
ucr,064_UCR_Anomaly_DISTORTEDgaitHunt3_23400_38400_39200,DISTORTEDgaitHunt3,,timesfm_quantile,default,,0.01892,0.02189,0.75726,1.0,12.44,,2046.7,40600,1,0.01973,ok
ucr,064_UCR_Anomaly_DISTORTEDgaitHunt3_23400_38400_39200,DISTORTEDgaitHunt3,,tirex_resid,default,,0.02071,0.02383,0.80137,0.00491,14.98,,2033.8,40600,1,0.01973,ok
ucr,064_UCR_Anomaly_DISTORTEDgaitHunt3_23400_38400_39200,DISTORTEDgaitHunt3,,tirex_quantile,default,,0.01964,0.02241,0.7142,1.0,14.98,,2033.8,40600,1,0.01973,ok
ucr,064_UCR_Anomaly_DISTORTEDgaitHunt3_23400_38400_39200,DISTORTEDgaitHunt3,,iforest,default,,0.05616,0.06982,0.74113,0.07313,2.85,,1594.1,40600,1,0.01973,ok
nasa,P-1,smap,contextual,chronos_small_resid,default,,0.09195,0.12407,0.6749,0.03168,26.46,,249.5,8505,25,0.0883,ok
nasa,P-1,smap,contextual,chronos_small_quantile,default,,0.10039,0.13347,0.70305,0.02595,26.46,,249.5,8505,25,0.0883,ok
nasa,P-1,smap,contextual,chronos_base_resid,default,,0.09298,0.12365,0.68387,0.02881,4.53,,892.2,8505,25,0.0883,ok
nasa,P-1,smap,contextual,chronos_base_quantile,default,,0.08986,0.11734,0.67348,0.04457,4.53,,892.2,8505,25,0.0883,ok
nasa,P-1,smap,contextual,timesfm_resid,default,,0.09218,0.1252,0.71131,0.02897,35.0,,1894.7,8505,25,0.0883,ok
nasa,P-1,smap,contextual,timesfm_quantile,default,,0.09146,0.12345,0.69722,0.03867,35.0,,1894.7,8505,25,0.0883,ok
nasa,P-1,smap,contextual,tirex_resid,default,,0.09582,0.12677,0.68507,0.01728,35.36,,2025.3,8505,25,0.0883,ok
nasa,P-1,smap,contextual,tirex_quantile,default,,0.08717,0.11834,0.68218,0.04036,35.36,,2025.3,8505,25,0.0883,ok
nasa,P-1,smap,contextual,iforest,default,,0.08359,0.10954,0.61003,0.15473,1.83,,1585.6,8505,25,0.0883,ok
nasa,P-1,smap,contextual,iforest,tuned,"{'w': 50, 'n_estimators': 100}",0.08328,0.11014,0.64359,0.10543,1.3,5.65,0.0,8505,25,0.0883,ok
nasa,P-1,smap,contextual,lof,default,,0.10072,0.12927,0.61899,0.1881,2.78,,1585.6,8505,25,0.0883,ok
nasa,P-1,smap,contextual,lof,tuned,"{'w': 100, 'k': 30}",0.09396,0.12317,0.6248,0.17083,1.33,2.56,0.0,8505,25,0.0883,ok
nasa,P-1,smap,contextual,knn,default,,0.0919,0.11938,0.63591,0.17264,0.51,,1585.6,8505,25,0.0883,ok
nasa,P-1,smap,contextual,knn,tuned,"{'w': 50, 'k': 3}",0.09101,0.1178,0.78491,0.11379,1.64,2.11,0.0,8505,25,0.0883,ok
nasa,P-1,smap,contextual,ae,default,,0.15354,0.14927,0.64444,0.23333,2.09,,1773.2,8505,25,0.0883,ok
nasa,P-1,smap,contextual,ae,tuned,"{'w': 50, 'hidden': 32, 'latent': 16}",0.12911,0.13517,0.65344,0.22382,3.25,7.12,0.0,8505,25,0.0883,ok
nasa,S-1,smap,point,chronos_small_resid,default,,0.0448,0.05696,0.59449,0.01556,1.09,,1738.6,7331,25,0.06111,ok
nasa,S-1,smap,point,chronos_small_quantile,default,,0.07437,0.08974,0.63225,0.0104,1.09,,1738.6,7331,25,0.06111,ok
nasa,S-1,smap,point,chronos_base_resid,default,,0.04586,0.05874,0.66791,0.0161,1.69,,1970.5,7331,25,0.06111,ok
nasa,S-1,smap,point,chronos_base_quantile,default,,0.05503,0.0668,0.62798,0.01463,1.69,,1970.5,7331,25,0.06111,ok
nasa,S-1,smap,point,timesfm_resid,default,,0.04714,0.05988,0.60036,0.00483,26.4,,2046.7,7331,25,0.06111,ok
nasa,S-1,smap,point,timesfm_quantile,default,,0.05844,0.07214,0.6613,0.01627,26.4,,2046.7,7331,25,0.06111,ok
nasa,S-1,smap,point,tirex_resid,default,,0.04711,0.05886,0.67365,0.01503,30.73,,2033.8,7331,25,0.06111,ok
nasa,S-1,smap,point,tirex_quantile,default,,0.06094,0.07312,0.66873,0.01547,30.73,,2033.8,7331,25,0.06111,ok
nasa,S-1,smap,point,iforest,default,,0.03567,0.04849,0.56611,0.04545,1.51,,1594.1,7331,25,0.06111,ok
nasa,S-1,smap,point,iforest,tuned,"{'w': 50, 'n_estimators': 100}",0.03546,0.04727,0.83522,0.02941,1.28,5.83,0.0,7331,25,0.06111,ok
nasa,S-1,smap,point,lof,default,,0.03568,0.04785,0.57511,0.04167,0.61,,1594.1,7331,25,0.06111,ok
nasa,S-1,smap,point,lof,tuned,"{'w': 200, 'k': 10}",0.03489,0.04571,0.56077,0.0625,0.92,2.54,0.0,7331,25,0.06111,ok
nasa,S-1,smap,point,knn,default,,0.0387,0.05124,0.56923,0.04167,0.42,,1594.1,7331,25,0.06111,ok
nasa,S-1,smap,point,knn,tuned,"{'w': 200, 'k': 1}",0.04121,0.05148,0.54273,0.0625,0.71,2.0,0.0,7331,25,0.06111,ok
nasa,S-1,smap,point,ae,default,,0.04038,0.05387,0.57107,0.10417,1.85,,1761.3,7331,25,0.06111,ok
nasa,S-1,smap,point,ae,tuned,"{'w': 200, 'hidden': 32, 'latent': 16}",0.04796,0.0617,0.55289,0.13393,2.95,7.23,0.0,7331,25,0.06111,ok
nasa,E-1,smap,contextual,chronos_small_resid,default,,0.05744,0.08218,0.79248,0.05239,1.07,,1738.6,8516,25,0.05965,ok
nasa,E-1,smap,contextual,chronos_small_quantile,default,,0.0726,0.09656,0.75131,0.01059,1.07,,1738.6,8516,25,0.05965,ok
nasa,E-1,smap,contextual,chronos_base_resid,default,,0.06212,0.08883,0.75724,0.03355,2.07,,1970.5,8516,25,0.05965,ok
nasa,E-1,smap,contextual,chronos_base_quantile,default,,0.07106,0.10031,0.75907,1.0,2.07,,1970.5,8516,25,0.05965,ok
nasa,E-1,smap,contextual,timesfm_resid,default,,0.05529,0.08048,0.7553,0.03224,29.58,,2046.7,8516,25,0.05965,ok
nasa,E-1,smap,contextual,timesfm_quantile,default,,0.06743,0.08847,0.81296,0.01944,29.58,,2046.7,8516,25,0.05965,ok
nasa,E-1,smap,contextual,tirex_resid,default,,0.06167,0.08902,0.7545,0.01726,36.56,,2033.8,8516,25,0.05965,ok
nasa,E-1,smap,contextual,tirex_quantile,default,,0.06459,0.08595,0.77141,0.01047,36.56,,2033.8,8516,25,0.05965,ok
nasa,E-1,smap,contextual,iforest,default,,0.04068,0.06676,0.78298,0.2006,1.54,,1594.1,8516,25,0.05965,ok
nasa,E-1,smap,contextual,iforest,tuned,"{'w': 50, 'n_estimators': 100}",0.05166,0.07419,0.80722,0.25347,1.61,5.62,0.0,8516,25,0.05965,ok
nasa,E-1,smap,contextual,lof,default,,0.49566,0.43937,0.79574,0.43571,0.72,,1594.1,8516,25,0.05965,ok
nasa,E-1,smap,contextual,lof,tuned,"{'w': 200, 'k': 10}",0.55378,0.49953,0.83065,0.5,0.94,2.26,0.0,8516,25,0.05965,ok
nasa,E-1,smap,contextual,knn,default,,0.52611,0.4758,0.8159,0.47778,0.56,,1594.1,8516,25,0.05965,ok
nasa,E-1,smap,contextual,knn,tuned,"{'w': 50, 'k': 3}",0.5769,0.50222,0.98851,0.58056,1.52,1.87,0.0,8516,25,0.05965,ok
nasa,E-1,smap,contextual,ae,default,,0.10835,0.15424,0.77188,0.32692,1.78,,1773.4,8516,25,0.05965,ok
nasa,E-1,smap,contextual,ae,tuned,"{'w': 200, 'hidden': 32, 'latent': 16}",0.1255,0.19143,0.77376,0.26667,2.96,7.15,0.0,8516,25,0.05965,ok
nasa,E-2,smap,point,chronos_small_resid,default,,0.09945,0.10817,0.53556,0.00207,1.25,,1738.6,8532,25,0.16385,ok
nasa,E-2,smap,point,chronos_small_quantile,default,,0.13273,0.14349,0.63134,0.00406,1.25,,1738.6,8532,25,0.16385,ok
nasa,E-2,smap,point,chronos_base_resid,default,,0.10036,0.10971,0.55019,0.0025,1.91,,1970.5,8532,25,0.16385,ok
nasa,E-2,smap,point,chronos_base_quantile,default,,0.13556,0.14682,0.64744,0.00415,1.91,,1970.5,8532,25,0.16385,ok
nasa,E-2,smap,point,timesfm_resid,default,,0.10216,0.11121,0.53699,0.00249,29.76,,2046.7,8532,25,0.16385,ok
nasa,E-2,smap,point,timesfm_quantile,default,,0.14017,0.15072,0.61726,0.01672,29.76,,2046.7,8532,25,0.16385,ok
nasa,E-2,smap,point,tirex_resid,default,,0.1001,0.10906,0.53096,0.0119,37.51,,2033.8,8532,25,0.16385,ok
nasa,E-2,smap,point,tirex_quantile,default,,0.14342,0.15345,0.6641,0.0053,37.51,,2033.8,8532,25,0.16385,ok
nasa,E-2,smap,point,iforest,default,,0.09801,0.10892,0.80524,0.03846,1.85,,1594.1,8532,25,0.16385,ok
nasa,E-2,smap,point,iforest,tuned,"{'w': 50, 'n_estimators': 200}",0.09881,0.10821,0.66716,0.01429,2.23,5.24,0.0,8532,25,0.16385,ok
nasa,E-2,smap,point,lof,default,,0.09738,0.10877,0.80438,0.04167,0.73,,1594.1,8532,25,0.16385,ok
nasa,E-2,smap,point,lof,tuned,"{'w': 200, 'k': 10}",0.1195,0.12931,0.80591,0.0625,1.04,2.74,0.0,8532,25,0.16385,ok
nasa,E-2,smap,point,knn,default,,0.09004,0.10036,0.80524,0.03846,0.2,,1594.1,8532,25,0.16385,ok
nasa,E-2,smap,point,knn,tuned,"{'w': 50, 'k': 3}",0.09338,0.1033,0.67988,0.05556,1.56,2.05,0.0,8532,25,0.16385,ok
nasa,E-2,smap,point,ae,default,,0.14042,0.15996,0.91337,0.25,1.77,,1773.6,8532,25,0.16385,ok
nasa,E-2,smap,point,ae,tuned,"{'w': 50, 'hidden': 32, 'latent': 16}",0.13103,0.14738,0.91337,0.25,2.97,6.81,0.0,8532,25,0.16385,ok
nasa,E-3,smap,point,chronos_small_resid,default,,0.23963,0.24612,0.54391,0.01282,1.13,,1738.6,8307,25,0.38678,ok
nasa,E-3,smap,point,chronos_small_quantile,default,,0.31865,0.3257,0.62757,0.01651,1.13,,1738.6,8307,25,0.38678,ok
nasa,E-3,smap,point,chronos_base_resid,default,,0.24239,0.249,0.55438,0.00694,2.0,,1970.5,8307,25,0.38678,ok
nasa,E-3,smap,point,chronos_base_quantile,default,,0.32371,0.33001,0.65432,0.01619,2.0,,1970.5,8307,25,0.38678,ok
nasa,E-3,smap,point,timesfm_resid,default,,0.24173,0.24886,0.55417,0.01282,28.05,,2046.7,8307,25,0.38678,ok
nasa,E-3,smap,point,timesfm_quantile,default,,0.33378,0.33976,0.65499,0.02637,28.05,,2046.7,8307,25,0.38678,ok
nasa,E-3,smap,point,tirex_resid,default,,0.24252,0.24859,0.58254,0.01351,36.43,,2033.8,8307,25,0.38678,ok
nasa,E-3,smap,point,tirex_quantile,default,,0.33275,0.33851,0.71747,0.0159,36.43,,2033.8,8307,25,0.38678,ok
nasa,E-3,smap,point,iforest,default,,0.26638,0.27028,0.86871,0.16667,1.66,,1594.1,8307,25,0.38678,ok
nasa,E-3,smap,point,iforest,tuned,"{'w': 50, 'n_estimators': 200}",0.26508,0.27113,0.88119,0.16667,2.08,5.68,0.0,8307,25,0.38678,ok
nasa,E-3,smap,point,lof,default,,0.30637,0.31216,0.88665,0.25,0.75,,1594.1,8307,25,0.38678,ok
nasa,E-3,smap,point,lof,tuned,"{'w': 200, 'k': 10}",0.32831,0.33244,0.88675,0.25,0.89,2.69,0.0,8307,25,0.38678,ok
nasa,E-3,smap,point,knn,default,,0.30966,0.31511,0.88585,0.25,0.54,,1594.1,8307,25,0.38678,ok
nasa,E-3,smap,point,knn,tuned,"{'w': 50, 'k': 3}",0.27628,0.2854,0.88077,0.25,1.36,2.03,0.0,8307,25,0.38678,ok
nasa,E-3,smap,point,ae,default,,0.29713,0.30193,0.88899,0.25,1.68,,1771.3,8307,25,0.38678,ok
nasa,E-3,smap,point,ae,tuned,"{'w': 200, 'hidden': 32, 'latent': 16}",0.34955,0.35287,0.89601,0.32143,2.93,7.33,0.0,8307,25,0.38678,ok
nasa,E-4,smap,point,chronos_small_resid,default,,0.19966,0.20711,0.7896,0.01351,1.18,,1738.6,8354,25,0.33661,ok
nasa,E-4,smap,point,chronos_small_quantile,default,,0.27252,0.28272,0.64345,0.01505,1.18,,1738.6,8354,25,0.33661,ok
nasa,E-4,smap,point,chronos_base_resid,default,,0.19799,0.20626,0.51057,0.00633,2.02,,1970.5,8354,25,0.33661,ok
nasa,E-4,smap,point,chronos_base_quantile,default,,0.27621,0.28707,0.65776,0.01391,2.02,,1970.5,8354,25,0.33661,ok
nasa,E-4,smap,point,timesfm_resid,default,,0.1969,0.20651,0.52356,0.0125,29.7,,2046.7,8354,25,0.33661,ok
nasa,E-4,smap,point,timesfm_quantile,default,,0.29486,0.30514,0.71519,1.0,29.7,,2046.7,8354,25,0.33661,ok
nasa,E-4,smap,point,tirex_resid,default,,0.19757,0.20705,0.5367,0.01282,38.97,,2033.8,8354,25,0.33661,ok
nasa,E-4,smap,point,tirex_quantile,default,,0.28808,0.2997,0.70261,0.01463,38.97,,2033.8,8354,25,0.33661,ok
nasa,E-4,smap,point,iforest,default,,0.21649,0.23057,0.85365,0.125,1.87,,1594.1,8354,25,0.33661,ok
nasa,E-4,smap,point,iforest,tuned,"{'w': 50, 'n_estimators': 200}",0.20691,0.22081,0.79765,0.16667,2.15,6.27,0.0,8354,25,0.33661,ok
nasa,E-4,smap,point,lof,default,,0.25845,0.27219,0.87318,0.25,0.76,,1594.1,8354,25,0.33661,ok
nasa,E-4,smap,point,lof,tuned,"{'w': 200, 'k': 10}",0.36964,0.37776,0.87306,0.25,0.94,2.78,0.0,8354,25,0.33661,ok
nasa,E-4,smap,point,knn,default,,0.24677,0.25922,0.87298,0.25,0.52,,1594.1,8354,25,0.33661,ok
nasa,E-4,smap,point,knn,tuned,"{'w': 50, 'k': 3}",0.2215,0.23157,0.87053,0.25,1.55,2.05,0.0,8354,25,0.33661,ok
nasa,E-4,smap,point,ae,default,,0.25365,0.26229,0.87879,0.25,1.97,,1771.8,8354,25,0.33661,ok
nasa,E-4,smap,point,ae,tuned,"{'w': 200, 'hidden': 32, 'latent': 16}",0.30537,0.31498,0.88589,0.25,2.76,7.54,0.0,8354,25,0.33661,ok
nasa,E-5,smap,point,chronos_small_resid,default,,0.04728,0.05092,0.77568,0.01708,1.02,,1738.6,8294,25,0.0387,ok
nasa,E-5,smap,point,chronos_small_quantile,default,,0.04992,0.06149,0.66116,0.01537,1.02,,1738.6,8294,25,0.0387,ok
nasa,E-5,smap,point,chronos_base_resid,default,,0.04254,0.04992,0.82683,0.01571,1.92,,1970.5,8294,25,0.0387,ok
nasa,E-5,smap,point,chronos_base_quantile,default,,0.05126,0.06395,0.70055,0.00757,1.92,,1970.5,8294,25,0.0387,ok
nasa,E-5,smap,point,timesfm_resid,default,,0.04004,0.04882,0.66114,0.01206,30.23,,2046.7,8294,25,0.0387,ok
nasa,E-5,smap,point,timesfm_quantile,default,,0.03877,0.0538,0.67809,0.01557,30.23,,2046.7,8294,25,0.0387,ok
nasa,E-5,smap,point,tirex_resid,default,,0.0445,0.05165,0.81914,0.01537,38.91,,2033.8,8294,25,0.0387,ok
nasa,E-5,smap,point,tirex_quantile,default,,0.03905,0.0493,0.65216,0.00778,38.91,,2033.8,8294,25,0.0387,ok
nasa,E-5,smap,point,iforest,default,,0.0269,0.0555,0.64328,0.1,1.65,,1594.1,8294,25,0.0387,ok
nasa,E-5,smap,point,iforest,tuned,"{'w': 50, 'n_estimators': 200}",0.09318,0.07625,0.98299,0.16667,2.09,5.45,0.0,8294,25,0.0387,ok
nasa,E-5,smap,point,lof,default,,0.16814,0.23336,0.98243,0.32143,0.76,,1594.1,8294,25,0.0387,ok
nasa,E-5,smap,point,lof,tuned,"{'w': 200, 'k': 10}",0.12196,0.2464,0.97173,0.47917,0.91,2.39,0.0,8294,25,0.0387,ok
nasa,E-5,smap,point,knn,default,,0.1203,0.18087,0.98243,0.25,0.5,,1594.1,8294,25,0.0387,ok
nasa,E-5,smap,point,knn,tuned,"{'w': 50, 'k': 3}",0.15412,0.1473,0.98265,0.17949,1.56,2.01,0.0,8294,25,0.0387,ok
nasa,E-5,smap,point,ae,default,,0.28778,0.33159,0.98242,0.5,2.06,,1771.2,8294,25,0.0387,ok
nasa,E-5,smap,point,ae,tuned,"{'w': 200, 'hidden': 32, 'latent': 16}",0.42372,0.49052,0.98292,0.75,3.03,7.15,0.0,8294,25,0.0387,ok
nasa,E-6,smap,point,chronos_small_resid,default,,0.03723,0.02681,0.65232,0.02017,1.03,,1738.6,8300,25,0.00795,ok
nasa,E-6,smap,point,chronos_small_quantile,default,,0.02043,0.02533,0.63778,0.0174,1.03,,1738.6,8300,25,0.00795,ok
nasa,E-6,smap,point,chronos_base_resid,default,,0.02259,0.02749,0.61587,0.01956,2.09,,1970.5,8300,25,0.00795,ok
nasa,E-6,smap,point,chronos_base_quantile,default,,0.01689,0.02285,0.66669,1.0,2.09,,1970.5,8300,25,0.00795,ok
nasa,E-6,smap,point,timesfm_resid,default,,0.01889,0.02398,0.64798,0.01049,28.2,,2046.7,8300,25,0.00795,ok
nasa,E-6,smap,point,timesfm_quantile,default,,0.01369,0.01592,0.66742,1.0,28.2,,2046.7,8300,25,0.00795,ok
nasa,E-6,smap,point,tirex_resid,default,,0.02663,0.02683,0.61762,0.01864,32.62,,2033.8,8300,25,0.00795,ok
nasa,E-6,smap,point,tirex_quantile,default,,0.01193,0.01501,0.66154,0.00509,32.62,,2033.8,8300,25,0.00795,ok
nasa,E-6,smap,point,iforest,default,,0.01509,0.0272,0.65109,0.21978,1.65,,1594.1,8300,25,0.00795,ok
nasa,E-6,smap,point,iforest,tuned,"{'w': 50, 'n_estimators': 200}",0.12076,0.11797,0.85078,0.27,1.93,5.51,0.0,8300,25,0.00795,ok
nasa,E-6,smap,point,lof,default,,0.67718,0.65429,0.99711,1.0,0.72,,1594.1,8300,25,0.00795,ok
nasa,E-6,smap,point,lof,tuned,"{'w': 200, 'k': 10}",0.49829,0.54768,0.99713,1.0,0.99,2.51,0.0,8300,25,0.00795,ok
nasa,E-6,smap,point,knn,default,,0.49665,0.46047,0.99711,0.79167,0.52,,1594.1,8300,25,0.00795,ok
nasa,E-6,smap,point,knn,tuned,"{'w': 50, 'k': 3}",0.55301,0.47518,0.99737,0.64224,1.36,1.93,0.0,8300,25,0.00795,ok
nasa,E-6,smap,point,ae,default,,0.77898,0.78264,0.99755,1.0,1.88,,1771.2,8300,25,0.00795,ok
nasa,E-6,smap,point,ae,tuned,"{'w': 200, 'hidden': 32, 'latent': 16}",0.75917,0.77931,0.99742,1.0,2.54,5.83,0.0,8300,25,0.00795,ok
nasa,E-7,smap,point,chronos_small_resid,default,,0.03459,0.04812,0.79261,0.00853,0.61,,1738.6,8310,25,0.03381,ok
nasa,E-7,smap,point,chronos_small_quantile,default,,0.04359,0.05227,0.62803,0.0181,0.61,,1738.6,8310,25,0.03381,ok
nasa,E-7,smap,point,chronos_base_resid,default,,0.03775,0.05153,0.62125,0.00884,1.78,,1970.5,8310,25,0.03381,ok
nasa,E-7,smap,point,chronos_base_quantile,default,,0.03716,0.04768,0.66717,1.0,1.78,,1970.5,8310,25,0.03381,ok
nasa,E-7,smap,point,timesfm_resid,default,,0.03329,0.04671,0.59744,0.00593,27.73,,2046.7,8310,25,0.03381,ok
nasa,E-7,smap,point,timesfm_quantile,default,,0.03615,0.05086,0.66717,1.0,27.73,,2046.7,8310,25,0.03381,ok
nasa,E-7,smap,point,tirex_resid,default,,0.0394,0.05236,0.60575,0.01473,34.12,,2033.8,8310,25,0.03381,ok
nasa,E-7,smap,point,tirex_quantile,default,,0.04766,0.06062,0.68957,0.0156,34.12,,2033.8,8310,25,0.03381,ok
nasa,E-7,smap,point,iforest,default,,0.02662,0.05358,0.94232,0.07738,1.64,,1594.1,8310,25,0.03381,ok
nasa,E-7,smap,point,iforest,tuned,"{'w': 50, 'n_estimators': 200}",0.02682,0.03971,0.83857,0.03041,1.79,5.2,0.0,8310,25,0.03381,ok
nasa,E-7,smap,point,lof,default,,0.02097,0.04545,0.9424,0.08333,0.7,,1594.1,8310,25,0.03381,ok
nasa,E-7,smap,point,lof,tuned,"{'w': 200, 'k': 10}",0.02108,0.04149,0.63634,0.125,0.88,2.47,0.0,8310,25,0.03381,ok
nasa,E-7,smap,point,knn,default,,0.02651,0.05728,0.94312,0.04167,0.49,,1594.1,8310,25,0.03381,ok
nasa,E-7,smap,point,knn,tuned,"{'w': 200, 'k': 1}",0.02748,0.0515,0.94212,0.12698,0.71,1.85,0.0,8310,25,0.03381,ok
nasa,E-7,smap,point,ae,default,,0.43541,0.38749,0.99152,0.61111,1.69,,1770.9,8310,25,0.03381,ok
nasa,E-7,smap,point,ae,tuned,"{'w': 50, 'hidden': 32, 'latent': 16}",0.43558,0.35514,0.98783,0.51768,2.92,6.38,0.0,8310,25,0.03381,ok
nasa,E-8,smap,point,chronos_small_resid,default,,0.07172,0.08273,0.60958,0.00888,1.23,,1738.6,8532,25,0.07302,ok
nasa,E-8,smap,point,chronos_small_quantile,default,,0.10134,0.11408,0.65689,0.01902,1.23,,1738.6,8532,25,0.07302,ok
nasa,E-8,smap,point,chronos_base_resid,default,,0.07218,0.08294,0.60844,0.0054,1.89,,1970.5,8532,25,0.07302,ok
nasa,E-8,smap,point,chronos_base_quantile,default,,0.0918,0.10291,0.67732,0.0157,1.89,,1970.5,8532,25,0.07302,ok
nasa,E-8,smap,point,timesfm_resid,default,,0.07666,0.08782,0.60275,0.01456,18.48,,2046.7,8532,25,0.07302,ok
nasa,E-8,smap,point,timesfm_quantile,default,,0.09292,0.10429,0.6506,0.01798,18.48,,2046.7,8532,25,0.07302,ok
nasa,E-8,smap,point,tirex_resid,default,,0.08071,0.0917,0.65986,0.01532,26.8,,2033.8,8532,25,0.07302,ok
nasa,E-8,smap,point,tirex_quantile,default,,0.08016,0.09085,0.66784,0.0084,26.8,,2033.8,8532,25,0.07302,ok
nasa,E-8,smap,point,iforest,default,,0.19943,0.18878,0.96937,0.28571,1.59,,1594.1,8532,25,0.07302,ok
nasa,E-8,smap,point,iforest,tuned,"{'w': 50, 'n_estimators': 200}",0.11311,0.12136,0.8451,0.15929,1.88,5.36,0.0,8532,25,0.07302,ok
nasa,E-8,smap,point,lof,default,,0.20882,0.20503,0.96938,0.32143,0.71,,1594.1,8532,25,0.07302,ok
nasa,E-8,smap,point,lof,tuned,"{'w': 200, 'k': 10}",0.23246,0.22945,0.9694,0.33333,0.75,2.45,0.0,8532,25,0.07302,ok
nasa,E-8,smap,point,knn,default,,0.21047,0.20179,0.9698,0.32143,0.54,,1594.1,8532,25,0.07302,ok
nasa,E-8,smap,point,knn,tuned,"{'w': 50, 'k': 3}",0.14164,0.15337,0.94013,0.18519,1.35,1.87,0.0,8532,25,0.07302,ok
nasa,E-8,smap,point,ae,default,,0.23539,0.22772,0.97987,0.43056,1.69,,1773.6,8532,25,0.07302,ok
nasa,E-8,smap,point,ae,tuned,"{'w': 50, 'hidden': 32, 'latent': 16}",0.21157,0.20437,0.97987,0.30974,2.92,6.34,0.0,8532,25,0.07302,ok
nasa,E-9,smap,point,chronos_small_resid,default,,0.04422,0.05585,0.60989,0.01477,1.38,,1738.6,8302,25,0.04228,ok
nasa,E-9,smap,point,chronos_small_quantile,default,,0.0511,0.06284,0.63775,0.01512,1.38,,1738.6,8302,25,0.04228,ok
nasa,E-9,smap,point,chronos_base_resid,default,,0.04521,0.05513,0.6034,0.01494,1.61,,1970.5,8302,25,0.04228,ok
nasa,E-9,smap,point,chronos_base_quantile,default,,0.04233,0.05338,0.66165,0.00637,1.61,,1970.5,8302,25,0.04228,ok
nasa,E-9,smap,point,timesfm_resid,default,,0.04387,0.05486,0.60012,0.01307,24.59,,2046.7,8302,25,0.04228,ok
nasa,E-9,smap,point,timesfm_quantile,default,,0.04385,0.05771,0.63867,0.00902,24.59,,2046.7,8302,25,0.04228,ok
nasa,E-9,smap,point,tirex_resid,default,,0.05089,0.06054,0.61385,0.01549,31.55,,2033.8,8302,25,0.04228,ok
nasa,E-9,smap,point,tirex_quantile,default,,0.04838,0.05893,0.66403,0.00817,31.55,,2033.8,8302,25,0.04228,ok
nasa,E-9,smap,point,iforest,default,,0.08068,0.12983,0.75034,0.225,1.8,,1594.1,8302,25,0.04228,ok
nasa,E-9,smap,point,iforest,tuned,"{'w': 50, 'n_estimators': 100}",0.12604,0.10645,0.98552,0.18391,1.52,5.96,0.0,8302,25,0.04228,ok
nasa,E-9,smap,point,lof,default,,0.32133,0.32233,0.98796,0.5,0.7,,1594.1,8302,25,0.04228,ok
nasa,E-9,smap,point,lof,tuned,"{'w': 200, 'k': 10}",0.2239,0.3223,0.97522,0.55556,0.8,2.69,0.0,8302,25,0.04228,ok
nasa,E-9,smap,point,knn,default,,0.27895,0.30212,0.98761,0.5,0.51,,1594.1,8302,25,0.04228,ok
nasa,E-9,smap,point,knn,tuned,"{'w': 50, 'k': 3}",0.18598,0.17035,0.98552,0.26852,1.31,1.96,0.0,8302,25,0.04228,ok
nasa,E-9,smap,point,ae,default,,0.45802,0.39983,0.99201,0.55556,1.9,,1771.3,8302,25,0.04228,ok
nasa,E-9,smap,point,ae,tuned,"{'w': 200, 'hidden': 32, 'latent': 16}",0.62727,0.61632,0.99135,0.75,2.99,7.23,0.0,8302,25,0.04228,ok
nasa,E-10,smap,contextual,chronos_small_resid,default,,0.04154,0.06134,0.82919,0.01699,1.06,,1738.6,8505,25,0.03786,ok
nasa,E-10,smap,contextual,chronos_small_quantile,default,,0.05848,0.08098,0.78874,0.01174,1.06,,1738.6,8505,25,0.03786,ok
nasa,E-10,smap,contextual,chronos_base_resid,default,,0.04968,0.07202,0.83492,0.01687,2.07,,1970.5,8505,25,0.03786,ok
nasa,E-10,smap,contextual,chronos_base_quantile,default,,0.05549,0.08247,0.79755,0.01538,2.07,,1970.5,8505,25,0.03786,ok
nasa,E-10,smap,contextual,timesfm_resid,default,,0.04144,0.0636,0.82293,0.01662,31.91,,2046.7,8505,25,0.03786,ok
nasa,E-10,smap,contextual,timesfm_quantile,default,,0.04042,0.05995,0.80699,0.01811,31.91,,2046.7,8505,25,0.03786,ok
nasa,E-10,smap,contextual,tirex_resid,default,,0.04097,0.05949,0.8197,0.01629,40.97,,2033.8,8505,25,0.03786,ok
nasa,E-10,smap,contextual,tirex_quantile,default,,0.04553,0.06432,0.78214,0.00687,40.97,,2033.8,8505,25,0.03786,ok
nasa,E-10,smap,contextual,iforest,default,,0.04735,0.06995,0.81932,0.25824,2.06,,1594.1,8505,25,0.03786,ok
nasa,E-10,smap,contextual,iforest,tuned,"{'w': 50, 'n_estimators': 100}",0.06638,0.07809,0.8305,0.25581,1.72,6.52,0.0,8505,25,0.03786,ok
nasa,E-10,smap,contextual,lof,default,,0.85758,0.70029,0.81346,0.66667,0.77,,1594.1,8505,25,0.03786,ok
nasa,E-10,smap,contextual,lof,tuned,"{'w': 200, 'k': 10}",0.84928,0.74303,0.83019,0.66667,1.09,2.54,0.0,8505,25,0.03786,ok
nasa,E-10,smap,contextual,knn,default,,0.88795,0.70438,0.82,0.66667,0.57,,1594.1,8505,25,0.03786,ok
nasa,E-10,smap,contextual,knn,tuned,"{'w': 50, 'k': 3}",0.91257,0.66663,0.99302,0.83333,1.64,2.1,0.0,8505,25,0.03786,ok
nasa,E-10,smap,contextual,ae,default,,0.19869,0.20624,0.8028,0.35,2.32,,1773.3,8505,25,0.03786,ok
nasa,E-10,smap,contextual,ae,tuned,"{'w': 200, 'hidden': 32, 'latent': 16}",0.25809,0.26605,0.81383,0.38258,3.75,7.17,0.0,8505,25,0.03786,ok
nasa,E-11,smap,contextual,chronos_small_resid,default,,0.03958,0.05622,0.80002,0.03356,1.36,,1738.6,8514,25,0.03465,ok
nasa,E-11,smap,contextual,chronos_small_quantile,default,,0.0484,0.07289,0.78694,0.01776,1.36,,1738.6,8514,25,0.03465,ok
nasa,E-11,smap,contextual,chronos_base_resid,default,,0.05054,0.06367,0.78796,0.03592,2.29,,1970.5,8514,25,0.03465,ok
nasa,E-11,smap,contextual,chronos_base_quantile,default,,0.04779,0.07528,0.79589,0.01227,2.29,,1970.5,8514,25,0.03465,ok
nasa,E-11,smap,contextual,timesfm_resid,default,,0.04252,0.05561,0.79293,0.02688,33.55,,2046.7,8514,25,0.03465,ok
nasa,E-11,smap,contextual,timesfm_quantile,default,,0.03564,0.05566,0.79988,0.01732,33.55,,2046.7,8514,25,0.03465,ok
nasa,E-11,smap,contextual,tirex_resid,default,,0.04372,0.06533,0.80311,0.0144,40.22,,2033.8,8514,25,0.03465,ok
nasa,E-11,smap,contextual,tirex_quantile,default,,0.04268,0.06051,0.78544,0.0082,40.22,,2033.8,8514,25,0.03465,ok
nasa,E-11,smap,contextual,iforest,default,,0.0482,0.0687,0.82236,0.28645,2.06,,1594.1,8514,25,0.03465,ok
nasa,E-11,smap,contextual,iforest,tuned,"{'w': 50, 'n_estimators': 100}",0.06506,0.07639,0.82353,0.32778,1.82,6.59,0.0,8514,25,0.03465,ok
nasa,E-11,smap,contextual,lof,default,,0.84743,0.71481,0.82197,0.66667,0.78,,1594.1,8514,25,0.03465,ok
nasa,E-11,smap,contextual,lof,tuned,"{'w': 200, 'k': 10}",0.83471,0.73657,0.83171,0.66667,1.12,2.58,0.0,8514,25,0.03465,ok
nasa,E-11,smap,contextual,knn,default,,0.89259,0.73119,0.82143,0.66667,0.54,,1594.1,8514,25,0.03465,ok
nasa,E-11,smap,contextual,knn,tuned,"{'w': 50, 'k': 3}",0.93845,0.70933,0.99282,0.78333,1.62,2.1,0.0,8514,25,0.03465,ok
nasa,E-11,smap,contextual,ae,default,,0.12494,0.18157,0.80309,0.35,2.35,,1773.4,8514,25,0.03465,ok
nasa,E-11,smap,contextual,ae,tuned,"{'w': 200, 'hidden': 32, 'latent': 16}",0.16651,0.22775,0.80014,0.45833,3.6,7.96,0.0,8514,25,0.03465,ok
nasa,E-12,smap,contextual,chronos_small_resid,default,,0.06102,0.08054,0.78798,0.04264,1.26,,1738.6,8512,25,0.06849,ok
nasa,E-12,smap,contextual,chronos_small_quantile,default,,0.08049,0.10602,0.78772,0.01343,1.26,,1738.6,8512,25,0.06849,ok
nasa,E-12,smap,contextual,chronos_base_resid,default,,0.06557,0.08468,0.74689,0.03053,2.12,,1970.5,8512,25,0.06849,ok
nasa,E-12,smap,contextual,chronos_base_quantile,default,,0.07579,0.10346,0.79665,0.01424,2.12,,1970.5,8512,25,0.06849,ok
nasa,E-12,smap,contextual,timesfm_resid,default,,0.0605,0.07925,0.75375,0.03071,31.25,,2046.7,8512,25,0.06849,ok
nasa,E-12,smap,contextual,timesfm_quantile,default,,0.07548,0.09585,0.81423,0.01915,31.25,,2046.7,8512,25,0.06849,ok
nasa,E-12,smap,contextual,tirex_resid,default,,0.06992,0.09177,0.74889,0.02246,35.03,,2033.8,8512,25,0.06849,ok
nasa,E-12,smap,contextual,tirex_quantile,default,,0.07338,0.09538,0.77839,0.01462,35.03,,2033.8,8512,25,0.06849,ok
nasa,E-12,smap,contextual,iforest,default,,0.03863,0.05984,0.73882,0.20192,1.75,,1594.1,8512,25,0.06849,ok
nasa,E-12,smap,contextual,iforest,tuned,"{'w': 50, 'n_estimators': 100}",0.05069,0.06916,0.77831,0.31331,1.54,5.56,0.0,8512,25,0.06849,ok
nasa,E-12,smap,contextual,lof,default,,0.03943,0.06244,0.75319,0.16032,0.77,,1594.1,8512,25,0.06849,ok
nasa,E-12,smap,contextual,lof,tuned,"{'w': 200, 'k': 10}",0.04028,0.06082,0.74647,0.24091,1.01,2.49,0.0,8512,25,0.06849,ok
nasa,E-12,smap,contextual,knn,default,,0.05768,0.08154,0.72791,0.33608,0.56,,1594.1,8512,25,0.06849,ok
nasa,E-12,smap,contextual,knn,tuned,"{'w': 50, 'k': 3}",0.12768,0.12848,0.84893,0.28424,1.53,2.01,0.0,8512,25,0.06849,ok
nasa,E-12,smap,contextual,ae,default,,0.10461,0.14721,0.76757,0.29167,1.9,,1773.4,8512,25,0.06849,ok
nasa,E-12,smap,contextual,ae,tuned,"{'w': 200, 'hidden': 32, 'latent': 16}",0.12891,0.18196,0.77137,0.25,2.69,7.15,0.0,8512,25,0.06849,ok
nasa,E-13,smap,contextual,chronos_small_resid,default,,0.0353,0.05102,0.68495,0.01635,0.92,,1738.6,8640,25,0.03056,ok
nasa,E-13,smap,contextual,chronos_small_quantile,default,,0.02763,0.04284,0.71643,0.00971,0.92,,1738.6,8640,25,0.03056,ok
nasa,E-13,smap,contextual,chronos_base_resid,default,,0.03161,0.04841,0.6913,0.02808,1.78,,1970.5,8640,25,0.03056,ok
nasa,E-13,smap,contextual,chronos_base_quantile,default,,0.02821,0.04279,0.69443,0.02356,1.78,,1970.5,8640,25,0.03056,ok
nasa,E-13,smap,contextual,timesfm_resid,default,,0.03163,0.04907,0.72295,0.0202,28.82,,2046.7,8640,25,0.03056,ok
nasa,E-13,smap,contextual,timesfm_quantile,default,,0.03232,0.04796,0.69693,0.01611,28.82,,2046.7,8640,25,0.03056,ok
nasa,E-13,smap,contextual,tirex_resid,default,,0.02948,0.04709,0.68575,0.0091,31.73,,2033.8,8640,25,0.03056,ok
nasa,E-13,smap,contextual,tirex_quantile,default,,0.03484,0.05078,0.73932,0.01541,31.73,,2033.8,8640,25,0.03056,ok
nasa,E-13,smap,contextual,iforest,default,,0.03339,0.05026,0.70348,0.15657,1.63,,1594.1,8640,25,0.03056,ok
nasa,E-13,smap,contextual,iforest,tuned,"{'w': 50, 'n_estimators': 200}",0.14201,0.14186,0.73068,0.23481,2.14,5.26,0.0,8640,25,0.03056,ok
nasa,E-13,smap,contextual,lof,default,,0.03566,0.05269,0.72067,0.17924,0.71,,1594.1,8640,25,0.03056,ok
nasa,E-13,smap,contextual,lof,tuned,"{'w': 100, 'k': 30}",0.03687,0.05432,0.72047,0.17924,1.36,2.63,0.0,8640,25,0.03056,ok
nasa,E-13,smap,contextual,knn,default,,0.03179,0.04734,0.71299,0.17924,0.5,,1594.1,8640,25,0.03056,ok
nasa,E-13,smap,contextual,knn,tuned,"{'w': 50, 'k': 5}",0.06221,0.06747,0.71027,0.13333,1.52,1.77,0.0,8640,25,0.03056,ok
nasa,E-13,smap,contextual,ae,default,,0.02295,0.03579,0.68932,0.12817,1.78,,1775.2,8640,25,0.03056,ok
nasa,E-13,smap,contextual,ae,tuned,"{'w': 50, 'hidden': 32, 'latent': 16}",0.02459,0.03778,0.69336,0.08226,2.61,5.48,0.0,8640,25,0.03056,ok
nasa,A-1,smap,point,chronos_small_resid,default,,0.01223,0.01707,0.67362,0.00933,1.13,,1738.6,8640,25,0.00984,ok
nasa,A-1,smap,point,chronos_small_quantile,default,,0.00843,0.01392,0.75739,0.00221,1.13,,1738.6,8640,25,0.00984,ok
nasa,A-1,smap,point,chronos_base_resid,default,,0.01181,0.01685,0.72565,0.00938,1.66,,1970.5,8640,25,0.00984,ok
nasa,A-1,smap,point,chronos_base_quantile,default,,0.01406,0.021,0.72519,0.0061,1.66,,1970.5,8640,25,0.00984,ok
nasa,A-1,smap,point,timesfm_resid,default,,0.01016,0.01403,0.69023,0.00736,21.77,,2046.7,8640,25,0.00984,ok
nasa,A-1,smap,point,timesfm_quantile,default,,0.00922,0.01425,0.76185,0.00343,21.77,,2046.7,8640,25,0.00984,ok
nasa,A-1,smap,point,tirex_resid,default,,0.01028,0.01548,0.68497,0.00371,23.72,,2033.8,8640,25,0.00984,ok
nasa,A-1,smap,point,tirex_quantile,default,,0.009,0.01365,0.81842,0.00402,23.72,,2033.8,8640,25,0.00984,ok
nasa,A-1,smap,point,iforest,default,,0.00589,0.00992,0.73051,0.0,1.5,,1594.1,8640,25,0.00984,ok
nasa,A-1,smap,point,iforest,tuned,"{'w': 50, 'n_estimators': 100}",0.00595,0.01003,0.66963,0.0,1.04,4.43,0.0,8640,25,0.00984,ok
nasa,A-1,smap,point,lof,default,,0.00752,0.01235,0.6581,0.02778,0.71,,1594.1,8640,25,0.00984,ok
nasa,A-1,smap,point,lof,tuned,"{'w': 200, 'k': 10}",0.0104,0.01582,0.64388,0.125,0.88,2.06,0.0,8640,25,0.00984,ok
nasa,A-1,smap,point,knn,default,,0.0096,0.01474,0.71965,0.0779,0.53,,1594.1,8640,25,0.00984,ok
nasa,A-1,smap,point,knn,tuned,"{'w': 50, 'k': 3}",0.0137,0.01819,0.75947,0.05337,1.27,1.59,0.0,8640,25,0.00984,ok
nasa,A-1,smap,point,ae,default,,0.50982,0.50689,0.84404,0.66667,1.62,,1775.2,8640,25,0.00984,ok
nasa,A-1,smap,point,ae,tuned,"{'w': 50, 'hidden': 32, 'latent': 16}",0.68785,0.50604,0.99737,0.625,2.75,5.55,0.0,8640,25,0.00984,ok
nasa,D-1,smap,point,chronos_small_resid,default,,0.23019,0.23564,0.53679,0.0119,1.11,,1738.6,8509,25,0.38301,ok
nasa,D-1,smap,point,chronos_small_quantile,default,,0.30829,0.31374,0.62514,0.02176,1.11,,1738.6,8509,25,0.38301,ok
nasa,D-1,smap,point,chronos_base_resid,default,,0.23075,0.23625,0.55113,0.0119,2.07,,1970.5,8509,25,0.38301,ok
nasa,D-1,smap,point,chronos_base_quantile,default,,0.31949,0.324,0.59903,0.01622,2.07,,1970.5,8509,25,0.38301,ok
nasa,D-1,smap,point,timesfm_resid,default,,0.22921,0.23602,0.5116,0.0041,19.86,,2046.7,8509,25,0.38301,ok
nasa,D-1,smap,point,timesfm_quantile,default,,0.33263,0.33797,0.72882,1.0,19.86,,2046.7,8509,25,0.38301,ok
nasa,D-1,smap,point,tirex_resid,default,,0.23003,0.23603,0.53763,0.01316,23.76,,2033.8,8509,25,0.38301,ok
nasa,D-1,smap,point,tirex_quantile,default,,0.33371,0.34028,0.73007,0.01549,23.76,,2033.8,8509,25,0.38301,ok
nasa,D-1,smap,point,iforest,default,,0.35435,0.35502,0.85472,0.16667,1.25,,1594.1,8509,25,0.38301,ok
nasa,D-1,smap,point,iforest,tuned,"{'w': 50, 'n_estimators': 200}",0.37414,0.37613,0.65404,0.125,1.36,4.08,0.0,8509,25,0.38301,ok
nasa,D-1,smap,point,lof,default,,0.25752,0.26174,0.85483,0.25,0.66,,1594.1,8509,25,0.38301,ok
nasa,D-1,smap,point,lof,tuned,"{'w': 100, 'k': 50}",0.25752,0.26174,0.85483,0.25,0.87,2.11,0.0,8509,25,0.38301,ok
nasa,D-1,smap,point,knn,default,,0.26306,0.26684,0.85998,0.25,0.47,,1594.1,8509,25,0.38301,ok
nasa,D-1,smap,point,knn,tuned,"{'w': 200, 'k': 1}",0.27407,0.27674,0.86058,0.25,0.59,1.52,0.0,8509,25,0.38301,ok
nasa,D-1,smap,point,ae,default,,0.49392,0.50016,0.87293,0.375,1.53,,1773.2,8509,25,0.38301,ok
nasa,D-1,smap,point,ae,tuned,"{'w': 50, 'hidden': 32, 'latent': 16}",0.62117,0.62133,0.91547,0.4,1.97,4.98,0.0,8509,25,0.38301,ok
nasa,P-2,smap,point,chronos_small_resid,default,,0.10279,0.11296,0.60341,0.01334,0.81,,1738.6,8209,25,0.14935,ok
nasa,P-2,smap,point,chronos_small_quantile,default,,0.12686,0.13824,0.59591,0.00864,0.81,,1738.6,8209,25,0.14935,ok
nasa,P-2,smap,point,chronos_base_resid,default,,0.10377,0.11431,0.6221,0.01338,1.66,,1970.5,8209,25,0.14935,ok
nasa,P-2,smap,point,chronos_base_quantile,default,,0.12898,0.14081,0.67651,1.0,1.66,,1970.5,8209,25,0.14935,ok
nasa,P-2,smap,point,timesfm_resid,default,,0.10797,0.11944,0.6177,0.01282,27.59,,2046.7,8209,25,0.14935,ok
nasa,P-2,smap,point,timesfm_quantile,default,,0.137,0.14967,0.67651,1.0,27.59,,2046.7,8209,25,0.14935,ok
nasa,P-2,smap,point,tirex_resid,default,,0.10217,0.11276,0.56062,0.01391,38.87,,2033.8,8209,25,0.14935,ok
nasa,P-2,smap,point,tirex_quantile,default,,0.13333,0.14579,0.67674,0.01532,38.87,,2033.8,8209,25,0.14935,ok
nasa,P-2,smap,point,iforest,default,,0.29852,0.3294,0.93873,0.31066,1.65,,1594.1,8209,25,0.14935,ok
nasa,P-2,smap,point,iforest,tuned,"{'w': 50, 'n_estimators': 200}",0.24428,0.28173,0.93684,0.26429,2.12,5.9,0.0,8209,25,0.14935,ok
nasa,P-2,smap,point,lof,default,,0.22043,0.24776,0.93975,0.25,0.64,,1594.1,8209,25,0.14935,ok
nasa,P-2,smap,point,lof,tuned,"{'w': 200, 'k': 10}",0.22712,0.25329,0.93476,0.32143,0.87,2.59,0.0,8209,25,0.14935,ok
nasa,P-2,smap,point,knn,default,,0.21231,0.24348,0.93931,0.25,0.44,,1594.1,8209,25,0.14935,ok
nasa,P-2,smap,point,knn,tuned,"{'w': 200, 'k': 1}",0.23115,0.25853,0.93148,0.25,0.7,1.33,0.0,8209,25,0.14935,ok
nasa,P-2,smap,point,ae,default,,0.35977,0.36183,0.94591,0.4375,1.73,,1770.8,8209,25,0.14935,ok
nasa,P-2,smap,point,ae,tuned,"{'w': 50, 'hidden': 32, 'latent': 16}",0.519,0.52013,0.94158,0.46429,3.21,6.98,0.0,8209,25,0.14935,ok
nasa,P-3,smap,point,chronos_small_resid,default,,0.1041,0.11407,0.66388,0.0119,1.27,,1738.6,8493,25,0.15731,ok
nasa,P-3,smap,point,chronos_small_quantile,default,,0.12984,0.13939,0.68053,0.02257,1.27,,1738.6,8493,25,0.15731,ok
nasa,P-3,smap,point,chronos_base_resid,default,,0.10444,0.11459,0.5572,0.01316,1.93,,1970.5,8493,25,0.15731,ok
nasa,P-3,smap,point,chronos_base_quantile,default,,0.1396,0.14892,0.61105,0.01437,1.93,,1970.5,8493,25,0.15731,ok
nasa,P-3,smap,point,timesfm_resid,default,,0.11134,0.1222,0.5718,0.00641,26.65,,2046.7,8493,25,0.15731,ok
nasa,P-3,smap,point,timesfm_quantile,default,,0.15169,0.16136,0.67757,1.0,26.65,,2046.7,8493,25,0.15731,ok
nasa,P-3,smap,point,tirex_resid,default,,0.10781,0.11761,0.5546,0.0119,34.35,,2033.8,8493,25,0.15731,ok
nasa,P-3,smap,point,tirex_quantile,default,,0.14236,0.15264,0.67673,0.00759,34.35,,2033.8,8493,25,0.15731,ok
nasa,P-3,smap,point,iforest,default,,0.16773,0.19561,0.91656,0.25,1.47,,1594.1,8493,25,0.15731,ok
nasa,P-3,smap,point,iforest,tuned,"{'w': 50, 'n_estimators': 200}",0.12934,0.14841,0.77681,0.125,1.99,5.15,0.0,8493,25,0.15731,ok
nasa,P-3,smap,point,lof,default,,0.12713,0.14708,0.9156,0.16667,0.85,,1594.1,8493,25,0.15731,ok
nasa,P-3,smap,point,lof,tuned,"{'w': 200, 'k': 10}",0.14527,0.17686,0.91615,0.25,0.88,2.57,0.0,8493,25,0.15731,ok
nasa,P-3,smap,point,knn,default,,0.15664,0.18568,0.91615,0.25,0.53,,1594.1,8493,25,0.15731,ok
nasa,P-3,smap,point,knn,tuned,"{'w': 50, 'k': 3}",0.12241,0.14039,0.74255,0.1,1.42,1.88,0.0,8493,25,0.15731,ok
nasa,P-3,smap,point,ae,default,,0.19941,0.20443,0.93784,0.25,1.61,,1773.1,8493,25,0.15731,ok
nasa,P-3,smap,point,ae,tuned,"{'w': 200, 'hidden': 32, 'latent': 16}",0.2527,0.25541,0.93742,0.35,2.41,6.39,0.0,8493,25,0.15731,ok
nasa,D-2,smap,point,chronos_small_resid,default,,0.49464,0.50279,0.77239,0.02633,0.85,,1738.6,8595,25,0.49075,ok
nasa,D-2,smap,point,chronos_small_quantile,default,,0.46922,0.47915,0.77832,0.0261,0.85,,1738.6,8595,25,0.49075,ok
nasa,D-2,smap,point,chronos_base_resid,default,,0.48448,0.49226,0.78379,0.02838,1.84,,1970.5,8595,25,0.49075,ok
nasa,D-2,smap,point,chronos_base_quantile,default,,0.47646,0.48641,0.76845,0.02323,1.84,,1970.5,8595,25,0.49075,ok
nasa,D-2,smap,point,timesfm_resid,default,,0.48931,0.49788,0.77566,0.01728,27.69,,2046.7,8595,25,0.49075,ok
nasa,D-2,smap,point,timesfm_quantile,default,,0.49313,0.50212,0.86678,0.027,27.69,,2046.7,8595,25,0.49075,ok
nasa,D-2,smap,point,tirex_resid,default,,0.48322,0.49148,0.77287,0.02136,38.29,,2033.8,8595,25,0.49075,ok
nasa,D-2,smap,point,tirex_quantile,default,,0.50034,0.5116,0.79217,0.02484,38.29,,2033.8,8595,25,0.49075,ok
nasa,D-2,smap,point,iforest,default,,0.44301,0.44989,0.75833,0.30556,1.75,,1594.1,8595,25,0.49075,ok
nasa,D-2,smap,point,iforest,tuned,"{'w': 50, 'n_estimators': 100}",0.47177,0.48051,0.86354,0.27083,1.69,6.21,0.0,8595,25,0.49075,ok
nasa,D-2,smap,point,lof,default,,0.97494,0.97205,0.99834,1.0,0.79,,1594.1,8595,25,0.49075,ok
nasa,D-2,smap,point,lof,tuned,"{'w': 200, 'k': 10}",0.98113,0.97836,0.99759,1.0,1.07,2.98,0.0,8595,25,0.49075,ok
nasa,D-2,smap,point,knn,default,,0.97638,0.97375,0.99837,1.0,0.55,,1594.1,8595,25,0.49075,ok
nasa,D-2,smap,point,knn,tuned,"{'w': 50, 'k': 3}",0.97302,0.96715,0.9993,1.0,1.43,2.08,0.0,8595,25,0.49075,ok
nasa,D-2,smap,point,ae,default,,0.97525,0.97446,0.99831,1.0,2.08,,1775.2,8595,25,0.49075,ok
nasa,D-2,smap,point,ae,tuned,"{'w': 50, 'hidden': 32, 'latent': 16}",0.97206,0.96801,0.99837,1.0,2.88,7.31,0.0,8595,25,0.49075,ok
nasa,D-3,smap,point,chronos_small_resid,default,,0.35631,0.37072,0.76086,0.01987,1.26,,1738.6,8640,25,0.37917,ok
nasa,D-3,smap,point,chronos_small_quantile,default,,0.36498,0.37807,0.74057,0.02486,1.26,,1738.6,8640,25,0.37917,ok
nasa,D-3,smap,point,chronos_base_resid,default,,0.35108,0.36525,0.81121,0.01927,1.72,,1970.5,8640,25,0.37917,ok
nasa,D-3,smap,point,chronos_base_quantile,default,,0.35295,0.36503,0.75663,0.01717,1.72,,1970.5,8640,25,0.37917,ok
nasa,D-3,smap,point,timesfm_resid,default,,0.37247,0.38736,0.73687,0.0143,30.88,,2046.7,8640,25,0.37917,ok
nasa,D-3,smap,point,timesfm_quantile,default,,0.38493,0.39844,0.84473,0.01861,30.88,,2046.7,8640,25,0.37917,ok
nasa,D-3,smap,point,tirex_resid,default,,0.37564,0.39107,0.74043,0.02227,36.96,,2033.8,8640,25,0.37917,ok
nasa,D-3,smap,point,tirex_quantile,default,,0.38592,0.40072,0.76553,0.02101,36.96,,2033.8,8640,25,0.37917,ok
nasa,D-3,smap,point,iforest,default,,0.43567,0.45375,0.79122,0.25,1.7,,1594.1,8640,25,0.37917,ok
nasa,D-3,smap,point,iforest,tuned,"{'w': 50, 'n_estimators': 200}",0.44447,0.46634,0.89993,0.20911,2.32,5.97,0.0,8640,25,0.37917,ok
nasa,D-3,smap,point,lof,default,,0.30972,0.32203,0.70832,0.14545,0.81,,1594.1,8640,25,0.37917,ok
nasa,D-3,smap,point,lof,tuned,"{'w': 100, 'k': 30}",0.3189,0.33154,0.70742,0.21212,1.28,2.6,0.0,8640,25,0.37917,ok
nasa,D-3,smap,point,knn,default,,0.33395,0.34656,0.71045,0.12879,0.54,,1594.1,8640,25,0.37917,ok
nasa,D-3,smap,point,knn,tuned,"{'w': 50, 'k': 5}",0.37286,0.38748,0.87221,0.10333,1.61,1.93,0.0,8640,25,0.37917,ok
nasa,D-3,smap,point,ae,default,,0.44877,0.45902,0.82572,0.23611,2.05,,1775.2,8640,25,0.37917,ok
nasa,D-3,smap,point,ae,tuned,"{'w': 200, 'hidden': 32, 'latent': 16}",0.30069,0.30928,0.69891,0.14545,2.76,7.13,0.0,8640,25,0.37917,ok
nasa,D-4,smap,point,chronos_small_resid,default,,0.37974,0.38581,0.74492,0.02281,1.16,,1738.6,8473,25,0.38334,ok
nasa,D-4,smap,point,chronos_small_quantile,default,,0.39578,0.40028,0.81568,0.02459,1.16,,1738.6,8473,25,0.38334,ok
nasa,D-4,smap,point,chronos_base_resid,default,,0.37734,0.38393,0.77885,0.02267,2.18,,1970.5,8473,25,0.38334,ok
nasa,D-4,smap,point,chronos_base_quantile,default,,0.39656,0.4014,0.81568,0.02222,2.18,,1970.5,8473,25,0.38334,ok
nasa,D-4,smap,point,timesfm_resid,default,,0.37888,0.3855,0.73221,0.01349,28.15,,2046.7,8473,25,0.38334,ok
nasa,D-4,smap,point,timesfm_quantile,default,,0.38754,0.39272,0.79323,0.01986,28.15,,2046.7,8473,25,0.38334,ok
nasa,D-4,smap,point,tirex_resid,default,,0.37924,0.38537,0.73096,0.02403,37.3,,2033.8,8473,25,0.38334,ok
nasa,D-4,smap,point,tirex_quantile,default,,0.38681,0.39211,0.83586,0.0184,37.3,,2033.8,8473,25,0.38334,ok
nasa,D-4,smap,point,iforest,default,,0.58122,0.58494,0.93843,0.32222,1.69,,1594.1,8473,25,0.38334,ok
nasa,D-4,smap,point,iforest,tuned,"{'w': 50, 'n_estimators': 100}",0.5055,0.50669,0.8982,0.29977,1.59,5.78,0.0,8473,25,0.38334,ok
nasa,D-4,smap,point,lof,default,,0.32324,0.3267,0.7171,0.09545,0.73,,1594.1,8473,25,0.38334,ok
nasa,D-4,smap,point,lof,tuned,"{'w': 100, 'k': 30}",0.32627,0.33007,0.71547,0.10101,1.28,2.81,0.0,8473,25,0.38334,ok
nasa,D-4,smap,point,knn,default,,0.32649,0.33036,0.71284,0.09722,0.55,,1594.1,8473,25,0.38334,ok
nasa,D-4,smap,point,knn,tuned,"{'w': 50, 'k': 5}",0.35697,0.36108,0.73128,0.11786,1.59,1.98,0.0,8473,25,0.38334,ok
nasa,D-4,smap,point,ae,default,,0.34795,0.3518,0.68639,0.17045,1.9,,1772.9,8473,25,0.38334,ok
nasa,D-4,smap,point,ae,tuned,"{'w': 200, 'hidden': 32, 'latent': 16}",0.30395,0.30796,0.71582,0.15556,3.05,6.79,0.0,8473,25,0.38334,ok
nasa,A-2,smap,contextual,chronos_small_resid,default,,0.01421,0.01801,0.72722,0.0039,1.02,,1738.6,7914,25,0.01403,ok
nasa,A-2,smap,contextual,chronos_small_quantile,default,,0.01661,0.0226,0.70977,0.0081,1.02,,1738.6,7914,25,0.01403,ok
nasa,A-2,smap,contextual,chronos_base_resid,default,,0.01594,0.01964,0.66562,0.00628,1.52,,1970.5,7914,25,0.01403,ok
nasa,A-2,smap,contextual,chronos_base_quantile,default,,0.01651,0.02274,0.69348,0.00435,1.52,,1970.5,7914,25,0.01403,ok
nasa,A-2,smap,contextual,timesfm_resid,default,,0.02009,0.02199,0.69336,0.01031,27.87,,2046.7,7914,25,0.01403,ok
nasa,A-2,smap,contextual,timesfm_quantile,default,,0.02219,0.02905,0.69692,0.00907,27.87,,2046.7,7914,25,0.01403,ok
nasa,A-2,smap,contextual,tirex_resid,default,,0.02309,0.02825,0.77801,0.01498,30.47,,2033.8,7914,25,0.01403,ok
nasa,A-2,smap,contextual,tirex_quantile,default,,0.02536,0.03292,0.71344,0.01684,30.47,,2033.8,7914,25,0.01403,ok
nasa,A-2,smap,contextual,iforest,default,,0.00804,0.01269,0.66286,0.0,1.75,,1594.1,7914,25,0.01403,ok
nasa,A-2,smap,contextual,lof,default,,0.00778,0.0121,0.65345,0.0,0.52,,1594.1,7914,25,0.01403,ok
nasa,A-2,smap,contextual,knn,default,,0.00752,0.01201,0.80377,0.0,0.43,,1594.1,7914,25,0.01403,ok
nasa,A-2,smap,contextual,ae,default,,0.00801,0.01285,0.68754,0.0,1.53,,1769.0,7914,25,0.01403,ok
nasa,A-3,smap,contextual,chronos_small_resid,default,,0.02555,0.03494,0.67875,0.00856,1.21,,1738.6,8205,25,0.02267,ok
nasa,A-3,smap,contextual,chronos_small_quantile,default,,0.02307,0.03152,0.70137,0.00518,1.21,,1738.6,8205,25,0.02267,ok
nasa,A-3,smap,contextual,chronos_base_resid,default,,0.03447,0.04238,0.8413,0.01444,1.95,,1970.5,8205,25,0.02267,ok
nasa,A-3,smap,contextual,chronos_base_quantile,default,,0.02255,0.03102,0.71936,0.00352,1.95,,1970.5,8205,25,0.02267,ok
nasa,A-3,smap,contextual,timesfm_resid,default,,0.02814,0.0367,0.73435,0.01008,28.86,,2046.7,8205,25,0.02267,ok
nasa,A-3,smap,contextual,timesfm_quantile,default,,0.0262,0.03698,0.69956,0.00795,28.86,,2046.7,8205,25,0.02267,ok
nasa,A-3,smap,contextual,tirex_resid,default,,0.0308,0.04362,0.67234,0.01438,35.94,,2033.8,8205,25,0.02267,ok
nasa,A-3,smap,contextual,tirex_quantile,default,,0.03166,0.0398,0.6831,0.01433,35.94,,2033.8,8205,25,0.02267,ok
nasa,A-3,smap,contextual,iforest,default,,0.01398,0.02281,0.70749,0.0,1.74,,1594.1,8205,25,0.02267,ok
nasa,A-3,smap,contextual,iforest,tuned,"{'w': 50, 'n_estimators': 100}",0.01436,0.02281,0.66375,0.0098,1.44,5.86,0.0,8205,25,0.02267,ok
nasa,A-3,smap,contextual,lof,default,,0.01329,0.02146,0.66013,0.0,0.61,,1594.1,8205,25,0.02267,ok
nasa,A-3,smap,contextual,lof,tuned,"{'w': 100, 'k': 30}",0.01312,0.0213,0.65728,0.0,1.15,2.56,0.0,8205,25,0.02267,ok
nasa,A-3,smap,contextual,knn,default,,0.01252,0.02043,0.66831,0.0,0.42,,1594.1,8205,25,0.02267,ok
nasa,A-3,smap,contextual,knn,tuned,"{'w': 50, 'k': 5}",0.01368,0.02217,0.66594,0.0,1.45,2.02,0.0,8205,25,0.02267,ok
nasa,A-3,smap,contextual,ae,default,,0.0141,0.03154,0.95119,0.03846,1.99,,1770.4,8205,25,0.02267,ok
nasa,A-3,smap,contextual,ae,tuned,"{'w': 50, 'hidden': 64, 'latent': 8}",0.01376,0.02474,0.69345,0.0,3.25,7.52,0.0,8205,25,0.02267,ok
nasa,A-4,smap,contextual,chronos_small_resid,default,,0.01589,0.02167,0.68488,0.00895,0.9,,1738.6,8080,25,0.01374,ok
nasa,A-4,smap,contextual,chronos_small_quantile,default,,0.01614,0.02248,0.68274,0.00548,0.9,,1738.6,8080,25,0.01374,ok
nasa,A-4,smap,contextual,chronos_base_resid,default,,0.017,0.02357,0.69385,0.00455,1.83,,1970.5,8080,25,0.01374,ok
nasa,A-4,smap,contextual,chronos_base_quantile,default,,0.01765,0.02188,0.6742,0.00363,1.83,,1970.5,8080,25,0.01374,ok
nasa,A-4,smap,contextual,timesfm_resid,default,,0.01434,0.02271,0.70851,0.00343,30.0,,2046.7,8080,25,0.01374,ok
nasa,A-4,smap,contextual,timesfm_quantile,default,,0.02091,0.02711,0.68987,0.00502,30.0,,2046.7,8080,25,0.01374,ok
nasa,A-4,smap,contextual,tirex_resid,default,,0.01518,0.02198,0.69547,0.00582,34.07,,2033.8,8080,25,0.01374,ok
nasa,A-4,smap,contextual,tirex_quantile,default,,0.01908,0.01898,0.70036,0.0141,34.07,,2033.8,8080,25,0.01374,ok
nasa,A-4,smap,contextual,iforest,default,,0.00879,0.01365,0.74956,0.0,1.88,,1594.1,8080,25,0.01374,ok
nasa,A-4,smap,contextual,iforest,tuned,"{'w': 50, 'n_estimators': 200}",0.00974,0.01409,0.6684,0.02163,2.23,6.09,0.0,8080,25,0.01374,ok
nasa,A-4,smap,contextual,lof,default,,0.00825,0.01284,0.65623,0.0,0.64,,1594.1,8080,25,0.01374,ok
nasa,A-4,smap,contextual,lof,tuned,"{'w': 100, 'k': 30}",0.00816,0.01269,0.6549,0.0,1.32,2.67,0.0,8080,25,0.01374,ok
nasa,A-4,smap,contextual,knn,default,,0.0079,0.01229,0.78641,0.0,0.43,,1594.1,8080,25,0.01374,ok
nasa,A-4,smap,contextual,knn,tuned,"{'w': 50, 'k': 5}",0.00903,0.01324,0.66928,0.01064,1.41,1.85,0.0,8080,25,0.01374,ok
nasa,A-4,smap,contextual,ae,default,,0.00863,0.01439,0.70855,0.0,1.96,,1768.3,8080,25,0.01374,ok
nasa,A-4,smap,contextual,ae,tuned,"{'w': 200, 'hidden': 32, 'latent': 16}",0.00882,0.0142,0.69446,0.03846,2.64,7.04,0.0,8080,25,0.01374,ok
nasa,G-1,smap,contextual,chronos_small_resid,default,,0.01525,0.02031,0.67277,0.00799,1.11,,1738.6,8469,25,0.01429,ok
nasa,G-1,smap,contextual,chronos_small_quantile,default,,0.02216,0.03155,0.78953,0.00394,1.11,,1738.6,8469,25,0.01429,ok
nasa,G-1,smap,contextual,chronos_base_resid,default,,0.01757,0.02323,0.74113,0.00818,2.09,,1970.5,8469,25,0.01429,ok
nasa,G-1,smap,contextual,chronos_base_quantile,default,,0.02208,0.02999,0.69817,0.00456,2.09,,1970.5,8469,25,0.01429,ok
nasa,G-1,smap,contextual,timesfm_resid,default,,0.02325,0.02699,0.67595,0.01246,29.26,,2046.7,8469,25,0.01429,ok
nasa,G-1,smap,contextual,timesfm_quantile,default,,0.02668,0.03621,0.73388,0.00805,29.26,,2046.7,8469,25,0.01429,ok
nasa,G-1,smap,contextual,tirex_resid,default,,0.01663,0.02098,0.68131,0.01356,39.75,,2033.8,8469,25,0.01429,ok
nasa,G-1,smap,contextual,tirex_quantile,default,,0.01327,0.0203,0.65948,0.00254,39.75,,2033.8,8469,25,0.01429,ok
nasa,G-1,smap,contextual,iforest,default,,0.00828,0.01329,0.61717,0.0,1.79,,1594.1,8469,25,0.01429,ok
nasa,G-1,smap,contextual,iforest,tuned,"{'w': 50, 'n_estimators': 100}",0.00975,0.01383,0.62775,0.0,1.68,5.93,0.0,8469,25,0.01429,ok
nasa,G-1,smap,contextual,lof,default,,0.00941,0.01432,0.65616,0.0,0.72,,1594.1,8469,25,0.01429,ok
nasa,G-1,smap,contextual,lof,tuned,"{'w': 100, 'k': 30}",0.00948,0.01443,0.65604,0.0,1.26,2.79,0.0,8469,25,0.01429,ok
nasa,G-1,smap,contextual,knn,default,,0.00935,0.01448,0.65781,0.0,0.53,,1594.1,8469,25,0.01429,ok
nasa,G-1,smap,contextual,knn,tuned,"{'w': 50, 'k': 5}",0.01039,0.01449,0.6677,0.01909,1.73,2.06,0.0,8469,25,0.01429,ok
nasa,G-1,smap,contextual,ae,default,,0.00841,0.01381,0.68825,0.0,2.2,,1772.9,8469,25,0.01429,ok
nasa,G-1,smap,contextual,ae,tuned,"{'w': 200, 'hidden': 32, 'latent': 16}",0.00924,0.01508,0.687,0.03846,3.03,6.49,0.0,8469,25,0.01429,ok
nasa,G-2,smap,point,chronos_small_resid,default,,0.00403,0.00594,0.6779,0.00212,0.69,,1738.6,7361,25,0.00557,ok
nasa,G-2,smap,point,chronos_small_quantile,default,,0.00488,0.0073,0.70928,0.00426,0.69,,1738.6,7361,25,0.00557,ok
nasa,G-2,smap,point,chronos_base_resid,default,,0.00458,0.00655,0.77207,0.00254,1.75,,1970.5,7361,25,0.00557,ok
nasa,G-2,smap,point,chronos_base_quantile,default,,0.00589,0.00847,0.69089,0.00351,1.75,,1970.5,7361,25,0.00557,ok
nasa,G-2,smap,point,timesfm_resid,default,,0.00604,0.00869,0.68012,0.00564,24.37,,2046.7,7361,25,0.00557,ok
nasa,G-2,smap,point,timesfm_quantile,default,,0.00589,0.00806,0.69198,0.00617,24.37,,2046.7,7361,25,0.00557,ok
nasa,G-2,smap,point,tirex_resid,default,,0.00634,0.00933,0.69454,0.00468,33.67,,2033.8,7361,25,0.00557,ok
nasa,G-2,smap,point,tirex_quantile,default,,0.00422,0.00693,0.69931,0.0014,33.67,,2033.8,7361,25,0.00557,ok
nasa,G-2,smap,point,iforest,default,,0.00832,0.01266,0.92976,0.09022,1.7,,1594.1,7361,25,0.00557,ok
nasa,G-2,smap,point,lof,default,,0.02141,0.03272,0.83714,0.15826,0.57,,1594.1,7361,25,0.00557,ok
nasa,G-2,smap,point,knn,default,,0.0194,0.0291,0.92976,0.13389,0.39,,1594.1,7361,25,0.00557,ok
nasa,G-2,smap,point,ae,default,,0.11053,0.16089,0.70243,0.55833,1.63,,1763.6,7361,25,0.00557,ok
nasa,D-5,smap,point,chronos_small_resid,default,,0.02202,0.02365,0.74324,0.01694,1.07,,1738.6,7628,25,0.00669,ok
nasa,D-5,smap,point,chronos_small_quantile,default,,0.01225,0.01439,0.69381,0.00632,1.07,,1738.6,7628,25,0.00669,ok
nasa,D-5,smap,point,chronos_base_resid,default,,0.05143,0.04124,0.86747,0.0166,1.84,,1970.5,7628,25,0.00669,ok
nasa,D-5,smap,point,chronos_base_quantile,default,,0.01342,0.01461,0.70967,0.01679,1.84,,1970.5,7628,25,0.00669,ok
nasa,D-5,smap,point,timesfm_resid,default,,0.01231,0.01445,0.73238,0.01163,27.36,,2046.7,7628,25,0.00669,ok
nasa,D-5,smap,point,timesfm_quantile,default,,0.01191,0.01441,0.80373,1.0,27.36,,2046.7,7628,25,0.00669,ok
nasa,D-5,smap,point,tirex_resid,default,,0.01211,0.01363,0.69108,0.00579,32.14,,2033.8,7628,25,0.00669,ok
nasa,D-5,smap,point,tirex_quantile,default,,0.01014,0.01533,0.67817,0.004,32.14,,2033.8,7628,25,0.00669,ok
nasa,D-5,smap,point,iforest,default,,0.06978,0.08824,0.86854,0.24153,1.74,,1594.1,7628,25,0.00669,ok
nasa,D-5,smap,point,lof,default,,0.04196,0.05917,0.86272,0.22024,0.59,,1594.1,7628,25,0.00669,ok
nasa,D-5,smap,point,knn,default,,0.03248,0.04782,0.8578,0.17941,0.46,,1594.1,7628,25,0.00669,ok
nasa,D-5,smap,point,ae,default,,0.00783,0.015,0.8519,0.14286,1.64,,1766.0,7628,25,0.00669,ok
nasa,D-6,smap,point,chronos_small_resid,default,,0.0203,0.02666,0.69222,0.00973,1.16,,1738.6,7884,25,0.01027,ok
nasa,D-6,smap,point,chronos_small_quantile,default,,0.0067,0.01023,0.8068,0.0,1.16,,1738.6,7884,25,0.01027,ok
nasa,D-6,smap,point,chronos_base_resid,default,,0.01465,0.02151,0.69286,0.01474,1.84,,1970.5,7884,25,0.01027,ok
nasa,D-6,smap,point,chronos_base_quantile,default,,0.0069,0.01058,0.68171,0.0,1.84,,1970.5,7884,25,0.01027,ok
nasa,D-6,smap,point,timesfm_resid,default,,0.01413,0.02062,0.68991,0.00828,28.17,,2046.7,7884,25,0.01027,ok
nasa,D-6,smap,point,timesfm_quantile,default,,0.0248,0.02846,0.69034,0.01665,28.17,,2046.7,7884,25,0.01027,ok
nasa,D-6,smap,point,tirex_resid,default,,0.01338,0.02047,0.69258,0.00576,33.19,,2033.8,7884,25,0.01027,ok
nasa,D-6,smap,point,tirex_quantile,default,,0.01676,0.02052,0.67023,0.0063,33.19,,2033.8,7884,25,0.01027,ok
nasa,D-6,smap,point,iforest,default,,0.21489,0.1798,0.78543,0.325,1.69,,1594.1,7884,25,0.01027,ok
nasa,D-6,smap,point,lof,default,,0.15059,0.12541,0.84196,0.37656,0.58,,1594.1,7884,25,0.01027,ok
nasa,D-6,smap,point,knn,default,,0.08959,0.07676,0.8081,0.21726,0.4,,1594.1,7884,25,0.01027,ok
nasa,D-6,smap,point,ae,default,,0.01157,0.01699,0.89006,0.12917,1.6,,1768.5,7884,25,0.01027,ok
nasa,D-7,smap,point,chronos_small_resid,default,,0.3803,0.38684,0.80028,0.02913,1.04,,1738.6,7642,25,0.35357,ok
nasa,D-7,smap,point,chronos_small_quantile,default,,0.36508,0.36942,0.73443,0.02486,1.04,,1738.6,7642,25,0.35357,ok
nasa,D-7,smap,point,chronos_base_resid,default,,0.38008,0.38773,0.83786,0.03006,1.83,,1970.5,7642,25,0.35357,ok
nasa,D-7,smap,point,chronos_base_quantile,default,,0.38362,0.3882,0.80409,0.0226,1.83,,1970.5,7642,25,0.35357,ok
nasa,D-7,smap,point,timesfm_resid,default,,0.36365,0.36906,0.7447,0.01256,27.58,,2046.7,7642,25,0.35357,ok
nasa,D-7,smap,point,timesfm_quantile,default,,0.35088,0.35647,0.73121,1.0,27.58,,2046.7,7642,25,0.35357,ok
nasa,D-7,smap,point,tirex_resid,default,,0.36516,0.37193,0.74617,0.02446,32.05,,2033.8,7642,25,0.35357,ok
nasa,D-7,smap,point,tirex_quantile,default,,0.36095,0.36777,0.76503,0.02356,32.05,,2033.8,7642,25,0.35357,ok
nasa,D-7,smap,point,iforest,default,,0.36006,0.37066,0.73743,0.24608,1.71,,1594.1,7642,25,0.35357,ok
nasa,D-7,smap,point,lof,default,,0.89777,0.8934,0.97094,0.80556,0.62,,1594.1,7642,25,0.35357,ok
nasa,D-7,smap,point,knn,default,,0.89883,0.89396,0.97094,0.80556,0.44,,1594.1,7642,25,0.35357,ok
nasa,D-7,smap,point,ae,default,,0.99457,0.98855,0.99971,1.0,1.96,,1766.1,7642,25,0.35357,ok
nasa,F-1,smap,point,chronos_small_resid,default,,0.00887,0.01323,0.56698,0.00661,1.3,,1738.6,8584,25,0.01177,ok
nasa,F-1,smap,point,chronos_small_quantile,default,,0.01054,0.01575,0.66673,1.0,1.3,,1738.6,8584,25,0.01177,ok
nasa,F-1,smap,point,chronos_base_resid,default,,0.00893,0.01318,0.56057,0.00537,2.16,,1970.5,8584,25,0.01177,ok
nasa,F-1,smap,point,chronos_base_quantile,default,,0.01079,0.01588,0.66673,1.0,2.16,,1970.5,8584,25,0.01177,ok
nasa,F-1,smap,point,timesfm_resid,default,,0.01006,0.01461,0.56553,0.00849,31.06,,2046.7,8584,25,0.01177,ok
nasa,F-1,smap,point,timesfm_quantile,default,,0.01132,0.01669,0.66673,1.0,31.06,,2046.7,8584,25,0.01177,ok
nasa,F-1,smap,point,tirex_resid,default,,0.00856,0.01303,0.56006,0.00568,37.94,,2033.8,8584,25,0.01177,ok
nasa,F-1,smap,point,tirex_quantile,default,,0.01083,0.01666,0.67457,0.003,37.94,,2033.8,8584,25,0.01177,ok
nasa,F-1,smap,point,iforest,default,,0.00632,0.01001,0.58157,0.0,1.76,,1594.1,8584,25,0.01177,ok
nasa,F-1,smap,point,iforest,tuned,"{'w': 50, 'n_estimators': 200}",0.00792,0.01124,0.59517,0.01508,2.25,5.07,0.0,8584,25,0.01177,ok
nasa,F-1,smap,point,lof,default,,0.01397,0.01828,0.6586,0.05405,0.76,,1594.1,8584,25,0.01177,ok
nasa,F-1,smap,point,lof,tuned,"{'w': 100, 'k': 30}",0.0099,0.01348,0.55986,0.00956,1.52,2.84,0.0,8584,25,0.01177,ok
nasa,F-1,smap,point,knn,default,,0.00757,0.01173,0.57945,0.03282,0.55,,1594.1,8584,25,0.01177,ok
nasa,F-1,smap,point,knn,tuned,"{'w': 50, 'k': 3}",0.00795,0.01112,0.59404,0.02771,1.53,2.03,0.0,8584,25,0.01177,ok
nasa,F-1,smap,point,ae,default,,0.00833,0.01241,0.58199,0.05278,2.04,,1774.0,8584,25,0.01177,ok
nasa,F-1,smap,point,ae,tuned,"{'w': 200, 'hidden': 32, 'latent': 16}",0.00846,0.01283,0.54761,0.0,3.17,7.46,0.0,8584,25,0.01177,ok
nasa,P-4,smap,point,chronos_small_resid,default,,0.06526,0.10013,0.67706,0.28571,1.04,,1738.6,7783,25,0.05692,ok
nasa,P-4,smap,point,chronos_small_quantile,default,,0.06577,0.10205,0.66932,1.0,1.04,,1738.6,7783,25,0.05692,ok
nasa,P-4,smap,point,chronos_base_resid,default,,0.06477,0.1002,0.67489,0.25,1.82,,1970.5,7783,25,0.05692,ok
nasa,P-4,smap,point,chronos_base_quantile,default,,0.0568,0.08753,0.66932,1.0,1.82,,1970.5,7783,25,0.05692,ok
nasa,P-4,smap,point,timesfm_resid,default,,0.05841,0.08883,0.66932,1.0,26.69,,2046.7,7783,25,0.05692,ok
nasa,P-4,smap,point,timesfm_quantile,default,,0.0568,0.0847,0.66932,1.0,26.69,,2046.7,7783,25,0.05692,ok
nasa,P-4,smap,point,tirex_resid,default,,0.06515,0.10097,0.67515,0.2,32.44,,2033.8,7783,25,0.05692,ok
nasa,P-4,smap,point,tirex_quantile,default,,0.05653,0.08343,0.66932,1.0,32.44,,2033.8,7783,25,0.05692,ok
nasa,P-4,smap,point,iforest,default,,0.05643,0.08205,0.66932,1.0,1.77,,1594.1,7783,25,0.05692,ok
nasa,P-4,smap,point,lof,default,,0.06018,0.08992,0.67277,1.0,0.69,,1594.1,7783,25,0.05692,ok
nasa,P-4,smap,point,knn,default,,0.1872,0.23593,0.89735,1.0,0.38,,1594.1,7783,25,0.05692,ok
nasa,P-4,smap,point,ae,default,,0.96251,0.89929,0.99578,1.0,1.63,,1768.3,7783,25,0.05692,ok
nasa,G-3,smap,point,chronos_small_resid,default,,0.01237,0.01285,0.68574,0.01543,1.05,,1738.6,7907,25,0.00645,ok
nasa,G-3,smap,point,chronos_small_quantile,default,,0.02593,0.02267,0.82316,0.01817,1.05,,1738.6,7907,25,0.00645,ok
nasa,G-3,smap,point,chronos_base_resid,default,,0.00984,0.01304,0.6854,0.01615,1.87,,1970.5,7907,25,0.00645,ok
nasa,G-3,smap,point,chronos_base_quantile,default,,0.0262,0.02423,0.93281,0.0195,1.87,,1970.5,7907,25,0.00645,ok
nasa,G-3,smap,point,timesfm_resid,default,,0.0083,0.01144,0.75621,0.0098,28.46,,2046.7,7907,25,0.00645,ok
nasa,G-3,smap,point,timesfm_quantile,default,,0.02785,0.02565,0.67404,0.01489,28.46,,2046.7,7907,25,0.00645,ok
nasa,G-3,smap,point,tirex_resid,default,,0.00854,0.01168,0.67657,0.00801,33.26,,2033.8,7907,25,0.00645,ok
nasa,G-3,smap,point,tirex_quantile,default,,0.00719,0.00938,0.74774,0.00714,33.26,,2033.8,7907,25,0.00645,ok
nasa,G-3,smap,point,iforest,default,,0.0115,0.01641,0.8089,0.11111,1.79,,1594.1,7907,25,0.00645,ok
nasa,G-3,smap,point,lof,default,,0.01385,0.01952,0.80941,0.11111,0.59,,1594.1,7907,25,0.00645,ok
nasa,G-3,smap,point,knn,default,,0.01194,0.01697,0.80941,0.125,0.41,,1594.1,7907,25,0.00645,ok
nasa,G-3,smap,point,ae,default,,0.00741,0.01117,0.70069,0.13333,1.93,,1768.8,7907,25,0.00645,ok
nasa,T-1,smap,mixed,chronos_small_resid,default,,0.14652,0.16516,0.65066,0.01371,1.14,,1738.6,8612,25,0.17836,ok
nasa,T-1,smap,mixed,chronos_small_quantile,default,,0.1738,0.1987,0.68476,1.0,1.14,,1738.6,8612,25,0.17836,ok
nasa,T-1,smap,mixed,chronos_base_resid,default,,0.14988,0.16847,0.65151,0.01125,2.09,,1970.5,8612,25,0.17836,ok
nasa,T-1,smap,mixed,chronos_base_quantile,default,,0.17444,0.19902,0.68476,1.0,2.09,,1970.5,8612,25,0.17836,ok
nasa,T-1,smap,mixed,timesfm_resid,default,,0.1633,0.18908,0.67897,0.02412,32.21,,2046.7,8612,25,0.17836,ok
nasa,T-1,smap,mixed,timesfm_quantile,default,,0.17995,0.21518,0.74105,1.0,32.21,,2046.7,8612,25,0.17836,ok
nasa,T-1,smap,mixed,tirex_resid,default,,0.14827,0.16899,0.65659,0.00765,39.26,,2033.8,8612,25,0.17836,ok
nasa,T-1,smap,mixed,tirex_quantile,default,,0.1752,0.20057,0.6882,1.0,39.26,,2033.8,8612,25,0.17836,ok
nasa,T-1,smap,mixed,iforest,default,,0.09563,0.11935,0.59619,0.12531,1.86,,1594.1,8612,25,0.17836,ok
nasa,T-1,smap,mixed,iforest,tuned,"{'w': 50, 'n_estimators': 100}",0.09973,0.1191,0.60608,0.02685,1.74,6.47,0.0,8612,25,0.17836,ok
nasa,T-1,smap,mixed,lof,default,,0.10207,0.1287,0.58329,0.5,0.85,,1594.1,8612,25,0.17836,ok
nasa,T-1,smap,mixed,lof,tuned,"{'w': 50, 'k': 30}",0.09567,0.1137,0.58372,0.02878,2.0,2.57,0.0,8612,25,0.17836,ok
nasa,T-1,smap,mixed,knn,default,,0.09599,0.11874,0.5563,0.5,0.53,,1594.1,8612,25,0.17836,ok
nasa,T-1,smap,mixed,knn,tuned,"{'w': 50, 'k': 5}",0.09603,0.11691,0.57488,0.5,1.61,1.89,0.0,8612,25,0.17836,ok
nasa,T-1,smap,mixed,ae,default,,0.26324,0.30089,0.72566,0.575,2.15,,1775.2,8612,25,0.17836,ok
nasa,T-1,smap,mixed,ae,tuned,"{'w': 50, 'hidden': 32, 'latent': 16}",0.13651,0.1629,0.66015,0.475,3.87,7.91,0.0,8612,25,0.17836,ok
nasa,T-2,smap,point,chronos_small_resid,default,,0.1778,0.18288,0.64775,0.00859,1.34,,1738.6,8625,25,0.20696,ok
nasa,T-2,smap,point,chronos_small_quantile,default,,0.19136,0.19806,0.68543,1.0,1.34,,1738.6,8625,25,0.20696,ok
nasa,T-2,smap,point,chronos_base_resid,default,,0.17391,0.17905,0.64228,0.00571,2.19,,1970.5,8625,25,0.20696,ok
nasa,T-2,smap,point,chronos_base_quantile,default,,0.19021,0.19676,0.68543,1.0,2.19,,1970.5,8625,25,0.20696,ok
nasa,T-2,smap,point,timesfm_resid,default,,0.19651,0.20328,0.66335,0.03662,31.08,,2046.7,8625,25,0.20696,ok
nasa,T-2,smap,point,timesfm_quantile,default,,0.20312,0.21023,0.68543,1.0,31.08,,2046.7,8625,25,0.20696,ok
nasa,T-2,smap,point,tirex_resid,default,,0.17555,0.18089,0.64389,0.00611,38.22,,2033.8,8625,25,0.20696,ok
nasa,T-2,smap,point,tirex_quantile,default,,0.20497,0.21097,0.70752,1.0,38.22,,2033.8,8625,25,0.20696,ok
nasa,T-2,smap,point,iforest,default,,0.13118,0.13793,0.65044,0.16667,1.89,,1594.1,8625,25,0.20696,ok
nasa,T-2,smap,point,iforest,tuned,"{'w': 100, 'n_estimators': 100}",0.12918,0.13544,0.64659,0.16667,1.93,6.14,0.0,8625,25,0.20696,ok
nasa,T-2,smap,point,lof,default,,0.17367,0.18829,0.68104,0.17138,0.77,,1594.1,8625,25,0.20696,ok
nasa,T-2,smap,point,lof,tuned,"{'w': 50, 'k': 30}",0.1178,0.12337,0.57113,0.05556,2.12,2.9,0.0,8625,25,0.20696,ok
nasa,T-2,smap,point,knn,default,,0.12412,0.12987,0.64385,0.05556,0.53,,1594.1,8625,25,0.20696,ok
nasa,T-2,smap,point,knn,tuned,"{'w': 50, 'k': 3}",0.12033,0.12584,0.60714,0.05556,1.67,2.01,0.0,8625,25,0.20696,ok
nasa,T-2,smap,point,ae,default,,0.54663,0.56352,0.86729,0.66667,2.0,,1775.1,8625,25,0.20696,ok
nasa,T-2,smap,point,ae,tuned,"{'w': 50, 'hidden': 32, 'latent': 16}",0.22403,0.23434,0.68025,0.13993,3.59,6.21,0.0,8625,25,0.20696,ok
nasa,D-8,smap,point,chronos_small_resid,default,,0.00581,0.00801,0.62068,0.00531,1.23,,1738.6,7874,25,0.00648,ok
nasa,D-8,smap,point,chronos_small_quantile,default,,0.00648,0.00972,0.66669,1.0,1.23,,1738.6,7874,25,0.00648,ok
nasa,D-8,smap,point,chronos_base_resid,default,,0.00602,0.00803,0.62049,0.00572,1.78,,1970.5,7874,25,0.00648,ok
nasa,D-8,smap,point,chronos_base_quantile,default,,0.00648,0.00972,0.66669,1.0,1.78,,1970.5,7874,25,0.00648,ok
nasa,D-8,smap,point,timesfm_resid,default,,0.00648,0.00972,0.66669,1.0,30.07,,2046.7,7874,25,0.00648,ok
nasa,D-8,smap,point,timesfm_quantile,default,,0.00648,0.00972,0.66669,1.0,30.07,,2046.7,7874,25,0.00648,ok
nasa,D-8,smap,point,tirex_resid,default,,0.00574,0.00801,0.62078,0.00557,32.66,,2033.8,7874,25,0.00648,ok
nasa,D-8,smap,point,tirex_quantile,default,,0.00704,0.00967,0.67967,1.0,32.66,,2033.8,7874,25,0.00648,ok
nasa,D-8,smap,point,iforest,default,,0.00648,0.00972,0.66669,1.0,1.01,,1594.1,7874,25,0.00648,ok
nasa,D-8,smap,point,lof,default,,0.05935,0.10208,0.66669,1.0,0.48,,1594.1,7874,25,0.00648,ok
nasa,D-8,smap,point,knn,default,,0.0593,0.10201,0.66669,1.0,0.39,,1594.1,7874,25,0.00648,ok
nasa,D-8,smap,point,ae,default,,0.20588,0.27115,0.66669,1.0,1.46,,1768.4,7874,25,0.00648,ok
nasa,D-9,smap,point,chronos_small_resid,default,,0.12864,0.13409,0.62513,0.0424,1.07,,1738.6,7406,25,0.15609,ok
nasa,D-9,smap,point,chronos_small_quantile,default,,0.15602,0.16273,0.67741,1.0,1.07,,1738.6,7406,25,0.15609,ok
nasa,D-9,smap,point,chronos_base_resid,default,,0.129,0.13432,0.62489,0.04251,1.75,,1970.5,7406,25,0.15609,ok
nasa,D-9,smap,point,chronos_base_quantile,default,,0.15624,0.16273,0.67741,1.0,1.75,,1970.5,7406,25,0.15609,ok
nasa,D-9,smap,point,timesfm_resid,default,,0.15602,0.16277,0.67741,1.0,24.32,,2046.7,7406,25,0.15609,ok
nasa,D-9,smap,point,timesfm_quantile,default,,0.15603,0.16278,0.67741,1.0,24.32,,2046.7,7406,25,0.15609,ok
nasa,D-9,smap,point,tirex_resid,default,,0.12829,0.13344,0.62495,0.03963,32.22,,2033.8,7406,25,0.15609,ok
nasa,D-9,smap,point,tirex_quantile,default,,0.15516,0.16125,0.68889,1.0,32.22,,2033.8,7406,25,0.15609,ok
nasa,D-9,smap,point,iforest,default,,0.15065,0.159,0.67741,1.0,1.49,,1594.1,7406,25,0.15609,ok
nasa,D-9,smap,point,lof,default,,0.8914,0.86019,0.99742,1.0,0.56,,1594.1,7406,25,0.15609,ok
nasa,D-9,smap,point,knn,default,,0.89119,0.85992,0.99742,1.0,0.39,,1594.1,7406,25,0.15609,ok
nasa,D-9,smap,point,ae,default,,0.90643,0.8766,0.9987,1.0,1.7,,1764.0,7406,25,0.15609,ok
nasa,F-2,smap,point,chronos_small_resid,default,,0.29464,0.29943,0.67848,0.01212,1.27,,1738.6,8626,25,0.3428,ok
nasa,F-2,smap,point,chronos_small_quantile,default,,0.32696,0.33323,0.71693,1.0,1.27,,1738.6,8626,25,0.3428,ok
nasa,F-2,smap,point,chronos_base_resid,default,,0.28876,0.29341,0.6727,0.00696,2.19,,1970.5,8626,25,0.3428,ok
nasa,F-2,smap,point,chronos_base_quantile,default,,0.34556,0.35224,0.71693,1.0,2.19,,1970.5,8626,25,0.3428,ok
nasa,F-2,smap,point,timesfm_resid,default,,0.24994,0.25626,0.62955,0.04632,30.95,,2046.7,8626,25,0.3428,ok
nasa,F-2,smap,point,timesfm_quantile,default,,0.32869,0.33599,0.71693,1.0,30.95,,2046.7,8626,25,0.3428,ok
nasa,F-2,smap,point,tirex_resid,default,,0.28801,0.29268,0.67372,0.0074,38.6,,2033.8,8626,25,0.3428,ok
nasa,F-2,smap,point,tirex_quantile,default,,0.34381,0.3501,0.74591,1.0,38.6,,2033.8,8626,25,0.3428,ok
nasa,F-2,smap,point,iforest,default,,0.33603,0.3472,0.72487,0.2381,1.68,,1594.1,8626,25,0.3428,ok
nasa,F-2,smap,point,iforest,tuned,"{'w': 50, 'n_estimators': 200}",0.2859,0.29729,0.64376,0.14167,2.31,6.14,0.0,8626,25,0.3428,ok
nasa,F-2,smap,point,lof,default,,0.56615,0.57972,0.88568,0.53571,0.77,,1594.1,8626,25,0.3428,ok
nasa,F-2,smap,point,lof,tuned,"{'w': 50, 'k': 30}",0.56205,0.57046,0.87679,0.5,2.03,2.84,0.0,8626,25,0.3428,ok
nasa,F-2,smap,point,knn,default,,0.55174,0.56335,0.87847,0.5,0.55,,1594.1,8626,25,0.3428,ok
nasa,F-2,smap,point,knn,tuned,"{'w': 50, 'k': 5}",0.54897,0.55996,0.87565,0.41667,1.48,2.0,0.0,8626,25,0.3428,ok
nasa,F-2,smap,point,ae,default,,0.58317,0.5929,0.88653,0.53846,1.95,,1775.1,8626,25,0.3428,ok
nasa,F-2,smap,point,ae,tuned,"{'w': 50, 'hidden': 64, 'latent': 8}",0.56469,0.57723,0.88037,0.5,3.34,7.4,0.0,8626,25,0.3428,ok
nasa,G-4,smap,point,chronos_small_resid,default,,0.00391,0.00531,0.63366,0.00538,1.06,,1738.6,7632,25,0.00406,ok
nasa,G-4,smap,point,chronos_small_quantile,default,,0.00406,0.00609,0.66667,1.0,1.06,,1738.6,7632,25,0.00406,ok
nasa,G-4,smap,point,chronos_base_resid,default,,0.00389,0.00545,0.63392,0.00549,1.71,,1970.5,7632,25,0.00406,ok
nasa,G-4,smap,point,chronos_base_quantile,default,,0.00406,0.00609,0.66667,1.0,1.71,,1970.5,7632,25,0.00406,ok
nasa,G-4,smap,point,timesfm_resid,default,,0.00406,0.00609,0.66667,1.0,26.86,,2046.7,7632,25,0.00406,ok
nasa,G-4,smap,point,timesfm_quantile,default,,0.00406,0.00609,0.66667,1.0,26.86,,2046.7,7632,25,0.00406,ok
nasa,G-4,smap,point,tirex_resid,default,,0.00345,0.00515,0.63372,0.0029,31.91,,2033.8,7632,25,0.00406,ok
nasa,G-4,smap,point,tirex_quantile,default,,0.0038,0.00581,0.66667,1.0,31.91,,2033.8,7632,25,0.00406,ok
nasa,G-4,smap,point,iforest,default,,0.00287,0.00452,0.61589,0.0,1.69,,1594.1,7632,25,0.00406,ok
nasa,G-4,smap,point,lof,default,,0.13189,0.22388,0.83582,0.66667,0.58,,1594.1,7632,25,0.00406,ok
nasa,G-4,smap,point,knn,default,,0.13157,0.22182,0.78051,0.66667,0.4,,1594.1,7632,25,0.00406,ok
nasa,G-4,smap,point,ae,default,,0.99406,0.86003,0.99922,1.0,1.66,,1766.0,7632,25,0.00406,ok
nasa,T-3,smap,point,chronos_small_resid,default,,0.0182,0.02688,0.6265,0.00934,1.36,,1738.6,8579,25,0.02145,ok
nasa,T-3,smap,point,chronos_small_quantile,default,,0.02767,0.03734,0.6569,0.01625,1.36,,1738.6,8579,25,0.02145,ok
nasa,T-3,smap,point,chronos_base_resid,default,,0.0184,0.02699,0.62637,0.00949,1.94,,1970.5,8579,25,0.02145,ok
nasa,T-3,smap,point,chronos_base_quantile,default,,0.02341,0.0349,0.67103,1.0,1.94,,1970.5,8579,25,0.02145,ok
nasa,T-3,smap,point,timesfm_resid,default,,0.01607,0.02566,0.63878,0.02974,31.36,,2046.7,8579,25,0.02145,ok
nasa,T-3,smap,point,timesfm_quantile,default,,0.0216,0.03131,0.66687,1.0,31.36,,2046.7,8579,25,0.02145,ok
nasa,T-3,smap,point,tirex_resid,default,,0.01701,0.02634,0.63856,0.00997,37.6,,2033.8,8579,25,0.02145,ok
nasa,T-3,smap,point,tirex_quantile,default,,0.02178,0.03192,0.66687,1.0,37.6,,2033.8,8579,25,0.02145,ok
nasa,T-3,smap,point,iforest,default,,0.01486,0.02185,0.66528,0.0,1.78,,1594.1,8579,25,0.02145,ok
nasa,T-3,smap,point,iforest,tuned,"{'w': 100, 'n_estimators': 200}",0.01486,0.02185,0.66528,0.0,2.36,6.04,0.0,8579,25,0.02145,ok
nasa,T-3,smap,point,lof,default,,0.14512,0.20762,0.78619,0.8,0.75,,1594.1,8579,25,0.02145,ok
nasa,T-3,smap,point,lof,tuned,"{'w': 100, 'k': 50}",0.14512,0.20762,0.78619,0.8,1.39,2.79,0.0,8579,25,0.02145,ok
nasa,T-3,smap,point,knn,default,,0.14503,0.20763,0.78619,0.8,0.55,,1594.1,8579,25,0.02145,ok
nasa,T-3,smap,point,knn,tuned,"{'w': 100, 'k': 3}",0.14505,0.20758,0.78619,0.8,1.02,2.03,0.0,8579,25,0.02145,ok
nasa,T-3,smap,point,ae,default,,0.14864,0.21231,0.79041,0.8,2.12,,1774.0,8579,25,0.02145,ok
nasa,T-3,smap,point,ae,tuned,"{'w': 50, 'hidden': 64, 'latent': 8}",0.30784,0.2923,0.83213,0.8,3.56,7.56,0.0,8579,25,0.02145,ok
nasa,D-11,smap,point,chronos_small_resid,default,,0.06156,0.10012,0.64101,0.04167,1.09,,1738.6,7431,25,0.00821,ok
nasa,D-11,smap,point,chronos_small_quantile,default,,0.31206,0.37582,0.99655,1.0,1.09,,1738.6,7431,25,0.00821,ok
nasa,D-11,smap,point,chronos_base_resid,default,,0.06168,0.09129,0.63179,0.04,1.48,,1970.5,7431,25,0.00821,ok
nasa,D-11,smap,point,chronos_base_quantile,default,,0.31125,0.33034,0.99655,1.0,1.48,,1970.5,7431,25,0.00821,ok
nasa,D-11,smap,point,timesfm_resid,default,,0.06059,0.08235,0.60783,0.04167,26.98,,2046.7,7431,25,0.00821,ok
nasa,D-11,smap,point,timesfm_quantile,default,,0.07275,0.12126,0.6667,1.0,26.98,,2046.7,7431,25,0.00821,ok
nasa,D-11,smap,point,tirex_resid,default,,0.06489,0.10187,0.62273,0.03846,32.83,,2033.8,7431,25,0.00821,ok
nasa,D-11,smap,point,tirex_quantile,default,,0.17321,0.2157,0.76731,1.0,32.83,,2033.8,7431,25,0.00821,ok
nasa,D-11,smap,point,iforest,default,,0.00857,0.01267,0.74497,0.66667,1.61,,1594.1,7431,25,0.00821,ok
nasa,D-11,smap,point,lof,default,,0.06,0.10192,0.51578,0.66667,0.57,,1594.1,7431,25,0.00821,ok
nasa,D-11,smap,point,knn,default,,0.0602,0.10156,0.60478,0.66667,0.42,,1594.1,7431,25,0.00821,ok
nasa,D-11,smap,point,ae,default,,0.0592,0.10191,0.55296,0.66667,1.77,,1764.1,7431,25,0.00821,ok
nasa,D-12,smap,point,chronos_small_resid,default,,0.28111,0.28645,0.65724,0.00834,1.16,,1738.7,7918,25,0.34605,ok
nasa,D-12,smap,point,chronos_small_quantile,default,,0.34605,0.35236,0.71785,1.0,1.16,,1738.7,7918,25,0.34605,ok
nasa,D-12,smap,point,chronos_base_resid,default,,0.28453,0.29003,0.66384,0.00823,1.7,,1970.7,7918,25,0.34605,ok
nasa,D-12,smap,point,chronos_base_quantile,default,,0.34605,0.35236,0.71785,1.0,1.7,,1970.7,7918,25,0.34605,ok
nasa,D-12,smap,point,timesfm_resid,default,,0.34605,0.35236,0.71785,1.0,30.1,,2046.7,7918,25,0.34605,ok
nasa,D-12,smap,point,timesfm_quantile,default,,0.34605,0.35236,0.71785,1.0,30.1,,2046.7,7918,25,0.34605,ok
nasa,D-12,smap,point,tirex_resid,default,,0.28148,0.28684,0.66069,0.00854,32.52,,2033.8,7918,25,0.34605,ok
nasa,D-12,smap,point,tirex_quantile,default,,0.34455,0.35061,0.71785,1.0,32.52,,2033.8,7918,25,0.34605,ok
nasa,D-12,smap,point,iforest,default,,0.34226,0.34873,0.71893,1.0,1.47,,1594.1,7918,25,0.34605,ok
nasa,D-12,smap,point,lof,default,,0.91474,0.90352,0.96603,1.0,0.28,,1594.1,7918,25,0.34605,ok
nasa,D-12,smap,point,knn,default,,0.91474,0.90352,0.96603,1.0,0.21,,1594.1,7918,25,0.34605,ok
nasa,D-12,smap,point,ae,default,,0.91398,0.90219,0.96603,1.0,1.16,,1762.3,7918,25,0.34605,ok
nasa,B-1,smap,point,chronos_small_resid,default,,0.00704,0.01063,0.61059,0.00521,1.15,,1738.6,8044,25,0.00883,ok
nasa,B-1,smap,point,chronos_small_quantile,default,,0.00883,0.01324,0.6667,1.0,1.15,,1738.6,8044,25,0.00883,ok
nasa,B-1,smap,point,chronos_base_resid,default,,0.00685,0.01055,0.61001,0.00504,1.68,,1970.5,8044,25,0.00883,ok
nasa,B-1,smap,point,chronos_base_quantile,default,,0.00883,0.01324,0.6667,1.0,1.68,,1970.5,8044,25,0.00883,ok
nasa,B-1,smap,point,timesfm_resid,default,,0.00883,0.01324,0.6667,1.0,29.06,,2046.7,8044,25,0.00883,ok
nasa,B-1,smap,point,timesfm_quantile,default,,0.00883,0.01324,0.6667,1.0,29.06,,2046.7,8044,25,0.00883,ok
nasa,B-1,smap,point,tirex_resid,default,,0.00702,0.01066,0.61017,0.00527,32.99,,2033.8,8044,25,0.00883,ok
nasa,B-1,smap,point,tirex_quantile,default,,0.0084,0.01287,0.6667,1.0,32.99,,2033.8,8044,25,0.00883,ok
nasa,B-1,smap,point,iforest,default,,0.00893,0.01334,0.66905,1.0,1.7,,1594.1,8044,25,0.00883,ok
nasa,B-1,smap,point,lof,default,,0.01232,0.023,0.78,1.0,0.55,,1594.1,8044,25,0.00883,ok
nasa,B-1,smap,point,knn,default,,0.01232,0.02299,0.77998,1.0,0.39,,1594.1,8044,25,0.00883,ok
nasa,B-1,smap,point,ae,default,,0.01216,0.02352,0.7819,1.0,1.73,,1769.7,8044,25,0.00883,ok
nasa,G-6,smap,point,chronos_small_resid,default,,0.02005,0.0338,0.63897,0.18972,1.33,,1738.6,8640,25,0.01169,ok
nasa,G-6,smap,point,chronos_small_quantile,default,,0.42726,0.29612,0.99732,0.33568,1.33,,1738.6,8640,25,0.01169,ok
nasa,G-6,smap,point,chronos_base_resid,default,,0.01939,0.03166,0.62996,0.17132,2.1,,1970.5,8640,25,0.01169,ok
nasa,G-6,smap,point,chronos_base_quantile,default,,0.29636,0.14867,0.99732,1.0,2.1,,1970.5,8640,25,0.01169,ok
nasa,G-6,smap,point,timesfm_resid,default,,0.0202,0.03387,0.63793,0.06031,30.94,,2046.7,8640,25,0.01169,ok
nasa,G-6,smap,point,timesfm_quantile,default,,0.16146,0.14486,0.72474,1.0,30.94,,2046.7,8640,25,0.01169,ok
nasa,G-6,smap,point,tirex_resid,default,,0.02047,0.03077,0.63549,0.22891,38.54,,2033.8,8640,25,0.01169,ok
nasa,G-6,smap,point,tirex_quantile,default,,0.16994,0.14792,0.7116,1.0,38.54,,2033.8,8640,25,0.01169,ok
nasa,G-6,smap,point,iforest,default,,0.0219,0.03208,0.76705,0.66667,1.71,,1594.1,8640,25,0.01169,ok
nasa,G-6,smap,point,iforest,tuned,"{'w': 50, 'n_estimators': 200}",0.0279,0.04537,0.77002,0.66667,2.02,6.07,0.0,8640,25,0.01169,ok
nasa,G-6,smap,point,lof,default,,0.06651,0.10025,0.75902,0.66667,0.76,,1594.1,8640,25,0.01169,ok
nasa,G-6,smap,point,lof,tuned,"{'w': 100, 'k': 50}",0.06651,0.10025,0.75902,0.66667,1.29,2.73,0.0,8640,25,0.01169,ok
nasa,G-6,smap,point,knn,default,,0.06631,0.09778,0.75164,0.66667,0.55,,1594.1,8640,25,0.01169,ok
nasa,G-6,smap,point,knn,tuned,"{'w': 50, 'k': 3}",0.05489,0.08372,0.75988,0.66667,1.61,1.98,0.0,8640,25,0.01169,ok
nasa,G-6,smap,point,ae,default,,0.06587,0.10071,0.75888,0.66667,1.93,,1775.2,8640,25,0.01169,ok
nasa,G-6,smap,point,ae,tuned,"{'w': 100, 'hidden': 32, 'latent': 8}",0.05736,0.08155,0.75888,0.66667,2.56,7.55,0.0,8640,25,0.01169,ok
nasa,G-7,smap,mixed,chronos_small_resid,default,,0.3033,0.29833,0.88328,0.09119,1.04,,1738.6,8029,25,0.03338,ok
nasa,G-7,smap,mixed,chronos_small_quantile,default,,0.11737,0.10902,0.84394,1.0,1.04,,1738.6,8029,25,0.03338,ok
nasa,G-7,smap,mixed,chronos_base_resid,default,,0.31323,0.30015,0.88508,0.09857,1.82,,1970.5,8029,25,0.03338,ok
nasa,G-7,smap,mixed,chronos_base_quantile,default,,0.12401,0.11428,0.79839,1.0,1.82,,1970.5,8029,25,0.03338,ok
nasa,G-7,smap,mixed,timesfm_resid,default,,0.30654,0.29714,0.88792,0.09524,27.45,,2046.7,8029,25,0.03338,ok
nasa,G-7,smap,mixed,timesfm_quantile,default,,0.12684,0.11677,0.79723,1.0,27.45,,2046.7,8029,25,0.03338,ok
nasa,G-7,smap,mixed,tirex_resid,default,,0.31298,0.26108,0.8663,0.10291,31.61,,2033.8,8029,25,0.03338,ok
nasa,G-7,smap,mixed,tirex_quantile,default,,0.08322,0.09456,0.71422,1.0,31.61,,2033.8,8029,25,0.03338,ok
nasa,G-7,smap,mixed,iforest,default,,0.98006,0.9575,0.9981,1.0,1.55,,1594.1,8029,25,0.03338,ok
nasa,G-7,smap,mixed,lof,default,,0.04258,0.07477,0.70794,0.4,0.55,,1594.1,8029,25,0.03338,ok
nasa,G-7,smap,mixed,knn,default,,0.19716,0.25863,0.85641,0.85714,0.38,,1594.1,8029,25,0.03338,ok
nasa,G-7,smap,mixed,ae,default,,0.16834,0.237,0.86133,0.85714,1.81,,1769.7,8029,25,0.03338,ok
nasa,P-7,smap,contextual,chronos_small_resid,default,,0.17009,0.17999,0.63569,0.00622,1.09,,1738.6,8071,25,0.20456,ok
nasa,P-7,smap,contextual,chronos_small_quantile,default,,0.18475,0.19574,0.68501,1.0,1.09,,1738.6,8071,25,0.20456,ok
nasa,P-7,smap,contextual,chronos_base_resid,default,,0.16977,0.17969,0.63382,0.00626,1.94,,1970.5,8071,25,0.20456,ok
nasa,P-7,smap,contextual,chronos_base_quantile,default,,0.1916,0.20314,0.68501,1.0,1.94,,1970.5,8071,25,0.20456,ok
nasa,P-7,smap,contextual,timesfm_resid,default,,0.22895,0.24211,0.68779,0.02876,27.16,,2046.7,8071,25,0.20456,ok
nasa,P-7,smap,contextual,timesfm_quantile,default,,0.19777,0.20904,0.68501,1.0,27.16,,2046.7,8071,25,0.20456,ok
nasa,P-7,smap,contextual,tirex_resid,default,,0.19469,0.20703,0.67168,0.00803,31.12,,2033.8,8071,25,0.20456,ok
nasa,P-7,smap,contextual,tirex_quantile,default,,0.19682,0.20836,0.68087,0.00572,31.12,,2033.8,8071,25,0.20456,ok
nasa,P-7,smap,contextual,iforest,default,,0.51057,0.50361,0.85991,0.66667,1.4,,1594.1,8071,25,0.20456,ok
nasa,P-7,smap,contextual,iforest,tuned,"{'w': 50, 'n_estimators': 100}",0.38624,0.38428,0.7116,0.26845,1.34,4.82,0.0,8071,25,0.20456,ok
nasa,P-7,smap,contextual,lof,default,,0.53037,0.53519,0.8563,0.625,0.63,,1594.1,8071,25,0.20456,ok
nasa,P-7,smap,contextual,lof,tuned,"{'w': 50, 'k': 30}",0.48284,0.47981,0.81148,0.41667,1.63,2.77,0.0,8071,25,0.20456,ok
nasa,P-7,smap,contextual,knn,default,,0.53064,0.5339,0.8574,0.66667,0.46,,1594.1,8071,25,0.20456,ok
nasa,P-7,smap,contextual,knn,tuned,"{'w': 200, 'k': 1}",0.49123,0.50029,0.82237,0.66667,0.78,1.83,0.0,8071,25,0.20456,ok
nasa,P-7,smap,contextual,ae,default,,0.52348,0.5245,0.85199,0.66667,1.79,,1768.8,8071,25,0.20456,ok
nasa,P-7,smap,contextual,ae,tuned,"{'w': 50, 'hidden': 32, 'latent': 16}",0.53006,0.52808,0.85102,0.55833,2.97,6.9,0.0,8071,25,0.20456,ok
nasa,R-1,smap,point,chronos_small_resid,default,,0.01002,0.01423,0.62145,0.02567,1.03,,1738.6,7244,25,0.01118,ok
nasa,R-1,smap,point,chronos_small_quantile,default,,0.02339,0.02529,0.66672,1.0,1.03,,1738.6,7244,25,0.01118,ok
nasa,R-1,smap,point,chronos_base_resid,default,,0.00918,0.01349,0.6265,0.02575,1.48,,1970.5,7244,25,0.01118,ok
nasa,R-1,smap,point,chronos_base_quantile,default,,0.02339,0.02529,0.88947,1.0,1.48,,1970.5,7244,25,0.01118,ok
nasa,R-1,smap,point,timesfm_resid,default,,0.01135,0.01602,0.66672,1.0,22.4,,2046.7,7244,25,0.01118,ok
nasa,R-1,smap,point,timesfm_quantile,default,,0.01217,0.01673,0.66672,1.0,22.4,,2046.7,7244,25,0.01118,ok
nasa,R-1,smap,point,tirex_resid,default,,0.01088,0.01565,0.59167,0.02268,27.22,,2033.8,7244,25,0.01118,ok
nasa,R-1,smap,point,tirex_quantile,default,,0.0113,0.01691,0.66826,1.0,27.22,,2033.8,7244,25,0.01118,ok
nasa,R-1,smap,point,iforest,default,,0.01118,0.01677,0.66672,1.0,1.47,,1594.1,7244,25,0.01118,ok
nasa,R-1,smap,point,iforest,tuned,"{'w': 400, 'n_estimators': 100}",0.01118,0.01677,0.66672,1.0,1.28,4.43,0.0,7244,25,0.01118,ok
nasa,R-1,smap,point,lof,default,,0.07952,0.12348,0.66672,1.0,0.53,,1594.1,7244,25,0.01118,ok
nasa,R-1,smap,point,lof,tuned,"{'w': 100, 'k': 50}",0.07952,0.12348,0.66672,1.0,0.66,2.28,0.0,7244,25,0.01118,ok
nasa,R-1,smap,point,knn,default,,0.07969,0.12386,0.66672,1.0,0.39,,1594.1,7244,25,0.01118,ok
nasa,R-1,smap,point,knn,tuned,"{'w': 100, 'k': 3}",0.07996,0.12298,0.66672,1.0,0.52,1.78,0.0,7244,25,0.01118,ok
nasa,R-1,smap,point,ae,default,,0.28254,0.33223,0.66683,0.66667,1.93,,1760.6,7244,25,0.01118,ok
nasa,R-1,smap,point,ae,tuned,"{'w': 100, 'hidden': 32, 'latent': 8}",0.28239,0.33226,0.66672,1.0,1.78,5.71,0.0,7244,25,0.01118,ok
nasa,A-5,smap,point,chronos_small_resid,default,,0.08239,0.10768,0.75797,0.36667,0.65,,1738.6,4693,25,0.01087,ok
nasa,A-5,smap,point,chronos_small_quantile,default,,0.82118,0.60577,0.99927,0.8125,0.65,,1738.6,4693,25,0.01087,ok
nasa,A-5,smap,point,chronos_base_resid,default,,0.08026,0.10242,0.75837,0.28571,0.65,,1970.5,4693,25,0.01087,ok
nasa,A-5,smap,point,chronos_base_quantile,default,,0.82118,0.60558,0.99927,0.83333,0.65,,1970.5,4693,25,0.01087,ok
nasa,A-5,smap,point,timesfm_resid,default,,0.11488,0.14002,0.73056,0.22222,14.76,,2046.7,4693,25,0.01087,ok
nasa,A-5,smap,point,timesfm_quantile,default,,0.75981,0.66176,0.9763,1.0,14.76,,2046.7,4693,25,0.01087,ok
nasa,A-5,smap,point,tirex_resid,default,,0.217,0.23068,0.73065,0.28571,20.04,,2033.8,4693,25,0.01087,ok
nasa,A-5,smap,point,tirex_quantile,default,,0.84268,0.68114,0.99913,1.0,20.04,,2033.8,4693,25,0.01087,ok
nasa,A-5,smap,point,iforest,default,,0.0135,0.02471,0.74847,1.0,1.23,,1594.1,4693,25,0.01087,ok
nasa,A-5,smap,point,lof,default,,0.01134,0.01702,0.68183,1.0,0.24,,1594.1,4693,25,0.01087,ok
nasa,A-5,smap,point,knn,default,,0.01376,0.02709,0.97462,1.0,0.18,,1594.1,4693,25,0.01087,ok
nasa,A-5,smap,point,ae,default,,0.0135,0.03216,0.97601,1.0,0.94,,1732.0,4693,25,0.01087,ok
nasa,A-6,smap,point,chronos_small_resid,default,,0.00926,0.01272,0.65129,0.00896,0.83,,1738.6,4453,25,0.00921,ok
nasa,A-6,smap,point,chronos_small_quantile,default,,0.5653,0.40198,0.99896,0.75,0.83,,1738.6,4453,25,0.00921,ok
nasa,A-6,smap,point,chronos_base_resid,default,,0.00893,0.01237,0.65202,0.00477,1.07,,1970.5,4453,25,0.00921,ok
nasa,A-6,smap,point,chronos_base_quantile,default,,0.56532,0.40197,0.99896,0.75,1.07,,1970.5,4453,25,0.00921,ok
nasa,A-6,smap,point,timesfm_resid,default,,0.04764,0.06041,0.71934,0.53846,15.28,,2046.7,4453,25,0.00921,ok
nasa,A-6,smap,point,timesfm_quantile,default,,0.57119,0.41457,0.99896,1.0,15.28,,2046.7,4453,25,0.00921,ok
nasa,A-6,smap,point,tirex_resid,default,,0.02121,0.02504,0.65896,0.01832,19.42,,2033.8,4453,25,0.00921,ok
nasa,A-6,smap,point,tirex_quantile,default,,0.24912,0.11957,0.99775,1.0,19.42,,2033.8,4453,25,0.00921,ok
nasa,A-6,smap,point,iforest,default,,0.00751,0.01311,0.9653,0.75,1.2,,1594.1,4453,25,0.00921,ok
nasa,A-6,smap,point,lof,default,,0.96858,0.90097,0.99943,1.0,0.22,,1594.1,4453,25,0.00921,ok
nasa,A-6,smap,point,knn,default,,0.99041,0.91986,0.99973,1.0,0.18,,1594.1,4453,25,0.00921,ok
nasa,A-6,smap,point,ae,default,,0.99882,0.94594,0.99987,1.0,0.66,,1729.9,4453,25,0.00921,ok
nasa,A-7,smap,contextual,chronos_small_resid,default,,0.2496,0.25746,0.68043,0.01066,1.03,,1738.6,8631,25,0.27818,ok
nasa,A-7,smap,contextual,chronos_small_quantile,default,,0.23361,0.24115,0.7002,1.0,1.03,,1738.6,8631,25,0.27818,ok
nasa,A-7,smap,contextual,chronos_base_resid,default,,0.24311,0.25096,0.67179,0.00618,1.75,,1970.5,8631,25,0.27818,ok
nasa,A-7,smap,contextual,chronos_base_quantile,default,,0.24228,0.24997,0.7002,1.0,1.75,,1970.5,8631,25,0.27818,ok
nasa,A-7,smap,contextual,timesfm_resid,default,,0.16399,0.17078,0.49575,0.00847,30.59,,2046.7,8631,25,0.27818,ok
nasa,A-7,smap,contextual,timesfm_quantile,default,,0.27214,0.27931,0.7002,1.0,30.59,,2046.7,8631,25,0.27818,ok
nasa,A-7,smap,contextual,tirex_resid,default,,0.21587,0.22279,0.62449,0.0066,36.6,,2033.8,8631,25,0.27818,ok
nasa,A-7,smap,contextual,tirex_quantile,default,,0.27586,0.28369,0.71789,1.0,36.6,,2033.8,8631,25,0.27818,ok
nasa,A-7,smap,contextual,iforest,default,,0.15709,0.16537,0.52356,0.04167,1.66,,1594.1,8631,25,0.27818,ok
nasa,A-7,smap,contextual,iforest,tuned,"{'w': 50, 'n_estimators': 200}",0.16637,0.17471,0.58831,0.02632,2.16,5.86,0.0,8631,25,0.27818,ok
nasa,A-7,smap,contextual,lof,default,,0.28753,0.29584,0.65574,0.15855,0.74,,1594.1,8631,25,0.27818,ok
nasa,A-7,smap,contextual,lof,tuned,"{'w': 200, 'k': 10}",0.23853,0.24578,0.52077,0.33333,0.9,1.83,0.0,8631,25,0.27818,ok
nasa,A-7,smap,contextual,knn,default,,0.48222,0.4925,0.84571,0.25,0.57,,1594.1,8631,25,0.27818,ok
nasa,A-7,smap,contextual,knn,tuned,"{'w': 50, 'k': 3}",0.77888,0.79131,0.95722,0.51667,1.53,1.9,0.0,8631,25,0.27818,ok
nasa,A-7,smap,contextual,ae,default,,0.15924,0.16744,0.50469,0.05,2.04,,1775.2,8631,25,0.27818,ok
nasa,A-7,smap,contextual,ae,tuned,"{'w': 50, 'hidden': 64, 'latent': 8}",0.2877,0.29435,0.68016,0.07833,3.24,7.5,0.0,8631,25,0.27818,ok
nasa,D-13,smap,point,chronos_small_resid,default,,0.01591,0.02377,0.573,0.0059,1.0,,1738.6,7663,25,0.02101,ok
nasa,D-13,smap,point,chronos_small_quantile,default,,0.02101,0.03152,0.66686,1.0,1.0,,1738.6,7663,25,0.02101,ok
nasa,D-13,smap,point,chronos_base_resid,default,,0.01583,0.02373,0.57153,0.00593,1.57,,1970.5,7663,25,0.02101,ok
nasa,D-13,smap,point,chronos_base_quantile,default,,0.02101,0.03152,0.66686,1.0,1.57,,1970.5,7663,25,0.02101,ok
nasa,D-13,smap,point,timesfm_resid,default,,0.02101,0.03152,0.66686,1.0,26.27,,2046.7,7663,25,0.02101,ok
nasa,D-13,smap,point,timesfm_quantile,default,,0.02101,0.03152,0.66686,1.0,26.27,,2046.7,7663,25,0.02101,ok
nasa,D-13,smap,point,tirex_resid,default,,0.01542,0.02359,0.57172,0.00611,28.48,,2033.8,7663,25,0.02101,ok
nasa,D-13,smap,point,tirex_quantile,default,,0.01988,0.03072,0.66686,1.0,28.48,,2033.8,7663,25,0.02101,ok
nasa,D-13,smap,point,iforest,default,,0.02101,0.03152,0.66686,1.0,1.13,,1594.1,7663,25,0.02101,ok
nasa,D-13,smap,point,lof,default,,0.02808,0.04351,0.80544,0.91667,0.42,,1594.1,7663,25,0.02101,ok
nasa,D-13,smap,point,knn,default,,0.02808,0.04352,0.80544,0.91667,0.34,,1594.1,7663,25,0.02101,ok
nasa,D-13,smap,point,ae,default,,0.02826,0.04388,0.80522,0.91667,1.2,,1762.7,7663,25,0.02101,ok
nasa,P-2,smap,point,chronos_small_resid,default,,0.10279,0.11296,0.60341,0.01334,0.96,,1738.6,8209,25,0.14935,ok
nasa,P-2,smap,point,chronos_small_quantile,default,,0.12686,0.13824,0.59591,0.00864,0.96,,1738.6,8209,25,0.14935,ok
nasa,P-2,smap,point,chronos_base_resid,default,,0.10377,0.11431,0.6221,0.01338,1.74,,1970.5,8209,25,0.14935,ok
nasa,P-2,smap,point,chronos_base_quantile,default,,0.12898,0.14081,0.67651,1.0,1.74,,1970.5,8209,25,0.14935,ok
nasa,P-2,smap,point,timesfm_resid,default,,0.10797,0.11944,0.6177,0.01282,27.39,,2046.7,8209,25,0.14935,ok
nasa,P-2,smap,point,timesfm_quantile,default,,0.137,0.14967,0.67651,1.0,27.39,,2046.7,8209,25,0.14935,ok
nasa,P-2,smap,point,tirex_resid,default,,0.10217,0.11276,0.56062,0.01391,33.36,,2033.8,8209,25,0.14935,ok
nasa,P-2,smap,point,tirex_quantile,default,,0.13333,0.14579,0.67674,0.01532,33.36,,2033.8,8209,25,0.14935,ok
nasa,P-2,smap,point,iforest,default,,0.29852,0.3294,0.93873,0.31066,1.94,,1594.1,8209,25,0.14935,ok
nasa,P-2,smap,point,iforest,tuned,"{'w': 50, 'n_estimators': 200}",0.24428,0.28173,0.93684,0.26429,2.3,6.22,0.0,8209,25,0.14935,ok
nasa,P-2,smap,point,lof,default,,0.22043,0.24776,0.93975,0.25,0.58,,1594.1,8209,25,0.14935,ok
nasa,P-2,smap,point,lof,tuned,"{'w': 200, 'k': 10}",0.22712,0.25329,0.93476,0.32143,1.07,2.67,0.0,8209,25,0.14935,ok
nasa,P-2,smap,point,knn,default,,0.21231,0.24348,0.93931,0.25,0.46,,1594.1,8209,25,0.14935,ok
nasa,P-2,smap,point,knn,tuned,"{'w': 200, 'k': 1}",0.23115,0.25853,0.93148,0.25,0.66,1.91,0.0,8209,25,0.14935,ok
nasa,P-2,smap,point,ae,default,,0.35977,0.36183,0.94591,0.4375,2.08,,1770.8,8209,25,0.14935,ok
nasa,P-2,smap,point,ae,tuned,"{'w': 50, 'hidden': 32, 'latent': 16}",0.519,0.52013,0.94158,0.46429,3.62,8.33,0.0,8209,25,0.14935,ok
nasa,A-8,smap,contextual,chronos_small_resid,default,,0.36082,0.36902,0.6882,0.02204,1.59,,1738.6,8375,25,0.45445,ok
nasa,A-8,smap,contextual,chronos_small_quantile,default,,0.44114,0.4469,0.75254,1.0,1.59,,1738.6,8375,25,0.45445,ok
nasa,A-8,smap,contextual,chronos_base_resid,default,,0.36865,0.37726,0.69834,0.02204,2.28,,1970.5,8375,25,0.45445,ok
nasa,A-8,smap,contextual,chronos_base_quantile,default,,0.46159,0.46803,0.80559,1.0,2.28,,1970.5,8375,25,0.45445,ok
nasa,A-8,smap,contextual,timesfm_resid,default,,0.3903,0.39853,0.72126,0.02238,32.58,,2046.7,8375,25,0.45445,ok
nasa,A-8,smap,contextual,timesfm_quantile,default,,0.46794,0.47453,0.80549,1.0,32.58,,2046.7,8375,25,0.45445,ok
nasa,A-8,smap,contextual,tirex_resid,default,,0.39415,0.40176,0.72191,0.02226,42.74,,2033.8,8375,25,0.45445,ok
nasa,A-8,smap,contextual,tirex_quantile,default,,0.44639,0.4531,0.74709,0.02236,42.74,,2033.8,8375,25,0.45445,ok
nasa,A-8,smap,contextual,iforest,default,,0.3613,0.36974,0.62782,0.20833,1.87,,1594.1,8375,25,0.45445,ok
nasa,A-8,smap,contextual,lof,default,,0.27603,0.28313,0.44194,0.16667,0.37,,1594.1,8375,25,0.45445,ok
nasa,A-8,smap,contextual,knn,default,,0.27603,0.28313,0.44194,0.16667,0.3,,1594.1,8375,25,0.45445,ok
nasa,A-8,smap,contextual,ae,default,,0.53694,0.54152,0.83373,0.5,1.45,,1768.6,8375,25,0.45445,ok
nasa,A-9,smap,contextual,chronos_small_resid,default,,0.32584,0.33325,0.62425,0.10806,1.43,,1738.6,8434,25,0.45826,ok
nasa,A-9,smap,contextual,chronos_small_quantile,default,,0.41058,0.41781,0.7539,1.0,1.43,,1738.6,8434,25,0.45826,ok
nasa,A-9,smap,contextual,chronos_base_resid,default,,0.33474,0.34244,0.63051,0.1098,2.14,,1970.5,8434,25,0.45826,ok
nasa,A-9,smap,contextual,chronos_base_quantile,default,,0.4382,0.44859,0.7539,1.0,2.14,,1970.5,8434,25,0.45826,ok
nasa,A-9,smap,contextual,timesfm_resid,default,,0.35396,0.36187,0.66622,0.01297,30.3,,2046.7,8434,25,0.45826,ok
nasa,A-9,smap,contextual,timesfm_quantile,default,,0.4318,0.44098,0.7539,1.0,30.3,,2046.7,8434,25,0.45826,ok
nasa,A-9,smap,contextual,tirex_resid,default,,0.34811,0.35609,0.65548,0.04314,43.68,,2033.8,8434,25,0.45826,ok
nasa,A-9,smap,contextual,tirex_quantile,default,,0.44496,0.45179,0.7422,0.00691,43.68,,2033.8,8434,25,0.45826,ok
nasa,A-9,smap,contextual,iforest,default,,0.27574,0.2825,0.35987,0.0,1.7,,1594.1,8434,25,0.45826,ok
nasa,A-9,smap,contextual,lof,default,,0.53997,0.54657,0.83266,0.5,0.37,,1594.1,8434,25,0.45826,ok
nasa,A-9,smap,contextual,knn,default,,0.53974,0.54644,0.8329,0.5,0.3,,1594.1,8434,25,0.45826,ok
nasa,A-9,smap,contextual,ae,default,,0.53967,0.54638,0.83251,0.5,1.26,,1769.7,8434,25,0.45826,ok
nasa,F-3,smap,contextual,chronos_small_resid,default,,0.05754,0.03901,0.75253,0.02053,1.35,,1738.6,8376,25,0.00489,ok
nasa,F-3,smap,contextual,chronos_small_quantile,default,,0.01558,0.01613,0.63232,0.00965,1.35,,1738.6,8376,25,0.00489,ok
nasa,F-3,smap,contextual,chronos_base_resid,default,,0.02059,0.02094,0.71555,0.01352,2.26,,1970.5,8376,25,0.00489,ok
nasa,F-3,smap,contextual,chronos_base_quantile,default,,0.01758,0.01778,0.66668,1.0,2.26,,1970.5,8376,25,0.00489,ok
nasa,F-3,smap,contextual,timesfm_resid,default,,0.01919,0.01974,0.61846,0.01317,34.65,,2046.7,8376,25,0.00489,ok
nasa,F-3,smap,contextual,timesfm_quantile,default,,0.02046,0.02085,0.66668,1.0,34.65,,2046.7,8376,25,0.00489,ok
nasa,F-3,smap,contextual,tirex_resid,default,,0.0392,0.03323,0.61904,0.02249,39.04,,2033.8,8376,25,0.00489,ok
nasa,F-3,smap,contextual,tirex_quantile,default,,0.01195,0.0131,0.65925,0.00408,39.04,,2033.8,8376,25,0.00489,ok
nasa,F-3,smap,contextual,iforest,default,,0.02377,0.03308,0.54658,0.2881,1.37,,1594.1,8376,25,0.00489,ok
nasa,F-3,smap,contextual,iforest,tuned,"{'w': 50, 'n_estimators': 100}",0.2365,0.15824,0.64211,0.35795,1.45,4.98,0.0,8376,25,0.00489,ok
nasa,F-3,smap,contextual,lof,default,,0.88789,0.75463,0.99902,1.0,0.69,,1594.1,8376,25,0.00489,ok
nasa,F-3,smap,contextual,lof,tuned,"{'w': 200, 'k': 10}",0.19995,0.28808,0.99348,1.0,0.85,2.53,0.0,8376,25,0.00489,ok
nasa,F-3,smap,contextual,knn,default,,0.89694,0.70525,0.99902,1.0,0.53,,1594.1,8376,25,0.00489,ok
nasa,F-3,smap,contextual,knn,tuned,"{'w': 50, 'k': 3}",0.99827,0.82538,0.99901,1.0,1.42,1.72,0.0,8376,25,0.00489,ok
nasa,F-3,smap,contextual,ae,default,,1.0,0.86827,0.99901,1.0,1.71,,1772.0,8376,25,0.00489,ok
nasa,F-3,smap,contextual,ae,tuned,"{'w': 50, 'hidden': 32, 'latent': 16}",0.99942,0.89553,0.99901,1.0,2.49,6.96,0.0,8376,25,0.00489,ok
nasa,M-6,msl,point,chronos_small_resid,default,,0.10135,0.13521,0.78239,0.04543,0.44,,1738.6,2049,55,0.08834,ok
nasa,M-6,msl,point,chronos_small_quantile,default,,0.07685,0.10169,0.6657,0.02434,0.44,,1738.6,2049,55,0.08834,ok
nasa,M-6,msl,point,chronos_base_resid,default,,0.09,0.12867,0.74178,0.04375,0.44,,1970.5,2049,55,0.08834,ok
nasa,M-6,msl,point,chronos_base_quantile,default,,0.08553,0.11231,0.65875,0.01891,0.44,,1970.5,2049,55,0.08834,ok
nasa,M-6,msl,point,timesfm_resid,default,,0.10598,0.15232,0.75451,0.04584,8.24,,2046.7,2049,55,0.08834,ok
nasa,M-6,msl,point,timesfm_quantile,default,,0.08511,0.11027,0.66165,0.04321,8.24,,2046.7,2049,55,0.08834,ok
nasa,M-6,msl,point,tirex_resid,default,,0.07731,0.10924,0.71266,0.01111,9.04,,2033.8,2049,55,0.08834,ok
nasa,M-6,msl,point,tirex_quantile,default,,0.08682,0.1147,0.77383,0.02964,9.04,,2033.8,2049,55,0.08834,ok
nasa,M-6,msl,point,iforest,default,,0.04586,0.06412,0.54996,0.0,1.07,,1594.1,2049,55,0.08834,ok
nasa,M-6,msl,point,lof,default,,0.9139,0.97102,0.99566,1.0,0.35,,1594.1,2049,55,0.08834,ok
nasa,M-6,msl,point,knn,default,,0.79309,0.94008,0.99566,1.0,0.19,,1594.1,2049,55,0.08834,ok
nasa,M-6,msl,point,ae,default,,0.87959,0.96163,0.99536,1.0,0.93,,1742.4,2049,55,0.08834,ok
nasa,M-1,msl,contextual,chronos_small_resid,default,,0.61292,0.63311,0.94486,0.25844,0.2,,1738.6,2277,55,0.5011,ok
nasa,M-1,msl,contextual,chronos_small_quantile,default,,0.52056,0.55028,0.86905,0.0696,0.2,,1738.6,2277,55,0.5011,ok
nasa,M-1,msl,contextual,chronos_base_resid,default,,0.63336,0.66645,0.90789,0.10914,0.57,,1970.5,2277,55,0.5011,ok
nasa,M-1,msl,contextual,chronos_base_quantile,default,,0.50989,0.54316,0.8487,0.05972,0.57,,1970.5,2277,55,0.5011,ok
nasa,M-1,msl,contextual,timesfm_resid,default,,0.45241,0.47343,0.83206,0.04672,8.6,,2046.7,2277,55,0.5011,ok
nasa,M-1,msl,contextual,timesfm_quantile,default,,0.49028,0.5205,0.80631,0.05388,8.6,,2046.7,2277,55,0.5011,ok
nasa,M-1,msl,contextual,tirex_resid,default,,0.5579,0.58505,0.84604,0.06462,12.04,,2033.8,2277,55,0.5011,ok
nasa,M-1,msl,contextual,tirex_quantile,default,,0.53067,0.55616,0.91829,0.06287,12.04,,2033.8,2277,55,0.5011,ok
nasa,M-1,msl,contextual,iforest,default,,0.32604,0.35585,0.54496,0.25,1.39,,1594.1,2277,55,0.5011,ok
nasa,M-1,msl,contextual,lof,default,,0.75535,0.77062,0.90827,0.475,0.49,,1594.1,2277,55,0.5011,ok
nasa,M-1,msl,contextual,knn,default,,0.75453,0.77931,0.93887,0.43333,0.3,,1594.1,2277,55,0.5011,ok
nasa,M-1,msl,contextual,ae,default,,0.54739,0.56422,0.88349,0.32143,1.42,,1764.0,2277,55,0.5011,ok
nasa,M-2,msl,contextual,chronos_small_resid,default,,0.60817,0.62856,0.90654,0.17494,0.56,,1738.6,2277,55,0.5011,ok
nasa,M-2,msl,contextual,chronos_small_quantile,default,,0.52523,0.55546,0.82906,0.05752,0.56,,1738.6,2277,55,0.5011,ok
nasa,M-2,msl,contextual,chronos_base_resid,default,,0.62601,0.65881,0.90789,0.09224,0.81,,1970.5,2277,55,0.5011,ok
nasa,M-2,msl,contextual,chronos_base_quantile,default,,0.51487,0.54862,0.82703,0.05764,0.81,,1970.5,2277,55,0.5011,ok
nasa,M-2,msl,contextual,timesfm_resid,default,,0.44924,0.47035,0.83513,0.05051,8.27,,2046.7,2277,55,0.5011,ok
nasa,M-2,msl,contextual,timesfm_quantile,default,,0.49211,0.5212,0.80393,0.0493,8.27,,2046.7,2277,55,0.5011,ok
nasa,M-2,msl,contextual,tirex_resid,default,,0.53455,0.56122,0.81262,0.05459,12.74,,2033.8,2277,55,0.5011,ok
nasa,M-2,msl,contextual,tirex_quantile,default,,0.52767,0.55417,0.91829,0.05746,12.74,,2033.8,2277,55,0.5011,ok
nasa,M-2,msl,contextual,iforest,default,,0.95221,0.96822,0.99357,1.0,1.42,,1594.1,2277,55,0.5011,ok
nasa,M-2,msl,contextual,lof,default,,0.7598,0.77766,0.91964,0.475,0.49,,1594.1,2277,55,0.5011,ok
nasa,M-2,msl,contextual,knn,default,,0.7579,0.78142,0.93877,0.45,0.27,,1594.1,2277,55,0.5011,ok
nasa,M-2,msl,contextual,ae,default,,0.66352,0.68165,0.96374,0.3381,1.43,,1764.0,2277,55,0.5011,ok
nasa,S-2,msl,point,chronos_small_resid,default,,0.01346,0.01551,0.71865,0.02366,0.48,,1738.6,1827,55,0.00602,ok
nasa,S-2,msl,point,chronos_small_quantile,default,,0.01005,0.01226,0.92255,0.01228,0.48,,1738.6,1827,55,0.00602,ok
nasa,S-2,msl,point,chronos_base_resid,default,,0.02941,0.02633,0.75795,0.04505,0.81,,1970.5,1827,55,0.00602,ok
nasa,S-2,msl,point,chronos_base_quantile,default,,0.00992,0.01272,0.68511,0.00991,0.81,,1970.5,1827,55,0.00602,ok
nasa,S-2,msl,point,timesfm_resid,default,,0.00589,0.00789,0.72791,0.00425,7.67,,2046.7,1827,55,0.00602,ok
nasa,S-2,msl,point,timesfm_quantile,default,,0.01107,0.01348,0.67118,0.01104,7.67,,2046.7,1827,55,0.00602,ok
nasa,S-2,msl,point,tirex_resid,default,,0.01136,0.01258,0.69406,0.0094,9.25,,2033.8,1827,55,0.00602,ok
nasa,S-2,msl,point,tirex_quantile,default,,0.01028,0.0125,0.66388,0.00914,9.25,,2033.8,1827,55,0.00602,ok
nasa,S-2,msl,point,iforest,default,,0.00857,0.01279,0.81144,0.23611,1.09,,1594.1,1827,55,0.00602,ok
nasa,S-2,msl,point,lof,default,,0.94129,0.83761,0.99898,1.0,0.22,,1594.1,1827,55,0.00602,ok
nasa,S-2,msl,point,knn,default,,0.98052,0.91455,0.99898,1.0,0.14,,1594.1,1827,55,0.00602,ok
nasa,S-2,msl,point,ae,default,,1.0,0.91785,0.9987,1.0,0.65,,1727.3,1827,55,0.00602,ok
nasa,P-10,msl,point,chronos_small_resid,default,,0.06765,0.07185,0.75909,0.02192,0.82,,1738.6,6100,55,0.02148,ok
nasa,P-10,msl,point,chronos_small_quantile,default,,0.0384,0.05097,0.75193,0.01138,0.82,,1738.6,6100,55,0.02148,ok
nasa,P-10,msl,point,chronos_base_resid,default,,0.06095,0.0698,0.76171,0.0206,1.33,,1970.5,6100,55,0.02148,ok
nasa,P-10,msl,point,chronos_base_quantile,default,,0.03715,0.04647,0.83116,1.0,1.33,,1970.5,6100,55,0.02148,ok
nasa,P-10,msl,point,timesfm_resid,default,,0.06789,0.07138,0.81685,0.0239,17.37,,2046.7,6100,55,0.02148,ok
nasa,P-10,msl,point,timesfm_quantile,default,,0.03508,0.04493,0.7672,1.0,17.37,,2046.7,6100,55,0.02148,ok
nasa,P-10,msl,point,tirex_resid,default,,0.05614,0.05848,0.71949,0.0219,24.78,,2033.8,6100,55,0.02148,ok
nasa,P-10,msl,point,tirex_quantile,default,,0.04068,0.05214,0.75679,0.01189,24.78,,2033.8,6100,55,0.02148,ok
nasa,P-10,msl,point,iforest,default,,0.04711,0.07303,0.87549,1.0,1.55,,1594.1,6100,55,0.02148,ok
nasa,P-10,msl,point,iforest,tuned,"{'w': 50, 'n_estimators': 200}",0.31322,0.25334,0.99473,1.0,1.6,5.22,0.0,6100,55,0.02148,ok
nasa,P-10,msl,point,lof,default,,0.76232,0.6587,0.99683,0.85,1.06,,1594.1,6100,55,0.02148,ok
nasa,P-10,msl,point,lof,tuned,"{'w': 50, 'k': 30}",0.77543,0.59666,0.99734,0.75,2.88,4.61,0.0,6100,55,0.02148,ok
nasa,P-10,msl,point,knn,default,,0.77456,0.66469,0.99683,0.875,0.85,,1594.1,6100,55,0.02148,ok
nasa,P-10,msl,point,knn,tuned,"{'w': 50, 'k': 3}",0.73903,0.56624,0.9972,0.7381,2.12,3.41,0.0,6100,55,0.02148,ok
nasa,P-10,msl,point,ae,default,,0.91878,0.81835,0.99835,1.0,2.34,,1939.3,6100,55,0.02148,ok
nasa,P-10,msl,point,ae,tuned,"{'w': 50, 'hidden': 32, 'latent': 16}",0.42876,0.33932,0.99359,0.65,4.77,12.96,0.0,6100,55,0.02148,ok
nasa,T-4,msl,point,chronos_small_resid,default,,0.06774,0.07962,0.96388,0.04952,0.65,,1738.6,2217,55,0.03112,ok
nasa,T-4,msl,point,chronos_small_quantile,default,,0.03538,0.04593,0.80406,0.04103,0.65,,1738.6,2217,55,0.03112,ok
nasa,T-4,msl,point,chronos_base_resid,default,,0.04037,0.04409,0.97221,0.04088,0.7,,1970.5,2217,55,0.03112,ok
nasa,T-4,msl,point,chronos_base_quantile,default,,0.03914,0.05334,0.68767,0.04125,0.7,,1970.5,2217,55,0.03112,ok
nasa,T-4,msl,point,timesfm_resid,default,,0.08484,0.08376,0.99079,0.05673,9.73,,2046.7,2217,55,0.03112,ok
nasa,T-4,msl,point,timesfm_quantile,default,,0.03404,0.04661,0.72821,0.04166,9.73,,2046.7,2217,55,0.03112,ok
nasa,T-4,msl,point,tirex_resid,default,,0.0764,0.07337,0.9927,0.05098,12.54,,2033.8,2217,55,0.03112,ok
nasa,T-4,msl,point,tirex_quantile,default,,0.02922,0.04232,0.67742,0.04314,12.54,,2033.8,2217,55,0.03112,ok
nasa,T-4,msl,point,iforest,default,,0.01892,0.02859,0.47792,0.0,1.42,,1594.1,2217,55,0.03112,ok
nasa,T-4,msl,point,lof,default,,0.02004,0.02986,0.49812,0.0,0.52,,1594.1,2217,55,0.03112,ok
nasa,T-4,msl,point,knn,default,,0.01878,0.02826,0.48933,0.0,0.29,,1594.1,2217,55,0.03112,ok
nasa,T-4,msl,point,ae,default,,0.0268,0.03958,0.6947,0.0,1.42,,1759.9,2217,55,0.03112,ok
nasa,T-5,msl,point,chronos_small_resid,default,,0.01308,0.01684,0.67875,0.00715,0.43,,1738.6,2218,55,0.01172,ok
nasa,T-5,msl,point,chronos_small_quantile,default,,0.01825,0.02271,0.80151,0.01709,0.43,,1738.6,2218,55,0.01172,ok
nasa,T-5,msl,point,chronos_base_resid,default,,0.02207,0.02725,0.65459,0.02631,0.87,,1970.5,2218,55,0.01172,ok
nasa,T-5,msl,point,chronos_base_quantile,default,,0.01604,0.02288,0.67624,0.01696,0.87,,1970.5,2218,55,0.01172,ok
nasa,T-5,msl,point,timesfm_resid,default,,0.00902,0.0128,0.86113,0.0034,8.43,,2046.7,2218,55,0.01172,ok
nasa,T-5,msl,point,timesfm_quantile,default,,0.01482,0.02041,0.72419,1.0,8.43,,2046.7,2218,55,0.01172,ok
nasa,T-5,msl,point,tirex_resid,default,,0.01411,0.01768,0.64942,0.0104,11.07,,2033.8,2218,55,0.01172,ok
nasa,T-5,msl,point,tirex_quantile,default,,0.01628,0.02063,0.66503,0.01794,11.07,,2033.8,2218,55,0.01172,ok
nasa,T-5,msl,point,iforest,default,,0.00835,0.01218,0.4892,0.0,1.2,,1594.1,2218,55,0.01172,ok
nasa,T-5,msl,point,lof,default,,0.96818,0.93402,0.99969,1.0,0.2,,1594.1,2218,55,0.01172,ok
nasa,T-5,msl,point,knn,default,,0.9645,0.92361,0.99969,1.0,0.28,,1594.1,2218,55,0.01172,ok
nasa,T-5,msl,point,ae,default,,0.99163,0.95272,0.99977,1.0,1.25,,1759.9,2218,55,0.01172,ok
nasa,F-7,msl,contextual,chronos_small_resid,default,,0.08081,0.12615,0.69177,0.02362,0.84,,1738.6,5054,55,0.0837,ok
nasa,F-7,msl,contextual,chronos_small_quantile,default,,0.09844,0.14721,0.71404,0.02332,0.84,,1738.6,5054,55,0.0837,ok
nasa,F-7,msl,contextual,chronos_base_resid,default,,0.06294,0.0959,0.66882,0.0127,1.33,,1970.5,5054,55,0.0837,ok
nasa,F-7,msl,contextual,chronos_base_quantile,default,,0.09561,0.13399,0.72673,0.01375,1.33,,1970.5,5054,55,0.0837,ok
nasa,F-7,msl,contextual,timesfm_resid,default,,0.05458,0.09073,0.6675,0.00532,17.78,,2046.7,5054,55,0.0837,ok
nasa,F-7,msl,contextual,timesfm_quantile,default,,0.09318,0.13277,0.73103,1.0,17.78,,2046.7,5054,55,0.0837,ok
nasa,F-7,msl,contextual,tirex_resid,default,,0.06054,0.09539,0.68201,0.00869,25.27,,2033.8,5054,55,0.0837,ok
nasa,F-7,msl,contextual,tirex_quantile,default,,0.07514,0.11864,0.68857,0.00771,25.27,,2033.8,5054,55,0.0837,ok
nasa,F-7,msl,contextual,iforest,default,,0.17232,0.23756,0.87862,0.43413,1.86,,1594.1,5054,55,0.0837,ok
nasa,F-7,msl,contextual,lof,default,,0.04943,0.08677,0.7355,0.06066,0.72,,1594.1,5054,55,0.0837,ok
nasa,F-7,msl,contextual,knn,default,,0.04881,0.0859,0.73519,0.06066,0.51,,1594.1,5054,55,0.0837,ok
nasa,F-7,msl,contextual,ae,default,,0.05509,0.10688,0.74427,0.14545,2.16,,1911.9,5054,55,0.0837,ok
nasa,M-3,msl,contextual,chronos_small_resid,default,,0.11569,0.15604,0.6866,0.05182,0.51,,1738.6,2127,55,0.11801,ok
nasa,M-3,msl,contextual,chronos_small_quantile,default,,0.09917,0.14371,0.68555,0.0234,0.51,,1738.6,2127,55,0.11801,ok
nasa,M-3,msl,contextual,chronos_base_resid,default,,0.14584,0.18284,0.71385,0.05449,0.68,,1970.5,2127,55,0.11801,ok
nasa,M-3,msl,contextual,chronos_base_quantile,default,,0.10882,0.15339,0.71122,0.04708,0.68,,1970.5,2127,55,0.11801,ok
nasa,M-3,msl,contextual,timesfm_resid,default,,0.14269,0.19504,0.7069,0.05495,10.07,,2046.7,2127,55,0.11801,ok
nasa,M-3,msl,contextual,timesfm_quantile,default,,0.10452,0.14833,0.75291,0.04328,10.07,,2046.7,2127,55,0.11801,ok
nasa,M-3,msl,contextual,tirex_resid,default,,0.14238,0.18176,0.8284,0.04699,12.33,,2033.8,2127,55,0.11801,ok
nasa,M-3,msl,contextual,tirex_quantile,default,,0.11692,0.16133,0.68247,0.04944,12.33,,2033.8,2127,55,0.11801,ok
nasa,M-3,msl,contextual,iforest,default,,0.20056,0.28048,0.85011,0.33333,1.4,,1594.1,2127,55,0.11801,ok
nasa,M-3,msl,contextual,lof,default,,0.07103,0.10689,0.68077,0.17143,0.43,,1594.1,2127,55,0.11801,ok
nasa,M-3,msl,contextual,knn,default,,0.07013,0.10619,0.67979,0.1,0.24,,1594.1,2127,55,0.11801,ok
nasa,M-3,msl,contextual,ae,default,,0.12955,0.19622,0.74855,0.3,0.74,,1752.4,2127,55,0.11801,ok
nasa,M-4,msl,contextual,chronos_small_resid,default,,0.10018,0.13934,0.66886,0.0142,0.27,,1738.6,2038,55,0.12316,ok
nasa,M-4,msl,contextual,chronos_small_quantile,default,,0.11856,0.15613,0.70046,0.04727,0.27,,1738.6,2038,55,0.12316,ok
nasa,M-4,msl,contextual,chronos_base_resid,default,,0.11263,0.16061,0.85941,0.04761,0.93,,1970.5,2038,55,0.12316,ok
nasa,M-4,msl,contextual,chronos_base_quantile,default,,0.11434,0.15468,0.72557,0.04707,0.93,,1970.5,2038,55,0.12316,ok
nasa,M-4,msl,contextual,timesfm_resid,default,,0.10127,0.14809,0.71489,0.02464,7.01,,2046.7,2038,55,0.12316,ok
nasa,M-4,msl,contextual,timesfm_quantile,default,,0.11481,0.15649,0.70342,0.04474,7.01,,2046.7,2038,55,0.12316,ok
nasa,M-4,msl,contextual,tirex_resid,default,,0.11534,0.1675,0.84077,0.04413,12.54,,2033.8,2038,55,0.12316,ok
nasa,M-4,msl,contextual,tirex_quantile,default,,0.1261,0.16946,0.68337,0.04955,12.54,,2033.8,2038,55,0.12316,ok
nasa,M-4,msl,contextual,iforest,default,,0.25691,0.26771,0.7673,0.41667,1.29,,1594.1,2038,55,0.12316,ok
nasa,M-4,msl,contextual,lof,default,,0.06647,0.09969,0.66159,0.0,0.46,,1594.1,2038,55,0.12316,ok
nasa,M-4,msl,contextual,knn,default,,0.06648,0.09935,0.65773,0.0,0.26,,1594.1,2038,55,0.12316,ok
nasa,M-4,msl,contextual,ae,default,,0.10404,0.18599,0.74221,0.375,1.28,,1746.4,2038,55,0.12316,ok
nasa,M-5,msl,contextual,chronos_small_resid,default,,0.11621,0.1496,0.68555,0.04054,0.57,,1738.6,2303,55,0.1307,ok
nasa,M-5,msl,contextual,chronos_small_quantile,default,,0.12493,0.16393,0.76402,0.05155,0.57,,1738.6,2303,55,0.1307,ok
nasa,M-5,msl,contextual,chronos_base_resid,default,,0.14674,0.17925,0.91144,0.04583,0.87,,1970.5,2303,55,0.1307,ok
nasa,M-5,msl,contextual,chronos_base_quantile,default,,0.12251,0.16133,0.81497,0.05152,0.87,,1970.5,2303,55,0.1307,ok
nasa,M-5,msl,contextual,timesfm_resid,default,,0.1513,0.18245,0.75627,0.06679,10.05,,2046.7,2303,55,0.1307,ok
nasa,M-5,msl,contextual,timesfm_quantile,default,,0.14178,0.18369,0.7972,0.06579,10.05,,2046.7,2303,55,0.1307,ok
nasa,M-5,msl,contextual,tirex_resid,default,,0.1747,0.22846,0.77271,0.05078,13.07,,2033.8,2303,55,0.1307,ok
nasa,M-5,msl,contextual,tirex_quantile,default,,0.12922,0.16769,0.78849,0.0434,13.07,,2033.8,2303,55,0.1307,ok
nasa,M-5,msl,contextual,iforest,default,,0.1262,0.16937,0.71426,0.375,0.57,,1594.1,2303,55,0.1307,ok
nasa,M-5,msl,contextual,lof,default,,0.12507,0.16557,0.71584,0.33333,0.51,,1594.1,2303,55,0.1307,ok
nasa,M-5,msl,contextual,knn,default,,0.12913,0.17149,0.71636,0.35,0.26,,1594.1,2303,55,0.1307,ok
nasa,M-5,msl,contextual,ae,default,,0.14403,0.18447,0.71659,0.22917,1.3,,1764.4,2303,55,0.1307,ok
nasa,P-15,msl,point,chronos_small_resid,default,,0.00684,0.00927,0.71494,0.00381,0.7,,1738.6,2856,55,0.00735,ok
nasa,P-15,msl,point,chronos_small_quantile,default,,0.02343,0.03043,0.688,0.01152,0.7,,1738.6,2856,55,0.00735,ok
nasa,P-15,msl,point,chronos_base_resid,default,,0.00471,0.00697,0.68479,0.00207,0.98,,1970.5,2856,55,0.00735,ok
nasa,P-15,msl,point,chronos_base_quantile,default,,0.01954,0.02694,0.8645,1.0,0.98,,1970.5,2856,55,0.00735,ok
nasa,P-15,msl,point,timesfm_resid,default,,0.00442,0.00677,0.71355,0.00202,12.51,,2046.7,2856,55,0.00735,ok
nasa,P-15,msl,point,timesfm_quantile,default,,0.02066,0.02687,0.66669,1.0,12.51,,2046.7,2856,55,0.00735,ok
nasa,P-15,msl,point,tirex_resid,default,,0.00717,0.0096,0.70107,0.00722,18.09,,2033.8,2856,55,0.00735,ok
nasa,P-15,msl,point,tirex_quantile,default,,0.0196,0.02073,0.67044,0.01076,18.09,,2033.8,2856,55,0.00735,ok
nasa,P-15,msl,point,iforest,default,,0.00487,0.00706,0.73641,0.0,1.29,,1594.1,2856,55,0.00735,ok
nasa,P-15,msl,point,iforest,tuned,"{'w': 50, 'n_estimators': 200}",0.00522,0.00757,0.67706,0.0,1.59,7.67,0.0,2856,55,0.00735,ok
nasa,P-15,msl,point,lof,default,,0.00427,0.00795,0.79132,0.0,0.81,,1594.1,2856,55,0.00735,ok
nasa,P-15,msl,point,lof,tuned,"{'w': 100, 'k': 50}",0.00427,0.00795,0.79132,0.0,1.13,4.64,0.0,2856,55,0.00735,ok
nasa,P-15,msl,point,knn,default,,0.00427,0.00795,0.84244,0.0,0.48,,1594.1,2856,55,0.00735,ok
nasa,P-15,msl,point,knn,tuned,"{'w': 50, 'k': 3}",0.00451,0.00873,0.83471,0.0,0.99,3.21,0.0,2856,55,0.00735,ok
nasa,P-15,msl,point,ae,default,,0.00781,0.01375,0.56135,0.22222,1.52,,1810.1,2856,55,0.00735,ok
nasa,P-15,msl,point,ae,tuned,"{'w': 50, 'hidden': 32, 'latent': 16}",0.09556,0.16871,0.72934,0.66667,3.98,10.72,0.0,2856,55,0.00735,ok
nasa,C-1,msl,mixed,chronos_small_resid,default,,0.19871,0.27559,0.81414,0.0509,0.58,,1738.6,2264,55,0.13781,ok
nasa,C-1,msl,mixed,chronos_small_quantile,default,,0.13449,0.20113,0.69128,0.03094,0.58,,1738.6,2264,55,0.13781,ok
nasa,C-1,msl,mixed,chronos_base_resid,default,,0.18653,0.25871,0.81945,0.05654,0.89,,1970.5,2264,55,0.13781,ok
nasa,C-1,msl,mixed,chronos_base_quantile,default,,0.12188,0.18317,0.67862,0.0322,0.89,,1970.5,2264,55,0.13781,ok
nasa,C-1,msl,mixed,timesfm_resid,default,,0.17076,0.25023,0.85833,0.05587,9.8,,2046.7,2264,55,0.13781,ok
nasa,C-1,msl,mixed,timesfm_quantile,default,,0.13438,0.19996,0.68135,0.04384,9.8,,2046.7,2264,55,0.13781,ok
nasa,C-1,msl,mixed,tirex_resid,default,,0.17356,0.25137,0.85579,0.0336,13.37,,2033.8,2264,55,0.13781,ok
nasa,C-1,msl,mixed,tirex_quantile,default,,0.12288,0.18986,0.69112,0.03181,13.37,,2033.8,2264,55,0.13781,ok
nasa,C-1,msl,mixed,iforest,default,,0.14844,0.22277,0.71747,0.66667,1.41,,1594.1,2264,55,0.13781,ok
nasa,C-1,msl,mixed,lof,default,,0.13505,0.19601,0.67587,0.40952,0.49,,1594.1,2264,55,0.13781,ok
nasa,C-1,msl,mixed,knn,default,,0.1383,0.20125,0.68072,0.51667,0.28,,1594.1,2264,55,0.13781,ok
nasa,C-1,msl,mixed,ae,default,,0.54216,0.53916,0.76588,0.61111,1.49,,1763.6,2264,55,0.13781,ok
nasa,C-2,msl,mixed,chronos_small_resid,default,,0.16326,0.22291,0.87166,0.1327,0.56,,1738.6,2051,55,0.0668,ok
nasa,C-2,msl,mixed,chronos_small_quantile,default,,0.05795,0.09056,0.64737,0.01704,0.56,,1738.6,2051,55,0.0668,ok
nasa,C-2,msl,mixed,chronos_base_resid,default,,0.17864,0.24147,0.84413,0.10551,0.81,,1970.5,2051,55,0.0668,ok
nasa,C-2,msl,mixed,chronos_base_quantile,default,,0.09214,0.12854,0.7124,0.03155,0.81,,1970.5,2051,55,0.0668,ok
nasa,C-2,msl,mixed,timesfm_resid,default,,0.09613,0.13831,0.7522,0.06258,9.38,,2046.7,2051,55,0.0668,ok
nasa,C-2,msl,mixed,timesfm_quantile,default,,0.06266,0.09689,0.74093,1.0,9.38,,2046.7,2051,55,0.0668,ok
nasa,C-2,msl,mixed,tirex_resid,default,,0.12907,0.19358,0.77712,0.07185,12.66,,2033.8,2051,55,0.0668,ok
nasa,C-2,msl,mixed,tirex_quantile,default,,0.05894,0.09401,0.66022,0.03721,12.66,,2033.8,2051,55,0.0668,ok
nasa,C-2,msl,mixed,iforest,default,,0.08048,0.12368,0.73549,0.53333,1.29,,1594.1,2051,55,0.0668,ok
nasa,C-2,msl,mixed,lof,default,,0.72973,0.68052,0.77125,0.66667,0.23,,1594.1,2051,55,0.0668,ok
nasa,C-2,msl,mixed,knn,default,,0.72937,0.68035,0.77304,0.66667,0.15,,1594.1,2051,55,0.0668,ok
nasa,C-2,msl,mixed,ae,default,,0.7351,0.68261,0.77372,0.66667,0.71,,1742.9,2051,55,0.0668,ok
nasa,T-12,msl,contextual,chronos_small_resid,default,,0.12768,0.15963,0.96281,0.06324,0.64,,1738.6,2430,55,0.04979,ok
nasa,T-12,msl,contextual,chronos_small_quantile,default,,0.10612,0.1383,0.69241,0.05125,0.64,,1738.6,2430,55,0.04979,ok
nasa,T-12,msl,contextual,chronos_base_resid,default,,0.1076,0.13911,0.97377,0.04872,0.89,,1970.5,2430,55,0.04979,ok
nasa,T-12,msl,contextual,chronos_base_quantile,default,,0.12013,0.14915,0.74841,1.0,0.89,,1970.5,2430,55,0.04979,ok
nasa,T-12,msl,contextual,timesfm_resid,default,,0.04821,0.07076,0.75116,0.01543,11.63,,2046.7,2430,55,0.04979,ok
nasa,T-12,msl,contextual,timesfm_quantile,default,,0.14099,0.15884,0.72166,1.0,11.63,,2046.7,2430,55,0.04979,ok
nasa,T-12,msl,contextual,tirex_resid,default,,0.09358,0.12939,0.93371,0.0576,12.7,,2033.8,2430,55,0.04979,ok
nasa,T-12,msl,contextual,tirex_quantile,default,,0.06923,0.09497,0.94888,0.04387,12.7,,2033.8,2430,55,0.04979,ok
nasa,T-12,msl,contextual,iforest,default,,0.07005,0.12541,0.91494,0.29762,1.31,,1594.1,2430,55,0.04979,ok
nasa,T-12,msl,contextual,lof,default,,0.23549,0.24277,0.73307,0.44643,0.3,,1594.1,2430,55,0.04979,ok
nasa,T-12,msl,contextual,knn,default,,0.23705,0.24157,0.73307,0.44643,0.2,,1594.1,2430,55,0.04979,ok
nasa,T-12,msl,contextual,ae,default,,0.82842,0.74074,0.99425,0.91667,0.92,,1770.8,2430,55,0.04979,ok
nasa,T-13,msl,contextual,chronos_small_resid,default,,0.18159,0.20443,0.78142,0.06854,0.62,,1738.6,2430,55,0.1037,ok
nasa,T-13,msl,contextual,chronos_small_quantile,default,,0.12086,0.15648,0.71435,0.09152,0.62,,1738.6,2430,55,0.1037,ok
nasa,T-13,msl,contextual,chronos_base_resid,default,,0.18734,0.22363,0.78334,0.05728,0.85,,1970.5,2430,55,0.1037,ok
nasa,T-13,msl,contextual,chronos_base_quantile,default,,0.15713,0.19386,0.9498,1.0,0.85,,1970.5,2430,55,0.1037,ok
nasa,T-13,msl,contextual,timesfm_resid,default,,0.13936,0.18784,0.75309,0.04835,9.83,,2046.7,2430,55,0.1037,ok
nasa,T-13,msl,contextual,timesfm_quantile,default,,0.17448,0.20498,0.76559,1.0,9.83,,2046.7,2430,55,0.1037,ok
nasa,T-13,msl,contextual,tirex_resid,default,,0.22186,0.23978,0.86389,0.08118,11.67,,2033.8,2430,55,0.1037,ok
nasa,T-13,msl,contextual,tirex_quantile,default,,0.13723,0.17097,0.67837,0.08638,11.67,,2033.8,2430,55,0.1037,ok
nasa,T-13,msl,contextual,iforest,default,,0.14001,0.17958,0.68694,0.5,1.33,,1594.1,2430,55,0.1037,ok
nasa,T-13,msl,contextual,lof,default,,0.64966,0.56367,0.92931,0.725,0.33,,1594.1,2430,55,0.1037,ok
nasa,T-13,msl,contextual,knn,default,,0.65242,0.56258,0.92931,0.725,0.17,,1594.1,2430,55,0.1037,ok
nasa,T-13,msl,contextual,ae,default,,0.65599,0.61969,0.97932,0.86667,0.92,,1770.8,2430,55,0.1037,ok
nasa,F-4,msl,point,chronos_small_resid,default,,0.03673,0.04618,0.67259,0.03117,0.8,,1738.6,3422,55,0.02075,ok
nasa,F-4,msl,point,chronos_small_quantile,default,,0.05093,0.05512,0.69573,0.0334,0.8,,1738.6,3422,55,0.02075,ok
nasa,F-4,msl,point,chronos_base_resid,default,,0.02669,0.03773,0.64837,0.01707,1.02,,1970.5,3422,55,0.02075,ok
nasa,F-4,msl,point,chronos_base_quantile,default,,0.04414,0.0495,0.70724,0.03554,1.02,,1970.5,3422,55,0.02075,ok
nasa,F-4,msl,point,timesfm_resid,default,,0.0181,0.02884,0.73776,0.00574,13.84,,2046.7,3422,55,0.02075,ok
nasa,F-4,msl,point,timesfm_quantile,default,,0.06372,0.06324,0.6969,1.0,13.84,,2046.7,3422,55,0.02075,ok
nasa,F-4,msl,point,tirex_resid,default,,0.02441,0.03362,0.66901,0.02052,19.41,,2033.8,3422,55,0.02075,ok
nasa,F-4,msl,point,tirex_quantile,default,,0.04559,0.05431,0.70212,0.03514,19.41,,2033.8,3422,55,0.02075,ok
nasa,F-4,msl,point,iforest,default,,0.09904,0.12196,0.8687,0.45833,1.52,,1594.1,3422,55,0.02075,ok
nasa,F-4,msl,point,lof,default,,0.03504,0.04525,0.65735,0.1697,0.55,,1594.1,3422,55,0.02075,ok
nasa,F-4,msl,point,knn,default,,0.03606,0.04714,0.65839,0.1697,0.33,,1594.1,3422,55,0.02075,ok
nasa,F-4,msl,point,ae,default,,0.0487,0.06554,0.61658,0.28571,1.64,,1839.8,3422,55,0.02075,ok
nasa,F-5,msl,point,chronos_small_resid,default,,0.0298,0.05077,0.65337,0.01046,0.76,,1738.6,3922,55,0.0385,ok
nasa,F-5,msl,point,chronos_small_quantile,default,,0.05819,0.0804,0.74919,0.02839,0.76,,1738.6,3922,55,0.0385,ok
nasa,F-5,msl,point,chronos_base_resid,default,,0.02911,0.04921,0.64343,0.02606,1.25,,1970.5,3922,55,0.0385,ok
nasa,F-5,msl,point,chronos_base_quantile,default,,0.05023,0.07645,0.70588,0.01144,1.25,,1970.5,3922,55,0.0385,ok
nasa,F-5,msl,point,timesfm_resid,default,,0.0365,0.06358,0.65568,0.01497,16.48,,2046.7,3922,55,0.0385,ok
nasa,F-5,msl,point,timesfm_quantile,default,,0.04969,0.07449,0.74143,1.0,16.48,,2046.7,3922,55,0.0385,ok
nasa,F-5,msl,point,tirex_resid,default,,0.03331,0.05123,0.65102,0.01436,15.03,,2033.8,3922,55,0.0385,ok
nasa,F-5,msl,point,tirex_quantile,default,,0.04404,0.06466,0.70009,0.00967,15.03,,2033.8,3922,55,0.0385,ok
nasa,F-5,msl,point,iforest,default,,0.99293,0.81508,0.99986,1.0,1.21,,1594.1,3922,55,0.0385,ok
nasa,F-5,msl,point,lof,default,,0.03759,0.05959,0.64259,0.08013,0.64,,1594.1,3922,55,0.0385,ok
nasa,F-5,msl,point,knn,default,,0.04048,0.06154,0.6425,0.11584,0.34,,1594.1,3922,55,0.0385,ok
nasa,F-5,msl,point,ae,default,,0.02824,0.04644,0.60035,0.11111,1.49,,1876.0,3922,55,0.0385,ok
nasa,D-14,msl,point,chronos_small_resid,default,,0.12515,0.22293,0.77896,0.05637,0.44,,1738.6,2625,55,0.08457,ok
nasa,D-14,msl,point,chronos_small_quantile,default,,0.08929,0.13739,0.71783,0.04376,0.44,,1738.6,2625,55,0.08457,ok
nasa,D-14,msl,point,chronos_base_resid,default,,0.09388,0.16688,0.70916,0.05352,0.73,,1970.5,2625,55,0.08457,ok
nasa,D-14,msl,point,chronos_base_quantile,default,,0.08432,0.13329,0.7395,0.02771,0.73,,1970.5,2625,55,0.08457,ok
nasa,D-14,msl,point,timesfm_resid,default,,0.09378,0.15864,0.73428,0.08519,9.21,,2046.7,2625,55,0.08457,ok
nasa,D-14,msl,point,timesfm_quantile,default,,0.11763,0.16546,0.83771,1.0,9.21,,2046.7,2625,55,0.08457,ok
nasa,D-14,msl,point,tirex_resid,default,,0.11708,0.18545,0.72675,0.03493,8.75,,2033.8,2625,55,0.08457,ok
nasa,D-14,msl,point,tirex_quantile,default,,0.08943,0.13195,0.69532,0.04074,8.75,,2033.8,2625,55,0.08457,ok
nasa,D-14,msl,point,iforest,default,,0.04515,0.07056,0.39083,0.0,1.36,,1594.1,2625,55,0.08457,ok
nasa,D-14,msl,point,iforest,tuned,"{'w': 50, 'n_estimators': 100}",0.04645,0.07206,0.40174,0.0,0.92,5.94,0.0,2625,55,0.08457,ok
nasa,D-14,msl,point,lof,default,,0.98263,0.85054,0.9877,1.0,0.71,,1594.1,2625,55,0.08457,ok
nasa,D-14,msl,point,lof,tuned,"{'w': 100, 'k': 50}",0.98263,0.85054,0.9877,1.0,1.16,4.36,0.0,2625,55,0.08457,ok
nasa,D-14,msl,point,knn,default,,0.98462,0.89114,0.98972,1.0,0.45,,1594.1,2625,55,0.08457,ok
nasa,D-14,msl,point,knn,tuned,"{'w': 50, 'k': 3}",0.9937,0.84402,0.99811,1.0,0.98,3.22,0.0,2625,55,0.08457,ok
nasa,D-14,msl,point,ae,default,,0.9737,0.95873,0.98038,1.0,1.8,,1794.3,2625,55,0.08457,ok
nasa,D-14,msl,point,ae,tuned,"{'w': 50, 'hidden': 64, 'latent': 8}",0.99295,0.93519,0.99499,1.0,3.52,9.52,0.0,2625,55,0.08457,ok
nasa,T-9,msl,point,chronos_small_resid,default,,0.50842,0.50568,0.95208,0.36667,0.44,,1717.3,1096,55,0.10219,ok
nasa,T-9,msl,point,chronos_small_quantile,default,,0.15653,0.22929,0.81195,0.14761,0.44,,1717.3,1096,55,0.10219,ok
nasa,T-9,msl,point,chronos_base_resid,default,,0.51444,0.51799,0.95208,0.36667,0.24,,1911.7,1096,55,0.10219,ok
nasa,T-9,msl,point,chronos_base_quantile,default,,0.19564,0.25022,0.79445,0.10815,0.24,,1911.7,1096,55,0.10219,ok
nasa,T-9,msl,point,timesfm_resid,default,,0.51987,0.51261,0.95208,0.36422,4.7,,2046.7,1096,55,0.10219,ok
nasa,T-9,msl,point,timesfm_quantile,default,,0.17231,0.23719,0.75311,0.1091,4.7,,2046.7,1096,55,0.10219,ok
nasa,T-9,msl,point,tirex_resid,default,,0.50445,0.4979,0.95208,0.365,4.88,,1966.1,1096,55,0.10219,ok
nasa,T-9,msl,point,tirex_quantile,default,,0.17453,0.21939,0.75826,0.11612,4.88,,1966.1,1096,55,0.10219,ok
nasa,T-9,msl,point,iforest,default,,0.06352,0.09354,0.39199,0.0,0.94,,1594.1,1096,55,0.10219,ok
nasa,T-9,msl,point,lof,default,,0.84927,0.84731,0.90003,1.0,0.13,,1594.1,1096,55,0.10219,ok
nasa,T-9,msl,point,knn,default,,0.84733,0.84449,0.89837,1.0,0.08,,1594.1,1096,55,0.10219,ok
nasa,T-9,msl,point,ae,default,,0.47769,0.63303,0.96849,1.0,0.42,,1675.2,1096,55,0.10219,ok
nasa,P-14,msl,point,chronos_small_resid,default,,0.03141,0.04643,0.70816,0.01744,0.84,,1738.6,6100,55,0.02967,ok
nasa,P-14,msl,point,chronos_small_quantile,default,,0.07431,0.08561,0.84185,0.02227,0.84,,1738.6,6100,55,0.02967,ok
nasa,P-14,msl,point,chronos_base_resid,default,,0.03046,0.04391,0.69908,0.0176,1.36,,1970.5,6100,55,0.02967,ok
nasa,P-14,msl,point,chronos_base_quantile,default,,0.07618,0.08333,0.80759,0.0224,1.36,,1970.5,6100,55,0.02967,ok
nasa,P-14,msl,point,timesfm_resid,default,,0.03634,0.0483,0.70782,0.01894,21.13,,2046.7,6100,55,0.02967,ok
nasa,P-14,msl,point,timesfm_quantile,default,,0.11494,0.1128,0.80857,1.0,21.13,,2046.7,6100,55,0.02967,ok
nasa,P-14,msl,point,tirex_resid,default,,0.03318,0.04376,0.64101,0.00992,25.45,,2033.8,6100,55,0.02967,ok
nasa,P-14,msl,point,tirex_quantile,default,,0.06868,0.08075,0.75799,0.0201,25.45,,2033.8,6100,55,0.02967,ok
nasa,P-14,msl,point,iforest,default,,0.02531,0.04283,0.68968,0.10644,1.55,,1594.1,6100,55,0.02967,ok
nasa,P-14,msl,point,iforest,tuned,"{'w': 50, 'n_estimators': 200}",0.02761,0.04037,0.62427,0.07738,1.81,5.98,0.0,6100,55,0.02967,ok
nasa,P-14,msl,point,lof,default,,0.63815,0.52065,0.99493,0.8,0.81,,1594.1,6100,55,0.02967,ok
nasa,P-14,msl,point,lof,tuned,"{'w': 100, 'k': 50}",0.63815,0.52065,0.99493,0.8,1.44,3.44,0.0,6100,55,0.02967,ok
nasa,P-14,msl,point,knn,default,,0.66937,0.54432,0.99653,0.79545,0.66,,1594.1,6100,55,0.02967,ok
nasa,P-14,msl,point,knn,tuned,"{'w': 100, 'k': 5}",0.66937,0.54432,0.99653,0.79545,1.11,2.47,0.0,6100,55,0.02967,ok
nasa,P-14,msl,point,ae,default,,0.72088,0.63956,0.99579,0.82143,2.21,,1932.4,6100,55,0.02967,ok
nasa,P-14,msl,point,ae,tuned,"{'w': 100, 'hidden': 64, 'latent': 8}",0.72089,0.63966,0.99579,0.82143,2.49,6.67,0.0,6100,55,0.02967,ok
nasa,T-8,msl,contextual,chronos_small_resid,default,,0.11373,0.14913,0.73188,0.07412,0.41,,1738.6,1519,55,0.06715,ok
nasa,T-8,msl,contextual,chronos_small_quantile,default,,0.0709,0.10391,0.6791,0.03725,0.41,,1738.6,1519,55,0.06715,ok
nasa,T-8,msl,contextual,chronos_base_resid,default,,0.12487,0.17341,0.75305,0.07489,0.78,,1970.5,1519,55,0.06715,ok
nasa,T-8,msl,contextual,chronos_base_quantile,default,,0.07731,0.11265,0.73313,0.05695,0.78,,1970.5,1519,55,0.06715,ok
nasa,T-8,msl,contextual,timesfm_resid,default,,0.0973,0.13407,0.7497,0.07003,5.85,,2046.7,1519,55,0.06715,ok
nasa,T-8,msl,contextual,timesfm_quantile,default,,0.06783,0.09897,0.68159,0.02756,5.85,,2046.7,1519,55,0.06715,ok
nasa,T-8,msl,contextual,tirex_resid,default,,0.10232,0.12437,0.73036,0.07134,12.09,,2033.8,1519,55,0.06715,ok
nasa,T-8,msl,contextual,tirex_quantile,default,,0.07164,0.10305,0.68821,0.05495,12.09,,2033.8,1519,55,0.06715,ok
nasa,T-8,msl,contextual,iforest,default,,0.32923,0.46961,0.86118,0.76667,1.11,,1594.1,1519,55,0.06715,ok
nasa,T-8,msl,contextual,lof,default,,0.77315,0.80939,0.98759,1.0,0.2,,1594.1,1519,55,0.06715,ok
nasa,T-8,msl,contextual,knn,default,,0.7806,0.80835,0.98686,1.0,0.12,,1594.1,1519,55,0.06715,ok
nasa,T-8,msl,contextual,ae,default,,0.07482,0.10762,0.61844,0.4,0.65,,1707.3,1519,55,0.06715,ok
nasa,P-11,msl,point,chronos_small_resid,default,,0.07818,0.11228,0.66512,0.04002,0.73,,1738.6,3535,55,0.0645,ok
nasa,P-11,msl,point,chronos_small_quantile,default,,0.08915,0.12765,0.71601,0.03194,0.73,,1738.6,3535,55,0.0645,ok
nasa,P-11,msl,point,chronos_base_resid,default,,0.09701,0.12851,0.67462,0.03544,1.09,,1970.5,3535,55,0.0645,ok
nasa,P-11,msl,point,chronos_base_quantile,default,,0.11058,0.13933,0.7234,0.03937,1.09,,1970.5,3535,55,0.0645,ok
nasa,P-11,msl,point,timesfm_resid,default,,0.06933,0.11168,0.69486,0.02078,14.46,,2046.7,3535,55,0.0645,ok
nasa,P-11,msl,point,timesfm_quantile,default,,0.09312,0.12446,0.71727,1.0,14.46,,2046.7,3535,55,0.0645,ok
nasa,P-11,msl,point,tirex_resid,default,,0.08008,0.1159,0.67395,0.03781,15.78,,2033.8,3535,55,0.0645,ok
nasa,P-11,msl,point,tirex_quantile,default,,0.08136,0.11321,0.69577,0.03546,15.78,,2033.8,3535,55,0.0645,ok
nasa,P-11,msl,point,iforest,default,,0.64954,0.61004,0.91549,0.66667,1.36,,1594.1,3535,55,0.0645,ok
nasa,P-11,msl,point,iforest,tuned,"{'w': 50, 'n_estimators': 100}",0.64012,0.56289,0.82965,0.625,1.27,6.88,0.0,3535,55,0.0645,ok
nasa,P-11,msl,point,lof,default,,0.0574,0.09101,0.65457,0.17424,0.99,,1594.1,3535,55,0.0645,ok
nasa,P-11,msl,point,lof,tuned,"{'w': 50, 'k': 50}",0.04691,0.08057,0.77209,0.05882,2.02,6.84,0.0,3535,55,0.0645,ok
nasa,P-11,msl,point,knn,default,,0.0592,0.09482,0.65534,0.17424,0.51,,0.0,3535,55,0.0645,ok
nasa,P-11,msl,point,knn,tuned,"{'w': 50, 'k': 3}",0.06092,0.09932,0.66104,0.1793,1.29,2.89,0.0,3535,55,0.0645,ok
nasa,P-11,msl,point,ae,default,,0.06298,0.09267,0.69576,0.2875,6.59,,273.4,3535,55,0.0645,ok
nasa,P-11,msl,point,ae,tuned,"{'w': 50, 'hidden': 64, 'latent': 8}",0.06953,0.10279,0.67965,0.20952,3.71,10.74,0.0,3535,55,0.0645,ok
nasa,D-15,msl,point,chronos_small_resid,default,,0.36467,0.39426,0.78666,0.10491,23.83,,259.3,2158,55,0.29703,ok
nasa,D-15,msl,point,chronos_small_quantile,default,,0.30844,0.34378,0.77185,0.05065,23.83,,259.3,2158,55,0.29703,ok
nasa,D-15,msl,point,chronos_base_resid,default,,0.36851,0.39045,0.77581,0.07657,3.27,,901.0,2158,55,0.29703,ok
nasa,D-15,msl,point,chronos_base_quantile,default,,0.32722,0.36206,0.76733,0.06809,3.27,,901.0,2158,55,0.29703,ok
nasa,D-15,msl,point,timesfm_resid,default,,0.34196,0.37222,0.78913,0.03144,13.46,,1903.5,2158,55,0.29703,ok
nasa,D-15,msl,point,timesfm_quantile,default,,0.31818,0.35876,0.77781,0.05561,13.46,,1903.5,2158,55,0.29703,ok
nasa,D-15,msl,point,tirex_resid,default,,0.35344,0.39094,0.76179,0.06073,12.8,,2034.1,2158,55,0.29703,ok
nasa,D-15,msl,point,tirex_quantile,default,,0.31649,0.34869,0.77185,0.06097,12.8,,2034.1,2158,55,0.29703,ok
nasa,D-15,msl,point,iforest,default,,0.56367,0.58385,0.87295,0.475,1.29,,1594.4,2158,55,0.29703,ok
nasa,D-15,msl,point,lof,default,,0.51694,0.54347,0.83752,0.4881,0.49,,1594.4,2158,55,0.29703,ok
nasa,D-15,msl,point,knn,default,,0.52803,0.55454,0.84384,0.4881,0.27,,1594.4,2158,55,0.29703,ok
nasa,D-15,msl,point,ae,default,,0.46674,0.50269,0.89527,0.41667,1.28,,1757.4,2158,55,0.29703,ok
nasa,D-16,msl,contextual,chronos_small_resid,default,,0.23709,0.27739,0.67179,0.02551,0.48,,1738.8,2191,55,0.29712,ok
nasa,D-16,msl,contextual,chronos_small_quantile,default,,0.36042,0.38844,0.92501,0.2532,0.48,,1738.8,2191,55,0.29712,ok
nasa,D-16,msl,contextual,chronos_base_resid,default,,0.27096,0.30342,0.67851,0.04838,0.68,,1970.7,2191,55,0.29712,ok
nasa,D-16,msl,contextual,chronos_base_quantile,default,,0.35773,0.38362,0.92501,0.25313,0.68,,1970.7,2191,55,0.29712,ok
nasa,D-16,msl,contextual,timesfm_resid,default,,0.26667,0.30039,0.67528,0.02871,8.48,,2048.0,2191,55,0.29712,ok
nasa,D-16,msl,contextual,timesfm_quantile,default,,0.36582,0.39418,0.94759,0.07469,8.48,,2048.0,2191,55,0.29712,ok
nasa,D-16,msl,contextual,tirex_resid,default,,0.35126,0.386,0.74757,0.06142,9.1,,2034.1,2191,55,0.29712,ok
nasa,D-16,msl,contextual,tirex_quantile,default,,0.29571,0.33538,0.76635,0.07494,9.1,,2034.1,2191,55,0.29712,ok
nasa,D-16,msl,contextual,iforest,default,,0.35615,0.36896,0.92344,0.41667,1.05,,1594.4,2191,55,0.29712,ok
nasa,D-16,msl,contextual,lof,default,,0.2333,0.26367,0.74696,0.25,0.35,,1594.4,2191,55,0.29712,ok
nasa,D-16,msl,contextual,knn,default,,0.20482,0.23673,0.6208,0.16667,0.17,,1594.4,2191,55,0.29712,ok
nasa,D-16,msl,contextual,ae,default,,0.40925,0.42453,0.74899,0.45833,0.96,,1752.1,2191,55,0.29712,ok
nasa,M-7,msl,point,chronos_small_resid,default,,0.21141,0.20512,0.90774,0.25591,0.47,,1738.8,2156,55,0.04685,ok
nasa,M-7,msl,point,chronos_small_quantile,default,,0.07345,0.07052,0.98402,0.16667,0.47,,1738.8,2156,55,0.04685,ok
nasa,M-7,msl,point,chronos_base_resid,default,,0.25049,0.24832,0.90774,0.2572,0.72,,1970.7,2156,55,0.04685,ok
nasa,M-7,msl,point,chronos_base_quantile,default,,0.076,0.07029,0.98402,0.16667,0.72,,1970.7,2156,55,0.04685,ok
nasa,M-7,msl,point,timesfm_resid,default,,0.34058,0.28809,0.99307,0.1611,7.8,,2048.0,2156,55,0.04685,ok
nasa,M-7,msl,point,timesfm_quantile,default,,0.14152,0.16069,0.98402,0.07765,7.8,,2048.0,2156,55,0.04685,ok
nasa,M-7,msl,point,tirex_resid,default,,0.54531,0.46447,0.99186,0.4231,10.05,,2034.1,2156,55,0.04685,ok
nasa,M-7,msl,point,tirex_quantile,default,,0.09539,0.09382,0.98363,0.06448,10.05,,2034.1,2156,55,0.04685,ok
nasa,M-7,msl,point,iforest,default,,0.98766,0.95906,0.99885,1.0,1.13,,1594.4,2156,55,0.04685,ok
nasa,M-7,msl,point,lof,default,,0.98157,0.95547,0.99877,1.0,0.39,,1594.4,2156,55,0.04685,ok
nasa,M-7,msl,point,knn,default,,0.98157,0.95544,0.99877,1.0,0.21,,1594.4,2156,55,0.04685,ok
nasa,M-7,msl,point,ae,default,,0.03322,0.04837,0.52337,0.0,1.1,,1752.8,2156,55,0.04685,ok
nasa,F-8,msl,contextual,chronos_small_resid,default,,0.24015,0.28632,0.80753,0.01978,0.45,,1738.8,2487,55,0.21592,ok
nasa,F-8,msl,contextual,chronos_small_quantile,default,,0.23334,0.25344,0.73015,0.05928,0.45,,1738.8,2487,55,0.21592,ok
nasa,F-8,msl,contextual,chronos_base_resid,default,,0.20062,0.23618,0.68162,0.02219,0.83,,1970.7,2487,55,0.21592,ok
nasa,F-8,msl,contextual,chronos_base_quantile,default,,0.23207,0.25196,0.73974,0.05382,0.83,,1970.7,2487,55,0.21592,ok
nasa,F-8,msl,contextual,timesfm_resid,default,,0.20458,0.23781,0.68464,0.02524,8.75,,2048.0,2487,55,0.21592,ok
nasa,F-8,msl,contextual,timesfm_quantile,default,,0.21891,0.24022,0.78229,1.0,8.75,,2048.0,2487,55,0.21592,ok
nasa,F-8,msl,contextual,tirex_resid,default,,0.25202,0.29429,0.78808,0.05141,9.21,,2034.1,2487,55,0.21592,ok
nasa,F-8,msl,contextual,tirex_quantile,default,,0.22365,0.24654,0.89844,0.05393,9.21,,2034.1,2487,55,0.21592,ok
nasa,F-8,msl,contextual,iforest,default,,0.35226,0.3691,0.88313,0.41667,1.24,,1594.4,2487,55,0.21592,ok
nasa,F-8,msl,contextual,iforest,tuned,"{'w': 50, 'n_estimators': 100}",0.33339,0.34158,0.94805,0.32143,0.95,5.93,0.0,2487,55,0.21592,ok
nasa,F-8,msl,contextual,lof,default,,0.17208,0.19528,0.67019,0.225,0.73,,1594.4,2487,55,0.21592,ok
nasa,F-8,msl,contextual,lof,tuned,"{'w': 50, 'k': 50}",0.17192,0.19768,0.68132,0.1625,1.46,4.29,0.0,2487,55,0.21592,ok
nasa,F-8,msl,contextual,knn,default,,0.17241,0.19577,0.66868,0.225,0.4,,1594.4,2487,55,0.21592,ok
nasa,F-8,msl,contextual,knn,tuned,"{'w': 50, 'k': 3}",0.17093,0.19527,0.67258,0.13393,0.82,2.67,0.0,2487,55,0.21592,ok
nasa,F-8,msl,contextual,ae,default,,0.6591,0.63715,0.9711,0.6,1.51,,1782.8,2487,55,0.21592,ok
nasa,F-8,msl,contextual,ae,tuned,"{'w': 200, 'hidden': 32, 'latent': 16}",0.76579,0.73872,0.97597,0.75,1.89,8.79,0.0,2487,55,0.21592,ok
psm,psm,server_app,,chronos_small_resid,default,,0.28372,0.39356,0.72145,0.28333,4.02,,1738.8,40000,25,0.27318,ok
psm,psm,server_app,,chronos_small_quantile,default,,0.28964,0.35281,0.70437,0.08457,4.02,,1738.8,40000,25,0.27318,ok
psm,psm,server_app,,chronos_base_resid,default,,0.2786,0.38425,0.73307,0.25232,7.58,,1970.7,40000,25,0.27318,ok
psm,psm,server_app,,chronos_base_quantile,default,,0.29276,0.35478,0.70206,0.09357,7.58,,1970.7,40000,25,0.27318,ok
psm,psm,server_app,,timesfm_resid,default,,0.2925,0.40024,0.74743,0.27352,148.4,,2048.0,40000,25,0.27318,ok
psm,psm,server_app,,timesfm_quantile,default,,0.30134,0.38597,0.79504,0.20351,148.4,,2048.0,40000,25,0.27318,ok
psm,psm,server_app,,tirex_resid,default,,0.29394,0.40577,0.7457,0.26016,156.73,,2034.1,40000,25,0.27318,ok
psm,psm,server_app,,tirex_quantile,default,,0.3105,0.3946,0.78956,0.19795,156.73,,2034.1,40000,25,0.27318,ok
psm,psm,server_app,,iforest,default,,0.49659,0.55219,0.67706,0.58803,4.93,,1594.4,40000,25,0.27318,ok
psm,psm,server_app,,iforest,tuned,"{'w': 200, 'n_estimators': 100}",0.51368,0.5806,0.66224,0.64924,8.22,18.03,0.0,40000,25,0.27318,ok
psm,psm,server_app,,lof,default,,0.43123,0.51752,0.75251,0.83985,24.6,,1594.4,40000,25,0.27318,ok
psm,psm,server_app,,lof,tuned,"{'w': 100, 'k': 50}",0.43123,0.51752,0.75251,0.83985,26.47,61.05,0.0,40000,25,0.27318,ok
psm,psm,server_app,,knn,default,,0.47405,0.55927,0.72942,0.80789,17.36,,1594.4,40000,25,0.27318,ok
psm,psm,server_app,,knn,tuned,"{'w': 100, 'k': 5}",0.47405,0.55927,0.72942,0.80789,20.78,32.62,0.0,40000,25,0.27318,ok
psm,psm,server_app,,ae,default,,0.54245,0.68148,0.79576,0.78494,17.89,,2162.7,40000,25,0.27318,ok
psm,psm,server_app,,ae,tuned,"{'w': 100, 'hidden': 32, 'latent': 16}",0.49767,0.64751,0.80043,0.80027,22.7,89.19,0.0,40000,25,0.27318,ok
smd,machine-1-8,server,,timesfm_resid,default,,0.09926,0.11952,0.7287,0.21177,92.53,,2048.0,23699,38,0.0322,ok
smd,machine-1-8,server,,timesfm_quantile,default,,0.0488,0.06405,0.71154,0.08522,92.53,,2048.0,23699,38,0.0322,ok
smd,machine-1-8,server,,tirex_resid,default,,0.11425,0.11021,0.73399,0.186,112.28,,2034.1,23699,38,0.0322,ok
smd,machine-1-8,server,,tirex_quantile,default,,0.05412,0.06785,0.7175,0.065,112.28,,2034.1,23699,38,0.0322,ok
smd,machine-1-8,server,,iforest,default,,0.06385,0.08714,0.73633,0.6258,4.1,,1594.4,23699,38,0.0322,ok
smd,machine-1-8,server,,iforest,tuned,"{'w': 400, 'n_estimators': 100}",0.06865,0.08813,0.67605,0.60465,9.62,16.31,0.0,23699,38,0.0322,ok
smd,machine-1-8,server,,lof,default,,0.02366,0.05137,0.65101,0.28277,13.68,,1594.4,23699,38,0.0322,ok
smd,machine-1-8,server,,lof,tuned,"{'w': 50, 'k': 30}",0.02109,0.03425,0.63637,0.07136,37.82,41.32,0.0,23699,38,0.0322,ok
smd,machine-1-8,server,,knn,default,,0.22913,0.24552,0.62055,0.50643,9.39,,1594.4,23699,38,0.0322,ok
smd,machine-1-8,server,,knn,tuned,"{'w': 50, 'k': 3}",0.27987,0.28588,0.68777,0.35922,24.77,21.84,0.0,23699,38,0.0322,ok
smd,machine-1-8,server,,ae,default,,0.25579,0.2884,0.84387,0.77474,13.11,,2160.3,23699,38,0.0322,ok
smd,machine-1-8,server,,ae,tuned,"{'w': 100, 'hidden': 32, 'latent': 8}",0.2479,0.27704,0.84182,0.74152,14.64,61.45,0.0,23699,38,0.0322,ok
smd,machine-2-1,server,,chronos_small_resid,default,,0.05439,0.08409,0.68185,0.06452,3.52,,1738.8,23694,38,0.04938,ok
smd,machine-2-1,server,,chronos_small_quantile,default,,0.06162,0.08722,0.67573,0.04242,3.52,,1738.8,23694,38,0.04938,ok
smd,machine-2-1,server,,chronos_base_resid,default,,0.05333,0.08307,0.69854,0.0563,5.41,,1970.7,23694,38,0.04938,ok
smd,machine-2-1,server,,chronos_base_quantile,default,,0.06492,0.091,0.67873,0.05397,5.41,,1970.7,23694,38,0.04938,ok
smd,machine-2-1,server,,timesfm_resid,default,,0.05434,0.08612,0.69435,0.06503,97.48,,2048.0,23694,38,0.04938,ok
smd,machine-2-1,server,,timesfm_quantile,default,,0.0692,0.09552,0.68251,0.0447,97.48,,2048.0,23694,38,0.04938,ok
smd,machine-2-1,server,,tirex_resid,default,,0.05342,0.08378,0.69113,0.06022,112.13,,2034.1,23694,38,0.04938,ok
smd,machine-2-1,server,,tirex_quantile,default,,0.06587,0.08943,0.67633,0.03744,112.13,,2034.1,23694,38,0.04938,ok
smd,machine-2-1,server,,iforest,default,,0.32983,0.37119,0.75198,0.47857,4.7,,1594.4,23694,38,0.04938,ok
smd,machine-2-1,server,,iforest,tuned,"{'w': 100, 'n_estimators': 100}",0.321,0.35982,0.74355,0.4518,4.76,16.68,0.0,23694,38,0.04938,ok
smd,machine-2-1,server,,lof,default,,0.21564,0.37523,0.81917,0.68127,13.55,,1594.4,23694,38,0.04938,ok
smd,machine-2-1,server,,lof,tuned,"{'w': 50, 'k': 30}",0.0534,0.08587,0.70171,0.20776,35.9,40.38,0.0,23694,38,0.04938,ok
smd,machine-2-1,server,,knn,default,,0.21293,0.34365,0.88118,0.64866,9.26,,1594.4,23694,38,0.04938,ok
smd,machine-2-1,server,,knn,tuned,"{'w': 50, 'k': 3}",0.20579,0.28925,0.85527,0.58769,24.53,21.85,0.0,23694,38,0.04938,ok
smd,machine-2-1,server,,ae,default,,0.22641,0.31697,0.79259,0.61594,13.02,,2160.2,23694,38,0.04938,ok
smd,machine-2-1,server,,ae,tuned,"{'w': 50, 'hidden': 64, 'latent': 8}",0.28522,0.45091,0.89208,0.73626,24.42,59.28,0.0,23694,38,0.04938,ok
smd,machine-2-2,server,,chronos_small_resid,default,,0.08073,0.11911,0.69679,0.16475,3.2,,1738.8,23700,38,0.11954,ok
smd,machine-2-2,server,,chronos_small_quantile,default,,0.11924,0.17511,0.71536,0.03519,3.2,,1738.8,23700,38,0.11954,ok
smd,machine-2-2,server,,chronos_base_resid,default,,0.08243,0.12072,0.69772,0.16475,5.09,,1970.7,23700,38,0.11954,ok
smd,machine-2-2,server,,chronos_base_quantile,default,,0.11654,0.17399,0.69971,0.03525,5.09,,1970.7,23700,38,0.11954,ok
smd,machine-2-2,server,,timesfm_resid,default,,0.0802,0.11804,0.67844,0.17117,92.41,,2048.0,23700,38,0.11954,ok
smd,machine-2-2,server,,timesfm_quantile,default,,0.10785,0.16058,0.71716,0.06012,92.41,,2048.0,23700,38,0.11954,ok
smd,machine-2-2,server,,tirex_resid,default,,0.0811,0.12114,0.67551,0.1487,105.96,,2034.1,23700,38,0.11954,ok
smd,machine-2-2,server,,tirex_quantile,default,,0.10797,0.15885,0.71327,0.02725,105.96,,2034.1,23700,38,0.11954,ok
smd,machine-2-2,server,,iforest,default,,0.25509,0.35247,0.78622,0.63636,3.64,,1594.4,23700,38,0.11954,ok
smd,machine-2-2,server,,iforest,tuned,"{'w': 100, 'n_estimators': 200}",0.25509,0.35247,0.78622,0.63636,5.22,15.17,0.0,23700,38,0.11954,ok
smd,machine-2-2,server,,lof,default,,0.06944,0.09929,0.4299,0.10526,14.17,,1594.4,23700,38,0.11954,ok
smd,machine-2-2,server,,lof,tuned,"{'w': 400, 'k': 10}",0.66386,0.75126,0.80123,0.86857,5.96,41.14,0.0,23700,38,0.11954,ok
smd,machine-2-2,server,,knn,default,,0.45309,0.62908,0.92555,0.68676,9.2,,1594.4,23700,38,0.11954,ok
smd,machine-2-2,server,,knn,tuned,"{'w': 100, 'k': 5}",0.45309,0.62908,0.92555,0.68676,10.97,21.72,0.0,23700,38,0.11954,ok
smd,machine-2-2,server,,ae,default,,0.35198,0.46313,0.77221,0.53444,13.02,,2160.3,23700,38,0.11954,ok
smd,machine-2-2,server,,ae,tuned,"{'w': 50, 'hidden': 64, 'latent': 8}",0.33015,0.496,0.88291,0.59518,24.77,60.12,0.0,23700,38,0.11954,ok
smd,machine-2-3,server,,chronos_small_resid,default,,0.19221,0.13859,0.72541,0.13724,3.14,,1738.8,23689,38,0.01136,ok
smd,machine-2-3,server,,chronos_small_quantile,default,,0.13003,0.09857,0.6763,0.10684,3.14,,1738.8,23689,38,0.01136,ok
smd,machine-2-3,server,,chronos_base_resid,default,,0.17964,0.12777,0.74156,0.13353,5.54,,1970.7,23689,38,0.01136,ok
smd,machine-2-3,server,,chronos_base_quantile,default,,0.13457,0.10331,0.67471,0.10153,5.54,,1970.7,23689,38,0.01136,ok
smd,machine-2-3,server,,timesfm_resid,default,,0.17809,0.13495,0.70529,0.14377,93.31,,2048.0,23689,38,0.01136,ok
smd,machine-2-3,server,,timesfm_quantile,default,,0.09674,0.07916,0.67755,0.09778,93.31,,2048.0,23689,38,0.01136,ok
smd,machine-2-3,server,,tirex_resid,default,,0.19645,0.14004,0.7143,0.1436,117.15,,2034.1,23689,38,0.01136,ok
smd,machine-2-3,server,,tirex_quantile,default,,0.12745,0.09594,0.6799,0.11055,117.15,,2034.1,23689,38,0.01136,ok
smd,machine-2-3,server,,iforest,default,,0.52454,0.37395,0.66867,0.40179,4.54,,1594.4,23689,38,0.01136,ok
smd,machine-2-3,server,,iforest,tuned,"{'w': 100, 'n_estimators': 100}",0.51133,0.36307,0.65542,0.40179,4.73,16.6,0.0,23689,38,0.01136,ok
smd,machine-2-3,server,,lof,default,,0.01381,0.02124,0.68964,0.28571,13.63,,1594.4,23689,38,0.01136,ok
smd,machine-2-3,server,,lof,tuned,"{'w': 50, 'k': 30}",0.01113,0.0187,0.63057,0.14038,35.54,41.43,0.0,23689,38,0.01136,ok
smd,machine-2-3,server,,knn,default,,0.21297,0.19771,0.79139,0.73295,9.37,,1594.4,23689,38,0.01136,ok
smd,machine-2-3,server,,knn,tuned,"{'w': 50, 'k': 3}",0.24931,0.25644,0.80621,0.625,25.32,21.83,0.0,23689,38,0.01136,ok
smd,machine-2-3,server,,ae,default,,0.22633,0.20396,0.92054,0.86335,12.67,,2160.1,23689,38,0.01136,ok
smd,machine-2-3,server,,ae,tuned,"{'w': 50, 'hidden': 64, 'latent': 8}",0.38838,0.43366,0.94992,0.8961,23.44,60.46,0.0,23689,38,0.01136,ok
smd,machine-2-4,server,,chronos_small_resid,default,,0.16473,0.17163,0.66582,0.06101,3.31,,1738.8,23689,38,0.07151,ok
smd,machine-2-4,server,,chronos_small_quantile,default,,0.10819,0.131,0.70191,0.03453,3.31,,1738.8,23689,38,0.07151,ok
smd,machine-2-4,server,,chronos_base_resid,default,,0.18695,0.19492,0.66951,0.0672,5.1,,1970.7,23689,38,0.07151,ok
smd,machine-2-4,server,,chronos_base_quantile,default,,0.10792,0.13724,0.71807,0.02829,5.1,,1970.7,23689,38,0.07151,ok
smd,machine-2-4,server,,timesfm_resid,default,,0.15956,0.17872,0.67423,0.06245,86.62,,2048.0,23689,38,0.07151,ok
smd,machine-2-4,server,,timesfm_quantile,default,,0.12859,0.14909,0.73255,0.03705,86.62,,2048.0,23689,38,0.07151,ok
smd,machine-2-4,server,,tirex_resid,default,,0.14898,0.16884,0.6814,0.0595,111.91,,2034.1,23689,38,0.07151,ok
smd,machine-2-4,server,,tirex_quantile,default,,0.10768,0.14428,0.74044,0.03535,111.91,,2034.1,23689,38,0.07151,ok
smd,machine-2-4,server,,iforest,default,,0.43685,0.38421,0.69268,0.41667,4.16,,1594.4,23689,38,0.07151,ok
smd,machine-2-4,server,,iforest,tuned,"{'w': 400, 'n_estimators': 200}",0.48585,0.42982,0.58923,0.58065,11.62,16.82,0.0,23689,38,0.07151,ok
smd,machine-2-4,server,,lof,default,,0.22113,0.4566,0.90374,0.88746,14.1,,1594.4,23689,38,0.07151,ok
smd,machine-2-4,server,,lof,tuned,"{'w': 100, 'k': 30}",0.26068,0.4791,0.90605,0.87104,15.79,41.21,0.0,23689,38,0.07151,ok
smd,machine-2-4,server,,knn,default,,0.31885,0.55111,0.91106,0.94737,9.56,,1594.4,23689,38,0.07151,ok
smd,machine-2-4,server,,knn,tuned,"{'w': 50, 'k': 3}",0.42819,0.65667,0.92762,0.92945,24.75,21.03,0.0,23689,38,0.07151,ok
smd,machine-2-4,server,,ae,default,,0.43924,0.46966,0.87084,0.90909,12.66,,2160.1,23689,38,0.07151,ok
smd,machine-2-4,server,,ae,tuned,"{'w': 100, 'hidden': 32, 'latent': 8}",0.44119,0.46286,0.86554,0.86364,14.32,61.87,0.0,23689,38,0.07151,ok
smd,machine-2-5,server,,chronos_small_resid,default,,0.05547,0.07133,0.6175,0.05252,3.01,,1738.8,23689,38,0.04137,ok
smd,machine-2-5,server,,chronos_small_quantile,default,,0.09929,0.10819,0.69398,0.16068,3.01,,1738.8,23689,38,0.04137,ok
smd,machine-2-5,server,,chronos_base_resid,default,,0.05141,0.06839,0.62628,0.05779,4.9,,1970.7,23689,38,0.04137,ok
smd,machine-2-5,server,,chronos_base_quantile,default,,0.09274,0.10493,0.69307,0.13162,4.9,,1970.7,23689,38,0.04137,ok
smd,machine-2-5,server,,timesfm_resid,default,,0.04706,0.06239,0.62935,0.02843,92.73,,2048.0,23689,38,0.04137,ok
smd,machine-2-5,server,,timesfm_quantile,default,,0.11319,0.13093,0.68714,0.06937,92.73,,2048.0,23689,38,0.04137,ok
smd,machine-2-5,server,,tirex_resid,default,,0.04454,0.05903,0.63452,0.02181,103.77,,2034.1,23689,38,0.04137,ok
smd,machine-2-5,server,,tirex_quantile,default,,0.07465,0.09709,0.69442,0.03052,103.77,,2034.1,23689,38,0.04137,ok
smd,machine-2-5,server,,iforest,default,,0.15893,0.1846,0.68715,0.51505,4.41,,1594.4,23689,38,0.04137,ok
smd,machine-2-5,server,,iforest,tuned,"{'w': 100, 'n_estimators': 100}",0.155,0.18249,0.69462,0.46429,5.25,16.61,0.0,23689,38,0.04137,ok
smd,machine-2-5,server,,lof,default,,0.12013,0.20141,0.78488,0.72414,13.4,,1594.4,23689,38,0.04137,ok
smd,machine-2-5,server,,lof,tuned,"{'w': 50, 'k': 30}",0.09832,0.12757,0.80383,0.49723,36.17,41.16,0.0,23689,38,0.04137,ok
smd,machine-2-5,server,,knn,default,,0.54405,0.63579,0.8941,0.89474,9.72,,1594.4,23689,38,0.04137,ok
smd,machine-2-5,server,,knn,tuned,"{'w': 50, 'k': 3}",0.59763,0.71944,0.88539,0.88355,25.18,21.4,0.0,23689,38,0.04137,ok
smd,machine-2-5,server,,ae,default,,0.34856,0.43881,0.92046,0.93023,12.69,,2160.1,23689,38,0.04137,ok
smd,machine-2-5,server,,ae,tuned,"{'w': 50, 'hidden': 32, 'latent': 16}",0.40794,0.60767,0.942,0.92955,24.4,59.6,0.0,23689,38,0.04137,ok
smd,machine-2-6,server,,chronos_small_resid,default,,0.27275,0.20352,0.85542,0.28235,4.14,,1738.8,28743,38,0.01475,ok
smd,machine-2-6,server,,chronos_small_quantile,default,,0.10572,0.06722,0.68891,0.08042,4.14,,1738.8,28743,38,0.01475,ok
smd,machine-2-6,server,,chronos_base_resid,default,,0.28068,0.19781,0.80563,0.20065,6.17,,1970.7,28743,38,0.01475,ok
smd,machine-2-6,server,,chronos_base_quantile,default,,0.09982,0.06742,0.68395,0.10087,6.17,,1970.7,28743,38,0.01475,ok
smd,machine-2-6,server,,timesfm_resid,default,,0.26496,0.18132,0.72891,0.18756,109.23,,2048.0,28743,38,0.01475,ok
smd,machine-2-6,server,,timesfm_quantile,default,,0.06711,0.06798,0.68674,0.08912,109.23,,2048.0,28743,38,0.01475,ok
smd,machine-2-6,server,,tirex_resid,default,,0.27329,0.18903,0.80418,0.13336,137.36,,2034.1,28743,38,0.01475,ok
smd,machine-2-6,server,,tirex_quantile,default,,0.06598,0.06339,0.68536,0.0829,137.36,,2034.1,28743,38,0.01475,ok
smd,machine-2-6,server,,iforest,default,,0.22318,0.15703,0.78771,0.54545,5.84,,1594.4,28743,38,0.01475,ok
smd,machine-2-6,server,,iforest,tuned,"{'w': 200, 'n_estimators': 100}",0.06631,0.09174,0.76023,0.52849,6.46,19.0,0.0,28743,38,0.01475,ok
smd,machine-2-6,server,,lof,default,,0.05971,0.08231,0.67226,0.30331,19.06,,1594.4,28743,38,0.01475,ok
smd,machine-2-6,server,,lof,tuned,"{'w': 400, 'k': 50}",0.30285,0.26444,0.75653,0.75,5.65,44.46,0.0,28743,38,0.01475,ok
smd,machine-2-6,server,,knn,default,,0.47774,0.45561,0.76862,0.63889,13.35,,1594.4,28743,38,0.01475,ok
smd,machine-2-6,server,,knn,tuned,"{'w': 50, 'k': 3}",0.41613,0.38333,0.76787,0.55,35.19,24.17,0.0,28743,38,0.01475,ok
smd,machine-2-6,server,,ae,default,,0.56318,0.55427,0.82787,0.7,12.0,,2254.1,28743,38,0.01475,ok
smd,machine-2-6,server,,ae,tuned,"{'w': 50, 'hidden': 64, 'latent': 8}",0.40556,0.40259,0.79587,0.59578,28.82,65.52,0.0,28743,38,0.01475,ok
smd,machine-2-7,server,,chronos_small_resid,default,,0.20223,0.12556,0.61689,0.10745,3.21,,1738.8,23696,38,0.0176,ok
smd,machine-2-7,server,,chronos_small_quantile,default,,0.06577,0.07476,0.67689,0.07476,3.21,,1738.8,23696,38,0.0176,ok
smd,machine-2-7,server,,chronos_base_resid,default,,0.18326,0.11981,0.62448,0.10506,5.33,,1970.7,23696,38,0.0176,ok
smd,machine-2-7,server,,chronos_base_quantile,default,,0.06318,0.07343,0.62377,0.07506,5.33,,1970.7,23696,38,0.0176,ok
smd,machine-2-7,server,,timesfm_resid,default,,0.21841,0.13613,0.60383,0.18055,97.69,,2048.0,23696,38,0.0176,ok
smd,machine-2-7,server,,timesfm_quantile,default,,0.04157,0.05788,0.67517,0.08495,97.69,,2048.0,23696,38,0.0176,ok
smd,machine-2-7,server,,tirex_resid,default,,0.22981,0.15251,0.60771,0.17364,106.29,,2034.1,23696,38,0.0176,ok
smd,machine-2-7,server,,tirex_quantile,default,,0.02119,0.03144,0.64757,0.01946,106.29,,2034.1,23696,38,0.0176,ok
smd,machine-2-7,server,,iforest,default,,0.73885,0.53631,0.5695,0.39216,4.12,,1594.4,23696,38,0.0176,ok
smd,machine-2-7,server,,iforest,tuned,"{'w': 100, 'n_estimators': 100}",0.73874,0.53613,0.57714,0.36956,3.1,14.95,0.0,23696,38,0.0176,ok
smd,machine-2-7,server,,lof,default,,0.17617,0.1043,0.58473,0.08794,13.77,,1594.4,23696,38,0.0176,ok
smd,machine-2-7,server,,lof,tuned,"{'w': 50, 'k': 30}",0.02845,0.03354,0.63858,0.07551,38.85,41.34,0.0,23696,38,0.0176,ok
smd,machine-2-7,server,,knn,default,,0.29716,0.28776,0.86104,0.8491,10.11,,1594.4,23696,38,0.0176,ok
smd,machine-2-7,server,,knn,tuned,"{'w': 50, 'k': 3}",0.22816,0.21806,0.83816,0.67391,25.51,21.45,0.0,23696,38,0.0176,ok
smd,machine-2-7,server,,ae,default,,0.56035,0.48652,0.93112,0.9,13.87,,2160.2,23696,38,0.0176,ok
smd,machine-2-7,server,,ae,tuned,"{'w': 50, 'hidden': 64, 'latent': 8}",0.58179,0.55034,0.95645,0.86039,25.91,65.88,0.0,23696,38,0.0176,ok
smd,machine-2-8,server,,chronos_small_resid,default,,0.65717,0.51455,0.99912,0.38929,3.75,,1738.8,23703,38,0.00679,ok
smd,machine-2-8,server,,chronos_small_quantile,default,,0.25403,0.09075,0.99735,0.02352,3.75,,1738.8,23703,38,0.00679,ok
smd,machine-2-8,server,,chronos_base_resid,default,,0.763,0.61849,0.99949,0.51389,5.88,,1970.7,23703,38,0.00679,ok
smd,machine-2-8,server,,chronos_base_quantile,default,,0.29942,0.12638,0.9988,0.03256,5.88,,1970.7,23703,38,0.00679,ok
smd,machine-2-8,server,,timesfm_resid,default,,0.67984,0.49838,0.99878,0.17083,98.38,,2048.0,23703,38,0.00679,ok
smd,machine-2-8,server,,timesfm_quantile,default,,0.12229,0.08248,0.95822,0.02264,98.38,,2048.0,23703,38,0.00679,ok
smd,machine-2-8,server,,tirex_resid,default,,0.7794,0.58201,0.99878,0.39224,115.94,,2034.1,23703,38,0.00679,ok
smd,machine-2-8,server,,tirex_quantile,default,,0.08555,0.0271,0.9844,0.00969,115.94,,2034.1,23703,38,0.00679,ok
smd,machine-2-8,server,,iforest,default,,0.82439,0.58138,0.99854,0.625,4.55,,1594.4,23703,38,0.00679,ok
smd,machine-2-8,server,,iforest,tuned,"{'w': 100, 'n_estimators': 200}",0.82439,0.58138,0.99854,0.625,5.9,16.64,0.0,23703,38,0.00679,ok
smd,machine-2-8,server,,lof,default,,0.99472,0.87142,0.999,1.0,15.59,,1594.4,23703,38,0.00679,ok
smd,machine-2-8,server,,lof,tuned,"{'w': 200, 'k': 10}",0.96712,0.91075,0.9989,1.0,9.04,42.27,0.0,23703,38,0.00679,ok
smd,machine-2-8,server,,knn,default,,0.9361,0.87295,0.99889,1.0,9.82,,1594.4,23703,38,0.00679,ok
smd,machine-2-8,server,,knn,tuned,"{'w': 100, 'k': 3}",0.9361,0.87309,0.99889,1.0,11.41,21.89,0.0,23703,38,0.00679,ok
smd,machine-2-8,server,,ae,default,,0.82086,0.80992,0.99828,1.0,13.31,,2160.6,23703,38,0.00679,ok
smd,machine-2-8,server,,ae,tuned,"{'w': 100, 'hidden': 32, 'latent': 8}",0.82086,0.80989,0.99828,1.0,13.88,64.41,0.0,23703,38,0.00679,ok
smd,machine-2-9,server,,chronos_small_resid,default,,0.08534,0.11648,0.67618,0.01934,3.99,,1738.8,28722,38,0.0611,ok
smd,machine-2-9,server,,chronos_small_quantile,default,,0.06524,0.1015,0.74084,0.01557,3.99,,1738.8,28722,38,0.0611,ok
smd,machine-2-9,server,,chronos_base_resid,default,,0.09327,0.1359,0.6947,0.02004,6.21,,1970.7,28722,38,0.0611,ok
smd,machine-2-9,server,,chronos_base_quantile,default,,0.06616,0.10209,0.73635,0.01525,6.21,,1970.7,28722,38,0.0611,ok
smd,machine-2-9,server,,timesfm_resid,default,,0.09232,0.11963,0.72614,0.02831,110.09,,2048.0,28722,38,0.0611,ok
smd,machine-2-9,server,,timesfm_quantile,default,,0.07094,0.10259,0.75219,0.01589,110.09,,2048.0,28722,38,0.0611,ok
smd,machine-2-9,server,,tirex_resid,default,,0.08343,0.11543,0.67829,0.01801,138.01,,2034.1,28722,38,0.0611,ok
smd,machine-2-9,server,,tirex_quantile,default,,0.068,0.0999,0.72714,0.02257,138.01,,2034.1,28722,38,0.0611,ok
smd,machine-2-9,server,,iforest,default,,0.26459,0.26307,0.7218,0.4186,4.48,,1594.4,28722,38,0.0611,ok
smd,machine-2-9,server,,iforest,tuned,"{'w': 400, 'n_estimators': 200}",0.20199,0.26614,0.72642,0.53846,12.18,15.69,0.0,28722,38,0.0611,ok
smd,machine-2-9,server,,lof,default,,0.0493,0.07733,0.6108,0.09963,19.6,,1594.4,28722,38,0.0611,ok
smd,machine-2-9,server,,lof,tuned,"{'w': 50, 'k': 10}",0.10071,0.14337,0.75648,0.24136,51.34,54.85,0.0,28722,38,0.0611,ok
smd,machine-2-9,server,,knn,default,,0.30183,0.30635,0.71139,0.33541,13.57,,1594.4,28722,38,0.0611,ok
smd,machine-2-9,server,,knn,tuned,"{'w': 50, 'k': 1}",0.36729,0.35989,0.79873,0.35131,37.45,30.85,0.0,28722,38,0.0611,ok
smd,machine-2-9,server,,ae,default,,0.69974,0.73983,0.91331,0.73641,16.0,,2251.9,28722,38,0.0611,ok
smd,machine-2-9,server,,ae,tuned,"{'w': 100, 'hidden': 32, 'latent': 8}",0.70217,0.74332,0.91416,0.73641,15.5,85.32,0.0,28722,38,0.0611,ok
smd,machine-3-1,server,,chronos_small_resid,default,,0.27491,0.20814,0.81038,0.19209,4.01,,1738.8,28700,38,0.01073,ok
smd,machine-3-1,server,,chronos_small_quantile,default,,0.10642,0.09618,0.86576,0.06402,4.01,,1738.8,28700,38,0.01073,ok
smd,machine-3-1,server,,chronos_base_resid,default,,0.21651,0.20436,0.80734,0.16736,6.87,,1970.7,28700,38,0.01073,ok
smd,machine-3-1,server,,chronos_base_quantile,default,,0.08654,0.09571,0.82735,0.09549,6.87,,1970.7,28700,38,0.01073,ok
smd,machine-3-1,server,,timesfm_resid,default,,0.35578,0.25466,0.86017,0.20017,113.47,,2048.0,28700,38,0.01073,ok
smd,machine-3-1,server,,timesfm_quantile,default,,0.08459,0.09721,0.85015,0.04268,113.47,,2048.0,28700,38,0.01073,ok
smd,machine-3-1,server,,tirex_resid,default,,0.31544,0.21378,0.85521,0.18508,113.53,,2034.1,28700,38,0.01073,ok
smd,machine-3-1,server,,tirex_quantile,default,,0.04605,0.05874,0.77833,0.0246,113.53,,2034.1,28700,38,0.01073,ok
smd,machine-3-1,server,,iforest,default,,0.37893,0.27975,0.61211,0.4,4.51,,1594.4,28700,38,0.01073,ok
smd,machine-3-1,server,,iforest,tuned,"{'w': 200, 'n_estimators': 100}",0.3309,0.24696,0.50535,0.4,5.22,16.62,0.0,28700,38,0.01073,ok
smd,machine-3-1,server,,lof,default,,0.69394,0.61676,0.70949,0.55357,18.78,,1594.4,28700,38,0.01073,ok
smd,machine-3-1,server,,lof,tuned,"{'w': 100, 'k': 30}",0.68507,0.60467,0.75075,0.625,20.41,55.68,0.0,28700,38,0.01073,ok
smd,machine-3-1,server,,knn,default,,0.77289,0.66116,0.84183,0.61111,13.55,,1594.4,28700,38,0.01073,ok
smd,machine-3-1,server,,knn,tuned,"{'w': 100, 'k': 1}",0.77367,0.67027,0.83711,0.625,14.88,28.92,0.0,28700,38,0.01073,ok
smd,machine-3-1,server,,ae,default,,0.695,0.68767,0.93154,0.85714,13.67,,2251.3,28700,38,0.01073,ok
smd,machine-3-1,server,,ae,tuned,"{'w': 200, 'hidden': 64, 'latent': 16}",0.58304,0.55099,0.84826,0.85714,12.57,74.22,0.0,28700,38,0.01073,ok
smd,machine-3-10,server,,chronos_small_resid,default,,0.37078,0.40928,0.73353,0.19481,3.24,,1738.8,23693,38,0.04419,ok
smd,machine-3-10,server,,chronos_small_quantile,default,,0.03556,0.06394,0.67816,0.06883,3.24,,1738.8,23693,38,0.04419,ok
smd,machine-3-10,server,,chronos_base_resid,default,,0.35025,0.3885,0.74067,0.16532,5.73,,1970.7,23693,38,0.04419,ok
smd,machine-3-10,server,,chronos_base_quantile,default,,0.0411,0.06552,0.69178,0.06655,5.73,,1970.7,23693,38,0.04419,ok
smd,machine-3-10,server,,timesfm_resid,default,,0.31319,0.34079,0.74327,0.23419,102.58,,2048.0,23693,38,0.04419,ok
smd,machine-3-10,server,,timesfm_quantile,default,,0.08471,0.11296,0.67552,0.11658,102.58,,2048.0,23693,38,0.04419,ok
smd,machine-3-10,server,,tirex_resid,default,,0.1071,0.1333,0.73432,0.09225,116.34,,2034.1,23693,38,0.04419,ok
smd,machine-3-10,server,,tirex_quantile,default,,0.04552,0.068,0.67138,0.01833,116.34,,2034.1,23693,38,0.04419,ok
smd,machine-3-10,server,,iforest,default,,0.66454,0.53598,0.46432,0.47059,4.29,,1594.4,23693,38,0.04419,ok
smd,machine-3-10,server,,iforest,tuned,"{'w': 400, 'n_estimators': 200}",0.49405,0.40744,0.4282,0.47059,8.23,15.9,0.0,23693,38,0.04419,ok
smd,machine-3-10,server,,lof,default,,0.06128,0.10353,0.68352,0.39886,14.52,,1594.4,23693,38,0.04419,ok
smd,machine-3-10,server,,lof,tuned,"{'w': 50, 'k': 30}",0.09007,0.12305,0.64477,0.21995,37.36,42.72,0.0,23693,38,0.04419,ok
smd,machine-3-10,server,,knn,default,,0.07368,0.11517,0.7342,0.4629,9.77,,1594.4,23693,38,0.04419,ok
smd,machine-3-10,server,,knn,tuned,"{'w': 50, 'k': 3}",0.07084,0.10515,0.75021,0.25728,25.27,21.6,0.0,23693,38,0.04419,ok
smd,machine-3-10,server,,ae,default,,0.28567,0.34055,0.89106,0.75791,13.18,,2160.2,23693,38,0.04419,ok
smd,machine-3-10,server,,ae,tuned,"{'w': 50, 'hidden': 32, 'latent': 16}",0.54477,0.54708,0.89784,0.70588,22.36,62.54,0.0,23693,38,0.04419,ok
smd,machine-3-11,server,,chronos_small_resid,default,,0.32224,0.36238,0.80068,0.39286,2.73,,1738.8,28696,38,0.0069,ok
smd,machine-3-11,server,,chronos_small_quantile,default,,0.40419,0.29502,0.79663,0.11673,2.73,,1738.8,28696,38,0.0069,ok
smd,machine-3-11,server,,chronos_base_resid,default,,0.36364,0.40189,0.81983,0.45238,6.63,,1970.7,28696,38,0.0069,ok
smd,machine-3-11,server,,chronos_base_quantile,default,,0.46459,0.38074,0.75141,0.31111,6.63,,1970.7,28696,38,0.0069,ok
smd,machine-3-11,server,,timesfm_resid,default,,0.34778,0.36565,0.90288,0.39286,118.86,,2048.0,28696,38,0.0069,ok
smd,machine-3-11,server,,timesfm_quantile,default,,0.26127,0.23214,0.88431,0.05639,118.86,,2048.0,28696,38,0.0069,ok
smd,machine-3-11,server,,tirex_resid,default,,0.33908,0.38612,0.78887,0.53333,146.11,,2034.1,28696,38,0.0069,ok
smd,machine-3-11,server,,tirex_quantile,default,,0.11961,0.10835,0.7651,0.02297,146.11,,2034.1,28696,38,0.0069,ok
smd,machine-3-11,server,,iforest,default,,0.022,0.02529,0.65598,0.15179,5.57,,1594.4,28696,38,0.0069,ok
smd,machine-3-11,server,,iforest,tuned,"{'w': 200, 'n_estimators': 200}",0.01301,0.01721,0.63764,0.1697,9.11,20.29,0.0,28696,38,0.0069,ok
smd,machine-3-11,server,,lof,default,,0.76095,0.74214,0.99244,0.95,19.58,,1594.4,28696,38,0.0069,ok
smd,machine-3-11,server,,lof,tuned,"{'w': 50, 'k': 10}",0.35182,0.50855,0.92727,0.66786,52.68,59.74,0.0,28696,38,0.0069,ok
smd,machine-3-11,server,,knn,default,,0.28999,0.18579,0.89748,0.80952,13.96,,1594.4,28696,38,0.0069,ok
smd,machine-3-11,server,,knn,tuned,"{'w': 100, 'k': 1}",0.28992,0.18635,0.89748,0.80952,15.5,33.9,0.0,28696,38,0.0069,ok
smd,machine-3-11,server,,ae,default,,0.77095,0.71312,0.99347,0.85714,16.58,,2251.2,28696,38,0.0069,ok
smd,machine-3-11,server,,ae,tuned,"{'w': 100, 'hidden': 32, 'latent': 8}",0.7711,0.71304,0.99347,0.85714,18.69,93.49,0.0,28696,38,0.0069,ok
smd,machine-3-2,server,,chronos_small_resid,default,,0.03643,0.05715,0.70384,0.02018,3.79,,1738.8,23703,38,0.04679,ok
smd,machine-3-2,server,,chronos_small_quantile,default,,0.03933,0.05891,0.66593,0.00842,3.79,,1738.8,23703,38,0.04679,ok
smd,machine-3-2,server,,chronos_base_resid,default,,0.03674,0.0577,0.71573,0.01916,6.19,,1970.7,23703,38,0.04679,ok
smd,machine-3-2,server,,chronos_base_quantile,default,,0.03781,0.05695,0.67342,0.00768,6.19,,1970.7,23703,38,0.04679,ok
smd,machine-3-2,server,,timesfm_resid,default,,0.03636,0.05614,0.73317,0.0221,109.44,,2048.0,23703,38,0.04679,ok
smd,machine-3-2,server,,timesfm_quantile,default,,0.05358,0.06996,0.69272,0.0169,109.44,,2048.0,23703,38,0.04679,ok
smd,machine-3-2,server,,tirex_resid,default,,0.03677,0.05593,0.68986,0.01661,129.32,,2034.1,23703,38,0.04679,ok
smd,machine-3-2,server,,tirex_quantile,default,,0.04625,0.06558,0.68947,0.01671,129.32,,2034.1,23703,38,0.04679,ok
smd,machine-3-2,server,,iforest,default,,0.05716,0.09251,0.61265,0.47619,4.55,,1594.4,23703,38,0.04679,ok
smd,machine-3-2,server,,iforest,tuned,"{'w': 100, 'n_estimators': 100}",0.06428,0.09661,0.63042,0.58824,4.82,16.73,0.0,23703,38,0.04679,ok
smd,machine-3-2,server,,lof,default,,0.09597,0.2103,0.81238,0.46187,13.88,,1594.4,23703,38,0.04679,ok
smd,machine-3-2,server,,lof,tuned,"{'w': 100, 'k': 50}",0.09597,0.2103,0.81238,0.46187,16.03,41.91,0.0,23703,38,0.04679,ok
smd,machine-3-2,server,,knn,default,,0.10851,0.24104,0.83168,0.58059,9.2,,1594.4,23703,38,0.04679,ok
smd,machine-3-2,server,,knn,tuned,"{'w': 100, 'k': 3}",0.10698,0.23481,0.82632,0.56584,12.11,22.3,0.0,23703,38,0.04679,ok
smd,machine-3-2,server,,ae,default,,0.09601,0.16975,0.75541,0.41888,12.7,,2160.6,23703,38,0.04679,ok
smd,machine-3-2,server,,ae,tuned,"{'w': 50, 'hidden': 32, 'latent': 16}",0.1671,0.29669,0.85058,0.59127,26.31,65.69,0.0,23703,38,0.04679,ok
smd,machine-3-3,server,,chronos_small_resid,default,,0.17276,0.14244,0.70783,0.04146,3.97,,1738.8,23703,38,0.02666,ok
smd,machine-3-3,server,,chronos_small_quantile,default,,0.03937,0.04448,0.71371,1.0,3.97,,1738.8,23703,38,0.02666,ok
smd,machine-3-3,server,,chronos_base_resid,default,,0.1719,0.13835,0.72517,0.05159,6.09,,1970.7,23703,38,0.02666,ok
smd,machine-3-3,server,,chronos_base_quantile,default,,0.04352,0.04717,0.71815,0.04579,6.09,,1970.7,23703,38,0.02666,ok
smd,machine-3-3,server,,timesfm_resid,default,,0.18236,0.15114,0.70978,0.04904,107.28,,2048.0,23703,38,0.02666,ok
smd,machine-3-3,server,,timesfm_quantile,default,,0.05209,0.05491,0.72798,1.0,107.28,,2048.0,23703,38,0.02666,ok
smd,machine-3-3,server,,tirex_resid,default,,0.2269,0.17613,0.72806,0.04973,104.25,,2034.1,23703,38,0.02666,ok
smd,machine-3-3,server,,tirex_quantile,default,,0.05186,0.05137,0.69386,1.0,104.25,,2034.1,23703,38,0.02666,ok
smd,machine-3-3,server,,iforest,default,,0.07785,0.08053,0.68948,0.38402,4.07,,1594.4,23703,38,0.02666,ok
smd,machine-3-3,server,,iforest,tuned,"{'w': 400, 'n_estimators': 100}",0.06288,0.07287,0.67595,0.66651,8.77,15.53,0.0,23703,38,0.02666,ok
smd,machine-3-3,server,,lof,default,,0.04774,0.12278,0.84834,0.80363,13.91,,1594.4,23703,38,0.02666,ok
smd,machine-3-3,server,,lof,tuned,"{'w': 50, 'k': 30}",0.04814,0.132,0.84686,0.76916,36.75,41.22,0.0,23703,38,0.02666,ok
smd,machine-3-3,server,,knn,default,,0.05596,0.13015,0.84853,0.80363,9.26,,1594.4,23703,38,0.02666,ok
smd,machine-3-3,server,,knn,tuned,"{'w': 50, 'k': 3}",0.06023,0.15731,0.85708,0.76916,26.06,21.4,0.0,23703,38,0.02666,ok
smd,machine-3-3,server,,ae,default,,0.0733,0.12249,0.81762,0.82456,12.79,,2160.6,23703,38,0.02666,ok
smd,machine-3-3,server,,ae,tuned,"{'w': 50, 'hidden': 64, 'latent': 8}",0.11127,0.19142,0.85503,0.77468,24.23,56.59,0.0,23703,38,0.02666,ok
smd,machine-3-4,server,,chronos_small_resid,default,,0.04453,0.06778,0.71276,0.03589,2.83,,1738.8,23687,38,0.04125,ok
smd,machine-3-4,server,,chronos_small_quantile,default,,0.04092,0.06567,0.73933,0.02165,2.83,,1738.8,23687,38,0.04125,ok
smd,machine-3-4,server,,chronos_base_resid,default,,0.04395,0.06861,0.72668,0.03313,5.72,,1970.7,23687,38,0.04125,ok
smd,machine-3-4,server,,chronos_base_quantile,default,,0.03914,0.06455,0.74985,0.01898,5.72,,1970.7,23687,38,0.04125,ok
smd,machine-3-4,server,,timesfm_resid,default,,0.05252,0.07522,0.74639,0.03888,92.18,,2048.0,23687,38,0.04125,ok
smd,machine-3-4,server,,timesfm_quantile,default,,0.042,0.06775,0.73188,0.02099,92.18,,2048.0,23687,38,0.04125,ok
smd,machine-3-4,server,,tirex_resid,default,,0.04632,0.07021,0.7023,0.03042,115.52,,2034.1,23687,38,0.04125,ok
smd,machine-3-4,server,,tirex_quantile,default,,0.04084,0.06706,0.7488,0.02295,115.52,,2034.1,23687,38,0.04125,ok
smd,machine-3-4,server,,iforest,default,,0.21854,0.25654,0.71362,0.48173,4.72,,1594.4,23687,38,0.04125,ok
smd,machine-3-4,server,,iforest,tuned,"{'w': 400, 'n_estimators': 200}",0.07268,0.11323,0.75592,0.7,11.57,16.06,0.0,23687,38,0.04125,ok
smd,machine-3-4,server,,lof,default,,0.08293,0.15759,0.74634,0.49043,14.27,,1594.4,23687,38,0.04125,ok
smd,machine-3-4,server,,lof,tuned,"{'w': 50, 'k': 50}",0.09297,0.13065,0.7518,0.2354,36.6,42.42,0.0,23687,38,0.04125,ok
smd,machine-3-4,server,,knn,default,,0.08078,0.15118,0.76537,0.55909,9.15,,1594.4,23687,38,0.04125,ok
smd,machine-3-4,server,,knn,tuned,"{'w': 50, 'k': 3}",0.11242,0.17893,0.76101,0.545,24.18,20.71,0.0,23687,38,0.04125,ok
smd,machine-3-4,server,,ae,default,,0.84977,0.73368,0.80016,0.66667,9.11,,2160.1,23687,38,0.04125,ok
smd,machine-3-4,server,,ae,tuned,"{'w': 50, 'hidden': 64, 'latent': 8}",0.86023,0.72667,0.78598,0.47059,22.9,59.98,0.0,23687,38,0.04125,ok
smd,machine-3-5,server,,chronos_small_resid,default,,0.04394,0.05153,0.73445,0.14634,3.93,,1738.8,23691,38,0.01798,ok
smd,machine-3-5,server,,chronos_small_quantile,default,,0.08081,0.06876,0.71858,0.01672,3.93,,1738.8,23691,38,0.01798,ok
smd,machine-3-5,server,,chronos_base_resid,default,,0.04259,0.0492,0.7069,0.14634,5.56,,1970.7,23691,38,0.01798,ok
smd,machine-3-5,server,,chronos_base_quantile,default,,0.06873,0.06038,0.71599,0.01607,5.56,,1970.7,23691,38,0.01798,ok
smd,machine-3-5,server,,timesfm_resid,default,,0.05789,0.06543,0.75627,0.01786,92.35,,2048.0,23691,38,0.01798,ok
smd,machine-3-5,server,,timesfm_quantile,default,,0.07672,0.06476,0.72031,0.01704,92.35,,2048.0,23691,38,0.01798,ok
smd,machine-3-5,server,,tirex_resid,default,,0.04183,0.04927,0.75305,0.09379,120.31,,2034.1,23691,38,0.01798,ok
smd,machine-3-5,server,,tirex_quantile,default,,0.06149,0.05383,0.68742,0.0241,120.31,,2034.1,23691,38,0.01798,ok
smd,machine-3-5,server,,iforest,default,,0.19282,0.11223,0.62659,0.55357,4.4,,1594.4,23691,38,0.01798,ok
smd,machine-3-5,server,,iforest,tuned,"{'w': 400, 'n_estimators': 200}",0.02508,0.03506,0.59299,0.73684,11.1,14.94,0.0,23691,38,0.01798,ok
smd,machine-3-5,server,,lof,default,,0.39436,0.33901,0.8074,0.55556,13.93,,1594.4,23691,38,0.01798,ok
smd,machine-3-5,server,,lof,tuned,"{'w': 50, 'k': 30}",0.2161,0.16379,0.76453,0.37736,36.69,42.13,0.0,23691,38,0.01798,ok
smd,machine-3-5,server,,knn,default,,0.20743,0.23651,0.77785,0.60606,9.44,,1594.4,23691,38,0.01798,ok
smd,machine-3-5,server,,knn,tuned,"{'w': 100, 'k': 3}",0.20796,0.23781,0.77729,0.625,11.26,21.75,0.0,23691,38,0.01798,ok
smd,machine-3-5,server,,ae,default,,0.47261,0.40265,0.69961,0.64516,11.65,,2160.1,23691,38,0.01798,ok
smd,machine-3-5,server,,ae,tuned,"{'w': 50, 'hidden': 32, 'latent': 16}",0.46379,0.39918,0.71313,0.52632,26.13,55.69,0.0,23691,38,0.01798,ok
smd,machine-3-6,server,,chronos_small_resid,default,,0.05091,0.08852,0.74855,0.09699,3.47,,1738.8,28726,38,0.04157,ok
smd,machine-3-6,server,,chronos_small_quantile,default,,0.04471,0.06746,0.68916,0.01784,3.47,,1738.8,28726,38,0.04157,ok
smd,machine-3-6,server,,chronos_base_resid,default,,0.0531,0.09097,0.74266,0.09191,6.37,,1970.7,28726,38,0.04157,ok
smd,machine-3-6,server,,chronos_base_quantile,default,,0.04837,0.07116,0.68728,0.01816,6.37,,1970.7,28726,38,0.04157,ok
smd,machine-3-6,server,,timesfm_resid,default,,0.05646,0.09448,0.74238,0.09657,120.13,,2048.0,28726,38,0.04157,ok
smd,machine-3-6,server,,timesfm_quantile,default,,0.05779,0.08522,0.74502,0.06792,120.13,,2048.0,28726,38,0.04157,ok
smd,machine-3-6,server,,tirex_resid,default,,0.05881,0.09883,0.75722,0.09459,133.21,,2034.1,28726,38,0.04157,ok
smd,machine-3-6,server,,tirex_quantile,default,,0.05842,0.08836,0.74076,0.04839,133.21,,2034.1,28726,38,0.04157,ok
smd,machine-3-6,server,,iforest,default,,0.74995,0.72449,0.92598,0.75692,5.3,,1594.4,28726,38,0.04157,ok
smd,machine-3-6,server,,iforest,tuned,"{'w': 200, 'n_estimators': 100}",0.71019,0.67434,0.8773,0.75862,6.8,20.76,0.0,28726,38,0.04157,ok
smd,machine-3-6,server,,lof,default,,0.4241,0.54848,0.79582,0.60839,19.97,,1594.4,28726,38,0.04157,ok
smd,machine-3-6,server,,lof,tuned,"{'w': 50, 'k': 10}",0.54024,0.63712,0.86424,0.77153,54.51,58.71,0.0,28726,38,0.04157,ok
smd,machine-3-6,server,,knn,default,,0.60536,0.75234,0.93452,0.95238,13.96,,1594.4,28726,38,0.04157,ok
smd,machine-3-6,server,,knn,tuned,"{'w': 50, 'k': 1}",0.68645,0.79127,0.94139,0.92481,36.23,31.45,0.0,28726,38,0.04157,ok
smd,machine-3-6,server,,ae,default,,0.51436,0.674,0.92817,0.95238,13.97,,2253.0,28726,38,0.04157,ok
smd,machine-3-6,server,,ae,tuned,"{'w': 50, 'hidden': 32, 'latent': 8}",0.6194,0.77132,0.96574,0.92481,31.8,84.54,0.0,28726,38,0.04157,ok
smd,machine-3-7,server,,chronos_small_resid,default,,0.13664,0.07522,0.71785,0.06255,4.54,,1738.8,28705,38,0.01512,ok
smd,machine-3-7,server,,chronos_small_quantile,default,,0.06734,0.0366,0.70406,0.06557,4.54,,1738.8,28705,38,0.01512,ok
smd,machine-3-7,server,,chronos_base_resid,default,,0.19696,0.11796,0.76317,0.09306,7.16,,1970.7,28705,38,0.01512,ok
smd,machine-3-7,server,,chronos_base_quantile,default,,0.09396,0.04252,0.751,0.0875,7.16,,1970.7,28705,38,0.01512,ok
smd,machine-3-7,server,,timesfm_resid,default,,0.10758,0.08345,0.67304,0.07145,107.96,,2048.0,28705,38,0.01512,ok
smd,machine-3-7,server,,timesfm_quantile,default,,0.03117,0.03303,0.676,0.02409,107.96,,2048.0,28705,38,0.01512,ok
smd,machine-3-7,server,,tirex_resid,default,,0.09801,0.04686,0.68093,0.04904,132.21,,2034.1,28705,38,0.01512,ok
smd,machine-3-7,server,,tirex_quantile,default,,0.08268,0.03548,0.70567,0.04004,132.21,,2034.1,28705,38,0.01512,ok
smd,machine-3-7,server,,iforest,default,,0.38657,0.26909,0.75328,0.36364,4.66,,1594.4,28705,38,0.01512,ok
smd,machine-3-7,server,,iforest,tuned,"{'w': 200, 'n_estimators': 100}",0.47037,0.34928,0.69157,0.44444,6.33,16.83,0.0,28705,38,0.01512,ok
smd,machine-3-7,server,,lof,default,,0.3633,0.26883,0.73694,0.35476,19.7,,1594.4,28705,38,0.01512,ok
smd,machine-3-7,server,,lof,tuned,"{'w': 100, 'k': 10}",0.70096,0.70486,0.94827,0.86364,20.91,57.53,0.0,28705,38,0.01512,ok
smd,machine-3-7,server,,knn,default,,0.72264,0.73876,0.99388,0.92727,13.56,,1594.4,28705,38,0.01512,ok
smd,machine-3-7,server,,knn,tuned,"{'w': 100, 'k': 1}",0.7197,0.73306,0.99377,0.92727,15.74,32.3,0.0,28705,38,0.01512,ok
smd,machine-3-7,server,,ae,default,,0.70016,0.61522,0.93512,0.90909,16.55,,2251.3,28705,38,0.01512,ok
smd,machine-3-7,server,,ae,tuned,"{'w': 100, 'hidden': 32, 'latent': 8}",0.69954,0.6133,0.93497,0.90909,16.74,77.75,0.0,28705,38,0.01512,ok
smd,machine-3-8,server,,chronos_small_resid,default,,0.15752,0.17573,0.76901,0.01456,3.59,,1738.8,28704,38,0.04776,ok
smd,machine-3-8,server,,chronos_small_quantile,default,,0.05139,0.07088,0.70298,0.01037,3.59,,1738.8,28704,38,0.04776,ok
smd,machine-3-8,server,,chronos_base_resid,default,,0.20675,0.22364,0.77496,0.01708,6.67,,1970.7,28704,38,0.04776,ok
smd,machine-3-8,server,,chronos_base_quantile,default,,0.04996,0.07181,0.74925,0.00819,6.67,,1970.7,28704,38,0.04776,ok
smd,machine-3-8,server,,timesfm_resid,default,,0.18057,0.18146,0.78243,0.02524,125.25,,2048.0,28704,38,0.04776,ok
smd,machine-3-8,server,,timesfm_quantile,default,,0.04726,0.06582,0.72412,0.00986,125.25,,2048.0,28704,38,0.04776,ok
smd,machine-3-8,server,,tirex_resid,default,,0.16376,0.18686,0.78085,0.02299,140.17,,2034.1,28704,38,0.04776,ok
smd,machine-3-8,server,,tirex_quantile,default,,0.04942,0.06899,0.7435,0.01099,140.17,,2034.1,28704,38,0.04776,ok
smd,machine-3-8,server,,iforest,default,,0.46439,0.41392,0.81388,0.49432,5.08,,1594.4,28704,38,0.04776,ok
smd,machine-3-8,server,,iforest,tuned,"{'w': 400, 'n_estimators': 200}",0.64312,0.58074,0.81741,0.55769,12.43,18.94,0.0,28704,38,0.04776,ok
smd,machine-3-8,server,,lof,default,,0.03665,0.06507,0.6783,0.12095,18.67,,1594.4,28704,38,0.04776,ok
smd,machine-3-8,server,,lof,tuned,"{'w': 400, 'k': 50}",0.09448,0.11659,0.58809,0.30624,7.23,56.07,0.0,28704,38,0.04776,ok
smd,machine-3-8,server,,knn,default,,0.48674,0.4472,0.8801,0.54316,13.69,,1594.4,28704,38,0.04776,ok
smd,machine-3-8,server,,knn,tuned,"{'w': 400, 'k': 5}",0.44973,0.43936,0.84219,0.92308,5.84,32.41,0.0,28704,38,0.04776,ok
smd,machine-3-8,server,,ae,default,,0.28032,0.32139,0.82197,0.60483,15.64,,2251.3,28704,38,0.04776,ok
smd,machine-3-8,server,,ae,tuned,"{'w': 100, 'hidden': 32, 'latent': 8}",0.28216,0.32388,0.82065,0.60483,17.62,78.8,0.0,28704,38,0.04776,ok
smd,machine-3-9,server,,chronos_small_resid,default,,0.20706,0.20931,0.78063,0.20385,3.42,,1738.8,28713,38,0.01055,ok
smd,machine-3-9,server,,chronos_small_quantile,default,,0.08729,0.06917,0.71386,0.02552,3.42,,1738.8,28713,38,0.01055,ok
smd,machine-3-9,server,,chronos_base_resid,default,,0.21522,0.21812,0.70968,0.27337,6.38,,1970.7,28713,38,0.01055,ok
smd,machine-3-9,server,,chronos_base_quantile,default,,0.1335,0.08988,0.75394,0.03525,6.38,,1970.7,28713,38,0.01055,ok
smd,machine-3-9,server,,timesfm_resid,default,,0.24003,0.19566,0.70745,0.19308,106.14,,2048.0,28713,38,0.01055,ok
smd,machine-3-9,server,,timesfm_quantile,default,,0.08799,0.07583,0.79789,0.03629,106.14,,2048.0,28713,38,0.01055,ok
smd,machine-3-9,server,,tirex_resid,default,,0.26188,0.23608,0.71109,0.26599,117.09,,2034.1,28713,38,0.01055,ok
smd,machine-3-9,server,,tirex_quantile,default,,0.09033,0.07648,0.76631,0.03657,117.09,,2034.1,28713,38,0.01055,ok
smd,machine-3-9,server,,iforest,default,,0.33311,0.25826,0.60972,0.4,4.34,,1594.4,28713,38,0.01055,ok
smd,machine-3-9,server,,iforest,tuned,"{'w': 200, 'n_estimators': 100}",0.30772,0.2254,0.50497,0.4,7.11,17.72,0.0,28713,38,0.01055,ok
smd,machine-3-9,server,,lof,default,,0.43819,0.32813,0.71121,0.44444,19.44,,1594.4,28713,38,0.01055,ok
smd,machine-3-9,server,,lof,tuned,"{'w': 100, 'k': 50}",0.43819,0.32813,0.71121,0.44444,20.86,58.09,0.0,28713,38,0.01055,ok
smd,machine-3-9,server,,knn,default,,0.42743,0.31276,0.72284,0.44444,14.61,,1594.4,28713,38,0.01055,ok
smd,machine-3-9,server,,knn,tuned,"{'w': 100, 'k': 5}",0.42743,0.31276,0.72284,0.44444,15.21,32.16,0.0,28713,38,0.01055,ok
smd,machine-3-9,server,,ae,default,,0.65729,0.64286,0.9014,0.85714,14.44,,2251.7,28713,38,0.01055,ok
smd,machine-3-9,server,,ae,tuned,"{'w': 200, 'hidden': 64, 'latent': 16}",0.54198,0.50366,0.84837,0.85714,14.38,73.78,0.0,28713,38,0.01055,ok
ucr,064_UCR_Anomaly_DISTORTEDgaitHunt3_23400_38400_39200,DISTORTEDgaitHunt3,,iforest,tuned,"{'w': 100, 'n_estimators': 100}",0.05574,0.06955,0.74543,0.09305,4.23,11.01,0.0,40600,1,0.01973,ok
ucr,064_UCR_Anomaly_DISTORTEDgaitHunt3_23400_38400_39200,DISTORTEDgaitHunt3,,lof,default,,0.51954,0.48365,0.9911,0.38161,1.65,,1594.4,40600,1,0.01973,ok
ucr,064_UCR_Anomaly_DISTORTEDgaitHunt3_23400_38400_39200,DISTORTEDgaitHunt3,,lof,tuned,"{'w': 200, 'k': 10}",0.51001,0.4855,0.9911,0.51667,3.09,7.27,0.0,40600,1,0.01973,ok
ucr,064_UCR_Anomaly_DISTORTEDgaitHunt3_23400_38400_39200,DISTORTEDgaitHunt3,,knn,default,,0.57067,0.55546,0.99115,0.5823,1.29,,1594.4,40600,1,0.01973,ok
ucr,064_UCR_Anomaly_DISTORTEDgaitHunt3_23400_38400_39200,DISTORTEDgaitHunt3,,knn,tuned,"{'w': 200, 'k': 1}",0.52543,0.56896,0.96577,0.54167,2.98,4.65,0.0,40600,1,0.01973,ok
ucr,064_UCR_Anomaly_DISTORTEDgaitHunt3_23400_38400_39200,DISTORTEDgaitHunt3,,ae,default,,0.21062,0.17031,0.99523,0.15252,8.64,,1617.4,40600,1,0.01973,ok
ucr,064_UCR_Anomaly_DISTORTEDgaitHunt3_23400_38400_39200,DISTORTEDgaitHunt3,,ae,tuned,"{'w': 200, 'hidden': 32, 'latent': 16}",0.14064,0.15693,0.99082,0.16976,10.18,48.1,0.0,40600,1,0.01973,ok
ucr,065_UCR_Anomaly_DISTORTEDinsectEPG1_3000_7000_7030,DISTORTEDinsectEPG1,,chronos_small_resid,default,,0.00433,0.00662,0.71474,0.00236,0.24,,1657.4,7001,1,0.00443,ok
ucr,065_UCR_Anomaly_DISTORTEDinsectEPG1_3000_7000_7030,DISTORTEDinsectEPG1,,chronos_small_quantile,default,,0.00439,0.0063,0.69393,1.0,0.24,,1657.4,7001,1,0.00443,ok
ucr,065_UCR_Anomaly_DISTORTEDinsectEPG1_3000_7000_7030,DISTORTEDinsectEPG1,,chronos_base_resid,default,,0.00486,0.00688,0.70595,0.00249,0.37,,1758.0,7001,1,0.00443,ok
ucr,065_UCR_Anomaly_DISTORTEDinsectEPG1_3000_7000_7030,DISTORTEDinsectEPG1,,chronos_base_quantile,default,,0.0045,0.00682,0.79832,1.0,0.37,,1758.0,7001,1,0.00443,ok
ucr,065_UCR_Anomaly_DISTORTEDinsectEPG1_3000_7000_7030,DISTORTEDinsectEPG1,,timesfm_resid,default,,0.00649,0.00802,0.72303,0.00417,3.07,,2048.0,7001,1,0.00443,ok
ucr,065_UCR_Anomaly_DISTORTEDinsectEPG1_3000_7000_7030,DISTORTEDinsectEPG1,,timesfm_quantile,default,,0.00471,0.0066,0.67415,1.0,3.07,,2048.0,7001,1,0.00443,ok
ucr,065_UCR_Anomaly_DISTORTEDinsectEPG1_3000_7000_7030,DISTORTEDinsectEPG1,,tirex_resid,default,,0.00701,0.00919,0.71293,0.00471,4.88,,1786.4,7001,1,0.00443,ok
ucr,065_UCR_Anomaly_DISTORTEDinsectEPG1_3000_7000_7030,DISTORTEDinsectEPG1,,tirex_quantile,default,,0.00603,0.00873,0.67434,1.0,4.88,,1786.4,7001,1,0.00443,ok
ucr,065_UCR_Anomaly_DISTORTEDinsectEPG1_3000_7000_7030,DISTORTEDinsectEPG1,,iforest,default,,0.00794,0.01159,0.85992,0.12316,1.51,,1594.4,7001,1,0.00443,ok
ucr,065_UCR_Anomaly_DISTORTEDinsectEPG1_3000_7000_7030,DISTORTEDinsectEPG1,,iforest,tuned,"{'w': 50, 'n_estimators': 200}",0.01983,0.023,0.83871,0.11806,1.55,5.82,0.0,7001,1,0.00443,ok
ucr,065_UCR_Anomaly_DISTORTEDinsectEPG1_3000_7000_7030,DISTORTEDinsectEPG1,,lof,default,,0.00549,0.00834,0.79909,0.09091,0.18,,1594.4,7001,1,0.00443,ok
ucr,065_UCR_Anomaly_DISTORTEDinsectEPG1_3000_7000_7030,DISTORTEDinsectEPG1,,lof,tuned,"{'w': 50, 'k': 30}",0.03173,0.0349,0.78173,0.18947,1.01,2.12,0.0,7001,1,0.00443,ok
ucr,065_UCR_Anomaly_DISTORTEDinsectEPG1_3000_7000_7030,DISTORTEDinsectEPG1,,knn,default,,0.00945,0.01254,0.78815,0.10819,0.16,,1594.4,7001,1,0.00443,ok
