dataset,series,domain,anomaly_kind,detector,tier,config,auc_pr,vus_pr,affil_f1,event_f1,runtime_s,tune_s,peak_mb,n_test,n_channels,anomaly_frac,status
ucr,065_UCR_Anomaly_DISTORTEDinsectEPG1_3000_7000_7030,DISTORTEDinsectEPG1,,knn,tuned,"{'w': 50, 'k': 5}",0.05982,0.06578,0.78929,0.2881,0.69,3.97,0.0,7001,1,0.00443,ok
ucr,065_UCR_Anomaly_DISTORTEDinsectEPG1_3000_7000_7030,DISTORTEDinsectEPG1,,ae,default,,0.00404,0.00597,0.75673,0.0,6.89,,24.3,7001,1,0.00443,ok
ucr,065_UCR_Anomaly_DISTORTEDinsectEPG1_3000_7000_7030,DISTORTEDinsectEPG1,,ae,tuned,"{'w': 50, 'hidden': 64, 'latent': 8}",0.01447,0.01735,0.76872,0.09356,3.55,9.98,0.0,7001,1,0.00443,ok
ucr,068_UCR_Anomaly_DISTORTEDinsectEPG4_1300_6508_6558,DISTORTEDinsectEPG4,,chronos_small_resid,default,,0.00669,0.0091,0.68721,0.00594,26.55,,190.5,8698,1,0.00586,ok
ucr,068_UCR_Anomaly_DISTORTEDinsectEPG4_1300_6508_6558,DISTORTEDinsectEPG4,,chronos_small_quantile,default,,0.01097,0.01115,0.69274,1.0,26.55,,190.5,8698,1,0.00586,ok
ucr,068_UCR_Anomaly_DISTORTEDinsectEPG4_1300_6508_6558,DISTORTEDinsectEPG4,,chronos_base_resid,default,,0.0084,0.01038,0.71684,0.01535,3.06,,725.2,8698,1,0.00586,ok
ucr,068_UCR_Anomaly_DISTORTEDinsectEPG4_1300_6508_6558,DISTORTEDinsectEPG4,,chronos_base_quantile,default,,0.03462,0.02439,0.80278,1.0,3.06,,725.2,8698,1,0.00586,ok
ucr,068_UCR_Anomaly_DISTORTEDinsectEPG4_1300_6508_6558,DISTORTEDinsectEPG4,,timesfm_resid,default,,0.01084,0.01059,0.74647,0.01641,10.08,,1902.4,8698,1,0.00586,ok
ucr,068_UCR_Anomaly_DISTORTEDinsectEPG4_1300_6508_6558,DISTORTEDinsectEPG4,,timesfm_quantile,default,,0.00741,0.00978,0.67563,1.0,10.08,,1902.4,8698,1,0.00586,ok
ucr,068_UCR_Anomaly_DISTORTEDinsectEPG4_1300_6508_6558,DISTORTEDinsectEPG4,,tirex_resid,default,,0.0109,0.01291,0.73732,0.01478,8.12,,1829.1,8698,1,0.00586,ok
ucr,068_UCR_Anomaly_DISTORTEDinsectEPG4_1300_6508_6558,DISTORTEDinsectEPG4,,tirex_quantile,default,,0.00681,0.00926,0.69883,1.0,8.12,,1829.1,8698,1,0.00586,ok
ucr,068_UCR_Anomaly_DISTORTEDinsectEPG4_1300_6508_6558,DISTORTEDinsectEPG4,,iforest,default,,0.00848,0.01203,0.95559,0.08685,1.23,,1594.4,8698,1,0.00586,ok
ucr,068_UCR_Anomaly_DISTORTEDinsectEPG4_1300_6508_6558,DISTORTEDinsectEPG4,,lof,default,,0.00327,0.00496,0.87328,0.0,0.21,,1594.4,8698,1,0.00586,ok
ucr,068_UCR_Anomaly_DISTORTEDinsectEPG4_1300_6508_6558,DISTORTEDinsectEPG4,,knn,default,,0.87105,0.69195,0.99781,0.85,0.13,,1594.4,8698,1,0.00586,ok
ucr,068_UCR_Anomaly_DISTORTEDinsectEPG4_1300_6508_6558,DISTORTEDinsectEPG4,,ae,default,,0.00319,0.00501,0.95338,0.0,0.94,,1603.5,8698,1,0.00586,ok
ucr,071_UCR_Anomaly_DISTORTEDltstdbs30791AS_23000_52600_52800,DISTORTEDltstdbs30791AS,,chronos_small_resid,default,,0.24288,0.09454,0.99898,0.10351,0.49,,1739.9,32000,1,0.00628,ok
ucr,071_UCR_Anomaly_DISTORTEDltstdbs30791AS_23000_52600_52800,DISTORTEDltstdbs30791AS,,chronos_small_quantile,default,,0.0077,0.00995,0.7359,1.0,0.49,,1739.9,32000,1,0.00628,ok
ucr,071_UCR_Anomaly_DISTORTEDltstdbs30791AS_23000_52600_52800,DISTORTEDltstdbs30791AS,,chronos_base_resid,default,,0.27574,0.09402,0.99897,0.04147,0.83,,1970.7,32000,1,0.00628,ok
ucr,071_UCR_Anomaly_DISTORTEDltstdbs30791AS_23000_52600_52800,DISTORTEDltstdbs30791AS,,chronos_base_quantile,default,,0.00814,0.01036,0.70084,1.0,0.83,,1970.7,32000,1,0.00628,ok
ucr,071_UCR_Anomaly_DISTORTEDltstdbs30791AS_23000_52600_52800,DISTORTEDltstdbs30791AS,,timesfm_resid,default,,0.09804,0.04697,0.85537,0.01425,10.42,,2047.0,32000,1,0.00628,ok
ucr,071_UCR_Anomaly_DISTORTEDltstdbs30791AS_23000_52600_52800,DISTORTEDltstdbs30791AS,,timesfm_quantile,default,,0.07923,0.02842,0.96478,1.0,10.42,,2047.0,32000,1,0.00628,ok
ucr,071_UCR_Anomaly_DISTORTEDltstdbs30791AS_23000_52600_52800,DISTORTEDltstdbs30791AS,,tirex_resid,default,,0.1064,0.04179,0.88762,0.01262,11.25,,2034.5,32000,1,0.00628,ok
ucr,071_UCR_Anomaly_DISTORTEDltstdbs30791AS_23000_52600_52800,DISTORTEDltstdbs30791AS,,tirex_quantile,default,,0.00837,0.01019,0.67467,1.0,11.25,,2034.5,32000,1,0.00628,ok
ucr,071_UCR_Anomaly_DISTORTEDltstdbs30791AS_23000_52600_52800,DISTORTEDltstdbs30791AS,,iforest,default,,0.75658,0.47379,0.99867,0.525,2.64,,1594.4,32000,1,0.00628,ok
ucr,071_UCR_Anomaly_DISTORTEDltstdbs30791AS_23000_52600_52800,DISTORTEDltstdbs30791AS,,iforest,tuned,"{'w': 100, 'n_estimators': 100}",0.74775,0.46952,0.99866,0.51923,4.26,11.27,0.0,32000,1,0.00628,ok
ucr,071_UCR_Anomaly_DISTORTEDltstdbs30791AS_23000_52600_52800,DISTORTEDltstdbs30791AS,,lof,default,,0.89877,0.70475,0.9981,0.91667,1.4,,1594.4,32000,1,0.00628,ok
ucr,071_UCR_Anomaly_DISTORTEDltstdbs30791AS_23000_52600_52800,DISTORTEDltstdbs30791AS,,lof,tuned,"{'w': 200, 'k': 10}",0.93526,0.85986,0.99867,1.0,2.61,8.56,0.0,32000,1,0.00628,ok
ucr,071_UCR_Anomaly_DISTORTEDltstdbs30791AS_23000_52600_52800,DISTORTEDltstdbs30791AS,,knn,default,,0.89246,0.69461,0.99813,0.875,0.95,,1594.4,32000,1,0.00628,ok
ucr,071_UCR_Anomaly_DISTORTEDltstdbs30791AS_23000_52600_52800,DISTORTEDltstdbs30791AS,,knn,tuned,"{'w': 100, 'k': 3}",0.89362,0.69834,0.99813,0.875,2.86,4.96,0.0,32000,1,0.00628,ok
ucr,071_UCR_Anomaly_DISTORTEDltstdbs30791AS_23000_52600_52800,DISTORTEDltstdbs30791AS,,ae,default,,0.81166,0.65037,0.99802,0.875,8.66,,1613.5,32000,1,0.00628,ok
ucr,071_UCR_Anomaly_DISTORTEDltstdbs30791AS_23000_52600_52800,DISTORTEDltstdbs30791AS,,ae,tuned,"{'w': 100, 'hidden': 32, 'latent': 8}",0.84487,0.67157,0.9981,0.875,10.44,47.22,0.0,32000,1,0.00628,ok
ucr,074_UCR_Anomaly_DISTORTEDqtdbSel1005V_4000_12400_12800,DISTORTEDqtdbSel1005V,,chronos_small_resid,default,,0.01129,0.01474,0.65533,0.00338,0.32,,1739.9,32001,1,0.01253,ok
ucr,074_UCR_Anomaly_DISTORTEDqtdbSel1005V_4000_12400_12800,DISTORTEDqtdbSel1005V,,chronos_small_quantile,default,,0.01332,0.01785,0.66822,1.0,0.32,,1739.9,32001,1,0.01253,ok
ucr,074_UCR_Anomaly_DISTORTEDqtdbSel1005V_4000_12400_12800,DISTORTEDqtdbSel1005V,,chronos_base_resid,default,,0.01092,0.01464,0.65397,0.00334,0.89,,1970.7,32001,1,0.01253,ok
ucr,074_UCR_Anomaly_DISTORTEDqtdbSel1005V_4000_12400_12800,DISTORTEDqtdbSel1005V,,chronos_base_quantile,default,,0.01489,0.02024,0.76188,1.0,0.89,,1970.7,32001,1,0.01253,ok
ucr,074_UCR_Anomaly_DISTORTEDqtdbSel1005V_4000_12400_12800,DISTORTEDqtdbSel1005V,,timesfm_resid,default,,0.01327,0.01738,0.67237,0.00383,10.18,,2047.0,32001,1,0.01253,ok
ucr,074_UCR_Anomaly_DISTORTEDqtdbSel1005V_4000_12400_12800,DISTORTEDqtdbSel1005V,,timesfm_quantile,default,,0.01395,0.01723,0.67544,1.0,10.18,,2047.0,32001,1,0.01253,ok
ucr,074_UCR_Anomaly_DISTORTEDqtdbSel1005V_4000_12400_12800,DISTORTEDqtdbSel1005V,,tirex_resid,default,,0.0118,0.01554,0.66232,0.00346,11.1,,2034.5,32001,1,0.01253,ok
ucr,074_UCR_Anomaly_DISTORTEDqtdbSel1005V_4000_12400_12800,DISTORTEDqtdbSel1005V,,tirex_quantile,default,,0.0134,0.01755,0.67793,1.0,11.1,,2034.5,32001,1,0.01253,ok
ucr,074_UCR_Anomaly_DISTORTEDqtdbSel1005V_4000_12400_12800,DISTORTEDqtdbSel1005V,,iforest,default,,0.01112,0.01676,0.71558,0.03426,2.7,,1594.4,32001,1,0.01253,ok
ucr,074_UCR_Anomaly_DISTORTEDqtdbSel1005V_4000_12400_12800,DISTORTEDqtdbSel1005V,,iforest,tuned,"{'w': 50, 'n_estimators': 100}",0.01058,0.01568,0.69095,0.01904,3.35,5.87,0.0,32001,1,0.01253,ok
ucr,074_UCR_Anomaly_DISTORTEDqtdbSel1005V_4000_12400_12800,DISTORTEDqtdbSel1005V,,lof,default,,0.00957,0.01253,0.66017,0.00653,0.75,,1594.4,32001,1,0.01253,ok
ucr,074_UCR_Anomaly_DISTORTEDqtdbSel1005V_4000_12400_12800,DISTORTEDqtdbSel1005V,,lof,tuned,"{'w': 50, 'k': 30}",0.01134,0.01859,0.7545,0.04908,3.31,7.53,0.0,32001,1,0.01253,ok
ucr,074_UCR_Anomaly_DISTORTEDqtdbSel1005V_4000_12400_12800,DISTORTEDqtdbSel1005V,,knn,default,,0.01114,0.01572,0.66619,0.02253,0.53,,1594.4,32001,1,0.01253,ok
ucr,074_UCR_Anomaly_DISTORTEDqtdbSel1005V_4000_12400_12800,DISTORTEDqtdbSel1005V,,knn,tuned,"{'w': 50, 'k': 3}",0.01055,0.01526,0.67404,0.01371,2.7,1.95,0.0,32001,1,0.01253,ok
ucr,074_UCR_Anomaly_DISTORTEDqtdbSel1005V_4000_12400_12800,DISTORTEDqtdbSel1005V,,ae,default,,0.00863,0.01124,0.64109,0.00753,3.64,,1612.0,32001,1,0.01253,ok
ucr,074_UCR_Anomaly_DISTORTEDqtdbSel1005V_4000_12400_12800,DISTORTEDqtdbSel1005V,,ae,tuned,"{'w': 200, 'hidden': 32, 'latent': 16}",0.00704,0.00983,0.61284,0.0,5.91,12.96,0.0,32001,1,0.01253,ok
ucr,077_UCR_Anomaly_DISTORTEDresperation11_58000_110800_110801,DISTORTEDresperation11,,chronos_small_resid,default,,0.01702,0.00343,0.85455,0.02597,1.67,,1739.9,137000,1,1e-05,ok
ucr,077_UCR_Anomaly_DISTORTEDresperation11_58000_110800_110801,DISTORTEDresperation11,,chronos_small_quantile,default,,0.83333,0.29193,0.77811,1.0,1.67,,1739.9,137000,1,1e-05,ok
ucr,077_UCR_Anomaly_DISTORTEDresperation11_58000_110800_110801,DISTORTEDresperation11,,chronos_base_resid,default,,0.02017,0.00344,0.80807,0.02439,3.84,,1970.7,137000,1,1e-05,ok
ucr,077_UCR_Anomaly_DISTORTEDresperation11_58000_110800_110801,DISTORTEDresperation11,,chronos_base_quantile,default,,0.64286,0.2922,0.67365,1.0,3.84,,1970.7,137000,1,1e-05,ok
ucr,077_UCR_Anomaly_DISTORTEDresperation11_58000_110800_110801,DISTORTEDresperation11,,timesfm_resid,default,,0.00218,0.0016,0.72852,0.01899,37.02,,2047.0,137000,1,1e-05,ok
ucr,077_UCR_Anomaly_DISTORTEDresperation11_58000_110800_110801,DISTORTEDresperation11,,timesfm_quantile,default,,0.00011,0.00021,0.83121,1.0,37.02,,2047.0,137000,1,1e-05,ok
ucr,077_UCR_Anomaly_DISTORTEDresperation11_58000_110800_110801,DISTORTEDresperation11,,tirex_resid,default,,0.01958,0.0046,0.80291,0.02353,54.15,,2034.5,137000,1,1e-05,ok
ucr,077_UCR_Anomaly_DISTORTEDresperation11_58000_110800_110801,DISTORTEDresperation11,,tirex_quantile,default,,0.05572,0.00057,0.80751,1.0,54.15,,2034.5,137000,1,1e-05,ok
ucr,077_UCR_Anomaly_DISTORTEDresperation11_58000_110800_110801,DISTORTEDresperation11,,iforest,default,,0.00014,0.0003,0.74958,0.01111,8.05,,1594.4,137000,1,1e-05,ok
ucr,077_UCR_Anomaly_DISTORTEDresperation11_58000_110800_110801,DISTORTEDresperation11,,iforest,tuned,"{'w': 100, 'n_estimators': 200}",0.00014,0.0003,0.74958,0.01111,11.86,18.26,0.0,137000,1,1e-05,ok
ucr,077_UCR_Anomaly_DISTORTEDresperation11_58000_110800_110801,DISTORTEDresperation11,,lof,default,,0.00565,0.0058,0.90639,0.14286,9.4,,1594.4,137000,1,1e-05,ok
ucr,077_UCR_Anomaly_DISTORTEDresperation11_58000_110800_110801,DISTORTEDresperation11,,lof,tuned,"{'w': 100, 'k': 30}",0.01786,0.0058,0.89765,0.15385,13.59,13.66,0.0,137000,1,1e-05,ok
ucr,077_UCR_Anomaly_DISTORTEDresperation11_58000_110800_110801,DISTORTEDresperation11,,knn,default,,0.5,0.10184,0.97943,0.18182,6.6,,1594.4,137000,1,1e-05,ok
ucr,077_UCR_Anomaly_DISTORTEDresperation11_58000_110800_110801,DISTORTEDresperation11,,knn,tuned,"{'w': 200, 'k': 1}",0.00088,0.00123,0.82154,0.09091,11.6,10.59,0.0,137000,1,1e-05,ok
ucr,077_UCR_Anomaly_DISTORTEDresperation11_58000_110800_110801,DISTORTEDresperation11,,ae,default,,0.5,0.08774,0.99987,0.2,24.85,,1658.3,137000,1,1e-05,ok
ucr,077_UCR_Anomaly_DISTORTEDresperation11_58000_110800_110801,DISTORTEDresperation11,,ae,tuned,"{'w': 100, 'hidden': 32, 'latent': 8}",0.5,0.08774,0.99987,0.14286,35.93,149.44,0.0,137000,1,1e-05,ok
ucr,080_UCR_Anomaly_DISTORTEDresperation2_30000_168250_168251,DISTORTEDresperation2,,chronos_small_resid,default,,1e-05,2e-05,0.65968,0.0,2.53,,1739.9,160050,1,1e-05,ok
ucr,080_UCR_Anomaly_DISTORTEDresperation2_30000_168250_168251,DISTORTEDresperation2,,chronos_small_quantile,default,,1e-05,2e-05,0.66667,1.0,2.53,,1739.9,160050,1,1e-05,ok
ucr,080_UCR_Anomaly_DISTORTEDresperation2_30000_168250_168251,DISTORTEDresperation2,,chronos_base_resid,default,,1e-05,2e-05,0.65754,0.0,2.97,,1970.7,160050,1,1e-05,ok
ucr,080_UCR_Anomaly_DISTORTEDresperation2_30000_168250_168251,DISTORTEDresperation2,,chronos_base_quantile,default,,1e-05,2e-05,0.66667,1.0,2.97,,1970.7,160050,1,1e-05,ok
ucr,080_UCR_Anomaly_DISTORTEDresperation2_30000_168250_168251,DISTORTEDresperation2,,timesfm_resid,default,,1e-05,2e-05,0.65023,0.0,47.36,,2047.0,160050,1,1e-05,ok
ucr,080_UCR_Anomaly_DISTORTEDresperation2_30000_168250_168251,DISTORTEDresperation2,,timesfm_quantile,default,,1e-05,2e-05,0.66667,1.0,47.36,,2047.0,160050,1,1e-05,ok
ucr,080_UCR_Anomaly_DISTORTEDresperation2_30000_168250_168251,DISTORTEDresperation2,,tirex_resid,default,,1e-05,2e-05,0.65407,0.0,56.97,,2034.5,160050,1,1e-05,ok
ucr,080_UCR_Anomaly_DISTORTEDresperation2_30000_168250_168251,DISTORTEDresperation2,,tirex_quantile,default,,1e-05,3e-05,0.66667,1.0,56.97,,2034.5,160050,1,1e-05,ok
ucr,080_UCR_Anomaly_DISTORTEDresperation2_30000_168250_168251,DISTORTEDresperation2,,iforest,default,,1e-05,2e-05,0.66267,0.0,9.43,,1594.4,160050,1,1e-05,ok
ucr,080_UCR_Anomaly_DISTORTEDresperation2_30000_168250_168251,DISTORTEDresperation2,,iforest,tuned,"{'w': 400, 'n_estimators': 200}",1e-05,2e-05,0.63539,0.0,27.78,8.47,0.0,160050,1,1e-05,ok
ucr,080_UCR_Anomaly_DISTORTEDresperation2_30000_168250_168251,DISTORTEDresperation2,,lof,default,,2e-05,3e-05,0.61649,0.0,7.6,,0.0,160050,1,1e-05,ok
ucr,080_UCR_Anomaly_DISTORTEDresperation2_30000_168250_168251,DISTORTEDresperation2,,lof,tuned,"{'w': 100, 'k': 10}",1e-05,2e-05,0.6188,0.0,14.14,5.28,0.0,160050,1,1e-05,ok
ucr,080_UCR_Anomaly_DISTORTEDresperation2_30000_168250_168251,DISTORTEDresperation2,,knn,default,,1e-05,3e-05,0.63347,0.0,5.72,,0.0,160050,1,1e-05,ok
ucr,080_UCR_Anomaly_DISTORTEDresperation2_30000_168250_168251,DISTORTEDresperation2,,knn,tuned,"{'w': 100, 'k': 1}",1e-05,2e-05,0.63202,0.0,13.33,4.23,0.0,160050,1,1e-05,ok
ucr,080_UCR_Anomaly_DISTORTEDresperation2_30000_168250_168251,DISTORTEDresperation2,,ae,default,,1e-05,3e-05,0.64695,0.0,20.34,,88.7,160050,1,1e-05,ok
ucr,080_UCR_Anomaly_DISTORTEDresperation2_30000_168250_168251,DISTORTEDresperation2,,ae,tuned,"{'w': 100, 'hidden': 32, 'latent': 8}",1e-05,2e-05,0.6364,0.0,32.59,42.27,0.0,160050,1,1e-05,ok
ucr,083_UCR_Anomaly_DISTORTEDresperation9_38000_143411_143511,DISTORTEDresperation9,,chronos_small_resid,default,,0.00121,0.00157,0.66409,0.00281,34.87,,258.3,157000,1,0.00064,ok
ucr,083_UCR_Anomaly_DISTORTEDresperation9_38000_143411_143511,DISTORTEDresperation9,,chronos_small_quantile,default,,0.00111,0.00134,0.68241,1.0,34.87,,258.3,157000,1,0.00064,ok
ucr,083_UCR_Anomaly_DISTORTEDresperation9_38000_143411_143511,DISTORTEDresperation9,,chronos_base_resid,default,,0.00098,0.00149,0.7306,0.00269,6.22,,901.0,157000,1,0.00064,ok
ucr,083_UCR_Anomaly_DISTORTEDresperation9_38000_143411_143511,DISTORTEDresperation9,,chronos_base_quantile,default,,0.00113,0.00144,0.68286,1.0,6.22,,901.0,157000,1,0.00064,ok
ucr,083_UCR_Anomaly_DISTORTEDresperation9_38000_143411_143511,DISTORTEDresperation9,,timesfm_resid,default,,0.00114,0.00146,0.74,0.00195,67.31,,1902.4,157000,1,0.00064,ok
ucr,083_UCR_Anomaly_DISTORTEDresperation9_38000_143411_143511,DISTORTEDresperation9,,timesfm_quantile,default,,0.0033,0.00235,0.66667,1.0,67.31,,1902.4,157000,1,0.00064,ok
ucr,083_UCR_Anomaly_DISTORTEDresperation9_38000_143411_143511,DISTORTEDresperation9,,tirex_resid,default,,0.0013,0.00158,0.6593,0.00361,57.93,,2035.3,157000,1,0.00064,ok
ucr,083_UCR_Anomaly_DISTORTEDresperation9_38000_143411_143511,DISTORTEDresperation9,,tirex_quantile,default,,0.00098,0.00127,0.67717,1.0,57.93,,2035.3,157000,1,0.00064,ok
ucr,083_UCR_Anomaly_DISTORTEDresperation9_38000_143411_143511,DISTORTEDresperation9,,iforest,default,,0.00141,0.0021,0.66877,0.01066,9.44,,1594.4,157000,1,0.00064,ok
ucr,083_UCR_Anomaly_DISTORTEDresperation9_38000_143411_143511,DISTORTEDresperation9,,iforest,tuned,"{'w': 400, 'n_estimators': 200}",0.0007,0.00104,0.69238,0.0236,31.09,15.11,0.0,157000,1,0.00064,ok
ucr,083_UCR_Anomaly_DISTORTEDresperation9_38000_143411_143511,DISTORTEDresperation9,,lof,default,,0.14424,0.09803,0.6378,0.15385,7.99,,1594.4,157000,1,0.00064,ok
ucr,083_UCR_Anomaly_DISTORTEDresperation9_38000_143411_143511,DISTORTEDresperation9,,lof,tuned,"{'w': 100, 'k': 30}",0.21286,0.11546,0.63878,0.16667,17.55,11.13,0.0,157000,1,0.00064,ok
ucr,083_UCR_Anomaly_DISTORTEDresperation9_38000_143411_143511,DISTORTEDresperation9,,knn,default,,0.16612,0.10334,0.65213,0.125,7.07,,1594.4,157000,1,0.00064,ok
ucr,083_UCR_Anomaly_DISTORTEDresperation9_38000_143411_143511,DISTORTEDresperation9,,knn,tuned,"{'w': 200, 'k': 5}",0.00999,0.0119,0.63953,0.05344,13.41,7.29,0.0,157000,1,0.00064,ok
ucr,083_UCR_Anomaly_DISTORTEDresperation9_38000_143411_143511,DISTORTEDresperation9,,ae,default,,0.92323,0.14286,0.97384,0.22222,20.0,,1664.7,157000,1,0.00064,ok
ucr,083_UCR_Anomaly_DISTORTEDresperation9_38000_143411_143511,DISTORTEDresperation9,,ae,tuned,"{'w': 100, 'hidden': 32, 'latent': 8}",0.9514,0.1343,0.99999,0.14286,28.77,61.74,0.0,157000,1,0.00064,ok
ucr,086_UCR_Anomaly_DISTORTEDsddb49_20000_67950_68200,DISTORTEDsddb49,,chronos_small_resid,default,,0.01636,0.01569,0.82979,0.02586,0.61,,1738.8,60000,1,0.00418,ok
ucr,086_UCR_Anomaly_DISTORTEDsddb49_20000_67950_68200,DISTORTEDsddb49,,chronos_small_quantile,default,,0.00914,0.0096,0.68126,1.0,0.61,,1738.8,60000,1,0.00418,ok
ucr,086_UCR_Anomaly_DISTORTEDsddb49_20000_67950_68200,DISTORTEDsddb49,,chronos_base_resid,default,,0.04183,0.02253,0.88297,0.02002,1.13,,1970.7,60000,1,0.00418,ok
ucr,086_UCR_Anomaly_DISTORTEDsddb49_20000_67950_68200,DISTORTEDsddb49,,chronos_base_quantile,default,,0.01137,0.01132,0.67611,1.0,1.13,,1970.7,60000,1,0.00418,ok
ucr,086_UCR_Anomaly_DISTORTEDsddb49_20000_67950_68200,DISTORTEDsddb49,,timesfm_resid,default,,0.04565,0.02577,0.71044,0.0223,20.49,,2047.0,60000,1,0.00418,ok
ucr,086_UCR_Anomaly_DISTORTEDsddb49_20000_67950_68200,DISTORTEDsddb49,,timesfm_quantile,default,,0.02092,0.018,0.66667,1.0,20.49,,2047.0,60000,1,0.00418,ok
ucr,086_UCR_Anomaly_DISTORTEDsddb49_20000_67950_68200,DISTORTEDsddb49,,tirex_resid,default,,0.12619,0.03685,0.95809,0.02028,22.54,,2035.3,60000,1,0.00418,ok
ucr,086_UCR_Anomaly_DISTORTEDsddb49_20000_67950_68200,DISTORTEDsddb49,,tirex_quantile,default,,0.0127,0.01316,0.66667,1.0,22.54,,2035.3,60000,1,0.00418,ok
ucr,086_UCR_Anomaly_DISTORTEDsddb49_20000_67950_68200,DISTORTEDsddb49,,iforest,default,,0.01377,0.01342,0.72205,0.11157,4.14,,1594.4,60000,1,0.00418,ok
ucr,086_UCR_Anomaly_DISTORTEDsddb49_20000_67950_68200,DISTORTEDsddb49,,iforest,tuned,"{'w': 100, 'n_estimators': 100}",0.01337,0.01312,0.72214,0.1032,3.67,7.42,0.0,60000,1,0.00418,ok
ucr,086_UCR_Anomaly_DISTORTEDsddb49_20000_67950_68200,DISTORTEDsddb49,,lof,default,,0.51084,0.23959,0.99917,0.51562,2.43,,1594.4,60000,1,0.00418,ok
ucr,086_UCR_Anomaly_DISTORTEDsddb49_20000_67950_68200,DISTORTEDsddb49,,lof,tuned,"{'w': 100, 'k': 30}",0.48541,0.21771,0.99917,0.52,5.31,6.12,0.0,60000,1,0.00418,ok
ucr,086_UCR_Anomaly_DISTORTEDsddb49_20000_67950_68200,DISTORTEDsddb49,,knn,default,,0.40375,0.15657,0.99918,0.2328,1.94,,1594.4,60000,1,0.00418,ok
ucr,086_UCR_Anomaly_DISTORTEDsddb49_20000_67950_68200,DISTORTEDsddb49,,knn,tuned,"{'w': 200, 'k': 1}",0.65494,0.32944,0.9992,0.58333,4.04,4.5,0.0,60000,1,0.00418,ok
ucr,086_UCR_Anomaly_DISTORTEDsddb49_20000_67950_68200,DISTORTEDsddb49,,ae,default,,0.75786,0.35378,0.99917,0.39674,7.76,,1624.2,60000,1,0.00418,ok
ucr,086_UCR_Anomaly_DISTORTEDsddb49_20000_67950_68200,DISTORTEDsddb49,,ae,tuned,"{'w': 200, 'hidden': 32, 'latent': 16}",0.97716,0.69854,0.99918,0.5,8.57,31.04,0.0,60000,1,0.00418,ok
ucr,089_UCR_Anomaly_DISTORTEDtiltAPB1_100000_114283_114350,DISTORTEDtiltAPB1,,chronos_small_resid,default,,0.00385,0.0054,0.69048,0.00809,0.23,,1738.8,30001,1,0.00227,ok
ucr,089_UCR_Anomaly_DISTORTEDtiltAPB1_100000_114283_114350,DISTORTEDtiltAPB1,,chronos_small_quantile,default,,0.0025,0.00337,0.66866,0.00424,0.23,,1738.8,30001,1,0.00227,ok
ucr,089_UCR_Anomaly_DISTORTEDtiltAPB1_100000_114283_114350,DISTORTEDtiltAPB1,,chronos_base_resid,default,,0.00906,0.01161,0.69122,0.01775,0.61,,1970.7,30001,1,0.00227,ok
ucr,089_UCR_Anomaly_DISTORTEDtiltAPB1_100000_114283_114350,DISTORTEDtiltAPB1,,chronos_base_quantile,default,,0.01162,0.01182,0.67832,1.0,0.61,,1970.7,30001,1,0.00227,ok
ucr,089_UCR_Anomaly_DISTORTEDtiltAPB1_100000_114283_114350,DISTORTEDtiltAPB1,,timesfm_resid,default,,0.01749,0.01646,0.6614,0.03993,8.45,,2047.0,30001,1,0.00227,ok
ucr,089_UCR_Anomaly_DISTORTEDtiltAPB1_100000_114283_114350,DISTORTEDtiltAPB1,,timesfm_quantile,default,,0.00636,0.00739,0.66667,1.0,8.45,,2047.0,30001,1,0.00227,ok
ucr,089_UCR_Anomaly_DISTORTEDtiltAPB1_100000_114283_114350,DISTORTEDtiltAPB1,,tirex_resid,default,,0.07005,0.04387,0.66721,0.05538,11.62,,2035.3,30001,1,0.00227,ok
ucr,089_UCR_Anomaly_DISTORTEDtiltAPB1_100000_114283_114350,DISTORTEDtiltAPB1,,tirex_quantile,default,,0.04054,0.02957,0.66677,1.0,11.62,,2035.3,30001,1,0.00227,ok
ucr,089_UCR_Anomaly_DISTORTEDtiltAPB1_100000_114283_114350,DISTORTEDtiltAPB1,,iforest,default,,0.07402,0.10112,0.65514,0.17633,3.58,,1594.4,30001,1,0.00227,ok
ucr,089_UCR_Anomaly_DISTORTEDtiltAPB1_100000_114283_114350,DISTORTEDtiltAPB1,,iforest,tuned,"{'w': 400, 'n_estimators': 100}",0.01971,0.03103,0.63134,0.24286,8.1,34.94,0.0,30001,1,0.00227,ok
ucr,089_UCR_Anomaly_DISTORTEDtiltAPB1_100000_114283_114350,DISTORTEDtiltAPB1,,lof,default,,0.10269,0.10269,0.72155,0.25952,7.74,,1594.4,30001,1,0.00227,ok
ucr,089_UCR_Anomaly_DISTORTEDtiltAPB1_100000_114283_114350,DISTORTEDtiltAPB1,,lof,tuned,"{'w': 200, 'k': 30}",0.39683,0.24491,0.86,0.45833,4.6,41.07,0.0,30001,1,0.00227,ok
ucr,089_UCR_Anomaly_DISTORTEDtiltAPB1_100000_114283_114350,DISTORTEDtiltAPB1,,knn,default,,0.67538,0.43305,0.99941,0.66667,3.44,,1594.4,30001,1,0.00227,ok
ucr,089_UCR_Anomaly_DISTORTEDtiltAPB1_100000_114283_114350,DISTORTEDtiltAPB1,,knn,tuned,"{'w': 200, 'k': 3}",0.96302,0.47721,0.99963,1.0,3.04,23.4,0.0,30001,1,0.00227,ok
ucr,089_UCR_Anomaly_DISTORTEDtiltAPB1_100000_114283_114350,DISTORTEDtiltAPB1,,ae,default,,0.22261,0.25588,0.99775,0.22492,31.01,,1619.0,30001,1,0.00227,ok
ucr,089_UCR_Anomaly_DISTORTEDtiltAPB1_100000_114283_114350,DISTORTEDtiltAPB1,,ae,tuned,"{'w': 100, 'hidden': 64, 'latent': 16}",0.22261,0.25588,0.99775,0.22492,34.57,172.1,0.0,30001,1,0.00227,ok
ucr,092_UCR_Anomaly_DISTORTEDtiltAPB4_20000_67995_67996,DISTORTEDtiltAPB4,,chronos_small_resid,default,,0.00191,0.00193,0.8254,0.01493,1.21,,1738.8,108001,1,2e-05,ok
ucr,092_UCR_Anomaly_DISTORTEDtiltAPB4_20000_67995_67996,DISTORTEDtiltAPB4,,chronos_small_quantile,default,,0.00018,0.00024,0.80968,1.0,1.21,,1738.8,108001,1,2e-05,ok
ucr,092_UCR_Anomaly_DISTORTEDtiltAPB4_20000_67995_67996,DISTORTEDtiltAPB4,,chronos_base_resid,default,,0.00159,0.00186,0.8334,0.01527,2.47,,1970.7,108001,1,2e-05,ok
ucr,092_UCR_Anomaly_DISTORTEDtiltAPB4_20000_67995_67996,DISTORTEDtiltAPB4,,chronos_base_quantile,default,,0.00027,0.00032,0.76472,1.0,2.47,,1970.7,108001,1,2e-05,ok
ucr,092_UCR_Anomaly_DISTORTEDtiltAPB4_20000_67995_67996,DISTORTEDtiltAPB4,,timesfm_resid,default,,0.00045,0.00083,0.74135,0.00679,34.86,,2047.0,108001,1,2e-05,ok
ucr,092_UCR_Anomaly_DISTORTEDtiltAPB4_20000_67995_67996,DISTORTEDtiltAPB4,,timesfm_quantile,default,,0.00034,0.00063,0.69774,1.0,34.86,,2047.0,108001,1,2e-05,ok
ucr,092_UCR_Anomaly_DISTORTEDtiltAPB4_20000_67995_67996,DISTORTEDtiltAPB4,,tirex_resid,default,,0.00073,0.00126,0.8875,0.01007,40.3,,2035.3,108001,1,2e-05,ok
ucr,092_UCR_Anomaly_DISTORTEDtiltAPB4_20000_67995_67996,DISTORTEDtiltAPB4,,tirex_quantile,default,,0.00048,0.00082,0.78247,1.0,40.3,,2035.3,108001,1,2e-05,ok
ucr,092_UCR_Anomaly_DISTORTEDtiltAPB4_20000_67995_67996,DISTORTEDtiltAPB4,,iforest,default,,6e-05,0.00012,0.74354,0.00743,6.56,,1594.4,108001,1,2e-05,ok
ucr,092_UCR_Anomaly_DISTORTEDtiltAPB4_20000_67995_67996,DISTORTEDtiltAPB4,,iforest,tuned,"{'w': 100, 'n_estimators': 200}",6e-05,0.00012,0.74354,0.00743,12.12,10.71,0.0,108001,1,2e-05,ok
ucr,092_UCR_Anomaly_DISTORTEDtiltAPB4_20000_67995_67996,DISTORTEDtiltAPB4,,lof,default,,4e-05,8e-05,0.5648,0.04348,4.02,,1594.4,108001,1,2e-05,ok
ucr,092_UCR_Anomaly_DISTORTEDtiltAPB4_20000_67995_67996,DISTORTEDtiltAPB4,,lof,tuned,"{'w': 100, 'k': 50}",4e-05,8e-05,0.5648,0.04348,8.94,5.86,0.0,108001,1,2e-05,ok
ucr,092_UCR_Anomaly_DISTORTEDtiltAPB4_20000_67995_67996,DISTORTEDtiltAPB4,,knn,default,,0.00012,0.00022,0.5916,0.025,3.1,,1594.4,108001,1,2e-05,ok
ucr,092_UCR_Anomaly_DISTORTEDtiltAPB4_20000_67995_67996,DISTORTEDtiltAPB4,,knn,tuned,"{'w': 200, 'k': 1}",3e-05,7e-05,0.56968,0.25,6.42,4.16,0.0,108001,1,2e-05,ok
ucr,092_UCR_Anomaly_DISTORTEDtiltAPB4_20000_67995_67996,DISTORTEDtiltAPB4,,ae,default,,0.36667,0.08909,0.9503,0.14286,12.45,,1644.3,108001,1,2e-05,ok
ucr,092_UCR_Anomaly_DISTORTEDtiltAPB4_20000_67995_67996,DISTORTEDtiltAPB4,,ae,tuned,"{'w': 200, 'hidden': 32, 'latent': 16}",4e-05,8e-05,0.56702,0.18182,20.28,44.26,0.0,108001,1,2e-05,ok
ucr,095_UCR_Anomaly_NOISECIMIS44AirTemperature4_4000_5549_5597,NOISECIMIS44AirTemperature4,,chronos_small_resid,default,,0.08655,0.07358,0.78902,0.09812,0.27,,1632.3,4184,1,0.01171,ok
ucr,095_UCR_Anomaly_NOISECIMIS44AirTemperature4_4000_5549_5597,NOISECIMIS44AirTemperature4,,chronos_small_quantile,default,,0.09194,0.07387,0.79201,1.0,0.27,,1632.3,4184,1,0.01171,ok
ucr,095_UCR_Anomaly_NOISECIMIS44AirTemperature4_4000_5549_5597,NOISECIMIS44AirTemperature4,,chronos_base_resid,default,,0.06649,0.05478,0.74226,0.07219,0.36,,1693.4,4184,1,0.01171,ok
ucr,095_UCR_Anomaly_NOISECIMIS44AirTemperature4_4000_5549_5597,NOISECIMIS44AirTemperature4,,chronos_base_quantile,default,,0.09382,0.06625,0.81936,1.0,0.36,,1693.4,4184,1,0.01171,ok
ucr,095_UCR_Anomaly_NOISECIMIS44AirTemperature4_4000_5549_5597,NOISECIMIS44AirTemperature4,,timesfm_resid,default,,0.21316,0.13078,0.99752,0.14846,2.73,,2047.0,4184,1,0.01171,ok
ucr,095_UCR_Anomaly_NOISECIMIS44AirTemperature4_4000_5549_5597,NOISECIMIS44AirTemperature4,,timesfm_quantile,default,,0.32718,0.18745,0.99842,1.0,2.73,,2047.0,4184,1,0.01171,ok
ucr,095_UCR_Anomaly_NOISECIMIS44AirTemperature4_4000_5549_5597,NOISECIMIS44AirTemperature4,,tirex_resid,default,,0.20406,0.12142,0.99871,0.12984,5.91,,1711.3,4184,1,0.01171,ok
ucr,095_UCR_Anomaly_NOISECIMIS44AirTemperature4_4000_5549_5597,NOISECIMIS44AirTemperature4,,tirex_quantile,default,,0.05979,0.04892,0.68544,1.0,5.91,,1711.3,4184,1,0.01171,ok
ucr,095_UCR_Anomaly_NOISECIMIS44AirTemperature4_4000_5549_5597,NOISECIMIS44AirTemperature4,,iforest,default,,0.02685,0.03689,0.78219,0.32143,1.31,,1594.4,4184,1,0.01171,ok
ucr,095_UCR_Anomaly_NOISECIMIS44AirTemperature4_4000_5549_5597,NOISECIMIS44AirTemperature4,,iforest,tuned,"{'w': 50, 'n_estimators': 200}",0.04739,0.05278,0.80827,0.30556,1.5,6.51,0.0,4184,1,0.01171,ok
ucr,095_UCR_Anomaly_NOISECIMIS44AirTemperature4_4000_5549_5597,NOISECIMIS44AirTemperature4,,lof,default,,0.03854,0.05264,0.8215,0.36667,0.18,,1594.4,4184,1,0.01171,ok
ucr,095_UCR_Anomaly_NOISECIMIS44AirTemperature4_4000_5549_5597,NOISECIMIS44AirTemperature4,,lof,tuned,"{'w': 50, 'k': 50}",0.08749,0.09968,0.83228,0.38333,0.66,2.18,0.0,4184,1,0.01171,ok
ucr,095_UCR_Anomaly_NOISECIMIS44AirTemperature4_4000_5549_5597,NOISECIMIS44AirTemperature4,,knn,default,,0.05477,0.07574,0.83827,0.33333,0.09,,1594.4,4184,1,0.01171,ok
ucr,095_UCR_Anomaly_NOISECIMIS44AirTemperature4_4000_5549_5597,NOISECIMIS44AirTemperature4,,knn,tuned,"{'w': 50, 'k': 5}",0.18338,0.18672,0.84811,0.58333,0.62,1.92,0.0,4184,1,0.01171,ok
ucr,095_UCR_Anomaly_NOISECIMIS44AirTemperature4_4000_5549_5597,NOISECIMIS44AirTemperature4,,ae,default,,0.78963,0.6497,0.99733,0.83333,1.74,,1600.6,4184,1,0.01171,ok
ucr,095_UCR_Anomaly_NOISECIMIS44AirTemperature4_4000_5549_5597,NOISECIMIS44AirTemperature4,,ae,tuned,"{'w': 100, 'hidden': 32, 'latent': 8}",0.33965,0.33723,0.92385,0.625,2.09,10.36,0.0,4184,1,0.01171,ok
ucr,098_UCR_Anomaly_NOISEInternalBleeding16_1200_4187_4199,NOISEInternalBleeding16,,chronos_small_resid,default,,0.00182,0.00241,0.68997,0.00694,0.14,,1651.1,6301,1,0.00206,ok
ucr,098_UCR_Anomaly_NOISEInternalBleeding16_1200_4187_4199,NOISEInternalBleeding16,,chronos_small_quantile,default,,0.0028,0.0033,0.69734,1.0,0.14,,1651.1,6301,1,0.00206,ok
ucr,098_UCR_Anomaly_NOISEInternalBleeding16_1200_4187_4199,NOISEInternalBleeding16,,chronos_base_resid,default,,0.00223,0.00297,0.79321,0.00917,0.2,,1744.9,6301,1,0.00206,ok
ucr,098_UCR_Anomaly_NOISEInternalBleeding16_1200_4187_4199,NOISEInternalBleeding16,,chronos_base_quantile,default,,0.00192,0.00285,0.71237,1.0,0.2,,1744.9,6301,1,0.00206,ok
ucr,098_UCR_Anomaly_NOISEInternalBleeding16_1200_4187_4199,NOISEInternalBleeding16,,timesfm_resid,default,,0.01034,0.00874,0.77172,0.02827,2.38,,2047.0,6301,1,0.00206,ok
ucr,098_UCR_Anomaly_NOISEInternalBleeding16_1200_4187_4199,NOISEInternalBleeding16,,timesfm_quantile,default,,0.00349,0.00377,0.72049,1.0,2.38,,2047.0,6301,1,0.00206,ok
ucr,098_UCR_Anomaly_NOISEInternalBleeding16_1200_4187_4199,NOISEInternalBleeding16,,tirex_resid,default,,0.00652,0.00581,0.66112,0.01763,6.11,,1766.0,6301,1,0.00206,ok
ucr,098_UCR_Anomaly_NOISEInternalBleeding16_1200_4187_4199,NOISEInternalBleeding16,,tirex_quantile,default,,0.00339,0.00376,0.66689,1.0,6.11,,1766.0,6301,1,0.00206,ok
ucr,098_UCR_Anomaly_NOISEInternalBleeding16_1200_4187_4199,NOISEInternalBleeding16,,iforest,default,,0.00782,0.01055,0.66109,0.1448,1.32,,1594.4,6301,1,0.00206,ok
ucr,098_UCR_Anomaly_NOISEInternalBleeding16_1200_4187_4199,NOISEInternalBleeding16,,lof,default,,0.01028,0.01402,0.6798,0.07605,0.14,,1594.4,6301,1,0.00206,ok
ucr,098_UCR_Anomaly_NOISEInternalBleeding16_1200_4187_4199,NOISEInternalBleeding16,,knn,default,,0.04506,0.06181,0.68533,0.51667,0.1,,1594.4,6301,1,0.00206,ok
ucr,098_UCR_Anomaly_NOISEInternalBleeding16_1200_4187_4199,NOISEInternalBleeding16,,ae,default,,0.01431,0.02491,0.705,0.16667,0.76,,1601.9,6301,1,0.00206,ok
ucr,101_UCR_Anomaly_NOISELab2Cmac011215EPG4_6000_17390_17520,NOISELab2Cmac011215EPG4,,chronos_small_resid,default,,0.00499,0.00755,0.72266,0.00342,0.3,,1738.8,24066,1,0.00544,ok
ucr,101_UCR_Anomaly_NOISELab2Cmac011215EPG4_6000_17390_17520,NOISELab2Cmac011215EPG4,,chronos_small_quantile,default,,0.00535,0.00822,0.75129,1.0,0.3,,1738.8,24066,1,0.00544,ok
ucr,101_UCR_Anomaly_NOISELab2Cmac011215EPG4_6000_17390_17520,NOISELab2Cmac011215EPG4,,chronos_base_resid,default,,0.00482,0.00758,0.71183,0.00135,0.51,,1970.7,24066,1,0.00544,ok
ucr,101_UCR_Anomaly_NOISELab2Cmac011215EPG4_6000_17390_17520,NOISELab2Cmac011215EPG4,,chronos_base_quantile,default,,0.0048,0.00769,0.83813,1.0,0.51,,1970.7,24066,1,0.00544,ok
ucr,101_UCR_Anomaly_NOISELab2Cmac011215EPG4_6000_17390_17520,NOISELab2Cmac011215EPG4,,timesfm_resid,default,,0.00616,0.0083,0.67678,0.00189,7.22,,2047.0,24066,1,0.00544,ok
ucr,101_UCR_Anomaly_NOISELab2Cmac011215EPG4_6000_17390_17520,NOISELab2Cmac011215EPG4,,timesfm_quantile,default,,0.00538,0.00786,0.67615,1.0,7.22,,2047.0,24066,1,0.00544,ok
ucr,101_UCR_Anomaly_NOISELab2Cmac011215EPG4_6000_17390_17520,NOISELab2Cmac011215EPG4,,tirex_resid,default,,0.00598,0.00857,0.66858,0.00188,14.07,,2035.3,24066,1,0.00544,ok
ucr,101_UCR_Anomaly_NOISELab2Cmac011215EPG4_6000_17390_17520,NOISELab2Cmac011215EPG4,,tirex_quantile,default,,0.00569,0.00837,0.66668,1.0,14.07,,2035.3,24066,1,0.00544,ok
ucr,101_UCR_Anomaly_NOISELab2Cmac011215EPG4_6000_17390_17520,NOISELab2Cmac011215EPG4,,iforest,default,,0.00446,0.00609,0.77385,0.01617,2.84,,1594.4,24066,1,0.00544,ok
ucr,101_UCR_Anomaly_NOISELab2Cmac011215EPG4_6000_17390_17520,NOISELab2Cmac011215EPG4,,iforest,tuned,"{'w': 50, 'n_estimators': 100}",0.00603,0.00765,0.86242,0.01223,3.32,7.64,0.0,24066,1,0.00544,ok
ucr,101_UCR_Anomaly_NOISELab2Cmac011215EPG4_6000_17390_17520,NOISELab2Cmac011215EPG4,,lof,default,,0.02161,0.02785,0.77932,0.07776,0.69,,1594.4,24066,1,0.00544,ok
ucr,101_UCR_Anomaly_NOISELab2Cmac011215EPG4_6000_17390_17520,NOISELab2Cmac011215EPG4,,lof,tuned,"{'w': 50, 'k': 30}",0.21028,0.26563,0.82684,0.30952,2.59,2.69,0.0,24066,1,0.00544,ok
ucr,101_UCR_Anomaly_NOISELab2Cmac011215EPG4_6000_17390_17520,NOISELab2Cmac011215EPG4,,knn,default,,0.13761,0.21027,0.77775,0.40833,0.44,,1594.4,24066,1,0.00544,ok
ucr,101_UCR_Anomaly_NOISELab2Cmac011215EPG4_6000_17390_17520,NOISELab2Cmac011215EPG4,,knn,tuned,"{'w': 50, 'k': 3}",0.25102,0.31714,0.86925,0.4,2.54,1.95,0.0,24066,1,0.00544,ok
ucr,101_UCR_Anomaly_NOISELab2Cmac011215EPG4_6000_17390_17520,NOISELab2Cmac011215EPG4,,ae,default,,0.01104,0.01418,0.77558,0.0527,3.27,,1608.7,24066,1,0.00544,ok
ucr,101_UCR_Anomaly_NOISELab2Cmac011215EPG4_6000_17390_17520,NOISELab2Cmac011215EPG4,,ae,tuned,"{'w': 50, 'hidden': 64, 'latent': 8}",0.09221,0.11076,0.80716,0.11494,7.37,14.85,0.0,24066,1,0.00544,ok
ucr,104_UCR_Anomaly_NOISEapneaecg4_6000_16000_16100,NOISEapneaecg4,,chronos_small_resid,default,,0.0022,0.00347,0.66531,0.00074,0.52,,1738.8,32269,1,0.00313,ok
ucr,104_UCR_Anomaly_NOISEapneaecg4_6000_16000_16100,NOISEapneaecg4,,chronos_small_quantile,default,,0.00307,0.00456,0.68764,1.0,0.52,,1738.8,32269,1,0.00313,ok
ucr,104_UCR_Anomaly_NOISEapneaecg4_6000_16000_16100,NOISEapneaecg4,,chronos_base_resid,default,,0.0023,0.00361,0.66432,0.00073,0.9,,1970.7,32269,1,0.00313,ok
ucr,104_UCR_Anomaly_NOISEapneaecg4_6000_16000_16100,NOISEapneaecg4,,chronos_base_quantile,default,,0.00305,0.00456,0.67665,1.0,0.9,,1970.7,32269,1,0.00313,ok
ucr,104_UCR_Anomaly_NOISEapneaecg4_6000_16000_16100,NOISEapneaecg4,,timesfm_resid,default,,0.00227,0.00354,0.66706,0.00047,10.06,,2047.0,32269,1,0.00313,ok
ucr,104_UCR_Anomaly_NOISEapneaecg4_6000_16000_16100,NOISEapneaecg4,,timesfm_quantile,default,,0.00307,0.00453,0.68237,1.0,10.06,,2047.0,32269,1,0.00313,ok
ucr,104_UCR_Anomaly_NOISEapneaecg4_6000_16000_16100,NOISEapneaecg4,,tirex_resid,default,,0.00256,0.00389,0.67151,0.00078,11.87,,2035.3,32269,1,0.00313,ok
ucr,104_UCR_Anomaly_NOISEapneaecg4_6000_16000_16100,NOISEapneaecg4,,tirex_quantile,default,,0.0031,0.00457,0.6726,1.0,11.87,,2035.3,32269,1,0.00313,ok
ucr,104_UCR_Anomaly_NOISEapneaecg4_6000_16000_16100,NOISEapneaecg4,,iforest,default,,0.00158,0.00415,0.65545,0.0,2.55,,1594.4,32269,1,0.00313,ok
ucr,104_UCR_Anomaly_NOISEapneaecg4_6000_16000_16100,NOISEapneaecg4,,iforest,tuned,"{'w': 400, 'n_estimators': 200}",0.00158,0.00354,0.64203,0.0,7.45,6.7,0.0,32269,1,0.00313,ok
ucr,104_UCR_Anomaly_NOISEapneaecg4_6000_16000_16100,NOISEapneaecg4,,lof,default,,0.0016,0.00401,0.65801,0.0,0.81,,1594.4,32269,1,0.00313,ok
ucr,104_UCR_Anomaly_NOISEapneaecg4_6000_16000_16100,NOISEapneaecg4,,lof,tuned,"{'w': 400, 'k': 10}",0.00176,0.00278,0.6531,0.0,2.27,2.38,0.0,32269,1,0.00313,ok
ucr,104_UCR_Anomaly_NOISEapneaecg4_6000_16000_16100,NOISEapneaecg4,,knn,default,,0.00499,0.00626,0.63572,0.04077,0.63,,1594.4,32269,1,0.00313,ok
ucr,104_UCR_Anomaly_NOISEapneaecg4_6000_16000_16100,NOISEapneaecg4,,knn,tuned,"{'w': 50, 'k': 3}",0.00325,0.00526,0.61421,0.01282,3.06,1.99,0.0,32269,1,0.00313,ok
ucr,104_UCR_Anomaly_NOISEapneaecg4_6000_16000_16100,NOISEapneaecg4,,ae,default,,0.00158,0.00403,0.64544,0.0,3.93,,1612.0,32269,1,0.00313,ok
ucr,104_UCR_Anomaly_NOISEapneaecg4_6000_16000_16100,NOISEapneaecg4,,ae,tuned,"{'w': 50, 'hidden': 64, 'latent': 8}",0.00163,0.00285,0.65376,0.00151,8.43,14.56,0.0,32269,1,0.00313,ok
ucr,107_UCR_Anomaly_NOISEinsectEPG3_5200_7000_7050,NOISEinsectEPG3,,chronos_small_resid,default,,0.00817,0.01199,0.64539,0.00283,0.19,,1637.8,4798,1,0.01063,ok
ucr,107_UCR_Anomaly_NOISEinsectEPG3_5200_7000_7050,NOISEinsectEPG3,,chronos_small_quantile,default,,0.0093,0.01399,0.66672,1.0,0.19,,1637.8,4798,1,0.01063,ok
ucr,107_UCR_Anomaly_NOISEinsectEPG3_5200_7000_7050,NOISEinsectEPG3,,chronos_base_resid,default,,0.00952,0.01348,0.66896,0.0034,0.2,,1705.6,4798,1,0.01063,ok
ucr,107_UCR_Anomaly_NOISEinsectEPG3_5200_7000_7050,NOISEinsectEPG3,,chronos_base_quantile,default,,0.00979,0.0147,0.66672,1.0,0.2,,1705.6,4798,1,0.01063,ok
ucr,107_UCR_Anomaly_NOISEinsectEPG3_5200_7000_7050,NOISEinsectEPG3,,timesfm_resid,default,,0.00852,0.01255,0.70454,0.00338,2.43,,2047.0,4798,1,0.01063,ok
ucr,107_UCR_Anomaly_NOISEinsectEPG3_5200_7000_7050,NOISEinsectEPG3,,timesfm_quantile,default,,0.00985,0.01473,0.75627,1.0,2.43,,2047.0,4798,1,0.01063,ok
ucr,107_UCR_Anomaly_NOISEinsectEPG3_5200_7000_7050,NOISEinsectEPG3,,tirex_resid,default,,0.01212,0.01596,0.67412,0.00485,6.3,,1725.0,4798,1,0.01063,ok
ucr,107_UCR_Anomaly_NOISEinsectEPG3_5200_7000_7050,NOISEinsectEPG3,,tirex_quantile,default,,0.01374,0.01915,0.73795,1.0,6.3,,1725.0,4798,1,0.01063,ok
ucr,107_UCR_Anomaly_NOISEinsectEPG3_5200_7000_7050,NOISEinsectEPG3,,iforest,default,,0.01507,0.02061,0.78775,0.16667,1.38,,1594.4,4798,1,0.01063,ok
ucr,107_UCR_Anomaly_NOISEinsectEPG3_5200_7000_7050,NOISEinsectEPG3,,iforest,tuned,"{'w': 50, 'n_estimators': 100}",0.03578,0.03615,0.79665,0.14813,1.16,6.71,0.0,4798,1,0.01063,ok
ucr,107_UCR_Anomaly_NOISEinsectEPG3_5200_7000_7050,NOISEinsectEPG3,,lof,default,,0.00726,0.01091,0.70514,0.0,0.2,,1594.4,4798,1,0.01063,ok
ucr,107_UCR_Anomaly_NOISEinsectEPG3_5200_7000_7050,NOISEinsectEPG3,,lof,tuned,"{'w': 50, 'k': 30}",0.01598,0.01836,0.71228,0.08816,0.73,2.24,0.0,4798,1,0.01063,ok
ucr,107_UCR_Anomaly_NOISEinsectEPG3_5200_7000_7050,NOISEinsectEPG3,,knn,default,,0.00869,0.01203,0.72072,0.0,0.11,,1594.4,4798,1,0.01063,ok
ucr,107_UCR_Anomaly_NOISEinsectEPG3_5200_7000_7050,NOISEinsectEPG3,,knn,tuned,"{'w': 50, 'k': 5}",0.02068,0.02303,0.73064,0.10069,0.59,1.84,0.0,4798,1,0.01063,ok
ucr,107_UCR_Anomaly_NOISEinsectEPG3_5200_7000_7050,NOISEinsectEPG3,,ae,default,,0.00558,0.0091,0.6872,0.0,1.95,,1601.0,4798,1,0.01063,ok
ucr,107_UCR_Anomaly_NOISEinsectEPG3_5200_7000_7050,NOISEinsectEPG3,,ae,tuned,"{'w': 50, 'hidden': 32, 'latent': 16}",0.00856,0.0111,0.68812,0.03078,4.89,12.46,0.0,4798,1,0.01063,ok
ucr,110_UCR_Anomaly_2sddb40_35000_56600_56900,2sddb40,,chronos_small_resid,default,,0.00391,0.00583,0.66981,0.00055,0.49,,1738.8,45001,1,0.00669,ok
ucr,110_UCR_Anomaly_2sddb40_35000_56600_56900,2sddb40,,chronos_small_quantile,default,,0.00669,0.00921,0.66864,1.0,0.49,,1738.8,45001,1,0.00669,ok
ucr,110_UCR_Anomaly_2sddb40_35000_56600_56900,2sddb40,,chronos_base_resid,default,,0.00396,0.00592,0.79932,0.00098,1.0,,1970.7,45001,1,0.00669,ok
ucr,110_UCR_Anomaly_2sddb40_35000_56600_56900,2sddb40,,chronos_base_quantile,default,,0.00661,0.00957,0.67659,1.0,1.0,,1970.7,45001,1,0.00669,ok
ucr,110_UCR_Anomaly_2sddb40_35000_56600_56900,2sddb40,,timesfm_resid,default,,0.00592,0.00891,0.66897,0.0082,14.72,,2047.0,45001,1,0.00669,ok
ucr,110_UCR_Anomaly_2sddb40_35000_56600_56900,2sddb40,,timesfm_quantile,default,,0.00699,0.01112,0.67681,1.0,14.72,,2047.0,45001,1,0.00669,ok
ucr,110_UCR_Anomaly_2sddb40_35000_56600_56900,2sddb40,,tirex_resid,default,,0.00419,0.00637,0.66892,0.0049,18.15,,2035.3,45001,1,0.00669,ok
ucr,110_UCR_Anomaly_2sddb40_35000_56600_56900,2sddb40,,tirex_quantile,default,,0.00641,0.00936,0.67676,1.0,18.15,,2035.3,45001,1,0.00669,ok
ucr,110_UCR_Anomaly_2sddb40_35000_56600_56900,2sddb40,,iforest,default,,0.00349,0.00651,0.65037,0.00403,3.5,,1594.4,45001,1,0.00669,ok
ucr,110_UCR_Anomaly_2sddb40_35000_56600_56900,2sddb40,,iforest,tuned,"{'w': 200, 'n_estimators': 100}",0.00337,0.00626,0.63609,0.0,6.15,13.26,0.0,45001,1,0.00669,ok
ucr,110_UCR_Anomaly_2sddb40_35000_56600_56900,2sddb40,,lof,default,,0.02034,0.02561,0.65429,0.05483,2.62,,1594.4,45001,1,0.00669,ok
ucr,110_UCR_Anomaly_2sddb40_35000_56600_56900,2sddb40,,lof,tuned,"{'w': 200, 'k': 50}",0.01481,0.02051,0.65918,0.15385,3.65,8.36,0.0,45001,1,0.00669,ok
ucr,110_UCR_Anomaly_2sddb40_35000_56600_56900,2sddb40,,knn,default,,0.01453,0.01959,0.66961,0.04701,1.78,,1594.4,45001,1,0.00669,ok
ucr,110_UCR_Anomaly_2sddb40_35000_56600_56900,2sddb40,,knn,tuned,"{'w': 200, 'k': 5}",0.021,0.02888,0.66778,0.16667,3.55,6.6,0.0,45001,1,0.00669,ok
ucr,110_UCR_Anomaly_2sddb40_35000_56600_56900,2sddb40,,ae,default,,0.00566,0.00928,0.65821,0.03175,13.33,,1620.7,45001,1,0.00669,ok
ucr,110_UCR_Anomaly_2sddb40_35000_56600_56900,2sddb40,,ae,tuned,"{'w': 200, 'hidden': 32, 'latent': 8}",0.0068,0.0103,0.66237,0.08983,13.37,68.76,0.0,45001,1,0.00669,ok
ucr,113_UCR_Anomaly_CIMIS44AirTemperature1_4000_5391_5392,CIMIS44AirTemperature1,,chronos_small_resid,default,,0.00051,0.00205,0.78609,0.0,0.14,,1632.3,4184,1,0.00048,ok
ucr,113_UCR_Anomaly_CIMIS44AirTemperature1_4000_5391_5392,CIMIS44AirTemperature1,,chronos_small_quantile,default,,0.00048,0.00115,0.75427,1.0,0.14,,1632.3,4184,1,0.00048,ok
ucr,113_UCR_Anomaly_CIMIS44AirTemperature1_4000_5391_5392,CIMIS44AirTemperature1,,chronos_base_resid,default,,0.00038,0.00254,0.74606,0.0,0.33,,1693.4,4184,1,0.00048,ok
ucr,113_UCR_Anomaly_CIMIS44AirTemperature1_4000_5391_5392,CIMIS44AirTemperature1,,chronos_base_quantile,default,,0.00048,0.00122,0.69935,1.0,0.33,,1693.4,4184,1,0.00048,ok
ucr,113_UCR_Anomaly_CIMIS44AirTemperature1_4000_5391_5392,CIMIS44AirTemperature1,,timesfm_resid,default,,0.00052,0.00275,0.77382,0.0,2.47,,2047.0,4184,1,0.00048,ok
ucr,113_UCR_Anomaly_CIMIS44AirTemperature1_4000_5391_5392,CIMIS44AirTemperature1,,timesfm_quantile,default,,0.00048,0.00132,0.78067,1.0,2.47,,2047.0,4184,1,0.00048,ok
ucr,113_UCR_Anomaly_CIMIS44AirTemperature1_4000_5391_5392,CIMIS44AirTemperature1,,tirex_resid,default,,0.0007,0.00151,0.79246,0.00408,5.82,,1711.3,4184,1,0.00048,ok
ucr,113_UCR_Anomaly_CIMIS44AirTemperature1_4000_5391_5392,CIMIS44AirTemperature1,,tirex_quantile,default,,0.00048,0.00109,0.66667,1.0,5.82,,1711.3,4184,1,0.00048,ok
ucr,113_UCR_Anomaly_CIMIS44AirTemperature1_4000_5391_5392,CIMIS44AirTemperature1,,iforest,default,,0.00069,0.00138,0.81417,0.0,1.27,,1594.4,4184,1,0.00048,ok
ucr,113_UCR_Anomaly_CIMIS44AirTemperature1_4000_5391_5392,CIMIS44AirTemperature1,,iforest,tuned,"{'w': 50, 'n_estimators': 100}",0.00073,0.00141,0.81716,0.14286,1.05,6.91,0.0,4184,1,0.00048,ok
ucr,113_UCR_Anomaly_CIMIS44AirTemperature1_4000_5391_5392,CIMIS44AirTemperature1,,lof,default,,0.0013,0.00311,0.81737,0.22222,0.18,,1594.4,4184,1,0.00048,ok
ucr,113_UCR_Anomaly_CIMIS44AirTemperature1_4000_5391_5392,CIMIS44AirTemperature1,,lof,tuned,"{'w': 50, 'k': 50}",0.00324,0.00523,0.8156,0.22222,0.6,2.16,0.0,4184,1,0.00048,ok
ucr,113_UCR_Anomaly_CIMIS44AirTemperature1_4000_5391_5392,CIMIS44AirTemperature1,,knn,default,,0.00261,0.00609,0.83487,0.33333,0.1,,1594.4,4184,1,0.00048,ok
ucr,113_UCR_Anomaly_CIMIS44AirTemperature1_4000_5391_5392,CIMIS44AirTemperature1,,knn,tuned,"{'w': 50, 'k': 5}",0.00391,0.00617,0.81461,0.26786,0.48,1.72,0.0,4184,1,0.00048,ok
ucr,113_UCR_Anomaly_CIMIS44AirTemperature1_4000_5391_5392,CIMIS44AirTemperature1,,ae,default,,0.08497,0.15438,0.99697,1.0,1.75,,1600.6,4184,1,0.00048,ok
ucr,113_UCR_Anomaly_CIMIS44AirTemperature1_4000_5391_5392,CIMIS44AirTemperature1,,ae,tuned,"{'w': 100, 'hidden': 32, 'latent': 8}",0.01607,0.03737,0.91309,0.66667,1.92,10.93,0.0,4184,1,0.00048,ok
ucr,116_UCR_Anomaly_CIMIS44AirTemperature4_4000_5549_5597,CIMIS44AirTemperature4,,chronos_small_resid,default,,0.10511,0.07312,0.81135,0.12037,0.11,,1632.3,4184,1,0.01171,ok
ucr,116_UCR_Anomaly_CIMIS44AirTemperature4_4000_5549_5597,CIMIS44AirTemperature4,,chronos_small_quantile,default,,0.09834,0.07608,0.8015,1.0,0.11,,1632.3,4184,1,0.01171,ok
ucr,116_UCR_Anomaly_CIMIS44AirTemperature4_4000_5549_5597,CIMIS44AirTemperature4,,chronos_base_resid,default,,0.08533,0.06031,0.79167,0.09492,0.2,,1693.4,4184,1,0.01171,ok
ucr,116_UCR_Anomaly_CIMIS44AirTemperature4_4000_5549_5597,CIMIS44AirTemperature4,,chronos_base_quantile,default,,0.0712,0.05324,0.72249,1.0,0.2,,1693.4,4184,1,0.01171,ok
ucr,116_UCR_Anomaly_CIMIS44AirTemperature4_4000_5549_5597,CIMIS44AirTemperature4,,timesfm_resid,default,,0.18657,0.11171,0.94341,0.16308,2.64,,2047.0,4184,1,0.01171,ok
ucr,116_UCR_Anomaly_CIMIS44AirTemperature4_4000_5549_5597,CIMIS44AirTemperature4,,timesfm_quantile,default,,0.20295,0.16326,0.89643,1.0,2.64,,2047.0,4184,1,0.01171,ok
ucr,116_UCR_Anomaly_CIMIS44AirTemperature4_4000_5549_5597,CIMIS44AirTemperature4,,tirex_resid,default,,0.15884,0.09363,0.95781,0.14167,7.41,,1711.3,4184,1,0.01171,ok
ucr,116_UCR_Anomaly_CIMIS44AirTemperature4_4000_5549_5597,CIMIS44AirTemperature4,,tirex_quantile,default,,0.03574,0.03248,0.67138,1.0,7.41,,1711.3,4184,1,0.01171,ok
ucr,116_UCR_Anomaly_CIMIS44AirTemperature4_4000_5549_5597,CIMIS44AirTemperature4,,iforest,default,,0.02693,0.03685,0.78504,0.32143,1.24,,1594.4,4184,1,0.01171,ok
ucr,116_UCR_Anomaly_CIMIS44AirTemperature4_4000_5549_5597,CIMIS44AirTemperature4,,iforest,tuned,"{'w': 50, 'n_estimators': 100}",0.04805,0.05347,0.81444,0.30556,0.97,6.72,0.0,4184,1,0.01171,ok
ucr,116_UCR_Anomaly_CIMIS44AirTemperature4_4000_5549_5597,CIMIS44AirTemperature4,,lof,default,,0.03929,0.0531,0.8265,0.38333,0.18,,1594.4,4184,1,0.01171,ok
ucr,116_UCR_Anomaly_CIMIS44AirTemperature4_4000_5549_5597,CIMIS44AirTemperature4,,lof,tuned,"{'w': 50, 'k': 50}",0.0844,0.09719,0.83137,0.36667,0.69,2.18,0.0,4184,1,0.01171,ok
ucr,116_UCR_Anomaly_CIMIS44AirTemperature4_4000_5549_5597,CIMIS44AirTemperature4,,knn,default,,0.0539,0.07418,0.83925,0.33333,0.15,,1594.4,4184,1,0.01171,ok
ucr,116_UCR_Anomaly_CIMIS44AirTemperature4_4000_5549_5597,CIMIS44AirTemperature4,,knn,tuned,"{'w': 50, 'k': 5}",0.19679,0.19302,0.84868,0.55833,0.5,2.69,0.0,4184,1,0.01171,ok
ucr,116_UCR_Anomaly_CIMIS44AirTemperature4_4000_5549_5597,CIMIS44AirTemperature4,,ae,default,,0.71797,0.6022,0.99724,0.83333,1.72,,1600.6,4184,1,0.01171,ok
ucr,116_UCR_Anomaly_CIMIS44AirTemperature4_4000_5549_5597,CIMIS44AirTemperature4,,ae,tuned,"{'w': 100, 'hidden': 32, 'latent': 8}",0.35645,0.36539,0.94343,0.625,2.63,11.1,0.0,4184,1,0.01171,ok
ucr,119_UCR_Anomaly_ECG1_10000_11800_12100,ECG1,,chronos_small_resid,default,,0.06941,0.04327,0.99901,0.01098,0.3,,1738.8,20000,1,0.01505,ok
ucr,119_UCR_Anomaly_ECG1_10000_11800_12100,ECG1,,chronos_small_quantile,default,,0.01652,0.02164,0.82527,1.0,0.3,,1738.8,20000,1,0.01505,ok
ucr,119_UCR_Anomaly_ECG1_10000_11800_12100,ECG1,,chronos_base_resid,default,,0.05289,0.04037,0.85143,0.01088,0.72,,1970.7,20000,1,0.01505,ok
ucr,119_UCR_Anomaly_ECG1_10000_11800_12100,ECG1,,chronos_base_quantile,default,,0.02957,0.02734,0.77406,1.0,0.72,,1970.7,20000,1,0.01505,ok
ucr,119_UCR_Anomaly_ECG1_10000_11800_12100,ECG1,,timesfm_resid,default,,0.16737,0.09689,0.99639,0.02294,8.38,,2047.0,20000,1,0.01505,ok
ucr,119_UCR_Anomaly_ECG1_10000_11800_12100,ECG1,,timesfm_quantile,default,,0.03062,0.03019,0.72315,1.0,8.38,,2047.0,20000,1,0.01505,ok
ucr,119_UCR_Anomaly_ECG1_10000_11800_12100,ECG1,,tirex_resid,default,,0.16423,0.09509,0.99821,0.02475,11.86,,2035.3,20000,1,0.01505,ok
ucr,119_UCR_Anomaly_ECG1_10000_11800_12100,ECG1,,tirex_quantile,default,,0.02563,0.0281,0.69202,1.0,11.86,,2035.3,20000,1,0.01505,ok
ucr,119_UCR_Anomaly_ECG1_10000_11800_12100,ECG1,,iforest,default,,0.55891,0.4004,0.9963,0.45833,2.03,,1594.4,20000,1,0.01505,ok
ucr,119_UCR_Anomaly_ECG1_10000_11800_12100,ECG1,,iforest,tuned,"{'w': 100, 'n_estimators': 100}",0.54615,0.38524,0.9963,0.45833,2.64,8.08,0.0,20000,1,0.01505,ok
ucr,119_UCR_Anomaly_ECG1_10000_11800_12100,ECG1,,lof,default,,0.55592,0.43682,0.99626,0.625,0.63,,1594.4,20000,1,0.01505,ok
ucr,119_UCR_Anomaly_ECG1_10000_11800_12100,ECG1,,lof,tuned,"{'w': 100, 'k': 30}",0.60697,0.46429,0.99626,0.625,1.82,3.23,0.0,20000,1,0.01505,ok
ucr,119_UCR_Anomaly_ECG1_10000_11800_12100,ECG1,,knn,default,,0.7373,0.57096,0.99633,0.72917,0.41,,1594.4,20000,1,0.01505,ok
ucr,119_UCR_Anomaly_ECG1_10000_11800_12100,ECG1,,knn,tuned,"{'w': 100, 'k': 3}",0.79917,0.6214,0.99633,0.72917,1.64,2.71,0.0,20000,1,0.01505,ok
ucr,119_UCR_Anomaly_ECG1_10000_11800_12100,ECG1,,ae,default,,0.73819,0.56834,0.99633,0.72917,4.35,,1607.9,20000,1,0.01505,ok
ucr,119_UCR_Anomaly_ECG1_10000_11800_12100,ECG1,,ae,tuned,"{'w': 100, 'hidden': 32, 'latent': 8}",0.69743,0.54881,0.99629,0.72222,5.62,22.42,0.0,20000,1,0.01505,ok
ucr,122_UCR_Anomaly_ECG3_8000_17000_17100,ECG3,,chronos_small_resid,default,,0.015,0.0147,0.68429,0.00587,0.33,,1738.8,22000,1,0.00459,ok
ucr,122_UCR_Anomaly_ECG3_8000_17000_17100,ECG3,,chronos_small_quantile,default,,0.0163,0.01522,0.66668,1.0,0.33,,1738.8,22000,1,0.00459,ok
ucr,122_UCR_Anomaly_ECG3_8000_17000_17100,ECG3,,chronos_base_resid,default,,0.01562,0.01527,0.67644,0.00607,0.75,,1970.7,22000,1,0.00459,ok
ucr,122_UCR_Anomaly_ECG3_8000_17000_17100,ECG3,,chronos_base_quantile,default,,0.00991,0.01009,0.66668,1.0,0.75,,1970.7,22000,1,0.00459,ok
ucr,122_UCR_Anomaly_ECG3_8000_17000_17100,ECG3,,timesfm_resid,default,,0.01665,0.01632,0.92426,0.00817,7.53,,2047.0,22000,1,0.00459,ok
ucr,122_UCR_Anomaly_ECG3_8000_17000_17100,ECG3,,timesfm_quantile,default,,0.01312,0.01276,0.8323,1.0,7.53,,2047.0,22000,1,0.00459,ok
ucr,122_UCR_Anomaly_ECG3_8000_17000_17100,ECG3,,tirex_resid,default,,0.01056,0.01081,0.69099,0.00634,11.31,,2035.3,22000,1,0.00459,ok
ucr,122_UCR_Anomaly_ECG3_8000_17000_17100,ECG3,,tirex_quantile,default,,0.00638,0.00796,0.67433,1.0,11.31,,2035.3,22000,1,0.00459,ok
ucr,122_UCR_Anomaly_ECG3_8000_17000_17100,ECG3,,iforest,default,,0.00233,0.00498,0.7736,0.0,1.87,,1594.4,22000,1,0.00459,ok
ucr,122_UCR_Anomaly_ECG3_8000_17000_17100,ECG3,,iforest,tuned,"{'w': 100, 'n_estimators': 200}",0.00233,0.00498,0.7736,0.0,3.79,7.69,0.0,22000,1,0.00459,ok
ucr,122_UCR_Anomaly_ECG3_8000_17000_17100,ECG3,,lof,default,,0.87919,0.72526,0.99874,1.0,0.59,,1594.4,22000,1,0.00459,ok
ucr,122_UCR_Anomaly_ECG3_8000_17000_17100,ECG3,,lof,tuned,"{'w': 200, 'k': 10}",0.94174,0.80911,0.99884,1.0,1.67,2.92,0.0,22000,1,0.00459,ok
ucr,122_UCR_Anomaly_ECG3_8000_17000_17100,ECG3,,knn,default,,0.46267,0.29665,0.99879,0.58333,0.47,,1594.4,22000,1,0.00459,ok
ucr,122_UCR_Anomaly_ECG3_8000_17000_17100,ECG3,,knn,tuned,"{'w': 50, 'k': 3}",0.47699,0.21193,0.99876,0.50532,2.16,1.91,0.0,22000,1,0.00459,ok
ucr,122_UCR_Anomaly_ECG3_8000_17000_17100,ECG3,,ae,default,,0.09491,0.08458,0.72707,0.27527,3.76,,1608.0,22000,1,0.00459,ok
ucr,122_UCR_Anomaly_ECG3_8000_17000_17100,ECG3,,ae,tuned,"{'w': 50, 'hidden': 64, 'latent': 8}",0.46327,0.24363,0.99876,0.5,8.87,18.79,0.0,22000,1,0.00459,ok
ucr,125_UCR_Anomaly_ECG4_5000_17000_17100,ECG4,,chronos_small_resid,default,,0.04305,0.02971,0.68773,0.01487,0.63,,1738.8,25000,1,0.00404,ok
ucr,125_UCR_Anomaly_ECG4_5000_17000_17100,ECG4,,chronos_small_quantile,default,,0.02431,0.01937,0.6801,1.0,0.63,,1738.8,25000,1,0.00404,ok
ucr,125_UCR_Anomaly_ECG4_5000_17000_17100,ECG4,,chronos_base_resid,default,,0.06206,0.0276,0.72047,0.01341,0.78,,1970.7,25000,1,0.00404,ok
ucr,125_UCR_Anomaly_ECG4_5000_17000_17100,ECG4,,chronos_base_quantile,default,,0.01333,0.01236,0.7148,1.0,0.78,,1970.7,25000,1,0.00404,ok
ucr,125_UCR_Anomaly_ECG4_5000_17000_17100,ECG4,,timesfm_resid,default,,0.0807,0.03455,0.87682,0.01398,10.03,,2047.0,25000,1,0.00404,ok
ucr,125_UCR_Anomaly_ECG4_5000_17000_17100,ECG4,,timesfm_quantile,default,,0.01887,0.01234,0.82276,1.0,10.03,,2047.0,25000,1,0.00404,ok
ucr,125_UCR_Anomaly_ECG4_5000_17000_17100,ECG4,,tirex_resid,default,,0.0155,0.00985,0.6835,0.00888,11.51,,2035.3,25000,1,0.00404,ok
ucr,125_UCR_Anomaly_ECG4_5000_17000_17100,ECG4,,tirex_quantile,default,,0.00702,0.00792,0.68539,1.0,11.51,,2035.3,25000,1,0.00404,ok
ucr,125_UCR_Anomaly_ECG4_5000_17000_17100,ECG4,,iforest,default,,0.00577,0.00625,0.80098,0.0135,2.36,,1594.4,25000,1,0.00404,ok
ucr,125_UCR_Anomaly_ECG4_5000_17000_17100,ECG4,,iforest,tuned,"{'w': 50, 'n_estimators': 100}",0.00642,0.00665,0.68308,0.01318,3.09,6.64,0.0,25000,1,0.00404,ok
ucr,125_UCR_Anomaly_ECG4_5000_17000_17100,ECG4,,lof,default,,0.89739,0.75152,0.99899,1.0,0.65,,1594.4,25000,1,0.00404,ok
ucr,125_UCR_Anomaly_ECG4_5000_17000_17100,ECG4,,lof,tuned,"{'w': 50, 'k': 30}",0.89794,0.57843,0.99898,0.66667,2.81,2.29,0.0,25000,1,0.00404,ok
ucr,125_UCR_Anomaly_ECG4_5000_17000_17100,ECG4,,knn,default,,0.91705,0.76098,0.99903,1.0,0.46,,1594.4,25000,1,0.00404,ok
ucr,125_UCR_Anomaly_ECG4_5000_17000_17100,ECG4,,knn,tuned,"{'w': 50, 'k': 3}",0.87385,0.49377,0.999,0.6,2.39,1.81,0.0,25000,1,0.00404,ok
ucr,125_UCR_Anomaly_ECG4_5000_17000_17100,ECG4,,ae,default,,0.89195,0.71024,0.999,1.0,3.12,,1609.1,25000,1,0.00404,ok
ucr,125_UCR_Anomaly_ECG4_5000_17000_17100,ECG4,,ae,tuned,"{'w': 50, 'hidden': 64, 'latent': 8}",0.72393,0.42489,0.99898,0.52778,6.6,12.11,0.0,25000,1,0.00404,ok
ucr,128_UCR_Anomaly_GP711MarkerLFM5z2_5000_7175_7388,GP711MarkerLFM5z2,,chronos_small_resid,default,,0.03061,0.04451,0.68357,0.03261,0.35,,1657.6,7000,1,0.03057,ok
ucr,128_UCR_Anomaly_GP711MarkerLFM5z2_5000_7175_7388,GP711MarkerLFM5z2,,chronos_small_quantile,default,,0.02964,0.04563,0.958,1.0,0.35,,1657.6,7000,1,0.03057,ok
ucr,128_UCR_Anomaly_GP711MarkerLFM5z2_5000_7175_7388,GP711MarkerLFM5z2,,chronos_base_resid,default,,0.03351,0.04804,0.70963,0.03351,0.25,,1758.3,7000,1,0.03057,ok
ucr,128_UCR_Anomaly_GP711MarkerLFM5z2_5000_7175_7388,GP711MarkerLFM5z2,,chronos_base_quantile,default,,0.03157,0.05017,0.958,1.0,0.25,,1758.3,7000,1,0.03057,ok
ucr,128_UCR_Anomaly_GP711MarkerLFM5z2_5000_7175_7388,GP711MarkerLFM5z2,,timesfm_resid,default,,0.4408,0.37116,0.99442,0.31503,2.52,,2047.0,7000,1,0.03057,ok
ucr,128_UCR_Anomaly_GP711MarkerLFM5z2_5000_7175_7388,GP711MarkerLFM5z2,,timesfm_quantile,default,,0.37417,0.34919,0.99317,1.0,2.52,,2047.0,7000,1,0.03057,ok
ucr,128_UCR_Anomaly_GP711MarkerLFM5z2_5000_7175_7388,GP711MarkerLFM5z2,,tirex_resid,default,,0.38156,0.33064,0.98452,0.29274,6.13,,1786.4,7000,1,0.03057,ok
ucr,128_UCR_Anomaly_GP711MarkerLFM5z2_5000_7175_7388,GP711MarkerLFM5z2,,tirex_quantile,default,,0.34625,0.35949,0.9903,1.0,6.13,,1786.4,7000,1,0.03057,ok
ucr,128_UCR_Anomaly_GP711MarkerLFM5z2_5000_7175_7388,GP711MarkerLFM5z2,,iforest,default,,0.39364,0.39076,0.99243,0.51562,1.28,,1594.4,7000,1,0.03057,ok
ucr,128_UCR_Anomaly_GP711MarkerLFM5z2_5000_7175_7388,GP711MarkerLFM5z2,,iforest,tuned,"{'w': 50, 'n_estimators': 100}",0.04536,0.05566,0.67476,0.0975,1.41,6.93,0.0,7000,1,0.03057,ok
ucr,128_UCR_Anomaly_GP711MarkerLFM5z2_5000_7175_7388,GP711MarkerLFM5z2,,lof,default,,0.9282,0.84796,0.99832,0.91667,0.3,,1594.4,7000,1,0.03057,ok
ucr,128_UCR_Anomaly_GP711MarkerLFM5z2_5000_7175_7388,GP711MarkerLFM5z2,,lof,tuned,"{'w': 50, 'k': 30}",0.82579,0.73254,0.99718,0.875,0.86,2.18,0.0,7000,1,0.03057,ok
ucr,128_UCR_Anomaly_GP711MarkerLFM5z2_5000_7175_7388,GP711MarkerLFM5z2,,knn,default,,0.77395,0.69909,0.99635,0.91667,0.14,,1594.4,7000,1,0.03057,ok
ucr,128_UCR_Anomaly_GP711MarkerLFM5z2_5000_7175_7388,GP711MarkerLFM5z2,,knn,tuned,"{'w': 50, 'k': 3}",0.6411,0.5141,0.99686,0.66667,0.77,1.96,0.0,7000,1,0.03057,ok
ucr,128_UCR_Anomaly_GP711MarkerLFM5z2_5000_7175_7388,GP711MarkerLFM5z2,,ae,default,,0.62464,0.65029,0.99202,0.82143,2.28,,1602.2,7000,1,0.03057,ok
ucr,128_UCR_Anomaly_GP711MarkerLFM5z2_5000_7175_7388,GP711MarkerLFM5z2,,ae,tuned,"{'w': 100, 'hidden': 64, 'latent': 8}",0.71622,0.69631,0.99362,0.91667,2.59,12.18,0.0,7000,1,0.03057,ok
ucr,131_UCR_Anomaly_GP711MarkerLFM5z5_5000_8612_8716,GP711MarkerLFM5z5,,chronos_small_resid,default,,0.02049,0.03653,0.68273,0.03518,0.36,,1657.6,7000,1,0.015,ok
ucr,131_UCR_Anomaly_GP711MarkerLFM5z5_5000_8612_8716,GP711MarkerLFM5z5,,chronos_small_quantile,default,,0.01397,0.02509,0.77421,1.0,0.36,,1657.6,7000,1,0.015,ok
ucr,131_UCR_Anomaly_GP711MarkerLFM5z5_5000_8612_8716,GP711MarkerLFM5z5,,chronos_base_resid,default,,0.02038,0.03404,0.68901,0.03637,0.2,,1758.3,7000,1,0.015,ok
ucr,131_UCR_Anomaly_GP711MarkerLFM5z5_5000_8612_8716,GP711MarkerLFM5z5,,chronos_base_quantile,default,,0.01411,0.05234,0.97757,1.0,0.2,,1758.3,7000,1,0.015,ok
ucr,131_UCR_Anomaly_GP711MarkerLFM5z5_5000_8612_8716,GP711MarkerLFM5z5,,timesfm_resid,default,,0.28918,0.23374,0.99605,0.25851,2.64,,2047.0,7000,1,0.015,ok
ucr,131_UCR_Anomaly_GP711MarkerLFM5z5_5000_8612_8716,GP711MarkerLFM5z5,,timesfm_quantile,default,,0.28256,0.1716,0.99605,1.0,2.64,,2047.0,7000,1,0.015,ok
ucr,131_UCR_Anomaly_GP711MarkerLFM5z5_5000_8612_8716,GP711MarkerLFM5z5,,tirex_resid,default,,0.23275,0.15453,0.99605,0.17089,5.61,,1786.4,7000,1,0.015,ok
ucr,131_UCR_Anomaly_GP711MarkerLFM5z5_5000_8612_8716,GP711MarkerLFM5z5,,tirex_quantile,default,,0.29147,0.19212,0.996,1.0,5.61,,1786.4,7000,1,0.015,ok
ucr,131_UCR_Anomaly_GP711MarkerLFM5z5_5000_8612_8716,GP711MarkerLFM5z5,,iforest,default,,0.99374,0.94477,0.99963,1.0,1.44,,1594.4,7000,1,0.015,ok
ucr,131_UCR_Anomaly_GP711MarkerLFM5z5_5000_8612_8716,GP711MarkerLFM5z5,,iforest,tuned,"{'w': 50, 'n_estimators': 100}",0.33955,0.23827,0.99576,0.38467,1.36,6.67,0.0,7000,1,0.015,ok
ucr,131_UCR_Anomaly_GP711MarkerLFM5z5_5000_8612_8716,GP711MarkerLFM5z5,,lof,default,,0.55791,0.77837,0.99562,1.0,0.23,,1594.4,7000,1,0.015,ok
ucr,131_UCR_Anomaly_GP711MarkerLFM5z5_5000_8612_8716,GP711MarkerLFM5z5,,lof,tuned,"{'w': 50, 'k': 30}",0.33161,0.50579,0.99329,0.68519,0.91,2.11,0.0,7000,1,0.015,ok
ucr,131_UCR_Anomaly_GP711MarkerLFM5z5_5000_8612_8716,GP711MarkerLFM5z5,,knn,default,,0.68134,0.83757,0.99617,1.0,0.14,,1594.4,7000,1,0.015,ok
ucr,131_UCR_Anomaly_GP711MarkerLFM5z5_5000_8612_8716,GP711MarkerLFM5z5,,knn,tuned,"{'w': 50, 'k': 3}",0.40229,0.60072,0.99327,0.80556,0.69,1.7,0.0,7000,1,0.015,ok
ucr,131_UCR_Anomaly_GP711MarkerLFM5z5_5000_8612_8716,GP711MarkerLFM5z5,,ae,default,,0.6255,0.83215,0.99641,1.0,1.88,,1602.2,7000,1,0.015,ok
ucr,131_UCR_Anomaly_GP711MarkerLFM5z5_5000_8612_8716,GP711MarkerLFM5z5,,ae,tuned,"{'w': 100, 'hidden': 64, 'latent': 8}",0.65114,0.82165,0.99591,1.0,2.7,12.58,0.0,7000,1,0.015,ok
ucr,134_UCR_Anomaly_InternalBleeding15_1700_5684_5854,InternalBleeding15,,chronos_small_resid,default,,0.06966,0.07425,0.86762,0.06571,0.2,,1647.0,5901,1,0.02898,ok
ucr,134_UCR_Anomaly_InternalBleeding15_1700_5684_5854,InternalBleeding15,,chronos_small_quantile,default,,0.05865,0.06512,0.69278,1.0,0.2,,1647.0,5901,1,0.02898,ok
ucr,134_UCR_Anomaly_InternalBleeding15_1700_5684_5854,InternalBleeding15,,chronos_base_resid,default,,0.08031,0.08517,0.8674,0.07448,0.51,,1730.8,5901,1,0.02898,ok
ucr,134_UCR_Anomaly_InternalBleeding15_1700_5684_5854,InternalBleeding15,,chronos_base_quantile,default,,0.05841,0.06525,0.67724,1.0,0.51,,1730.8,5901,1,0.02898,ok
ucr,134_UCR_Anomaly_InternalBleeding15_1700_5684_5854,InternalBleeding15,,timesfm_resid,default,,0.15798,0.17275,0.92184,0.1818,2.76,,2047.0,5901,1,0.02898,ok
ucr,134_UCR_Anomaly_InternalBleeding15_1700_5684_5854,InternalBleeding15,,timesfm_quantile,default,,0.12035,0.10774,0.71818,1.0,2.76,,2047.0,5901,1,0.02898,ok
ucr,134_UCR_Anomaly_InternalBleeding15_1700_5684_5854,InternalBleeding15,,tirex_resid,default,,0.11328,0.12099,0.90235,0.13611,6.06,,1754.5,5901,1,0.02898,ok
ucr,134_UCR_Anomaly_InternalBleeding15_1700_5684_5854,InternalBleeding15,,tirex_quantile,default,,0.06024,0.06847,0.92671,1.0,6.06,,1754.5,5901,1,0.02898,ok
ucr,134_UCR_Anomaly_InternalBleeding15_1700_5684_5854,InternalBleeding15,,iforest,default,,0.52407,0.37462,0.99517,0.55556,1.35,,1594.4,5901,1,0.02898,ok
ucr,134_UCR_Anomaly_InternalBleeding15_1700_5684_5854,InternalBleeding15,,lof,default,,0.55101,0.39217,0.99651,0.47121,0.15,,1594.4,5901,1,0.02898,ok
ucr,134_UCR_Anomaly_InternalBleeding15_1700_5684_5854,InternalBleeding15,,knn,default,,0.99811,0.88453,0.99993,1.0,0.1,,1594.4,5901,1,0.02898,ok
ucr,134_UCR_Anomaly_InternalBleeding15_1700_5684_5854,InternalBleeding15,,ae,default,,0.04754,0.04826,0.69233,0.11488,1.08,,1601.9,5901,1,0.02898,ok
ucr,137_UCR_Anomaly_InternalBleeding18_2300_4485_4587,InternalBleeding18,,chronos_small_resid,default,,0.02389,0.03532,0.68577,0.04069,0.36,,1641.7,5200,1,0.01981,ok
ucr,137_UCR_Anomaly_InternalBleeding18_2300_4485_4587,InternalBleeding18,,chronos_small_quantile,default,,0.01609,0.02572,0.7368,1.0,0.36,,1641.7,5200,1,0.01981,ok
ucr,137_UCR_Anomaly_InternalBleeding18_2300_4485_4587,InternalBleeding18,,chronos_base_resid,default,,0.02446,0.02983,0.70982,0.02752,0.21,,1715.7,5200,1,0.01981,ok
ucr,137_UCR_Anomaly_InternalBleeding18_2300_4485_4587,InternalBleeding18,,chronos_base_quantile,default,,0.01725,0.02661,0.91208,1.0,0.21,,1715.7,5200,1,0.01981,ok
ucr,137_UCR_Anomaly_InternalBleeding18_2300_4485_4587,InternalBleeding18,,timesfm_resid,default,,0.27329,0.16879,0.99573,0.17069,2.53,,2047.0,5200,1,0.01981,ok
ucr,137_UCR_Anomaly_InternalBleeding18_2300_4485_4587,InternalBleeding18,,timesfm_quantile,default,,0.05916,0.05371,0.79419,1.0,2.53,,2047.0,5200,1,0.01981,ok
ucr,137_UCR_Anomaly_InternalBleeding18_2300_4485_4587,InternalBleeding18,,tirex_resid,default,,0.02572,0.03463,0.8026,0.04459,5.77,,1738.5,5200,1,0.01981,ok
ucr,137_UCR_Anomaly_InternalBleeding18_2300_4485_4587,InternalBleeding18,,tirex_quantile,default,,0.01916,0.02806,0.84901,1.0,5.77,,1738.5,5200,1,0.01981,ok
ucr,137_UCR_Anomaly_InternalBleeding18_2300_4485_4587,InternalBleeding18,,iforest,default,,0.02785,0.03165,0.66246,0.10513,1.31,,1594.4,5200,1,0.01981,ok
ucr,137_UCR_Anomaly_InternalBleeding18_2300_4485_4587,InternalBleeding18,,lof,default,,0.01257,0.02712,0.67974,0.02,0.13,,1594.4,5200,1,0.01981,ok
ucr,137_UCR_Anomaly_InternalBleeding18_2300_4485_4587,InternalBleeding18,,knn,default,,0.41292,0.33773,0.72274,0.58333,0.09,,1594.4,5200,1,0.01981,ok
ucr,137_UCR_Anomaly_InternalBleeding18_2300_4485_4587,InternalBleeding18,,ae,default,,0.03378,0.03596,0.6763,0.22222,1.01,,1600.9,5200,1,0.01981,ok
ucr,140_UCR_Anomaly_InternalBleeding4_1000_4675_5033,InternalBleeding4,,chronos_small_resid,default,,0.38072,0.3267,0.99293,0.42436,0.13,,1651.1,6321,1,0.05679,ok
ucr,140_UCR_Anomaly_InternalBleeding4_1000_4675_5033,InternalBleeding4,,chronos_small_quantile,default,,0.1023,0.09233,0.98298,1.0,0.13,,1651.1,6321,1,0.05679,ok
ucr,140_UCR_Anomaly_InternalBleeding4_1000_4675_5033,InternalBleeding4,,chronos_base_resid,default,,0.36414,0.30469,0.98298,0.32698,0.2,,1744.9,6321,1,0.05679,ok
ucr,140_UCR_Anomaly_InternalBleeding4_1000_4675_5033,InternalBleeding4,,chronos_base_quantile,default,,0.07941,0.08589,0.87351,1.0,0.2,,1744.9,6321,1,0.05679,ok
ucr,140_UCR_Anomaly_InternalBleeding4_1000_4675_5033,InternalBleeding4,,timesfm_resid,default,,0.53494,0.47285,0.99445,0.53498,2.66,,2047.0,6321,1,0.05679,ok
ucr,140_UCR_Anomaly_InternalBleeding4_1000_4675_5033,InternalBleeding4,,timesfm_quantile,default,,0.22101,0.19553,0.98589,1.0,2.66,,2047.0,6321,1,0.05679,ok
ucr,140_UCR_Anomaly_InternalBleeding4_1000_4675_5033,InternalBleeding4,,tirex_resid,default,,0.51743,0.44956,0.99348,0.52569,5.66,,1766.0,6321,1,0.05679,ok
ucr,140_UCR_Anomaly_InternalBleeding4_1000_4675_5033,InternalBleeding4,,tirex_quantile,default,,0.38189,0.32396,0.98725,1.0,5.66,,1766.0,6321,1,0.05679,ok
ucr,140_UCR_Anomaly_InternalBleeding4_1000_4675_5033,InternalBleeding4,,iforest,default,,0.61406,0.51202,0.99432,0.66667,1.33,,1594.4,6321,1,0.05679,ok
ucr,140_UCR_Anomaly_InternalBleeding4_1000_4675_5033,InternalBleeding4,,lof,default,,0.64026,0.56086,0.99353,0.76471,0.13,,1594.4,6321,1,0.05679,ok
ucr,140_UCR_Anomaly_InternalBleeding4_1000_4675_5033,InternalBleeding4,,knn,default,,0.68316,0.62844,0.99261,0.75,0.1,,1594.4,6321,1,0.05679,ok
ucr,140_UCR_Anomaly_InternalBleeding4_1000_4675_5033,InternalBleeding4,,ae,default,,0.71336,0.63566,0.99482,0.76786,0.74,,1601.9,6321,1,0.05679,ok
ucr,143_UCR_Anomaly_InternalBleeding8_2500_5865_5974,InternalBleeding8,,chronos_small_resid,default,,0.01972,0.03282,0.6807,0.01276,0.11,,1641.3,5001,1,0.022,ok
ucr,143_UCR_Anomaly_InternalBleeding8_2500_5865_5974,InternalBleeding8,,chronos_small_quantile,default,,0.02181,0.03178,0.69616,1.0,0.11,,1641.3,5001,1,0.022,ok
ucr,143_UCR_Anomaly_InternalBleeding8_2500_5865_5974,InternalBleeding8,,chronos_base_resid,default,,0.02574,0.04543,0.6863,0.02068,0.21,,1715.1,5001,1,0.022,ok
ucr,143_UCR_Anomaly_InternalBleeding8_2500_5865_5974,InternalBleeding8,,chronos_base_quantile,default,,0.02567,0.03951,0.69334,1.0,0.21,,1715.1,5001,1,0.022,ok
ucr,143_UCR_Anomaly_InternalBleeding8_2500_5865_5974,InternalBleeding8,,timesfm_resid,default,,0.02305,0.06851,0.97291,0.03301,2.97,,2047.0,5001,1,0.022,ok
ucr,143_UCR_Anomaly_InternalBleeding8_2500_5865_5974,InternalBleeding8,,timesfm_quantile,default,,0.02242,0.05645,0.97331,1.0,2.97,,2047.0,5001,1,0.022,ok
ucr,143_UCR_Anomaly_InternalBleeding8_2500_5865_5974,InternalBleeding8,,tirex_resid,default,,0.0262,0.08175,0.97057,0.03191,5.76,,1731.8,5001,1,0.022,ok
ucr,143_UCR_Anomaly_InternalBleeding8_2500_5865_5974,InternalBleeding8,,tirex_quantile,default,,0.0356,0.0871,0.97331,1.0,5.76,,1731.8,5001,1,0.022,ok
ucr,143_UCR_Anomaly_InternalBleeding8_2500_5865_5974,InternalBleeding8,,iforest,default,,0.02012,0.03716,0.79019,0.08187,1.27,,1594.4,5001,1,0.022,ok
ucr,143_UCR_Anomaly_InternalBleeding8_2500_5865_5974,InternalBleeding8,,lof,default,,0.04155,0.04557,0.71896,0.0716,0.15,,1594.4,5001,1,0.022,ok
ucr,143_UCR_Anomaly_InternalBleeding8_2500_5865_5974,InternalBleeding8,,knn,default,,0.29726,0.45541,0.98647,0.55556,0.09,,1594.4,5001,1,0.022,ok
ucr,143_UCR_Anomaly_InternalBleeding8_2500_5865_5974,InternalBleeding8,,ae,default,,0.01293,0.02505,0.67982,0.01923,1.03,,1600.9,5001,1,0.022,ok
ucr,146_UCR_Anomaly_Lab2Cmac011215EPG2_5000_27862_27932,Lab2Cmac011215EPG2,,chronos_small_resid,default,,0.0025,0.00416,0.66724,0.00098,0.42,,1738.8,24950,1,0.00285,ok
ucr,146_UCR_Anomaly_Lab2Cmac011215EPG2_5000_27862_27932,Lab2Cmac011215EPG2,,chronos_small_quantile,default,,0.00317,0.00469,0.66667,1.0,0.42,,1738.8,24950,1,0.00285,ok
ucr,146_UCR_Anomaly_Lab2Cmac011215EPG2_5000_27862_27932,Lab2Cmac011215EPG2,,chronos_base_resid,default,,0.00247,0.00413,0.67497,0.00158,0.7,,1970.7,24950,1,0.00285,ok
ucr,146_UCR_Anomaly_Lab2Cmac011215EPG2_5000_27862_27932,Lab2Cmac011215EPG2,,chronos_base_quantile,default,,0.00277,0.0042,0.67409,1.0,0.7,,1970.7,24950,1,0.00285,ok
ucr,146_UCR_Anomaly_Lab2Cmac011215EPG2_5000_27862_27932,Lab2Cmac011215EPG2,,timesfm_resid,default,,0.00518,0.00598,0.70893,0.00609,8.74,,2047.0,24950,1,0.00285,ok
ucr,146_UCR_Anomaly_Lab2Cmac011215EPG2_5000_27862_27932,Lab2Cmac011215EPG2,,timesfm_quantile,default,,0.0052,0.00654,0.67131,1.0,8.74,,2047.0,24950,1,0.00285,ok
ucr,146_UCR_Anomaly_Lab2Cmac011215EPG2_5000_27862_27932,Lab2Cmac011215EPG2,,tirex_resid,default,,0.00569,0.00699,0.68848,0.0062,12.16,,2035.3,24950,1,0.00285,ok
ucr,146_UCR_Anomaly_Lab2Cmac011215EPG2_5000_27862_27932,Lab2Cmac011215EPG2,,tirex_quantile,default,,0.00469,0.00697,0.87451,1.0,12.16,,2035.3,24950,1,0.00285,ok
ucr,146_UCR_Anomaly_Lab2Cmac011215EPG2_5000_27862_27932,Lab2Cmac011215EPG2,,iforest,default,,0.00328,0.00526,0.84747,0.03597,2.37,,1594.4,24950,1,0.00285,ok
ucr,146_UCR_Anomaly_Lab2Cmac011215EPG2_5000_27862_27932,Lab2Cmac011215EPG2,,iforest,tuned,"{'w': 50, 'n_estimators': 100}",0.00802,0.01341,0.77876,0.07589,3.03,6.89,0.0,24950,1,0.00285,ok
ucr,146_UCR_Anomaly_Lab2Cmac011215EPG2_5000_27862_27932,Lab2Cmac011215EPG2,,lof,default,,0.00503,0.00633,0.84577,0.04683,0.63,,1594.4,24950,1,0.00285,ok
ucr,146_UCR_Anomaly_Lab2Cmac011215EPG2_5000_27862_27932,Lab2Cmac011215EPG2,,lof,tuned,"{'w': 50, 'k': 30}",0.06496,0.06121,0.84747,0.14596,2.58,2.15,0.0,24950,1,0.00285,ok
ucr,146_UCR_Anomaly_Lab2Cmac011215EPG2_5000_27862_27932,Lab2Cmac011215EPG2,,knn,default,,0.01365,0.01495,0.84577,0.08604,0.45,,1594.4,24950,1,0.00285,ok
ucr,146_UCR_Anomaly_Lab2Cmac011215EPG2_5000_27862_27932,Lab2Cmac011215EPG2,,knn,tuned,"{'w': 50, 'k': 3}",0.13367,0.12732,0.84747,0.33333,2.48,1.8,0.0,24950,1,0.00285,ok
ucr,146_UCR_Anomaly_Lab2Cmac011215EPG2_5000_27862_27932,Lab2Cmac011215EPG2,,ae,default,,0.0042,0.00503,0.84595,0.04414,3.09,,1609.0,24950,1,0.00285,ok
ucr,146_UCR_Anomaly_Lab2Cmac011215EPG2_5000_27862_27932,Lab2Cmac011215EPG2,,ae,tuned,"{'w': 50, 'hidden': 64, 'latent': 8}",0.03946,0.03761,0.84717,0.08934,6.47,11.95,0.0,24950,1,0.00285,ok
ucr,149_UCR_Anomaly_Lab2Cmac011215EPG5_7000_17390_17520,Lab2Cmac011215EPG5,,chronos_small_resid,default,,0.00906,0.01092,0.7284,0.00648,0.3,,1738.8,22826,1,0.00574,ok
ucr,149_UCR_Anomaly_Lab2Cmac011215EPG5_7000_17390_17520,Lab2Cmac011215EPG5,,chronos_small_quantile,default,,0.00922,0.01026,0.72004,1.0,0.3,,1738.8,22826,1,0.00574,ok
ucr,149_UCR_Anomaly_Lab2Cmac011215EPG5_7000_17390_17520,Lab2Cmac011215EPG5,,chronos_base_resid,default,,0.00815,0.0104,0.73068,0.00417,0.63,,1970.7,22826,1,0.00574,ok
ucr,149_UCR_Anomaly_Lab2Cmac011215EPG5_7000_17390_17520,Lab2Cmac011215EPG5,,chronos_base_quantile,default,,0.00553,0.00804,0.75304,1.0,0.63,,1970.7,22826,1,0.00574,ok
ucr,149_UCR_Anomaly_Lab2Cmac011215EPG5_7000_17390_17520,Lab2Cmac011215EPG5,,timesfm_resid,default,,0.01006,0.01241,0.68095,0.00416,7.79,,2047.0,22826,1,0.00574,ok
ucr,149_UCR_Anomaly_Lab2Cmac011215EPG5_7000_17390_17520,Lab2Cmac011215EPG5,,timesfm_quantile,default,,0.0072,0.0098,0.66668,1.0,7.79,,2047.0,22826,1,0.00574,ok
ucr,149_UCR_Anomaly_Lab2Cmac011215EPG5_7000_17390_17520,Lab2Cmac011215EPG5,,tirex_resid,default,,0.01031,0.01264,0.6736,0.00234,10.24,,2035.3,22826,1,0.00574,ok
ucr,149_UCR_Anomaly_Lab2Cmac011215EPG5_7000_17390_17520,Lab2Cmac011215EPG5,,tirex_quantile,default,,0.00772,0.00986,0.66668,1.0,10.24,,2035.3,22826,1,0.00574,ok
ucr,149_UCR_Anomaly_Lab2Cmac011215EPG5_7000_17390_17520,Lab2Cmac011215EPG5,,iforest,default,,0.64301,0.48472,0.99837,0.39352,2.36,,1594.4,22826,1,0.00574,ok
ucr,149_UCR_Anomaly_Lab2Cmac011215EPG5_7000_17390_17520,Lab2Cmac011215EPG5,,iforest,tuned,"{'w': 50, 'n_estimators': 100}",0.54182,0.30214,0.99846,0.25,3.09,7.45,0.0,22826,1,0.00574,ok
ucr,149_UCR_Anomaly_Lab2Cmac011215EPG5_7000_17390_17520,Lab2Cmac011215EPG5,,lof,default,,0.69362,0.40588,0.99866,0.52941,0.66,,1594.4,22826,1,0.00574,ok
ucr,149_UCR_Anomaly_Lab2Cmac011215EPG5_7000_17390_17520,Lab2Cmac011215EPG5,,lof,tuned,"{'w': 50, 'k': 30}",0.55964,0.29918,0.9985,0.50649,2.54,2.63,0.0,22826,1,0.00574,ok
ucr,149_UCR_Anomaly_Lab2Cmac011215EPG5_7000_17390_17520,Lab2Cmac011215EPG5,,knn,default,,0.59516,0.3265,0.99866,0.52632,0.48,,1594.4,22826,1,0.00574,ok
ucr,149_UCR_Anomaly_Lab2Cmac011215EPG5_7000_17390_17520,Lab2Cmac011215EPG5,,knn,tuned,"{'w': 50, 'k': 3}",0.55323,0.29484,0.99858,0.50485,2.37,2.25,0.0,22826,1,0.00574,ok
ucr,149_UCR_Anomaly_Lab2Cmac011215EPG5_7000_17390_17520,Lab2Cmac011215EPG5,,ae,default,,0.6562,0.39683,0.99863,0.52174,3.68,,1608.3,22826,1,0.00574,ok
ucr,149_UCR_Anomaly_Lab2Cmac011215EPG5_7000_17390_17520,Lab2Cmac011215EPG5,,ae,tuned,"{'w': 50, 'hidden': 64, 'latent': 8}",0.58142,0.33261,0.99861,0.37903,8.23,14.89,0.0,22826,1,0.00574,ok
ucr,152_UCR_Anomaly_PowerDemand1_9000_18485_18821,PowerDemand1,,chronos_small_resid,default,,0.05684,0.06418,0.7332,0.01963,0.47,,1738.8,20931,1,0.0161,ok
ucr,152_UCR_Anomaly_PowerDemand1_9000_18485_18821,PowerDemand1,,chronos_small_quantile,default,,0.04523,0.03029,0.95502,1.0,0.47,,1738.8,20931,1,0.0161,ok
ucr,152_UCR_Anomaly_PowerDemand1_9000_18485_18821,PowerDemand1,,chronos_base_resid,default,,0.05046,0.05986,0.72591,0.0183,0.75,,1970.7,20931,1,0.0161,ok
ucr,152_UCR_Anomaly_PowerDemand1_9000_18485_18821,PowerDemand1,,chronos_base_quantile,default,,0.04268,0.02774,0.95502,1.0,0.75,,1970.7,20931,1,0.0161,ok
ucr,152_UCR_Anomaly_PowerDemand1_9000_18485_18821,PowerDemand1,,timesfm_resid,default,,0.04516,0.05285,0.69518,0.02035,8.1,,2047.0,20931,1,0.0161,ok
ucr,152_UCR_Anomaly_PowerDemand1_9000_18485_18821,PowerDemand1,,timesfm_quantile,default,,0.02263,0.02677,0.68216,1.0,8.1,,2047.0,20931,1,0.0161,ok
ucr,152_UCR_Anomaly_PowerDemand1_9000_18485_18821,PowerDemand1,,tirex_resid,default,,0.0351,0.04777,0.70639,0.01776,12.56,,2035.3,20931,1,0.0161,ok
ucr,152_UCR_Anomaly_PowerDemand1_9000_18485_18821,PowerDemand1,,tirex_quantile,default,,0.08755,0.07958,0.94805,1.0,12.56,,2035.3,20931,1,0.0161,ok
ucr,152_UCR_Anomaly_PowerDemand1_9000_18485_18821,PowerDemand1,,iforest,default,,0.00829,0.01287,0.64614,0.0119,2.24,,1594.4,20931,1,0.0161,ok
ucr,152_UCR_Anomaly_PowerDemand1_9000_18485_18821,PowerDemand1,,iforest,tuned,"{'w': 100, 'n_estimators': 100}",0.00838,0.01284,0.64395,0.01111,2.63,7.95,0.0,20931,1,0.0161,ok
ucr,152_UCR_Anomaly_PowerDemand1_9000_18485_18821,PowerDemand1,,lof,default,,0.977,0.82288,0.99955,0.91667,0.59,,1594.4,20931,1,0.0161,ok
ucr,152_UCR_Anomaly_PowerDemand1_9000_18485_18821,PowerDemand1,,lof,tuned,"{'w': 50, 'k': 50}",0.94903,0.74908,0.99961,0.83333,2.77,3.13,0.0,20931,1,0.0161,ok
ucr,152_UCR_Anomaly_PowerDemand1_9000_18485_18821,PowerDemand1,,knn,default,,0.99792,0.84258,0.99948,1.0,0.47,,1594.4,20931,1,0.0161,ok
ucr,152_UCR_Anomaly_PowerDemand1_9000_18485_18821,PowerDemand1,,knn,tuned,"{'w': 100, 'k': 3}",0.99841,0.84285,0.99946,1.0,1.65,3.14,0.0,20931,1,0.0161,ok
ucr,152_UCR_Anomaly_PowerDemand1_9000_18485_18821,PowerDemand1,,ae,default,,0.02536,0.06097,0.74324,0.12778,4.24,,1607.8,20931,1,0.0161,ok
ucr,152_UCR_Anomaly_PowerDemand1_9000_18485_18821,PowerDemand1,,ae,tuned,"{'w': 200, 'hidden': 32, 'latent': 16}",0.01312,0.03567,0.66578,0.09643,5.22,21.7,0.0,20931,1,0.0161,ok
ucr,155_UCR_Anomaly_PowerDemand4_18000_24005_24077,PowerDemand4,,chronos_small_resid,default,,0.16068,0.08302,0.89759,0.05669,0.43,,1699.1,11931,1,0.00612,ok
ucr,155_UCR_Anomaly_PowerDemand4_18000_24005_24077,PowerDemand4,,chronos_small_quantile,default,,0.10756,0.06667,0.84016,1.0,0.43,,1699.1,11931,1,0.00612,ok
ucr,155_UCR_Anomaly_PowerDemand4_18000_24005_24077,PowerDemand4,,chronos_base_resid,default,,0.17157,0.09327,0.89791,0.06047,0.43,,1868.5,11931,1,0.00612,ok
ucr,155_UCR_Anomaly_PowerDemand4_18000_24005_24077,PowerDemand4,,chronos_base_quantile,default,,0.06148,0.03913,0.76601,1.0,0.43,,1868.5,11931,1,0.00612,ok
ucr,155_UCR_Anomaly_PowerDemand4_18000_24005_24077,PowerDemand4,,timesfm_resid,default,,0.0734,0.04879,0.74202,0.05459,4.12,,2047.0,11931,1,0.00612,ok
ucr,155_UCR_Anomaly_PowerDemand4_18000_24005_24077,PowerDemand4,,timesfm_quantile,default,,0.06096,0.03434,0.87315,1.0,4.12,,2047.0,11931,1,0.00612,ok
ucr,155_UCR_Anomaly_PowerDemand4_18000_24005_24077,PowerDemand4,,tirex_resid,default,,0.13971,0.07707,0.94063,0.04295,6.18,,1918.0,11931,1,0.00612,ok
ucr,155_UCR_Anomaly_PowerDemand4_18000_24005_24077,PowerDemand4,,tirex_quantile,default,,0.07489,0.04279,0.84012,1.0,6.18,,1918.0,11931,1,0.00612,ok
ucr,155_UCR_Anomaly_PowerDemand4_18000_24005_24077,PowerDemand4,,iforest,default,,0.00701,0.00923,0.70412,0.15625,1.72,,1594.4,11931,1,0.00612,ok
ucr,155_UCR_Anomaly_PowerDemand4_18000_24005_24077,PowerDemand4,,iforest,tuned,"{'w': 400, 'n_estimators': 100}",0.00433,0.0074,0.69745,0.0,2.66,10.4,0.0,11931,1,0.00612,ok
ucr,155_UCR_Anomaly_PowerDemand4_18000_24005_24077,PowerDemand4,,lof,default,,0.99946,0.85502,0.99877,1.0,0.66,,1594.4,11931,1,0.00612,ok
ucr,155_UCR_Anomaly_PowerDemand4_18000_24005_24077,PowerDemand4,,lof,tuned,"{'w': 100, 'k': 30}",0.99838,0.85001,0.99876,1.0,1.32,5.56,0.0,11931,1,0.00612,ok
ucr,155_UCR_Anomaly_PowerDemand4_18000_24005_24077,PowerDemand4,,knn,default,,0.99946,0.8215,0.99843,1.0,0.38,,1594.4,11931,1,0.00612,ok
ucr,155_UCR_Anomaly_PowerDemand4_18000_24005_24077,PowerDemand4,,knn,tuned,"{'w': 100, 'k': 3}",0.99946,0.84128,0.99843,1.0,1.16,4.11,0.0,11931,1,0.00612,ok
ucr,155_UCR_Anomaly_PowerDemand4_18000_24005_24077,PowerDemand4,,ae,default,,0.9989,0.87401,0.9988,1.0,6.42,,1605.0,11931,1,0.00612,ok
ucr,155_UCR_Anomaly_PowerDemand4_18000_24005_24077,PowerDemand4,,ae,tuned,"{'w': 100, 'hidden': 64, 'latent': 8}",0.99945,0.85438,0.9988,1.0,7.03,39.53,0.0,11931,1,0.00612,ok
ucr,158_UCR_Anomaly_TkeepForthMARS_3500_5988_6085,TkeepForthMARS,,chronos_small_resid,default,,0.01802,0.02643,0.9413,0.0226,0.15,,1663.9,7808,1,0.01255,ok
ucr,158_UCR_Anomaly_TkeepForthMARS_3500_5988_6085,TkeepForthMARS,,chronos_small_quantile,default,,0.01295,0.02101,0.66674,1.0,0.15,,1663.9,7808,1,0.01255,ok
ucr,158_UCR_Anomaly_TkeepForthMARS_3500_5988_6085,TkeepForthMARS,,chronos_base_resid,default,,0.01628,0.02619,0.96007,0.02483,0.29,,1774.5,7808,1,0.01255,ok
ucr,158_UCR_Anomaly_TkeepForthMARS_3500_5988_6085,TkeepForthMARS,,chronos_base_quantile,default,,0.01377,0.02012,0.66674,1.0,0.29,,1774.5,7808,1,0.01255,ok
ucr,158_UCR_Anomaly_TkeepForthMARS_3500_5988_6085,TkeepForthMARS,,timesfm_resid,default,,0.0511,0.05977,0.96311,0.09667,2.87,,2047.0,7808,1,0.01255,ok
ucr,158_UCR_Anomaly_TkeepForthMARS_3500_5988_6085,TkeepForthMARS,,timesfm_quantile,default,,0.07465,0.06195,0.87127,1.0,2.87,,2047.0,7808,1,0.01255,ok
ucr,158_UCR_Anomaly_TkeepForthMARS_3500_5988_6085,TkeepForthMARS,,tirex_resid,default,,0.04268,0.05844,0.85202,0.04089,6.76,,1807.7,7808,1,0.01255,ok
ucr,158_UCR_Anomaly_TkeepForthMARS_3500_5988_6085,TkeepForthMARS,,tirex_quantile,default,,0.0603,0.07932,0.92078,1.0,6.76,,1807.7,7808,1,0.01255,ok
ucr,158_UCR_Anomaly_TkeepForthMARS_3500_5988_6085,TkeepForthMARS,,iforest,default,,0.00761,0.0123,0.46072,0.0,1.49,,1594.4,7808,1,0.01255,ok
ucr,158_UCR_Anomaly_TkeepForthMARS_3500_5988_6085,TkeepForthMARS,,iforest,tuned,"{'w': 100, 'n_estimators': 200}",0.00761,0.0123,0.46072,0.0,2.03,6.39,0.0,7808,1,0.01255,ok
ucr,158_UCR_Anomaly_TkeepForthMARS_3500_5988_6085,TkeepForthMARS,,lof,default,,0.00712,0.01072,0.51945,0.00225,0.23,,1594.4,7808,1,0.01255,ok
ucr,158_UCR_Anomaly_TkeepForthMARS_3500_5988_6085,TkeepForthMARS,,lof,tuned,"{'w': 100, 'k': 30}",0.00749,0.01193,0.47426,0.0,0.92,1.96,0.0,7808,1,0.01255,ok
ucr,158_UCR_Anomaly_TkeepForthMARS_3500_5988_6085,TkeepForthMARS,,knn,default,,0.00766,0.01245,0.80774,0.0,0.15,,1594.4,7808,1,0.01255,ok
ucr,158_UCR_Anomaly_TkeepForthMARS_3500_5988_6085,TkeepForthMARS,,knn,tuned,"{'w': 50, 'k': 3}",0.55309,0.56005,0.97468,0.66667,1.01,1.7,0.0,7808,1,0.01255,ok
ucr,158_UCR_Anomaly_TkeepForthMARS_3500_5988_6085,TkeepForthMARS,,ae,default,,0.00695,0.0109,0.48242,0.0,1.81,,1602.1,7808,1,0.01255,ok
ucr,158_UCR_Anomaly_TkeepForthMARS_3500_5988_6085,TkeepForthMARS,,ae,tuned,"{'w': 100, 'hidden': 32, 'latent': 8}",0.00998,0.02415,0.91018,0.06469,2.21,8.11,0.0,7808,1,0.01255,ok
ucr,161_UCR_Anomaly_WalkingAceleration1_1500_2764_2995,WalkingAceleration1,,chronos_small_resid,default,,0.03306,0.05118,0.65463,0.01993,0.12,,1641.3,5184,1,0.04475,ok
ucr,161_UCR_Anomaly_WalkingAceleration1_1500_2764_2995,WalkingAceleration1,,chronos_small_quantile,default,,0.0421,0.05979,0.66756,1.0,0.12,,1641.3,5184,1,0.04475,ok
ucr,161_UCR_Anomaly_WalkingAceleration1_1500_2764_2995,WalkingAceleration1,,chronos_base_resid,default,,0.03523,0.05312,0.65169,0.02161,0.43,,1715.5,5184,1,0.04475,ok
ucr,161_UCR_Anomaly_WalkingAceleration1_1500_2764_2995,WalkingAceleration1,,chronos_base_quantile,default,,0.04432,0.06337,0.66756,1.0,0.43,,1715.5,5184,1,0.04475,ok
ucr,161_UCR_Anomaly_WalkingAceleration1_1500_2764_2995,WalkingAceleration1,,timesfm_resid,default,,0.03892,0.05788,0.66139,0.03489,2.5,,2047.0,5184,1,0.04475,ok
ucr,161_UCR_Anomaly_WalkingAceleration1_1500_2764_2995,WalkingAceleration1,,timesfm_quantile,default,,0.04244,0.0606,0.66756,1.0,2.5,,2047.0,5184,1,0.04475,ok
ucr,161_UCR_Anomaly_WalkingAceleration1_1500_2764_2995,WalkingAceleration1,,tirex_resid,default,,0.03458,0.05305,0.66106,0.02071,6.14,,1733.9,5184,1,0.04475,ok
ucr,161_UCR_Anomaly_WalkingAceleration1_1500_2764_2995,WalkingAceleration1,,tirex_quantile,default,,0.043,0.06134,0.66756,1.0,6.14,,1733.9,5184,1,0.04475,ok
ucr,161_UCR_Anomaly_WalkingAceleration1_1500_2764_2995,WalkingAceleration1,,iforest,default,,0.023,0.0362,0.39862,0.0,1.22,,1594.4,5184,1,0.04475,ok
ucr,161_UCR_Anomaly_WalkingAceleration1_1500_2764_2995,WalkingAceleration1,,lof,default,,0.02341,0.03651,0.43573,0.0,0.14,,1594.4,5184,1,0.04475,ok
ucr,161_UCR_Anomaly_WalkingAceleration1_1500_2764_2995,WalkingAceleration1,,knn,default,,0.02578,0.03703,0.52523,0.0,0.09,,1594.4,5184,1,0.04475,ok
ucr,161_UCR_Anomaly_WalkingAceleration1_1500_2764_2995,WalkingAceleration1,,ae,default,,0.02291,0.03547,0.4257,0.0,0.94,,1600.8,5184,1,0.04475,ok
ucr,164_UCR_Anomaly_apneaecg3_5000_11111_11211,apneaecg3,,chronos_small_resid,default,,0.0042,0.0055,0.67095,0.00238,0.43,,1738.8,33379,1,0.00303,ok
ucr,164_UCR_Anomaly_apneaecg3_5000_11111_11211,apneaecg3,,chronos_small_quantile,default,,0.00531,0.00616,0.67753,1.0,0.43,,1738.8,33379,1,0.00303,ok
ucr,164_UCR_Anomaly_apneaecg3_5000_11111_11211,apneaecg3,,chronos_base_resid,default,,0.00426,0.0055,0.67056,0.00237,0.9,,1970.7,33379,1,0.00303,ok
ucr,164_UCR_Anomaly_apneaecg3_5000_11111_11211,apneaecg3,,chronos_base_quantile,default,,0.00378,0.00505,0.68191,1.0,0.9,,1970.7,33379,1,0.00303,ok
ucr,164_UCR_Anomaly_apneaecg3_5000_11111_11211,apneaecg3,,timesfm_resid,default,,0.0044,0.00542,0.6697,0.00233,11.94,,2047.0,33379,1,0.00303,ok
ucr,164_UCR_Anomaly_apneaecg3_5000_11111_11211,apneaecg3,,timesfm_quantile,default,,0.00497,0.00575,0.67574,1.0,11.94,,2047.0,33379,1,0.00303,ok
ucr,164_UCR_Anomaly_apneaecg3_5000_11111_11211,apneaecg3,,tirex_resid,default,,0.00492,0.00606,0.67705,0.00242,16.57,,2035.3,33379,1,0.00303,ok
ucr,164_UCR_Anomaly_apneaecg3_5000_11111_11211,apneaecg3,,tirex_quantile,default,,0.0036,0.00477,0.69137,1.0,16.57,,2035.3,33379,1,0.00303,ok
ucr,164_UCR_Anomaly_apneaecg3_5000_11111_11211,apneaecg3,,iforest,default,,0.00521,0.00711,0.65608,0.04548,2.88,,1594.4,33379,1,0.00303,ok
ucr,164_UCR_Anomaly_apneaecg3_5000_11111_11211,apneaecg3,,iforest,tuned,"{'w': 400, 'n_estimators': 200}",0.00176,0.0032,0.64014,0.0,5.88,6.53,0.0,33379,1,0.00303,ok
ucr,164_UCR_Anomaly_apneaecg3_5000_11111_11211,apneaecg3,,lof,default,,0.00499,0.00659,0.65756,0.04162,0.85,,1594.4,33379,1,0.00303,ok
ucr,164_UCR_Anomaly_apneaecg3_5000_11111_11211,apneaecg3,,lof,tuned,"{'w': 50, 'k': 30}",0.01411,0.01539,0.71849,0.04875,3.14,2.1,0.0,33379,1,0.00303,ok
ucr,164_UCR_Anomaly_apneaecg3_5000_11111_11211,apneaecg3,,knn,default,,0.00691,0.00881,0.64904,0.04559,0.61,,1594.4,33379,1,0.00303,ok
ucr,164_UCR_Anomaly_apneaecg3_5000_11111_11211,apneaecg3,,knn,tuned,"{'w': 50, 'k': 3}",0.0312,0.03092,0.64294,0.05291,3.13,1.81,0.0,33379,1,0.00303,ok
ucr,164_UCR_Anomaly_apneaecg3_5000_11111_11211,apneaecg3,,ae,default,,0.00574,0.00704,0.65038,0.03353,3.87,,1612.4,33379,1,0.00303,ok
ucr,164_UCR_Anomaly_apneaecg3_5000_11111_11211,apneaecg3,,ae,tuned,"{'w': 50, 'hidden': 64, 'latent': 8}",0.03028,0.02088,0.65998,0.03135,8.39,12.99,0.0,33379,1,0.00303,ok
ucr,167_UCR_Anomaly_gait1_20000_38500_38800,gait1,,chronos_small_resid,default,,0.00647,0.00943,0.78397,0.00378,0.64,,1738.8,45000,1,0.00669,ok
ucr,167_UCR_Anomaly_gait1_20000_38500_38800,gait1,,chronos_small_quantile,default,,0.00611,0.00876,0.70312,1.0,0.64,,1738.8,45000,1,0.00669,ok
ucr,167_UCR_Anomaly_gait1_20000_38500_38800,gait1,,chronos_base_resid,default,,0.00612,0.00857,0.71484,0.00305,1.05,,1970.7,45000,1,0.00669,ok
ucr,167_UCR_Anomaly_gait1_20000_38500_38800,gait1,,chronos_base_quantile,default,,0.00632,0.0083,0.67889,1.0,1.05,,1970.7,45000,1,0.00669,ok
ucr,167_UCR_Anomaly_gait1_20000_38500_38800,gait1,,timesfm_resid,default,,0.00707,0.00897,0.66482,0.01532,14.36,,2047.0,45000,1,0.00669,ok
ucr,167_UCR_Anomaly_gait1_20000_38500_38800,gait1,,timesfm_quantile,default,,0.00677,0.00883,0.70184,1.0,14.36,,2047.0,45000,1,0.00669,ok
ucr,167_UCR_Anomaly_gait1_20000_38500_38800,gait1,,tirex_resid,default,,0.00544,0.00803,0.74879,0.00285,17.99,,2035.3,45000,1,0.00669,ok
ucr,167_UCR_Anomaly_gait1_20000_38500_38800,gait1,,tirex_quantile,default,,0.00622,0.00873,0.69565,1.0,17.99,,2035.3,45000,1,0.00669,ok
ucr,167_UCR_Anomaly_gait1_20000_38500_38800,gait1,,iforest,default,,0.01187,0.01298,0.64693,0.03928,2.95,,1594.4,45000,1,0.00669,ok
ucr,167_UCR_Anomaly_gait1_20000_38500_38800,gait1,,iforest,tuned,"{'w': 400, 'n_estimators': 200}",0.06367,0.06465,0.62223,0.26488,9.51,11.17,0.0,45000,1,0.00669,ok
ucr,167_UCR_Anomaly_gait1_20000_38500_38800,gait1,,lof,default,,0.37064,0.31942,0.79624,0.33902,1.65,,1594.4,45000,1,0.00669,ok
ucr,167_UCR_Anomaly_gait1_20000_38500_38800,gait1,,lof,tuned,"{'w': 100, 'k': 30}",0.46709,0.28115,0.99835,0.33005,4.38,6.27,0.0,45000,1,0.00669,ok
ucr,167_UCR_Anomaly_gait1_20000_38500_38800,gait1,,knn,default,,0.49444,0.24791,0.99828,0.30119,1.37,,1594.4,45000,1,0.00669,ok
ucr,167_UCR_Anomaly_gait1_20000_38500_38800,gait1,,knn,tuned,"{'w': 100, 'k': 5}",0.49444,0.24791,0.99828,0.30119,3.86,4.56,0.0,45000,1,0.00669,ok
ucr,167_UCR_Anomaly_gait1_20000_38500_38800,gait1,,ae,default,,0.01839,0.01985,0.66435,0.03447,9.21,,1619.1,45000,1,0.00669,ok
ucr,167_UCR_Anomaly_gait1_20000_38500_38800,gait1,,ae,tuned,"{'w': 200, 'hidden': 32, 'latent': 16}",0.11145,0.15783,0.73324,0.27987,10.55,42.78,0.0,45000,1,0.00669,ok
ucr,170_UCR_Anomaly_gaitHunt1_18500_33070_33180,gaitHunt1,,chronos_small_resid,default,,0.00334,0.00448,0.70338,0.0045,0.49,,1738.8,45500,1,0.00244,ok
ucr,170_UCR_Anomaly_gaitHunt1_18500_33070_33180,gaitHunt1,,chronos_small_quantile,default,,0.00272,0.0044,0.99387,1.0,0.49,,1738.8,45500,1,0.00244,ok
ucr,170_UCR_Anomaly_gaitHunt1_18500_33070_33180,gaitHunt1,,chronos_base_resid,default,,0.00457,0.00531,0.8516,0.00904,0.99,,1970.7,45500,1,0.00244,ok
ucr,170_UCR_Anomaly_gaitHunt1_18500_33070_33180,gaitHunt1,,chronos_base_quantile,default,,0.00331,0.00415,0.66667,1.0,0.99,,1970.7,45500,1,0.00244,ok
ucr,170_UCR_Anomaly_gaitHunt1_18500_33070_33180,gaitHunt1,,timesfm_resid,default,,0.00314,0.00391,0.66269,0.00711,15.97,,2047.0,45500,1,0.00244,ok
ucr,170_UCR_Anomaly_gaitHunt1_18500_33070_33180,gaitHunt1,,timesfm_quantile,default,,0.00294,0.00395,0.66667,1.0,15.97,,2047.0,45500,1,0.00244,ok
ucr,170_UCR_Anomaly_gaitHunt1_18500_33070_33180,gaitHunt1,,tirex_resid,default,,0.00198,0.00311,0.66225,0.00239,19.87,,2035.3,45500,1,0.00244,ok
ucr,170_UCR_Anomaly_gaitHunt1_18500_33070_33180,gaitHunt1,,tirex_quantile,default,,0.00236,0.0035,0.66667,1.0,19.87,,2035.3,45500,1,0.00244,ok
ucr,170_UCR_Anomaly_gaitHunt1_18500_33070_33180,gaitHunt1,,iforest,default,,0.01436,0.0137,0.65662,0.04969,3.89,,1594.4,45500,1,0.00244,ok
ucr,170_UCR_Anomaly_gaitHunt1_18500_33070_33180,gaitHunt1,,iforest,tuned,"{'w': 100, 'n_estimators': 100}",0.01072,0.01066,0.65254,0.03874,5.35,10.37,0.0,45500,1,0.00244,ok
ucr,170_UCR_Anomaly_gaitHunt1_18500_33070_33180,gaitHunt1,,lof,default,,0.30436,0.15318,0.93988,0.23429,1.76,,1594.4,45500,1,0.00244,ok
ucr,170_UCR_Anomaly_gaitHunt1_18500_33070_33180,gaitHunt1,,lof,tuned,"{'w': 100, 'k': 30}",0.23311,0.22683,0.8508,0.43056,4.19,5.5,0.0,45500,1,0.00244,ok
ucr,170_UCR_Anomaly_gaitHunt1_18500_33070_33180,gaitHunt1,,knn,default,,0.26027,0.27947,0.81514,0.475,1.32,,1594.4,45500,1,0.00244,ok
ucr,170_UCR_Anomaly_gaitHunt1_18500_33070_33180,gaitHunt1,,knn,tuned,"{'w': 100, 'k': 5}",0.26027,0.27947,0.81514,0.475,4.01,4.07,0.0,45500,1,0.00244,ok
ucr,170_UCR_Anomaly_gaitHunt1_18500_33070_33180,gaitHunt1,,ae,default,,0.92286,0.37452,0.99961,0.28571,8.66,,1619.0,45500,1,0.00244,ok
ucr,170_UCR_Anomaly_gaitHunt1_18500_33070_33180,gaitHunt1,,ae,tuned,"{'w': 200, 'hidden': 32, 'latent': 16}",0.00555,0.00703,0.67553,0.02984,10.76,38.59,0.0,45500,1,0.00244,ok
ucr,173_UCR_Anomaly_insectEPG1_3000_7000_7030,insectEPG1,,chronos_small_resid,default,,0.00464,0.0066,0.70785,0.00305,0.25,,1657.6,7001,1,0.00443,ok
ucr,173_UCR_Anomaly_insectEPG1_3000_7000_7030,insectEPG1,,chronos_small_quantile,default,,0.00451,0.00626,0.71371,1.0,0.25,,1657.6,7001,1,0.00443,ok
ucr,173_UCR_Anomaly_insectEPG1_3000_7000_7030,insectEPG1,,chronos_base_resid,default,,0.00571,0.00768,0.71387,0.00315,0.44,,1758.3,7001,1,0.00443,ok
ucr,173_UCR_Anomaly_insectEPG1_3000_7000_7030,insectEPG1,,chronos_base_quantile,default,,0.0051,0.00712,0.68431,1.0,0.44,,1758.3,7001,1,0.00443,ok
ucr,173_UCR_Anomaly_insectEPG1_3000_7000_7030,insectEPG1,,timesfm_resid,default,,0.00786,0.0092,0.71693,0.00505,2.86,,2047.0,7001,1,0.00443,ok
ucr,173_UCR_Anomaly_insectEPG1_3000_7000_7030,insectEPG1,,timesfm_quantile,default,,0.00535,0.0071,0.67501,1.0,2.86,,2047.0,7001,1,0.00443,ok
ucr,173_UCR_Anomaly_insectEPG1_3000_7000_7030,insectEPG1,,tirex_resid,default,,0.01042,0.0141,0.70089,0.00603,6.02,,1786.4,7001,1,0.00443,ok
ucr,173_UCR_Anomaly_insectEPG1_3000_7000_7030,insectEPG1,,tirex_quantile,default,,0.00997,0.01445,0.67901,1.0,6.02,,1786.4,7001,1,0.00443,ok
ucr,173_UCR_Anomaly_insectEPG1_3000_7000_7030,insectEPG1,,iforest,default,,0.03094,0.04468,0.88051,0.23611,1.66,,1594.4,7001,1,0.00443,ok
ucr,173_UCR_Anomaly_insectEPG1_3000_7000_7030,insectEPG1,,iforest,tuned,"{'w': 50, 'n_estimators': 100}",0.07594,0.08185,0.87313,0.32222,1.62,7.0,0.0,7001,1,0.00443,ok
ucr,173_UCR_Anomaly_insectEPG1_3000_7000_7030,insectEPG1,,lof,default,,0.0095,0.01431,0.77349,0.11455,0.21,,1594.4,7001,1,0.00443,ok
ucr,173_UCR_Anomaly_insectEPG1_3000_7000_7030,insectEPG1,,lof,tuned,"{'w': 50, 'k': 30}",0.07027,0.08144,0.82999,0.37143,1.32,2.1,0.0,7001,1,0.00443,ok
ucr,173_UCR_Anomaly_insectEPG1_3000_7000_7030,insectEPG1,,knn,default,,0.02498,0.03393,0.80603,0.21667,0.18,,1594.4,7001,1,0.00443,ok
ucr,173_UCR_Anomaly_insectEPG1_3000_7000_7030,insectEPG1,,knn,tuned,"{'w': 50, 'k': 3}",0.1053,0.13664,0.8529,0.475,0.73,2.09,0.0,7001,1,0.00443,ok
ucr,173_UCR_Anomaly_insectEPG1_3000_7000_7030,insectEPG1,,ae,default,,0.00987,0.01366,0.7722,0.11765,1.96,,1602.0,7001,1,0.00443,ok
ucr,173_UCR_Anomaly_insectEPG1_3000_7000_7030,insectEPG1,,ae,tuned,"{'w': 50, 'hidden': 64, 'latent': 8}",0.05847,0.06987,0.80139,0.32143,3.44,9.57,0.0,7001,1,0.00443,ok
ucr,176_UCR_Anomaly_insectEPG4_1300_6508_6558,insectEPG4,,chronos_small_resid,default,,0.0074,0.00958,0.6896,0.00583,0.22,,1672.0,8698,1,0.00586,ok
ucr,176_UCR_Anomaly_insectEPG4_1300_6508_6558,insectEPG4,,chronos_small_quantile,default,,0.00748,0.00953,0.67757,1.0,0.22,,1672.0,8698,1,0.00586,ok
ucr,176_UCR_Anomaly_insectEPG4_1300_6508_6558,insectEPG4,,chronos_base_resid,default,,0.0105,0.01165,0.70188,0.0144,0.26,,1794.6,8698,1,0.00586,ok
ucr,176_UCR_Anomaly_insectEPG4_1300_6508_6558,insectEPG4,,chronos_base_quantile,default,,0.01541,0.01102,0.85616,1.0,0.26,,1794.6,8698,1,0.00586,ok
ucr,176_UCR_Anomaly_insectEPG4_1300_6508_6558,insectEPG4,,timesfm_resid,default,,0.01469,0.01269,0.69376,0.01696,4.17,,2047.0,8698,1,0.00586,ok
ucr,176_UCR_Anomaly_insectEPG4_1300_6508_6558,insectEPG4,,timesfm_quantile,default,,0.00765,0.00944,0.66668,1.0,4.17,,2047.0,8698,1,0.00586,ok
ucr,176_UCR_Anomaly_insectEPG4_1300_6508_6558,insectEPG4,,tirex_resid,default,,0.01537,0.01517,0.7207,0.01439,6.45,,1830.1,8698,1,0.00586,ok
ucr,176_UCR_Anomaly_insectEPG4_1300_6508_6558,insectEPG4,,tirex_quantile,default,,0.00631,0.00884,0.67049,1.0,6.45,,1830.1,8698,1,0.00586,ok
ucr,176_UCR_Anomaly_insectEPG4_1300_6508_6558,insectEPG4,,iforest,default,,0.03451,0.04972,0.96158,0.2375,1.42,,1594.4,8698,1,0.00586,ok
ucr,176_UCR_Anomaly_insectEPG4_1300_6508_6558,insectEPG4,,lof,default,,0.00319,0.0049,0.95899,0.0,0.19,,1594.4,8698,1,0.00586,ok
ucr,176_UCR_Anomaly_insectEPG4_1300_6508_6558,insectEPG4,,knn,default,,0.79689,0.70485,0.99781,0.875,0.14,,1594.4,8698,1,0.00586,ok
ucr,176_UCR_Anomaly_insectEPG4_1300_6508_6558,insectEPG4,,ae,default,,0.00363,0.0057,0.96032,0.0,1.0,,1602.8,8698,1,0.00586,ok
ucr,179_UCR_Anomaly_ltstdbs30791AS_23000_52600_52800,ltstdbs30791AS,,chronos_small_resid,default,,0.21305,0.09433,0.96961,0.0868,0.56,,1738.8,32000,1,0.00628,ok
ucr,179_UCR_Anomaly_ltstdbs30791AS_23000_52600_52800,ltstdbs30791AS,,chronos_small_quantile,default,,0.00631,0.00903,0.72069,1.0,0.56,,1738.8,32000,1,0.00628,ok
ucr,179_UCR_Anomaly_ltstdbs30791AS_23000_52600_52800,ltstdbs30791AS,,chronos_base_resid,default,,0.25367,0.09585,0.99898,0.04022,0.88,,1970.7,32000,1,0.00628,ok
ucr,179_UCR_Anomaly_ltstdbs30791AS_23000_52600_52800,ltstdbs30791AS,,chronos_base_quantile,default,,0.00741,0.0098,0.67624,1.0,0.88,,1970.7,32000,1,0.00628,ok
ucr,179_UCR_Anomaly_ltstdbs30791AS_23000_52600_52800,ltstdbs30791AS,,timesfm_resid,default,,0.11416,0.05698,0.8873,0.0139,10.62,,2047.0,32000,1,0.00628,ok
ucr,179_UCR_Anomaly_ltstdbs30791AS_23000_52600_52800,ltstdbs30791AS,,timesfm_quantile,default,,0.07656,0.03073,0.90687,1.0,10.62,,2047.0,32000,1,0.00628,ok
ucr,179_UCR_Anomaly_ltstdbs30791AS_23000_52600_52800,ltstdbs30791AS,,tirex_resid,default,,0.09125,0.03946,0.87439,0.01203,11.96,,2035.3,32000,1,0.00628,ok
ucr,179_UCR_Anomaly_ltstdbs30791AS_23000_52600_52800,ltstdbs30791AS,,tirex_quantile,default,,0.00712,0.00972,0.67607,1.0,11.96,,2035.3,32000,1,0.00628,ok
ucr,179_UCR_Anomaly_ltstdbs30791AS_23000_52600_52800,ltstdbs30791AS,,iforest,default,,0.74324,0.44461,0.99866,0.53125,2.75,,1594.4,32000,1,0.00628,ok
ucr,179_UCR_Anomaly_ltstdbs30791AS_23000_52600_52800,ltstdbs30791AS,,iforest,tuned,"{'w': 100, 'n_estimators': 200}",0.74324,0.44461,0.99866,0.53125,4.74,9.85,0.0,32000,1,0.00628,ok
ucr,179_UCR_Anomaly_ltstdbs30791AS_23000_52600_52800,ltstdbs30791AS,,lof,default,,0.89658,0.70837,0.9981,0.91667,1.48,,1594.4,32000,1,0.00628,ok
ucr,179_UCR_Anomaly_ltstdbs30791AS_23000_52600_52800,ltstdbs30791AS,,lof,tuned,"{'w': 200, 'k': 10}",0.96707,0.8802,0.99873,1.0,2.57,6.49,0.0,32000,1,0.00628,ok
ucr,179_UCR_Anomaly_ltstdbs30791AS_23000_52600_52800,ltstdbs30791AS,,knn,default,,0.89235,0.69466,0.99813,0.875,1.08,,1594.4,32000,1,0.00628,ok
ucr,179_UCR_Anomaly_ltstdbs30791AS_23000_52600_52800,ltstdbs30791AS,,knn,tuned,"{'w': 100, 'k': 3}",0.89263,0.69552,0.99813,0.875,3.11,4.88,0.0,32000,1,0.00628,ok
ucr,179_UCR_Anomaly_ltstdbs30791AS_23000_52600_52800,ltstdbs30791AS,,ae,default,,0.83854,0.68028,0.9981,0.875,9.13,,1613.3,32000,1,0.00628,ok
ucr,179_UCR_Anomaly_ltstdbs30791AS_23000_52600_52800,ltstdbs30791AS,,ae,tuned,"{'w': 100, 'hidden': 32, 'latent': 8}",0.84162,0.67518,0.99812,0.875,11.41,50.39,0.0,32000,1,0.00628,ok
ucr,182_UCR_Anomaly_qtdbSel1005V_4000_12400_12800,qtdbSel1005V,,chronos_small_resid,default,,0.01032,0.01376,0.65541,0.00327,0.37,,1738.8,32001,1,0.01253,ok
ucr,182_UCR_Anomaly_qtdbSel1005V_4000_12400_12800,qtdbSel1005V,,chronos_small_quantile,default,,0.01253,0.0169,0.66674,1.0,0.37,,1738.8,32001,1,0.01253,ok
ucr,182_UCR_Anomaly_qtdbSel1005V_4000_12400_12800,qtdbSel1005V,,chronos_base_resid,default,,0.01028,0.01393,0.65583,0.00328,0.84,,1970.7,32001,1,0.01253,ok
ucr,182_UCR_Anomaly_qtdbSel1005V_4000_12400_12800,qtdbSel1005V,,chronos_base_quantile,default,,0.0137,0.0191,0.80871,1.0,0.84,,1970.7,32001,1,0.01253,ok
ucr,182_UCR_Anomaly_qtdbSel1005V_4000_12400_12800,qtdbSel1005V,,timesfm_resid,default,,0.01398,0.01788,0.6683,0.00382,10.71,,2047.0,32001,1,0.01253,ok
ucr,182_UCR_Anomaly_qtdbSel1005V_4000_12400_12800,qtdbSel1005V,,timesfm_quantile,default,,0.01706,0.01887,0.69002,1.0,10.71,,2047.0,32001,1,0.01253,ok
ucr,182_UCR_Anomaly_qtdbSel1005V_4000_12400_12800,qtdbSel1005V,,tirex_resid,default,,0.01104,0.01442,0.66263,0.00337,11.53,,2035.3,32001,1,0.01253,ok
ucr,182_UCR_Anomaly_qtdbSel1005V_4000_12400_12800,qtdbSel1005V,,tirex_quantile,default,,0.01306,0.01741,0.75964,1.0,11.53,,2035.3,32001,1,0.01253,ok
ucr,182_UCR_Anomaly_qtdbSel1005V_4000_12400_12800,qtdbSel1005V,,iforest,default,,0.00978,0.01358,0.68276,0.01962,2.63,,1594.4,32001,1,0.01253,ok
ucr,182_UCR_Anomaly_qtdbSel1005V_4000_12400_12800,qtdbSel1005V,,iforest,tuned,"{'w': 50, 'n_estimators': 100}",0.00986,0.01388,0.67295,0.01127,3.64,6.54,0.0,32001,1,0.01253,ok
ucr,182_UCR_Anomaly_qtdbSel1005V_4000_12400_12800,qtdbSel1005V,,lof,default,,0.0092,0.01194,0.65686,0.00634,0.74,,1594.4,32001,1,0.01253,ok
ucr,182_UCR_Anomaly_qtdbSel1005V_4000_12400_12800,qtdbSel1005V,,lof,tuned,"{'w': 50, 'k': 30}",0.00963,0.01433,0.7016,0.0174,2.82,2.24,0.0,32001,1,0.01253,ok
ucr,182_UCR_Anomaly_qtdbSel1005V_4000_12400_12800,qtdbSel1005V,,knn,default,,0.01135,0.01554,0.66908,0.01777,0.55,,1594.4,32001,1,0.01253,ok
ucr,182_UCR_Anomaly_qtdbSel1005V_4000_12400_12800,qtdbSel1005V,,knn,tuned,"{'w': 50, 'k': 3}",0.01081,0.01509,0.67199,0.01318,2.98,1.73,0.0,32001,1,0.01253,ok
ucr,182_UCR_Anomaly_qtdbSel1005V_4000_12400_12800,qtdbSel1005V,,ae,default,,0.00869,0.01128,0.64247,0.00725,3.19,,1611.7,32001,1,0.01253,ok
ucr,182_UCR_Anomaly_qtdbSel1005V_4000_12400_12800,qtdbSel1005V,,ae,tuned,"{'w': 50, 'hidden': 64, 'latent': 8}",0.01021,0.0138,0.66487,0.01055,6.56,10.62,0.0,32001,1,0.01253,ok
ucr,185_UCR_Anomaly_resperation11_58000_110800_110801,resperation11,,chronos_small_resid,default,,0.00247,0.00346,0.77611,0.0274,1.41,,1738.8,137000,1,1e-05,ok
ucr,185_UCR_Anomaly_resperation11_58000_110800_110801,resperation11,,chronos_small_quantile,default,,0.00202,0.00118,0.75017,1.0,1.41,,1738.8,137000,1,1e-05,ok
ucr,185_UCR_Anomaly_resperation11_58000_110800_110801,resperation11,,chronos_base_resid,default,,0.00242,0.00349,0.81708,0.025,2.59,,1970.7,137000,1,1e-05,ok
ucr,185_UCR_Anomaly_resperation11_58000_110800_110801,resperation11,,chronos_base_quantile,default,,0.02991,0.00336,0.66667,1.0,2.59,,1970.7,137000,1,1e-05,ok
ucr,185_UCR_Anomaly_resperation11_58000_110800_110801,resperation11,,timesfm_resid,default,,0.26786,0.0318,0.7562,0.03922,43.88,,2047.0,137000,1,1e-05,ok
ucr,185_UCR_Anomaly_resperation11_58000_110800_110801,resperation11,,timesfm_quantile,default,,0.0002,0.00032,0.71728,1.0,43.88,,2047.0,137000,1,1e-05,ok
ucr,185_UCR_Anomaly_resperation11_58000_110800_110801,resperation11,,tirex_resid,default,,0.04738,0.00466,0.88308,0.02353,58.5,,2035.3,137000,1,1e-05,ok
ucr,185_UCR_Anomaly_resperation11_58000_110800_110801,resperation11,,tirex_quantile,default,,0.50935,0.29092,0.73052,1.0,58.5,,2035.3,137000,1,1e-05,ok
ucr,185_UCR_Anomaly_resperation11_58000_110800_110801,resperation11,,iforest,default,,0.00027,0.0005,0.76922,0.02151,10.19,,1594.4,137000,1,1e-05,ok
ucr,185_UCR_Anomaly_resperation11_58000_110800_110801,resperation11,,iforest,tuned,"{'w': 400, 'n_estimators': 200}",1e-05,3e-05,0.78808,0.0,28.41,22.34,0.0,137000,1,1e-05,ok
ucr,185_UCR_Anomaly_resperation11_58000_110800_110801,resperation11,,lof,default,,0.00467,0.0058,0.84136,0.18182,9.78,,1594.4,137000,1,1e-05,ok
ucr,185_UCR_Anomaly_resperation11_58000_110800_110801,resperation11,,lof,tuned,"{'w': 100, 'k': 10}",0.33333,0.10184,0.8116,0.13333,16.8,16.03,0.0,137000,1,1e-05,ok
ucr,185_UCR_Anomaly_resperation11_58000_110800_110801,resperation11,,knn,default,,0.5,0.10184,0.98495,0.14286,8.49,,1594.4,137000,1,1e-05,ok
ucr,185_UCR_Anomaly_resperation11_58000_110800_110801,resperation11,,knn,tuned,"{'w': 200, 'k': 1}",0.0061,0.00578,0.9161,0.25,12.44,12.88,0.0,137000,1,1e-05,ok
ucr,185_UCR_Anomaly_resperation11_58000_110800_110801,resperation11,,ae,default,,0.5,0.08774,0.99987,0.16667,26.22,,1658.3,137000,1,1e-05,ok
ucr,185_UCR_Anomaly_resperation11_58000_110800_110801,resperation11,,ae,tuned,"{'w': 100, 'hidden': 32, 'latent': 8}",0.5,0.08774,0.99987,0.18182,34.76,116.29,0.0,137000,1,1e-05,ok
ucr,188_UCR_Anomaly_resperation2_30000_168250_168251,resperation2,,chronos_small_resid,default,,1e-05,2e-05,0.66824,0.0,1.73,,1738.8,160050,1,1e-05,ok
ucr,188_UCR_Anomaly_resperation2_30000_168250_168251,resperation2,,chronos_small_quantile,default,,1e-05,2e-05,0.67032,1.0,1.73,,1738.8,160050,1,1e-05,ok
ucr,188_UCR_Anomaly_resperation2_30000_168250_168251,resperation2,,chronos_base_resid,default,,1e-05,2e-05,0.7271,0.0,4.18,,1970.7,160050,1,1e-05,ok
ucr,188_UCR_Anomaly_resperation2_30000_168250_168251,resperation2,,chronos_base_quantile,default,,1e-05,2e-05,0.7132,1.0,4.18,,1970.7,160050,1,1e-05,ok
ucr,188_UCR_Anomaly_resperation2_30000_168250_168251,resperation2,,timesfm_resid,default,,1e-05,2e-05,0.63976,0.0,51.37,,2047.0,160050,1,1e-05,ok
ucr,188_UCR_Anomaly_resperation2_30000_168250_168251,resperation2,,timesfm_quantile,default,,1e-05,2e-05,0.66773,1.0,51.37,,2047.0,160050,1,1e-05,ok
ucr,188_UCR_Anomaly_resperation2_30000_168250_168251,resperation2,,tirex_resid,default,,1e-05,2e-05,0.64606,0.0,62.34,,2035.3,160050,1,1e-05,ok
ucr,188_UCR_Anomaly_resperation2_30000_168250_168251,resperation2,,tirex_quantile,default,,1e-05,2e-05,0.66667,1.0,62.34,,2035.3,160050,1,1e-05,ok
ucr,188_UCR_Anomaly_resperation2_30000_168250_168251,resperation2,,iforest,default,,1e-05,3e-05,0.65606,0.0,11.21,,1594.4,160050,1,1e-05,ok
ucr,188_UCR_Anomaly_resperation2_30000_168250_168251,resperation2,,iforest,tuned,"{'w': 400, 'n_estimators': 200}",1e-05,2e-05,0.65398,0.0,34.73,14.35,0.0,160050,1,1e-05,ok
ucr,188_UCR_Anomaly_resperation2_30000_168250_168251,resperation2,,lof,default,,2e-05,3e-05,0.56032,0.0,7.39,,1594.4,160050,1,1e-05,ok
ucr,188_UCR_Anomaly_resperation2_30000_168250_168251,resperation2,,lof,tuned,"{'w': 100, 'k': 30}",2e-05,4e-05,0.5655,0.0,15.83,6.27,0.0,160050,1,1e-05,ok
ucr,188_UCR_Anomaly_resperation2_30000_168250_168251,resperation2,,knn,default,,1e-05,2e-05,0.60232,0.0,6.17,,1594.4,160050,1,1e-05,ok
ucr,188_UCR_Anomaly_resperation2_30000_168250_168251,resperation2,,knn,tuned,"{'w': 100, 'k': 1}",1e-05,2e-05,0.59592,0.0,13.97,5.31,0.0,160050,1,1e-05,ok
ucr,188_UCR_Anomaly_resperation2_30000_168250_168251,resperation2,,ae,default,,1e-05,2e-05,0.61906,0.0,17.74,,1666.8,160050,1,1e-05,ok
ucr,188_UCR_Anomaly_resperation2_30000_168250_168251,resperation2,,ae,tuned,"{'w': 100, 'hidden': 32, 'latent': 8}",1e-05,2e-05,0.62798,0.0,27.41,45.38,0.0,160050,1,1e-05,ok
ucr,191_UCR_Anomaly_resperation9_38000_143411_143511,resperation9,,chronos_small_resid,default,,0.00074,0.001,0.70493,0.00139,1.64,,1738.8,157000,1,0.00064,ok
ucr,191_UCR_Anomaly_resperation9_38000_143411_143511,resperation9,,chronos_small_quantile,default,,0.0006,0.00091,0.66876,1.0,1.64,,1738.8,157000,1,0.00064,ok
ucr,191_UCR_Anomaly_resperation9_38000_143411_143511,resperation9,,chronos_base_resid,default,,0.00076,0.00105,0.80212,0.00152,3.43,,1970.7,157000,1,0.00064,ok
ucr,191_UCR_Anomaly_resperation9_38000_143411_143511,resperation9,,chronos_base_quantile,default,,0.0006,0.00089,0.69218,1.0,3.43,,1970.7,157000,1,0.00064,ok
ucr,191_UCR_Anomaly_resperation9_38000_143411_143511,resperation9,,timesfm_resid,default,,0.0012,0.00136,0.64627,0.00545,63.38,,2047.0,157000,1,0.00064,ok
ucr,191_UCR_Anomaly_resperation9_38000_143411_143511,resperation9,,timesfm_quantile,default,,0.00077,0.001,0.66667,1.0,63.38,,2047.0,157000,1,0.00064,ok
ucr,191_UCR_Anomaly_resperation9_38000_143411_143511,resperation9,,tirex_resid,default,,0.00081,0.00106,0.74168,0.00168,77.37,,2035.3,157000,1,0.00064,ok
ucr,191_UCR_Anomaly_resperation9_38000_143411_143511,resperation9,,tirex_quantile,default,,0.00097,0.00112,0.66667,1.0,77.37,,2035.3,157000,1,0.00064,ok
ucr,191_UCR_Anomaly_resperation9_38000_143411_143511,resperation9,,iforest,default,,0.00158,0.00237,0.77078,0.01151,10.97,,1594.4,157000,1,0.00064,ok
ucr,191_UCR_Anomaly_resperation9_38000_143411_143511,resperation9,,iforest,tuned,"{'w': 400, 'n_estimators': 200}",0.00072,0.00108,0.88798,0.02051,34.18,15.88,0.0,157000,1,0.00064,ok
ucr,191_UCR_Anomaly_resperation9_38000_143411_143511,resperation9,,lof,default,,0.17144,0.0925,0.62292,0.16667,7.99,,1594.4,157000,1,0.00064,ok
ucr,191_UCR_Anomaly_resperation9_38000_143411_143511,resperation9,,lof,tuned,"{'w': 100, 'k': 30}",0.31882,0.1223,0.62419,0.18182,17.44,9.89,0.0,157000,1,0.00064,ok
ucr,191_UCR_Anomaly_resperation9_38000_143411_143511,resperation9,,knn,default,,0.08802,0.07431,0.63793,0.12987,6.93,,1594.4,157000,1,0.00064,ok
ucr,191_UCR_Anomaly_resperation9_38000_143411_143511,resperation9,,knn,tuned,"{'w': 200, 'k': 5}",0.00665,0.00817,0.62585,0.03961,13.2,7.58,0.0,157000,1,0.00064,ok
ucr,191_UCR_Anomaly_resperation9_38000_143411_143511,resperation9,,ae,default,,0.99548,0.14535,0.99999,0.18182,18.64,,1664.7,157000,1,0.00064,ok
ucr,191_UCR_Anomaly_resperation9_38000_143411_143511,resperation9,,ae,tuned,"{'w': 100, 'hidden': 32, 'latent': 8}",0.88854,0.12896,0.9587,0.14286,30.13,64.94,0.0,157000,1,0.00064,ok
ucr,194_UCR_Anomaly_sddb49_20000_67950_68200,sddb49,,chronos_small_resid,default,,0.01388,0.01399,0.83921,0.02456,0.75,,1738.8,60000,1,0.00418,ok
ucr,194_UCR_Anomaly_sddb49_20000_67950_68200,sddb49,,chronos_small_quantile,default,,0.00725,0.00806,0.74518,1.0,0.75,,1738.8,60000,1,0.00418,ok
ucr,194_UCR_Anomaly_sddb49_20000_67950_68200,sddb49,,chronos_base_resid,default,,0.05012,0.02487,0.82303,0.01833,1.32,,1970.7,60000,1,0.00418,ok
ucr,194_UCR_Anomaly_sddb49_20000_67950_68200,sddb49,,chronos_base_quantile,default,,0.01231,0.01171,0.68133,1.0,1.32,,1970.7,60000,1,0.00418,ok
ucr,194_UCR_Anomaly_sddb49_20000_67950_68200,sddb49,,timesfm_resid,default,,0.10554,0.0369,0.77422,0.02689,19.18,,2047.0,60000,1,0.00418,ok
ucr,194_UCR_Anomaly_sddb49_20000_67950_68200,sddb49,,timesfm_quantile,default,,0.10225,0.03193,0.67785,1.0,19.18,,2047.0,60000,1,0.00418,ok
ucr,194_UCR_Anomaly_sddb49_20000_67950_68200,sddb49,,tirex_resid,default,,0.09148,0.03191,0.90053,0.01984,24.13,,2035.3,60000,1,0.00418,ok
ucr,194_UCR_Anomaly_sddb49_20000_67950_68200,sddb49,,tirex_quantile,default,,0.00819,0.00875,0.66667,1.0,24.13,,2035.3,60000,1,0.00418,ok
ucr,194_UCR_Anomaly_sddb49_20000_67950_68200,sddb49,,iforest,default,,0.01455,0.01426,0.73051,0.12909,4.13,,1594.4,60000,1,0.00418,ok
ucr,194_UCR_Anomaly_sddb49_20000_67950_68200,sddb49,,iforest,tuned,"{'w': 100, 'n_estimators': 100}",0.01438,0.01418,0.73102,0.12076,5.73,9.59,0.0,60000,1,0.00418,ok
ucr,194_UCR_Anomaly_sddb49_20000_67950_68200,sddb49,,lof,default,,0.43373,0.23858,0.99917,0.425,2.25,,1594.4,60000,1,0.00418,ok
ucr,194_UCR_Anomaly_sddb49_20000_67950_68200,sddb49,,lof,tuned,"{'w': 100, 'k': 30}",0.47991,0.23692,0.99917,0.42143,5.44,6.06,0.0,60000,1,0.00418,ok
ucr,194_UCR_Anomaly_sddb49_20000_67950_68200,sddb49,,knn,default,,0.48432,0.18076,0.99919,0.25417,1.83,,1594.4,60000,1,0.00418,ok
ucr,194_UCR_Anomaly_sddb49_20000_67950_68200,sddb49,,knn,tuned,"{'w': 200, 'k': 1}",0.79572,0.40025,0.9992,0.6,4.27,4.16,0.0,60000,1,0.00418,ok
ucr,194_UCR_Anomaly_sddb49_20000_67950_68200,sddb49,,ae,default,,0.86081,0.43909,0.99918,0.34167,10.08,,1624.2,60000,1,0.00418,ok
ucr,194_UCR_Anomaly_sddb49_20000_67950_68200,sddb49,,ae,tuned,"{'w': 200, 'hidden': 32, 'latent': 16}",0.98586,0.76809,0.99918,0.5,16.53,46.36,0.0,60000,1,0.00418,ok
ucr,197_UCR_Anomaly_tiltAPB1_100000_114283_114350,tiltAPB1,,chronos_small_resid,default,,0.00552,0.00739,0.68116,0.01195,0.46,,1738.8,30001,1,0.00227,ok
ucr,197_UCR_Anomaly_tiltAPB1_100000_114283_114350,tiltAPB1,,chronos_small_quantile,default,,0.35599,0.07115,0.99968,0.04127,0.46,,1738.8,30001,1,0.00227,ok
ucr,197_UCR_Anomaly_tiltAPB1_100000_114283_114350,tiltAPB1,,chronos_base_resid,default,,0.01621,0.027,0.70561,0.02594,0.58,,1970.7,30001,1,0.00227,ok
ucr,197_UCR_Anomaly_tiltAPB1_100000_114283_114350,tiltAPB1,,chronos_base_quantile,default,,0.27961,0.07745,0.93594,1.0,0.58,,1970.7,30001,1,0.00227,ok
ucr,197_UCR_Anomaly_tiltAPB1_100000_114283_114350,tiltAPB1,,timesfm_resid,default,,0.02633,0.02247,0.66071,0.04035,12.05,,2047.0,30001,1,0.00227,ok
ucr,197_UCR_Anomaly_tiltAPB1_100000_114283_114350,tiltAPB1,,timesfm_quantile,default,,0.03329,0.02741,0.67577,1.0,12.05,,2047.0,30001,1,0.00227,ok
ucr,197_UCR_Anomaly_tiltAPB1_100000_114283_114350,tiltAPB1,,tirex_resid,default,,0.10752,0.04881,0.66375,0.05763,13.08,,2035.3,30001,1,0.00227,ok
ucr,197_UCR_Anomaly_tiltAPB1_100000_114283_114350,tiltAPB1,,tirex_quantile,default,,0.03599,0.02697,0.66667,1.0,13.08,,2035.3,30001,1,0.00227,ok
ucr,197_UCR_Anomaly_tiltAPB1_100000_114283_114350,tiltAPB1,,iforest,default,,0.21635,0.16696,0.6613,0.26099,2.46,,1594.4,30001,1,0.00227,ok
ucr,197_UCR_Anomaly_tiltAPB1_100000_114283_114350,tiltAPB1,,iforest,tuned,"{'w': 400, 'n_estimators': 100}",0.04208,0.07196,0.59292,0.5,5.45,28.2,0.0,30001,1,0.00227,ok
ucr,197_UCR_Anomaly_tiltAPB1_100000_114283_114350,tiltAPB1,,lof,default,,0.05302,0.06306,0.72996,0.17879,6.76,,1594.4,30001,1,0.00227,ok
ucr,197_UCR_Anomaly_tiltAPB1_100000_114283_114350,tiltAPB1,,lof,tuned,"{'w': 200, 'k': 30}",0.02255,0.02953,0.71829,0.38333,4.31,34.0,0.0,30001,1,0.00227,ok
ucr,197_UCR_Anomaly_tiltAPB1_100000_114283_114350,tiltAPB1,,knn,default,,0.7138,0.44958,0.99941,0.5,2.73,,1594.4,30001,1,0.00227,ok
ucr,197_UCR_Anomaly_tiltAPB1_100000_114283_114350,tiltAPB1,,knn,tuned,"{'w': 200, 'k': 3}",0.98417,0.47932,0.99966,1.0,2.6,22.05,0.0,30001,1,0.00227,ok
ucr,197_UCR_Anomaly_tiltAPB1_100000_114283_114350,tiltAPB1,,ae,default,,0.53675,0.42351,0.99893,0.66667,28.69,,1619.0,30001,1,0.00227,ok
ucr,197_UCR_Anomaly_tiltAPB1_100000_114283_114350,tiltAPB1,,ae,tuned,"{'w': 200, 'hidden': 64, 'latent': 8}",0.97647,0.49674,0.99967,1.0,18.24,159.38,0.0,30001,1,0.00227,ok
ucr,200_UCR_Anomaly_tiltAPB4_20000_67995_67996,tiltAPB4,,chronos_small_resid,default,,0.00131,0.00137,0.76872,0.01186,1.1,,1738.8,108001,1,2e-05,ok
ucr,200_UCR_Anomaly_tiltAPB4_20000_67995_67996,tiltAPB4,,chronos_small_quantile,default,,0.00016,0.00022,0.75302,1.0,1.1,,1738.8,108001,1,2e-05,ok
ucr,200_UCR_Anomaly_tiltAPB4_20000_67995_67996,tiltAPB4,,chronos_base_resid,default,,0.00092,0.00109,0.76883,0.01052,2.2,,1970.7,108001,1,2e-05,ok
ucr,200_UCR_Anomaly_tiltAPB4_20000_67995_67996,tiltAPB4,,chronos_base_quantile,default,,0.00014,0.00022,0.75769,1.0,2.2,,1970.7,108001,1,2e-05,ok
ucr,200_UCR_Anomaly_tiltAPB4_20000_67995_67996,tiltAPB4,,timesfm_resid,default,,0.00026,0.00051,0.80361,0.00478,32.56,,2047.0,108001,1,2e-05,ok
ucr,200_UCR_Anomaly_tiltAPB4_20000_67995_67996,tiltAPB4,,timesfm_quantile,default,,0.00012,0.00032,0.7425,1.0,32.56,,2047.0,108001,1,2e-05,ok
ucr,200_UCR_Anomaly_tiltAPB4_20000_67995_67996,tiltAPB4,,tirex_resid,default,,0.00051,0.00084,0.87085,0.00922,40.76,,2035.3,108001,1,2e-05,ok
ucr,200_UCR_Anomaly_tiltAPB4_20000_67995_67996,tiltAPB4,,tirex_quantile,default,,0.00038,0.00058,0.74353,1.0,40.76,,2035.3,108001,1,2e-05,ok
ucr,200_UCR_Anomaly_tiltAPB4_20000_67995_67996,tiltAPB4,,iforest,default,,5e-05,8e-05,0.74039,0.00556,5.58,,1594.4,108001,1,2e-05,ok
ucr,200_UCR_Anomaly_tiltAPB4_20000_67995_67996,tiltAPB4,,iforest,tuned,"{'w': 100, 'n_estimators': 200}",5e-05,8e-05,0.74039,0.00556,11.74,10.58,0.0,108001,1,2e-05,ok
ucr,200_UCR_Anomaly_tiltAPB4_20000_67995_67996,tiltAPB4,,lof,default,,3e-05,6e-05,0.60819,0.08333,3.79,,1594.4,108001,1,2e-05,ok
ucr,200_UCR_Anomaly_tiltAPB4_20000_67995_67996,tiltAPB4,,lof,tuned,"{'w': 400, 'k': 10}",4e-05,8e-05,0.5565,0.33333,6.16,5.95,0.0,108001,1,2e-05,ok
ucr,200_UCR_Anomaly_tiltAPB4_20000_67995_67996,tiltAPB4,,knn,default,,0.00011,0.00019,0.60314,0.06897,3.26,,1594.4,108001,1,2e-05,ok
ucr,200_UCR_Anomaly_tiltAPB4_20000_67995_67996,tiltAPB4,,knn,tuned,"{'w': 200, 'k': 1}",3e-05,6e-05,0.58805,0.4,5.99,4.19,0.0,108001,1,2e-05,ok
ucr,200_UCR_Anomaly_tiltAPB4_20000_67995_67996,tiltAPB4,,ae,default,,0.05114,0.00737,0.71496,0.16667,11.88,,1644.3,108001,1,2e-05,ok
ucr,200_UCR_Anomaly_tiltAPB4_20000_67995_67996,tiltAPB4,,ae,tuned,"{'w': 200, 'hidden': 32, 'latent': 16}",3e-05,8e-05,0.57759,0.28571,18.81,42.55,0.0,108001,1,2e-05,ok
ucr,203_UCR_Anomaly_CHARISfive_10500_10995_11028,CHARISfive,,chronos_small_resid,default,,0.00193,0.00276,0.77323,0.0012,0.71,,1738.8,31112,1,0.00109,ok
ucr,203_UCR_Anomaly_CHARISfive_10500_10995_11028,CHARISfive,,chronos_small_quantile,default,,0.00141,0.00205,0.68515,1.0,0.71,,1738.8,31112,1,0.00109,ok
ucr,203_UCR_Anomaly_CHARISfive_10500_10995_11028,CHARISfive,,chronos_base_resid,default,,0.00195,0.00267,0.73432,0.00108,0.76,,1970.7,31112,1,0.00109,ok
ucr,203_UCR_Anomaly_CHARISfive_10500_10995_11028,CHARISfive,,chronos_base_quantile,default,,0.00139,0.0018,0.66667,1.0,0.76,,1970.7,31112,1,0.00109,ok
ucr,203_UCR_Anomaly_CHARISfive_10500_10995_11028,CHARISfive,,timesfm_resid,default,,0.00239,0.00281,0.89847,0.00117,10.19,,2047.0,31112,1,0.00109,ok
ucr,203_UCR_Anomaly_CHARISfive_10500_10995_11028,CHARISfive,,timesfm_quantile,default,,0.00231,0.00256,0.66667,1.0,10.19,,2047.0,31112,1,0.00109,ok
ucr,203_UCR_Anomaly_CHARISfive_10500_10995_11028,CHARISfive,,tirex_resid,default,,0.00263,0.00324,0.76022,0.00141,10.91,,2035.3,31112,1,0.00109,ok
ucr,203_UCR_Anomaly_CHARISfive_10500_10995_11028,CHARISfive,,tirex_quantile,default,,0.00192,0.00224,0.70623,1.0,10.91,,2035.3,31112,1,0.00109,ok
ucr,203_UCR_Anomaly_CHARISfive_10500_10995_11028,CHARISfive,,iforest,default,,0.00249,0.00402,0.8147,0.03571,2.52,,1594.4,31112,1,0.00109,ok
ucr,203_UCR_Anomaly_CHARISfive_10500_10995_11028,CHARISfive,,iforest,tuned,"{'w': 100, 'n_estimators': 100}",0.00263,0.00429,0.87382,0.03077,3.33,7.38,0.0,31112,1,0.00109,ok
ucr,203_UCR_Anomaly_CHARISfive_10500_10995_11028,CHARISfive,,lof,default,,0.00079,0.00118,0.5121,0.0,0.94,,1594.4,31112,1,0.00109,ok
ucr,203_UCR_Anomaly_CHARISfive_10500_10995_11028,CHARISfive,,lof,tuned,"{'w': 50, 'k': 50}",0.02479,0.02097,0.51994,0.03551,4.42,3.33,0.0,31112,1,0.00109,ok
ucr,203_UCR_Anomaly_CHARISfive_10500_10995_11028,CHARISfive,,knn,default,,0.00201,0.00275,0.51224,0.04651,0.7,,1594.4,31112,1,0.00109,ok
ucr,203_UCR_Anomaly_CHARISfive_10500_10995_11028,CHARISfive,,knn,tuned,"{'w': 50, 'k': 5}",0.01856,0.01641,0.54118,0.03414,3.44,2.55,0.0,31112,1,0.00109,ok
ucr,203_UCR_Anomaly_CHARISfive_10500_10995_11028,CHARISfive,,ae,default,,0.00099,0.00152,0.51379,0.0,5.18,,1611.9,31112,1,0.00109,ok
ucr,203_UCR_Anomaly_CHARISfive_10500_10995_11028,CHARISfive,,ae,tuned,"{'w': 100, 'hidden': 32, 'latent': 8}",0.00098,0.00156,0.55359,0.0,6.7,22.51,0.0,31112,1,0.00109,ok
ucr,206_UCR_Anomaly_CHARISten_25130_29080_29140,CHARISten,,chronos_small_resid,default,,0.00319,0.0061,0.71718,0.00252,0.36,,1738.8,16870,1,0.00362,ok
ucr,206_UCR_Anomaly_CHARISten_25130_29080_29140,CHARISten,,chronos_small_quantile,default,,0.00388,0.00601,0.74535,0.00542,0.36,,1738.8,16870,1,0.00362,ok
ucr,206_UCR_Anomaly_CHARISten_25130_29080_29140,CHARISten,,chronos_base_resid,default,,0.0051,0.00752,0.73271,0.01701,0.8,,1970.7,16870,1,0.00362,ok
ucr,206_UCR_Anomaly_CHARISten_25130_29080_29140,CHARISten,,chronos_base_quantile,default,,0.00969,0.01092,0.78901,0.02268,0.8,,1970.7,16870,1,0.00362,ok
ucr,206_UCR_Anomaly_CHARISten_25130_29080_29140,CHARISten,,timesfm_resid,default,,0.03112,0.03284,0.77292,0.05448,4.84,,2047.0,16870,1,0.00362,ok
ucr,206_UCR_Anomaly_CHARISten_25130_29080_29140,CHARISten,,timesfm_quantile,default,,0.05811,0.0511,0.73049,1.0,4.84,,2047.0,16870,1,0.00362,ok
ucr,206_UCR_Anomaly_CHARISten_25130_29080_29140,CHARISten,,tirex_resid,default,,0.04731,0.04835,0.80524,0.07939,10.86,,2035.3,16870,1,0.00362,ok
ucr,206_UCR_Anomaly_CHARISten_25130_29080_29140,CHARISten,,tirex_quantile,default,,0.11484,0.09296,0.68668,1.0,10.86,,2035.3,16870,1,0.00362,ok
ucr,206_UCR_Anomaly_CHARISten_25130_29080_29140,CHARISten,,iforest,default,,0.00944,0.01235,0.6756,0.18182,1.96,,1594.4,16870,1,0.00362,ok
ucr,206_UCR_Anomaly_CHARISten_25130_29080_29140,CHARISten,,iforest,tuned,"{'w': 100, 'n_estimators': 200}",0.00944,0.01235,0.6756,0.18182,2.77,10.21,0.0,16870,1,0.00362,ok
ucr,206_UCR_Anomaly_CHARISten_25130_29080_29140,CHARISten,,lof,default,,0.15665,0.25156,0.87768,0.66667,1.16,,1594.4,16870,1,0.00362,ok
ucr,206_UCR_Anomaly_CHARISten_25130_29080_29140,CHARISten,,lof,tuned,"{'w': 100, 'k': 50}",0.15665,0.25156,0.87768,0.66667,1.76,6.45,0.0,16870,1,0.00362,ok
ucr,206_UCR_Anomaly_CHARISten_25130_29080_29140,CHARISten,,knn,default,,0.179,0.24052,0.8926,0.66667,0.6,,1594.4,16870,1,0.00362,ok
ucr,206_UCR_Anomaly_CHARISten_25130_29080_29140,CHARISten,,knn,tuned,"{'w': 50, 'k': 5}",0.2741,0.31356,0.89351,0.66667,2.93,4.58,0.0,16870,1,0.00362,ok
ucr,206_UCR_Anomaly_CHARISten_25130_29080_29140,CHARISten,,ae,default,,0.17079,0.23266,0.8909,0.66667,9.24,,1607.4,16870,1,0.00362,ok
ucr,206_UCR_Anomaly_CHARISten_25130_29080_29140,CHARISten,,ae,tuned,"{'w': 50, 'hidden': 64, 'latent': 16}",0.27447,0.3441,0.89062,0.66667,21.59,57.82,0.0,16870,1,0.00362,ok
ucr,209_UCR_Anomaly_Fantasia_19000_26970_27270,Fantasia,,chronos_small_resid,default,,0.00642,0.00781,0.68334,0.00243,0.85,,1738.8,73000,1,0.00412,ok
ucr,209_UCR_Anomaly_Fantasia_19000_26970_27270,Fantasia,,chronos_small_quantile,default,,0.0044,0.00553,0.67093,1.0,0.85,,1738.8,73000,1,0.00412,ok
ucr,209_UCR_Anomaly_Fantasia_19000_26970_27270,Fantasia,,chronos_base_resid,default,,0.006,0.0075,0.68451,0.00227,1.37,,1970.7,73000,1,0.00412,ok
ucr,209_UCR_Anomaly_Fantasia_19000_26970_27270,Fantasia,,chronos_base_quantile,default,,0.00462,0.0057,0.6751,1.0,1.37,,1970.7,73000,1,0.00412,ok
ucr,209_UCR_Anomaly_Fantasia_19000_26970_27270,Fantasia,,timesfm_resid,default,,0.00926,0.00981,0.69872,0.00248,33.56,,2047.0,73000,1,0.00412,ok
ucr,209_UCR_Anomaly_Fantasia_19000_26970_27270,Fantasia,,timesfm_quantile,default,,0.00459,0.00568,0.67637,1.0,33.56,,2047.0,73000,1,0.00412,ok
ucr,209_UCR_Anomaly_Fantasia_19000_26970_27270,Fantasia,,tirex_resid,default,,0.01002,0.00864,0.67495,0.00278,46.56,,2035.3,73000,1,0.00412,ok
ucr,209_UCR_Anomaly_Fantasia_19000_26970_27270,Fantasia,,tirex_quantile,default,,0.00469,0.00578,0.66667,1.0,46.56,,2035.3,73000,1,0.00412,ok
ucr,209_UCR_Anomaly_Fantasia_19000_26970_27270,Fantasia,,iforest,default,,0.00397,0.00529,0.94551,0.00621,4.33,,1594.4,73000,1,0.00412,ok
ucr,209_UCR_Anomaly_Fantasia_19000_26970_27270,Fantasia,,iforest,tuned,"{'w': 100, 'n_estimators': 200}",0.00397,0.00529,0.94551,0.00621,8.96,8.51,0.0,73000,1,0.00412,ok
ucr,209_UCR_Anomaly_Fantasia_19000_26970_27270,Fantasia,,lof,default,,0.01025,0.01245,0.77571,0.02921,2.69,,1594.4,73000,1,0.00412,ok
ucr,209_UCR_Anomaly_Fantasia_19000_26970_27270,Fantasia,,lof,tuned,"{'w': 200, 'k': 10}",0.05722,0.06299,0.77387,0.18571,5.15,5.78,0.0,73000,1,0.00412,ok
ucr,209_UCR_Anomaly_Fantasia_19000_26970_27270,Fantasia,,knn,default,,0.05086,0.05424,0.9454,0.12143,2.36,,1594.4,73000,1,0.00412,ok
ucr,209_UCR_Anomaly_Fantasia_19000_26970_27270,Fantasia,,knn,tuned,"{'w': 200, 'k': 1}",0.12049,0.15352,0.94516,0.24286,5.25,3.97,0.0,73000,1,0.00412,ok
ucr,209_UCR_Anomaly_Fantasia_19000_26970_27270,Fantasia,,ae,default,,0.45417,0.31909,0.99931,0.25,10.03,,1629.6,73000,1,0.00412,ok
ucr,209_UCR_Anomaly_Fantasia_19000_26970_27270,Fantasia,,ae,tuned,"{'w': 200, 'hidden': 32, 'latent': 16}",0.01888,0.02247,0.68692,0.05065,12.47,38.19,0.0,73000,1,0.00412,ok
ucr,212_UCR_Anomaly_Italianpowerdemand_8913_29480_29504,Italianpowerdemand,,chronos_small_resid,default,,0.00879,0.00713,0.7169,0.01906,0.29,,1738.8,21018,1,0.00119,ok
ucr,212_UCR_Anomaly_Italianpowerdemand_8913_29480_29504,Italianpowerdemand,,chronos_small_quantile,default,,0.01422,0.01049,0.66667,1.0,0.29,,1738.8,21018,1,0.00119,ok
ucr,212_UCR_Anomaly_Italianpowerdemand_8913_29480_29504,Italianpowerdemand,,chronos_base_resid,default,,0.00844,0.00722,0.68379,0.01966,0.54,,1970.7,21018,1,0.00119,ok
ucr,212_UCR_Anomaly_Italianpowerdemand_8913_29480_29504,Italianpowerdemand,,chronos_base_quantile,default,,0.02296,0.01551,0.66667,1.0,0.54,,1970.7,21018,1,0.00119,ok
ucr,212_UCR_Anomaly_Italianpowerdemand_8913_29480_29504,Italianpowerdemand,,timesfm_resid,default,,0.00421,0.00399,0.68435,0.00917,7.71,,2047.0,21018,1,0.00119,ok
ucr,212_UCR_Anomaly_Italianpowerdemand_8913_29480_29504,Italianpowerdemand,,timesfm_quantile,default,,0.05304,0.01735,0.73773,1.0,7.71,,2047.0,21018,1,0.00119,ok
ucr,212_UCR_Anomaly_Italianpowerdemand_8913_29480_29504,Italianpowerdemand,,tirex_resid,default,,0.00555,0.0051,0.68477,0.01155,10.87,,2035.3,21018,1,0.00119,ok
ucr,212_UCR_Anomaly_Italianpowerdemand_8913_29480_29504,Italianpowerdemand,,tirex_quantile,default,,0.02139,0.01566,0.66667,1.0,10.87,,2035.3,21018,1,0.00119,ok
ucr,212_UCR_Anomaly_Italianpowerdemand_8913_29480_29504,Italianpowerdemand,,iforest,default,,0.00071,0.00125,0.62538,0.0,1.99,,1594.4,21018,1,0.00119,ok
ucr,212_UCR_Anomaly_Italianpowerdemand_8913_29480_29504,Italianpowerdemand,,iforest,tuned,"{'w': 100, 'n_estimators': 200}",0.00071,0.00125,0.62538,0.0,2.95,7.38,0.0,21018,1,0.00119,ok
ucr,212_UCR_Anomaly_Italianpowerdemand_8913_29480_29504,Italianpowerdemand,,lof,default,,0.00075,0.00109,0.84171,0.0,0.57,,1594.4,21018,1,0.00119,ok
ucr,212_UCR_Anomaly_Italianpowerdemand_8913_29480_29504,Italianpowerdemand,,lof,tuned,"{'w': 50, 'k': 50}",0.19066,0.15913,0.84191,0.33333,2.8,2.63,0.0,21018,1,0.00119,ok
ucr,212_UCR_Anomaly_Italianpowerdemand_8913_29480_29504,Italianpowerdemand,,knn,default,,0.00634,0.00942,0.8281,0.12733,0.41,,1594.4,21018,1,0.00119,ok
ucr,212_UCR_Anomaly_Italianpowerdemand_8913_29480_29504,Italianpowerdemand,,knn,tuned,"{'w': 100, 'k': 3}",0.00765,0.01179,0.82816,0.14286,1.75,2.2,0.0,21018,1,0.00119,ok
ucr,212_UCR_Anomaly_Italianpowerdemand_8913_29480_29504,Italianpowerdemand,,ae,default,,0.01125,0.01602,0.80834,0.10506,3.72,,1607.8,21018,1,0.00119,ok
ucr,212_UCR_Anomaly_Italianpowerdemand_8913_29480_29504,Italianpowerdemand,,ae,tuned,"{'w': 200, 'hidden': 32, 'latent': 16}",0.00083,0.00139,0.83511,0.0,5.65,19.85,0.0,21018,1,0.00119,ok
ucr,215_UCR_Anomaly_STAFFIIIDatabase_36276_106720_107370,STAFFIIIDatabase,,chronos_small_resid,default,,0.00253,0.00276,0.66833,0.0017,2.63,,1738.8,263714,1,0.00247,ok
ucr,215_UCR_Anomaly_STAFFIIIDatabase_36276_106720_107370,STAFFIIIDatabase,,chronos_small_quantile,default,,0.00263,0.00305,0.79595,1.0,2.63,,1738.8,263714,1,0.00247,ok
ucr,215_UCR_Anomaly_STAFFIIIDatabase_36276_106720_107370,STAFFIIIDatabase,,chronos_base_resid,default,,0.00262,0.00283,0.66672,0.00155,5.81,,1970.7,263714,1,0.00247,ok
ucr,215_UCR_Anomaly_STAFFIIIDatabase_36276_106720_107370,STAFFIIIDatabase,,chronos_base_quantile,default,,0.00278,0.00325,0.82176,1.0,5.81,,1970.7,263714,1,0.00247,ok
ucr,215_UCR_Anomaly_STAFFIIIDatabase_36276_106720_107370,STAFFIIIDatabase,,timesfm_resid,default,,0.00291,0.00318,0.66494,0.00191,72.83,,2047.0,263714,1,0.00247,ok
ucr,215_UCR_Anomaly_STAFFIIIDatabase_36276_106720_107370,STAFFIIIDatabase,,timesfm_quantile,default,,0.00296,0.00343,0.76066,1.0,72.83,,2047.0,263714,1,0.00247,ok
ucr,215_UCR_Anomaly_STAFFIIIDatabase_36276_106720_107370,STAFFIIIDatabase,,tirex_resid,default,,0.00248,0.00279,0.67172,0.00205,97.16,,2035.3,263714,1,0.00247,ok
ucr,215_UCR_Anomaly_STAFFIIIDatabase_36276_106720_107370,STAFFIIIDatabase,,tirex_quantile,default,,0.00262,0.00307,0.66689,1.0,97.16,,2035.3,263714,1,0.00247,ok
ucr,215_UCR_Anomaly_STAFFIIIDatabase_36276_106720_107370,STAFFIIIDatabase,,iforest,default,,0.00243,0.0026,0.68384,0.00365,13.22,,1594.4,263714,1,0.00247,ok
ucr,215_UCR_Anomaly_STAFFIIIDatabase_36276_106720_107370,STAFFIIIDatabase,,iforest,tuned,"{'w': 200, 'n_estimators': 200}",0.0022,0.00241,0.67768,0.00318,38.75,12.38,0.0,263714,1,0.00247,ok
ucr,215_UCR_Anomaly_STAFFIIIDatabase_36276_106720_107370,STAFFIIIDatabase,,lof,default,,0.04236,0.01309,0.8962,0.00941,12.25,,1594.4,263714,1,0.00247,ok
ucr,215_UCR_Anomaly_STAFFIIIDatabase_36276_106720_107370,STAFFIIIDatabase,,lof,tuned,"{'w': 200, 'k': 30}",0.16797,0.09438,0.6609,0.04359,22.34,10.81,0.0,263714,1,0.00247,ok
ucr,215_UCR_Anomaly_STAFFIIIDatabase_36276_106720_107370,STAFFIIIDatabase,,knn,default,,0.17978,0.02384,0.973,0.02245,11.64,,1594.4,263714,1,0.00247,ok
ucr,215_UCR_Anomaly_STAFFIIIDatabase_36276_106720_107370,STAFFIIIDatabase,,knn,tuned,"{'w': 100, 'k': 3}",0.19055,0.02578,0.98381,0.02921,27.46,7.54,0.0,263714,1,0.00247,ok
ucr,215_UCR_Anomaly_STAFFIIIDatabase_36276_106720_107370,STAFFIIIDatabase,,ae,default,,0.12011,0.01237,0.89997,0.01113,23.68,,1707.2,263714,1,0.00247,ok
ucr,215_UCR_Anomaly_STAFFIIIDatabase_36276_106720_107370,STAFFIIIDatabase,,ae,tuned,"{'w': 100, 'hidden': 32, 'latent': 8}",0.00243,0.00282,0.67371,0.00449,38.91,75.37,0.0,263714,1,0.00247,ok
ucr,218_UCR_Anomaly_STAFFIIIDatabase_41117_210720_211370,STAFFIIIDatabase,,chronos_small_resid,default,,0.0032,0.00326,0.67021,0.00337,2.59,,1738.8,258823,1,0.00252,ok
ucr,218_UCR_Anomaly_STAFFIIIDatabase_41117_210720_211370,STAFFIIIDatabase,,chronos_small_quantile,default,,0.00286,0.00318,0.67275,1.0,2.59,,1738.8,258823,1,0.00252,ok
ucr,218_UCR_Anomaly_STAFFIIIDatabase_41117_210720_211370,STAFFIIIDatabase,,chronos_base_resid,default,,0.00276,0.00298,0.67208,0.00328,5.86,,1970.7,258823,1,0.00252,ok
ucr,218_UCR_Anomaly_STAFFIIIDatabase_41117_210720_211370,STAFFIIIDatabase,,chronos_base_quantile,default,,0.00277,0.00314,0.6758,1.0,5.86,,1970.7,258823,1,0.00252,ok
ucr,218_UCR_Anomaly_STAFFIIIDatabase_41117_210720_211370,STAFFIIIDatabase,,timesfm_resid,default,,0.00302,0.00326,0.67875,0.00353,80.63,,2047.0,258823,1,0.00252,ok
ucr,218_UCR_Anomaly_STAFFIIIDatabase_41117_210720_211370,STAFFIIIDatabase,,timesfm_quantile,default,,0.00345,0.00369,0.67558,1.0,80.63,,2047.0,258823,1,0.00252,ok
ucr,218_UCR_Anomaly_STAFFIIIDatabase_41117_210720_211370,STAFFIIIDatabase,,tirex_resid,default,,0.00287,0.00303,0.67497,0.00333,93.19,,2035.3,258823,1,0.00252,ok
ucr,218_UCR_Anomaly_STAFFIIIDatabase_41117_210720_211370,STAFFIIIDatabase,,tirex_quantile,default,,0.00275,0.0031,0.67279,1.0,93.19,,2035.3,258823,1,0.00252,ok
ucr,218_UCR_Anomaly_STAFFIIIDatabase_41117_210720_211370,STAFFIIIDatabase,,iforest,default,,0.00672,0.00676,0.75907,0.01165,14.86,,1594.4,258823,1,0.00252,ok
ucr,218_UCR_Anomaly_STAFFIIIDatabase_41117_210720_211370,STAFFIIIDatabase,,iforest,tuned,"{'w': 400, 'n_estimators': 100}",0.00823,0.00875,0.72479,0.02329,47.87,14.95,0.0,258823,1,0.00252,ok
ucr,218_UCR_Anomaly_STAFFIIIDatabase_41117_210720_211370,STAFFIIIDatabase,,lof,default,,0.05357,0.05845,0.79663,0.10311,14.58,,1594.4,258823,1,0.00252,ok
ucr,218_UCR_Anomaly_STAFFIIIDatabase_41117_210720_211370,STAFFIIIDatabase,,lof,tuned,"{'w': 200, 'k': 10}",0.17733,0.17514,0.82443,0.24841,19.46,12.23,0.0,258823,1,0.00252,ok
ucr,218_UCR_Anomaly_STAFFIIIDatabase_41117_210720_211370,STAFFIIIDatabase,,knn,default,,0.0743,0.04758,0.8742,0.0812,13.09,,1594.4,258823,1,0.00252,ok
ucr,218_UCR_Anomaly_STAFFIIIDatabase_41117_210720_211370,STAFFIIIDatabase,,knn,tuned,"{'w': 200, 'k': 3}",0.15678,0.1211,0.87509,0.15904,24.68,8.46,0.0,258823,1,0.00252,ok
ucr,218_UCR_Anomaly_STAFFIIIDatabase_41117_210720_211370,STAFFIIIDatabase,,ae,default,,0.31952,0.05353,0.99939,0.05059,27.94,,1706.1,258823,1,0.00252,ok
ucr,218_UCR_Anomaly_STAFFIIIDatabase_41117_210720_211370,STAFFIIIDatabase,,ae,tuned,"{'w': 200, 'hidden': 32, 'latent': 8}",0.32195,0.07526,0.99941,0.0699,46.9,83.32,0.0,258823,1,0.00252,ok
ucr,221_UCR_Anomaly_STAFFIIIDatabase_45616_163632_164852,STAFFIIIDatabase,,chronos_small_resid,default,,0.00389,0.00426,0.74596,0.00156,2.59,,1738.8,252724,1,0.00483,ok
ucr,221_UCR_Anomaly_STAFFIIIDatabase_45616_163632_164852,STAFFIIIDatabase,,chronos_small_quantile,default,,0.00526,0.00568,0.68027,1.0,2.59,,1738.8,252724,1,0.00483,ok
ucr,221_UCR_Anomaly_STAFFIIIDatabase_45616_163632_164852,STAFFIIIDatabase,,chronos_base_resid,default,,0.0039,0.00426,0.67304,0.0013,5.42,,1970.7,252724,1,0.00483,ok
ucr,221_UCR_Anomaly_STAFFIIIDatabase_45616_163632_164852,STAFFIIIDatabase,,chronos_base_quantile,default,,0.00506,0.00545,0.68014,1.0,5.42,,1970.7,252724,1,0.00483,ok
ucr,221_UCR_Anomaly_STAFFIIIDatabase_45616_163632_164852,STAFFIIIDatabase,,timesfm_resid,default,,0.00465,0.00497,0.82746,0.00188,73.9,,2047.0,252724,1,0.00483,ok
ucr,221_UCR_Anomaly_STAFFIIIDatabase_45616_163632_164852,STAFFIIIDatabase,,timesfm_quantile,default,,0.00457,0.00494,0.67971,1.0,73.9,,2047.0,252724,1,0.00483,ok
ucr,221_UCR_Anomaly_STAFFIIIDatabase_45616_163632_164852,STAFFIIIDatabase,,tirex_resid,default,,0.00514,0.00554,0.69484,0.00202,98.33,,2035.3,252724,1,0.00483,ok
ucr,221_UCR_Anomaly_STAFFIIIDatabase_45616_163632_164852,STAFFIIIDatabase,,tirex_quantile,default,,0.00488,0.00526,0.68074,1.0,98.33,,2035.3,252724,1,0.00483,ok
ucr,221_UCR_Anomaly_STAFFIIIDatabase_45616_163632_164852,STAFFIIIDatabase,,iforest,default,,0.00487,0.00518,0.66626,0.0039,12.81,,1594.4,252724,1,0.00483,ok
ucr,221_UCR_Anomaly_STAFFIIIDatabase_45616_163632_164852,STAFFIIIDatabase,,iforest,tuned,"{'w': 200, 'n_estimators': 200}",0.00535,0.00552,0.66464,0.00701,32.33,16.54,0.0,252724,1,0.00483,ok
ucr,221_UCR_Anomaly_STAFFIIIDatabase_45616_163632_164852,STAFFIIIDatabase,,lof,default,,0.16204,0.03833,0.99941,0.01954,14.47,,1594.4,252724,1,0.00483,ok
ucr,221_UCR_Anomaly_STAFFIIIDatabase_45616_163632_164852,STAFFIIIDatabase,,lof,tuned,"{'w': 100, 'k': 50}",0.16204,0.03833,0.99941,0.01954,28.93,14.68,0.0,252724,1,0.00483,ok
ucr,221_UCR_Anomaly_STAFFIIIDatabase_45616_163632_164852,STAFFIIIDatabase,,knn,default,,0.20367,0.05217,0.99944,0.03499,13.62,,1594.4,252724,1,0.00483,ok
ucr,221_UCR_Anomaly_STAFFIIIDatabase_45616_163632_164852,STAFFIIIDatabase,,knn,tuned,"{'w': 100, 'k': 1}",0.24166,0.06984,0.99944,0.03499,33.21,10.35,0.0,252724,1,0.00483,ok
ucr,221_UCR_Anomaly_STAFFIIIDatabase_45616_163632_164852,STAFFIIIDatabase,,ae,default,,0.22388,0.05221,0.99943,0.02152,29.29,,1703.5,252724,1,0.00483,ok
ucr,221_UCR_Anomaly_STAFFIIIDatabase_45616_163632_164852,STAFFIIIDatabase,,ae,tuned,"{'w': 100, 'hidden': 32, 'latent': 8}",0.00721,0.00741,0.67588,0.00856,41.46,110.37,0.0,252724,1,0.00483,ok
ucr,224_UCR_Anomaly_mit14046longtermecg_76123_191200_191700,mit14046longtermecg,,chronos_small_resid,default,,0.00354,0.0042,0.67503,0.00077,1.42,,1738.8,123630,1,0.00405,ok
ucr,224_UCR_Anomaly_mit14046longtermecg_76123_191200_191700,mit14046longtermecg,,chronos_small_quantile,default,,0.00507,0.00564,0.79733,1.0,1.42,,1738.8,123630,1,0.00405,ok
ucr,224_UCR_Anomaly_mit14046longtermecg_76123_191200_191700,mit14046longtermecg,,chronos_base_resid,default,,0.00349,0.00416,0.71241,0.00126,2.36,,1970.7,123630,1,0.00405,ok
ucr,224_UCR_Anomaly_mit14046longtermecg_76123_191200_191700,mit14046longtermecg,,chronos_base_quantile,default,,0.00536,0.00587,0.68268,1.0,2.36,,1970.7,123630,1,0.00405,ok
ucr,224_UCR_Anomaly_mit14046longtermecg_76123_191200_191700,mit14046longtermecg,,timesfm_resid,default,,0.00369,0.00444,0.69548,0.00124,50.37,,2047.0,123630,1,0.00405,ok
ucr,224_UCR_Anomaly_mit14046longtermecg_76123_191200_191700,mit14046longtermecg,,timesfm_quantile,default,,0.00493,0.00524,0.72623,1.0,50.37,,2047.0,123630,1,0.00405,ok
ucr,224_UCR_Anomaly_mit14046longtermecg_76123_191200_191700,mit14046longtermecg,,tirex_resid,default,,0.00362,0.0043,0.68868,0.00122,44.24,,2035.3,123630,1,0.00405,ok
ucr,224_UCR_Anomaly_mit14046longtermecg_76123_191200_191700,mit14046longtermecg,,tirex_quantile,default,,0.00482,0.00523,0.70094,1.0,44.24,,2035.3,123630,1,0.00405,ok
ucr,224_UCR_Anomaly_mit14046longtermecg_76123_191200_191700,mit14046longtermecg,,iforest,default,,0.00263,0.00339,0.67827,0.00723,7.61,,1594.4,123630,1,0.00405,ok
ucr,224_UCR_Anomaly_mit14046longtermecg_76123_191200_191700,mit14046longtermecg,,iforest,tuned,"{'w': 200, 'n_estimators': 100}",0.00267,0.00337,0.65677,0.01128,13.93,23.55,0.0,123630,1,0.00405,ok
ucr,224_UCR_Anomaly_mit14046longtermecg_76123_191200_191700,mit14046longtermecg,,lof,default,,0.37037,0.14248,0.99893,0.10333,11.32,,1594.4,123630,1,0.00405,ok
ucr,224_UCR_Anomaly_mit14046longtermecg_76123_191200_191700,mit14046longtermecg,,lof,tuned,"{'w': 200, 'k': 30}",0.01582,0.01586,0.84777,0.06169,11.47,17.3,0.0,123630,1,0.00405,ok
ucr,224_UCR_Anomaly_mit14046longtermecg_76123_191200_191700,mit14046longtermecg,,knn,default,,0.03956,0.03966,0.60415,0.05044,9.91,,1594.4,123630,1,0.00405,ok
ucr,224_UCR_Anomaly_mit14046longtermecg_76123_191200_191700,mit14046longtermecg,,knn,tuned,"{'w': 200, 'k': 3}",0.00602,0.00654,0.56745,0.04167,10.94,13.9,0.0,123630,1,0.00405,ok
ucr,224_UCR_Anomaly_mit14046longtermecg_76123_191200_191700,mit14046longtermecg,,ae,default,,0.02442,0.02529,0.5512,0.04684,29.78,,1655.7,123630,1,0.00405,ok
ucr,224_UCR_Anomaly_mit14046longtermecg_76123_191200_191700,mit14046longtermecg,,ae,tuned,"{'w': 200, 'hidden': 32, 'latent': 16}",0.00518,0.00598,0.57348,0.03286,30.09,106.9,0.0,123630,1,0.00405,ok
ucr,227_UCR_Anomaly_mit14134longtermecg_11231_29000_29100,mit14134longtermecg,,chronos_small_resid,default,,0.00255,0.00329,0.72862,0.00152,0.44,,1738.8,48071,1,0.0021,ok
ucr,227_UCR_Anomaly_mit14134longtermecg_11231_29000_29100,mit14134longtermecg,,chronos_small_quantile,default,,0.00221,0.00317,0.68957,1.0,0.44,,1738.8,48071,1,0.0021,ok
ucr,227_UCR_Anomaly_mit14134longtermecg_11231_29000_29100,mit14134longtermecg,,chronos_base_resid,default,,0.00267,0.00358,0.73654,0.00168,1.06,,1970.7,48071,1,0.0021,ok
ucr,227_UCR_Anomaly_mit14134longtermecg_11231_29000_29100,mit14134longtermecg,,chronos_base_quantile,default,,0.00241,0.00331,0.75246,1.0,1.06,,1970.7,48071,1,0.0021,ok
ucr,227_UCR_Anomaly_mit14134longtermecg_11231_29000_29100,mit14134longtermecg,,timesfm_resid,default,,0.00288,0.00365,0.75858,0.00189,15.05,,2047.0,48071,1,0.0021,ok
ucr,227_UCR_Anomaly_mit14134longtermecg_11231_29000_29100,mit14134longtermecg,,timesfm_quantile,default,,0.00347,0.00429,0.72845,1.0,15.05,,2047.0,48071,1,0.0021,ok
ucr,227_UCR_Anomaly_mit14134longtermecg_11231_29000_29100,mit14134longtermecg,,tirex_resid,default,,0.00264,0.00322,0.72562,0.00167,18.57,,2035.3,48071,1,0.0021,ok
ucr,227_UCR_Anomaly_mit14134longtermecg_11231_29000_29100,mit14134longtermecg,,tirex_quantile,default,,0.00358,0.00403,0.77689,1.0,18.57,,2035.3,48071,1,0.0021,ok
ucr,227_UCR_Anomaly_mit14134longtermecg_11231_29000_29100,mit14134longtermecg,,iforest,default,,0.00294,0.00343,0.7255,0.01461,3.61,,1594.4,48071,1,0.0021,ok
ucr,227_UCR_Anomaly_mit14134longtermecg_11231_29000_29100,mit14134longtermecg,,iforest,tuned,"{'w': 100, 'n_estimators': 100}",0.00287,0.00338,0.72466,0.01456,6.64,9.4,0.0,48071,1,0.0021,ok
ucr,227_UCR_Anomaly_mit14134longtermecg_11231_29000_29100,mit14134longtermecg,,lof,default,,0.05239,0.03914,0.72359,0.18339,1.94,,1594.4,48071,1,0.0021,ok
ucr,227_UCR_Anomaly_mit14134longtermecg_11231_29000_29100,mit14134longtermecg,,lof,tuned,"{'w': 100, 'k': 50}",0.05239,0.03914,0.72359,0.18339,5.28,4.06,0.0,48071,1,0.0021,ok
ucr,227_UCR_Anomaly_mit14134longtermecg_11231_29000_29100,mit14134longtermecg,,knn,default,,0.76159,0.23163,0.99962,0.25595,1.75,,1594.4,48071,1,0.0021,ok
ucr,227_UCR_Anomaly_mit14134longtermecg_11231_29000_29100,mit14134longtermecg,,knn,tuned,"{'w': 100, 'k': 3}",0.77616,0.23952,0.99962,0.22917,5.0,2.86,0.0,48071,1,0.0021,ok
ucr,227_UCR_Anomaly_mit14134longtermecg_11231_29000_29100,mit14134longtermecg,,ae,default,,0.01162,0.01059,0.72363,0.05628,6.83,,1618.9,48071,1,0.0021,ok
ucr,227_UCR_Anomaly_mit14134longtermecg_11231_29000_29100,mit14134longtermecg,,ae,tuned,"{'w': 100, 'hidden': 32, 'latent': 8}",0.0029,0.00333,0.76367,0.01452,9.13,28.73,0.0,48071,1,0.0021,ok
ucr,230_UCR_Anomaly_mit14134longtermecg_19363_19510_19610,mit14134longtermecg,,chronos_small_resid,default,,0.00429,0.00453,0.72431,0.00451,0.63,,1738.8,39637,1,0.00255,ok
ucr,230_UCR_Anomaly_mit14134longtermecg_19363_19510_19610,mit14134longtermecg,,chronos_small_quantile,default,,0.00301,0.00409,0.66667,1.0,0.63,,1738.8,39637,1,0.00255,ok
ucr,230_UCR_Anomaly_mit14134longtermecg_19363_19510_19610,mit14134longtermecg,,chronos_base_resid,default,,0.00392,0.00436,0.71236,0.00535,1.14,,1970.7,39637,1,0.00255,ok
ucr,230_UCR_Anomaly_mit14134longtermecg_19363_19510_19610,mit14134longtermecg,,chronos_base_quantile,default,,0.00316,0.00419,0.66667,1.0,1.14,,1970.7,39637,1,0.00255,ok
ucr,230_UCR_Anomaly_mit14134longtermecg_19363_19510_19610,mit14134longtermecg,,timesfm_resid,default,,0.00482,0.00501,0.68393,0.00538,12.81,,2047.0,39637,1,0.00255,ok
ucr,230_UCR_Anomaly_mit14134longtermecg_19363_19510_19610,mit14134longtermecg,,timesfm_quantile,default,,0.00319,0.00423,0.66667,1.0,12.81,,2047.0,39637,1,0.00255,ok
ucr,230_UCR_Anomaly_mit14134longtermecg_19363_19510_19610,mit14134longtermecg,,tirex_resid,default,,0.00779,0.00518,0.72666,0.00513,16.07,,2035.3,39637,1,0.00255,ok
ucr,230_UCR_Anomaly_mit14134longtermecg_19363_19510_19610,mit14134longtermecg,,tirex_quantile,default,,0.00343,0.00444,0.66667,1.0,16.07,,2035.3,39637,1,0.00255,ok
ucr,230_UCR_Anomaly_mit14134longtermecg_19363_19510_19610,mit14134longtermecg,,iforest,default,,0.00684,0.00793,0.76703,0.05745,3.15,,1594.4,39637,1,0.00255,ok
ucr,230_UCR_Anomaly_mit14134longtermecg_19363_19510_19610,mit14134longtermecg,,iforest,tuned,"{'w': 50, 'n_estimators': 200}",0.00601,0.0064,0.73216,0.03354,5.11,9.55,0.0,39637,1,0.00255,ok
ucr,230_UCR_Anomaly_mit14134longtermecg_19363_19510_19610,mit14134longtermecg,,lof,default,,0.06031,0.06053,0.67856,0.2881,1.61,,1594.4,39637,1,0.00255,ok
ucr,230_UCR_Anomaly_mit14134longtermecg_19363_19510_19610,mit14134longtermecg,,lof,tuned,"{'w': 50, 'k': 30}",0.03299,0.0295,0.70081,0.09652,5.9,6.21,0.0,39637,1,0.00255,ok
ucr,230_UCR_Anomaly_mit14134longtermecg_19363_19510_19610,mit14134longtermecg,,knn,default,,0.02208,0.02398,0.73024,0.17733,1.22,,1594.4,39637,1,0.00255,ok
ucr,230_UCR_Anomaly_mit14134longtermecg_19363_19510_19610,mit14134longtermecg,,knn,tuned,"{'w': 100, 'k': 3}",0.02361,0.02641,0.73371,0.18082,3.4,4.1,0.0,39637,1,0.00255,ok
ucr,230_UCR_Anomaly_mit14134longtermecg_19363_19510_19610,mit14134longtermecg,,ae,default,,0.02059,0.03346,0.80615,0.17803,7.63,,1616.9,39637,1,0.00255,ok
ucr,230_UCR_Anomaly_mit14134longtermecg_19363_19510_19610,mit14134longtermecg,,ae,tuned,"{'w': 200, 'hidden': 32, 'latent': 16}",0.02642,0.05224,0.83326,0.20556,9.13,42.15,0.0,39637,1,0.00255,ok
ucr,233_UCR_Anomaly_mit14157longtermecg_18913_24500_24501,mit14157longtermecg,,chronos_small_resid,default,,0.00014,0.00027,0.68092,0.00137,0.76,,1738.8,73797,1,3e-05,ok
ucr,233_UCR_Anomaly_mit14157longtermecg_18913_24500_24501,mit14157longtermecg,,chronos_small_quantile,default,,0.0002,0.00035,0.72144,1.0,0.76,,1738.8,73797,1,3e-05,ok
ucr,233_UCR_Anomaly_mit14157longtermecg_18913_24500_24501,mit14157longtermecg,,chronos_base_resid,default,,0.00018,0.00035,0.67813,0.00161,1.68,,1970.7,73797,1,3e-05,ok
ucr,233_UCR_Anomaly_mit14157longtermecg_18913_24500_24501,mit14157longtermecg,,chronos_base_quantile,default,,0.00157,0.00334,0.82075,1.0,1.68,,1970.7,73797,1,3e-05,ok
ucr,233_UCR_Anomaly_mit14157longtermecg_18913_24500_24501,mit14157longtermecg,,timesfm_resid,default,,0.00063,0.00117,0.79329,0.00439,24.57,,2047.0,73797,1,3e-05,ok
ucr,233_UCR_Anomaly_mit14157longtermecg_18913_24500_24501,mit14157longtermecg,,timesfm_quantile,default,,0.00579,0.00482,0.84445,1.0,24.57,,2047.0,73797,1,3e-05,ok
ucr,233_UCR_Anomaly_mit14157longtermecg_18913_24500_24501,mit14157longtermecg,,tirex_resid,default,,0.00079,0.00137,0.75166,0.00479,36.16,,2035.3,73797,1,3e-05,ok
ucr,233_UCR_Anomaly_mit14157longtermecg_18913_24500_24501,mit14157longtermecg,,tirex_quantile,default,,0.00796,0.00429,0.8245,1.0,36.16,,2035.3,73797,1,3e-05,ok
ucr,233_UCR_Anomaly_mit14157longtermecg_18913_24500_24501,mit14157longtermecg,,iforest,default,,0.00158,0.00359,0.76831,0.11111,5.23,,1594.4,73797,1,3e-05,ok
ucr,233_UCR_Anomaly_mit14157longtermecg_18913_24500_24501,mit14157longtermecg,,iforest,tuned,"{'w': 100, 'n_estimators': 100}",0.00158,0.00359,0.76914,0.11111,8.51,12.75,0.0,73797,1,3e-05,ok
ucr,233_UCR_Anomaly_mit14157longtermecg_18913_24500_24501,mit14157longtermecg,,lof,default,,0.00226,0.00532,0.76333,0.18182,4.24,,1594.4,73797,1,3e-05,ok
ucr,233_UCR_Anomaly_mit14157longtermecg_18913_24500_24501,mit14157longtermecg,,lof,tuned,"{'w': 100, 'k': 30}",0.00236,0.00539,0.76218,0.16667,5.92,5.97,0.0,73797,1,3e-05,ok
ucr,233_UCR_Anomaly_mit14157longtermecg_18913_24500_24501,mit14157longtermecg,,knn,default,,0.00358,0.00539,0.74907,0.2,2.14,,1594.4,73797,1,3e-05,ok
ucr,233_UCR_Anomaly_mit14157longtermecg_18913_24500_24501,mit14157longtermecg,,knn,tuned,"{'w': 100, 'k': 3}",0.00346,0.00539,0.73356,0.2,5.6,4.2,0.0,73797,1,3e-05,ok
ucr,233_UCR_Anomaly_mit14157longtermecg_18913_24500_24501,mit14157longtermecg,,ae,default,,0.00274,0.00539,0.73208,0.33333,10.25,,1629.7,73797,1,3e-05,ok
ucr,233_UCR_Anomaly_mit14157longtermecg_18913_24500_24501,mit14157longtermecg,,ae,tuned,"{'w': 100, 'hidden': 32, 'latent': 16}",0.00299,0.00539,0.74985,0.28571,13.31,41.46,0.0,73797,1,3e-05,ok
ucr,236_UCR_Anomaly_mit14157longtermecg_19313_46350_46390,mit14157longtermecg,,chronos_small_resid,default,,0.00105,0.00135,0.66441,0.00113,0.76,,1738.8,77687,1,0.00053,ok
ucr,236_UCR_Anomaly_mit14157longtermecg_19313_46350_46390,mit14157longtermecg,,chronos_small_quantile,default,,0.00069,0.00097,0.73042,1.0,0.76,,1738.8,77687,1,0.00053,ok
ucr,236_UCR_Anomaly_mit14157longtermecg_19313_46350_46390,mit14157longtermecg,,chronos_base_resid,default,,0.00119,0.00144,0.67241,0.00121,1.6,,1970.7,77687,1,0.00053,ok
ucr,236_UCR_Anomaly_mit14157longtermecg_19313_46350_46390,mit14157longtermecg,,chronos_base_quantile,default,,0.00058,0.00085,0.66667,1.0,1.6,,1970.7,77687,1,0.00053,ok
ucr,236_UCR_Anomaly_mit14157longtermecg_19313_46350_46390,mit14157longtermecg,,timesfm_resid,default,,0.00115,0.00162,0.78669,0.00124,24.05,,2047.0,77687,1,0.00053,ok
ucr,236_UCR_Anomaly_mit14157longtermecg_19313_46350_46390,mit14157longtermecg,,timesfm_quantile,default,,0.0011,0.00169,0.798,1.0,24.05,,2047.0,77687,1,0.00053,ok
ucr,236_UCR_Anomaly_mit14157longtermecg_19313_46350_46390,mit14157longtermecg,,tirex_resid,default,,0.00126,0.0015,0.77169,0.00148,30.64,,2035.3,77687,1,0.00053,ok
ucr,236_UCR_Anomaly_mit14157longtermecg_19313_46350_46390,mit14157longtermecg,,tirex_quantile,default,,0.00208,0.00252,0.75792,1.0,30.64,,2035.3,77687,1,0.00053,ok
ucr,236_UCR_Anomaly_mit14157longtermecg_19313_46350_46390,mit14157longtermecg,,iforest,default,,0.00034,0.0005,0.80367,0.0,4.11,,1594.4,77687,1,0.00053,ok
ucr,236_UCR_Anomaly_mit14157longtermecg_19313_46350_46390,mit14157longtermecg,,iforest,tuned,"{'w': 100, 'n_estimators': 200}",0.00034,0.0005,0.80367,0.0,6.43,7.86,0.0,77687,1,0.00053,ok
ucr,236_UCR_Anomaly_mit14157longtermecg_19313_46350_46390,mit14157longtermecg,,lof,default,,0.00583,0.01064,0.81237,0.09524,2.6,,1594.4,77687,1,0.00053,ok
ucr,236_UCR_Anomaly_mit14157longtermecg_19313_46350_46390,mit14157longtermecg,,lof,tuned,"{'w': 100, 'k': 30}",0.00697,0.01309,0.81205,0.10167,4.17,4.66,0.0,77687,1,0.00053,ok
ucr,236_UCR_Anomaly_mit14157longtermecg_19313_46350_46390,mit14157longtermecg,,knn,default,,0.00814,0.01591,0.81208,0.11111,1.58,,1594.4,77687,1,0.00053,ok
ucr,236_UCR_Anomaly_mit14157longtermecg_19313_46350_46390,mit14157longtermecg,,knn,tuned,"{'w': 100, 'k': 3}",0.00919,0.01676,0.81263,0.10965,3.45,3.05,0.0,77687,1,0.00053,ok
ucr,236_UCR_Anomaly_mit14157longtermecg_19313_46350_46390,mit14157longtermecg,,ae,default,,0.00875,0.0156,0.82173,0.11111,9.26,,1631.6,77687,1,0.00053,ok
ucr,236_UCR_Anomaly_mit14157longtermecg_19313_46350_46390,mit14157longtermecg,,ae,tuned,"{'w': 100, 'hidden': 64, 'latent': 8}",0.00632,0.01105,0.80952,0.11111,13.54,41.73,0.0,77687,1,0.00053,ok
ucr,239_UCR_Anomaly_taichidbS0715Master_190037_593450_593514,taichidbS0715Master,,chronos_small_resid,default,,0.00061,0.00148,0.69019,0.00085,7.42,,1738.8,707630,1,9e-05,ok
ucr,239_UCR_Anomaly_taichidbS0715Master_190037_593450_593514,taichidbS0715Master,,chronos_small_quantile,default,,0.00017,0.00032,0.70034,1.0,7.42,,1738.8,707630,1,9e-05,ok
ucr,239_UCR_Anomaly_taichidbS0715Master_190037_593450_593514,taichidbS0715Master,,chronos_base_resid,default,,0.00053,0.00112,0.7394,0.00081,12.52,,1970.7,707630,1,9e-05,ok
ucr,239_UCR_Anomaly_taichidbS0715Master_190037_593450_593514,taichidbS0715Master,,chronos_base_quantile,default,,0.00017,0.00031,0.69634,1.0,12.52,,1970.7,707630,1,9e-05,ok
ucr,239_UCR_Anomaly_taichidbS0715Master_190037_593450_593514,taichidbS0715Master,,timesfm_resid,default,,0.00028,0.00784,0.6679,0.0006,216.08,,2047.0,707630,1,9e-05,ok
ucr,239_UCR_Anomaly_taichidbS0715Master_190037_593450_593514,taichidbS0715Master,,timesfm_quantile,default,,0.00022,0.00033,0.7029,1.0,216.08,,2047.0,707630,1,9e-05,ok
ucr,239_UCR_Anomaly_taichidbS0715Master_190037_593450_593514,taichidbS0715Master,,tirex_resid,default,,0.00024,0.00524,0.69486,0.00044,263.8,,2035.3,707630,1,9e-05,ok
ucr,239_UCR_Anomaly_taichidbS0715Master_190037_593450_593514,taichidbS0715Master,,tirex_quantile,default,,0.00028,0.00043,0.67625,1.0,263.8,,2035.3,707630,1,9e-05,ok
ucr,239_UCR_Anomaly_taichidbS0715Master_190037_593450_593514,taichidbS0715Master,,iforest,default,,0.00325,0.00348,0.66607,0.01021,35.9,,1594.4,707630,1,9e-05,ok
ucr,239_UCR_Anomaly_taichidbS0715Master_190037_593450_593514,taichidbS0715Master,,iforest,tuned,"{'w': 400, 'n_estimators': 100}",0.00064,0.00094,0.67065,0.0126,134.7,43.67,0.0,707630,1,9e-05,ok
ucr,239_UCR_Anomaly_taichidbS0715Master_190037_593450_593514,taichidbS0715Master,,lof,default,,0.04922,0.01189,0.79256,0.02335,155.13,,1594.4,707630,1,9e-05,ok
ucr,239_UCR_Anomaly_taichidbS0715Master_190037_593450_593514,taichidbS0715Master,,lof,tuned,"{'w': 50, 'k': 10}",0.00153,0.0033,0.66669,0.04878,710.17,131.08,0.0,707630,1,9e-05,ok
ucr,239_UCR_Anomaly_taichidbS0715Master_190037_593450_593514,taichidbS0715Master,,knn,default,,0.01392,0.01985,0.70138,1.0,237.97,,1594.4,707630,1,9e-05,ok
ucr,239_UCR_Anomaly_taichidbS0715Master_190037_593450_593514,taichidbS0715Master,,knn,tuned,"{'w': 100, 'k': 1}",0.02137,0.01843,0.70024,1.0,376.42,157.99,0.0,707630,1,9e-05,ok
ucr,239_UCR_Anomaly_taichidbS0715Master_190037_593450_593514,taichidbS0715Master,,ae,default,,0.0014,0.00168,0.6951,0.00459,184.67,,1897.0,707630,1,9e-05,ok
ucr,239_UCR_Anomaly_taichidbS0715Master_190037_593450_593514,taichidbS0715Master,,ae,tuned,"{'w': 50, 'hidden': 64, 'latent': 16}",0.00056,0.00082,0.66631,0.00431,416.06,805.22,0.0,707630,1,9e-05,ok
ucr,242_UCR_Anomaly_tilt12744mtable_100000_104630_104890,tilt12744mtable,,chronos_small_resid,default,,0.00215,0.00255,0.75805,0.00176,5.29,,1738.8,186667,1,0.0014,ok
ucr,242_UCR_Anomaly_tilt12744mtable_100000_104630_104890,tilt12744mtable,,chronos_small_quantile,default,,0.00159,0.00205,0.73131,1.0,5.29,,1738.8,186667,1,0.0014,ok
ucr,242_UCR_Anomaly_tilt12744mtable_100000_104630_104890,tilt12744mtable,,chronos_base_resid,default,,0.00217,0.00261,0.75594,0.002,4.49,,1970.7,186667,1,0.0014,ok
ucr,242_UCR_Anomaly_tilt12744mtable_100000_104630_104890,tilt12744mtable,,chronos_base_quantile,default,,0.00169,0.0021,0.75128,1.0,4.49,,1970.7,186667,1,0.0014,ok
ucr,242_UCR_Anomaly_tilt12744mtable_100000_104630_104890,tilt12744mtable,,timesfm_resid,default,,0.00243,0.00286,0.68554,0.00253,76.67,,2047.0,186667,1,0.0014,ok
ucr,242_UCR_Anomaly_tilt12744mtable_100000_104630_104890,tilt12744mtable,,timesfm_quantile,default,,0.00259,0.00286,0.6763,1.0,76.67,,2047.0,186667,1,0.0014,ok
ucr,242_UCR_Anomaly_tilt12744mtable_100000_104630_104890,tilt12744mtable,,tirex_resid,default,,0.00158,0.00196,0.69078,0.00188,68.31,,2035.3,186667,1,0.0014,ok
ucr,242_UCR_Anomaly_tilt12744mtable_100000_104630_104890,tilt12744mtable,,tirex_quantile,default,,0.00197,0.00242,0.66916,1.0,68.31,,2035.3,186667,1,0.0014,ok
ucr,242_UCR_Anomaly_tilt12744mtable_100000_104630_104890,tilt12744mtable,,iforest,default,,0.00178,0.00208,0.80054,0.00514,10.96,,1594.4,186667,1,0.0014,ok
ucr,242_UCR_Anomaly_tilt12744mtable_100000_104630_104890,tilt12744mtable,,iforest,tuned,"{'w': 400, 'n_estimators': 200}",0.00178,0.0025,0.82086,0.02403,34.41,24.62,0.0,186667,1,0.0014,ok
ucr,242_UCR_Anomaly_tilt12744mtable_100000_104630_104890,tilt12744mtable,,lof,default,,0.00896,0.01218,0.72031,0.03786,20.21,,1594.4,186667,1,0.0014,ok
ucr,242_UCR_Anomaly_tilt12744mtable_100000_104630_104890,tilt12744mtable,,lof,tuned,"{'w': 200, 'k': 30}",0.05675,0.07203,0.77963,0.16017,19.57,34.58,0.0,186667,1,0.0014,ok
ucr,242_UCR_Anomaly_tilt12744mtable_100000_104630_104890,tilt12744mtable,,knn,default,,0.01943,0.01839,0.7878,0.0528,17.39,,1594.4,186667,1,0.0014,ok
ucr,242_UCR_Anomaly_tilt12744mtable_100000_104630_104890,tilt12744mtable,,knn,tuned,"{'w': 200, 'k': 3}",0.03835,0.03956,0.78558,0.28846,19.7,20.4,0.0,186667,1,0.0014,ok
ucr,242_UCR_Anomaly_tilt12744mtable_100000_104630_104890,tilt12744mtable,,ae,default,,0.01238,0.01166,0.82237,0.09695,39.29,,1682.5,186667,1,0.0014,ok
ucr,242_UCR_Anomaly_tilt12744mtable_100000_104630_104890,tilt12744mtable,,ae,tuned,"{'w': 100, 'hidden': 32, 'latent': 8}",0.011,0.0104,0.74731,0.08655,53.91,164.87,0.0,186667,1,0.0014,ok
ucr,245_UCR_Anomaly_tilt12754table_100211_270800_271070,tilt12754table,,chronos_small_resid,default,,0.00822,0.00792,0.65142,0.00514,2.33,,1738.8,198536,1,0.00136,ok
ucr,245_UCR_Anomaly_tilt12754table_100211_270800_271070,tilt12754table,,chronos_small_quantile,default,,0.00228,0.00257,0.67969,1.0,2.33,,1738.8,198536,1,0.00136,ok
ucr,245_UCR_Anomaly_tilt12754table_100211_270800_271070,tilt12754table,,chronos_base_resid,default,,0.00884,0.00888,0.65807,0.00546,3.85,,1970.7,198536,1,0.00136,ok
ucr,245_UCR_Anomaly_tilt12754table_100211_270800_271070,tilt12754table,,chronos_base_quantile,default,,0.00279,0.00295,0.68397,1.0,3.85,,1970.7,198536,1,0.00136,ok
ucr,245_UCR_Anomaly_tilt12754table_100211_270800_271070,tilt12754table,,timesfm_resid,default,,0.01205,0.01124,0.66112,0.00608,61.78,,2047.0,198536,1,0.00136,ok
ucr,245_UCR_Anomaly_tilt12754table_100211_270800_271070,tilt12754table,,timesfm_quantile,default,,0.00352,0.0031,0.67384,1.0,61.78,,2047.0,198536,1,0.00136,ok
ucr,245_UCR_Anomaly_tilt12754table_100211_270800_271070,tilt12754table,,tirex_resid,default,,0.01198,0.01242,0.65534,0.00701,73.96,,2035.3,198536,1,0.00136,ok
ucr,245_UCR_Anomaly_tilt12754table_100211_270800_271070,tilt12754table,,tirex_quantile,default,,0.0025,0.00315,0.67693,1.0,73.96,,2035.3,198536,1,0.00136,ok
ucr,245_UCR_Anomaly_tilt12754table_100211_270800_271070,tilt12754table,,iforest,default,,0.01432,0.01821,0.60383,0.05013,10.39,,1594.4,198536,1,0.00136,ok
ucr,245_UCR_Anomaly_tilt12754table_100211_270800_271070,tilt12754table,,iforest,tuned,"{'w': 200, 'n_estimators': 200}",0.02163,0.03027,0.58574,0.14656,26.59,27.86,0.0,198536,1,0.00136,ok
ucr,245_UCR_Anomaly_tilt12754table_100211_270800_271070,tilt12754table,,lof,default,,0.00407,0.00468,0.86191,0.01721,25.34,,1594.4,198536,1,0.00136,ok
ucr,245_UCR_Anomaly_tilt12754table_100211_270800_271070,tilt12754table,,lof,tuned,"{'w': 100, 'k': 10}",0.01027,0.01045,0.82562,0.03357,44.0,53.05,0.0,198536,1,0.00136,ok
ucr,245_UCR_Anomaly_tilt12754table_100211_270800_271070,tilt12754table,,knn,default,,0.06642,0.05578,0.76208,0.12428,31.77,,1594.4,198536,1,0.00136,ok
ucr,245_UCR_Anomaly_tilt12754table_100211_270800_271070,tilt12754table,,knn,tuned,"{'w': 200, 'k': 3}",0.08674,0.07945,0.67767,0.22222,30.11,45.9,0.0,198536,1,0.00136,ok
ucr,245_UCR_Anomaly_tilt12754table_100211_270800_271070,tilt12754table,,ae,default,,0.05361,0.07039,0.66656,0.25,58.35,,1686.7,198536,1,0.00136,ok
ucr,245_UCR_Anomaly_tilt12754table_100211_270800_271070,tilt12754table,,ae,tuned,"{'w': 50, 'hidden': 64, 'latent': 16}",0.03356,0.03679,0.67613,0.09359,99.32,244.14,0.0,198536,1,0.00136,ok
ucr,248_UCR_Anomaly_weallwalk_2000_4702_4707,weallwalk,,chronos_small_resid,default,,0.01266,0.00958,0.67358,0.01447,0.12,,1654.2,6432,1,0.00093,ok
ucr,248_UCR_Anomaly_weallwalk_2000_4702_4707,weallwalk,,chronos_small_quantile,default,,0.0012,0.00146,0.82695,1.0,0.12,,1654.2,6432,1,0.00093,ok
ucr,248_UCR_Anomaly_weallwalk_2000_4702_4707,weallwalk,,chronos_base_resid,default,,0.0138,0.01114,0.67388,0.01923,0.21,,1745.4,6432,1,0.00093,ok
ucr,248_UCR_Anomaly_weallwalk_2000_4702_4707,weallwalk,,chronos_base_quantile,default,,0.00121,0.00138,0.81465,1.0,0.21,,1745.4,6432,1,0.00093,ok
ucr,248_UCR_Anomaly_weallwalk_2000_4702_4707,weallwalk,,timesfm_resid,default,,0.00918,0.00956,0.67537,0.008,2.35,,2047.0,6432,1,0.00093,ok
ucr,248_UCR_Anomaly_weallwalk_2000_4702_4707,weallwalk,,timesfm_quantile,default,,0.0045,0.00485,0.76384,1.0,2.35,,2047.0,6432,1,0.00093,ok
ucr,248_UCR_Anomaly_weallwalk_2000_4702_4707,weallwalk,,tirex_resid,default,,0.00521,0.00621,0.67892,0.0062,5.33,,1768.2,6432,1,0.00093,ok
ucr,248_UCR_Anomaly_weallwalk_2000_4702_4707,weallwalk,,tirex_quantile,default,,0.00152,0.00187,0.79183,1.0,5.33,,1768.2,6432,1,0.00093,ok
ucr,248_UCR_Anomaly_weallwalk_2000_4702_4707,weallwalk,,iforest,default,,0.00209,0.00358,0.90734,0.2,1.33,,1594.4,6432,1,0.00093,ok
ucr,248_UCR_Anomaly_weallwalk_2000_4702_4707,weallwalk,,lof,default,,0.09127,0.11671,0.97458,0.66667,0.17,,1594.4,6432,1,0.00093,ok
ucr,248_UCR_Anomaly_weallwalk_2000_4702_4707,weallwalk,,knn,default,,0.50549,0.4222,0.99948,1.0,0.11,,1594.4,6432,1,0.00093,ok
ucr,248_UCR_Anomaly_weallwalk_2000_4702_4707,weallwalk,,ae,default,,0.00885,0.01526,0.90796,0.25,1.12,,1602.0,6432,1,0.00093,ok
