dataset,series,domain,anomaly_kind,detector,tier,config,auc_pr,vus_pr,affil_f1,event_f1,runtime_s,tune_s,peak_mb,n_test,n_channels,anomaly_frac,status
ucr,066_UCR_Anomaly_DISTORTEDinsectEPG2_3700_8000_8025,DISTORTEDinsectEPG2,,chronos_small_resid,default,,0.01051,0.01456,0.94216,0.01021,29.99,,159.4,6298,1,0.00413,ok
ucr,066_UCR_Anomaly_DISTORTEDinsectEPG2_3700_8000_8025,DISTORTEDinsectEPG2,,chronos_small_quantile,default,,0.04203,0.04084,0.7632,1.0,29.99,,159.4,6298,1,0.00413,ok
ucr,066_UCR_Anomaly_DISTORTEDinsectEPG2_3700_8000_8025,DISTORTEDinsectEPG2,,chronos_base_resid,default,,0.01473,0.01512,0.78356,0.01395,2.71,,666.4,6298,1,0.00413,ok
ucr,066_UCR_Anomaly_DISTORTEDinsectEPG2_3700_8000_8025,DISTORTEDinsectEPG2,,chronos_base_quantile,default,,0.01675,0.0167,0.66814,1.0,2.71,,666.4,6298,1,0.00413,ok
ucr,066_UCR_Anomaly_DISTORTEDinsectEPG2_3700_8000_8025,DISTORTEDinsectEPG2,,timesfm_resid,default,,0.01698,0.01565,0.68521,0.01058,9.98,,1894.7,6298,1,0.00413,ok
ucr,066_UCR_Anomaly_DISTORTEDinsectEPG2_3700_8000_8025,DISTORTEDinsectEPG2,,timesfm_quantile,default,,0.0124,0.01182,0.67156,1.0,9.98,,1894.7,6298,1,0.00413,ok
ucr,066_UCR_Anomaly_DISTORTEDinsectEPG2_3700_8000_8025,DISTORTEDinsectEPG2,,tirex_resid,default,,0.02496,0.02266,0.6777,0.01344,8.35,,1757.0,6298,1,0.00413,ok
ucr,066_UCR_Anomaly_DISTORTEDinsectEPG2_3700_8000_8025,DISTORTEDinsectEPG2,,tirex_quantile,default,,0.03535,0.02966,0.66713,1.0,8.35,,1757.0,6298,1,0.00413,ok
ucr,066_UCR_Anomaly_DISTORTEDinsectEPG2_3700_8000_8025,DISTORTEDinsectEPG2,,iforest,default,,0.02379,0.03452,0.78437,0.25,1.39,,1585.6,6298,1,0.00413,ok
ucr,066_UCR_Anomaly_DISTORTEDinsectEPG2_3700_8000_8025,DISTORTEDinsectEPG2,,iforest,tuned,"{'w': 50, 'n_estimators': 200}",0.04083,0.05475,0.76634,0.25,1.78,6.58,0.0,6298,1,0.00413,ok
ucr,066_UCR_Anomaly_DISTORTEDinsectEPG2_3700_8000_8025,DISTORTEDinsectEPG2,,lof,default,,0.06778,0.10541,0.816,0.5,2.4,,1585.6,6298,1,0.00413,ok
ucr,066_UCR_Anomaly_DISTORTEDinsectEPG2_3700_8000_8025,DISTORTEDinsectEPG2,,lof,tuned,"{'w': 50, 'k': 30}",1.0,0.68324,0.99924,0.66667,0.91,2.41,0.0,6298,1,0.00413,ok
ucr,066_UCR_Anomaly_DISTORTEDinsectEPG2_3700_8000_8025,DISTORTEDinsectEPG2,,knn,default,,0.1478,0.17827,0.83028,0.5,0.14,,1585.6,6298,1,0.00413,ok
ucr,066_UCR_Anomaly_DISTORTEDinsectEPG2_3700_8000_8025,DISTORTEDinsectEPG2,,knn,tuned,"{'w': 100, 'k': 5}",0.1478,0.17827,0.83028,0.5,0.6,1.95,0.0,6298,1,0.00413,ok
ucr,066_UCR_Anomaly_DISTORTEDinsectEPG2_3700_8000_8025,DISTORTEDinsectEPG2,,ae,default,,0.06804,0.10877,0.80345,0.5,1.61,,1601.2,6298,1,0.00413,ok
ucr,066_UCR_Anomaly_DISTORTEDinsectEPG2_3700_8000_8025,DISTORTEDinsectEPG2,,ae,tuned,"{'w': 50, 'hidden': 32, 'latent': 16}",0.08908,0.1229,0.79128,0.45,3.49,8.15,0.0,6298,1,0.00413,ok
ucr,069_UCR_Anomaly_DISTORTEDinsectEPG5_3200_8500_8501,DISTORTEDinsectEPG5,,chronos_small_resid,default,,0.00029,0.00058,0.85237,0.0,0.12,,1656.2,6828,1,0.00029,ok
ucr,069_UCR_Anomaly_DISTORTEDinsectEPG5_3200_8500_8501,DISTORTEDinsectEPG5,,chronos_small_quantile,default,,0.00029,0.00057,0.97528,1.0,0.12,,1656.2,6828,1,0.00029,ok
ucr,069_UCR_Anomaly_DISTORTEDinsectEPG5_3200_8500_8501,DISTORTEDinsectEPG5,,chronos_base_resid,default,,0.0004,0.00061,0.73735,0.00122,0.23,,1751.0,6828,1,0.00029,ok
ucr,069_UCR_Anomaly_DISTORTEDinsectEPG5_3200_8500_8501,DISTORTEDinsectEPG5,,chronos_base_quantile,default,,0.00029,0.00059,0.67973,1.0,0.23,,1751.0,6828,1,0.00029,ok
ucr,069_UCR_Anomaly_DISTORTEDinsectEPG5_3200_8500_8501,DISTORTEDinsectEPG5,,timesfm_resid,default,,0.00121,0.00132,0.91318,0.00382,2.43,,2046.7,6828,1,0.00029,ok
ucr,069_UCR_Anomaly_DISTORTEDinsectEPG5_3200_8500_8501,DISTORTEDinsectEPG5,,timesfm_quantile,default,,0.00122,0.00117,0.66667,1.0,2.43,,2046.7,6828,1,0.00029,ok
ucr,069_UCR_Anomaly_DISTORTEDinsectEPG5_3200_8500_8501,DISTORTEDinsectEPG5,,tirex_resid,default,,0.00085,0.00137,0.80711,0.0034,5.07,,1779.8,6828,1,0.00029,ok
ucr,069_UCR_Anomaly_DISTORTEDinsectEPG5_3200_8500_8501,DISTORTEDinsectEPG5,,tirex_quantile,default,,0.00064,0.00076,0.8952,1.0,5.07,,1779.8,6828,1,0.00029,ok
ucr,069_UCR_Anomaly_DISTORTEDinsectEPG5_3200_8500_8501,DISTORTEDinsectEPG5,,iforest,default,,0.04792,0.09698,0.99561,1.0,1.4,,1594.1,6828,1,0.00029,ok
ucr,069_UCR_Anomaly_DISTORTEDinsectEPG5_3200_8500_8501,DISTORTEDinsectEPG5,,iforest,tuned,"{'w': 50, 'n_estimators': 200}",0.01877,0.03511,0.99561,0.5,1.75,6.23,0.0,6828,1,0.00029,ok
ucr,069_UCR_Anomaly_DISTORTEDinsectEPG5_3200_8500_8501,DISTORTEDinsectEPG5,,lof,default,,0.06667,0.1045,0.99726,1.0,0.27,,1594.1,6828,1,0.00029,ok
ucr,069_UCR_Anomaly_DISTORTEDinsectEPG5_3200_8500_8501,DISTORTEDinsectEPG5,,lof,tuned,"{'w': 100, 'k': 50}",0.06667,0.1045,0.99726,1.0,0.73,2.21,0.0,6828,1,0.00029,ok
ucr,069_UCR_Anomaly_DISTORTEDinsectEPG5_3200_8500_8501,DISTORTEDinsectEPG5,,knn,default,,0.06667,0.1045,0.99726,1.0,0.15,,1594.1,6828,1,0.00029,ok
ucr,069_UCR_Anomaly_DISTORTEDinsectEPG5_3200_8500_8501,DISTORTEDinsectEPG5,,knn,tuned,"{'w': 50, 'k': 3}",0.04643,0.09698,0.99712,1.0,0.65,1.81,0.0,6828,1,0.00029,ok
ucr,069_UCR_Anomaly_DISTORTEDinsectEPG5_3200_8500_8501,DISTORTEDinsectEPG5,,ae,default,,0.053,0.11262,0.99733,1.0,1.45,,1602.3,6828,1,0.00029,ok
ucr,069_UCR_Anomaly_DISTORTEDinsectEPG5_3200_8500_8501,DISTORTEDinsectEPG5,,ae,tuned,"{'w': 50, 'hidden': 64, 'latent': 8}",0.04697,0.09698,0.99712,1.0,3.3,7.92,0.0,6828,1,0.00029,ok
ucr,072_UCR_Anomaly_DISTORTEDltstdbs30791ES_20000_52600_52800,DISTORTEDltstdbs30791ES,,chronos_small_resid,default,,0.0075,0.00997,0.7578,0.00318,0.43,,1738.6,35000,1,0.00574,ok
ucr,072_UCR_Anomaly_DISTORTEDltstdbs30791ES_20000_52600_52800,DISTORTEDltstdbs30791ES,,chronos_small_quantile,default,,0.00546,0.00819,0.67562,1.0,0.43,,1738.6,35000,1,0.00574,ok
ucr,072_UCR_Anomaly_DISTORTEDltstdbs30791ES_20000_52600_52800,DISTORTEDltstdbs30791ES,,chronos_base_resid,default,,0.00766,0.01034,0.77686,0.00316,1.05,,1970.5,35000,1,0.00574,ok
ucr,072_UCR_Anomaly_DISTORTEDltstdbs30791ES_20000_52600_52800,DISTORTEDltstdbs30791ES,,chronos_base_quantile,default,,0.0056,0.0084,0.66668,1.0,1.05,,1970.5,35000,1,0.00574,ok
ucr,072_UCR_Anomaly_DISTORTEDltstdbs30791ES_20000_52600_52800,DISTORTEDltstdbs30791ES,,timesfm_resid,default,,0.01372,0.0185,0.728,0.01004,11.13,,2046.7,35000,1,0.00574,ok
ucr,072_UCR_Anomaly_DISTORTEDltstdbs30791ES_20000_52600_52800,DISTORTEDltstdbs30791ES,,timesfm_quantile,default,,0.0134,0.01508,0.74745,1.0,11.13,,2046.7,35000,1,0.00574,ok
ucr,072_UCR_Anomaly_DISTORTEDltstdbs30791ES_20000_52600_52800,DISTORTEDltstdbs30791ES,,tirex_resid,default,,0.00788,0.01108,0.68987,0.00565,22.43,,2033.8,35000,1,0.00574,ok
ucr,072_UCR_Anomaly_DISTORTEDltstdbs30791ES_20000_52600_52800,DISTORTEDltstdbs30791ES,,tirex_quantile,default,,0.00548,0.00832,0.73515,1.0,22.43,,2033.8,35000,1,0.00574,ok
ucr,072_UCR_Anomaly_DISTORTEDltstdbs30791ES_20000_52600_52800,DISTORTEDltstdbs30791ES,,iforest,default,,0.00362,0.00645,0.73056,0.00336,2.89,,1594.1,35000,1,0.00574,ok
ucr,072_UCR_Anomaly_DISTORTEDltstdbs30791ES_20000_52600_52800,DISTORTEDltstdbs30791ES,,iforest,tuned,"{'w': 100, 'n_estimators': 100}",0.00362,0.00641,0.77252,0.0,4.19,12.69,0.0,35000,1,0.00574,ok
ucr,072_UCR_Anomaly_DISTORTEDltstdbs30791ES_20000_52600_52800,DISTORTEDltstdbs30791ES,,lof,default,,0.62992,0.41624,0.9984,0.50431,1.41,,1594.1,35000,1,0.00574,ok
ucr,072_UCR_Anomaly_DISTORTEDltstdbs30791ES_20000_52600_52800,DISTORTEDltstdbs30791ES,,lof,tuned,"{'w': 100, 'k': 30}",0.62478,0.41678,0.99837,0.5,3.25,10.77,0.0,35000,1,0.00574,ok
ucr,072_UCR_Anomaly_DISTORTEDltstdbs30791ES_20000_52600_52800,DISTORTEDltstdbs30791ES,,knn,default,,0.12484,0.09736,0.97826,0.22381,1.01,,1594.1,35000,1,0.00574,ok
ucr,072_UCR_Anomaly_DISTORTEDltstdbs30791ES_20000_52600_52800,DISTORTEDltstdbs30791ES,,knn,tuned,"{'w': 100, 'k': 3}",0.20376,0.11338,0.98988,0.23125,4.21,4.45,0.0,35000,1,0.00574,ok
ucr,072_UCR_Anomaly_DISTORTEDltstdbs30791ES_20000_52600_52800,DISTORTEDltstdbs30791ES,,ae,default,,0.36305,0.16556,0.99837,0.23846,10.03,,1615.1,35000,1,0.00574,ok
ucr,072_UCR_Anomaly_DISTORTEDltstdbs30791ES_20000_52600_52800,DISTORTEDltstdbs30791ES,,ae,tuned,"{'w': 100, 'hidden': 32, 'latent': 8}",0.02095,0.02571,0.81294,0.07547,6.75,40.49,0.0,35000,1,0.00574,ok
ucr,075_UCR_Anomaly_DISTORTEDqtdbSel100MLII_4000_13400_13800,DISTORTEDqtdbSel100MLII,,chronos_small_resid,default,,0.01247,0.01688,0.66278,0.00447,0.23,,1738.6,26000,1,0.01542,ok
ucr,075_UCR_Anomaly_DISTORTEDqtdbSel100MLII_4000_13400_13800,DISTORTEDqtdbSel100MLII,,chronos_small_quantile,default,,0.01528,0.01968,0.68483,1.0,0.23,,1738.6,26000,1,0.01542,ok
ucr,075_UCR_Anomaly_DISTORTEDqtdbSel100MLII_4000_13400_13800,DISTORTEDqtdbSel100MLII,,chronos_base_resid,default,,0.01209,0.01639,0.67421,0.0046,0.62,,1970.5,26000,1,0.01542,ok
ucr,075_UCR_Anomaly_DISTORTEDqtdbSel100MLII_4000_13400_13800,DISTORTEDqtdbSel100MLII,,chronos_base_quantile,default,,0.01532,0.0195,0.68793,1.0,0.62,,1970.5,26000,1,0.01542,ok
ucr,075_UCR_Anomaly_DISTORTEDqtdbSel100MLII_4000_13400_13800,DISTORTEDqtdbSel100MLII,,timesfm_resid,default,,0.01409,0.0207,0.69153,0.00482,8.65,,2046.7,26000,1,0.01542,ok
ucr,075_UCR_Anomaly_DISTORTEDqtdbSel100MLII_4000_13400_13800,DISTORTEDqtdbSel100MLII,,timesfm_quantile,default,,0.0157,0.02048,0.73452,1.0,8.65,,2046.7,26000,1,0.01542,ok
ucr,075_UCR_Anomaly_DISTORTEDqtdbSel100MLII_4000_13400_13800,DISTORTEDqtdbSel100MLII,,tirex_resid,default,,0.01209,0.0167,0.67286,0.00454,11.51,,2033.8,26000,1,0.01542,ok
ucr,075_UCR_Anomaly_DISTORTEDqtdbSel100MLII_4000_13400_13800,DISTORTEDqtdbSel100MLII,,tirex_quantile,default,,0.01564,0.01967,0.67946,1.0,11.51,,2033.8,26000,1,0.01542,ok
ucr,075_UCR_Anomaly_DISTORTEDqtdbSel100MLII_4000_13400_13800,DISTORTEDqtdbSel100MLII,,iforest,default,,0.0113,0.01651,0.65156,0.01699,2.26,,1594.1,26000,1,0.01542,ok
ucr,075_UCR_Anomaly_DISTORTEDqtdbSel100MLII_4000_13400_13800,DISTORTEDqtdbSel100MLII,,iforest,tuned,"{'w': 50, 'n_estimators': 200}",0.0117,0.01702,0.66204,0.01193,3.73,6.49,0.0,26000,1,0.01542,ok
ucr,075_UCR_Anomaly_DISTORTEDqtdbSel100MLII_4000_13400_13800,DISTORTEDqtdbSel100MLII,,lof,default,,0.0145,0.01876,0.66788,0.01418,0.59,,1594.1,26000,1,0.01542,ok
ucr,075_UCR_Anomaly_DISTORTEDqtdbSel100MLII_4000_13400_13800,DISTORTEDqtdbSel100MLII,,lof,tuned,"{'w': 50, 'k': 30}",0.01051,0.01389,0.66524,0.00714,2.7,2.68,0.0,26000,1,0.01542,ok
ucr,075_UCR_Anomaly_DISTORTEDqtdbSel100MLII_4000_13400_13800,DISTORTEDqtdbSel100MLII,,knn,default,,0.01296,0.01755,0.65907,0.01902,0.46,,1594.1,26000,1,0.01542,ok
ucr,075_UCR_Anomaly_DISTORTEDqtdbSel100MLII_4000_13400_13800,DISTORTEDqtdbSel100MLII,,knn,tuned,"{'w': 50, 'k': 3}",0.01327,0.01859,0.67643,0.0159,2.77,2.11,0.0,26000,1,0.01542,ok
ucr,075_UCR_Anomaly_DISTORTEDqtdbSel100MLII_4000_13400_13800,DISTORTEDqtdbSel100MLII,,ae,default,,0.01201,0.01541,0.65749,0.00835,2.76,,1609.0,26000,1,0.01542,ok
ucr,075_UCR_Anomaly_DISTORTEDqtdbSel100MLII_4000_13400_13800,DISTORTEDqtdbSel100MLII,,ae,tuned,"{'w': 50, 'hidden': 64, 'latent': 8}",0.01428,0.0204,0.66575,0.03552,5.22,10.02,0.0,26000,1,0.01542,ok
ucr,078_UCR_Anomaly_DISTORTEDresperation1_100000_110260_110412,DISTORTEDresperation1,,chronos_small_resid,default,,0.00113,0.00169,0.67315,0.00069,1.27,,1738.6,100000,1,0.00153,ok
ucr,078_UCR_Anomaly_DISTORTEDresperation1_100000_110260_110412,DISTORTEDresperation1,,chronos_small_quantile,default,,0.00151,0.00218,0.68381,1.0,1.27,,1738.6,100000,1,0.00153,ok
ucr,078_UCR_Anomaly_DISTORTEDresperation1_100000_110260_110412,DISTORTEDresperation1,,chronos_base_resid,default,,0.00114,0.0017,0.74674,0.0008,2.09,,1970.5,100000,1,0.00153,ok
ucr,078_UCR_Anomaly_DISTORTEDresperation1_100000_110260_110412,DISTORTEDresperation1,,chronos_base_quantile,default,,0.0015,0.00219,0.71467,1.0,2.09,,1970.5,100000,1,0.00153,ok
ucr,078_UCR_Anomaly_DISTORTEDresperation1_100000_110260_110412,DISTORTEDresperation1,,timesfm_resid,default,,0.00104,0.00163,0.71929,0.0002,30.68,,2046.7,100000,1,0.00153,ok
ucr,078_UCR_Anomaly_DISTORTEDresperation1_100000_110260_110412,DISTORTEDresperation1,,timesfm_quantile,default,,0.00151,0.00222,0.7184,1.0,30.68,,2046.7,100000,1,0.00153,ok
ucr,078_UCR_Anomaly_DISTORTEDresperation1_100000_110260_110412,DISTORTEDresperation1,,tirex_resid,default,,0.00104,0.00165,0.75863,0.00048,48.86,,2033.8,100000,1,0.00153,ok
ucr,078_UCR_Anomaly_DISTORTEDresperation1_100000_110260_110412,DISTORTEDresperation1,,tirex_quantile,default,,0.00151,0.0022,0.70052,1.0,48.86,,2033.8,100000,1,0.00153,ok
ucr,078_UCR_Anomaly_DISTORTEDresperation1_100000_110260_110412,DISTORTEDresperation1,,iforest,default,,0.00272,0.00323,0.78081,0.00851,6.39,,1594.1,100000,1,0.00153,ok
ucr,078_UCR_Anomaly_DISTORTEDresperation1_100000_110260_110412,DISTORTEDresperation1,,iforest,tuned,"{'w': 400, 'n_estimators': 200}",0.00096,0.00148,0.74516,0.0,20.43,30.9,0.0,100000,1,0.00153,ok
ucr,078_UCR_Anomaly_DISTORTEDresperation1_100000_110260_110412,DISTORTEDresperation1,,lof,default,,0.83847,0.32319,0.99985,0.4,11.72,,1594.1,100000,1,0.00153,ok
ucr,078_UCR_Anomaly_DISTORTEDresperation1_100000_110260_110412,DISTORTEDresperation1,,lof,tuned,"{'w': 100, 'k': 30}",0.47961,0.3065,0.95463,0.4,17.35,33.59,0.0,100000,1,0.00153,ok
ucr,078_UCR_Anomaly_DISTORTEDresperation1_100000_110260_110412,DISTORTEDresperation1,,knn,default,,0.26138,0.2361,0.87697,0.33333,9.09,,1594.1,100000,1,0.00153,ok
ucr,078_UCR_Anomaly_DISTORTEDresperation1_100000_110260_110412,DISTORTEDresperation1,,knn,tuned,"{'w': 200, 'k': 3}",0.99971,0.31552,0.99983,0.5,9.63,22.53,0.0,100000,1,0.00153,ok
ucr,078_UCR_Anomaly_DISTORTEDresperation1_100000_110260_110412,DISTORTEDresperation1,,ae,default,,0.00255,0.00579,0.72566,0.02246,38.86,,1646.9,100000,1,0.00153,ok
ucr,078_UCR_Anomaly_DISTORTEDresperation1_100000_110260_110412,DISTORTEDresperation1,,ae,tuned,"{'w': 100, 'hidden': 64, 'latent': 8}",0.00528,0.01258,0.88088,0.0523,42.26,165.3,0.0,100000,1,0.00153,ok
ucr,081_UCR_Anomaly_DISTORTEDresperation3_45000_158250_158251,DISTORTEDresperation3,,chronos_small_resid,default,,2e-05,3e-05,0.66761,0.0006,1.42,,1738.6,145100,1,1e-05,ok
ucr,081_UCR_Anomaly_DISTORTEDresperation3_45000_158250_158251,DISTORTEDresperation3,,chronos_small_quantile,default,,1e-05,3e-05,0.66667,1.0,1.42,,1738.6,145100,1,1e-05,ok
ucr,081_UCR_Anomaly_DISTORTEDresperation3_45000_158250_158251,DISTORTEDresperation3,,chronos_base_resid,default,,2e-05,3e-05,0.66303,0.0,28.18,,795.4,145100,1,1e-05,ok
ucr,081_UCR_Anomaly_DISTORTEDresperation3_45000_158250_158251,DISTORTEDresperation3,,chronos_base_quantile,default,,1e-05,3e-05,0.66667,1.0,28.18,,795.4,145100,1,1e-05,ok
ucr,081_UCR_Anomaly_DISTORTEDresperation3_45000_158250_158251,DISTORTEDresperation3,,timesfm_resid,default,,2e-05,3e-05,0.65713,0.0,51.27,,1797.5,145100,1,1e-05,ok
ucr,081_UCR_Anomaly_DISTORTEDresperation3_45000_158250_158251,DISTORTEDresperation3,,timesfm_quantile,default,,1e-05,3e-05,0.66667,1.0,51.27,,1797.5,145100,1,1e-05,ok
ucr,081_UCR_Anomaly_DISTORTEDresperation3_45000_158250_158251,DISTORTEDresperation3,,tirex_resid,default,,2e-05,2e-05,0.66275,0.0,52.37,,1929.3,145100,1,1e-05,ok
ucr,081_UCR_Anomaly_DISTORTEDresperation3_45000_158250_158251,DISTORTEDresperation3,,tirex_quantile,default,,1e-05,3e-05,0.66667,1.0,52.37,,1929.3,145100,1,1e-05,ok
ucr,081_UCR_Anomaly_DISTORTEDresperation3_45000_158250_158251,DISTORTEDresperation3,,iforest,default,,1e-05,3e-05,0.67132,0.0,11.1,,1489.6,145100,1,1e-05,ok
ucr,081_UCR_Anomaly_DISTORTEDresperation3_45000_158250_158251,DISTORTEDresperation3,,iforest,tuned,"{'w': 400, 'n_estimators': 100}",1e-05,3e-05,0.68022,0.0,30.13,24.68,0.0,145100,1,1e-05,ok
ucr,081_UCR_Anomaly_DISTORTEDresperation3_45000_158250_158251,DISTORTEDresperation3,,lof,default,,2e-05,2e-05,0.6354,0.0,11.99,,1489.6,145100,1,1e-05,ok
ucr,081_UCR_Anomaly_DISTORTEDresperation3_45000_158250_158251,DISTORTEDresperation3,,lof,tuned,"{'w': 50, 'k': 10}",1e-05,2e-05,0.65154,0.0,32.75,11.73,0.0,145100,1,1e-05,ok
ucr,081_UCR_Anomaly_DISTORTEDresperation3_45000_158250_158251,DISTORTEDresperation3,,knn,default,,1e-05,2e-05,0.65164,0.0,7.35,,1489.6,145100,1,1e-05,ok
ucr,081_UCR_Anomaly_DISTORTEDresperation3_45000_158250_158251,DISTORTEDresperation3,,knn,tuned,"{'w': 100, 'k': 1}",1e-05,2e-05,0.65134,0.0,15.14,8.45,0.0,145100,1,1e-05,ok
ucr,081_UCR_Anomaly_DISTORTEDresperation3_45000_158250_158251,DISTORTEDresperation3,,ae,default,,1e-05,2e-05,0.65409,0.0,21.9,,1564.8,145100,1,1e-05,ok
ucr,081_UCR_Anomaly_DISTORTEDresperation3_45000_158250_158251,DISTORTEDresperation3,,ae,tuned,"{'w': 50, 'hidden': 32, 'latent': 8}",1e-05,2e-05,0.6667,0.0,46.04,81.42,0.0,145100,1,1e-05,ok
ucr,084_UCR_Anomaly_DISTORTEDs20101mML2_12000_35774_35874,DISTORTEDs20101mML2,,chronos_small_resid,default,,0.01505,0.01693,0.68622,0.00643,2.11,,1740.0,28000,1,0.00361,ok
ucr,084_UCR_Anomaly_DISTORTEDs20101mML2_12000_35774_35874,DISTORTEDs20101mML2,,chronos_small_quantile,default,,0.00896,0.00985,0.6766,1.0,2.11,,1740.0,28000,1,0.00361,ok
ucr,084_UCR_Anomaly_DISTORTEDs20101mML2_12000_35774_35874,DISTORTEDs20101mML2,,chronos_base_resid,default,,0.01308,0.01521,0.67522,0.00642,1.0,,1970.8,28000,1,0.00361,ok
ucr,084_UCR_Anomaly_DISTORTEDs20101mML2_12000_35774_35874,DISTORTEDs20101mML2,,chronos_base_quantile,default,,0.01607,0.01465,0.66781,1.0,1.0,,1970.8,28000,1,0.00361,ok
ucr,084_UCR_Anomaly_DISTORTEDs20101mML2_12000_35774_35874,DISTORTEDs20101mML2,,timesfm_resid,default,,0.03514,0.02306,0.67852,0.00819,9.48,,2047.4,28000,1,0.00361,ok
ucr,084_UCR_Anomaly_DISTORTEDs20101mML2_12000_35774_35874,DISTORTEDs20101mML2,,timesfm_quantile,default,,0.13432,0.05711,0.77103,1.0,9.48,,2047.4,28000,1,0.00361,ok
ucr,084_UCR_Anomaly_DISTORTEDs20101mML2_12000_35774_35874,DISTORTEDs20101mML2,,tirex_resid,default,,0.03586,0.02442,0.68076,0.00827,11.4,,2034.2,28000,1,0.00361,ok
ucr,084_UCR_Anomaly_DISTORTEDs20101mML2_12000_35774_35874,DISTORTEDs20101mML2,,tirex_quantile,default,,0.0964,0.04681,0.66667,1.0,11.4,,2034.2,28000,1,0.00361,ok
ucr,084_UCR_Anomaly_DISTORTEDs20101mML2_12000_35774_35874,DISTORTEDs20101mML2,,iforest,default,,0.62601,0.50867,0.99886,0.625,2.44,,1594.5,28000,1,0.00361,ok
ucr,084_UCR_Anomaly_DISTORTEDs20101mML2_12000_35774_35874,DISTORTEDs20101mML2,,iforest,tuned,"{'w': 100, 'n_estimators': 100}",0.59516,0.49884,0.99886,0.625,4.03,8.68,0.0,28000,1,0.00361,ok
ucr,084_UCR_Anomaly_DISTORTEDs20101mML2_12000_35774_35874,DISTORTEDs20101mML2,,lof,default,,0.95654,0.80461,0.99933,1.0,0.91,,1594.5,28000,1,0.00361,ok
ucr,084_UCR_Anomaly_DISTORTEDs20101mML2_12000_35774_35874,DISTORTEDs20101mML2,,lof,tuned,"{'w': 100, 'k': 30}",0.94463,0.79621,0.99933,1.0,2.41,3.64,0.0,28000,1,0.00361,ok
ucr,084_UCR_Anomaly_DISTORTEDs20101mML2_12000_35774_35874,DISTORTEDs20101mML2,,knn,default,,0.9526,0.79473,0.99948,1.0,0.7,,1594.5,28000,1,0.00361,ok
ucr,084_UCR_Anomaly_DISTORTEDs20101mML2_12000_35774_35874,DISTORTEDs20101mML2,,knn,tuned,"{'w': 100, 'k': 3}",0.95413,0.78984,0.99948,1.0,2.09,2.85,0.0,28000,1,0.00361,ok
ucr,084_UCR_Anomaly_DISTORTEDs20101mML2_12000_35774_35874,DISTORTEDs20101mML2,,ae,default,,0.98784,0.82947,0.99933,1.0,5.55,,1611.0,28000,1,0.00361,ok
ucr,084_UCR_Anomaly_DISTORTEDs20101mML2_12000_35774_35874,DISTORTEDs20101mML2,,ae,tuned,"{'w': 100, 'hidden': 32, 'latent': 16}",0.99011,0.82896,0.99933,1.0,7.5,26.78,0.0,28000,1,0.00361,ok
ucr,087_UCR_Anomaly_DISTORTEDsel840mECG1_17000_51370_51740,DISTORTEDsel840mECG1,,chronos_small_resid,default,,0.02107,0.01758,0.80312,0.00529,0.62,,1740.0,43000,1,0.00863,ok
ucr,087_UCR_Anomaly_DISTORTEDsel840mECG1_17000_51370_51740,DISTORTEDsel840mECG1,,chronos_small_quantile,default,,0.0081,0.01043,0.84496,1.0,0.62,,1740.0,43000,1,0.00863,ok
ucr,087_UCR_Anomaly_DISTORTEDsel840mECG1_17000_51370_51740,DISTORTEDsel840mECG1,,chronos_base_resid,default,,0.03836,0.03076,0.79602,0.00597,1.07,,1970.8,43000,1,0.00863,ok
ucr,087_UCR_Anomaly_DISTORTEDsel840mECG1_17000_51370_51740,DISTORTEDsel840mECG1,,chronos_base_quantile,default,,0.00868,0.01115,0.74174,1.0,1.07,,1970.8,43000,1,0.00863,ok
ucr,087_UCR_Anomaly_DISTORTEDsel840mECG1_17000_51370_51740,DISTORTEDsel840mECG1,,timesfm_resid,default,,0.01364,0.01764,0.76026,0.0056,14.19,,2047.4,43000,1,0.00863,ok
ucr,087_UCR_Anomaly_DISTORTEDsel840mECG1_17000_51370_51740,DISTORTEDsel840mECG1,,timesfm_quantile,default,,0.01008,0.01346,0.6667,1.0,14.19,,2047.4,43000,1,0.00863,ok
ucr,087_UCR_Anomaly_DISTORTEDsel840mECG1_17000_51370_51740,DISTORTEDsel840mECG1,,tirex_resid,default,,0.01331,0.01659,0.81259,0.00485,16.82,,2034.2,43000,1,0.00863,ok
ucr,087_UCR_Anomaly_DISTORTEDsel840mECG1_17000_51370_51740,DISTORTEDsel840mECG1,,tirex_quantile,default,,0.00918,0.0121,0.73142,1.0,16.82,,2034.2,43000,1,0.00863,ok
ucr,087_UCR_Anomaly_DISTORTEDsel840mECG1_17000_51370_51740,DISTORTEDsel840mECG1,,iforest,default,,0.041,0.04626,0.75031,0.0832,3.08,,1594.5,43000,1,0.00863,ok
ucr,087_UCR_Anomaly_DISTORTEDsel840mECG1_17000_51370_51740,DISTORTEDsel840mECG1,,iforest,tuned,"{'w': 100, 'n_estimators': 200}",0.041,0.04626,0.75031,0.0832,5.67,9.31,0.0,43000,1,0.00863,ok
ucr,087_UCR_Anomaly_DISTORTEDsel840mECG1_17000_51370_51740,DISTORTEDsel840mECG1,,lof,default,,0.03178,0.03785,0.74003,0.0577,1.58,,1594.5,43000,1,0.00863,ok
ucr,087_UCR_Anomaly_DISTORTEDsel840mECG1_17000_51370_51740,DISTORTEDsel840mECG1,,lof,tuned,"{'w': 100, 'k': 30}",0.04584,0.05149,0.74633,0.13407,3.66,5.02,0.0,43000,1,0.00863,ok
ucr,087_UCR_Anomaly_DISTORTEDsel840mECG1_17000_51370_51740,DISTORTEDsel840mECG1,,knn,default,,0.1555,0.10016,0.96937,0.1076,1.25,,1594.5,43000,1,0.00863,ok
ucr,087_UCR_Anomaly_DISTORTEDsel840mECG1_17000_51370_51740,DISTORTEDsel840mECG1,,knn,tuned,"{'w': 100, 'k': 3}",0.18816,0.1087,0.99786,0.15055,4.31,3.94,0.0,43000,1,0.00863,ok
ucr,087_UCR_Anomaly_DISTORTEDsel840mECG1_17000_51370_51740,DISTORTEDsel840mECG1,,ae,default,,0.24587,0.11624,0.99786,0.13258,8.97,,1617.7,43000,1,0.00863,ok
ucr,087_UCR_Anomaly_DISTORTEDsel840mECG1_17000_51370_51740,DISTORTEDsel840mECG1,,ae,tuned,"{'w': 100, 'hidden': 32, 'latent': 8}",0.18031,0.08631,0.99786,0.08681,6.73,34.29,0.0,43000,1,0.00863,ok
ucr,090_UCR_Anomaly_DISTORTEDtiltAPB2_50000_124159_124985,DISTORTEDtiltAPB2,,chronos_small_resid,default,,0.01148,0.01246,0.69777,0.00311,0.79,,1740.0,78767,1,0.0105,ok
ucr,090_UCR_Anomaly_DISTORTEDtiltAPB2_50000_124159_124985,DISTORTEDtiltAPB2,,chronos_small_quantile,default,,0.0127,0.01342,0.78528,1.0,0.79,,1740.0,78767,1,0.0105,ok
ucr,090_UCR_Anomaly_DISTORTEDtiltAPB2_50000_124159_124985,DISTORTEDtiltAPB2,,chronos_base_resid,default,,0.01117,0.01231,0.65042,0.004,1.73,,1970.8,78767,1,0.0105,ok
ucr,090_UCR_Anomaly_DISTORTEDtiltAPB2_50000_124159_124985,DISTORTEDtiltAPB2,,chronos_base_quantile,default,,0.01014,0.01124,0.75929,1.0,1.73,,1970.8,78767,1,0.0105,ok
ucr,090_UCR_Anomaly_DISTORTEDtiltAPB2_50000_124159_124985,DISTORTEDtiltAPB2,,timesfm_resid,default,,0.01696,0.01865,0.66745,0.00527,20.31,,2047.4,78767,1,0.0105,ok
ucr,090_UCR_Anomaly_DISTORTEDtiltAPB2_50000_124159_124985,DISTORTEDtiltAPB2,,timesfm_quantile,default,,0.01087,0.01247,0.73002,1.0,20.31,,2047.4,78767,1,0.0105,ok
ucr,090_UCR_Anomaly_DISTORTEDtiltAPB2_50000_124159_124985,DISTORTEDtiltAPB2,,tirex_resid,default,,0.01051,0.01187,0.64451,0.01294,20.29,,2034.2,78767,1,0.0105,ok
ucr,090_UCR_Anomaly_DISTORTEDtiltAPB2_50000_124159_124985,DISTORTEDtiltAPB2,,tirex_quantile,default,,0.01003,0.01126,0.66672,1.0,20.29,,2034.2,78767,1,0.0105,ok
ucr,090_UCR_Anomaly_DISTORTEDtiltAPB2_50000_124159_124985,DISTORTEDtiltAPB2,,iforest,default,,0.01837,0.01894,0.6995,0.02213,3.53,,1594.5,78767,1,0.0105,ok
ucr,090_UCR_Anomaly_DISTORTEDtiltAPB2_50000_124159_124985,DISTORTEDtiltAPB2,,iforest,tuned,"{'w': 200, 'n_estimators': 100}",0.0232,0.02615,0.74757,0.08419,9.21,16.69,0.0,78767,1,0.0105,ok
ucr,090_UCR_Anomaly_DISTORTEDtiltAPB2_50000_124159_124985,DISTORTEDtiltAPB2,,lof,default,,0.13741,0.13114,0.82291,0.10784,6.18,,1594.5,78767,1,0.0105,ok
ucr,090_UCR_Anomaly_DISTORTEDtiltAPB2_50000_124159_124985,DISTORTEDtiltAPB2,,lof,tuned,"{'w': 200, 'k': 50}",0.2306,0.25188,0.83648,0.4631,6.59,10.82,0.0,78767,1,0.0105,ok
ucr,090_UCR_Anomaly_DISTORTEDtiltAPB2_50000_124159_124985,DISTORTEDtiltAPB2,,knn,default,,0.14491,0.13816,0.82788,0.09265,4.95,,1594.5,78767,1,0.0105,ok
ucr,090_UCR_Anomaly_DISTORTEDtiltAPB2_50000_124159_124985,DISTORTEDtiltAPB2,,knn,tuned,"{'w': 200, 'k': 5}",0.24142,0.27147,0.84239,0.55833,8.74,9.3,0.0,78767,1,0.0105,ok
ucr,090_UCR_Anomaly_DISTORTEDtiltAPB2_50000_124159_124985,DISTORTEDtiltAPB2,,ae,default,,0.48074,0.35155,0.9982,0.19629,27.15,,1634.4,78767,1,0.0105,ok
ucr,090_UCR_Anomaly_DISTORTEDtiltAPB2_50000_124159_124985,DISTORTEDtiltAPB2,,ae,tuned,"{'w': 200, 'hidden': 32, 'latent': 8}",0.32865,0.34521,0.86246,0.5,19.4,89.52,0.0,78767,1,0.0105,ok
ucr,093_UCR_Anomaly_NOISE1sddb40_35000_52000_52620,NOISE1sddb40,,chronos_small_resid,default,,0.01767,0.02103,0.67414,0.00925,0.75,,1740.0,44795,1,0.01386,ok
ucr,093_UCR_Anomaly_NOISE1sddb40_35000_52000_52620,NOISE1sddb40,,chronos_small_quantile,default,,0.01345,0.01549,0.66675,1.0,0.75,,1740.0,44795,1,0.01386,ok
ucr,093_UCR_Anomaly_NOISE1sddb40_35000_52000_52620,NOISE1sddb40,,chronos_base_resid,default,,0.01877,0.02149,0.6738,0.00955,1.45,,1970.8,44795,1,0.01386,ok
ucr,093_UCR_Anomaly_NOISE1sddb40_35000_52000_52620,NOISE1sddb40,,chronos_base_quantile,default,,0.01436,0.01649,0.67132,1.0,1.45,,1970.8,44795,1,0.01386,ok
ucr,093_UCR_Anomaly_NOISE1sddb40_35000_52000_52620,NOISE1sddb40,,timesfm_resid,default,,0.02461,0.0301,0.68372,0.00587,13.6,,2047.4,44795,1,0.01386,ok
ucr,093_UCR_Anomaly_NOISE1sddb40_35000_52000_52620,NOISE1sddb40,,timesfm_quantile,default,,0.01712,0.02092,0.71105,1.0,13.6,,2047.4,44795,1,0.01386,ok
ucr,093_UCR_Anomaly_NOISE1sddb40_35000_52000_52620,NOISE1sddb40,,tirex_resid,default,,0.01677,0.02111,0.67471,0.00794,20.27,,2034.2,44795,1,0.01386,ok
ucr,093_UCR_Anomaly_NOISE1sddb40_35000_52000_52620,NOISE1sddb40,,tirex_quantile,default,,0.0148,0.01837,0.67828,1.0,20.27,,2034.2,44795,1,0.01386,ok
ucr,093_UCR_Anomaly_NOISE1sddb40_35000_52000_52620,NOISE1sddb40,,iforest,default,,0.37081,0.25353,0.99787,0.38585,3.55,,1594.5,44795,1,0.01386,ok
ucr,093_UCR_Anomaly_NOISE1sddb40_35000_52000_52620,NOISE1sddb40,,iforest,tuned,"{'w': 200, 'n_estimators': 100}",0.298,0.30208,0.75611,0.52778,5.32,14.36,0.0,44795,1,0.01386,ok
ucr,093_UCR_Anomaly_NOISE1sddb40_35000_52000_52620,NOISE1sddb40,,lof,default,,0.04277,0.04562,0.63938,0.04646,2.67,,1594.5,44795,1,0.01386,ok
ucr,093_UCR_Anomaly_NOISE1sddb40_35000_52000_52620,NOISE1sddb40,,lof,tuned,"{'w': 200, 'k': 50}",0.04097,0.04382,0.64134,0.16026,3.66,8.21,0.0,44795,1,0.01386,ok
ucr,093_UCR_Anomaly_NOISE1sddb40_35000_52000_52620,NOISE1sddb40,,knn,default,,0.45505,0.3584,0.99788,0.40855,1.93,,1594.5,44795,1,0.01386,ok
ucr,093_UCR_Anomaly_NOISE1sddb40_35000_52000_52620,NOISE1sddb40,,knn,tuned,"{'w': 200, 'k': 5}",0.68137,0.56612,0.99678,0.70833,3.38,6.84,0.0,44795,1,0.01386,ok
ucr,093_UCR_Anomaly_NOISE1sddb40_35000_52000_52620,NOISE1sddb40,,ae,default,,0.03662,0.04346,0.65955,0.05117,13.46,,1620.5,44795,1,0.01386,ok
ucr,093_UCR_Anomaly_NOISE1sddb40_35000_52000_52620,NOISE1sddb40,,ae,tuned,"{'w': 200, 'hidden': 32, 'latent': 8}",0.72588,0.62414,0.99929,0.71212,12.72,67.22,0.0,44795,1,0.01386,ok
ucr,096_UCR_Anomaly_NOISEECG4_5000_16900_17100,NOISEECG4,,chronos_small_resid,default,,0.03203,0.02896,0.74252,0.01193,0.33,,1740.0,25000,1,0.00804,ok
ucr,096_UCR_Anomaly_NOISEECG4_5000_16900_17100,NOISEECG4,,chronos_small_quantile,default,,0.01169,0.01451,0.73219,1.0,0.33,,1740.0,25000,1,0.00804,ok
ucr,096_UCR_Anomaly_NOISEECG4_5000_16900_17100,NOISEECG4,,chronos_base_resid,default,,0.02799,0.0286,0.68886,0.01166,0.75,,1970.8,25000,1,0.00804,ok
ucr,096_UCR_Anomaly_NOISEECG4_5000_16900_17100,NOISEECG4,,chronos_base_quantile,default,,0.00948,0.01303,0.76793,1.0,0.75,,1970.8,25000,1,0.00804,ok
ucr,096_UCR_Anomaly_NOISEECG4_5000_16900_17100,NOISEECG4,,timesfm_resid,default,,0.03108,0.03087,0.89325,0.01205,8.99,,2047.4,25000,1,0.00804,ok
ucr,096_UCR_Anomaly_NOISEECG4_5000_16900_17100,NOISEECG4,,timesfm_quantile,default,,0.01698,0.01776,0.92601,1.0,8.99,,2047.4,25000,1,0.00804,ok
ucr,096_UCR_Anomaly_NOISEECG4_5000_16900_17100,NOISEECG4,,tirex_resid,default,,0.01374,0.01801,0.68805,0.00846,11.84,,2034.2,25000,1,0.00804,ok
ucr,096_UCR_Anomaly_NOISEECG4_5000_16900_17100,NOISEECG4,,tirex_quantile,default,,0.01011,0.01406,0.73251,1.0,11.84,,2034.2,25000,1,0.00804,ok
ucr,096_UCR_Anomaly_NOISEECG4_5000_16900_17100,NOISEECG4,,iforest,default,,0.00802,0.02813,0.96001,0.02355,2.29,,1594.5,25000,1,0.00804,ok
ucr,096_UCR_Anomaly_NOISEECG4_5000_16900_17100,NOISEECG4,,iforest,tuned,"{'w': 50, 'n_estimators': 100}",0.00761,0.01406,0.68341,0.00989,3.15,6.87,0.0,25000,1,0.00804,ok
ucr,096_UCR_Anomaly_NOISEECG4_5000_16900_17100,NOISEECG4,,lof,default,,0.9929,0.8501,0.99947,1.0,0.62,,1594.5,25000,1,0.00804,ok
ucr,096_UCR_Anomaly_NOISEECG4_5000_16900_17100,NOISEECG4,,lof,tuned,"{'w': 50, 'k': 30}",0.8434,0.64944,0.9981,0.85,2.56,2.14,0.0,25000,1,0.00804,ok
ucr,096_UCR_Anomaly_NOISEECG4_5000_16900_17100,NOISEECG4,,knn,default,,0.92821,0.83014,0.99903,1.0,0.46,,1594.5,25000,1,0.00804,ok
ucr,096_UCR_Anomaly_NOISEECG4_5000_16900_17100,NOISEECG4,,knn,tuned,"{'w': 50, 'k': 3}",0.66279,0.49799,0.9981,0.5,2.36,1.7,0.0,25000,1,0.00804,ok
ucr,096_UCR_Anomaly_NOISEECG4_5000_16900_17100,NOISEECG4,,ae,default,,0.86359,0.75163,0.99875,1.0,3.27,,1609.3,25000,1,0.00804,ok
ucr,096_UCR_Anomaly_NOISEECG4_5000_16900_17100,NOISEECG4,,ae,tuned,"{'w': 50, 'hidden': 64, 'latent': 8}",0.53421,0.39401,0.99812,0.39227,6.7,12.58,0.0,25000,1,0.00804,ok
ucr,099_UCR_Anomaly_NOISEInternalBleeding6_1500_3474_3629,NOISEInternalBleeding6,,chronos_small_resid,default,,0.04034,0.04568,0.69344,0.02681,0.23,,1648.9,6154,1,0.02535,ok
ucr,099_UCR_Anomaly_NOISEInternalBleeding6_1500_3474_3629,NOISEInternalBleeding6,,chronos_small_quantile,default,,0.0444,0.0482,0.6885,1.0,0.23,,1648.9,6154,1,0.02535,ok
ucr,099_UCR_Anomaly_NOISEInternalBleeding6_1500_3474_3629,NOISEInternalBleeding6,,chronos_base_resid,default,,0.15566,0.10724,0.90802,0.05911,0.35,,1736.7,6154,1,0.02535,ok
ucr,099_UCR_Anomaly_NOISEInternalBleeding6_1500_3474_3629,NOISEInternalBleeding6,,chronos_base_quantile,default,,0.06622,0.06623,0.71261,1.0,0.35,,1736.7,6154,1,0.02535,ok
ucr,099_UCR_Anomaly_NOISEInternalBleeding6_1500_3474_3629,NOISEInternalBleeding6,,timesfm_resid,default,,0.32667,0.23407,0.99274,0.14297,2.52,,2047.4,6154,1,0.02535,ok
ucr,099_UCR_Anomaly_NOISEInternalBleeding6_1500_3474_3629,NOISEInternalBleeding6,,timesfm_quantile,default,,0.34435,0.24297,0.99264,1.0,2.52,,2047.4,6154,1,0.02535,ok
ucr,099_UCR_Anomaly_NOISEInternalBleeding6_1500_3474_3629,NOISEInternalBleeding6,,tirex_resid,default,,0.28126,0.20072,0.99274,0.12976,6.03,,1761.6,6154,1,0.02535,ok
ucr,099_UCR_Anomaly_NOISEInternalBleeding6_1500_3474_3629,NOISEInternalBleeding6,,tirex_quantile,default,,0.1972,0.13433,0.99302,1.0,6.03,,1761.6,6154,1,0.02535,ok
ucr,099_UCR_Anomaly_NOISEInternalBleeding6_1500_3474_3629,NOISEInternalBleeding6,,iforest,default,,0.87897,0.68548,0.99906,0.91667,1.36,,1594.5,6154,1,0.02535,ok
ucr,099_UCR_Anomaly_NOISEInternalBleeding6_1500_3474_3629,NOISEInternalBleeding6,,lof,default,,0.90508,0.77484,0.99913,1.0,0.15,,1594.5,6154,1,0.02535,ok
ucr,099_UCR_Anomaly_NOISEInternalBleeding6_1500_3474_3629,NOISEInternalBleeding6,,knn,default,,0.94379,0.83936,0.99925,1.0,0.1,,1594.5,6154,1,0.02535,ok
ucr,099_UCR_Anomaly_NOISEInternalBleeding6_1500_3474_3629,NOISEInternalBleeding6,,ae,default,,0.91592,0.76189,0.99927,1.0,1.03,,1601.4,6154,1,0.02535,ok
ucr,102_UCR_Anomaly_NOISEMesoplodonDensirostris_10000_19280_19440,NOISEMesoplodonDensirostris,,chronos_small_resid,default,,0.05358,0.02974,0.92791,0.01534,0.38,,1724.5,14667,1,0.01098,ok
ucr,102_UCR_Anomaly_NOISEMesoplodonDensirostris_10000_19280_19440,NOISEMesoplodonDensirostris,,chronos_small_quantile,default,,0.01375,0.01782,0.78527,1.0,0.38,,1724.5,14667,1,0.01098,ok
ucr,102_UCR_Anomaly_NOISEMesoplodonDensirostris_10000_19280_19440,NOISEMesoplodonDensirostris,,chronos_base_resid,default,,0.0431,0.02586,0.94462,0.01749,0.49,,1943.7,14667,1,0.01098,ok
ucr,102_UCR_Anomaly_NOISEMesoplodonDensirostris_10000_19280_19440,NOISEMesoplodonDensirostris,,chronos_base_quantile,default,,0.01316,0.01737,0.7509,1.0,0.49,,1943.7,14667,1,0.01098,ok
ucr,102_UCR_Anomaly_NOISEMesoplodonDensirostris_10000_19280_19440,NOISEMesoplodonDensirostris,,timesfm_resid,default,,0.05507,0.02977,0.97526,0.0187,4.95,,2047.4,14667,1,0.01098,ok
ucr,102_UCR_Anomaly_NOISEMesoplodonDensirostris_10000_19280_19440,NOISEMesoplodonDensirostris,,timesfm_quantile,default,,0.06392,0.0337,0.97407,1.0,4.95,,2047.4,14667,1,0.01098,ok
ucr,102_UCR_Anomaly_NOISEMesoplodonDensirostris_10000_19280_19440,NOISEMesoplodonDensirostris,,tirex_resid,default,,0.04444,0.02585,0.91345,0.0166,5.79,,1992.7,14667,1,0.01098,ok
ucr,102_UCR_Anomaly_NOISEMesoplodonDensirostris_10000_19280_19440,NOISEMesoplodonDensirostris,,tirex_quantile,default,,0.01221,0.01658,0.71896,1.0,5.79,,1992.7,14667,1,0.01098,ok
ucr,102_UCR_Anomaly_NOISEMesoplodonDensirostris_10000_19280_19440,NOISEMesoplodonDensirostris,,iforest,default,,0.02485,0.0298,0.69122,0.05234,1.69,,1594.5,14667,1,0.01098,ok
ucr,102_UCR_Anomaly_NOISEMesoplodonDensirostris_10000_19280_19440,NOISEMesoplodonDensirostris,,iforest,tuned,"{'w': 100, 'n_estimators': 200}",0.02485,0.0298,0.69122,0.05234,2.9,7.66,0.0,14667,1,0.01098,ok
ucr,102_UCR_Anomaly_NOISEMesoplodonDensirostris_10000_19280_19440,NOISEMesoplodonDensirostris,,lof,default,,0.06916,0.08194,0.7373,0.18911,0.49,,1594.5,14667,1,0.01098,ok
ucr,102_UCR_Anomaly_NOISEMesoplodonDensirostris_10000_19280_19440,NOISEMesoplodonDensirostris,,lof,tuned,"{'w': 50, 'k': 50}",0.26369,0.19943,0.81821,0.30952,2.2,3.72,0.0,14667,1,0.01098,ok
ucr,102_UCR_Anomaly_NOISEMesoplodonDensirostris_10000_19280_19440,NOISEMesoplodonDensirostris,,knn,default,,0.83502,0.6416,0.9973,0.70833,0.35,,1594.5,14667,1,0.01098,ok
ucr,102_UCR_Anomaly_NOISEMesoplodonDensirostris_10000_19280_19440,NOISEMesoplodonDensirostris,,knn,tuned,"{'w': 100, 'k': 3}",0.84808,0.65653,0.9973,0.75,1.39,2.58,0.0,14667,1,0.01098,ok
ucr,102_UCR_Anomaly_NOISEMesoplodonDensirostris_10000_19280_19440,NOISEMesoplodonDensirostris,,ae,default,,0.84333,0.59595,0.99728,0.69643,4.31,,1605.5,14667,1,0.01098,ok
ucr,102_UCR_Anomaly_NOISEMesoplodonDensirostris_10000_19280_19440,NOISEMesoplodonDensirostris,,ae,tuned,"{'w': 100, 'hidden': 32, 'latent': 16}",0.82979,0.57462,0.99734,0.6875,5.09,23.89,0.0,14667,1,0.01098,ok
ucr,105_UCR_Anomaly_NOISEgait3_24500_59900_60500,NOISEgait3,,chronos_small_resid,default,,0.02384,0.02481,0.79606,0.00556,0.54,,1740.0,40500,1,0.01484,ok
ucr,105_UCR_Anomaly_NOISEgait3_24500_59900_60500,NOISEgait3,,chronos_small_quantile,default,,0.01799,0.02063,0.71665,1.0,0.54,,1740.0,40500,1,0.01484,ok
ucr,105_UCR_Anomaly_NOISEgait3_24500_59900_60500,NOISEgait3,,chronos_base_resid,default,,0.01899,0.02033,0.7817,0.00637,1.0,,1970.8,40500,1,0.01484,ok
ucr,105_UCR_Anomaly_NOISEgait3_24500_59900_60500,NOISEgait3,,chronos_base_quantile,default,,0.02152,0.02493,0.70841,1.0,1.0,,1970.8,40500,1,0.01484,ok
ucr,105_UCR_Anomaly_NOISEgait3_24500_59900_60500,NOISEgait3,,timesfm_resid,default,,0.01372,0.01709,0.78767,0.00284,12.67,,2047.4,40500,1,0.01484,ok
ucr,105_UCR_Anomaly_NOISEgait3_24500_59900_60500,NOISEgait3,,timesfm_quantile,default,,0.01378,0.01614,0.72208,1.0,12.67,,2047.4,40500,1,0.01484,ok
ucr,105_UCR_Anomaly_NOISEgait3_24500_59900_60500,NOISEgait3,,tirex_resid,default,,0.01723,0.02476,0.72546,0.00455,16.47,,2034.2,40500,1,0.01484,ok
ucr,105_UCR_Anomaly_NOISEgait3_24500_59900_60500,NOISEgait3,,tirex_quantile,default,,0.01331,0.0158,0.66676,1.0,16.47,,2034.2,40500,1,0.01484,ok
ucr,105_UCR_Anomaly_NOISEgait3_24500_59900_60500,NOISEgait3,,iforest,default,,0.03686,0.05592,0.98808,0.0729,3.43,,1594.5,40500,1,0.01484,ok
ucr,105_UCR_Anomaly_NOISEgait3_24500_59900_60500,NOISEgait3,,iforest,tuned,"{'w': 100, 'n_estimators': 200}",0.03686,0.05592,0.98808,0.0729,6.1,11.79,0.0,40500,1,0.01484,ok
ucr,105_UCR_Anomaly_NOISEgait3_24500_59900_60500,NOISEgait3,,lof,default,,0.03143,0.03926,0.78791,0.08199,1.88,,1594.5,40500,1,0.01484,ok
ucr,105_UCR_Anomaly_NOISEgait3_24500_59900_60500,NOISEgait3,,lof,tuned,"{'w': 100, 'k': 30}",0.03141,0.03984,0.80572,0.09075,4.05,7.24,0.0,40500,1,0.01484,ok
ucr,105_UCR_Anomaly_NOISEgait3_24500_59900_60500,NOISEgait3,,knn,default,,0.03203,0.03862,0.74978,0.05142,1.37,,1594.5,40500,1,0.01484,ok
ucr,105_UCR_Anomaly_NOISEgait3_24500_59900_60500,NOISEgait3,,knn,tuned,"{'w': 100, 'k': 3}",0.03288,0.03928,0.75008,0.05343,4.43,5.1,0.0,40500,1,0.01484,ok
ucr,105_UCR_Anomaly_NOISEgait3_24500_59900_60500,NOISEgait3,,ae,default,,0.02319,0.0251,0.75113,0.04089,11.21,,1617.4,40500,1,0.01484,ok
ucr,105_UCR_Anomaly_NOISEgait3_24500_59900_60500,NOISEgait3,,ae,tuned,"{'w': 200, 'hidden': 32, 'latent': 16}",0.02554,0.02763,0.84619,0.03948,10.84,54.35,0.0,40500,1,0.01484,ok
ucr,108_UCR_Anomaly_NOISEresperation2_30000_168250_168250,NOISEresperation2,,chronos_small_resid,default,,1e-05,1e-05,0.65898,0.0,1.87,,1740.0,170051,1,1e-05,ok
ucr,108_UCR_Anomaly_NOISEresperation2_30000_168250_168250,NOISEresperation2,,chronos_small_quantile,default,,1e-05,2e-05,0.67019,1.0,1.87,,1740.0,170051,1,1e-05,ok
ucr,108_UCR_Anomaly_NOISEresperation2_30000_168250_168250,NOISEresperation2,,chronos_base_resid,default,,1e-05,1e-05,0.68422,0.0,3.44,,1970.8,170051,1,1e-05,ok
ucr,108_UCR_Anomaly_NOISEresperation2_30000_168250_168250,NOISEresperation2,,chronos_base_quantile,default,,1e-05,2e-05,0.6754,1.0,3.44,,1970.8,170051,1,1e-05,ok
ucr,108_UCR_Anomaly_NOISEresperation2_30000_168250_168250,NOISEresperation2,,timesfm_resid,default,,1e-05,1e-05,0.68467,0.0,54.09,,2047.4,170051,1,1e-05,ok
ucr,108_UCR_Anomaly_NOISEresperation2_30000_168250_168250,NOISEresperation2,,timesfm_quantile,default,,1e-05,2e-05,0.70797,1.0,54.09,,2047.4,170051,1,1e-05,ok
ucr,108_UCR_Anomaly_NOISEresperation2_30000_168250_168250,NOISEresperation2,,tirex_resid,default,,1e-05,1e-05,0.6542,0.0,66.99,,2034.2,170051,1,1e-05,ok
ucr,108_UCR_Anomaly_NOISEresperation2_30000_168250_168250,NOISEresperation2,,tirex_quantile,default,,1e-05,2e-05,0.745,1.0,66.99,,2034.2,170051,1,1e-05,ok
ucr,108_UCR_Anomaly_NOISEresperation2_30000_168250_168250,NOISEresperation2,,iforest,default,,1e-05,2e-05,0.66266,0.0,11.3,,1594.5,170051,1,1e-05,ok
ucr,108_UCR_Anomaly_NOISEresperation2_30000_168250_168250,NOISEresperation2,,iforest,tuned,"{'w': 400, 'n_estimators': 200}",1e-05,2e-05,0.62092,0.0,36.68,12.46,0.0,170051,1,1e-05,ok
ucr,108_UCR_Anomaly_NOISEresperation2_30000_168250_168250,NOISEresperation2,,lof,default,,1e-05,2e-05,0.5683,0.0,7.45,,1594.5,170051,1,1e-05,ok
ucr,108_UCR_Anomaly_NOISEresperation2_30000_168250_168250,NOISEresperation2,,lof,tuned,"{'w': 100, 'k': 10}",1e-05,2e-05,0.58762,0.0,16.5,6.27,0.0,170051,1,1e-05,ok
ucr,108_UCR_Anomaly_NOISEresperation2_30000_168250_168250,NOISEresperation2,,knn,default,,1e-05,2e-05,0.61193,0.0,6.37,,1594.5,170051,1,1e-05,ok
ucr,108_UCR_Anomaly_NOISEresperation2_30000_168250_168250,NOISEresperation2,,knn,tuned,"{'w': 100, 'k': 3}",1e-05,2e-05,0.61057,0.0,15.87,5.23,0.0,170051,1,1e-05,ok
ucr,108_UCR_Anomaly_NOISEresperation2_30000_168250_168250,NOISEresperation2,,ae,default,,1e-05,2e-05,0.61418,0.0,18.95,,1669.2,170051,1,1e-05,ok
ucr,108_UCR_Anomaly_NOISEresperation2_30000_168250_168250,NOISEresperation2,,ae,tuned,"{'w': 100, 'hidden': 32, 'latent': 8}",1e-05,2e-05,0.62341,0.0,27.68,46.11,0.0,170051,1,1e-05,ok
ucr,111_UCR_Anomaly_3sddb40_35000_46600_46900,3sddb40,,chronos_small_resid,default,,0.00854,0.01063,0.67073,0.01101,0.55,,1740.0,45000,1,0.00669,ok
ucr,111_UCR_Anomaly_3sddb40_35000_46600_46900,3sddb40,,chronos_small_quantile,default,,0.00651,0.00881,0.66669,1.0,0.55,,1740.0,45000,1,0.00669,ok
ucr,111_UCR_Anomaly_3sddb40_35000_46600_46900,3sddb40,,chronos_base_resid,default,,0.00935,0.0111,0.67075,0.01157,1.01,,1970.8,45000,1,0.00669,ok
ucr,111_UCR_Anomaly_3sddb40_35000_46600_46900,3sddb40,,chronos_base_quantile,default,,0.00658,0.00903,0.67256,1.0,1.01,,1970.8,45000,1,0.00669,ok
ucr,111_UCR_Anomaly_3sddb40_35000_46600_46900,3sddb40,,timesfm_resid,default,,0.01324,0.0141,0.69055,0.00943,12.95,,2047.4,45000,1,0.00669,ok
ucr,111_UCR_Anomaly_3sddb40_35000_46600_46900,3sddb40,,timesfm_quantile,default,,0.00806,0.00964,0.66734,1.0,12.95,,2047.4,45000,1,0.00669,ok
ucr,111_UCR_Anomaly_3sddb40_35000_46600_46900,3sddb40,,tirex_resid,default,,0.01311,0.01392,0.67369,0.00986,17.77,,2034.2,45000,1,0.00669,ok
ucr,111_UCR_Anomaly_3sddb40_35000_46600_46900,3sddb40,,tirex_quantile,default,,0.00697,0.0089,0.67585,1.0,17.77,,2034.2,45000,1,0.00669,ok
ucr,111_UCR_Anomaly_3sddb40_35000_46600_46900,3sddb40,,iforest,default,,0.01171,0.01472,0.64653,0.03677,3.42,,1594.5,45000,1,0.00669,ok
ucr,111_UCR_Anomaly_3sddb40_35000_46600_46900,3sddb40,,iforest,tuned,"{'w': 200, 'n_estimators': 100}",0.01866,0.02336,0.64956,0.1,6.0,13.13,0.0,45000,1,0.00669,ok
ucr,111_UCR_Anomaly_3sddb40_35000_46600_46900,3sddb40,,lof,default,,0.02864,0.02963,0.63432,0.06159,2.96,,1594.5,45000,1,0.00669,ok
ucr,111_UCR_Anomaly_3sddb40_35000_46600_46900,3sddb40,,lof,tuned,"{'w': 200, 'k': 50}",0.01246,0.01621,0.6483,0.14286,3.6,8.87,0.0,45000,1,0.00669,ok
ucr,111_UCR_Anomaly_3sddb40_35000_46600_46900,3sddb40,,knn,default,,0.03019,0.03321,0.62709,0.06471,1.87,,1594.5,45000,1,0.00669,ok
ucr,111_UCR_Anomaly_3sddb40_35000_46600_46900,3sddb40,,knn,tuned,"{'w': 200, 'k': 5}",0.01637,0.0197,0.63525,0.15385,3.35,6.75,0.0,45000,1,0.00669,ok
ucr,111_UCR_Anomaly_3sddb40_35000_46600_46900,3sddb40,,ae,default,,0.0314,0.04044,0.65174,0.06667,13.37,,1620.5,45000,1,0.00669,ok
ucr,111_UCR_Anomaly_3sddb40_35000_46600_46900,3sddb40,,ae,tuned,"{'w': 200, 'hidden': 32, 'latent': 8}",0.01886,0.02638,0.64536,0.16667,12.79,69.3,0.0,45000,1,0.00669,ok
ucr,114_UCR_Anomaly_CIMIS44AirTemperature2_4000_5703_5727,CIMIS44AirTemperature2,,chronos_small_resid,default,,0.11839,0.0885,0.802,0.18059,0.19,,1632.3,4184,1,0.00598,ok
ucr,114_UCR_Anomaly_CIMIS44AirTemperature2_4000_5703_5727,CIMIS44AirTemperature2,,chronos_small_quantile,default,,0.42412,0.1676,0.99883,1.0,0.19,,1632.3,4184,1,0.00598,ok
ucr,114_UCR_Anomaly_CIMIS44AirTemperature2_4000_5703_5727,CIMIS44AirTemperature2,,chronos_base_resid,default,,0.1283,0.09658,0.74763,0.21052,0.41,,1692.2,4184,1,0.00598,ok
ucr,114_UCR_Anomaly_CIMIS44AirTemperature2_4000_5703_5727,CIMIS44AirTemperature2,,chronos_base_quantile,default,,0.39381,0.18432,0.9988,1.0,0.41,,1692.2,4184,1,0.00598,ok
ucr,114_UCR_Anomaly_CIMIS44AirTemperature2_4000_5703_5727,CIMIS44AirTemperature2,,timesfm_resid,default,,0.25059,0.13849,0.90936,0.18672,2.9,,2047.4,4184,1,0.00598,ok
ucr,114_UCR_Anomaly_CIMIS44AirTemperature2_4000_5703_5727,CIMIS44AirTemperature2,,timesfm_quantile,default,,0.45222,0.21302,0.99883,1.0,2.9,,2047.4,4184,1,0.00598,ok
ucr,114_UCR_Anomaly_CIMIS44AirTemperature2_4000_5703_5727,CIMIS44AirTemperature2,,tirex_resid,default,,0.07552,0.06583,0.80038,0.1494,6.64,,1711.4,4184,1,0.00598,ok
ucr,114_UCR_Anomaly_CIMIS44AirTemperature2_4000_5703_5727,CIMIS44AirTemperature2,,tirex_quantile,default,,0.04076,0.03845,0.66715,1.0,6.64,,1711.4,4184,1,0.00598,ok
ucr,114_UCR_Anomaly_CIMIS44AirTemperature2_4000_5703_5727,CIMIS44AirTemperature2,,iforest,default,,0.01397,0.02054,0.76155,0.3125,1.33,,1594.5,4184,1,0.00598,ok
ucr,114_UCR_Anomaly_CIMIS44AirTemperature2_4000_5703_5727,CIMIS44AirTemperature2,,iforest,tuned,"{'w': 50, 'n_estimators': 100}",0.01804,0.02348,0.77466,0.21111,1.05,6.51,0.0,4184,1,0.00598,ok
ucr,114_UCR_Anomaly_CIMIS44AirTemperature2_4000_5703_5727,CIMIS44AirTemperature2,,lof,default,,0.03245,0.04902,0.83617,0.4,0.19,,1594.5,4184,1,0.00598,ok
ucr,114_UCR_Anomaly_CIMIS44AirTemperature2_4000_5703_5727,CIMIS44AirTemperature2,,lof,tuned,"{'w': 50, 'k': 50}",0.99846,0.88124,0.99884,1.0,0.63,2.22,0.0,4184,1,0.00598,ok
ucr,114_UCR_Anomaly_CIMIS44AirTemperature2_4000_5703_5727,CIMIS44AirTemperature2,,knn,default,,0.16754,0.205,0.83757,0.66667,0.09,,1594.5,4184,1,0.00598,ok
ucr,114_UCR_Anomaly_CIMIS44AirTemperature2_4000_5703_5727,CIMIS44AirTemperature2,,knn,tuned,"{'w': 50, 'k': 5}",0.99846,0.88707,0.99884,1.0,0.53,1.82,0.0,4184,1,0.00598,ok
ucr,114_UCR_Anomaly_CIMIS44AirTemperature2_4000_5703_5727,CIMIS44AirTemperature2,,ae,default,,0.99544,0.89869,0.99884,1.0,1.71,,1600.8,4184,1,0.00598,ok
ucr,114_UCR_Anomaly_CIMIS44AirTemperature2_4000_5703_5727,CIMIS44AirTemperature2,,ae,tuned,"{'w': 100, 'hidden': 32, 'latent': 8}",0.99846,0.89416,0.99884,1.0,2.13,10.58,0.0,4184,1,0.00598,ok
ucr,117_UCR_Anomaly_CIMIS44AirTemperature5_4000_4852_4900,CIMIS44AirTemperature5,,chronos_small_resid,default,,0.09459,0.09587,0.90369,0.12116,0.12,,1632.3,4184,1,0.01171,ok
ucr,117_UCR_Anomaly_CIMIS44AirTemperature5_4000_4852_4900,CIMIS44AirTemperature5,,chronos_small_quantile,default,,0.09268,0.07892,0.96898,1.0,0.12,,1632.3,4184,1,0.01171,ok
ucr,117_UCR_Anomaly_CIMIS44AirTemperature5_4000_4852_4900,CIMIS44AirTemperature5,,chronos_base_resid,default,,0.06755,0.0762,0.83996,0.10045,0.2,,1692.2,4184,1,0.01171,ok
ucr,117_UCR_Anomaly_CIMIS44AirTemperature5_4000_4852_4900,CIMIS44AirTemperature5,,chronos_base_quantile,default,,0.06533,0.05657,0.79209,1.0,0.2,,1692.2,4184,1,0.01171,ok
ucr,117_UCR_Anomaly_CIMIS44AirTemperature5_4000_4852_4900,CIMIS44AirTemperature5,,timesfm_resid,default,,0.14394,0.08996,0.99737,0.11851,2.74,,2047.4,4184,1,0.01171,ok
ucr,117_UCR_Anomaly_CIMIS44AirTemperature5_4000_4852_4900,CIMIS44AirTemperature5,,timesfm_quantile,default,,0.04278,0.04372,0.77175,1.0,2.74,,2047.4,4184,1,0.01171,ok
ucr,117_UCR_Anomaly_CIMIS44AirTemperature5_4000_4852_4900,CIMIS44AirTemperature5,,tirex_resid,default,,0.06238,0.06331,0.83304,0.11195,5.33,,1711.4,4184,1,0.01171,ok
ucr,117_UCR_Anomaly_CIMIS44AirTemperature5_4000_4852_4900,CIMIS44AirTemperature5,,tirex_quantile,default,,0.02652,0.03464,0.70103,1.0,5.33,,1711.4,4184,1,0.01171,ok
ucr,117_UCR_Anomaly_CIMIS44AirTemperature5_4000_4852_4900,CIMIS44AirTemperature5,,iforest,default,,0.08067,0.12902,0.97614,0.58333,1.3,,1594.5,4184,1,0.01171,ok
ucr,117_UCR_Anomaly_CIMIS44AirTemperature5_4000_4852_4900,CIMIS44AirTemperature5,,iforest,tuned,"{'w': 50, 'n_estimators': 100}",0.06641,0.1002,0.96819,0.47917,1.09,6.59,0.0,4184,1,0.01171,ok
ucr,117_UCR_Anomaly_CIMIS44AirTemperature5_4000_4852_4900,CIMIS44AirTemperature5,,lof,default,,0.24964,0.36593,0.98892,0.91667,0.19,,1594.5,4184,1,0.01171,ok
ucr,117_UCR_Anomaly_CIMIS44AirTemperature5_4000_4852_4900,CIMIS44AirTemperature5,,lof,tuned,"{'w': 50, 'k': 50}",0.93465,0.84624,0.99927,1.0,0.61,2.13,0.0,4184,1,0.01171,ok
ucr,117_UCR_Anomaly_CIMIS44AirTemperature5_4000_4852_4900,CIMIS44AirTemperature5,,knn,default,,0.57664,0.67156,0.99504,1.0,0.09,,1594.5,4184,1,0.01171,ok
ucr,117_UCR_Anomaly_CIMIS44AirTemperature5_4000_4852_4900,CIMIS44AirTemperature5,,knn,tuned,"{'w': 50, 'k': 5}",0.90699,0.85515,0.99853,1.0,0.51,1.91,0.0,4184,1,0.01171,ok
ucr,117_UCR_Anomaly_CIMIS44AirTemperature5_4000_4852_4900,CIMIS44AirTemperature5,,ae,default,,0.98492,0.94572,0.99975,1.0,1.68,,1600.8,4184,1,0.01171,ok
ucr,117_UCR_Anomaly_CIMIS44AirTemperature5_4000_4852_4900,CIMIS44AirTemperature5,,ae,tuned,"{'w': 100, 'hidden': 32, 'latent': 8}",0.9408,0.91211,0.99903,1.0,2.1,10.68,0.0,4184,1,0.01171,ok
ucr,120_UCR_Anomaly_ECG2_15000_16000_16100,ECG2,,chronos_small_resid,default,,0.03843,0.02029,0.86558,0.01155,0.19,,1726.2,15000,1,0.00673,ok
ucr,120_UCR_Anomaly_ECG2_15000_16000_16100,ECG2,,chronos_small_quantile,default,,0.00622,0.00936,0.85077,1.0,0.19,,1726.2,15000,1,0.00673,ok
ucr,120_UCR_Anomaly_ECG2_15000_16000_16100,ECG2,,chronos_base_resid,default,,0.03676,0.01952,0.77578,0.01211,0.63,,1948.7,15000,1,0.00673,ok
ucr,120_UCR_Anomaly_ECG2_15000_16000_16100,ECG2,,chronos_base_quantile,default,,0.00788,0.0105,0.87572,1.0,0.63,,1948.7,15000,1,0.00673,ok
ucr,120_UCR_Anomaly_ECG2_15000_16000_16100,ECG2,,timesfm_resid,default,,0.01053,0.01667,0.69598,0.01744,4.66,,2047.4,15000,1,0.00673,ok
ucr,120_UCR_Anomaly_ECG2_15000_16000_16100,ECG2,,timesfm_quantile,default,,0.00743,0.01077,0.87679,1.0,4.66,,2047.4,15000,1,0.00673,ok
ucr,120_UCR_Anomaly_ECG2_15000_16000_16100,ECG2,,tirex_resid,default,,0.01412,0.0175,0.69822,0.01936,5.38,,1999.8,15000,1,0.00673,ok
ucr,120_UCR_Anomaly_ECG2_15000_16000_16100,ECG2,,tirex_quantile,default,,0.00665,0.01025,0.85076,1.0,5.38,,1999.8,15000,1,0.00673,ok
ucr,120_UCR_Anomaly_ECG2_15000_16000_16100,ECG2,,iforest,default,,0.05525,0.07518,0.77675,0.23929,1.79,,1594.5,15000,1,0.00673,ok
ucr,120_UCR_Anomaly_ECG2_15000_16000_16100,ECG2,,iforest,tuned,"{'w': 100, 'n_estimators': 100}",0.05795,0.07621,0.78569,0.22808,2.18,9.12,0.0,15000,1,0.00673,ok
ucr,120_UCR_Anomaly_ECG2_15000_16000_16100,ECG2,,lof,default,,0.06536,0.08215,0.79569,0.28571,0.66,,1594.5,15000,1,0.00673,ok
ucr,120_UCR_Anomaly_ECG2_15000_16000_16100,ECG2,,lof,tuned,"{'w': 100, 'k': 30}",0.07896,0.09378,0.79939,0.28571,1.38,4.52,0.0,15000,1,0.00673,ok
ucr,120_UCR_Anomaly_ECG2_15000_16000_16100,ECG2,,knn,default,,0.12525,0.13455,0.81755,0.30952,0.39,,1594.5,15000,1,0.00673,ok
ucr,120_UCR_Anomaly_ECG2_15000_16000_16100,ECG2,,knn,tuned,"{'w': 100, 'k': 3}",0.18449,0.18851,0.84014,0.42143,1.35,3.37,0.0,15000,1,0.00673,ok
ucr,120_UCR_Anomaly_ECG2_15000_16000_16100,ECG2,,ae,default,,0.09324,0.10802,0.79836,0.28571,5.6,,1606.2,15000,1,0.00673,ok
ucr,120_UCR_Anomaly_ECG2_15000_16000_16100,ECG2,,ae,tuned,"{'w': 100, 'hidden': 64, 'latent': 8}",0.07214,0.08689,0.78927,0.25893,6.44,34.44,0.0,15000,1,0.00673,ok
ucr,123_UCR_Anomaly_ECG4_5000_16800_17100,ECG4,,chronos_small_resid,default,,0.00208,0.00439,0.81773,0.00549,1.83,,1740.0,195000,1,0.00154,ok
ucr,123_UCR_Anomaly_ECG4_5000_16800_17100,ECG4,,chronos_small_quantile,default,,0.00154,0.00255,0.79069,1.0,1.83,,1740.0,195000,1,0.00154,ok
ucr,123_UCR_Anomaly_ECG4_5000_16800_17100,ECG4,,chronos_base_resid,default,,0.00225,0.00501,0.70722,0.00514,3.49,,1970.8,195000,1,0.00154,ok
ucr,123_UCR_Anomaly_ECG4_5000_16800_17100,ECG4,,chronos_base_quantile,default,,0.00479,0.00539,0.76118,1.0,3.49,,1970.8,195000,1,0.00154,ok
ucr,123_UCR_Anomaly_ECG4_5000_16800_17100,ECG4,,timesfm_resid,default,,0.01321,0.01918,0.95548,0.00877,62.47,,2047.4,195000,1,0.00154,ok
ucr,123_UCR_Anomaly_ECG4_5000_16800_17100,ECG4,,timesfm_quantile,default,,0.00187,0.00645,0.85364,1.0,62.47,,2047.4,195000,1,0.00154,ok
ucr,123_UCR_Anomaly_ECG4_5000_16800_17100,ECG4,,tirex_resid,default,,0.00639,0.01108,0.96087,0.00561,69.52,,2034.2,195000,1,0.00154,ok
ucr,123_UCR_Anomaly_ECG4_5000_16800_17100,ECG4,,tirex_quantile,default,,0.00477,0.00701,0.82932,1.0,69.52,,2034.2,195000,1,0.00154,ok
ucr,123_UCR_Anomaly_ECG4_5000_16800_17100,ECG4,,iforest,default,,0.0143,0.01586,0.85539,0.02445,11.81,,1594.5,195000,1,0.00154,ok
ucr,123_UCR_Anomaly_ECG4_5000_16800_17100,ECG4,,iforest,tuned,"{'w': 50, 'n_estimators': 200}",0.01112,0.01145,0.85207,0.01879,20.52,6.79,0.0,195000,1,0.00154,ok
ucr,123_UCR_Anomaly_ECG4_5000_16800_17100,ECG4,,lof,default,,0.62108,0.22665,0.99971,0.10033,4.0,,1594.5,195000,1,0.00154,ok
ucr,123_UCR_Anomaly_ECG4_5000_16800_17100,ECG4,,lof,tuned,"{'w': 50, 'k': 50}",0.49151,0.16027,0.9997,0.06818,21.05,2.08,0.0,195000,1,0.00154,ok
ucr,123_UCR_Anomaly_ECG4_5000_16800_17100,ECG4,,knn,default,,0.47441,0.22702,0.99947,0.15909,3.72,,1594.5,195000,1,0.00154,ok
ucr,123_UCR_Anomaly_ECG4_5000_16800_17100,ECG4,,knn,tuned,"{'w': 50, 'k': 5}",0.40047,0.1321,0.99963,0.1084,18.48,1.8,0.0,195000,1,0.00154,ok
ucr,123_UCR_Anomaly_ECG4_5000_16800_17100,ECG4,,ae,default,,0.34128,0.19695,0.9991,0.11914,12.51,,1677.3,195000,1,0.00154,ok
ucr,123_UCR_Anomaly_ECG4_5000_16800_17100,ECG4,,ae,tuned,"{'w': 50, 'hidden': 32, 'latent': 16}",0.22727,0.10619,0.9994,0.05088,24.77,12.29,0.0,195000,1,0.00154,ok
ucr,126_UCR_Anomaly_ECG4_8000_17000_17100,ECG4,,chronos_small_resid,default,,0.01406,0.01389,0.68429,0.00705,0.31,,1740.0,22000,1,0.00459,ok
ucr,126_UCR_Anomaly_ECG4_8000_17000_17100,ECG4,,chronos_small_quantile,default,,0.03146,0.02482,0.66668,1.0,0.31,,1740.0,22000,1,0.00459,ok
ucr,126_UCR_Anomaly_ECG4_8000_17000_17100,ECG4,,chronos_base_resid,default,,0.0137,0.01338,0.67687,0.00919,0.58,,1970.8,22000,1,0.00459,ok
ucr,126_UCR_Anomaly_ECG4_8000_17000_17100,ECG4,,chronos_base_quantile,default,,0.02201,0.01863,0.66668,1.0,0.58,,1970.8,22000,1,0.00459,ok
ucr,126_UCR_Anomaly_ECG4_8000_17000_17100,ECG4,,timesfm_resid,default,,0.01811,0.01624,0.74515,0.00841,8.03,,2047.4,22000,1,0.00459,ok
ucr,126_UCR_Anomaly_ECG4_8000_17000_17100,ECG4,,timesfm_quantile,default,,0.04414,0.03258,0.73907,1.0,8.03,,2047.4,22000,1,0.00459,ok
ucr,126_UCR_Anomaly_ECG4_8000_17000_17100,ECG4,,tirex_resid,default,,0.00732,0.00846,0.68803,0.00608,12.53,,2034.2,22000,1,0.00459,ok
ucr,126_UCR_Anomaly_ECG4_8000_17000_17100,ECG4,,tirex_quantile,default,,0.00807,0.00908,0.68271,1.0,12.53,,2034.2,22000,1,0.00459,ok
ucr,126_UCR_Anomaly_ECG4_8000_17000_17100,ECG4,,iforest,default,,0.00233,0.00499,0.7736,0.0,2.31,,1594.5,22000,1,0.00459,ok
ucr,126_UCR_Anomaly_ECG4_8000_17000_17100,ECG4,,iforest,tuned,"{'w': 100, 'n_estimators': 200}",0.00233,0.00499,0.7736,0.0,4.12,7.71,0.0,22000,1,0.00459,ok
ucr,126_UCR_Anomaly_ECG4_8000_17000_17100,ECG4,,lof,default,,0.88953,0.73622,0.99884,1.0,0.61,,1594.5,22000,1,0.00459,ok
ucr,126_UCR_Anomaly_ECG4_8000_17000_17100,ECG4,,lof,tuned,"{'w': 200, 'k': 10}",0.96723,0.83884,0.99911,1.0,1.7,2.77,0.0,22000,1,0.00459,ok
ucr,126_UCR_Anomaly_ECG4_8000_17000_17100,ECG4,,knn,default,,0.42642,0.28942,0.99884,0.54167,0.47,,1594.5,22000,1,0.00459,ok
ucr,126_UCR_Anomaly_ECG4_8000_17000_17100,ECG4,,knn,tuned,"{'w': 50, 'k': 3}",0.46441,0.20707,0.99876,0.46349,2.38,2.27,0.0,22000,1,0.00459,ok
ucr,126_UCR_Anomaly_ECG4_8000_17000_17100,ECG4,,ae,default,,0.01059,0.01104,0.71259,0.02824,4.2,,1608.2,22000,1,0.00459,ok
ucr,126_UCR_Anomaly_ECG4_8000_17000_17100,ECG4,,ae,tuned,"{'w': 50, 'hidden': 64, 'latent': 8}",0.21077,0.17927,0.76231,0.3,8.84,18.18,0.0,22000,1,0.00459,ok
ucr,129_UCR_Anomaly_GP711MarkerLFM5z3_5000_5948_5993,GP711MarkerLFM5z3,,chronos_small_resid,default,,0.00581,0.01317,0.68563,0.02078,0.14,,1656.2,7000,1,0.00657,ok
ucr,129_UCR_Anomaly_GP711MarkerLFM5z3_5000_5948_5993,GP711MarkerLFM5z3,,chronos_small_quantile,default,,0.00634,0.00963,0.67417,1.0,0.14,,1656.2,7000,1,0.00657,ok
ucr,129_UCR_Anomaly_GP711MarkerLFM5z3_5000_5948_5993,GP711MarkerLFM5z3,,chronos_base_resid,default,,0.00534,0.01149,0.69347,0.01884,0.44,,1758.1,7000,1,0.00657,ok
ucr,129_UCR_Anomaly_GP711MarkerLFM5z3_5000_5948_5993,GP711MarkerLFM5z3,,chronos_base_quantile,default,,0.00635,0.00952,0.67736,1.0,0.44,,1758.1,7000,1,0.00657,ok
ucr,129_UCR_Anomaly_GP711MarkerLFM5z3_5000_5948_5993,GP711MarkerLFM5z3,,timesfm_resid,default,,0.05406,0.046,0.95543,0.14019,2.72,,2047.4,7000,1,0.00657,ok
ucr,129_UCR_Anomaly_GP711MarkerLFM5z3_5000_5948_5993,GP711MarkerLFM5z3,,timesfm_quantile,default,,0.03717,0.03079,0.6952,1.0,2.72,,2047.4,7000,1,0.00657,ok
ucr,129_UCR_Anomaly_GP711MarkerLFM5z3_5000_5948_5993,GP711MarkerLFM5z3,,tirex_resid,default,,0.0421,0.04406,0.74672,0.11726,6.24,,1786.6,7000,1,0.00657,ok
ucr,129_UCR_Anomaly_GP711MarkerLFM5z3_5000_5948_5993,GP711MarkerLFM5z3,,tirex_quantile,default,,0.01474,0.01759,0.91343,1.0,6.24,,1786.6,7000,1,0.00657,ok
ucr,129_UCR_Anomaly_GP711MarkerLFM5z3_5000_5948_5993,GP711MarkerLFM5z3,,iforest,default,,0.66687,0.55936,0.99818,0.82143,1.32,,1594.5,7000,1,0.00657,ok
ucr,129_UCR_Anomaly_GP711MarkerLFM5z3_5000_5948_5993,GP711MarkerLFM5z3,,iforest,tuned,"{'w': 50, 'n_estimators': 100}",0.11561,0.14083,0.70776,0.29896,1.25,6.9,0.0,7000,1,0.00657,ok
ucr,129_UCR_Anomaly_GP711MarkerLFM5z3_5000_5948_5993,GP711MarkerLFM5z3,,lof,default,,0.90539,0.83794,0.9986,1.0,0.23,,1594.5,7000,1,0.00657,ok
ucr,129_UCR_Anomaly_GP711MarkerLFM5z3_5000_5948_5993,GP711MarkerLFM5z3,,lof,tuned,"{'w': 50, 'k': 30}",0.99726,0.91277,0.99893,1.0,0.89,2.07,0.0,7000,1,0.00657,ok
ucr,129_UCR_Anomaly_GP711MarkerLFM5z3_5000_5948_5993,GP711MarkerLFM5z3,,knn,default,,0.98637,0.9149,0.99884,1.0,0.14,,1594.5,7000,1,0.00657,ok
ucr,129_UCR_Anomaly_GP711MarkerLFM5z3_5000_5948_5993,GP711MarkerLFM5z3,,knn,tuned,"{'w': 50, 'k': 3}",0.90487,0.86335,0.99869,1.0,0.72,1.81,0.0,7000,1,0.00657,ok
ucr,129_UCR_Anomaly_GP711MarkerLFM5z3_5000_5948_5993,GP711MarkerLFM5z3,,ae,default,,0.92826,0.84832,0.99838,1.0,2.0,,1602.1,7000,1,0.00657,ok
ucr,129_UCR_Anomaly_GP711MarkerLFM5z3_5000_5948_5993,GP711MarkerLFM5z3,,ae,tuned,"{'w': 100, 'hidden': 64, 'latent': 8}",0.83459,0.79826,0.99843,1.0,2.48,11.61,0.0,7000,1,0.00657,ok
ucr,132_UCR_Anomaly_InternalBleeding10_3200_4526_4556,InternalBleeding10,,chronos_small_resid,default,,0.00773,0.01301,0.66989,0.02745,0.11,,1632.8,4301,1,0.00721,ok
ucr,132_UCR_Anomaly_InternalBleeding10_3200_4526_4556,InternalBleeding10,,chronos_small_quantile,default,,0.00631,0.01076,0.72871,0.01581,0.11,,1632.8,4301,1,0.00721,ok
ucr,132_UCR_Anomaly_InternalBleeding10_3200_4526_4556,InternalBleeding10,,chronos_base_resid,default,,0.00825,0.01316,0.67836,0.03024,0.19,,1697.2,4301,1,0.00721,ok
ucr,132_UCR_Anomaly_InternalBleeding10_3200_4526_4556,InternalBleeding10,,chronos_base_quantile,default,,0.00681,0.01017,0.68492,1.0,0.19,,1697.2,4301,1,0.00721,ok
ucr,132_UCR_Anomaly_InternalBleeding10_3200_4526_4556,InternalBleeding10,,timesfm_resid,default,,0.01821,0.03435,0.9571,0.06885,2.58,,2047.4,4301,1,0.00721,ok
ucr,132_UCR_Anomaly_InternalBleeding10_3200_4526_4556,InternalBleeding10,,timesfm_quantile,default,,0.00732,0.01266,0.71548,1.0,2.58,,2047.4,4301,1,0.00721,ok
ucr,132_UCR_Anomaly_InternalBleeding10_3200_4526_4556,InternalBleeding10,,tirex_resid,default,,0.00975,0.03727,0.73512,0.031,5.42,,1712.7,4301,1,0.00721,ok
ucr,132_UCR_Anomaly_InternalBleeding10_3200_4526_4556,InternalBleeding10,,tirex_quantile,default,,0.01028,0.02555,0.7377,1.0,5.42,,1712.7,4301,1,0.00721,ok
ucr,132_UCR_Anomaly_InternalBleeding10_3200_4526_4556,InternalBleeding10,,iforest,default,,0.018,0.02713,0.67605,0.18182,1.16,,1594.5,4301,1,0.00721,ok
ucr,132_UCR_Anomaly_InternalBleeding10_3200_4526_4556,InternalBleeding10,,iforest,tuned,"{'w': 50, 'n_estimators': 200}",0.00717,0.0107,0.66887,0.05172,1.86,5.84,0.0,4301,1,0.00721,ok
ucr,132_UCR_Anomaly_InternalBleeding10_3200_4526_4556,InternalBleeding10,,lof,default,,0.01979,0.02772,0.66148,0.22222,0.15,,1594.5,4301,1,0.00721,ok
ucr,132_UCR_Anomaly_InternalBleeding10_3200_4526_4556,InternalBleeding10,,lof,tuned,"{'w': 50, 'k': 50}",0.44608,0.42352,0.99762,0.79167,0.59,1.83,0.0,4301,1,0.00721,ok
ucr,132_UCR_Anomaly_InternalBleeding10_3200_4526_4556,InternalBleeding10,,knn,default,,0.8737,0.83066,0.99846,1.0,0.09,,1594.5,4301,1,0.00721,ok
ucr,132_UCR_Anomaly_InternalBleeding10_3200_4526_4556,InternalBleeding10,,knn,tuned,"{'w': 100, 'k': 5}",0.8737,0.83066,0.99846,1.0,0.49,1.64,0.0,4301,1,0.00721,ok
ucr,132_UCR_Anomaly_InternalBleeding10_3200_4526_4556,InternalBleeding10,,ae,default,,0.03469,0.04824,0.6653,0.22421,1.33,,1600.8,4301,1,0.00721,ok
ucr,132_UCR_Anomaly_InternalBleeding10_3200_4526_4556,InternalBleeding10,,ae,tuned,"{'w': 50, 'hidden': 32, 'latent': 16}",0.42079,0.45638,0.9956,0.65278,3.45,7.22,0.0,4301,1,0.00721,ok
ucr,135_UCR_Anomaly_InternalBleeding16_1200_4187_4199,InternalBleeding16,,chronos_small_resid,default,,0.00208,0.00291,0.67719,0.02138,0.22,,1650.0,6301,1,0.00206,ok
ucr,135_UCR_Anomaly_InternalBleeding16_1200_4187_4199,InternalBleeding16,,chronos_small_quantile,default,,0.00874,0.00691,0.73701,1.0,0.22,,1650.0,6301,1,0.00206,ok
ucr,135_UCR_Anomaly_InternalBleeding16_1200_4187_4199,InternalBleeding16,,chronos_base_resid,default,,0.00282,0.00351,0.72681,0.03277,0.38,,1745.0,6301,1,0.00206,ok
ucr,135_UCR_Anomaly_InternalBleeding16_1200_4187_4199,InternalBleeding16,,chronos_base_quantile,default,,0.00194,0.00286,0.75648,1.0,0.38,,1745.0,6301,1,0.00206,ok
ucr,135_UCR_Anomaly_InternalBleeding16_1200_4187_4199,InternalBleeding16,,timesfm_resid,default,,0.01882,0.01411,0.75794,0.15203,2.7,,2047.4,6301,1,0.00206,ok
ucr,135_UCR_Anomaly_InternalBleeding16_1200_4187_4199,InternalBleeding16,,timesfm_quantile,default,,0.13772,0.06467,0.80406,1.0,2.7,,2047.4,6301,1,0.00206,ok
ucr,135_UCR_Anomaly_InternalBleeding16_1200_4187_4199,InternalBleeding16,,tirex_resid,default,,0.02047,0.01557,0.6646,0.16209,6.32,,1766.2,6301,1,0.00206,ok
ucr,135_UCR_Anomaly_InternalBleeding16_1200_4187_4199,InternalBleeding16,,tirex_quantile,default,,0.00582,0.00525,0.6958,1.0,6.32,,1766.2,6301,1,0.00206,ok
ucr,135_UCR_Anomaly_InternalBleeding16_1200_4187_4199,InternalBleeding16,,iforest,default,,0.00839,0.01137,0.66582,0.15385,1.26,,1594.5,6301,1,0.00206,ok
ucr,135_UCR_Anomaly_InternalBleeding16_1200_4187_4199,InternalBleeding16,,lof,default,,0.01135,0.0155,0.68252,0.07415,0.14,,1594.5,6301,1,0.00206,ok
ucr,135_UCR_Anomaly_InternalBleeding16_1200_4187_4199,InternalBleeding16,,knn,default,,0.05987,0.08172,0.68241,0.58333,0.11,,1594.5,6301,1,0.00206,ok
ucr,135_UCR_Anomaly_InternalBleeding16_1200_4187_4199,InternalBleeding16,,ae,default,,0.01693,0.03088,0.73579,0.16667,0.77,,1601.5,6301,1,0.00206,ok
ucr,138_UCR_Anomaly_InternalBleeding19_3000_4187_4197,InternalBleeding19,,chronos_small_resid,default,,0.00473,0.00507,0.67476,0.04842,0.25,,1634.3,4500,1,0.00244,ok
ucr,138_UCR_Anomaly_InternalBleeding19_3000_4187_4197,InternalBleeding19,,chronos_small_quantile,default,,0.03383,0.02457,0.77055,0.11617,0.25,,1634.3,4500,1,0.00244,ok
ucr,138_UCR_Anomaly_InternalBleeding19_3000_4187_4197,InternalBleeding19,,chronos_base_resid,default,,0.00794,0.00791,0.68096,0.07066,0.37,,1700.1,4500,1,0.00244,ok
ucr,138_UCR_Anomaly_InternalBleeding19_3000_4187_4197,InternalBleeding19,,chronos_base_quantile,default,,0.00635,0.00615,0.74493,1.0,0.37,,1700.1,4500,1,0.00244,ok
ucr,138_UCR_Anomaly_InternalBleeding19_3000_4187_4197,InternalBleeding19,,timesfm_resid,default,,0.67045,0.20218,0.99966,0.27679,2.74,,2047.4,4500,1,0.00244,ok
ucr,138_UCR_Anomaly_InternalBleeding19_3000_4187_4197,InternalBleeding19,,timesfm_quantile,default,,0.69319,0.2372,0.99966,1.0,2.74,,2047.4,4500,1,0.00244,ok
ucr,138_UCR_Anomaly_InternalBleeding19_3000_4187_4197,InternalBleeding19,,tirex_resid,default,,0.6211,0.19875,0.9996,0.54167,6.29,,1718.0,4500,1,0.00244,ok
ucr,138_UCR_Anomaly_InternalBleeding19_3000_4187_4197,InternalBleeding19,,tirex_quantile,default,,0.33429,0.12116,0.81208,1.0,6.29,,1718.0,4500,1,0.00244,ok
ucr,138_UCR_Anomaly_InternalBleeding19_3000_4187_4197,InternalBleeding19,,iforest,default,,0.01048,0.01466,0.66053,0.2,1.36,,1594.5,4500,1,0.00244,ok
ucr,138_UCR_Anomaly_InternalBleeding19_3000_4187_4197,InternalBleeding19,,iforest,tuned,"{'w': 50, 'n_estimators': 200}",0.00875,0.01126,0.66307,0.17179,1.68,6.35,0.0,4500,1,0.00244,ok
ucr,138_UCR_Anomaly_InternalBleeding19_3000_4187_4197,InternalBleeding19,,lof,default,,0.95195,0.64335,0.99975,1.0,0.3,,1594.5,4500,1,0.00244,ok
ucr,138_UCR_Anomaly_InternalBleeding19_3000_4187_4197,InternalBleeding19,,lof,tuned,"{'w': 50, 'k': 50}",1.0,0.65139,0.99968,1.0,0.73,1.86,0.0,4500,1,0.00244,ok
ucr,138_UCR_Anomaly_InternalBleeding19_3000_4187_4197,InternalBleeding19,,knn,default,,0.78355,0.58994,0.99963,1.0,0.08,,1594.5,4500,1,0.00244,ok
ucr,138_UCR_Anomaly_InternalBleeding19_3000_4187_4197,InternalBleeding19,,knn,tuned,"{'w': 200, 'k': 1}",0.94129,0.71356,0.99971,1.0,0.47,1.52,0.0,4500,1,0.00244,ok
ucr,138_UCR_Anomaly_InternalBleeding19_3000_4187_4197,InternalBleeding19,,ae,default,,0.16835,0.24696,0.99622,1.0,1.4,,1600.9,4500,1,0.00244,ok
ucr,138_UCR_Anomaly_InternalBleeding19_3000_4187_4197,InternalBleeding19,,ae,tuned,"{'w': 200, 'hidden': 32, 'latent': 16}",0.00651,0.00946,0.65767,0.33333,1.55,8.22,0.0,4500,1,0.00244,ok
ucr,141_UCR_Anomaly_InternalBleeding5_4000_6200_6370,InternalBleeding5,,chronos_small_resid,default,,0.22497,0.20455,0.81048,0.1812,0.13,,1625.1,3415,1,0.05007,ok
ucr,141_UCR_Anomaly_InternalBleeding5_4000_6200_6370,InternalBleeding5,,chronos_small_quantile,default,,0.09147,0.1045,0.71229,1.0,0.13,,1625.1,3415,1,0.05007,ok
ucr,141_UCR_Anomaly_InternalBleeding5_4000_6200_6370,InternalBleeding5,,chronos_base_resid,default,,0.2896,0.23821,0.98429,0.26616,0.21,,1673.7,3415,1,0.05007,ok
ucr,141_UCR_Anomaly_InternalBleeding5_4000_6200_6370,InternalBleeding5,,chronos_base_quantile,default,,0.11534,0.11715,0.71584,1.0,0.21,,1673.7,3415,1,0.05007,ok
ucr,141_UCR_Anomaly_InternalBleeding5_4000_6200_6370,InternalBleeding5,,timesfm_resid,default,,0.48575,0.39576,0.98429,0.38851,1.21,,2047.4,3415,1,0.05007,ok
ucr,141_UCR_Anomaly_InternalBleeding5_4000_6200_6370,InternalBleeding5,,timesfm_quantile,default,,0.27521,0.21929,0.98381,1.0,1.21,,2047.4,3415,1,0.05007,ok
ucr,141_UCR_Anomaly_InternalBleeding5_4000_6200_6370,InternalBleeding5,,tirex_resid,default,,0.247,0.27199,0.94936,0.2433,5.94,,1690.6,3415,1,0.05007,ok
ucr,141_UCR_Anomaly_InternalBleeding5_4000_6200_6370,InternalBleeding5,,tirex_quantile,default,,0.21436,0.18148,0.97932,1.0,5.94,,1690.6,3415,1,0.05007,ok
ucr,141_UCR_Anomaly_InternalBleeding5_4000_6200_6370,InternalBleeding5,,iforest,default,,0.63514,0.49658,0.99185,0.65556,1.27,,1594.5,3415,1,0.05007,ok
ucr,141_UCR_Anomaly_InternalBleeding5_4000_6200_6370,InternalBleeding5,,iforest,tuned,"{'w': 50, 'n_estimators': 200}",0.09749,0.10525,0.75485,0.15989,1.45,6.78,0.0,3415,1,0.05007,ok
ucr,141_UCR_Anomaly_InternalBleeding5_4000_6200_6370,InternalBleeding5,,lof,default,,0.74047,0.72143,0.99462,0.82143,0.13,,1594.5,3415,1,0.05007,ok
ucr,141_UCR_Anomaly_InternalBleeding5_4000_6200_6370,InternalBleeding5,,lof,tuned,"{'w': 50, 'k': 50}",0.68147,0.61425,0.99379,0.79167,0.57,2.15,0.0,3415,1,0.05007,ok
ucr,141_UCR_Anomaly_InternalBleeding5_4000_6200_6370,InternalBleeding5,,knn,default,,0.78922,0.7257,0.99087,1.0,0.07,,1594.5,3415,1,0.05007,ok
ucr,141_UCR_Anomaly_InternalBleeding5_4000_6200_6370,InternalBleeding5,,knn,tuned,"{'w': 50, 'k': 5}",0.61477,0.54425,0.98992,0.77381,0.47,1.75,0.0,3415,1,0.05007,ok
ucr,141_UCR_Anomaly_InternalBleeding5_4000_6200_6370,InternalBleeding5,,ae,default,,0.70559,0.69347,0.9875,0.83333,1.74,,1600.6,3415,1,0.05007,ok
ucr,141_UCR_Anomaly_InternalBleeding5_4000_6200_6370,InternalBleeding5,,ae,tuned,"{'w': 100, 'hidden': 32, 'latent': 8}",0.73709,0.68366,0.98948,0.80556,2.11,9.89,0.0,3415,1,0.05007,ok
ucr,144_UCR_Anomaly_InternalBleeding9_4200_6599_6681,InternalBleeding9,,chronos_small_resid,default,,0.01909,0.0324,0.74068,0.00909,0.14,,1624.8,3301,1,0.02514,ok
ucr,144_UCR_Anomaly_InternalBleeding9_4200_6599_6681,InternalBleeding9,,chronos_small_quantile,default,,0.02918,0.04782,0.67118,1.0,0.14,,1624.8,3301,1,0.02514,ok
ucr,144_UCR_Anomaly_InternalBleeding9_4200_6599_6681,InternalBleeding9,,chronos_base_resid,default,,0.02181,0.03653,0.74008,0.01357,0.36,,1671.3,3301,1,0.02514,ok
ucr,144_UCR_Anomaly_InternalBleeding9_4200_6599_6681,InternalBleeding9,,chronos_base_quantile,default,,0.02839,0.04863,0.72942,0.02194,0.36,,1671.3,3301,1,0.02514,ok
ucr,144_UCR_Anomaly_InternalBleeding9_4200_6599_6681,InternalBleeding9,,timesfm_resid,default,,0.01831,0.02766,0.68523,0.01389,1.47,,2047.4,3301,1,0.02514,ok
ucr,144_UCR_Anomaly_InternalBleeding9_4200_6599_6681,InternalBleeding9,,timesfm_quantile,default,,0.02393,0.03579,0.66695,1.0,1.47,,2047.4,3301,1,0.02514,ok
ucr,144_UCR_Anomaly_InternalBleeding9_4200_6599_6681,InternalBleeding9,,tirex_resid,default,,0.03663,0.04485,0.8272,0.05021,6.6,,1684.2,3301,1,0.02514,ok
ucr,144_UCR_Anomaly_InternalBleeding9_4200_6599_6681,InternalBleeding9,,tirex_quantile,default,,0.02514,0.03755,0.68692,1.0,6.6,,1684.2,3301,1,0.02514,ok
ucr,144_UCR_Anomaly_InternalBleeding9_4200_6599_6681,InternalBleeding9,,iforest,default,,0.01314,0.02235,0.82369,0.0,1.18,,1594.5,3301,1,0.02514,ok
ucr,144_UCR_Anomaly_InternalBleeding9_4200_6599_6681,InternalBleeding9,,iforest,tuned,"{'w': 100, 'n_estimators': 100}",0.01316,0.02245,0.8249,0.0,1.06,6.45,0.0,3301,1,0.02514,ok
ucr,144_UCR_Anomaly_InternalBleeding9_4200_6599_6681,InternalBleeding9,,lof,default,,0.01686,0.025,0.81208,0.0,0.15,,1594.5,3301,1,0.02514,ok
ucr,144_UCR_Anomaly_InternalBleeding9_4200_6599_6681,InternalBleeding9,,lof,tuned,"{'w': 200, 'k': 10}",0.01518,0.02213,0.64766,0.0,0.49,2.32,0.0,3301,1,0.02514,ok
ucr,144_UCR_Anomaly_InternalBleeding9_4200_6599_6681,InternalBleeding9,,knn,default,,0.0174,0.02956,0.82851,0.03125,0.08,,1594.5,3301,1,0.02514,ok
ucr,144_UCR_Anomaly_InternalBleeding9_4200_6599_6681,InternalBleeding9,,knn,tuned,"{'w': 50, 'k': 3}",0.05871,0.07999,0.66928,0.23465,0.45,2.07,0.0,3301,1,0.02514,ok
ucr,144_UCR_Anomaly_InternalBleeding9_4200_6599_6681,InternalBleeding9,,ae,default,,0.01296,0.02134,0.81642,0.0,2.06,,1599.8,3301,1,0.02514,ok
ucr,144_UCR_Anomaly_InternalBleeding9_4200_6599_6681,InternalBleeding9,,ae,tuned,"{'w': 200, 'hidden': 32, 'latent': 16}",0.01348,0.0211,0.65058,0.0,1.43,11.76,0.0,3301,1,0.02514,ok
ucr,147_UCR_Anomaly_Lab2Cmac011215EPG3_5000_16390_16420,Lab2Cmac011215EPG3,,chronos_small_resid,default,,0.00299,0.00378,0.71464,0.00326,0.5,,1740.0,24950,1,0.00124,ok
ucr,147_UCR_Anomaly_Lab2Cmac011215EPG3_5000_16390_16420,Lab2Cmac011215EPG3,,chronos_small_quantile,default,,0.00439,0.005,0.73363,1.0,0.5,,1740.0,24950,1,0.00124,ok
ucr,147_UCR_Anomaly_Lab2Cmac011215EPG3_5000_16390_16420,Lab2Cmac011215EPG3,,chronos_base_resid,default,,0.0026,0.00357,0.80868,0.0025,0.74,,1970.8,24950,1,0.00124,ok
ucr,147_UCR_Anomaly_Lab2Cmac011215EPG3_5000_16390_16420,Lab2Cmac011215EPG3,,chronos_base_quantile,default,,0.00372,0.00469,0.76893,1.0,0.74,,1970.8,24950,1,0.00124,ok
ucr,147_UCR_Anomaly_Lab2Cmac011215EPG3_5000_16390_16420,Lab2Cmac011215EPG3,,timesfm_resid,default,,0.00585,0.00596,0.67247,0.00736,8.76,,2047.4,24950,1,0.00124,ok
ucr,147_UCR_Anomaly_Lab2Cmac011215EPG3_5000_16390_16420,Lab2Cmac011215EPG3,,timesfm_quantile,default,,0.00557,0.00569,0.668,1.0,8.76,,2047.4,24950,1,0.00124,ok
ucr,147_UCR_Anomaly_Lab2Cmac011215EPG3_5000_16390_16420,Lab2Cmac011215EPG3,,tirex_resid,default,,0.00669,0.00579,0.66659,0.00708,11.18,,2034.2,24950,1,0.00124,ok
ucr,147_UCR_Anomaly_Lab2Cmac011215EPG3_5000_16390_16420,Lab2Cmac011215EPG3,,tirex_quantile,default,,0.00387,0.00424,0.668,1.0,11.18,,2034.2,24950,1,0.00124,ok
ucr,147_UCR_Anomaly_Lab2Cmac011215EPG3_5000_16390_16420,Lab2Cmac011215EPG3,,iforest,default,,0.96945,0.25018,0.99989,0.66667,2.35,,1594.5,24950,1,0.00124,ok
ucr,147_UCR_Anomaly_Lab2Cmac011215EPG3_5000_16390_16420,Lab2Cmac011215EPG3,,iforest,tuned,"{'w': 50, 'n_estimators': 100}",1.0,0.29269,0.99989,0.33333,3.26,6.87,0.0,24950,1,0.00124,ok
ucr,147_UCR_Anomaly_Lab2Cmac011215EPG3_5000_16390_16420,Lab2Cmac011215EPG3,,lof,default,,0.75811,0.34335,0.9996,0.66667,0.65,,1594.5,24950,1,0.00124,ok
ucr,147_UCR_Anomaly_Lab2Cmac011215EPG3_5000_16390_16420,Lab2Cmac011215EPG3,,lof,tuned,"{'w': 50, 'k': 30}",0.97187,0.33987,0.99988,0.5,2.47,2.12,0.0,24950,1,0.00124,ok
ucr,147_UCR_Anomaly_Lab2Cmac011215EPG3_5000_16390_16420,Lab2Cmac011215EPG3,,knn,default,,0.19175,0.25773,0.76145,0.66667,0.43,,1594.5,24950,1,0.00124,ok
ucr,147_UCR_Anomaly_Lab2Cmac011215EPG3_5000_16390_16420,Lab2Cmac011215EPG3,,knn,tuned,"{'w': 50, 'k': 3}",0.97847,0.31102,0.99986,0.5,2.46,2.07,0.0,24950,1,0.00124,ok
ucr,147_UCR_Anomaly_Lab2Cmac011215EPG3_5000_16390_16420,Lab2Cmac011215EPG3,,ae,default,,0.79684,0.3321,0.99964,0.66667,3.02,,1609.2,24950,1,0.00124,ok
ucr,147_UCR_Anomaly_Lab2Cmac011215EPG3_5000_16390_16420,Lab2Cmac011215EPG3,,ae,tuned,"{'w': 50, 'hidden': 64, 'latent': 8}",0.95503,0.32337,0.99985,0.33333,7.05,13.17,0.0,24950,1,0.00124,ok
ucr,150_UCR_Anomaly_Lab2Cmac011215EPG6_7000_12190_12420,Lab2Cmac011215EPG6,,chronos_small_resid,default,,0.00674,0.01013,0.6676,0.00062,0.53,,1740.0,22859,1,0.01011,ok
ucr,150_UCR_Anomaly_Lab2Cmac011215EPG6_7000_12190_12420,Lab2Cmac011215EPG6,,chronos_small_quantile,default,,0.00901,0.01301,0.68829,1.0,0.53,,1740.0,22859,1,0.01011,ok
ucr,150_UCR_Anomaly_Lab2Cmac011215EPG6_7000_12190_12420,Lab2Cmac011215EPG6,,chronos_base_resid,default,,0.00696,0.01066,0.65965,0.00047,0.74,,1970.8,22859,1,0.01011,ok
ucr,150_UCR_Anomaly_Lab2Cmac011215EPG6_7000_12190_12420,Lab2Cmac011215EPG6,,chronos_base_quantile,default,,0.00982,0.01346,0.66671,1.0,0.74,,1970.8,22859,1,0.01011,ok
ucr,150_UCR_Anomaly_Lab2Cmac011215EPG6_7000_12190_12420,Lab2Cmac011215EPG6,,timesfm_resid,default,,0.00693,0.01073,0.66065,0.00039,8.32,,2047.4,22859,1,0.01011,ok
ucr,150_UCR_Anomaly_Lab2Cmac011215EPG6_7000_12190_12420,Lab2Cmac011215EPG6,,timesfm_quantile,default,,0.01011,0.01416,0.66671,1.0,8.32,,2047.4,22859,1,0.01011,ok
ucr,150_UCR_Anomaly_Lab2Cmac011215EPG6_7000_12190_12420,Lab2Cmac011215EPG6,,tirex_resid,default,,0.00691,0.01076,0.65899,0.00049,12.47,,2034.2,22859,1,0.01011,ok
ucr,150_UCR_Anomaly_Lab2Cmac011215EPG6_7000_12190_12420,Lab2Cmac011215EPG6,,tirex_quantile,default,,0.00949,0.01652,0.67611,1.0,12.47,,2034.2,22859,1,0.01011,ok
ucr,150_UCR_Anomaly_Lab2Cmac011215EPG6_7000_12190_12420,Lab2Cmac011215EPG6,,iforest,default,,0.00509,0.00924,0.62898,0.0,2.45,,1594.5,22859,1,0.01011,ok
ucr,150_UCR_Anomaly_Lab2Cmac011215EPG6_7000_12190_12420,Lab2Cmac011215EPG6,,iforest,tuned,"{'w': 50, 'n_estimators': 100}",0.00509,0.00898,0.6228,0.0,3.14,7.04,0.0,22859,1,0.01011,ok
ucr,150_UCR_Anomaly_Lab2Cmac011215EPG6_7000_12190_12420,Lab2Cmac011215EPG6,,lof,default,,0.00824,0.01095,0.68989,0.02042,0.64,,1594.5,22859,1,0.01011,ok
ucr,150_UCR_Anomaly_Lab2Cmac011215EPG6_7000_12190_12420,Lab2Cmac011215EPG6,,lof,tuned,"{'w': 50, 'k': 30}",0.44347,0.36933,0.79806,0.4375,2.62,2.69,0.0,22859,1,0.01011,ok
ucr,150_UCR_Anomaly_Lab2Cmac011215EPG6_7000_12190_12420,Lab2Cmac011215EPG6,,knn,default,,0.04247,0.03995,0.71469,0.09207,0.46,,1594.5,22859,1,0.01011,ok
ucr,150_UCR_Anomaly_Lab2Cmac011215EPG6_7000_12190_12420,Lab2Cmac011215EPG6,,knn,tuned,"{'w': 50, 'k': 3}",0.45559,0.38089,0.80801,0.475,2.51,2.21,0.0,22859,1,0.01011,ok
ucr,150_UCR_Anomaly_Lab2Cmac011215EPG6_7000_12190_12420,Lab2Cmac011215EPG6,,ae,default,,0.00517,0.00839,0.68087,0.0,3.8,,1608.5,22859,1,0.01011,ok
ucr,150_UCR_Anomaly_Lab2Cmac011215EPG6_7000_12190_12420,Lab2Cmac011215EPG6,,ae,tuned,"{'w': 50, 'hidden': 64, 'latent': 8}",0.00556,0.00814,0.69211,0.0,9.15,16.8,0.0,22859,1,0.01011,ok
ucr,153_UCR_Anomaly_PowerDemand2_14000_23357_23717,PowerDemand2,,chronos_small_resid,default,,0.02245,0.03112,0.66748,0.00934,0.54,,1734.0,15931,1,0.02266,ok
ucr,153_UCR_Anomaly_PowerDemand2_14000_23357_23717,PowerDemand2,,chronos_small_quantile,default,,0.0235,0.03392,0.71697,1.0,0.54,,1734.0,15931,1,0.02266,ok
ucr,153_UCR_Anomaly_PowerDemand2_14000_23357_23717,PowerDemand2,,chronos_base_resid,default,,0.0223,0.03087,0.67273,0.0085,0.61,,1959.5,15931,1,0.02266,ok
ucr,153_UCR_Anomaly_PowerDemand2_14000_23357_23717,PowerDemand2,,chronos_base_quantile,default,,0.02325,0.03307,0.71904,1.0,0.61,,1959.5,15931,1,0.02266,ok
ucr,153_UCR_Anomaly_PowerDemand2_14000_23357_23717,PowerDemand2,,timesfm_resid,default,,0.02201,0.0284,0.66645,0.00744,6.07,,2047.4,15931,1,0.02266,ok
ucr,153_UCR_Anomaly_PowerDemand2_14000_23357_23717,PowerDemand2,,timesfm_quantile,default,,0.02292,0.03192,0.72734,1.0,6.07,,2047.4,15931,1,0.02266,ok
ucr,153_UCR_Anomaly_PowerDemand2_14000_23357_23717,PowerDemand2,,tirex_resid,default,,0.01951,0.02621,0.65949,0.006,7.26,,2022.2,15931,1,0.02266,ok
ucr,153_UCR_Anomaly_PowerDemand2_14000_23357_23717,PowerDemand2,,tirex_quantile,default,,0.04383,0.05683,0.75875,1.0,7.26,,2022.2,15931,1,0.02266,ok
ucr,153_UCR_Anomaly_PowerDemand2_14000_23357_23717,PowerDemand2,,iforest,default,,0.01165,0.01605,0.63299,0.0,1.92,,1594.5,15931,1,0.02266,ok
ucr,153_UCR_Anomaly_PowerDemand2_14000_23357_23717,PowerDemand2,,iforest,tuned,"{'w': 100, 'n_estimators': 100}",0.0116,0.01611,0.63336,0.0,1.95,9.44,0.0,15931,1,0.02266,ok
ucr,153_UCR_Anomaly_PowerDemand2_14000_23357_23717,PowerDemand2,,lof,default,,0.01912,0.02404,0.65296,0.04083,0.59,,1594.5,15931,1,0.02266,ok
ucr,153_UCR_Anomaly_PowerDemand2_14000_23357_23717,PowerDemand2,,lof,tuned,"{'w': 100, 'k': 30}",0.02642,0.03233,0.66714,0.07895,1.5,4.06,0.0,15931,1,0.02266,ok
ucr,153_UCR_Anomaly_PowerDemand2_14000_23357_23717,PowerDemand2,,knn,default,,0.13791,0.14471,0.71925,0.25081,0.4,,1594.5,15931,1,0.02266,ok
ucr,153_UCR_Anomaly_PowerDemand2_14000_23357_23717,PowerDemand2,,knn,tuned,"{'w': 100, 'k': 3}",0.15487,0.15986,0.72363,0.26984,1.55,2.76,0.0,15931,1,0.02266,ok
ucr,153_UCR_Anomaly_PowerDemand2_14000_23357_23717,PowerDemand2,,ae,default,,0.05391,0.05685,0.70181,0.11878,5.46,,1606.6,15931,1,0.02266,ok
ucr,153_UCR_Anomaly_PowerDemand2_14000_23357_23717,PowerDemand2,,ae,tuned,"{'w': 100, 'hidden': 64, 'latent': 8}",0.02765,0.03136,0.68627,0.03984,6.54,30.93,0.0,15931,1,0.02266,ok
ucr,156_UCR_Anomaly_TkeepFifthMARS_3500_5988_6085,TkeepFifthMARS,,chronos_small_resid,default,,0.06601,0.10907,0.97851,0.09553,0.23,,1663.9,7834,1,0.01251,ok
ucr,156_UCR_Anomaly_TkeepFifthMARS_3500_5988_6085,TkeepFifthMARS,,chronos_small_quantile,default,,0.06013,0.10555,0.98203,1.0,0.23,,1663.9,7834,1,0.01251,ok
ucr,156_UCR_Anomaly_TkeepFifthMARS_3500_5988_6085,TkeepFifthMARS,,chronos_base_resid,default,,0.09009,0.1272,0.97539,0.14943,0.5,,1775.7,7834,1,0.01251,ok
ucr,156_UCR_Anomaly_TkeepFifthMARS_3500_5988_6085,TkeepFifthMARS,,chronos_base_quantile,default,,0.046,0.09862,0.98363,1.0,0.5,,1775.7,7834,1,0.01251,ok
ucr,156_UCR_Anomaly_TkeepFifthMARS_3500_5988_6085,TkeepFifthMARS,,timesfm_resid,default,,0.09301,0.15519,0.98946,0.12,2.24,,2047.4,7834,1,0.01251,ok
ucr,156_UCR_Anomaly_TkeepFifthMARS_3500_5988_6085,TkeepFifthMARS,,timesfm_quantile,default,,0.04912,0.14112,0.98162,1.0,2.24,,2047.4,7834,1,0.01251,ok
ucr,156_UCR_Anomaly_TkeepFifthMARS_3500_5988_6085,TkeepFifthMARS,,tirex_resid,default,,0.05024,0.09601,0.97208,0.10905,5.75,,1807.7,7834,1,0.01251,ok
ucr,156_UCR_Anomaly_TkeepFifthMARS_3500_5988_6085,TkeepFifthMARS,,tirex_quantile,default,,0.05163,0.10893,0.98187,1.0,5.75,,1807.7,7834,1,0.01251,ok
ucr,156_UCR_Anomaly_TkeepFifthMARS_3500_5988_6085,TkeepFifthMARS,,iforest,default,,0.00682,0.01081,0.45898,0.0,1.49,,1594.5,7834,1,0.01251,ok
ucr,156_UCR_Anomaly_TkeepFifthMARS_3500_5988_6085,TkeepFifthMARS,,iforest,tuned,"{'w': 100, 'n_estimators': 200}",0.00682,0.01081,0.45898,0.0,2.27,6.64,0.0,7834,1,0.01251,ok
ucr,156_UCR_Anomaly_TkeepFifthMARS_3500_5988_6085,TkeepFifthMARS,,lof,default,,0.99402,0.83563,0.99972,1.0,0.23,,1594.5,7834,1,0.01251,ok
ucr,156_UCR_Anomaly_TkeepFifthMARS_3500_5988_6085,TkeepFifthMARS,,lof,tuned,"{'w': 100, 'k': 30}",0.99121,0.86284,0.99967,1.0,0.95,2.25,0.0,7834,1,0.01251,ok
ucr,156_UCR_Anomaly_TkeepFifthMARS_3500_5988_6085,TkeepFifthMARS,,knn,default,,0.93269,0.82911,0.99878,1.0,0.15,,1594.5,7834,1,0.01251,ok
ucr,156_UCR_Anomaly_TkeepFifthMARS_3500_5988_6085,TkeepFifthMARS,,knn,tuned,"{'w': 50, 'k': 3}",0.09968,0.29313,0.98443,0.44048,0.95,1.74,0.0,7834,1,0.01251,ok
ucr,156_UCR_Anomaly_TkeepFifthMARS_3500_5988_6085,TkeepFifthMARS,,ae,default,,0.98716,0.78448,0.99964,1.0,1.74,,1602.3,7834,1,0.01251,ok
ucr,156_UCR_Anomaly_TkeepFifthMARS_3500_5988_6085,TkeepFifthMARS,,ae,tuned,"{'w': 100, 'hidden': 32, 'latent': 8}",0.9946,0.74988,0.99969,1.0,2.27,8.65,0.0,7834,1,0.01251,ok
ucr,159_UCR_Anomaly_TkeepSecondMARS_3500_9330_9340,TkeepSecondMARS,,chronos_small_resid,default,,0.00415,0.00443,0.90393,0.01331,0.2,,1664.0,7888,1,0.00139,ok
ucr,159_UCR_Anomaly_TkeepSecondMARS_3500_9330_9340,TkeepSecondMARS,,chronos_small_quantile,default,,0.00488,0.00494,0.98365,1.0,0.2,,1664.0,7888,1,0.00139,ok
ucr,159_UCR_Anomaly_TkeepSecondMARS_3500_9330_9340,TkeepSecondMARS,,chronos_base_resid,default,,0.00318,0.00327,0.98085,0.01247,0.38,,1776.4,7888,1,0.00139,ok
ucr,159_UCR_Anomaly_TkeepSecondMARS_3500_9330_9340,TkeepSecondMARS,,chronos_base_quantile,default,,0.00481,0.00467,0.9839,1.0,0.38,,1776.4,7888,1,0.00139,ok
ucr,159_UCR_Anomaly_TkeepSecondMARS_3500_9330_9340,TkeepSecondMARS,,timesfm_resid,default,,0.03303,0.02826,0.98136,0.1842,2.73,,2047.4,7888,1,0.00139,ok
ucr,159_UCR_Anomaly_TkeepSecondMARS_3500_9330_9340,TkeepSecondMARS,,timesfm_quantile,default,,0.07522,0.05808,0.98365,1.0,2.73,,2047.4,7888,1,0.00139,ok
ucr,159_UCR_Anomaly_TkeepSecondMARS_3500_9330_9340,TkeepSecondMARS,,tirex_resid,default,,0.03365,0.03412,0.9806,0.20091,5.68,,1808.1,7888,1,0.00139,ok
ucr,159_UCR_Anomaly_TkeepSecondMARS_3500_9330_9340,TkeepSecondMARS,,tirex_quantile,default,,0.06291,0.05895,0.98365,1.0,5.68,,1808.1,7888,1,0.00139,ok
ucr,159_UCR_Anomaly_TkeepSecondMARS_3500_9330_9340,TkeepSecondMARS,,iforest,default,,0.05775,0.09313,0.98314,0.33333,1.51,,1594.5,7888,1,0.00139,ok
ucr,159_UCR_Anomaly_TkeepSecondMARS_3500_9330_9340,TkeepSecondMARS,,iforest,tuned,"{'w': 100, 'n_estimators': 200}",0.05775,0.09313,0.98314,0.33333,2.11,6.47,0.0,7888,1,0.00139,ok
ucr,159_UCR_Anomaly_TkeepSecondMARS_3500_9330_9340,TkeepSecondMARS,,lof,default,,0.87576,0.40026,0.99986,1.0,0.23,,1594.5,7888,1,0.00139,ok
ucr,159_UCR_Anomaly_TkeepSecondMARS_3500_9330_9340,TkeepSecondMARS,,lof,tuned,"{'w': 100, 'k': 30}",0.9,0.4045,0.99986,1.0,0.94,1.99,0.0,7888,1,0.00139,ok
ucr,159_UCR_Anomaly_TkeepSecondMARS_3500_9330_9340,TkeepSecondMARS,,knn,default,,0.97576,0.46249,0.99986,1.0,0.15,,1594.5,7888,1,0.00139,ok
ucr,159_UCR_Anomaly_TkeepSecondMARS_3500_9330_9340,TkeepSecondMARS,,knn,tuned,"{'w': 50, 'k': 3}",0.99242,0.2872,0.99986,1.0,1.0,1.67,0.0,7888,1,0.00139,ok
ucr,159_UCR_Anomaly_TkeepSecondMARS_3500_9330_9340,TkeepSecondMARS,,ae,default,,0.94367,0.39957,0.99986,1.0,1.68,,1602.3,7888,1,0.00139,ok
ucr,159_UCR_Anomaly_TkeepSecondMARS_3500_9330_9340,TkeepSecondMARS,,ae,tuned,"{'w': 100, 'hidden': 32, 'latent': 8}",0.95965,0.42216,0.99986,1.0,2.28,8.83,0.0,7888,1,0.00139,ok
ucr,162_UCR_Anomaly_WalkingAceleration5_2700_5920_5979,WalkingAceleration5,,chronos_small_resid,default,,0.20173,0.20942,0.92344,0.11527,0.14,,1629.8,3984,1,0.01506,ok
ucr,162_UCR_Anomaly_WalkingAceleration5_2700_5920_5979,WalkingAceleration5,,chronos_small_quantile,default,,0.12685,0.10631,0.92344,1.0,0.14,,1629.8,3984,1,0.01506,ok
ucr,162_UCR_Anomaly_WalkingAceleration5_2700_5920_5979,WalkingAceleration5,,chronos_base_resid,default,,0.19271,0.19755,0.92567,0.10618,0.31,,1686.9,3984,1,0.01506,ok
ucr,162_UCR_Anomaly_WalkingAceleration5_2700_5920_5979,WalkingAceleration5,,chronos_base_quantile,default,,0.08875,0.07941,0.92344,1.0,0.31,,1686.9,3984,1,0.01506,ok
ucr,162_UCR_Anomaly_WalkingAceleration5_2700_5920_5979,WalkingAceleration5,,timesfm_resid,default,,0.20828,0.20505,0.92344,0.10907,1.29,,2047.4,3984,1,0.01506,ok
ucr,162_UCR_Anomaly_WalkingAceleration5_2700_5920_5979,WalkingAceleration5,,timesfm_quantile,default,,0.3341,0.28083,0.95888,1.0,1.29,,2047.4,3984,1,0.01506,ok
ucr,162_UCR_Anomaly_WalkingAceleration5_2700_5920_5979,WalkingAceleration5,,tirex_resid,default,,0.14556,0.15005,0.92344,0.08134,5.99,,1704.5,3984,1,0.01506,ok
ucr,162_UCR_Anomaly_WalkingAceleration5_2700_5920_5979,WalkingAceleration5,,tirex_quantile,default,,0.12355,0.12314,0.92344,1.0,5.99,,1704.5,3984,1,0.01506,ok
ucr,162_UCR_Anomaly_WalkingAceleration5_2700_5920_5979,WalkingAceleration5,,iforest,default,,0.99418,0.95804,0.99936,1.0,1.2,,1594.5,3984,1,0.01506,ok
ucr,162_UCR_Anomaly_WalkingAceleration5_2700_5920_5979,WalkingAceleration5,,iforest,tuned,"{'w': 50, 'n_estimators': 200}",0.99918,0.90376,0.99938,1.0,1.64,6.19,0.0,3984,1,0.01506,ok
ucr,162_UCR_Anomaly_WalkingAceleration5_2700_5920_5979,WalkingAceleration5,,lof,default,,0.9918,0.95346,0.99933,1.0,0.15,,1594.5,3984,1,0.01506,ok
ucr,162_UCR_Anomaly_WalkingAceleration5_2700_5920_5979,WalkingAceleration5,,lof,tuned,"{'w': 200, 'k': 10}",1.0,0.96197,0.9994,1.0,0.44,1.84,0.0,3984,1,0.01506,ok
ucr,162_UCR_Anomaly_WalkingAceleration5_2700_5920_5979,WalkingAceleration5,,knn,default,,0.99367,0.95702,0.99933,1.0,0.08,,1594.5,3984,1,0.01506,ok
ucr,162_UCR_Anomaly_WalkingAceleration5_2700_5920_5979,WalkingAceleration5,,knn,tuned,"{'w': 50, 'k': 5}",0.99838,0.90931,0.99939,1.0,0.49,1.5,0.0,3984,1,0.01506,ok
ucr,162_UCR_Anomaly_WalkingAceleration5_2700_5920_5979,WalkingAceleration5,,ae,default,,0.99257,0.95769,0.99929,1.0,1.23,,1600.7,3984,1,0.01506,ok
ucr,162_UCR_Anomaly_WalkingAceleration5_2700_5920_5979,WalkingAceleration5,,ae,tuned,"{'w': 200, 'hidden': 32, 'latent': 16}",0.99918,0.94767,0.99938,1.0,1.3,7.55,0.0,3984,1,0.01506,ok
ucr,165_UCR_Anomaly_apneaecg4_6000_16000_16100,apneaecg4,,chronos_small_resid,default,,0.00215,0.00345,0.66853,0.00097,0.6,,1740.0,32269,1,0.00313,ok
ucr,165_UCR_Anomaly_apneaecg4_6000_16000_16100,apneaecg4,,chronos_small_quantile,default,,0.00313,0.00457,0.68436,1.0,0.6,,1740.0,32269,1,0.00313,ok
ucr,165_UCR_Anomaly_apneaecg4_6000_16000_16100,apneaecg4,,chronos_base_resid,default,,0.00211,0.00351,0.66718,0.00101,0.73,,1970.8,32269,1,0.00313,ok
ucr,165_UCR_Anomaly_apneaecg4_6000_16000_16100,apneaecg4,,chronos_base_quantile,default,,0.00313,0.00459,0.67913,1.0,0.73,,1970.8,32269,1,0.00313,ok
ucr,165_UCR_Anomaly_apneaecg4_6000_16000_16100,apneaecg4,,timesfm_resid,default,,0.00212,0.00344,0.6705,0.0005,10.25,,2047.4,32269,1,0.00313,ok
ucr,165_UCR_Anomaly_apneaecg4_6000_16000_16100,apneaecg4,,timesfm_quantile,default,,0.00313,0.00449,0.72003,1.0,10.25,,2047.4,32269,1,0.00313,ok
ucr,165_UCR_Anomaly_apneaecg4_6000_16000_16100,apneaecg4,,tirex_resid,default,,0.00265,0.00399,0.67173,0.00098,11.31,,2034.2,32269,1,0.00313,ok
ucr,165_UCR_Anomaly_apneaecg4_6000_16000_16100,apneaecg4,,tirex_quantile,default,,0.00313,0.00459,0.66901,1.0,11.31,,2034.2,32269,1,0.00313,ok
ucr,165_UCR_Anomaly_apneaecg4_6000_16000_16100,apneaecg4,,iforest,default,,0.00158,0.00415,0.65513,0.0,2.65,,1594.5,32269,1,0.00313,ok
ucr,165_UCR_Anomaly_apneaecg4_6000_16000_16100,apneaecg4,,iforest,tuned,"{'w': 400, 'n_estimators': 200}",0.00158,0.00371,0.64046,0.0,7.46,7.2,0.0,32269,1,0.00313,ok
ucr,165_UCR_Anomaly_apneaecg4_6000_16000_16100,apneaecg4,,lof,default,,0.0016,0.00409,0.65795,0.0,0.83,,1594.5,32269,1,0.00313,ok
ucr,165_UCR_Anomaly_apneaecg4_6000_16000_16100,apneaecg4,,lof,tuned,"{'w': 400, 'k': 10}",0.00176,0.0028,0.6535,0.0,2.27,2.41,0.0,32269,1,0.00313,ok
ucr,165_UCR_Anomaly_apneaecg4_6000_16000_16100,apneaecg4,,knn,default,,0.00518,0.00653,0.63413,0.04184,0.64,,1594.5,32269,1,0.00313,ok
ucr,165_UCR_Anomaly_apneaecg4_6000_16000_16100,apneaecg4,,knn,tuned,"{'w': 50, 'k': 3}",0.00415,0.00687,0.61756,0.01538,3.16,2.0,0.0,32269,1,0.00313,ok
ucr,165_UCR_Anomaly_apneaecg4_6000_16000_16100,apneaecg4,,ae,default,,0.00158,0.00407,0.64565,0.0,3.86,,1612.2,32269,1,0.00313,ok
ucr,165_UCR_Anomaly_apneaecg4_6000_16000_16100,apneaecg4,,ae,tuned,"{'w': 50, 'hidden': 64, 'latent': 8}",0.00162,0.00283,0.65311,0.0,8.78,14.68,0.0,32269,1,0.00313,ok
ucr,168_UCR_Anomaly_gait2_22000_46500_46800,gait2,,chronos_small_resid,default,,0.00686,0.0095,0.6874,0.00408,0.48,,1740.0,43000,1,0.007,ok
ucr,168_UCR_Anomaly_gait2_22000_46500_46800,gait2,,chronos_small_quantile,default,,0.00658,0.00873,0.74431,1.0,0.48,,1740.0,43000,1,0.007,ok
ucr,168_UCR_Anomaly_gait2_22000_46500_46800,gait2,,chronos_base_resid,default,,0.00686,0.00972,0.78828,0.01122,1.18,,1970.8,43000,1,0.007,ok
ucr,168_UCR_Anomaly_gait2_22000_46500_46800,gait2,,chronos_base_quantile,default,,0.00907,0.01142,0.67832,1.0,1.18,,1970.8,43000,1,0.007,ok
ucr,168_UCR_Anomaly_gait2_22000_46500_46800,gait2,,timesfm_resid,default,,0.0106,0.01549,0.78468,0.01529,15.01,,2047.4,43000,1,0.007,ok
ucr,168_UCR_Anomaly_gait2_22000_46500_46800,gait2,,timesfm_quantile,default,,0.00951,0.01391,0.76898,1.0,15.01,,2047.4,43000,1,0.007,ok
ucr,168_UCR_Anomaly_gait2_22000_46500_46800,gait2,,tirex_resid,default,,0.00815,0.01143,0.70852,0.00687,18.25,,2034.2,43000,1,0.007,ok
ucr,168_UCR_Anomaly_gait2_22000_46500_46800,gait2,,tirex_quantile,default,,0.00731,0.01144,0.66669,1.0,18.25,,2034.2,43000,1,0.007,ok
ucr,168_UCR_Anomaly_gait2_22000_46500_46800,gait2,,iforest,default,,0.02538,0.02665,0.68574,0.0905,3.35,,1594.5,43000,1,0.007,ok
ucr,168_UCR_Anomaly_gait2_22000_46500_46800,gait2,,iforest,tuned,"{'w': 400, 'n_estimators': 200}",0.0834,0.09444,0.83657,0.31688,9.5,10.46,0.0,43000,1,0.007,ok
ucr,168_UCR_Anomaly_gait2_22000_46500_46800,gait2,,lof,default,,0.55011,0.3307,0.99835,0.35333,1.78,,1594.5,43000,1,0.007,ok
ucr,168_UCR_Anomaly_gait2_22000_46500_46800,gait2,,lof,tuned,"{'w': 200, 'k': 10}",0.70028,0.43818,0.99843,0.5625,3.3,7.0,0.0,43000,1,0.007,ok
ucr,168_UCR_Anomaly_gait2_22000_46500_46800,gait2,,knn,default,,0.59,0.33961,0.99833,0.31111,1.32,,1594.5,43000,1,0.007,ok
ucr,168_UCR_Anomaly_gait2_22000_46500_46800,gait2,,knn,tuned,"{'w': 100, 'k': 3}",0.61527,0.35947,0.99833,0.34774,3.86,4.63,0.0,43000,1,0.007,ok
ucr,168_UCR_Anomaly_gait2_22000_46500_46800,gait2,,ae,default,,0.37121,0.18307,0.99824,0.09859,11.24,,1617.8,43000,1,0.007,ok
ucr,168_UCR_Anomaly_gait2_22000_46500_46800,gait2,,ae,tuned,"{'w': 200, 'hidden': 32, 'latent': 16}",0.07069,0.09804,0.77019,0.15683,11.86,52.59,0.0,43000,1,0.007,ok
ucr,171_UCR_Anomaly_gaitHunt2_18500_31200_31850,gaitHunt2,,chronos_small_resid,default,,0.01941,0.02143,0.72269,0.02424,0.89,,1740.0,45500,1,0.01431,ok
ucr,171_UCR_Anomaly_gaitHunt2_18500_31200_31850,gaitHunt2,,chronos_small_quantile,default,,0.01519,0.01737,0.68557,1.0,0.89,,1740.0,45500,1,0.01431,ok
ucr,171_UCR_Anomaly_gaitHunt2_18500_31200_31850,gaitHunt2,,chronos_base_resid,default,,0.02152,0.02332,0.75271,0.02119,0.96,,1970.8,45500,1,0.01431,ok
ucr,171_UCR_Anomaly_gaitHunt2_18500_31200_31850,gaitHunt2,,chronos_base_quantile,default,,0.01383,0.01612,0.66676,1.0,0.96,,1970.8,45500,1,0.01431,ok
ucr,171_UCR_Anomaly_gaitHunt2_18500_31200_31850,gaitHunt2,,timesfm_resid,default,,0.01357,0.01549,0.66117,0.00642,18.43,,2047.4,45500,1,0.01431,ok
ucr,171_UCR_Anomaly_gaitHunt2_18500_31200_31850,gaitHunt2,,timesfm_quantile,default,,0.01417,0.0161,0.66676,1.0,18.43,,2047.4,45500,1,0.01431,ok
ucr,171_UCR_Anomaly_gaitHunt2_18500_31200_31850,gaitHunt2,,tirex_resid,default,,0.01078,0.01248,0.65952,0.00671,22.6,,2034.2,45500,1,0.01431,ok
ucr,171_UCR_Anomaly_gaitHunt2_18500_31200_31850,gaitHunt2,,tirex_quantile,default,,0.01304,0.01491,0.66676,1.0,22.6,,2034.2,45500,1,0.01431,ok
ucr,171_UCR_Anomaly_gaitHunt2_18500_31200_31850,gaitHunt2,,iforest,default,,0.1844,0.17448,0.77658,0.14584,3.76,,1594.5,45500,1,0.01431,ok
ucr,171_UCR_Anomaly_gaitHunt2_18500_31200_31850,gaitHunt2,,iforest,tuned,"{'w': 100, 'n_estimators': 100}",0.20486,0.19035,0.78799,0.12704,5.49,10.97,0.0,45500,1,0.01431,ok
ucr,171_UCR_Anomaly_gaitHunt2_18500_31200_31850,gaitHunt2,,lof,default,,0.43542,0.46895,0.99338,0.55828,1.83,,1594.5,45500,1,0.01431,ok
ucr,171_UCR_Anomaly_gaitHunt2_18500_31200_31850,gaitHunt2,,lof,tuned,"{'w': 100, 'k': 30}",0.5026,0.50998,0.99338,0.37632,3.82,6.63,0.0,45500,1,0.01431,ok
ucr,171_UCR_Anomaly_gaitHunt2_18500_31200_31850,gaitHunt2,,knn,default,,0.42979,0.42678,0.92913,0.36042,1.34,,1594.5,45500,1,0.01431,ok
ucr,171_UCR_Anomaly_gaitHunt2_18500_31200_31850,gaitHunt2,,knn,tuned,"{'w': 100, 'k': 5}",0.42979,0.42678,0.92913,0.36042,3.82,4.15,0.0,45500,1,0.01431,ok
ucr,171_UCR_Anomaly_gaitHunt2_18500_31200_31850,gaitHunt2,,ae,default,,0.47426,0.39638,0.99387,0.35512,8.45,,1619.2,45500,1,0.01431,ok
ucr,171_UCR_Anomaly_gaitHunt2_18500_31200_31850,gaitHunt2,,ae,tuned,"{'w': 200, 'hidden': 32, 'latent': 16}",0.13159,0.14137,0.78071,0.18206,10.62,40.69,0.0,45500,1,0.01431,ok
ucr,174_UCR_Anomaly_insectEPG2_3700_8000_8025,insectEPG2,,chronos_small_resid,default,,0.0103,0.01481,0.96951,0.01176,0.16,,1650.0,6298,1,0.00413,ok
ucr,174_UCR_Anomaly_insectEPG2_3700_8000_8025,insectEPG2,,chronos_small_quantile,default,,0.01808,0.02209,0.75981,1.0,0.16,,1650.0,6298,1,0.00413,ok
ucr,174_UCR_Anomaly_insectEPG2_3700_8000_8025,insectEPG2,,chronos_base_resid,default,,0.02088,0.01969,0.73617,0.02228,0.51,,1745.0,6298,1,0.00413,ok
ucr,174_UCR_Anomaly_insectEPG2_3700_8000_8025,insectEPG2,,chronos_base_quantile,default,,0.01663,0.01611,0.66667,1.0,0.51,,1745.0,6298,1,0.00413,ok
ucr,174_UCR_Anomaly_insectEPG2_3700_8000_8025,insectEPG2,,timesfm_resid,default,,0.0205,0.01854,0.72478,0.01175,2.84,,2047.4,6298,1,0.00413,ok
ucr,174_UCR_Anomaly_insectEPG2_3700_8000_8025,insectEPG2,,timesfm_quantile,default,,0.01411,0.0129,0.66833,1.0,2.84,,2047.4,6298,1,0.00413,ok
ucr,174_UCR_Anomaly_insectEPG2_3700_8000_8025,insectEPG2,,tirex_resid,default,,0.02962,0.02751,0.68203,0.01423,5.28,,1766.2,6298,1,0.00413,ok
ucr,174_UCR_Anomaly_insectEPG2_3700_8000_8025,insectEPG2,,tirex_quantile,default,,0.05473,0.04393,0.69686,1.0,5.28,,1766.2,6298,1,0.00413,ok
ucr,174_UCR_Anomaly_insectEPG2_3700_8000_8025,insectEPG2,,iforest,default,,0.11197,0.15956,0.8424,0.66667,1.29,,1594.5,6298,1,0.00413,ok
ucr,174_UCR_Anomaly_insectEPG2_3700_8000_8025,insectEPG2,,iforest,tuned,"{'w': 50, 'n_estimators': 200}",0.15374,0.18962,0.87455,0.58333,1.72,5.78,0.0,6298,1,0.00413,ok
ucr,174_UCR_Anomaly_insectEPG2_3700_8000_8025,insectEPG2,,lof,default,,0.99451,0.88868,0.99925,1.0,0.2,,1594.5,6298,1,0.00413,ok
ucr,174_UCR_Anomaly_insectEPG2_3700_8000_8025,insectEPG2,,lof,tuned,"{'w': 50, 'k': 30}",0.9971,0.88341,0.99924,1.0,0.7,1.92,0.0,6298,1,0.00413,ok
ucr,174_UCR_Anomaly_insectEPG2_3700_8000_8025,insectEPG2,,knn,default,,1.0,0.88823,0.99925,1.0,0.11,,1594.5,6298,1,0.00413,ok
ucr,174_UCR_Anomaly_insectEPG2_3700_8000_8025,insectEPG2,,knn,tuned,"{'w': 50, 'k': 3}",0.99858,0.88155,0.99924,1.0,0.68,1.6,0.0,6298,1,0.00413,ok
ucr,174_UCR_Anomaly_insectEPG2_3700_8000_8025,insectEPG2,,ae,default,,0.98594,0.85606,0.99925,1.0,1.55,,1601.7,6298,1,0.00413,ok
ucr,174_UCR_Anomaly_insectEPG2_3700_8000_8025,insectEPG2,,ae,tuned,"{'w': 50, 'hidden': 32, 'latent': 16}",1.0,0.88908,0.99925,1.0,3.59,8.49,0.0,6298,1,0.00413,ok
ucr,177_UCR_Anomaly_insectEPG5_3200_8500_8501,insectEPG5,,chronos_small_resid,default,,0.0005,0.00087,0.8524,0.00178,0.14,,1655.1,6828,1,0.00029,ok
ucr,177_UCR_Anomaly_insectEPG5_3200_8500_8501,insectEPG5,,chronos_small_quantile,default,,0.00035,0.0007,0.83144,1.0,0.14,,1655.1,6828,1,0.00029,ok
ucr,177_UCR_Anomaly_insectEPG5_3200_8500_8501,insectEPG5,,chronos_base_resid,default,,0.00026,0.00045,0.94944,0.0,0.22,,1751.4,6828,1,0.00029,ok
ucr,177_UCR_Anomaly_insectEPG5_3200_8500_8501,insectEPG5,,chronos_base_quantile,default,,0.00029,0.00057,0.67463,1.0,0.22,,1751.4,6828,1,0.00029,ok
ucr,177_UCR_Anomaly_insectEPG5_3200_8500_8501,insectEPG5,,timesfm_resid,default,,0.00088,0.001,0.99593,0.00305,2.4,,2047.4,6828,1,0.00029,ok
ucr,177_UCR_Anomaly_insectEPG5_3200_8500_8501,insectEPG5,,timesfm_quantile,default,,0.00054,0.00069,0.81932,1.0,2.4,,2047.4,6828,1,0.00029,ok
ucr,177_UCR_Anomaly_insectEPG5_3200_8500_8501,insectEPG5,,tirex_resid,default,,0.00028,0.00043,0.99766,0.0,5.33,,1779.9,6828,1,0.00029,ok
ucr,177_UCR_Anomaly_insectEPG5_3200_8500_8501,insectEPG5,,tirex_quantile,default,,0.00029,0.00058,0.7609,1.0,5.33,,1779.9,6828,1,0.00029,ok
ucr,177_UCR_Anomaly_insectEPG5_3200_8500_8501,insectEPG5,,iforest,default,,0.02922,0.05121,0.99619,0.66667,1.49,,1594.5,6828,1,0.00029,ok
ucr,177_UCR_Anomaly_insectEPG5_3200_8500_8501,insectEPG5,,iforest,tuned,"{'w': 50, 'n_estimators': 200}",0.02269,0.04255,0.9959,0.66667,1.93,6.44,0.0,6828,1,0.00029,ok
ucr,177_UCR_Anomaly_insectEPG5_3200_8500_8501,insectEPG5,,lof,default,,0.06667,0.1045,0.99726,1.0,0.21,,1594.5,6828,1,0.00029,ok
ucr,177_UCR_Anomaly_insectEPG5_3200_8500_8501,insectEPG5,,lof,tuned,"{'w': 50, 'k': 30}",0.04792,0.10745,0.99719,1.0,0.78,1.97,0.0,6828,1,0.00029,ok
ucr,177_UCR_Anomaly_insectEPG5_3200_8500_8501,insectEPG5,,knn,default,,0.06667,0.1045,0.99726,1.0,0.13,,1594.5,6828,1,0.00029,ok
ucr,177_UCR_Anomaly_insectEPG5_3200_8500_8501,insectEPG5,,knn,tuned,"{'w': 50, 'k': 5}",0.0495,0.10745,0.99719,1.0,0.68,1.56,0.0,6828,1,0.00029,ok
ucr,177_UCR_Anomaly_insectEPG5_3200_8500_8501,insectEPG5,,ae,default,,0.053,0.11262,0.99733,1.0,1.6,,1601.8,6828,1,0.00029,ok
ucr,177_UCR_Anomaly_insectEPG5_3200_8500_8501,insectEPG5,,ae,tuned,"{'w': 50, 'hidden': 64, 'latent': 8}",0.0495,0.10745,0.99719,1.0,3.1,8.14,0.0,6828,1,0.00029,ok
ucr,180_UCR_Anomaly_ltstdbs30791ES_20000_52600_52800,ltstdbs30791ES,,chronos_small_resid,default,,0.00854,0.01095,0.82261,0.00348,0.54,,1740.0,35000,1,0.00574,ok
ucr,180_UCR_Anomaly_ltstdbs30791ES_20000_52600_52800,ltstdbs30791ES,,chronos_small_quantile,default,,0.00538,0.00809,0.66668,1.0,0.54,,1740.0,35000,1,0.00574,ok
ucr,180_UCR_Anomaly_ltstdbs30791ES_20000_52600_52800,ltstdbs30791ES,,chronos_base_resid,default,,0.00873,0.01156,0.80107,0.00324,1.14,,1970.8,35000,1,0.00574,ok
ucr,180_UCR_Anomaly_ltstdbs30791ES_20000_52600_52800,ltstdbs30791ES,,chronos_base_quantile,default,,0.00552,0.0083,0.66668,1.0,1.14,,1970.8,35000,1,0.00574,ok
ucr,180_UCR_Anomaly_ltstdbs30791ES_20000_52600_52800,ltstdbs30791ES,,timesfm_resid,default,,0.01646,0.02257,0.693,0.01034,11.66,,2047.4,35000,1,0.00574,ok
ucr,180_UCR_Anomaly_ltstdbs30791ES_20000_52600_52800,ltstdbs30791ES,,timesfm_quantile,default,,0.02149,0.02178,0.77603,1.0,11.66,,2047.4,35000,1,0.00574,ok
ucr,180_UCR_Anomaly_ltstdbs30791ES_20000_52600_52800,ltstdbs30791ES,,tirex_resid,default,,0.00876,0.01207,0.67463,0.00859,19.82,,2034.2,35000,1,0.00574,ok
ucr,180_UCR_Anomaly_ltstdbs30791ES_20000_52600_52800,ltstdbs30791ES,,tirex_quantile,default,,0.0054,0.00815,0.69701,1.0,19.82,,2034.2,35000,1,0.00574,ok
ucr,180_UCR_Anomaly_ltstdbs30791ES_20000_52600_52800,ltstdbs30791ES,,iforest,default,,0.00409,0.0067,0.72288,0.00676,2.83,,1594.5,35000,1,0.00574,ok
ucr,180_UCR_Anomaly_ltstdbs30791ES_20000_52600_52800,ltstdbs30791ES,,iforest,tuned,"{'w': 100, 'n_estimators': 100}",0.00413,0.00677,0.72904,0.00671,4.06,10.13,0.0,35000,1,0.00574,ok
ucr,180_UCR_Anomaly_ltstdbs30791ES_20000_52600_52800,ltstdbs30791ES,,lof,default,,0.65454,0.44356,0.9984,0.52083,1.4,,1594.5,35000,1,0.00574,ok
ucr,180_UCR_Anomaly_ltstdbs30791ES_20000_52600_52800,ltstdbs30791ES,,lof,tuned,"{'w': 100, 'k': 30}",0.65267,0.45846,0.9984,0.51724,3.27,5.92,0.0,35000,1,0.00574,ok
ucr,180_UCR_Anomaly_ltstdbs30791ES_20000_52600_52800,ltstdbs30791ES,,knn,default,,0.41954,0.1856,0.9984,0.25556,1.11,,1594.5,35000,1,0.00574,ok
ucr,180_UCR_Anomaly_ltstdbs30791ES_20000_52600_52800,ltstdbs30791ES,,knn,tuned,"{'w': 100, 'k': 3}",0.45464,0.21008,0.9984,0.2625,3.33,4.62,0.0,35000,1,0.00574,ok
ucr,180_UCR_Anomaly_ltstdbs30791ES_20000_52600_52800,ltstdbs30791ES,,ae,default,,0.50195,0.26764,0.9984,0.33333,8.31,,1614.5,35000,1,0.00574,ok
ucr,180_UCR_Anomaly_ltstdbs30791ES_20000_52600_52800,ltstdbs30791ES,,ae,tuned,"{'w': 100, 'hidden': 64, 'latent': 8}",0.38802,0.18619,0.9984,0.28333,11.57,43.83,0.0,35000,1,0.00574,ok
ucr,183_UCR_Anomaly_qtdbSel100MLII_4000_13400_13800,qtdbSel100MLII,,chronos_small_resid,default,,0.0118,0.01578,0.67508,0.00444,0.3,,1740.0,26000,1,0.01542,ok
ucr,183_UCR_Anomaly_qtdbSel100MLII_4000_13400_13800,qtdbSel100MLII,,chronos_small_quantile,default,,0.01552,0.02013,0.70693,1.0,0.3,,1740.0,26000,1,0.01542,ok
ucr,183_UCR_Anomaly_qtdbSel100MLII_4000_13400_13800,qtdbSel100MLII,,chronos_base_resid,default,,0.01157,0.01573,0.67404,0.00451,0.56,,1970.8,26000,1,0.01542,ok
ucr,183_UCR_Anomaly_qtdbSel100MLII_4000_13400_13800,qtdbSel100MLII,,chronos_base_quantile,default,,0.01563,0.01995,0.68067,1.0,0.56,,1970.8,26000,1,0.01542,ok
ucr,183_UCR_Anomaly_qtdbSel100MLII_4000_13400_13800,qtdbSel100MLII,,timesfm_resid,default,,0.01631,0.02227,0.68002,0.00444,10.24,,2047.4,26000,1,0.01542,ok
ucr,183_UCR_Anomaly_qtdbSel100MLII_4000_13400_13800,qtdbSel100MLII,,timesfm_quantile,default,,0.01988,0.02453,0.71453,1.0,10.24,,2047.4,26000,1,0.01542,ok
ucr,183_UCR_Anomaly_qtdbSel100MLII_4000_13400_13800,qtdbSel100MLII,,tirex_resid,default,,0.01165,0.01569,0.67521,0.00451,12.82,,2034.2,26000,1,0.01542,ok
ucr,183_UCR_Anomaly_qtdbSel100MLII_4000_13400_13800,qtdbSel100MLII,,tirex_quantile,default,,0.01547,0.01947,0.67832,1.0,12.82,,2034.2,26000,1,0.01542,ok
ucr,183_UCR_Anomaly_qtdbSel100MLII_4000_13400_13800,qtdbSel100MLII,,iforest,default,,0.01052,0.01396,0.65203,0.00949,2.57,,1594.5,26000,1,0.01542,ok
ucr,183_UCR_Anomaly_qtdbSel100MLII_4000_13400_13800,qtdbSel100MLII,,iforest,tuned,"{'w': 50, 'n_estimators': 200}",0.0117,0.01573,0.663,0.00935,4.14,6.8,0.0,26000,1,0.01542,ok
ucr,183_UCR_Anomaly_qtdbSel100MLII_4000_13400_13800,qtdbSel100MLII,,lof,default,,0.01394,0.01831,0.66791,0.01006,0.63,,1594.5,26000,1,0.01542,ok
ucr,183_UCR_Anomaly_qtdbSel100MLII_4000_13400_13800,qtdbSel100MLII,,lof,tuned,"{'w': 50, 'k': 30}",0.01222,0.01482,0.65148,0.00853,2.75,2.21,0.0,26000,1,0.01542,ok
ucr,183_UCR_Anomaly_qtdbSel100MLII_4000_13400_13800,qtdbSel100MLII,,knn,default,,0.01328,0.01686,0.65633,0.01776,0.45,,1594.5,26000,1,0.01542,ok
ucr,183_UCR_Anomaly_qtdbSel100MLII_4000_13400_13800,qtdbSel100MLII,,knn,tuned,"{'w': 50, 'k': 5}",0.01382,0.01826,0.66778,0.01853,2.59,1.73,0.0,26000,1,0.01542,ok
ucr,183_UCR_Anomaly_qtdbSel100MLII_4000_13400_13800,qtdbSel100MLII,,ae,default,,0.01188,0.01525,0.65658,0.00881,2.99,,1609.5,26000,1,0.01542,ok
ucr,183_UCR_Anomaly_qtdbSel100MLII_4000_13400_13800,qtdbSel100MLII,,ae,tuned,"{'w': 50, 'hidden': 64, 'latent': 8}",0.01328,0.01883,0.66398,0.03978,5.91,12.31,0.0,26000,1,0.01542,ok
ucr,186_UCR_Anomaly_resperation1_100000_110260_110412,resperation1,,chronos_small_resid,default,,0.00148,0.00213,0.67019,0.00197,1.41,,1740.0,100000,1,0.00153,ok
ucr,186_UCR_Anomaly_resperation1_100000_110260_110412,resperation1,,chronos_small_quantile,default,,0.00149,0.00216,0.89865,1.0,1.41,,1740.0,100000,1,0.00153,ok
ucr,186_UCR_Anomaly_resperation1_100000_110260_110412,resperation1,,chronos_base_resid,default,,0.00101,0.00159,0.67502,0.00055,2.29,,1970.8,100000,1,0.00153,ok
ucr,186_UCR_Anomaly_resperation1_100000_110260_110412,resperation1,,chronos_base_quantile,default,,0.00146,0.00218,0.66667,1.0,2.29,,1970.8,100000,1,0.00153,ok
ucr,186_UCR_Anomaly_resperation1_100000_110260_110412,resperation1,,timesfm_resid,default,,0.00364,0.00428,0.83471,0.01539,33.43,,2047.4,100000,1,0.00153,ok
ucr,186_UCR_Anomaly_resperation1_100000_110260_110412,resperation1,,timesfm_quantile,default,,0.00328,0.00317,0.78339,1.0,33.43,,2047.4,100000,1,0.00153,ok
ucr,186_UCR_Anomaly_resperation1_100000_110260_110412,resperation1,,tirex_resid,default,,0.00271,0.00326,0.83327,0.00946,39.28,,2034.2,100000,1,0.00153,ok
ucr,186_UCR_Anomaly_resperation1_100000_110260_110412,resperation1,,tirex_quantile,default,,0.00399,0.00489,0.82707,1.0,39.28,,2034.2,100000,1,0.00153,ok
ucr,186_UCR_Anomaly_resperation1_100000_110260_110412,resperation1,,iforest,default,,0.01651,0.01499,0.81176,0.05588,6.33,,1594.5,100000,1,0.00153,ok
ucr,186_UCR_Anomaly_resperation1_100000_110260_110412,resperation1,,iforest,tuned,"{'w': 400, 'n_estimators': 200}",0.00121,0.00184,0.82199,0.0,19.4,31.29,0.0,100000,1,0.00153,ok
ucr,186_UCR_Anomaly_resperation1_100000_110260_110412,resperation1,,lof,default,,0.11168,0.11034,0.84142,0.17314,12.96,,1594.5,100000,1,0.00153,ok
ucr,186_UCR_Anomaly_resperation1_100000_110260_110412,resperation1,,lof,tuned,"{'w': 100, 'k': 30}",0.04014,0.05365,0.81515,0.11806,17.91,34.1,0.0,100000,1,0.00153,ok
ucr,186_UCR_Anomaly_resperation1_100000_110260_110412,resperation1,,knn,default,,0.68984,0.23709,0.99972,0.33333,9.36,,1594.5,100000,1,0.00153,ok
ucr,186_UCR_Anomaly_resperation1_100000_110260_110412,resperation1,,knn,tuned,"{'w': 200, 'k': 3}",0.99971,0.32265,0.99983,0.4,10.98,30.53,0.0,100000,1,0.00153,ok
ucr,186_UCR_Anomaly_resperation1_100000_110260_110412,resperation1,,ae,default,,0.01094,0.01761,0.7864,0.05564,45.88,,1646.8,100000,1,0.00153,ok
ucr,186_UCR_Anomaly_resperation1_100000_110260_110412,resperation1,,ae,tuned,"{'w': 100, 'hidden': 32, 'latent': 8}",0.00557,0.01162,0.8813,0.02787,41.02,180.4,0.0,100000,1,0.00153,ok
ucr,189_UCR_Anomaly_resperation3_45000_158250_158251,resperation3,,chronos_small_resid,default,,1e-05,2e-05,0.6819,0.0,1.59,,1740.0,145100,1,1e-05,ok
ucr,189_UCR_Anomaly_resperation3_45000_158250_158251,resperation3,,chronos_small_quantile,default,,1e-05,3e-05,0.67162,1.0,1.59,,1740.0,145100,1,1e-05,ok
ucr,189_UCR_Anomaly_resperation3_45000_158250_158251,resperation3,,chronos_base_resid,default,,1e-05,2e-05,0.71889,0.0,2.83,,1970.8,145100,1,1e-05,ok
ucr,189_UCR_Anomaly_resperation3_45000_158250_158251,resperation3,,chronos_base_quantile,default,,1e-05,3e-05,0.73105,1.0,2.83,,1970.8,145100,1,1e-05,ok
ucr,189_UCR_Anomaly_resperation3_45000_158250_158251,resperation3,,timesfm_resid,default,,1e-05,2e-05,0.64189,0.0,46.85,,2047.4,145100,1,1e-05,ok
ucr,189_UCR_Anomaly_resperation3_45000_158250_158251,resperation3,,timesfm_quantile,default,,1e-05,3e-05,0.66667,1.0,46.85,,2047.4,145100,1,1e-05,ok
ucr,189_UCR_Anomaly_resperation3_45000_158250_158251,resperation3,,tirex_resid,default,,1e-05,2e-05,0.6468,0.0,55.76,,2034.2,145100,1,1e-05,ok
ucr,189_UCR_Anomaly_resperation3_45000_158250_158251,resperation3,,tirex_quantile,default,,1e-05,3e-05,0.66667,1.0,55.76,,2034.2,145100,1,1e-05,ok
ucr,189_UCR_Anomaly_resperation3_45000_158250_158251,resperation3,,iforest,default,,1e-05,3e-05,0.66289,0.0,8.54,,1594.5,145100,1,1e-05,ok
ucr,189_UCR_Anomaly_resperation3_45000_158250_158251,resperation3,,iforest,tuned,"{'w': 400, 'n_estimators': 200}",1e-05,3e-05,0.68409,0.0,29.51,18.88,0.0,145100,1,1e-05,ok
ucr,189_UCR_Anomaly_resperation3_45000_158250_158251,resperation3,,lof,default,,2e-05,3e-05,0.58211,0.0,8.33,,1594.5,145100,1,1e-05,ok
ucr,189_UCR_Anomaly_resperation3_45000_158250_158251,resperation3,,lof,tuned,"{'w': 50, 'k': 10}",2e-05,4e-05,0.61694,0.0,30.42,10.66,0.0,145100,1,1e-05,ok
ucr,189_UCR_Anomaly_resperation3_45000_158250_158251,resperation3,,knn,default,,1e-05,3e-05,0.61927,0.0,7.95,,1594.5,145100,1,1e-05,ok
ucr,189_UCR_Anomaly_resperation3_45000_158250_158251,resperation3,,knn,tuned,"{'w': 100, 'k': 1}",1e-05,2e-05,0.61297,0.0,14.74,9.23,0.0,145100,1,1e-05,ok
ucr,189_UCR_Anomaly_resperation3_45000_158250_158251,resperation3,,ae,default,,1e-05,3e-05,0.62943,0.0,18.21,,1661.1,145100,1,1e-05,ok
ucr,189_UCR_Anomaly_resperation3_45000_158250_158251,resperation3,,ae,tuned,"{'w': 200, 'hidden': 32, 'latent': 8}",1e-05,3e-05,0.62004,0.0,24.94,94.58,0.0,145100,1,1e-05,ok
ucr,192_UCR_Anomaly_s20101mML2_12000_35774_35874,s20101mML2,,chronos_small_resid,default,,0.01546,0.01753,0.68405,0.00649,0.31,,1740.0,28000,1,0.00361,ok
ucr,192_UCR_Anomaly_s20101mML2_12000_35774_35874,s20101mML2,,chronos_small_quantile,default,,0.00977,0.00986,0.66667,1.0,0.31,,1740.0,28000,1,0.00361,ok
ucr,192_UCR_Anomaly_s20101mML2_12000_35774_35874,s20101mML2,,chronos_base_resid,default,,0.01379,0.01618,0.68545,0.0065,0.56,,1970.8,28000,1,0.00361,ok
ucr,192_UCR_Anomaly_s20101mML2_12000_35774_35874,s20101mML2,,chronos_base_quantile,default,,0.0178,0.01625,0.67891,1.0,0.56,,1970.8,28000,1,0.00361,ok
ucr,192_UCR_Anomaly_s20101mML2_12000_35774_35874,s20101mML2,,timesfm_resid,default,,0.04353,0.03064,0.69263,0.00885,8.68,,2047.4,28000,1,0.00361,ok
ucr,192_UCR_Anomaly_s20101mML2_12000_35774_35874,s20101mML2,,timesfm_quantile,default,,0.21798,0.06704,0.91762,1.0,8.68,,2047.4,28000,1,0.00361,ok
ucr,192_UCR_Anomaly_s20101mML2_12000_35774_35874,s20101mML2,,tirex_resid,default,,0.03774,0.02501,0.68003,0.00833,12.0,,2034.2,28000,1,0.00361,ok
ucr,192_UCR_Anomaly_s20101mML2_12000_35774_35874,s20101mML2,,tirex_quantile,default,,0.09494,0.04598,0.68583,1.0,12.0,,2034.2,28000,1,0.00361,ok
ucr,192_UCR_Anomaly_s20101mML2_12000_35774_35874,s20101mML2,,iforest,default,,0.6608,0.51043,0.99893,0.475,2.58,,1594.5,28000,1,0.00361,ok
ucr,192_UCR_Anomaly_s20101mML2_12000_35774_35874,s20101mML2,,iforest,tuned,"{'w': 100, 'n_estimators': 100}",0.64216,0.50821,0.99893,0.625,4.12,9.04,0.0,28000,1,0.00361,ok
ucr,192_UCR_Anomaly_s20101mML2_12000_35774_35874,s20101mML2,,lof,default,,0.95963,0.80749,0.99933,1.0,0.94,,1594.5,28000,1,0.00361,ok
ucr,192_UCR_Anomaly_s20101mML2_12000_35774_35874,s20101mML2,,lof,tuned,"{'w': 100, 'k': 30}",0.94463,0.79612,0.99933,1.0,2.58,4.01,0.0,28000,1,0.00361,ok
ucr,192_UCR_Anomaly_s20101mML2_12000_35774_35874,s20101mML2,,knn,default,,0.95308,0.79561,0.99915,1.0,1.03,,1594.5,28000,1,0.00361,ok
ucr,192_UCR_Anomaly_s20101mML2_12000_35774_35874,s20101mML2,,knn,tuned,"{'w': 100, 'k': 3}",0.95339,0.79595,0.99915,1.0,2.32,3.57,0.0,28000,1,0.00361,ok
ucr,192_UCR_Anomaly_s20101mML2_12000_35774_35874,s20101mML2,,ae,default,,0.98918,0.83411,0.99933,1.0,5.4,,1611.0,28000,1,0.00361,ok
ucr,192_UCR_Anomaly_s20101mML2_12000_35774_35874,s20101mML2,,ae,tuned,"{'w': 100, 'hidden': 64, 'latent': 8}",0.97621,0.82699,0.99933,1.0,6.2,23.2,0.0,28000,1,0.00361,ok
ucr,195_UCR_Anomaly_sel840mECG1_17000_51370_51740,sel840mECG1,,chronos_small_resid,default,,0.01879,0.01666,0.82337,0.00526,0.43,,1740.0,43000,1,0.00863,ok
ucr,195_UCR_Anomaly_sel840mECG1_17000_51370_51740,sel840mECG1,,chronos_small_quantile,default,,0.00822,0.0105,0.84389,1.0,0.43,,1740.0,43000,1,0.00863,ok
ucr,195_UCR_Anomaly_sel840mECG1_17000_51370_51740,sel840mECG1,,chronos_base_resid,default,,0.03755,0.03,0.82095,0.00582,0.74,,1970.8,43000,1,0.00863,ok
ucr,195_UCR_Anomaly_sel840mECG1_17000_51370_51740,sel840mECG1,,chronos_base_quantile,default,,0.00846,0.01089,0.82896,1.0,0.74,,1970.8,43000,1,0.00863,ok
ucr,195_UCR_Anomaly_sel840mECG1_17000_51370_51740,sel840mECG1,,timesfm_resid,default,,0.01318,0.01759,0.78425,0.00559,12.2,,2047.4,43000,1,0.00863,ok
ucr,195_UCR_Anomaly_sel840mECG1_17000_51370_51740,sel840mECG1,,timesfm_quantile,default,,0.011,0.01495,0.71683,1.0,12.2,,2047.4,43000,1,0.00863,ok
ucr,195_UCR_Anomaly_sel840mECG1_17000_51370_51740,sel840mECG1,,tirex_resid,default,,0.01199,0.01569,0.85445,0.00491,17.14,,2034.2,43000,1,0.00863,ok
ucr,195_UCR_Anomaly_sel840mECG1_17000_51370_51740,sel840mECG1,,tirex_quantile,default,,0.00882,0.0116,0.74058,1.0,17.14,,2034.2,43000,1,0.00863,ok
ucr,195_UCR_Anomaly_sel840mECG1_17000_51370_51740,sel840mECG1,,iforest,default,,0.04858,0.06666,0.8024,0.0993,2.83,,1594.5,43000,1,0.00863,ok
ucr,195_UCR_Anomaly_sel840mECG1_17000_51370_51740,sel840mECG1,,iforest,tuned,"{'w': 100, 'n_estimators': 100}",0.04311,0.0583,0.77551,0.0875,4.89,9.06,0.0,43000,1,0.00863,ok
ucr,195_UCR_Anomaly_sel840mECG1_17000_51370_51740,sel840mECG1,,lof,default,,0.02982,0.03964,0.80847,0.0786,1.44,,1594.5,43000,1,0.00863,ok
ucr,195_UCR_Anomaly_sel840mECG1_17000_51370_51740,sel840mECG1,,lof,tuned,"{'w': 100, 'k': 30}",0.04933,0.05763,0.90333,0.11762,2.91,4.81,0.0,43000,1,0.00863,ok
ucr,195_UCR_Anomaly_sel840mECG1_17000_51370_51740,sel840mECG1,,knn,default,,0.13823,0.11128,0.9392,0.13294,0.89,,1594.5,43000,1,0.00863,ok
ucr,195_UCR_Anomaly_sel840mECG1_17000_51370_51740,sel840mECG1,,knn,tuned,"{'w': 100, 'k': 3}",0.18466,0.12303,0.96937,0.15148,3.47,3.53,0.0,43000,1,0.00863,ok
ucr,195_UCR_Anomaly_sel840mECG1_17000_51370_51740,sel840mECG1,,ae,default,,0.28308,0.12678,0.99784,0.11892,8.03,,1617.7,43000,1,0.00863,ok
ucr,195_UCR_Anomaly_sel840mECG1_17000_51370_51740,sel840mECG1,,ae,tuned,"{'w': 100, 'hidden': 32, 'latent': 8}",0.12188,0.09379,0.92343,0.10612,9.69,36.22,0.0,43000,1,0.00863,ok
ucr,198_UCR_Anomaly_tiltAPB2_50000_124159_124985,tiltAPB2,,chronos_small_resid,default,,0.01113,0.01298,0.71643,0.00345,0.8,,1740.0,78767,1,0.0105,ok
ucr,198_UCR_Anomaly_tiltAPB2_50000_124159_124985,tiltAPB2,,chronos_small_quantile,default,,0.01097,0.01226,0.78695,1.0,0.8,,1740.0,78767,1,0.0105,ok
ucr,198_UCR_Anomaly_tiltAPB2_50000_124159_124985,tiltAPB2,,chronos_base_resid,default,,0.01185,0.01326,0.66321,0.00439,1.6,,1970.8,78767,1,0.0105,ok
ucr,198_UCR_Anomaly_tiltAPB2_50000_124159_124985,tiltAPB2,,chronos_base_quantile,default,,0.01037,0.01157,0.76408,1.0,1.6,,1970.8,78767,1,0.0105,ok
ucr,198_UCR_Anomaly_tiltAPB2_50000_124159_124985,tiltAPB2,,timesfm_resid,default,,0.01582,0.01771,0.66543,0.00729,27.01,,2047.4,78767,1,0.0105,ok
ucr,198_UCR_Anomaly_tiltAPB2_50000_124159_124985,tiltAPB2,,timesfm_quantile,default,,0.01074,0.01297,0.74851,1.0,27.01,,2047.4,78767,1,0.0105,ok
ucr,198_UCR_Anomaly_tiltAPB2_50000_124159_124985,tiltAPB2,,tirex_resid,default,,0.01122,0.01276,0.65155,0.01396,29.99,,2034.2,78767,1,0.0105,ok
ucr,198_UCR_Anomaly_tiltAPB2_50000_124159_124985,tiltAPB2,,tirex_quantile,default,,0.00979,0.01104,0.66672,1.0,29.99,,2034.2,78767,1,0.0105,ok
ucr,198_UCR_Anomaly_tiltAPB2_50000_124159_124985,tiltAPB2,,iforest,default,,0.01689,0.01759,0.71145,0.01601,4.81,,1594.5,78767,1,0.0105,ok
ucr,198_UCR_Anomaly_tiltAPB2_50000_124159_124985,tiltAPB2,,iforest,tuned,"{'w': 200, 'n_estimators': 100}",0.02545,0.02781,0.7998,0.11193,8.83,18.71,0.0,78767,1,0.0105,ok
ucr,198_UCR_Anomaly_tiltAPB2_50000_124159_124985,tiltAPB2,,lof,default,,0.10293,0.10253,0.8215,0.08788,5.74,,1594.5,78767,1,0.0105,ok
ucr,198_UCR_Anomaly_tiltAPB2_50000_124159_124985,tiltAPB2,,lof,tuned,"{'w': 200, 'k': 50}",0.22122,0.23386,0.83439,0.45833,6.02,9.24,0.0,78767,1,0.0105,ok
ucr,198_UCR_Anomaly_tiltAPB2_50000_124159_124985,tiltAPB2,,knn,default,,0.18334,0.17556,0.82767,0.1007,4.17,,1594.5,78767,1,0.0105,ok
ucr,198_UCR_Anomaly_tiltAPB2_50000_124159_124985,tiltAPB2,,knn,tuned,"{'w': 200, 'k': 5}",0.27693,0.31987,0.85527,0.625,6.13,8.47,0.0,78767,1,0.0105,ok
ucr,198_UCR_Anomaly_tiltAPB2_50000_124159_124985,tiltAPB2,,ae,default,,0.45704,0.35615,0.99841,0.16598,19.08,,1634.4,78767,1,0.0105,ok
ucr,198_UCR_Anomaly_tiltAPB2_50000_124159_124985,tiltAPB2,,ae,tuned,"{'w': 200, 'hidden': 32, 'latent': 8}",0.90518,0.77723,0.99698,0.75,19.59,78.79,0.0,78767,1,0.0105,ok
ucr,201_UCR_Anomaly_CHARISfive_10000_17001_17016,CHARISfive,,chronos_small_resid,default,,0.00119,0.00146,0.71504,0.00206,0.31,,1740.0,31347,1,0.00051,ok
ucr,201_UCR_Anomaly_CHARISfive_10000_17001_17016,CHARISfive,,chronos_small_quantile,default,,0.00261,0.00198,0.80756,0.00965,0.31,,1740.0,31347,1,0.00051,ok
ucr,201_UCR_Anomaly_CHARISfive_10000_17001_17016,CHARISfive,,chronos_base_resid,default,,0.00202,0.00236,0.70888,0.00271,0.72,,1970.8,31347,1,0.00051,ok
ucr,201_UCR_Anomaly_CHARISfive_10000_17001_17016,CHARISfive,,chronos_base_quantile,default,,0.00167,0.00157,0.65681,0.00377,0.72,,1970.8,31347,1,0.00051,ok
ucr,201_UCR_Anomaly_CHARISfive_10000_17001_17016,CHARISfive,,timesfm_resid,default,,0.00511,0.0034,0.76325,0.00901,8.38,,2047.4,31347,1,0.00051,ok
ucr,201_UCR_Anomaly_CHARISfive_10000_17001_17016,CHARISfive,,timesfm_quantile,default,,0.0009,0.00096,0.66667,1.0,8.38,,2047.4,31347,1,0.00051,ok
ucr,201_UCR_Anomaly_CHARISfive_10000_17001_17016,CHARISfive,,tirex_resid,default,,0.0107,0.0069,0.80539,0.00962,10.29,,2034.2,31347,1,0.00051,ok
ucr,201_UCR_Anomaly_CHARISfive_10000_17001_17016,CHARISfive,,tirex_quantile,default,,0.00213,0.00179,0.68428,1.0,10.29,,2034.2,31347,1,0.00051,ok
ucr,201_UCR_Anomaly_CHARISfive_10000_17001_17016,CHARISfive,,iforest,default,,0.00375,0.00536,0.52939,0.09041,3.13,,1594.5,31347,1,0.00051,ok
ucr,201_UCR_Anomaly_CHARISfive_10000_17001_17016,CHARISfive,,iforest,tuned,"{'w': 50, 'n_estimators': 100}",0.92361,0.17657,0.99992,0.14286,3.58,7.62,0.0,31347,1,0.00051,ok
ucr,201_UCR_Anomaly_CHARISfive_10000_17001_17016,CHARISfive,,lof,default,,0.72015,0.20849,0.99979,0.4,0.95,,1594.5,31347,1,0.00051,ok
ucr,201_UCR_Anomaly_CHARISfive_10000_17001_17016,CHARISfive,,lof,tuned,"{'w': 50, 'k': 30}",0.66699,0.12608,0.99974,0.2,3.31,3.1,0.0,31347,1,0.00051,ok
ucr,201_UCR_Anomaly_CHARISfive_10000_17001_17016,CHARISfive,,knn,default,,0.90781,0.18879,0.99993,0.4,0.7,,1594.5,31347,1,0.00051,ok
ucr,201_UCR_Anomaly_CHARISfive_10000_17001_17016,CHARISfive,,knn,tuned,"{'w': 50, 'k': 3}",0.92338,0.12631,0.99993,0.16667,2.98,2.52,0.0,31347,1,0.00051,ok
ucr,201_UCR_Anomaly_CHARISfive_10000_17001_17016,CHARISfive,,ae,default,,0.15884,0.10649,0.61058,0.4,4.62,,1612.2,31347,1,0.00051,ok
ucr,201_UCR_Anomaly_CHARISfive_10000_17001_17016,CHARISfive,,ae,tuned,"{'w': 50, 'hidden': 64, 'latent': 8}",0.6546,0.15052,0.99974,0.18182,10.98,20.45,0.0,31347,1,0.00051,ok
ucr,204_UCR_Anomaly_CHARISfive_12412_15000_15070,CHARISfive,,chronos_small_resid,default,,0.22439,0.05062,0.90207,0.02435,0.46,,1740.0,29587,1,0.0024,ok
ucr,204_UCR_Anomaly_CHARISfive_12412_15000_15070,CHARISfive,,chronos_small_quantile,default,,0.03587,0.02884,0.72215,0.02283,0.46,,1740.0,29587,1,0.0024,ok
ucr,204_UCR_Anomaly_CHARISfive_12412_15000_15070,CHARISfive,,chronos_base_resid,default,,0.13488,0.05083,0.8946,0.02096,0.97,,1970.8,29587,1,0.0024,ok
ucr,204_UCR_Anomaly_CHARISfive_12412_15000_15070,CHARISfive,,chronos_base_quantile,default,,0.14849,0.06297,0.82759,1.0,0.97,,1970.8,29587,1,0.0024,ok
ucr,204_UCR_Anomaly_CHARISfive_12412_15000_15070,CHARISfive,,timesfm_resid,default,,0.26626,0.09229,0.91392,0.02425,9.95,,2047.4,29587,1,0.0024,ok
ucr,204_UCR_Anomaly_CHARISfive_12412_15000_15070,CHARISfive,,timesfm_quantile,default,,0.06855,0.05141,0.74719,1.0,9.95,,2047.4,29587,1,0.0024,ok
ucr,204_UCR_Anomaly_CHARISfive_12412_15000_15070,CHARISfive,,tirex_resid,default,,0.35943,0.11072,0.97186,0.02266,12.48,,2034.2,29587,1,0.0024,ok
ucr,204_UCR_Anomaly_CHARISfive_12412_15000_15070,CHARISfive,,tirex_quantile,default,,0.12142,0.06907,0.80432,1.0,12.48,,2034.2,29587,1,0.0024,ok
ucr,204_UCR_Anomaly_CHARISfive_12412_15000_15070,CHARISfive,,iforest,default,,0.00178,0.00282,0.65237,0.0,2.63,,1594.5,29587,1,0.0024,ok
ucr,204_UCR_Anomaly_CHARISfive_12412_15000_15070,CHARISfive,,iforest,tuned,"{'w': 400, 'n_estimators': 100}",0.00144,0.00236,0.66012,0.0,5.58,8.47,0.0,29587,1,0.0024,ok
ucr,204_UCR_Anomaly_CHARISfive_12412_15000_15070,CHARISfive,,lof,default,,0.11654,0.16357,0.62224,0.66667,1.6,,1594.5,29587,1,0.0024,ok
ucr,204_UCR_Anomaly_CHARISfive_12412_15000_15070,CHARISfive,,lof,tuned,"{'w': 100, 'k': 30}",0.16083,0.22096,0.62004,0.54167,2.64,9.45,0.0,29587,1,0.0024,ok
ucr,204_UCR_Anomaly_CHARISfive_12412_15000_15070,CHARISfive,,knn,default,,0.18029,0.22268,0.60288,0.53333,0.74,,1594.5,29587,1,0.0024,ok
ucr,204_UCR_Anomaly_CHARISfive_12412_15000_15070,CHARISfive,,knn,tuned,"{'w': 100, 'k': 3}",0.1904,0.22861,0.60157,0.53333,2.87,3.5,0.0,29587,1,0.0024,ok
ucr,204_UCR_Anomaly_CHARISfive_12412_15000_15070,CHARISfive,,ae,default,,0.78352,0.54692,0.99933,0.66667,6.69,,1611.7,29587,1,0.0024,ok
ucr,204_UCR_Anomaly_CHARISfive_12412_15000_15070,CHARISfive,,ae,tuned,"{'w': 100, 'hidden': 32, 'latent': 16}",0.80489,0.55126,0.99935,0.66667,7.54,29.93,0.0,29587,1,0.0024,ok
ucr,207_UCR_Anomaly_CHARISten_3165_26929_26989,CHARISten,,chronos_small_resid,default,,0.00264,0.00321,0.78163,0.00385,0.75,,1740.0,36705,1,0.00166,ok
ucr,207_UCR_Anomaly_CHARISten_3165_26929_26989,CHARISten,,chronos_small_quantile,default,,0.00229,0.00276,0.72209,0.00321,0.75,,1740.0,36705,1,0.00166,ok
ucr,207_UCR_Anomaly_CHARISten_3165_26929_26989,CHARISten,,chronos_base_resid,default,,0.00235,0.00308,0.70106,0.00252,1.3,,1970.8,36705,1,0.00166,ok
ucr,207_UCR_Anomaly_CHARISten_3165_26929_26989,CHARISten,,chronos_base_quantile,default,,0.00204,0.00266,0.70369,0.00256,1.3,,1970.8,36705,1,0.00166,ok
ucr,207_UCR_Anomaly_CHARISten_3165_26929_26989,CHARISten,,timesfm_resid,default,,0.10225,0.04229,0.99841,0.01269,21.66,,2047.4,36705,1,0.00166,ok
ucr,207_UCR_Anomaly_CHARISten_3165_26929_26989,CHARISten,,timesfm_quantile,default,,0.12988,0.0405,0.99866,1.0,21.66,,2047.4,36705,1,0.00166,ok
ucr,207_UCR_Anomaly_CHARISten_3165_26929_26989,CHARISten,,tirex_resid,default,,0.10435,0.04243,0.99837,0.00893,17.98,,2034.2,36705,1,0.00166,ok
ucr,207_UCR_Anomaly_CHARISten_3165_26929_26989,CHARISten,,tirex_quantile,default,,0.13154,0.04216,0.99866,1.0,17.98,,2034.2,36705,1,0.00166,ok
ucr,207_UCR_Anomaly_CHARISten_3165_26929_26989,CHARISten,,iforest,default,,0.00252,0.00399,0.6682,0.06033,2.63,,1594.5,36705,1,0.00166,ok
ucr,207_UCR_Anomaly_CHARISten_3165_26929_26989,CHARISten,,iforest,tuned,"{'w': 50, 'n_estimators': 200}",0.00259,0.00385,0.66397,0.033,3.5,5.45,0.0,36705,1,0.00166,ok
ucr,207_UCR_Anomaly_CHARISten_3165_26929_26989,CHARISten,,lof,default,,0.01327,0.01788,0.6566,0.38889,0.6,,1594.5,36705,1,0.00166,ok
ucr,207_UCR_Anomaly_CHARISten_3165_26929_26989,CHARISten,,lof,tuned,"{'w': 100, 'k': 50}",0.01327,0.01788,0.6566,0.38889,2.41,1.69,0.0,36705,1,0.00166,ok
ucr,207_UCR_Anomaly_CHARISten_3165_26929_26989,CHARISten,,knn,default,,0.01693,0.02538,0.69325,0.45833,0.53,,1594.5,36705,1,0.00166,ok
ucr,207_UCR_Anomaly_CHARISten_3165_26929_26989,CHARISten,,knn,tuned,"{'w': 100, 'k': 3}",0.01753,0.02547,0.69801,0.45833,2.62,1.75,0.0,36705,1,0.00166,ok
ucr,207_UCR_Anomaly_CHARISten_3165_26929_26989,CHARISten,,ae,default,,0.00817,0.01085,0.67518,0.13655,3.13,,1613.7,36705,1,0.00166,ok
ucr,207_UCR_Anomaly_CHARISten_3165_26929_26989,CHARISten,,ae,tuned,"{'w': 100, 'hidden': 32, 'latent': 16}",0.00779,0.0104,0.67527,0.11765,5.43,8.76,0.0,36705,1,0.00166,ok
ucr,210_UCR_Anomaly_Italianpowerdemand_36123_74900_74996,Italianpowerdemand,,chronos_small_resid,default,,0.00083,0.00124,0.66724,0.0005,1.1,,1740.0,83696,1,0.00116,ok
ucr,210_UCR_Anomaly_Italianpowerdemand_36123_74900_74996,Italianpowerdemand,,chronos_small_quantile,default,,0.00115,0.00169,0.71933,1.0,1.1,,1740.0,83696,1,0.00116,ok
ucr,210_UCR_Anomaly_Italianpowerdemand_36123_74900_74996,Italianpowerdemand,,chronos_base_resid,default,,0.0008,0.00122,0.67139,0.00066,1.8,,1970.8,83696,1,0.00116,ok
ucr,210_UCR_Anomaly_Italianpowerdemand_36123_74900_74996,Italianpowerdemand,,chronos_base_quantile,default,,0.00114,0.00168,0.70196,1.0,1.8,,1970.8,83696,1,0.00116,ok
ucr,210_UCR_Anomaly_Italianpowerdemand_36123_74900_74996,Italianpowerdemand,,timesfm_resid,default,,0.00079,0.00118,0.67342,0.00036,23.53,,2047.4,83696,1,0.00116,ok
ucr,210_UCR_Anomaly_Italianpowerdemand_36123_74900_74996,Italianpowerdemand,,timesfm_quantile,default,,0.00108,0.00164,0.69368,1.0,23.53,,2047.4,83696,1,0.00116,ok
ucr,210_UCR_Anomaly_Italianpowerdemand_36123_74900_74996,Italianpowerdemand,,tirex_resid,default,,0.00072,0.00112,0.6856,0.00023,32.42,,2034.2,83696,1,0.00116,ok
ucr,210_UCR_Anomaly_Italianpowerdemand_36123_74900_74996,Italianpowerdemand,,tirex_quantile,default,,0.00115,0.0017,0.83492,1.0,32.42,,2034.2,83696,1,0.00116,ok
ucr,210_UCR_Anomaly_Italianpowerdemand_36123_74900_74996,Italianpowerdemand,,iforest,default,,0.00265,0.00443,0.65603,0.0344,4.47,,1594.5,83696,1,0.00116,ok
ucr,210_UCR_Anomaly_Italianpowerdemand_36123_74900_74996,Italianpowerdemand,,iforest,tuned,"{'w': 400, 'n_estimators': 100}",0.00195,0.00342,0.66447,0.1511,13.91,13.23,0.0,83696,1,0.00116,ok
ucr,210_UCR_Anomaly_Italianpowerdemand_36123_74900_74996,Italianpowerdemand,,lof,default,,0.00083,0.00127,0.67882,0.0,4.33,,1594.5,83696,1,0.00116,ok
ucr,210_UCR_Anomaly_Italianpowerdemand_36123_74900_74996,Italianpowerdemand,,lof,tuned,"{'w': 200, 'k': 10}",0.00101,0.00167,0.69493,0.0,6.1,9.32,0.0,83696,1,0.00116,ok
ucr,210_UCR_Anomaly_Italianpowerdemand_36123_74900_74996,Italianpowerdemand,,knn,default,,0.00137,0.0021,0.69835,0.01011,3.45,,1594.5,83696,1,0.00116,ok
ucr,210_UCR_Anomaly_Italianpowerdemand_36123_74900_74996,Italianpowerdemand,,knn,tuned,"{'w': 200, 'k': 1}",0.00187,0.00275,0.70272,0.02299,5.39,6.4,0.0,83696,1,0.00116,ok
ucr,210_UCR_Anomaly_Italianpowerdemand_36123_74900_74996,Italianpowerdemand,,ae,default,,0.00386,0.00569,0.66584,0.02169,15.18,,1635.3,83696,1,0.00116,ok
ucr,210_UCR_Anomaly_Italianpowerdemand_36123_74900_74996,Italianpowerdemand,,ae,tuned,"{'w': 100, 'hidden': 64, 'latent': 8}",0.00244,0.00353,0.67103,0.01338,16.71,60.03,0.0,83696,1,0.00116,ok
ucr,213_UCR_Anomaly_STAFFIIIDatabase_33211_126920_127370,STAFFIIIDatabase,,chronos_small_resid,default,,0.01651,0.00673,0.68097,0.00366,2.38,,1740.0,266789,1,0.00169,ok
ucr,213_UCR_Anomaly_STAFFIIIDatabase_33211_126920_127370,STAFFIIIDatabase,,chronos_small_quantile,default,,0.00174,0.00231,0.74393,1.0,2.38,,1740.0,266789,1,0.00169,ok
ucr,213_UCR_Anomaly_STAFFIIIDatabase_33211_126920_127370,STAFFIIIDatabase,,chronos_base_resid,default,,0.09955,0.00854,0.80142,0.00395,4.72,,1970.8,266789,1,0.00169,ok
ucr,213_UCR_Anomaly_STAFFIIIDatabase_33211_126920_127370,STAFFIIIDatabase,,chronos_base_quantile,default,,0.00177,0.00232,0.7623,1.0,4.72,,1970.8,266789,1,0.00169,ok
ucr,213_UCR_Anomaly_STAFFIIIDatabase_33211_126920_127370,STAFFIIIDatabase,,timesfm_resid,default,,0.01168,0.00449,0.68841,0.00351,86.5,,2047.4,266789,1,0.00169,ok
ucr,213_UCR_Anomaly_STAFFIIIDatabase_33211_126920_127370,STAFFIIIDatabase,,timesfm_quantile,default,,0.00208,0.0025,0.70739,1.0,86.5,,2047.4,266789,1,0.00169,ok
ucr,213_UCR_Anomaly_STAFFIIIDatabase_33211_126920_127370,STAFFIIIDatabase,,tirex_resid,default,,0.01236,0.00507,0.68055,0.0036,98.18,,2034.2,266789,1,0.00169,ok
ucr,213_UCR_Anomaly_STAFFIIIDatabase_33211_126920_127370,STAFFIIIDatabase,,tirex_quantile,default,,0.00193,0.00229,0.66817,1.0,98.18,,2034.2,266789,1,0.00169,ok
ucr,213_UCR_Anomaly_STAFFIIIDatabase_33211_126920_127370,STAFFIIIDatabase,,iforest,default,,0.00533,0.00459,0.71043,0.01091,14.35,,1594.5,266789,1,0.00169,ok
ucr,213_UCR_Anomaly_STAFFIIIDatabase_33211_126920_127370,STAFFIIIDatabase,,iforest,tuned,"{'w': 200, 'n_estimators': 200}",0.0046,0.00476,0.7087,0.02203,36.61,15.05,0.0,266789,1,0.00169,ok
ucr,213_UCR_Anomaly_STAFFIIIDatabase_33211_126920_127370,STAFFIIIDatabase,,lof,default,,0.03113,0.03414,0.73299,0.06979,11.24,,1594.5,266789,1,0.00169,ok
ucr,213_UCR_Anomaly_STAFFIIIDatabase_33211_126920_127370,STAFFIIIDatabase,,lof,tuned,"{'w': 100, 'k': 10}",0.06285,0.06823,0.75312,0.11578,23.81,5.65,0.0,266789,1,0.00169,ok
ucr,213_UCR_Anomaly_STAFFIIIDatabase_33211_126920_127370,STAFFIIIDatabase,,knn,default,,0.26268,0.04362,0.97733,0.07469,10.35,,1594.5,266789,1,0.00169,ok
ucr,213_UCR_Anomaly_STAFFIIIDatabase_33211_126920_127370,STAFFIIIDatabase,,knn,tuned,"{'w': 200, 'k': 3}",0.39159,0.11763,0.99951,0.15703,20.67,5.67,0.0,266789,1,0.00169,ok
ucr,213_UCR_Anomaly_STAFFIIIDatabase_33211_126920_127370,STAFFIIIDatabase,,ae,default,,0.31224,0.06251,0.99941,0.05621,22.86,,1708.5,266789,1,0.00169,ok
ucr,213_UCR_Anomaly_STAFFIIIDatabase_33211_126920_127370,STAFFIIIDatabase,,ae,tuned,"{'w': 200, 'hidden': 32, 'latent': 8}",0.38571,0.08476,0.99949,0.06238,49.11,52.14,0.0,266789,1,0.00169,ok
ucr,216_UCR_Anomaly_STAFFIIIDatabase_37216_160720_161370,STAFFIIIDatabase,,chronos_small_resid,default,,0.00485,0.00478,0.66841,0.00442,2.63,,1740.0,262674,1,0.00248,ok
ucr,216_UCR_Anomaly_STAFFIIIDatabase_37216_160720_161370,STAFFIIIDatabase,,chronos_small_quantile,default,,0.00448,0.00373,0.73427,1.0,2.63,,1740.0,262674,1,0.00248,ok
ucr,216_UCR_Anomaly_STAFFIIIDatabase_37216_160720_161370,STAFFIIIDatabase,,chronos_base_resid,default,,0.00297,0.00321,0.67738,0.0045,5.76,,1970.8,262674,1,0.00248,ok
ucr,216_UCR_Anomaly_STAFFIIIDatabase_37216_160720_161370,STAFFIIIDatabase,,chronos_base_quantile,default,,0.00353,0.00347,0.71851,1.0,5.76,,1970.8,262674,1,0.00248,ok
ucr,216_UCR_Anomaly_STAFFIIIDatabase_37216_160720_161370,STAFFIIIDatabase,,timesfm_resid,default,,0.00362,0.00381,0.67387,0.00474,87.52,,2047.4,262674,1,0.00248,ok
ucr,216_UCR_Anomaly_STAFFIIIDatabase_37216_160720_161370,STAFFIIIDatabase,,timesfm_quantile,default,,0.00513,0.00359,0.67724,1.0,87.52,,2047.4,262674,1,0.00248,ok
ucr,216_UCR_Anomaly_STAFFIIIDatabase_37216_160720_161370,STAFFIIIDatabase,,tirex_resid,default,,0.00353,0.00391,0.67273,0.00444,97.27,,2034.2,262674,1,0.00248,ok
ucr,216_UCR_Anomaly_STAFFIIIDatabase_37216_160720_161370,STAFFIIIDatabase,,tirex_quantile,default,,0.0043,0.00359,0.6687,1.0,97.27,,2034.2,262674,1,0.00248,ok
ucr,216_UCR_Anomaly_STAFFIIIDatabase_37216_160720_161370,STAFFIIIDatabase,,iforest,default,,0.05798,0.00751,0.83214,0.00805,14.76,,1594.5,262674,1,0.00248,ok
ucr,216_UCR_Anomaly_STAFFIIIDatabase_37216_160720_161370,STAFFIIIDatabase,,iforest,tuned,"{'w': 200, 'n_estimators': 200}",0.093,0.01587,0.87589,0.01883,41.16,13.54,0.0,262674,1,0.00248,ok
ucr,216_UCR_Anomaly_STAFFIIIDatabase_37216_160720_161370,STAFFIIIDatabase,,lof,default,,0.07681,0.07587,0.78572,0.09275,13.18,,1594.5,262674,1,0.00248,ok
ucr,216_UCR_Anomaly_STAFFIIIDatabase_37216_160720_161370,STAFFIIIDatabase,,lof,tuned,"{'w': 100, 'k': 30}",0.11367,0.09226,0.79307,0.0938,27.06,9.48,0.0,262674,1,0.00248,ok
ucr,216_UCR_Anomaly_STAFFIIIDatabase_37216_160720_161370,STAFFIIIDatabase,,knn,default,,0.28784,0.04533,0.99941,0.03987,11.6,,1594.5,262674,1,0.00248,ok
ucr,216_UCR_Anomaly_STAFFIIIDatabase_37216_160720_161370,STAFFIIIDatabase,,knn,tuned,"{'w': 200, 'k': 1}",0.47016,0.12489,0.9994,0.07803,21.84,7.33,0.0,262674,1,0.00248,ok
ucr,216_UCR_Anomaly_STAFFIIIDatabase_37216_160720_161370,STAFFIIIDatabase,,ae,default,,0.29218,0.04159,0.99941,0.04121,24.42,,1706.9,262674,1,0.00248,ok
ucr,216_UCR_Anomaly_STAFFIIIDatabase_37216_160720_161370,STAFFIIIDatabase,,ae,tuned,"{'w': 200, 'hidden': 32, 'latent': 8}",0.46431,0.11065,0.9994,0.05422,46.99,60.73,0.0,262674,1,0.00248,ok
ucr,219_UCR_Anomaly_STAFFIIIDatabase_41612_64632_64852,STAFFIIIDatabase,,chronos_small_resid,default,,0.00206,0.00265,0.79556,0.00308,2.44,,1740.0,258228,1,0.00086,ok
ucr,219_UCR_Anomaly_STAFFIIIDatabase_41612_64632_64852,STAFFIIIDatabase,,chronos_small_quantile,default,,0.00113,0.00167,0.89543,1.0,2.44,,1740.0,258228,1,0.00086,ok
ucr,219_UCR_Anomaly_STAFFIIIDatabase_41612_64632_64852,STAFFIIIDatabase,,chronos_base_resid,default,,0.01051,0.00375,0.82179,0.00499,5.23,,1970.8,258228,1,0.00086,ok
ucr,219_UCR_Anomaly_STAFFIIIDatabase_41612_64632_64852,STAFFIIIDatabase,,chronos_base_quantile,default,,0.00117,0.0017,0.89214,1.0,5.23,,1970.8,258228,1,0.00086,ok
ucr,219_UCR_Anomaly_STAFFIIIDatabase_41612_64632_64852,STAFFIIIDatabase,,timesfm_resid,default,,0.001,0.00161,0.77612,0.00247,68.31,,2047.4,258228,1,0.00086,ok
ucr,219_UCR_Anomaly_STAFFIIIDatabase_41612_64632_64852,STAFFIIIDatabase,,timesfm_quantile,default,,0.00099,0.00175,0.87183,1.0,68.31,,2047.4,258228,1,0.00086,ok
ucr,219_UCR_Anomaly_STAFFIIIDatabase_41612_64632_64852,STAFFIIIDatabase,,tirex_resid,default,,0.0014,0.00225,0.73737,0.00277,95.37,,2034.2,258228,1,0.00086,ok
ucr,219_UCR_Anomaly_STAFFIIIDatabase_41612_64632_64852,STAFFIIIDatabase,,tirex_quantile,default,,0.00104,0.0016,0.85012,1.0,95.37,,2034.2,258228,1,0.00086,ok
ucr,219_UCR_Anomaly_STAFFIIIDatabase_41612_64632_64852,STAFFIIIDatabase,,iforest,default,,0.00254,0.00268,0.66892,0.0068,14.43,,1594.5,258228,1,0.00086,ok
ucr,219_UCR_Anomaly_STAFFIIIDatabase_41612_64632_64852,STAFFIIIDatabase,,iforest,tuned,"{'w': 400, 'n_estimators': 100}",0.0018,0.00205,0.66428,0.0081,50.2,17.92,0.0,258228,1,0.00086,ok
ucr,219_UCR_Anomaly_STAFFIIIDatabase_41612_64632_64852,STAFFIIIDatabase,,lof,default,,0.0069,0.01154,0.68018,0.03695,19.46,,1594.5,258228,1,0.00086,ok
ucr,219_UCR_Anomaly_STAFFIIIDatabase_41612_64632_64852,STAFFIIIDatabase,,lof,tuned,"{'w': 100, 'k': 10}",0.01785,0.02267,0.68037,0.07018,26.5,8.86,0.0,258228,1,0.00086,ok
ucr,219_UCR_Anomaly_STAFFIIIDatabase_41612_64632_64852,STAFFIIIDatabase,,knn,default,,0.11321,0.04218,0.75825,0.10874,13.91,,1594.5,258228,1,0.00086,ok
ucr,219_UCR_Anomaly_STAFFIIIDatabase_41612_64632_64852,STAFFIIIDatabase,,knn,tuned,"{'w': 200, 'k': 1}",0.0869,0.06991,0.66806,0.20833,20.92,7.1,0.0,258228,1,0.00086,ok
ucr,219_UCR_Anomaly_STAFFIIIDatabase_41612_64632_64852,STAFFIIIDatabase,,ae,default,,0.7637,0.10306,0.99994,0.10106,27.61,,1705.4,258228,1,0.00086,ok
ucr,219_UCR_Anomaly_STAFFIIIDatabase_41612_64632_64852,STAFFIIIDatabase,,ae,tuned,"{'w': 100, 'hidden': 64, 'latent': 8}",0.773,0.10239,0.99995,0.07745,43.62,67.06,0.0,258228,1,0.00086,ok
ucr,222_UCR_Anomaly_mit14046longtermecg_56123_91200_91700,mit14046longtermecg,,chronos_small_resid,default,,0.00414,0.00483,0.89247,0.00123,1.74,,1740.0,155379,1,0.00322,ok
ucr,222_UCR_Anomaly_mit14046longtermecg_56123_91200_91700,mit14046longtermecg,,chronos_small_quantile,default,,0.00307,0.00367,0.70138,1.0,1.74,,1740.0,155379,1,0.00322,ok
ucr,222_UCR_Anomaly_mit14046longtermecg_56123_91200_91700,mit14046longtermecg,,chronos_base_resid,default,,0.00556,0.00582,0.84137,0.00116,3.49,,1970.8,155379,1,0.00322,ok
ucr,222_UCR_Anomaly_mit14046longtermecg_56123_91200_91700,mit14046longtermecg,,chronos_base_quantile,default,,0.00308,0.00372,0.72061,1.0,3.49,,1970.8,155379,1,0.00322,ok
ucr,222_UCR_Anomaly_mit14046longtermecg_56123_91200_91700,mit14046longtermecg,,timesfm_resid,default,,0.00557,0.00602,0.71679,0.00114,49.15,,2047.4,155379,1,0.00322,ok
ucr,222_UCR_Anomaly_mit14046longtermecg_56123_91200_91700,mit14046longtermecg,,timesfm_quantile,default,,0.00318,0.00379,0.68106,1.0,49.15,,2047.4,155379,1,0.00322,ok
ucr,222_UCR_Anomaly_mit14046longtermecg_56123_91200_91700,mit14046longtermecg,,tirex_resid,default,,0.00501,0.00551,0.79535,0.00078,61.5,,2034.2,155379,1,0.00322,ok
ucr,222_UCR_Anomaly_mit14046longtermecg_56123_91200_91700,mit14046longtermecg,,tirex_quantile,default,,0.00334,0.00393,0.691,1.0,61.5,,2034.2,155379,1,0.00322,ok
ucr,222_UCR_Anomaly_mit14046longtermecg_56123_91200_91700,mit14046longtermecg,,iforest,default,,0.1375,0.03118,0.99766,0.05259,10.44,,1594.5,155379,1,0.00322,ok
ucr,222_UCR_Anomaly_mit14046longtermecg_56123_91200_91700,mit14046longtermecg,,iforest,tuned,"{'w': 100, 'n_estimators': 200}",0.1375,0.03118,0.99766,0.05259,18.13,18.43,0.0,155379,1,0.00322,ok
ucr,222_UCR_Anomaly_mit14046longtermecg_56123_91200_91700,mit14046longtermecg,,lof,default,,0.00459,0.00651,0.9797,0.01655,11.15,,1594.5,155379,1,0.00322,ok
ucr,222_UCR_Anomaly_mit14046longtermecg_56123_91200_91700,mit14046longtermecg,,lof,tuned,"{'w': 100, 'k': 50}",0.00459,0.00651,0.9797,0.01655,19.27,17.76,0.0,155379,1,0.00322,ok
ucr,222_UCR_Anomaly_mit14046longtermecg_56123_91200_91700,mit14046longtermecg,,knn,default,,0.20861,0.07241,0.99796,0.11452,9.09,,1594.5,155379,1,0.00322,ok
ucr,222_UCR_Anomaly_mit14046longtermecg_56123_91200_91700,mit14046longtermecg,,knn,tuned,"{'w': 100, 'k': 1}",0.21359,0.07753,0.99796,0.11439,17.39,11.99,0.0,155379,1,0.00322,ok
ucr,222_UCR_Anomaly_mit14046longtermecg_56123_91200_91700,mit14046longtermecg,,ae,default,,0.20029,0.06156,0.99006,0.10304,24.78,,1666.3,155379,1,0.00322,ok
ucr,222_UCR_Anomaly_mit14046longtermecg_56123_91200_91700,mit14046longtermecg,,ae,tuned,"{'w': 100, 'hidden': 64, 'latent': 8}",0.18272,0.05319,0.98091,0.10977,40.02,127.25,0.0,155379,1,0.00322,ok
ucr,225_UCR_Anomaly_mit14046longtermecg_81214_143000_143300,mit14046longtermecg,,chronos_small_resid,default,,0.00605,0.006,0.63402,0.00269,1.99,,1740.0,118785,1,0.00253,ok
ucr,225_UCR_Anomaly_mit14046longtermecg_81214_143000_143300,mit14046longtermecg,,chronos_small_quantile,default,,0.00461,0.00409,0.80643,1.0,1.99,,1740.0,118785,1,0.00253,ok
ucr,225_UCR_Anomaly_mit14046longtermecg_81214_143000_143300,mit14046longtermecg,,chronos_base_resid,default,,0.00571,0.00587,0.63531,0.00268,2.42,,1970.8,118785,1,0.00253,ok
ucr,225_UCR_Anomaly_mit14046longtermecg_81214_143000_143300,mit14046longtermecg,,chronos_base_quantile,default,,0.0036,0.00415,0.74977,1.0,2.42,,1970.8,118785,1,0.00253,ok
ucr,225_UCR_Anomaly_mit14046longtermecg_81214_143000_143300,mit14046longtermecg,,timesfm_resid,default,,0.00392,0.00485,0.63431,0.0027,37.52,,2047.4,118785,1,0.00253,ok
ucr,225_UCR_Anomaly_mit14046longtermecg_81214_143000_143300,mit14046longtermecg,,timesfm_quantile,default,,0.00348,0.00418,0.7055,1.0,37.52,,2047.4,118785,1,0.00253,ok
ucr,225_UCR_Anomaly_mit14046longtermecg_81214_143000_143300,mit14046longtermecg,,tirex_resid,default,,0.00357,0.00432,0.63537,0.00263,47.17,,2034.2,118785,1,0.00253,ok
ucr,225_UCR_Anomaly_mit14046longtermecg_81214_143000_143300,mit14046longtermecg,,tirex_quantile,default,,0.00363,0.00428,0.72944,1.0,47.17,,2034.2,118785,1,0.00253,ok
ucr,225_UCR_Anomaly_mit14046longtermecg_81214_143000_143300,mit14046longtermecg,,iforest,default,,0.00619,0.00697,0.58068,0.02041,7.39,,1594.5,118785,1,0.00253,ok
ucr,225_UCR_Anomaly_mit14046longtermecg_81214_143000_143300,mit14046longtermecg,,iforest,tuned,"{'w': 200, 'n_estimators': 100}",0.00497,0.00633,0.57119,0.05128,14.37,24.4,0.0,118785,1,0.00253,ok
ucr,225_UCR_Anomaly_mit14046longtermecg_81214_143000_143300,mit14046longtermecg,,lof,default,,0.22076,0.19602,0.64381,0.19048,13.54,,1594.5,118785,1,0.00253,ok
ucr,225_UCR_Anomaly_mit14046longtermecg_81214_143000_143300,mit14046longtermecg,,lof,tuned,"{'w': 200, 'k': 30}",0.37282,0.33744,0.69838,0.4,11.77,35.33,0.0,118785,1,0.00253,ok
ucr,225_UCR_Anomaly_mit14046longtermecg_81214_143000_143300,mit14046longtermecg,,knn,default,,0.0457,0.04261,0.54843,0.0743,10.45,,1594.5,118785,1,0.00253,ok
ucr,225_UCR_Anomaly_mit14046longtermecg_81214_143000_143300,mit14046longtermecg,,knn,tuned,"{'w': 100, 'k': 3}",0.05082,0.04719,0.54783,0.07859,17.46,25.43,0.0,118785,1,0.00253,ok
ucr,225_UCR_Anomaly_mit14046longtermecg_81214_143000_143300,mit14046longtermecg,,ae,default,,0.04603,0.04536,0.56065,0.0757,33.1,,1653.6,118785,1,0.00253,ok
ucr,225_UCR_Anomaly_mit14046longtermecg_81214_143000_143300,mit14046longtermecg,,ae,tuned,"{'w': 100, 'hidden': 64, 'latent': 16}",0.04603,0.04536,0.56065,0.0757,33.27,169.98,0.0,118785,1,0.00253,ok
ucr,228_UCR_Anomaly_mit14134longtermecg_11361_47830_47850,mit14134longtermecg,,chronos_small_resid,default,,0.00151,0.00168,0.75361,0.00272,0.42,,1740.0,47639,1,0.00044,ok
ucr,228_UCR_Anomaly_mit14134longtermecg_11361_47830_47850,mit14134longtermecg,,chronos_small_quantile,default,,0.00085,0.001,0.70431,1.0,0.42,,1740.0,47639,1,0.00044,ok
ucr,228_UCR_Anomaly_mit14134longtermecg_11361_47830_47850,mit14134longtermecg,,chronos_base_resid,default,,0.00214,0.00246,0.71273,0.00311,0.97,,1970.8,47639,1,0.00044,ok
ucr,228_UCR_Anomaly_mit14134longtermecg_11361_47830_47850,mit14134longtermecg,,chronos_base_quantile,default,,0.0012,0.0014,0.6745,1.0,0.97,,1970.8,47639,1,0.00044,ok
ucr,228_UCR_Anomaly_mit14134longtermecg_11361_47830_47850,mit14134longtermecg,,timesfm_resid,default,,0.00191,0.00209,0.7377,0.00283,10.73,,2047.4,47639,1,0.00044,ok
ucr,228_UCR_Anomaly_mit14134longtermecg_11361_47830_47850,mit14134longtermecg,,timesfm_quantile,default,,0.00082,0.00106,0.68041,1.0,10.73,,2047.4,47639,1,0.00044,ok
ucr,228_UCR_Anomaly_mit14134longtermecg_11361_47830_47850,mit14134longtermecg,,tirex_resid,default,,0.00165,0.00183,0.78281,0.0026,17.55,,2034.2,47639,1,0.00044,ok
ucr,228_UCR_Anomaly_mit14134longtermecg_11361_47830_47850,mit14134longtermecg,,tirex_quantile,default,,0.0013,0.00141,0.69139,1.0,17.55,,2034.2,47639,1,0.00044,ok
ucr,228_UCR_Anomaly_mit14134longtermecg_11361_47830_47850,mit14134longtermecg,,iforest,default,,0.00365,0.00543,0.75817,0.08871,3.53,,1594.5,47639,1,0.00044,ok
ucr,228_UCR_Anomaly_mit14134longtermecg_11361_47830_47850,mit14134longtermecg,,iforest,tuned,"{'w': 100, 'n_estimators': 200}",0.00365,0.00543,0.75817,0.08871,5.71,8.16,0.0,47639,1,0.00044,ok
ucr,228_UCR_Anomaly_mit14134longtermecg_11361_47830_47850,mit14134longtermecg,,lof,default,,0.07222,0.05827,0.76105,0.25974,1.41,,1594.5,47639,1,0.00044,ok
ucr,228_UCR_Anomaly_mit14134longtermecg_11361_47830_47850,mit14134longtermecg,,lof,tuned,"{'w': 200, 'k': 10}",0.0091,0.01997,0.80585,0.33333,3.5,3.76,0.0,47639,1,0.00044,ok
ucr,228_UCR_Anomaly_mit14134longtermecg_11361_47830_47850,mit14134longtermecg,,knn,default,,0.03565,0.05097,0.79407,0.34286,1.09,,1594.5,47639,1,0.00044,ok
ucr,228_UCR_Anomaly_mit14134longtermecg_11361_47830_47850,mit14134longtermecg,,knn,tuned,"{'w': 100, 'k': 3}",0.0407,0.05862,0.79747,0.37143,3.81,2.75,0.0,47639,1,0.00044,ok
ucr,228_UCR_Anomaly_mit14134longtermecg_11361_47830_47850,mit14134longtermecg,,ae,default,,0.03465,0.04869,0.88046,0.19167,6.22,,1618.8,47639,1,0.00044,ok
ucr,228_UCR_Anomaly_mit14134longtermecg_11361_47830_47850,mit14134longtermecg,,ae,tuned,"{'w': 200, 'hidden': 32, 'latent': 16}",0.00435,0.00718,0.90269,0.0859,10.49,26.95,0.0,47639,1,0.00044,ok
ucr,231_UCR_Anomaly_mit14134longtermecg_8763_47530_47790,mit14134longtermecg,,chronos_small_resid,default,,0.00446,0.00662,0.66808,0.00138,1.01,,1740.0,50237,1,0.0052,ok
ucr,231_UCR_Anomaly_mit14134longtermecg_8763_47530_47790,mit14134longtermecg,,chronos_small_quantile,default,,0.00503,0.00697,0.69275,1.0,1.01,,1740.0,50237,1,0.0052,ok
ucr,231_UCR_Anomaly_mit14134longtermecg_8763_47530_47790,mit14134longtermecg,,chronos_base_resid,default,,0.00471,0.00713,0.67022,0.00153,1.35,,1970.8,50237,1,0.0052,ok
ucr,231_UCR_Anomaly_mit14134longtermecg_8763_47530_47790,mit14134longtermecg,,chronos_base_quantile,default,,0.00503,0.00702,0.67267,1.0,1.35,,1970.8,50237,1,0.0052,ok
ucr,231_UCR_Anomaly_mit14134longtermecg_8763_47530_47790,mit14134longtermecg,,timesfm_resid,default,,0.00595,0.00845,0.66492,0.0016,14.61,,2047.4,50237,1,0.0052,ok
ucr,231_UCR_Anomaly_mit14134longtermecg_8763_47530_47790,mit14134longtermecg,,timesfm_quantile,default,,0.00481,0.00672,0.66668,1.0,14.61,,2047.4,50237,1,0.0052,ok
ucr,231_UCR_Anomaly_mit14134longtermecg_8763_47530_47790,mit14134longtermecg,,tirex_resid,default,,0.00617,0.00866,0.66439,0.00147,21.21,,2034.2,50237,1,0.0052,ok
ucr,231_UCR_Anomaly_mit14134longtermecg_8763_47530_47790,mit14134longtermecg,,tirex_quantile,default,,0.00521,0.00745,0.66668,1.0,21.21,,2034.2,50237,1,0.0052,ok
ucr,231_UCR_Anomaly_mit14134longtermecg_8763_47530_47790,mit14134longtermecg,,iforest,default,,0.00357,0.00784,0.77781,0.01081,3.46,,1594.5,50237,1,0.0052,ok
ucr,231_UCR_Anomaly_mit14134longtermecg_8763_47530_47790,mit14134longtermecg,,iforest,tuned,"{'w': 100, 'n_estimators': 200}",0.00357,0.00784,0.77781,0.01081,6.03,7.57,0.0,50237,1,0.0052,ok
ucr,231_UCR_Anomaly_mit14134longtermecg_8763_47530_47790,mit14134longtermecg,,lof,default,,0.01465,0.02902,0.77917,0.03816,1.25,,1594.5,50237,1,0.0052,ok
ucr,231_UCR_Anomaly_mit14134longtermecg_8763_47530_47790,mit14134longtermecg,,lof,tuned,"{'w': 50, 'k': 30}",0.09883,0.10139,0.80076,0.14138,5.12,3.18,0.0,50237,1,0.0052,ok
ucr,231_UCR_Anomaly_mit14134longtermecg_8763_47530_47790,mit14134longtermecg,,knn,default,,0.03197,0.04923,0.81657,0.08838,0.97,,1594.5,50237,1,0.0052,ok
ucr,231_UCR_Anomaly_mit14134longtermecg_8763_47530_47790,mit14134longtermecg,,knn,tuned,"{'w': 50, 'k': 3}",0.02775,0.0472,0.90695,0.06507,4.63,2.26,0.0,50237,1,0.0052,ok
ucr,231_UCR_Anomaly_mit14134longtermecg_8763_47530_47790,mit14134longtermecg,,ae,default,,0.00298,0.00513,0.68609,0.00321,5.06,,1620.6,50237,1,0.0052,ok
ucr,231_UCR_Anomaly_mit14134longtermecg_8763_47530_47790,mit14134longtermecg,,ae,tuned,"{'w': 100, 'hidden': 64, 'latent': 8}",0.00302,0.00717,0.77828,0.00641,9.1,19.67,0.0,50237,1,0.0052,ok
ucr,234_UCR_Anomaly_mit14157longtermecg_18913_24600_24601,mit14157longtermecg,,chronos_small_resid,default,,0.00036,0.00052,0.6505,0.00231,0.85,,1740.0,79797,1,3e-05,ok
ucr,234_UCR_Anomaly_mit14157longtermecg_18913_24600_24601,mit14157longtermecg,,chronos_small_quantile,default,,3e-05,5e-05,0.7603,1.0,0.85,,1740.0,79797,1,3e-05,ok
ucr,234_UCR_Anomaly_mit14157longtermecg_18913_24600_24601,mit14157longtermecg,,chronos_base_resid,default,,0.0005,0.00072,0.66522,0.00253,1.71,,1970.8,79797,1,3e-05,ok
ucr,234_UCR_Anomaly_mit14157longtermecg_18913_24600_24601,mit14157longtermecg,,chronos_base_quantile,default,,0.00016,0.00021,0.66667,1.0,1.71,,1970.8,79797,1,3e-05,ok
ucr,234_UCR_Anomaly_mit14157longtermecg_18913_24600_24601,mit14157longtermecg,,timesfm_resid,default,,0.00249,0.00278,0.64889,0.00935,24.8,,2047.4,79797,1,3e-05,ok
ucr,234_UCR_Anomaly_mit14157longtermecg_18913_24600_24601,mit14157longtermecg,,timesfm_quantile,default,,0.00303,0.0027,0.67039,1.0,24.8,,2047.4,79797,1,3e-05,ok
ucr,234_UCR_Anomaly_mit14157longtermecg_18913_24600_24601,mit14157longtermecg,,tirex_resid,default,,0.00352,0.00286,0.67124,0.0107,27.15,,2034.2,79797,1,3e-05,ok
ucr,234_UCR_Anomaly_mit14157longtermecg_18913_24600_24601,mit14157longtermecg,,tirex_quantile,default,,0.00159,0.00129,0.6849,1.0,27.15,,2034.2,79797,1,3e-05,ok
ucr,234_UCR_Anomaly_mit14157longtermecg_18913_24600_24601,mit14157longtermecg,,iforest,default,,9e-05,0.00019,0.63362,0.02222,5.04,,1594.5,79797,1,3e-05,ok
ucr,234_UCR_Anomaly_mit14157longtermecg_18913_24600_24601,mit14157longtermecg,,iforest,tuned,"{'w': 100, 'n_estimators': 100}",0.0001,0.00018,0.62961,0.0198,7.66,9.06,0.0,79797,1,3e-05,ok
ucr,234_UCR_Anomaly_mit14157longtermecg_18913_24600_24601,mit14157longtermecg,,lof,default,,0.00093,0.00161,0.6445,0.09524,3.08,,1594.5,79797,1,3e-05,ok
ucr,234_UCR_Anomaly_mit14157longtermecg_18913_24600_24601,mit14157longtermecg,,lof,tuned,"{'w': 200, 'k': 10}",6e-05,0.00011,0.62139,0.07143,5.1,5.61,0.0,79797,1,3e-05,ok
ucr,234_UCR_Anomaly_mit14157longtermecg_18913_24600_24601,mit14157longtermecg,,knn,default,,0.00164,0.00332,0.63956,0.15385,2.53,,1594.5,79797,1,3e-05,ok
ucr,234_UCR_Anomaly_mit14157longtermecg_18913_24600_24601,mit14157longtermecg,,knn,tuned,"{'w': 100, 'k': 3}",0.00213,0.00499,0.64124,0.18182,6.22,4.18,0.0,79797,1,3e-05,ok
ucr,234_UCR_Anomaly_mit14157longtermecg_18913_24600_24601,mit14157longtermecg,,ae,default,,0.00178,0.00333,0.65586,0.18182,10.62,,1632.4,79797,1,3e-05,ok
ucr,234_UCR_Anomaly_mit14157longtermecg_18913_24600_24601,mit14157longtermecg,,ae,tuned,"{'w': 100, 'hidden': 32, 'latent': 16}",0.00146,0.00333,0.65022,0.16667,14.26,40.78,0.0,79797,1,3e-05,ok
ucr,237_UCR_Anomaly_mit14157longtermecg_19313_89560_90370,mit14157longtermecg,,chronos_small_resid,default,,0.01193,0.01344,0.67674,0.00187,0.83,,1740.0,77687,1,0.01044,ok
ucr,237_UCR_Anomaly_mit14157longtermecg_19313_89560_90370,mit14157longtermecg,,chronos_small_quantile,default,,0.00963,0.01101,0.77678,1.0,0.83,,1740.0,77687,1,0.01044,ok
ucr,237_UCR_Anomaly_mit14157longtermecg_19313_89560_90370,mit14157longtermecg,,chronos_base_resid,default,,0.01482,0.01626,0.66595,0.00352,2.04,,1970.8,77687,1,0.01044,ok
ucr,237_UCR_Anomaly_mit14157longtermecg_19313_89560_90370,mit14157longtermecg,,chronos_base_quantile,default,,0.00983,0.01124,0.77606,1.0,2.04,,1970.8,77687,1,0.01044,ok
ucr,237_UCR_Anomaly_mit14157longtermecg_19313_89560_90370,mit14157longtermecg,,timesfm_resid,default,,0.02242,0.02489,0.65109,0.00513,25.79,,2047.4,77687,1,0.01044,ok
ucr,237_UCR_Anomaly_mit14157longtermecg_19313_89560_90370,mit14157longtermecg,,timesfm_quantile,default,,0.01207,0.01536,0.66672,1.0,25.79,,2047.4,77687,1,0.01044,ok
ucr,237_UCR_Anomaly_mit14157longtermecg_19313_89560_90370,mit14157longtermecg,,tirex_resid,default,,0.0203,0.0227,0.65217,0.00501,42.83,,2034.2,77687,1,0.01044,ok
ucr,237_UCR_Anomaly_mit14157longtermecg_19313_89560_90370,mit14157longtermecg,,tirex_quantile,default,,0.01086,0.0138,0.70221,1.0,42.83,,2034.2,77687,1,0.01044,ok
ucr,237_UCR_Anomaly_mit14157longtermecg_19313_89560_90370,mit14157longtermecg,,iforest,default,,0.05658,0.06,0.65104,0.13706,4.88,,1594.5,77687,1,0.01044,ok
ucr,237_UCR_Anomaly_mit14157longtermecg_19313_89560_90370,mit14157longtermecg,,iforest,tuned,"{'w': 100, 'n_estimators': 100}",0.05925,0.06352,0.6636,0.13974,7.71,10.62,0.0,77687,1,0.01044,ok
ucr,237_UCR_Anomaly_mit14157longtermecg_19313_89560_90370,mit14157longtermecg,,lof,default,,0.1526,0.15622,0.7177,0.11619,2.87,,1594.5,77687,1,0.01044,ok
ucr,237_UCR_Anomaly_mit14157longtermecg_19313_89560_90370,mit14157longtermecg,,lof,tuned,"{'w': 100, 'k': 30}",0.16642,0.16424,0.71958,0.14344,6.77,5.58,0.0,77687,1,0.01044,ok
ucr,237_UCR_Anomaly_mit14157longtermecg_19313_89560_90370,mit14157longtermecg,,knn,default,,0.17817,0.17698,0.70687,0.15975,2.2,,1594.5,77687,1,0.01044,ok
ucr,237_UCR_Anomaly_mit14157longtermecg_19313_89560_90370,mit14157longtermecg,,knn,tuned,"{'w': 100, 'k': 3}",0.18263,0.17991,0.70738,0.16618,6.43,4.41,0.0,77687,1,0.01044,ok
ucr,237_UCR_Anomaly_mit14157longtermecg_19313_89560_90370,mit14157longtermecg,,ae,default,,0.12988,0.13422,0.71026,0.12305,10.11,,1632.0,77687,1,0.01044,ok
ucr,237_UCR_Anomaly_mit14157longtermecg_19313_89560_90370,mit14157longtermecg,,ae,tuned,"{'w': 100, 'hidden': 32, 'latent': 16}",0.1102,0.11071,0.70368,0.1173,15.1,41.33,0.0,77687,1,0.01044,ok
ucr,240_UCR_Anomaly_taichidbS0715Master_240030_884100_884200,taichidbS0715Master,,chronos_small_resid,default,,0.00036,0.00068,0.69127,0.00107,6.29,,1740.0,659970,1,0.00015,ok
ucr,240_UCR_Anomaly_taichidbS0715Master_240030_884100_884200,taichidbS0715Master,,chronos_small_quantile,default,,0.00015,0.00029,0.68923,1.0,6.29,,1740.0,659970,1,0.00015,ok
ucr,240_UCR_Anomaly_taichidbS0715Master_240030_884100_884200,taichidbS0715Master,,chronos_base_resid,default,,0.00051,0.00076,0.67864,0.00112,11.46,,1970.8,659970,1,0.00015,ok
ucr,240_UCR_Anomaly_taichidbS0715Master_240030_884100_884200,taichidbS0715Master,,chronos_base_quantile,default,,0.00015,0.00032,0.67852,1.0,11.46,,1970.8,659970,1,0.00015,ok
ucr,240_UCR_Anomaly_taichidbS0715Master_240030_884100_884200,taichidbS0715Master,,timesfm_resid,default,,0.00029,0.00051,0.67941,0.00082,196.72,,2047.4,659970,1,0.00015,ok
ucr,240_UCR_Anomaly_taichidbS0715Master_240030_884100_884200,taichidbS0715Master,,timesfm_quantile,default,,0.00023,0.00038,0.72238,1.0,196.72,,2047.4,659970,1,0.00015,ok
ucr,240_UCR_Anomaly_taichidbS0715Master_240030_884100_884200,taichidbS0715Master,,tirex_resid,default,,0.00049,0.00066,0.67282,0.00083,452.92,,2034.2,659970,1,0.00015,ok
ucr,240_UCR_Anomaly_taichidbS0715Master_240030_884100_884200,taichidbS0715Master,,tirex_quantile,default,,0.0002,0.00035,0.66964,1.0,452.92,,2034.2,659970,1,0.00015,ok
ucr,240_UCR_Anomaly_taichidbS0715Master_240030_884100_884200,taichidbS0715Master,,iforest,default,,0.0005,0.00075,0.68388,0.0023,74.68,,1594.5,659970,1,0.00015,ok
ucr,240_UCR_Anomaly_taichidbS0715Master_240030_884100_884200,taichidbS0715Master,,iforest,tuned,"{'w': 400, 'n_estimators': 200}",0.00038,0.00058,0.7376,0.00751,281.31,134.81,0.0,659970,1,0.00015,ok
ucr,240_UCR_Anomaly_taichidbS0715Master_240030_884100_884200,taichidbS0715Master,,lof,default,,0.01181,0.01089,0.6886,0.01923,411.91,,1594.5,659970,1,0.00015,ok
ucr,240_UCR_Anomaly_taichidbS0715Master_240030_884100_884200,taichidbS0715Master,,lof,tuned,"{'w': 100, 'k': 10}",0.01089,0.01278,0.82828,0.03875,269.75,309.35,0.0,659970,1,0.00015,ok
ucr,240_UCR_Anomaly_taichidbS0715Master_240030_884100_884200,taichidbS0715Master,,knn,default,,0.00726,0.00926,0.79285,1.0,187.67,,1594.5,659970,1,0.00015,ok
ucr,240_UCR_Anomaly_taichidbS0715Master_240030_884100_884200,taichidbS0715Master,,knn,tuned,"{'w': 50, 'k': 1}",0.00574,0.00735,0.77153,0.01429,678.45,147.0,0.0,659970,1,0.00015,ok
ucr,240_UCR_Anomaly_taichidbS0715Master_240030_884100_884200,taichidbS0715Master,,ae,default,,0.00074,0.00115,0.79819,0.00354,110.08,,1882.3,659970,1,0.00015,ok
ucr,240_UCR_Anomaly_taichidbS0715Master_240030_884100_884200,taichidbS0715Master,,ae,tuned,"{'w': 50, 'hidden': 64, 'latent': 16}",0.00075,0.00116,0.78464,0.01004,210.78,487.32,0.0,659970,1,0.00015,ok
ucr,243_UCR_Anomaly_tilt12744mtable_100000_203355_203400,tilt12744mtable,,chronos_small_resid,default,,0.00046,0.00067,0.65937,0.00158,1.32,,1740.0,150001,1,0.00031,ok
ucr,243_UCR_Anomaly_tilt12744mtable_100000_203355_203400,tilt12744mtable,,chronos_small_quantile,default,,0.00038,0.00049,0.68199,1.0,1.32,,1740.0,150001,1,0.00031,ok
ucr,243_UCR_Anomaly_tilt12744mtable_100000_203355_203400,tilt12744mtable,,chronos_base_resid,default,,0.00035,0.00063,0.65363,0.00089,3.8,,1970.8,150001,1,0.00031,ok
ucr,243_UCR_Anomaly_tilt12744mtable_100000_203355_203400,tilt12744mtable,,chronos_base_quantile,default,,0.00031,0.00046,0.70539,1.0,3.8,,1970.8,150001,1,0.00031,ok
ucr,243_UCR_Anomaly_tilt12744mtable_100000_203355_203400,tilt12744mtable,,timesfm_resid,default,,0.00154,0.00173,0.80163,0.004,46.16,,2047.4,150001,1,0.00031,ok
ucr,243_UCR_Anomaly_tilt12744mtable_100000_203355_203400,tilt12744mtable,,timesfm_quantile,default,,0.0003,0.00045,0.71994,1.0,46.16,,2047.4,150001,1,0.00031,ok
ucr,243_UCR_Anomaly_tilt12744mtable_100000_203355_203400,tilt12744mtable,,tirex_resid,default,,0.00049,0.00071,0.7811,0.00194,61.17,,2034.2,150001,1,0.00031,ok
ucr,243_UCR_Anomaly_tilt12744mtable_100000_203355_203400,tilt12744mtable,,tirex_quantile,default,,0.00029,0.00043,0.79211,1.0,61.17,,2034.2,150001,1,0.00031,ok
ucr,243_UCR_Anomaly_tilt12744mtable_100000_203355_203400,tilt12744mtable,,iforest,default,,0.00163,0.00241,0.63105,0.01331,11.72,,1594.5,150001,1,0.00031,ok
ucr,243_UCR_Anomaly_tilt12744mtable_100000_203355_203400,tilt12744mtable,,iforest,tuned,"{'w': 400, 'n_estimators': 100}",0.00078,0.00122,0.57612,0.04255,32.97,33.76,0.0,150001,1,0.00031,ok
ucr,243_UCR_Anomaly_tilt12744mtable_100000_203355_203400,tilt12744mtable,,lof,default,,0.00946,0.01451,0.67828,0.07955,30.27,,1594.5,150001,1,0.00031,ok
ucr,243_UCR_Anomaly_tilt12744mtable_100000_203355_203400,tilt12744mtable,,lof,tuned,"{'w': 200, 'k': 10}",0.19974,0.04604,0.73983,0.4,22.9,56.4,0.0,150001,1,0.00031,ok
ucr,243_UCR_Anomaly_tilt12744mtable_100000_203355_203400,tilt12744mtable,,knn,default,,0.01741,0.02863,0.6768,0.22222,22.98,,1594.5,150001,1,0.00031,ok
ucr,243_UCR_Anomaly_tilt12744mtable_100000_203355_203400,tilt12744mtable,,knn,tuned,"{'w': 200, 'k': 3}",0.01086,0.01564,0.61029,0.32143,18.92,34.12,0.0,150001,1,0.00031,ok
ucr,243_UCR_Anomaly_tilt12744mtable_100000_203355_203400,tilt12744mtable,,ae,default,,0.01436,0.02469,0.61086,0.32692,43.21,,1667.6,150001,1,0.00031,ok
ucr,243_UCR_Anomaly_tilt12744mtable_100000_203355_203400,tilt12744mtable,,ae,tuned,"{'w': 100, 'hidden': 32, 'latent': 8}",0.01336,0.02773,0.60527,0.11765,49.88,167.66,0.0,150001,1,0.00031,ok
ucr,246_UCR_Anomaly_tilt12755mtable_100211_270800_271070,tilt12755mtable,,chronos_small_resid,default,,0.0025,0.00296,0.64895,0.00219,2.27,,1740.0,199656,1,0.00136,ok
ucr,246_UCR_Anomaly_tilt12755mtable_100211_270800_271070,tilt12755mtable,,chronos_small_quantile,default,,0.00307,0.00334,0.68878,1.0,2.27,,1740.0,199656,1,0.00136,ok
ucr,246_UCR_Anomaly_tilt12755mtable_100211_270800_271070,tilt12755mtable,,chronos_base_resid,default,,0.00256,0.00307,0.64647,0.00234,3.98,,1970.8,199656,1,0.00136,ok
ucr,246_UCR_Anomaly_tilt12755mtable_100211_270800_271070,tilt12755mtable,,chronos_base_quantile,default,,0.00891,0.00675,0.70057,1.0,3.98,,1970.8,199656,1,0.00136,ok
ucr,246_UCR_Anomaly_tilt12755mtable_100211_270800_271070,tilt12755mtable,,timesfm_resid,default,,0.00741,0.00781,0.65694,0.00961,62.86,,2047.4,199656,1,0.00136,ok
ucr,246_UCR_Anomaly_tilt12755mtable_100211_270800_271070,tilt12755mtable,,timesfm_quantile,default,,0.00472,0.00431,0.66667,1.0,62.86,,2047.4,199656,1,0.00136,ok
ucr,246_UCR_Anomaly_tilt12755mtable_100211_270800_271070,tilt12755mtable,,tirex_resid,default,,0.00685,0.00674,0.64704,0.00929,80.73,,2034.2,199656,1,0.00136,ok
ucr,246_UCR_Anomaly_tilt12755mtable_100211_270800_271070,tilt12755mtable,,tirex_quantile,default,,0.00336,0.00327,0.66667,1.0,80.73,,2034.2,199656,1,0.00136,ok
ucr,246_UCR_Anomaly_tilt12755mtable_100211_270800_271070,tilt12755mtable,,iforest,default,,0.00302,0.00388,0.67631,0.00664,12.05,,1594.5,199656,1,0.00136,ok
ucr,246_UCR_Anomaly_tilt12755mtable_100211_270800_271070,tilt12755mtable,,iforest,tuned,"{'w': 200, 'n_estimators': 200}",0.00385,0.0054,0.73123,0.05355,31.41,31.06,0.0,199656,1,0.00136,ok
ucr,246_UCR_Anomaly_tilt12755mtable_100211_270800_271070,tilt12755mtable,,lof,default,,0.00856,0.0085,0.74632,0.06448,28.91,,1594.5,199656,1,0.00136,ok
ucr,246_UCR_Anomaly_tilt12755mtable_100211_270800_271070,tilt12755mtable,,lof,tuned,"{'w': 50, 'k': 30}",0.00336,0.00451,0.72447,0.00604,94.21,62.0,0.0,199656,1,0.00136,ok
ucr,246_UCR_Anomaly_tilt12755mtable_100211_270800_271070,tilt12755mtable,,knn,default,,0.01286,0.01329,0.71589,0.03808,20.29,,1594.5,199656,1,0.00136,ok
ucr,246_UCR_Anomaly_tilt12755mtable_100211_270800_271070,tilt12755mtable,,knn,tuned,"{'w': 200, 'k': 3}",0.01055,0.01209,0.76657,0.2,19.52,30.53,0.0,199656,1,0.00136,ok
ucr,246_UCR_Anomaly_tilt12755mtable_100211_270800_271070,tilt12755mtable,,ae,default,,0.02052,0.02993,0.69074,0.30194,40.88,,1686.7,199656,1,0.00136,ok
ucr,246_UCR_Anomaly_tilt12755mtable_100211_270800_271070,tilt12755mtable,,ae,tuned,"{'w': 50, 'hidden': 64, 'latent': 16}",0.01726,0.02088,0.69655,0.03267,100.78,235.92,0.0,199656,1,0.00136,ok
ucr,249_UCR_Anomaly_weallwalk_2753_8285_8315,weallwalk,,chronos_small_resid,default,,0.00523,0.00813,0.69086,0.0057,0.27,,1663.7,7771,1,0.00399,ok
ucr,249_UCR_Anomaly_weallwalk_2753_8285_8315,weallwalk,,chronos_small_quantile,default,,0.00373,0.00565,0.88624,1.0,0.27,,1663.7,7771,1,0.00399,ok
ucr,249_UCR_Anomaly_weallwalk_2753_8285_8315,weallwalk,,chronos_base_resid,default,,0.00491,0.0072,0.71823,0.00547,0.43,,1774.7,7771,1,0.00399,ok
ucr,249_UCR_Anomaly_weallwalk_2753_8285_8315,weallwalk,,chronos_base_quantile,default,,0.00377,0.00565,0.72221,1.0,0.43,,1774.7,7771,1,0.00399,ok
ucr,249_UCR_Anomaly_weallwalk_2753_8285_8315,weallwalk,,timesfm_resid,default,,0.0046,0.00745,0.78132,0.00363,3.1,,2047.4,7771,1,0.00399,ok
ucr,249_UCR_Anomaly_weallwalk_2753_8285_8315,weallwalk,,timesfm_quantile,default,,0.00377,0.00593,0.89627,1.0,3.1,,2047.4,7771,1,0.00399,ok
ucr,249_UCR_Anomaly_weallwalk_2753_8285_8315,weallwalk,,tirex_resid,default,,0.0047,0.00728,0.79367,0.00328,6.46,,1807.7,7771,1,0.00399,ok
ucr,249_UCR_Anomaly_weallwalk_2753_8285_8315,weallwalk,,tirex_quantile,default,,0.00378,0.00562,0.72748,1.0,6.46,,1807.7,7771,1,0.00399,ok
ucr,249_UCR_Anomaly_weallwalk_2753_8285_8315,weallwalk,,iforest,default,,0.00317,0.00506,0.78484,0.0,1.49,,1594.5,7771,1,0.00399,ok
ucr,249_UCR_Anomaly_weallwalk_2753_8285_8315,weallwalk,,iforest,tuned,"{'w': 50, 'n_estimators': 100}",0.00318,0.00474,0.72401,0.01724,1.47,6.29,0.0,7771,1,0.00399,ok
ucr,249_UCR_Anomaly_weallwalk_2753_8285_8315,weallwalk,,lof,default,,0.00328,0.00481,0.7869,0.0,0.21,,1594.5,7771,1,0.00399,ok
ucr,249_UCR_Anomaly_weallwalk_2753_8285_8315,weallwalk,,lof,tuned,"{'w': 200, 'k': 10}",0.00305,0.00431,0.91517,0.0,0.72,1.76,0.0,7771,1,0.00399,ok
ucr,249_UCR_Anomaly_weallwalk_2753_8285_8315,weallwalk,,knn,default,,0.0084,0.01112,0.79561,0.09845,0.14,,1594.5,7771,1,0.00399,ok
ucr,249_UCR_Anomaly_weallwalk_2753_8285_8315,weallwalk,,knn,tuned,"{'w': 200, 'k': 1}",0.0033,0.00466,0.91031,0.0,0.67,1.49,0.0,7771,1,0.00399,ok
ucr,249_UCR_Anomaly_weallwalk_2753_8285_8315,weallwalk,,ae,default,,0.00853,0.01222,0.70937,0.09307,1.7,,1602.1,7771,1,0.00399,ok
ucr,249_UCR_Anomaly_weallwalk_2753_8285_8315,weallwalk,,ae,tuned,"{'w': 200, 'hidden': 32, 'latent': 16}",0.00272,0.00408,0.91056,0.0,1.94,8.09,0.0,7771,1,0.00399,ok
