dataset,series,domain,anomaly_kind,detector,tier,config,auc_pr,vus_pr,affil_f1,event_f1,runtime_s,tune_s,peak_mb,n_test,n_channels,anomaly_frac,status
ucr,067_UCR_Anomaly_DISTORTEDinsectEPG3_5200_7000_7050,DISTORTEDinsectEPG3,,chronos_small_resid,default,,0.01028,0.01365,0.65446,0.00458,29.98,,146.7,4798,1,0.01063,ok
ucr,067_UCR_Anomaly_DISTORTEDinsectEPG3_5200_7000_7050,DISTORTEDinsectEPG3,,chronos_small_quantile,default,,0.00947,0.01405,0.68348,1.0,29.98,,146.7,4798,1,0.01063,ok
ucr,067_UCR_Anomaly_DISTORTEDinsectEPG3_5200_7000_7050,DISTORTEDinsectEPG3,,chronos_base_resid,default,,0.01171,0.01546,0.69393,0.0057,2.63,,625.8,4798,1,0.01063,ok
ucr,067_UCR_Anomaly_DISTORTEDinsectEPG3_5200_7000_7050,DISTORTEDinsectEPG3,,chronos_base_quantile,default,,0.01095,0.01546,0.70924,1.0,2.63,,625.8,4798,1,0.01063,ok
ucr,067_UCR_Anomaly_DISTORTEDinsectEPG3_5200_7000_7050,DISTORTEDinsectEPG3,,timesfm_resid,default,,0.00998,0.01411,0.76899,0.00551,8.69,,1894.7,4798,1,0.01063,ok
ucr,067_UCR_Anomaly_DISTORTEDinsectEPG3_5200_7000_7050,DISTORTEDinsectEPG3,,timesfm_quantile,default,,0.01006,0.01499,0.82261,1.0,8.69,,1894.7,4798,1,0.01063,ok
ucr,067_UCR_Anomaly_DISTORTEDinsectEPG3_5200_7000_7050,DISTORTEDinsectEPG3,,tirex_resid,default,,0.01304,0.01698,0.70299,0.00636,7.32,,1729.9,4798,1,0.01063,ok
ucr,067_UCR_Anomaly_DISTORTEDinsectEPG3_5200_7000_7050,DISTORTEDinsectEPG3,,tirex_quantile,default,,0.01863,0.02379,0.78201,1.0,7.32,,1729.9,4798,1,0.01063,ok
ucr,067_UCR_Anomaly_DISTORTEDinsectEPG3_5200_7000_7050,DISTORTEDinsectEPG3,,iforest,default,,0.02516,0.03607,0.74689,0.21212,1.26,,1585.6,4798,1,0.01063,ok
ucr,067_UCR_Anomaly_DISTORTEDinsectEPG3_5200_7000_7050,DISTORTEDinsectEPG3,,iforest,tuned,"{'w': 50, 'n_estimators': 100}",0.04666,0.04955,0.74846,0.20879,0.98,6.61,0.0,4798,1,0.01063,ok
ucr,067_UCR_Anomaly_DISTORTEDinsectEPG3_5200_7000_7050,DISTORTEDinsectEPG3,,lof,default,,0.00951,0.01392,0.73302,0.0,2.4,,1585.6,4798,1,0.01063,ok
ucr,067_UCR_Anomaly_DISTORTEDinsectEPG3_5200_7000_7050,DISTORTEDinsectEPG3,,lof,tuned,"{'w': 50, 'k': 50}",0.04332,0.04514,0.71464,0.16383,0.99,3.06,0.0,4798,1,0.01063,ok
ucr,067_UCR_Anomaly_DISTORTEDinsectEPG3_5200_7000_7050,DISTORTEDinsectEPG3,,knn,default,,0.02413,0.03168,0.71576,0.16667,0.12,,1585.6,4798,1,0.01063,ok
ucr,067_UCR_Anomaly_DISTORTEDinsectEPG3_5200_7000_7050,DISTORTEDinsectEPG3,,knn,tuned,"{'w': 50, 'k': 5}",0.08016,0.07991,0.7441,0.3131,0.42,1.87,0.0,4798,1,0.01063,ok
ucr,067_UCR_Anomaly_DISTORTEDinsectEPG3_5200_7000_7050,DISTORTEDinsectEPG3,,ae,default,,0.01064,0.01613,0.71915,0.07738,1.72,,1600.9,4798,1,0.01063,ok
ucr,067_UCR_Anomaly_DISTORTEDinsectEPG3_5200_7000_7050,DISTORTEDinsectEPG3,,ae,tuned,"{'w': 50, 'hidden': 32, 'latent': 16}",0.0228,0.02916,0.71423,0.1297,4.56,10.62,0.0,4798,1,0.01063,ok
ucr,070_UCR_Anomaly_DISTORTEDltstdbs30791AI_17555_52600_52800,DISTORTEDltstdbs30791AI,,chronos_small_resid,default,,0.01446,0.01565,0.75468,0.00924,0.69,,1738.6,38568,1,0.00521,ok
ucr,070_UCR_Anomaly_DISTORTEDltstdbs30791AI_17555_52600_52800,DISTORTEDltstdbs30791AI,,chronos_small_quantile,default,,0.00542,0.00796,0.73726,1.0,0.69,,1738.6,38568,1,0.00521,ok
ucr,070_UCR_Anomaly_DISTORTEDltstdbs30791AI_17555_52600_52800,DISTORTEDltstdbs30791AI,,chronos_base_resid,default,,0.01598,0.01855,0.72016,0.00905,1.0,,1970.5,38568,1,0.00521,ok
ucr,070_UCR_Anomaly_DISTORTEDltstdbs30791AI_17555_52600_52800,DISTORTEDltstdbs30791AI,,chronos_base_quantile,default,,0.00606,0.00844,0.68319,1.0,1.0,,1970.5,38568,1,0.00521,ok
ucr,070_UCR_Anomaly_DISTORTEDltstdbs30791AI_17555_52600_52800,DISTORTEDltstdbs30791AI,,timesfm_resid,default,,0.0582,0.03617,0.81997,0.0118,12.0,,2046.7,38568,1,0.00521,ok
ucr,070_UCR_Anomaly_DISTORTEDltstdbs30791AI_17555_52600_52800,DISTORTEDltstdbs30791AI,,timesfm_quantile,default,,0.00977,0.01114,0.67739,1.0,12.0,,2046.7,38568,1,0.00521,ok
ucr,070_UCR_Anomaly_DISTORTEDltstdbs30791AI_17555_52600_52800,DISTORTEDltstdbs30791AI,,tirex_resid,default,,0.02603,0.01637,0.81015,0.00799,17.9,,2033.8,38568,1,0.00521,ok
ucr,070_UCR_Anomaly_DISTORTEDltstdbs30791AI_17555_52600_52800,DISTORTEDltstdbs30791AI,,tirex_quantile,default,,0.00595,0.00839,0.67543,1.0,17.9,,2033.8,38568,1,0.00521,ok
ucr,070_UCR_Anomaly_DISTORTEDltstdbs30791AI_17555_52600_52800,DISTORTEDltstdbs30791AI,,iforest,default,,0.71441,0.37042,0.99894,0.38281,3.06,,1594.1,38568,1,0.00521,ok
ucr,070_UCR_Anomaly_DISTORTEDltstdbs30791AI_17555_52600_52800,DISTORTEDltstdbs30791AI,,iforest,tuned,"{'w': 100, 'n_estimators': 100}",0.70793,0.36866,0.99894,0.38204,4.46,10.04,0.0,38568,1,0.00521,ok
ucr,070_UCR_Anomaly_DISTORTEDltstdbs30791AI_17555_52600_52800,DISTORTEDltstdbs30791AI,,lof,default,,0.80914,0.65124,0.99839,0.875,1.65,,1594.1,38568,1,0.00521,ok
ucr,070_UCR_Anomaly_DISTORTEDltstdbs30791AI_17555_52600_52800,DISTORTEDltstdbs30791AI,,lof,tuned,"{'w': 200, 'k': 10}",0.93993,0.84919,0.99854,1.0,2.92,5.58,0.0,38568,1,0.00521,ok
ucr,070_UCR_Anomaly_DISTORTEDltstdbs30791AI_17555_52600_52800,DISTORTEDltstdbs30791AI,,knn,default,,0.88847,0.68233,0.99854,0.85,1.03,,1594.1,38568,1,0.00521,ok
ucr,070_UCR_Anomaly_DISTORTEDltstdbs30791AI_17555_52600_52800,DISTORTEDltstdbs30791AI,,knn,tuned,"{'w': 100, 'k': 3}",0.8903,0.68321,0.99854,0.85,3.15,3.72,0.0,38568,1,0.00521,ok
ucr,070_UCR_Anomaly_DISTORTEDltstdbs30791AI_17555_52600_52800,DISTORTEDltstdbs30791AI,,ae,default,,0.82803,0.6398,0.99851,0.83333,7.32,,1615.8,38568,1,0.00521,ok
ucr,070_UCR_Anomaly_DISTORTEDltstdbs30791AI_17555_52600_52800,DISTORTEDltstdbs30791AI,,ae,tuned,"{'w': 100, 'hidden': 64, 'latent': 8}",0.84573,0.63676,0.9985,0.875,10.05,36.2,0.0,38568,1,0.00521,ok
ucr,073_UCR_Anomaly_DISTORTEDpark3m_60000_72150_72495,DISTORTEDpark3m,,chronos_small_resid,default,,0.01639,0.01848,0.69998,0.03102,0.47,,1738.6,30000,1,0.01153,ok
ucr,073_UCR_Anomaly_DISTORTEDpark3m_60000_72150_72495,DISTORTEDpark3m,,chronos_small_quantile,default,,0.01218,0.01531,0.72929,1.0,0.47,,1738.6,30000,1,0.01153,ok
ucr,073_UCR_Anomaly_DISTORTEDpark3m_60000_72150_72495,DISTORTEDpark3m,,chronos_base_resid,default,,0.04304,0.01919,0.92747,0.02352,0.81,,1970.5,30000,1,0.01153,ok
ucr,073_UCR_Anomaly_DISTORTEDpark3m_60000_72150_72495,DISTORTEDpark3m,,chronos_base_quantile,default,,0.01097,0.01402,0.74964,1.0,0.81,,1970.5,30000,1,0.01153,ok
ucr,073_UCR_Anomaly_DISTORTEDpark3m_60000_72150_72495,DISTORTEDpark3m,,timesfm_resid,default,,0.01778,0.01781,0.71694,0.04198,10.35,,2046.7,30000,1,0.01153,ok
ucr,073_UCR_Anomaly_DISTORTEDpark3m_60000_72150_72495,DISTORTEDpark3m,,timesfm_quantile,default,,0.01206,0.01495,0.69492,1.0,10.35,,2046.7,30000,1,0.01153,ok
ucr,073_UCR_Anomaly_DISTORTEDpark3m_60000_72150_72495,DISTORTEDpark3m,,tirex_resid,default,,0.0153,0.01665,0.68392,0.02057,11.9,,2033.8,30000,1,0.01153,ok
ucr,073_UCR_Anomaly_DISTORTEDpark3m_60000_72150_72495,DISTORTEDpark3m,,tirex_quantile,default,,0.01121,0.01418,0.69689,1.0,11.9,,2033.8,30000,1,0.01153,ok
ucr,073_UCR_Anomaly_DISTORTEDpark3m_60000_72150_72495,DISTORTEDpark3m,,iforest,default,,0.11911,0.12619,0.67787,0.20714,2.69,,1594.1,30000,1,0.01153,ok
ucr,073_UCR_Anomaly_DISTORTEDpark3m_60000_72150_72495,DISTORTEDpark3m,,iforest,tuned,"{'w': 400, 'n_estimators': 200}",0.45708,0.48292,0.92668,0.625,6.61,20.43,0.0,30000,1,0.01153,ok
ucr,073_UCR_Anomaly_DISTORTEDpark3m_60000_72150_72495,DISTORTEDpark3m,,lof,default,,0.47391,0.35203,0.99609,0.39811,3.17,,1594.1,30000,1,0.01153,ok
ucr,073_UCR_Anomaly_DISTORTEDpark3m_60000_72150_72495,DISTORTEDpark3m,,lof,tuned,"{'w': 100, 'k': 50}",0.47391,0.35203,0.99609,0.39811,4.64,24.27,0.0,30000,1,0.01153,ok
ucr,073_UCR_Anomaly_DISTORTEDpark3m_60000_72150_72495,DISTORTEDpark3m,,knn,default,,0.50067,0.37513,0.99604,0.41275,1.85,,1594.1,30000,1,0.01153,ok
ucr,073_UCR_Anomaly_DISTORTEDpark3m_60000_72150_72495,DISTORTEDpark3m,,knn,tuned,"{'w': 100, 'k': 3}",0.51993,0.39545,0.99604,0.4183,3.62,15.95,0.0,30000,1,0.01153,ok
ucr,073_UCR_Anomaly_DISTORTEDpark3m_60000_72150_72495,DISTORTEDpark3m,,ae,default,,0.05958,0.06,0.65304,0.1078,19.58,,1615.8,30000,1,0.01153,ok
ucr,073_UCR_Anomaly_DISTORTEDpark3m_60000_72150_72495,DISTORTEDpark3m,,ae,tuned,"{'w': 100, 'hidden': 32, 'latent': 16}",0.04224,0.04011,0.64836,0.09014,22.64,149.03,0.0,30000,1,0.01153,ok
ucr,076_UCR_Anomaly_DISTORTEDresperation10_48000_130700_131880,DISTORTEDresperation10,,chronos_small_resid,default,,0.01056,0.01088,0.79916,0.00637,1.52,,1738.6,147000,1,0.00803,ok
ucr,076_UCR_Anomaly_DISTORTEDresperation10_48000_130700_131880,DISTORTEDresperation10,,chronos_small_quantile,default,,0.00814,0.00868,0.68464,1.0,1.52,,1738.6,147000,1,0.00803,ok
ucr,076_UCR_Anomaly_DISTORTEDresperation10_48000_130700_131880,DISTORTEDresperation10,,chronos_base_resid,default,,0.01074,0.01095,0.68078,0.0064,3.0,,1970.5,147000,1,0.00803,ok
ucr,076_UCR_Anomaly_DISTORTEDresperation10_48000_130700_131880,DISTORTEDresperation10,,chronos_base_quantile,default,,0.00962,0.01006,0.67407,1.0,3.0,,1970.5,147000,1,0.00803,ok
ucr,076_UCR_Anomaly_DISTORTEDresperation10_48000_130700_131880,DISTORTEDresperation10,,timesfm_resid,default,,0.01182,0.01178,0.66973,0.00602,50.25,,2046.7,147000,1,0.00803,ok
ucr,076_UCR_Anomaly_DISTORTEDresperation10_48000_130700_131880,DISTORTEDresperation10,,timesfm_quantile,default,,0.0161,0.01375,0.67072,1.0,50.25,,2046.7,147000,1,0.00803,ok
ucr,076_UCR_Anomaly_DISTORTEDresperation10_48000_130700_131880,DISTORTEDresperation10,,tirex_resid,default,,0.0145,0.01362,0.73879,0.00676,50.64,,2033.8,147000,1,0.00803,ok
ucr,076_UCR_Anomaly_DISTORTEDresperation10_48000_130700_131880,DISTORTEDresperation10,,tirex_quantile,default,,0.00932,0.00979,0.69678,1.0,50.64,,2033.8,147000,1,0.00803,ok
ucr,076_UCR_Anomaly_DISTORTEDresperation10_48000_130700_131880,DISTORTEDresperation10,,iforest,default,,0.02283,0.02356,0.84263,0.03761,8.72,,1594.1,147000,1,0.00803,ok
ucr,076_UCR_Anomaly_DISTORTEDresperation10_48000_130700_131880,DISTORTEDresperation10,,iforest,tuned,"{'w': 200, 'n_estimators': 100}",0.03465,0.0339,0.95503,0.07691,18.98,15.61,0.0,147000,1,0.00803,ok
ucr,076_UCR_Anomaly_DISTORTEDresperation10_48000_130700_131880,DISTORTEDresperation10,,lof,default,,0.19031,0.11518,0.86705,0.07763,9.26,,1594.1,147000,1,0.00803,ok
ucr,076_UCR_Anomaly_DISTORTEDresperation10_48000_130700_131880,DISTORTEDresperation10,,lof,tuned,"{'w': 100, 'k': 10}",0.26096,0.16278,0.99908,0.1025,17.31,10.1,0.0,147000,1,0.00803,ok
ucr,076_UCR_Anomaly_DISTORTEDresperation10_48000_130700_131880,DISTORTEDresperation10,,knn,default,,0.16384,0.11767,0.91283,0.07128,8.61,,1594.1,147000,1,0.00803,ok
ucr,076_UCR_Anomaly_DISTORTEDresperation10_48000_130700_131880,DISTORTEDresperation10,,knn,tuned,"{'w': 200, 'k': 5}",0.158,0.15238,0.75459,0.13579,12.25,10.0,0.0,147000,1,0.00803,ok
ucr,076_UCR_Anomaly_DISTORTEDresperation10_48000_130700_131880,DISTORTEDresperation10,,ae,default,,0.58623,0.4803,0.99908,0.29504,22.23,,1661.4,147000,1,0.00803,ok
ucr,076_UCR_Anomaly_DISTORTEDresperation10_48000_130700_131880,DISTORTEDresperation10,,ae,tuned,"{'w': 100, 'hidden': 32, 'latent': 16}",0.48175,0.35054,0.99908,0.1774,31.22,83.04,0.0,147000,1,0.00803,ok
ucr,079_UCR_Anomaly_DISTORTEDresperation2_30000_168250_168250,DISTORTEDresperation2,,chronos_small_resid,default,,1e-05,1e-05,0.65843,0.0,1.74,,1738.6,170051,1,1e-05,ok
ucr,079_UCR_Anomaly_DISTORTEDresperation2_30000_168250_168250,DISTORTEDresperation2,,chronos_small_quantile,default,,1e-05,2e-05,0.66667,1.0,1.74,,1738.6,170051,1,1e-05,ok
ucr,079_UCR_Anomaly_DISTORTEDresperation2_30000_168250_168250,DISTORTEDresperation2,,chronos_base_resid,default,,1e-05,1e-05,0.6575,0.0,3.19,,1970.5,170051,1,1e-05,ok
ucr,079_UCR_Anomaly_DISTORTEDresperation2_30000_168250_168250,DISTORTEDresperation2,,chronos_base_quantile,default,,1e-05,2e-05,0.66667,1.0,3.19,,1970.5,170051,1,1e-05,ok
ucr,079_UCR_Anomaly_DISTORTEDresperation2_30000_168250_168250,DISTORTEDresperation2,,timesfm_resid,default,,1e-05,2e-05,0.65006,0.0,62.62,,2046.7,170051,1,1e-05,ok
ucr,079_UCR_Anomaly_DISTORTEDresperation2_30000_168250_168250,DISTORTEDresperation2,,timesfm_quantile,default,,1e-05,2e-05,0.66667,1.0,62.62,,2046.7,170051,1,1e-05,ok
ucr,079_UCR_Anomaly_DISTORTEDresperation2_30000_168250_168250,DISTORTEDresperation2,,tirex_resid,default,,1e-05,1e-05,0.65369,0.0,72.43,,2033.8,170051,1,1e-05,ok
ucr,079_UCR_Anomaly_DISTORTEDresperation2_30000_168250_168250,DISTORTEDresperation2,,tirex_quantile,default,,1e-05,2e-05,0.66667,1.0,72.43,,2033.8,170051,1,1e-05,ok
ucr,079_UCR_Anomaly_DISTORTEDresperation2_30000_168250_168250,DISTORTEDresperation2,,iforest,default,,1e-05,2e-05,0.66349,0.0,16.73,,1594.1,170051,1,1e-05,ok
ucr,079_UCR_Anomaly_DISTORTEDresperation2_30000_168250_168250,DISTORTEDresperation2,,iforest,tuned,"{'w': 400, 'n_estimators': 200}",1e-05,2e-05,0.65113,0.0,37.94,18.42,0.0,170051,1,1e-05,ok
ucr,079_UCR_Anomaly_DISTORTEDresperation2_30000_168250_168250,DISTORTEDresperation2,,lof,default,,4e-05,0.0001,0.61325,0.00962,6.98,,1594.1,170051,1,1e-05,ok
ucr,079_UCR_Anomaly_DISTORTEDresperation2_30000_168250_168250,DISTORTEDresperation2,,lof,tuned,"{'w': 100, 'k': 10}",3e-05,7e-05,0.61311,0.0073,15.65,6.22,0.0,170051,1,1e-05,ok
ucr,079_UCR_Anomaly_DISTORTEDresperation2_30000_168250_168250,DISTORTEDresperation2,,knn,default,,1e-05,2e-05,0.63116,0.0,6.36,,1594.1,170051,1,1e-05,ok
ucr,079_UCR_Anomaly_DISTORTEDresperation2_30000_168250_168250,DISTORTEDresperation2,,knn,tuned,"{'w': 100, 'k': 1}",1e-05,2e-05,0.63062,0.0,14.77,5.02,0.0,170051,1,1e-05,ok
ucr,079_UCR_Anomaly_DISTORTEDresperation2_30000_168250_168250,DISTORTEDresperation2,,ae,default,,1e-05,2e-05,0.64308,0.0,17.74,,1668.8,170051,1,1e-05,ok
ucr,079_UCR_Anomaly_DISTORTEDresperation2_30000_168250_168250,DISTORTEDresperation2,,ae,tuned,"{'w': 100, 'hidden': 32, 'latent': 8}",1e-05,2e-05,0.62856,0.0,28.01,44.22,0.0,170051,1,1e-05,ok
ucr,082_UCR_Anomaly_DISTORTEDresperation4_70000_128430_128431,DISTORTEDresperation4,,chronos_small_resid,default,,2e-05,2e-05,0.81816,0.0,1.25,,1738.6,125250,1,2e-05,ok
ucr,082_UCR_Anomaly_DISTORTEDresperation4_70000_128430_128431,DISTORTEDresperation4,,chronos_small_quantile,default,,2e-05,3e-05,0.7314,1.0,1.25,,1738.6,125250,1,2e-05,ok
ucr,082_UCR_Anomaly_DISTORTEDresperation4_70000_128430_128431,DISTORTEDresperation4,,chronos_base_resid,default,,2e-05,3e-05,0.85973,0.0,2.22,,1970.5,125250,1,2e-05,ok
ucr,082_UCR_Anomaly_DISTORTEDresperation4_70000_128430_128431,DISTORTEDresperation4,,chronos_base_quantile,default,,2e-05,3e-05,0.72818,1.0,2.22,,1970.5,125250,1,2e-05,ok
ucr,082_UCR_Anomaly_DISTORTEDresperation4_70000_128430_128431,DISTORTEDresperation4,,timesfm_resid,default,,2e-05,3e-05,0.82122,0.0,44.61,,1386.9,125250,1,2e-05,ok
ucr,082_UCR_Anomaly_DISTORTEDresperation4_70000_128430_128431,DISTORTEDresperation4,,timesfm_quantile,default,,2e-05,3e-05,0.86476,1.0,44.61,,1386.9,125250,1,2e-05,ok
ucr,082_UCR_Anomaly_DISTORTEDresperation4_70000_128430_128431,DISTORTEDresperation4,,tirex_resid,default,,2e-05,3e-05,0.86786,0.0,45.92,,1519.7,125250,1,2e-05,ok
ucr,082_UCR_Anomaly_DISTORTEDresperation4_70000_128430_128431,DISTORTEDresperation4,,tirex_quantile,default,,2e-05,3e-05,0.86328,1.0,45.92,,1519.7,125250,1,2e-05,ok
ucr,082_UCR_Anomaly_DISTORTEDresperation4_70000_128430_128431,DISTORTEDresperation4,,iforest,default,,1e-05,3e-05,0.89747,0.0,6.55,,1079.0,125250,1,2e-05,ok
ucr,082_UCR_Anomaly_DISTORTEDresperation4_70000_128430_128431,DISTORTEDresperation4,,iforest,tuned,"{'w': 200, 'n_estimators': 100}",1e-05,3e-05,0.89757,0.0,13.91,20.75,0.0,125250,1,2e-05,ok
ucr,082_UCR_Anomaly_DISTORTEDresperation4_70000_128430_128431,DISTORTEDresperation4,,lof,default,,2e-05,2e-05,0.78381,0.0,11.29,,1079.0,125250,1,2e-05,ok
ucr,082_UCR_Anomaly_DISTORTEDresperation4_70000_128430_128431,DISTORTEDresperation4,,lof,tuned,"{'w': 50, 'k': 10}",4e-05,6e-05,0.71263,0.00331,42.35,33.34,0.0,125250,1,2e-05,ok
ucr,082_UCR_Anomaly_DISTORTEDresperation4_70000_128430_128431,DISTORTEDresperation4,,knn,default,,2e-05,3e-05,0.85245,0.0,10.7,,1079.0,125250,1,2e-05,ok
ucr,082_UCR_Anomaly_DISTORTEDresperation4_70000_128430_128431,DISTORTEDresperation4,,knn,tuned,"{'w': 200, 'k': 3}",2e-05,3e-05,0.84064,0.0,11.84,24.61,0.0,125250,1,2e-05,ok
ucr,082_UCR_Anomaly_DISTORTEDresperation4_70000_128430_128431,DISTORTEDresperation4,,ae,default,,1e-05,3e-05,0.71682,0.0,42.42,,1148.7,125250,1,2e-05,ok
ucr,082_UCR_Anomaly_DISTORTEDresperation4_70000_128430_128431,DISTORTEDresperation4,,ae,tuned,"{'w': 100, 'hidden': 64, 'latent': 8}",1e-05,3e-05,0.71712,0.0,33.25,164.5,0.0,125250,1,2e-05,ok
ucr,085_UCR_Anomaly_DISTORTEDs20101m_10000_35774_35874,DISTORTEDs20101m,,chronos_small_resid,default,,0.00604,0.00674,0.67467,0.00732,10.65,,1331.1,30000,1,0.00337,ok
ucr,085_UCR_Anomaly_DISTORTEDs20101m_10000_35774_35874,DISTORTEDs20101m,,chronos_small_quantile,default,,0.00376,0.00579,0.6717,1.0,10.65,,1331.1,30000,1,0.00337,ok
ucr,085_UCR_Anomaly_DISTORTEDs20101m_10000_35774_35874,DISTORTEDs20101m,,chronos_base_resid,default,,0.00852,0.00586,0.67592,0.00728,4.44,,1980.9,30000,1,0.00337,ok
ucr,085_UCR_Anomaly_DISTORTEDs20101m_10000_35774_35874,DISTORTEDs20101m,,chronos_base_quantile,default,,0.0037,0.0055,0.84094,1.0,4.44,,1980.9,30000,1,0.00337,ok
ucr,085_UCR_Anomaly_DISTORTEDs20101m_10000_35774_35874,DISTORTEDs20101m,,timesfm_resid,default,,0.0127,0.00869,0.65753,0.00587,10.87,,2057.9,30000,1,0.00337,ok
ucr,085_UCR_Anomaly_DISTORTEDs20101m_10000_35774_35874,DISTORTEDs20101m,,timesfm_quantile,default,,0.03122,0.01769,0.70789,1.0,10.87,,2057.9,30000,1,0.00337,ok
ucr,085_UCR_Anomaly_DISTORTEDs20101m_10000_35774_35874,DISTORTEDs20101m,,tirex_resid,default,,0.01216,0.00919,0.65536,0.00603,13.7,,2045.0,30000,1,0.00337,ok
ucr,085_UCR_Anomaly_DISTORTEDs20101m_10000_35774_35874,DISTORTEDs20101m,,tirex_quantile,default,,0.01503,0.00821,0.66667,1.0,13.7,,2045.0,30000,1,0.00337,ok
ucr,085_UCR_Anomaly_DISTORTEDs20101m_10000_35774_35874,DISTORTEDs20101m,,iforest,default,,0.00346,0.0044,0.59899,0.01829,2.59,,1604.6,30000,1,0.00337,ok
ucr,085_UCR_Anomaly_DISTORTEDs20101m_10000_35774_35874,DISTORTEDs20101m,,iforest,tuned,"{'w': 100, 'n_estimators': 200}",0.00346,0.0044,0.59899,0.01829,4.05,7.99,0.0,30000,1,0.00337,ok
ucr,085_UCR_Anomaly_DISTORTEDs20101m_10000_35774_35874,DISTORTEDs20101m,,lof,default,,0.98519,0.6227,0.99939,0.66667,0.88,,1604.6,30000,1,0.00337,ok
ucr,085_UCR_Anomaly_DISTORTEDs20101m_10000_35774_35874,DISTORTEDs20101m,,lof,tuned,"{'w': 100, 'k': 50}",0.98519,0.6227,0.99939,0.66667,2.63,3.4,0.0,30000,1,0.00337,ok
ucr,085_UCR_Anomaly_DISTORTEDs20101m_10000_35774_35874,DISTORTEDs20101m,,knn,default,,0.95004,0.60045,0.9994,0.66667,0.7,,1604.6,30000,1,0.00337,ok
ucr,085_UCR_Anomaly_DISTORTEDs20101m_10000_35774_35874,DISTORTEDs20101m,,knn,tuned,"{'w': 100, 'k': 3}",0.94774,0.60762,0.9994,0.66667,2.29,2.64,0.0,30000,1,0.00337,ok
ucr,085_UCR_Anomaly_DISTORTEDs20101m_10000_35774_35874,DISTORTEDs20101m,,ae,default,,0.89959,0.43692,0.99937,0.66667,4.54,,1622.4,30000,1,0.00337,ok
ucr,085_UCR_Anomaly_DISTORTEDs20101m_10000_35774_35874,DISTORTEDs20101m,,ae,tuned,"{'w': 100, 'hidden': 64, 'latent': 8}",0.90282,0.45116,0.99938,0.66667,6.35,22.03,0.0,30000,1,0.00337,ok
ucr,088_UCR_Anomaly_DISTORTEDsel840mECG2_20000_49370_49740,DISTORTEDsel840mECG2,,chronos_small_resid,default,,0.01459,0.01681,0.67727,0.00461,0.45,,1750.1,37001,1,0.01003,ok
ucr,088_UCR_Anomaly_DISTORTEDsel840mECG2_20000_49370_49740,DISTORTEDsel840mECG2,,chronos_small_quantile,default,,0.00932,0.01206,0.68365,1.0,0.45,,1750.1,37001,1,0.01003,ok
ucr,088_UCR_Anomaly_DISTORTEDsel840mECG2_20000_49370_49740,DISTORTEDsel840mECG2,,chronos_base_resid,default,,0.01298,0.01551,0.67568,0.00437,0.9,,1980.9,37001,1,0.01003,ok
ucr,088_UCR_Anomaly_DISTORTEDsel840mECG2_20000_49370_49740,DISTORTEDsel840mECG2,,chronos_base_quantile,default,,0.00945,0.01212,0.6689,1.0,0.9,,1980.9,37001,1,0.01003,ok
ucr,088_UCR_Anomaly_DISTORTEDsel840mECG2_20000_49370_49740,DISTORTEDsel840mECG2,,timesfm_resid,default,,0.01783,0.02056,0.67442,0.00357,12.23,,2057.9,37001,1,0.01003,ok
ucr,088_UCR_Anomaly_DISTORTEDsel840mECG2_20000_49370_49740,DISTORTEDsel840mECG2,,timesfm_quantile,default,,0.01182,0.01509,0.67056,1.0,12.23,,2057.9,37001,1,0.01003,ok
ucr,088_UCR_Anomaly_DISTORTEDsel840mECG2_20000_49370_49740,DISTORTEDsel840mECG2,,tirex_resid,default,,0.01301,0.01557,0.67073,0.00429,17.66,,2045.0,37001,1,0.01003,ok
ucr,088_UCR_Anomaly_DISTORTEDsel840mECG2_20000_49370_49740,DISTORTEDsel840mECG2,,tirex_quantile,default,,0.00946,0.01217,0.66671,1.0,17.66,,2045.0,37001,1,0.01003,ok
ucr,088_UCR_Anomaly_DISTORTEDsel840mECG2_20000_49370_49740,DISTORTEDsel840mECG2,,iforest,default,,0.00708,0.00966,0.69788,0.00721,2.85,,1604.6,37001,1,0.01003,ok
ucr,088_UCR_Anomaly_DISTORTEDsel840mECG2_20000_49370_49740,DISTORTEDsel840mECG2,,iforest,tuned,"{'w': 400, 'n_estimators': 100}",0.00701,0.00926,0.69086,0.03301,7.28,10.83,0.0,37001,1,0.01003,ok
ucr,088_UCR_Anomaly_DISTORTEDsel840mECG2_20000_49370_49740,DISTORTEDsel840mECG2,,lof,default,,0.0283,0.03442,0.79506,0.06522,1.65,,1604.6,37001,1,0.01003,ok
ucr,088_UCR_Anomaly_DISTORTEDsel840mECG2_20000_49370_49740,DISTORTEDsel840mECG2,,lof,tuned,"{'w': 50, 'k': 30}",0.02527,0.02875,0.78389,0.05273,5.79,6.24,0.0,37001,1,0.01003,ok
ucr,088_UCR_Anomaly_DISTORTEDsel840mECG2_20000_49370_49740,DISTORTEDsel840mECG2,,knn,default,,0.02611,0.03329,0.80912,0.08041,1.16,,1604.6,37001,1,0.01003,ok
ucr,088_UCR_Anomaly_DISTORTEDsel840mECG2_20000_49370_49740,DISTORTEDsel840mECG2,,knn,tuned,"{'w': 200, 'k': 1}",0.07664,0.09199,0.84041,0.29762,2.73,4.35,0.0,37001,1,0.01003,ok
ucr,088_UCR_Anomaly_DISTORTEDsel840mECG2_20000_49370_49740,DISTORTEDsel840mECG2,,ae,default,,0.00984,0.01416,0.72821,0.0251,7.02,,1625.6,37001,1,0.01003,ok
ucr,088_UCR_Anomaly_DISTORTEDsel840mECG2_20000_49370_49740,DISTORTEDsel840mECG2,,ae,tuned,"{'w': 200, 'hidden': 32, 'latent': 16}",0.0064,0.0085,0.65769,0.01658,10.01,37.92,0.0,37001,1,0.01003,ok
ucr,091_UCR_Anomaly_DISTORTEDtiltAPB3_40000_114000_114370,DISTORTEDtiltAPB3,,chronos_small_resid,default,,0.00349,0.00459,0.71407,0.00133,1.16,,1750.1,89489,1,0.00415,ok
ucr,091_UCR_Anomaly_DISTORTEDtiltAPB3_40000_114000_114370,DISTORTEDtiltAPB3,,chronos_small_quantile,default,,0.0037,0.00474,0.78278,1.0,1.16,,1750.1,89489,1,0.00415,ok
ucr,091_UCR_Anomaly_DISTORTEDtiltAPB3_40000_114000_114370,DISTORTEDtiltAPB3,,chronos_base_resid,default,,0.00308,0.00398,0.65681,0.00147,1.65,,1980.9,89489,1,0.00415,ok
ucr,091_UCR_Anomaly_DISTORTEDtiltAPB3_40000_114000_114370,DISTORTEDtiltAPB3,,chronos_base_quantile,default,,0.00414,0.0053,0.76404,1.0,1.65,,1980.9,89489,1,0.00415,ok
ucr,091_UCR_Anomaly_DISTORTEDtiltAPB3_40000_114000_114370,DISTORTEDtiltAPB3,,timesfm_resid,default,,0.00389,0.00497,0.66246,0.00261,20.93,,2057.9,89489,1,0.00415,ok
ucr,091_UCR_Anomaly_DISTORTEDtiltAPB3_40000_114000_114370,DISTORTEDtiltAPB3,,timesfm_quantile,default,,0.00378,0.00499,0.70054,1.0,20.93,,2057.9,89489,1,0.00415,ok
ucr,091_UCR_Anomaly_DISTORTEDtiltAPB3_40000_114000_114370,DISTORTEDtiltAPB3,,tirex_resid,default,,0.00319,0.00399,0.63992,0.00091,28.41,,2045.0,89489,1,0.00415,ok
ucr,091_UCR_Anomaly_DISTORTEDtiltAPB3_40000_114000_114370,DISTORTEDtiltAPB3,,tirex_quantile,default,,0.00391,0.00496,0.66667,1.0,28.41,,2045.0,89489,1,0.00415,ok
ucr,091_UCR_Anomaly_DISTORTEDtiltAPB3_40000_114000_114370,DISTORTEDtiltAPB3,,iforest,default,,0.00228,0.00303,0.70377,0.0,7.12,,1604.6,89489,1,0.00415,ok
ucr,091_UCR_Anomaly_DISTORTEDtiltAPB3_40000_114000_114370,DISTORTEDtiltAPB3,,iforest,tuned,"{'w': 200, 'n_estimators': 200}",0.00208,0.00377,0.77082,0.0,13.15,18.66,0.0,89489,1,0.00415,ok
ucr,091_UCR_Anomaly_DISTORTEDtiltAPB3_40000_114000_114370,DISTORTEDtiltAPB3,,lof,default,,0.00684,0.00783,0.84097,0.01711,6.47,,1604.6,89489,1,0.00415,ok
ucr,091_UCR_Anomaly_DISTORTEDtiltAPB3_40000_114000_114370,DISTORTEDtiltAPB3,,lof,tuned,"{'w': 200, 'k': 30}",0.00688,0.00838,0.85641,0.11765,8.72,11.37,0.0,89489,1,0.00415,ok
ucr,091_UCR_Anomaly_DISTORTEDtiltAPB3_40000_114000_114370,DISTORTEDtiltAPB3,,knn,default,,0.0059,0.00715,0.84372,0.0121,5.92,,1604.6,89489,1,0.00415,ok
ucr,091_UCR_Anomaly_DISTORTEDtiltAPB3_40000_114000_114370,DISTORTEDtiltAPB3,,knn,tuned,"{'w': 200, 'k': 3}",0.00767,0.0093,0.86016,0.22222,8.06,9.11,0.0,89489,1,0.00415,ok
ucr,091_UCR_Anomaly_DISTORTEDtiltAPB3_40000_114000_114370,DISTORTEDtiltAPB3,,ae,default,,0.00412,0.00551,0.85817,0.0124,19.26,,1648.2,89489,1,0.00415,ok
ucr,091_UCR_Anomaly_DISTORTEDtiltAPB3_40000_114000_114370,DISTORTEDtiltAPB3,,ae,tuned,"{'w': 100, 'hidden': 64, 'latent': 8}",0.00395,0.00529,0.85112,0.01415,20.93,76.77,0.0,89489,1,0.00415,ok
ucr,094_UCR_Anomaly_NOISEBIDMC1_2500_5400_5600,NOISEBIDMC1,,chronos_small_resid,default,,0.12276,0.08938,0.98954,0.06362,0.13,,1681.8,8500,1,0.02365,ok
ucr,094_UCR_Anomaly_NOISEBIDMC1_2500_5400_5600,NOISEBIDMC1,,chronos_small_quantile,default,,0.13943,0.13684,0.98985,1.0,0.13,,1681.8,8500,1,0.02365,ok
ucr,094_UCR_Anomaly_NOISEBIDMC1_2500_5400_5600,NOISEBIDMC1,,chronos_base_resid,default,,0.13135,0.10275,0.98954,0.09233,0.28,,1803.0,8500,1,0.02365,ok
ucr,094_UCR_Anomaly_NOISEBIDMC1_2500_5400_5600,NOISEBIDMC1,,chronos_base_quantile,default,,0.1443,0.12649,0.98975,1.0,0.28,,1803.0,8500,1,0.02365,ok
ucr,094_UCR_Anomaly_NOISEBIDMC1_2500_5400_5600,NOISEBIDMC1,,timesfm_resid,default,,0.17696,0.21094,0.99571,0.254,3.83,,2057.9,8500,1,0.02365,ok
ucr,094_UCR_Anomaly_NOISEBIDMC1_2500_5400_5600,NOISEBIDMC1,,timesfm_quantile,default,,0.1406,0.12484,0.99433,1.0,3.83,,2057.9,8500,1,0.02365,ok
ucr,094_UCR_Anomaly_NOISEBIDMC1_2500_5400_5600,NOISEBIDMC1,,tirex_resid,default,,0.20289,0.2482,0.98954,0.26116,8.04,,1833.8,8500,1,0.02365,ok
ucr,094_UCR_Anomaly_NOISEBIDMC1_2500_5400_5600,NOISEBIDMC1,,tirex_quantile,default,,0.12247,0.15673,0.92969,1.0,8.04,,1833.8,8500,1,0.02365,ok
ucr,094_UCR_Anomaly_NOISEBIDMC1_2500_5400_5600,NOISEBIDMC1,,iforest,default,,0.61879,0.4995,0.99621,0.70513,1.65,,1604.6,8500,1,0.02365,ok
ucr,094_UCR_Anomaly_NOISEBIDMC1_2500_5400_5600,NOISEBIDMC1,,lof,default,,0.88414,0.75555,0.99844,1.0,0.23,,1604.6,8500,1,0.02365,ok
ucr,094_UCR_Anomaly_NOISEBIDMC1_2500_5400_5600,NOISEBIDMC1,,knn,default,,0.88316,0.74748,0.99868,1.0,0.16,,1604.6,8500,1,0.02365,ok
ucr,094_UCR_Anomaly_NOISEBIDMC1_2500_5400_5600,NOISEBIDMC1,,ae,default,,0.86748,0.73645,0.99829,1.0,1.27,,1612.5,8500,1,0.02365,ok
ucr,097_UCR_Anomaly_NOISEGP711MarkerLFM5z3_5000_5948_5993,NOISEGP711MarkerLFM5z3,,chronos_small_resid,default,,0.00719,0.01402,0.70009,0.01924,0.12,,1666.2,7000,1,0.00657,ok
ucr,097_UCR_Anomaly_NOISEGP711MarkerLFM5z3_5000_5948_5993,NOISEGP711MarkerLFM5z3,,chronos_small_quantile,default,,0.00602,0.00905,0.682,1.0,0.12,,1666.2,7000,1,0.00657,ok
ucr,097_UCR_Anomaly_NOISEGP711MarkerLFM5z3_5000_5948_5993,NOISEGP711MarkerLFM5z3,,chronos_base_resid,default,,0.00769,0.01563,0.69633,0.01912,0.24,,1768.9,7000,1,0.00657,ok
ucr,097_UCR_Anomaly_NOISEGP711MarkerLFM5z3_5000_5948_5993,NOISEGP711MarkerLFM5z3,,chronos_base_quantile,default,,0.00619,0.0092,0.68121,1.0,0.24,,1768.9,7000,1,0.00657,ok
ucr,097_UCR_Anomaly_NOISEGP711MarkerLFM5z3_5000_5948_5993,NOISEGP711MarkerLFM5z3,,timesfm_resid,default,,0.08043,0.05292,0.7704,0.07004,2.49,,2057.9,7000,1,0.00657,ok
ucr,097_UCR_Anomaly_NOISEGP711MarkerLFM5z3_5000_5948_5993,NOISEGP711MarkerLFM5z3,,timesfm_quantile,default,,0.03597,0.02859,0.71249,1.0,2.49,,2057.9,7000,1,0.00657,ok
ucr,097_UCR_Anomaly_NOISEGP711MarkerLFM5z3_5000_5948_5993,NOISEGP711MarkerLFM5z3,,tirex_resid,default,,0.06683,0.07965,0.97458,0.072,7.42,,1797.0,7000,1,0.00657,ok
ucr,097_UCR_Anomaly_NOISEGP711MarkerLFM5z3_5000_5948_5993,NOISEGP711MarkerLFM5z3,,tirex_quantile,default,,0.01354,0.01443,0.80861,1.0,7.42,,1797.0,7000,1,0.00657,ok
ucr,097_UCR_Anomaly_NOISEGP711MarkerLFM5z3_5000_5948_5993,NOISEGP711MarkerLFM5z3,,iforest,default,,0.66471,0.57452,0.9981,0.85,1.45,,1604.6,7000,1,0.00657,ok
ucr,097_UCR_Anomaly_NOISEGP711MarkerLFM5z3_5000_5948_5993,NOISEGP711MarkerLFM5z3,,iforest,tuned,"{'w': 50, 'n_estimators': 200}",0.08553,0.10128,0.71065,0.25372,2.18,7.52,0.0,7000,1,0.00657,ok
ucr,097_UCR_Anomaly_NOISEGP711MarkerLFM5z3_5000_5948_5993,NOISEGP711MarkerLFM5z3,,lof,default,,0.94184,0.8815,0.9986,1.0,0.3,,1604.6,7000,1,0.00657,ok
ucr,097_UCR_Anomaly_NOISEGP711MarkerLFM5z3_5000_5948_5993,NOISEGP711MarkerLFM5z3,,lof,tuned,"{'w': 50, 'k': 30}",0.95164,0.88775,0.99885,1.0,0.96,2.33,0.0,7000,1,0.00657,ok
ucr,097_UCR_Anomaly_NOISEGP711MarkerLFM5z3_5000_5948_5993,NOISEGP711MarkerLFM5z3,,knn,default,,0.98249,0.91465,0.99884,1.0,0.14,,1604.6,7000,1,0.00657,ok
ucr,097_UCR_Anomaly_NOISEGP711MarkerLFM5z3_5000_5948_5993,NOISEGP711MarkerLFM5z3,,knn,tuned,"{'w': 50, 'k': 3}",0.90779,0.86297,0.99869,1.0,0.87,1.69,0.0,7000,1,0.00657,ok
ucr,097_UCR_Anomaly_NOISEGP711MarkerLFM5z3_5000_5948_5993,NOISEGP711MarkerLFM5z3,,ae,default,,0.92989,0.84234,0.99838,1.0,1.59,,1612.1,7000,1,0.00657,ok
ucr,097_UCR_Anomaly_NOISEGP711MarkerLFM5z3_5000_5948_5993,NOISEGP711MarkerLFM5z3,,ae,tuned,"{'w': 100, 'hidden': 64, 'latent': 8}",0.82621,0.78849,0.99843,1.0,2.67,12.52,0.0,7000,1,0.00657,ok
ucr,100_UCR_Anomaly_NOISELab2Cmac011215EPG1_5000_17210_17260,NOISELab2Cmac011215EPG1,,chronos_small_resid,default,,0.14717,0.02837,0.89706,0.00834,0.49,,1750.1,25001,1,0.00204,ok
ucr,100_UCR_Anomaly_NOISELab2Cmac011215EPG1_5000_17210_17260,NOISELab2Cmac011215EPG1,,chronos_small_quantile,default,,0.12862,0.03091,0.87435,1.0,0.49,,1750.1,25001,1,0.00204,ok
ucr,100_UCR_Anomaly_NOISELab2Cmac011215EPG1_5000_17210_17260,NOISELab2Cmac011215EPG1,,chronos_base_resid,default,,0.15284,0.03142,0.90995,0.00949,0.87,,1980.9,25001,1,0.00204,ok
ucr,100_UCR_Anomaly_NOISELab2Cmac011215EPG1_5000_17210_17260,NOISELab2Cmac011215EPG1,,chronos_base_quantile,default,,0.21862,0.06164,0.95037,1.0,0.87,,1980.9,25001,1,0.00204,ok
ucr,100_UCR_Anomaly_NOISELab2Cmac011215EPG1_5000_17210_17260,NOISELab2Cmac011215EPG1,,timesfm_resid,default,,0.15548,0.03592,0.77946,0.01293,8.58,,2057.9,25001,1,0.00204,ok
ucr,100_UCR_Anomaly_NOISELab2Cmac011215EPG1_5000_17210_17260,NOISELab2Cmac011215EPG1,,timesfm_quantile,default,,0.1071,0.04352,0.73454,1.0,8.58,,2057.9,25001,1,0.00204,ok
ucr,100_UCR_Anomaly_NOISELab2Cmac011215EPG1_5000_17210_17260,NOISELab2Cmac011215EPG1,,tirex_resid,default,,0.12637,0.03054,0.78392,0.00767,12.38,,2045.0,25001,1,0.00204,ok
ucr,100_UCR_Anomaly_NOISELab2Cmac011215EPG1_5000_17210_17260,NOISELab2Cmac011215EPG1,,tirex_quantile,default,,0.05554,0.02797,0.66667,1.0,12.38,,2045.0,25001,1,0.00204,ok
ucr,100_UCR_Anomaly_NOISELab2Cmac011215EPG1_5000_17210_17260,NOISELab2Cmac011215EPG1,,iforest,default,,1.0,0.41541,0.99972,0.66667,2.46,,1604.6,25001,1,0.00204,ok
ucr,100_UCR_Anomaly_NOISELab2Cmac011215EPG1_5000_17210_17260,NOISELab2Cmac011215EPG1,,iforest,tuned,"{'w': 50, 'n_estimators': 100}",0.99962,0.49455,0.99972,0.25,3.3,6.78,0.0,25001,1,0.00204,ok
ucr,100_UCR_Anomaly_NOISELab2Cmac011215EPG1_5000_17210_17260,NOISELab2Cmac011215EPG1,,lof,default,,0.99259,0.46932,0.99972,1.0,0.62,,1604.6,25001,1,0.00204,ok
ucr,100_UCR_Anomaly_NOISELab2Cmac011215EPG1_5000_17210_17260,NOISELab2Cmac011215EPG1,,lof,tuned,"{'w': 50, 'k': 30}",0.99962,0.51145,0.99971,0.66667,2.52,2.19,0.0,25001,1,0.00204,ok
ucr,100_UCR_Anomaly_NOISELab2Cmac011215EPG1_5000_17210_17260,NOISELab2Cmac011215EPG1,,knn,default,,0.99316,0.49529,0.99972,0.5,0.47,,1604.6,25001,1,0.00204,ok
ucr,100_UCR_Anomaly_NOISELab2Cmac011215EPG1_5000_17210_17260,NOISELab2Cmac011215EPG1,,knn,tuned,"{'w': 50, 'k': 3}",0.99776,0.51257,0.9997,0.66667,2.48,1.84,0.0,25001,1,0.00204,ok
ucr,100_UCR_Anomaly_NOISELab2Cmac011215EPG1_5000_17210_17260,NOISELab2Cmac011215EPG1,,ae,default,,0.97118,0.53108,0.99968,1.0,2.85,,1619.3,25001,1,0.00204,ok
ucr,100_UCR_Anomaly_NOISELab2Cmac011215EPG1_5000_17210_17260,NOISELab2Cmac011215EPG1,,ae,tuned,"{'w': 50, 'hidden': 64, 'latent': 8}",0.98339,0.50976,0.99968,0.66667,6.34,12.09,0.0,25001,1,0.00204,ok
ucr,103_UCR_Anomaly_NOISETkeepThirdMARS_3500_4711_4809,NOISETkeepThirdMARS,,chronos_small_resid,default,,0.12076,0.07472,0.94226,0.03222,0.35,,1674.2,7808,1,0.01268,ok
ucr,103_UCR_Anomaly_NOISETkeepThirdMARS_3500_4711_4809,NOISETkeepThirdMARS,,chronos_small_quantile,default,,0.02702,0.03493,0.66716,1.0,0.35,,1674.2,7808,1,0.01268,ok
ucr,103_UCR_Anomaly_NOISETkeepThirdMARS_3500_4711_4809,NOISETkeepThirdMARS,,chronos_base_resid,default,,0.52385,0.34056,0.99726,0.14006,0.23,,1785.1,7808,1,0.01268,ok
ucr,103_UCR_Anomaly_NOISETkeepThirdMARS_3500_4711_4809,NOISETkeepThirdMARS,,chronos_base_quantile,default,,0.04295,0.03835,0.71914,1.0,0.23,,1785.1,7808,1,0.01268,ok
ucr,103_UCR_Anomaly_NOISETkeepThirdMARS_3500_4711_4809,NOISETkeepThirdMARS,,timesfm_resid,default,,0.10813,0.13256,0.9643,0.10872,2.72,,2057.9,7808,1,0.01268,ok
ucr,103_UCR_Anomaly_NOISETkeepThirdMARS_3500_4711_4809,NOISETkeepThirdMARS,,timesfm_quantile,default,,0.06,0.05449,0.96529,1.0,2.72,,2057.9,7808,1,0.01268,ok
ucr,103_UCR_Anomaly_NOISETkeepThirdMARS_3500_4711_4809,NOISETkeepThirdMARS,,tirex_resid,default,,0.11725,0.14382,0.96529,0.09449,5.05,,1817.6,7808,1,0.01268,ok
ucr,103_UCR_Anomaly_NOISETkeepThirdMARS_3500_4711_4809,NOISETkeepThirdMARS,,tirex_quantile,default,,0.07893,0.05995,0.9798,1.0,5.05,,1817.6,7808,1,0.01268,ok
ucr,103_UCR_Anomaly_NOISETkeepThirdMARS_3500_4711_4809,NOISETkeepThirdMARS,,iforest,default,,0.27249,0.339,0.99449,0.54167,1.39,,1604.6,7808,1,0.01268,ok
ucr,103_UCR_Anomaly_NOISETkeepThirdMARS_3500_4711_4809,NOISETkeepThirdMARS,,iforest,tuned,"{'w': 100, 'n_estimators': 100}",0.26089,0.32752,0.99449,0.57143,1.5,6.35,0.0,7808,1,0.01268,ok
ucr,103_UCR_Anomaly_NOISETkeepThirdMARS_3500_4711_4809,NOISETkeepThirdMARS,,lof,default,,0.73139,0.83303,0.99685,1.0,0.23,,1604.6,7808,1,0.01268,ok
ucr,103_UCR_Anomaly_NOISETkeepThirdMARS_3500_4711_4809,NOISETkeepThirdMARS,,lof,tuned,"{'w': 100, 'k': 30}",0.88007,0.90533,0.99777,1.0,0.82,1.89,0.0,7808,1,0.01268,ok
ucr,103_UCR_Anomaly_NOISETkeepThirdMARS_3500_4711_4809,NOISETkeepThirdMARS,,knn,default,,0.99598,0.94604,0.99984,1.0,0.15,,1604.6,7808,1,0.01268,ok
ucr,103_UCR_Anomaly_NOISETkeepThirdMARS_3500_4711_4809,NOISETkeepThirdMARS,,knn,tuned,"{'w': 50, 'k': 5}",0.55413,0.73079,0.99566,0.91667,1.03,1.5,0.0,7808,1,0.01268,ok
ucr,103_UCR_Anomaly_NOISETkeepThirdMARS_3500_4711_4809,NOISETkeepThirdMARS,,ae,default,,0.63038,0.76738,0.99572,1.0,1.63,,1612.3,7808,1,0.01268,ok
ucr,103_UCR_Anomaly_NOISETkeepThirdMARS_3500_4711_4809,NOISETkeepThirdMARS,,ae,tuned,"{'w': 100, 'hidden': 32, 'latent': 8}",0.48086,0.57051,0.99413,0.83333,2.42,8.78,0.0,7808,1,0.01268,ok
ucr,106_UCR_Anomaly_NOISEgaitHunt2_18500_31200_31850,NOISEgaitHunt2,,chronos_small_resid,default,,0.02092,0.02325,0.74701,0.00724,0.75,,1750.1,45500,1,0.01431,ok
ucr,106_UCR_Anomaly_NOISEgaitHunt2_18500_31200_31850,NOISEgaitHunt2,,chronos_small_quantile,default,,0.01637,0.01861,0.73831,1.0,0.75,,1750.1,45500,1,0.01431,ok
ucr,106_UCR_Anomaly_NOISEgaitHunt2_18500_31200_31850,NOISEgaitHunt2,,chronos_base_resid,default,,0.02815,0.0284,0.70636,0.00853,0.99,,1980.9,45500,1,0.01431,ok
ucr,106_UCR_Anomaly_NOISEgaitHunt2_18500_31200_31850,NOISEgaitHunt2,,chronos_base_quantile,default,,0.01504,0.0171,0.67412,1.0,0.99,,1980.9,45500,1,0.01431,ok
ucr,106_UCR_Anomaly_NOISEgaitHunt2_18500_31200_31850,NOISEgaitHunt2,,timesfm_resid,default,,0.01321,0.01656,0.66587,0.00354,16.18,,2057.9,45500,1,0.01431,ok
ucr,106_UCR_Anomaly_NOISEgaitHunt2_18500_31200_31850,NOISEgaitHunt2,,timesfm_quantile,default,,0.01392,0.01771,0.88092,1.0,16.18,,2057.9,45500,1,0.01431,ok
ucr,106_UCR_Anomaly_NOISEgaitHunt2_18500_31200_31850,NOISEgaitHunt2,,tirex_resid,default,,0.01128,0.01337,0.66009,0.0022,17.48,,2045.0,45500,1,0.01431,ok
ucr,106_UCR_Anomaly_NOISEgaitHunt2_18500_31200_31850,NOISEgaitHunt2,,tirex_quantile,default,,0.01345,0.01556,0.82184,1.0,17.48,,2045.0,45500,1,0.01431,ok
ucr,106_UCR_Anomaly_NOISEgaitHunt2_18500_31200_31850,NOISEgaitHunt2,,iforest,default,,0.08267,0.08239,0.66909,0.06817,3.56,,1604.6,45500,1,0.01431,ok
ucr,106_UCR_Anomaly_NOISEgaitHunt2_18500_31200_31850,NOISEgaitHunt2,,iforest,tuned,"{'w': 100, 'n_estimators': 200}",0.08267,0.08239,0.66909,0.06817,6.89,11.31,0.0,45500,1,0.01431,ok
ucr,106_UCR_Anomaly_NOISEgaitHunt2_18500_31200_31850,NOISEgaitHunt2,,lof,default,,0.42452,0.42105,0.92456,0.35256,1.77,,1604.6,45500,1,0.01431,ok
ucr,106_UCR_Anomaly_NOISEgaitHunt2_18500_31200_31850,NOISEgaitHunt2,,lof,tuned,"{'w': 100, 'k': 30}",0.45349,0.4604,0.92039,0.41071,4.14,5.74,0.0,45500,1,0.01431,ok
ucr,106_UCR_Anomaly_NOISEgaitHunt2_18500_31200_31850,NOISEgaitHunt2,,knn,default,,0.42466,0.41886,0.92694,0.36042,1.38,,1604.6,45500,1,0.01431,ok
ucr,106_UCR_Anomaly_NOISEgaitHunt2_18500_31200_31850,NOISEgaitHunt2,,knn,tuned,"{'w': 100, 'k': 5}",0.42466,0.41886,0.92694,0.36042,3.83,4.23,0.0,45500,1,0.01431,ok
ucr,106_UCR_Anomaly_NOISEgaitHunt2_18500_31200_31850,NOISEgaitHunt2,,ae,default,,0.42588,0.33172,0.99381,0.21453,8.52,,1629.2,45500,1,0.01431,ok
ucr,106_UCR_Anomaly_NOISEgaitHunt2_18500_31200_31850,NOISEgaitHunt2,,ae,tuned,"{'w': 200, 'hidden': 32, 'latent': 16}",0.13574,0.15407,0.77939,0.1852,10.26,40.62,0.0,45500,1,0.01431,ok
ucr,109_UCR_Anomaly_1sddb40_35000_52000_52620,1sddb40,,chronos_small_resid,default,,0.01908,0.02265,0.67478,0.00546,0.59,,1750.1,44795,1,0.01386,ok
ucr,109_UCR_Anomaly_1sddb40_35000_52000_52620,1sddb40,,chronos_small_quantile,default,,0.01339,0.01551,0.66675,1.0,0.59,,1750.1,44795,1,0.01386,ok
ucr,109_UCR_Anomaly_1sddb40_35000_52000_52620,1sddb40,,chronos_base_resid,default,,0.0198,0.0232,0.67547,0.0057,1.15,,1980.9,44795,1,0.01386,ok
ucr,109_UCR_Anomaly_1sddb40_35000_52000_52620,1sddb40,,chronos_base_quantile,default,,0.01334,0.01559,0.66675,1.0,1.15,,1980.9,44795,1,0.01386,ok
ucr,109_UCR_Anomaly_1sddb40_35000_52000_52620,1sddb40,,timesfm_resid,default,,0.02147,0.02645,0.74971,0.00447,13.19,,2057.9,44795,1,0.01386,ok
ucr,109_UCR_Anomaly_1sddb40_35000_52000_52620,1sddb40,,timesfm_quantile,default,,0.01943,0.0225,0.7502,1.0,13.19,,2057.9,44795,1,0.01386,ok
ucr,109_UCR_Anomaly_1sddb40_35000_52000_52620,1sddb40,,tirex_resid,default,,0.01226,0.01523,0.67555,0.0038,17.09,,2045.0,44795,1,0.01386,ok
ucr,109_UCR_Anomaly_1sddb40_35000_52000_52620,1sddb40,,tirex_quantile,default,,0.01411,0.01626,0.70199,1.0,17.09,,2045.0,44795,1,0.01386,ok
ucr,109_UCR_Anomaly_1sddb40_35000_52000_52620,1sddb40,,iforest,default,,0.36646,0.25187,0.99787,0.38583,3.44,,1604.6,44795,1,0.01386,ok
ucr,109_UCR_Anomaly_1sddb40_35000_52000_52620,1sddb40,,iforest,tuned,"{'w': 200, 'n_estimators': 100}",0.30804,0.3084,0.7575,0.53125,6.22,13.98,0.0,44795,1,0.01386,ok
ucr,109_UCR_Anomaly_1sddb40_35000_52000_52620,1sddb40,,lof,default,,0.03998,0.04241,0.63766,0.04708,2.73,,1604.6,44795,1,0.01386,ok
ucr,109_UCR_Anomaly_1sddb40_35000_52000_52620,1sddb40,,lof,tuned,"{'w': 200, 'k': 50}",0.0383,0.04141,0.64397,0.16026,3.77,9.15,0.0,44795,1,0.01386,ok
ucr,109_UCR_Anomaly_1sddb40_35000_52000_52620,1sddb40,,knn,default,,0.44904,0.35345,0.99787,0.40826,1.9,,1604.6,44795,1,0.01386,ok
ucr,109_UCR_Anomaly_1sddb40_35000_52000_52620,1sddb40,,knn,tuned,"{'w': 200, 'k': 5}",0.67578,0.55816,0.99678,0.70833,3.17,6.94,0.0,44795,1,0.01386,ok
ucr,109_UCR_Anomaly_1sddb40_35000_52000_52620,1sddb40,,ae,default,,0.03716,0.04295,0.65054,0.05145,14.18,,1630.5,44795,1,0.01386,ok
ucr,109_UCR_Anomaly_1sddb40_35000_52000_52620,1sddb40,,ae,tuned,"{'w': 200, 'hidden': 32, 'latent': 8}",0.72336,0.61842,0.9993,0.64545,12.55,67.28,0.0,44795,1,0.01386,ok
ucr,112_UCR_Anomaly_BIDMC1_2500_5400_5600,BIDMC1,,chronos_small_resid,default,,0.12497,0.09709,0.98931,0.07179,0.19,,1681.8,8500,1,0.02365,ok
ucr,112_UCR_Anomaly_BIDMC1_2500_5400_5600,BIDMC1,,chronos_small_quantile,default,,0.14085,0.0984,0.99005,1.0,0.19,,1681.8,8500,1,0.02365,ok
ucr,112_UCR_Anomaly_BIDMC1_2500_5400_5600,BIDMC1,,chronos_base_resid,default,,0.12046,0.09167,0.98931,0.08002,0.47,,1803.0,8500,1,0.02365,ok
ucr,112_UCR_Anomaly_BIDMC1_2500_5400_5600,BIDMC1,,chronos_base_quantile,default,,0.06562,0.05938,0.8555,1.0,0.47,,1803.0,8500,1,0.02365,ok
ucr,112_UCR_Anomaly_BIDMC1_2500_5400_5600,BIDMC1,,timesfm_resid,default,,0.17798,0.21807,0.98931,0.26039,3.8,,2057.9,8500,1,0.02365,ok
ucr,112_UCR_Anomaly_BIDMC1_2500_5400_5600,BIDMC1,,timesfm_quantile,default,,0.15254,0.12282,0.99576,1.0,3.8,,2057.9,8500,1,0.02365,ok
ucr,112_UCR_Anomaly_BIDMC1_2500_5400_5600,BIDMC1,,tirex_resid,default,,0.20043,0.25199,0.98931,0.27038,5.7,,1833.8,8500,1,0.02365,ok
ucr,112_UCR_Anomaly_BIDMC1_2500_5400_5600,BIDMC1,,tirex_quantile,default,,0.04902,0.13035,0.97512,1.0,5.7,,1833.8,8500,1,0.02365,ok
ucr,112_UCR_Anomaly_BIDMC1_2500_5400_5600,BIDMC1,,iforest,default,,0.59123,0.46629,0.9965,0.70238,1.51,,1604.6,8500,1,0.02365,ok
ucr,112_UCR_Anomaly_BIDMC1_2500_5400_5600,BIDMC1,,lof,default,,0.88555,0.75707,0.99844,1.0,0.22,,1604.6,8500,1,0.02365,ok
ucr,112_UCR_Anomaly_BIDMC1_2500_5400_5600,BIDMC1,,knn,default,,0.8814,0.74367,0.99868,1.0,0.14,,1604.6,8500,1,0.02365,ok
ucr,112_UCR_Anomaly_BIDMC1_2500_5400_5600,BIDMC1,,ae,default,,0.87214,0.74021,0.99841,1.0,1.3,,1612.5,8500,1,0.02365,ok
ucr,115_UCR_Anomaly_CIMIS44AirTemperature3_4000_6520_6544,CIMIS44AirTemperature3,,chronos_small_resid,default,,0.20702,0.10978,0.82717,0.21887,0.13,,1641.6,4184,1,0.00598,ok
ucr,115_UCR_Anomaly_CIMIS44AirTemperature3_4000_6520_6544,CIMIS44AirTemperature3,,chronos_small_quantile,default,,0.39455,0.15474,0.99884,1.0,0.13,,1641.6,4184,1,0.00598,ok
ucr,115_UCR_Anomaly_CIMIS44AirTemperature3_4000_6520_6544,CIMIS44AirTemperature3,,chronos_base_resid,default,,0.20706,0.10613,0.82716,0.21786,0.21,,1703.2,4184,1,0.00598,ok
ucr,115_UCR_Anomaly_CIMIS44AirTemperature3_4000_6520_6544,CIMIS44AirTemperature3,,chronos_base_quantile,default,,0.41597,0.17358,0.99884,1.0,0.21,,1703.2,4184,1,0.00598,ok
ucr,115_UCR_Anomaly_CIMIS44AirTemperature3_4000_6520_6544,CIMIS44AirTemperature3,,timesfm_resid,default,,0.17527,0.0873,0.97421,0.14946,2.72,,2057.9,4184,1,0.00598,ok
ucr,115_UCR_Anomaly_CIMIS44AirTemperature3_4000_6520_6544,CIMIS44AirTemperature3,,timesfm_quantile,default,,0.40335,0.14739,0.99884,1.0,2.72,,2057.9,4184,1,0.00598,ok
ucr,115_UCR_Anomaly_CIMIS44AirTemperature3_4000_6520_6544,CIMIS44AirTemperature3,,tirex_resid,default,,0.17286,0.09011,0.86822,0.15069,6.19,,1721.3,4184,1,0.00598,ok
ucr,115_UCR_Anomaly_CIMIS44AirTemperature3_4000_6520_6544,CIMIS44AirTemperature3,,tirex_quantile,default,,0.31857,0.11725,0.99883,1.0,6.19,,1721.3,4184,1,0.00598,ok
ucr,115_UCR_Anomaly_CIMIS44AirTemperature3_4000_6520_6544,CIMIS44AirTemperature3,,iforest,default,,0.0058,0.00925,0.64095,0.0,1.16,,1604.6,4184,1,0.00598,ok
ucr,115_UCR_Anomaly_CIMIS44AirTemperature3_4000_6520_6544,CIMIS44AirTemperature3,,iforest,tuned,"{'w': 50, 'n_estimators': 100}",0.00881,0.01168,0.65459,0.16404,1.08,6.53,0.0,4184,1,0.00598,ok
ucr,115_UCR_Anomaly_CIMIS44AirTemperature3_4000_6520_6544,CIMIS44AirTemperature3,,lof,default,,0.04184,0.06044,0.72414,0.4,0.18,,1604.6,4184,1,0.00598,ok
ucr,115_UCR_Anomaly_CIMIS44AirTemperature3_4000_6520_6544,CIMIS44AirTemperature3,,lof,tuned,"{'w': 50, 'k': 50}",0.98974,0.8916,0.9988,1.0,0.62,2.36,0.0,4184,1,0.00598,ok
ucr,115_UCR_Anomaly_CIMIS44AirTemperature3_4000_6520_6544,CIMIS44AirTemperature3,,knn,default,,0.25607,0.26665,0.72475,0.66667,0.09,,1604.6,4184,1,0.00598,ok
ucr,115_UCR_Anomaly_CIMIS44AirTemperature3_4000_6520_6544,CIMIS44AirTemperature3,,knn,tuned,"{'w': 50, 'k': 5}",0.98395,0.87989,0.9988,1.0,0.49,1.74,0.0,4184,1,0.00598,ok
ucr,115_UCR_Anomaly_CIMIS44AirTemperature3_4000_6520_6544,CIMIS44AirTemperature3,,ae,default,,1.0,0.89187,0.99883,1.0,1.57,,1610.8,4184,1,0.00598,ok
ucr,115_UCR_Anomaly_CIMIS44AirTemperature3_4000_6520_6544,CIMIS44AirTemperature3,,ae,tuned,"{'w': 100, 'hidden': 32, 'latent': 8}",0.99846,0.89907,0.99883,1.0,2.1,9.91,0.0,4184,1,0.00598,ok
ucr,118_UCR_Anomaly_CIMIS44AirTemperature6_4000_6006_6054,CIMIS44AirTemperature6,,chronos_small_resid,default,,0.04634,0.08908,0.82504,0.09139,0.15,,1641.6,4184,1,0.01171,ok
ucr,118_UCR_Anomaly_CIMIS44AirTemperature6_4000_6006_6054,CIMIS44AirTemperature6,,chronos_small_quantile,default,,0.10141,0.12384,0.86552,1.0,0.15,,1641.6,4184,1,0.01171,ok
ucr,118_UCR_Anomaly_CIMIS44AirTemperature6_4000_6006_6054,CIMIS44AirTemperature6,,chronos_base_resid,default,,0.0338,0.07282,0.75945,0.05765,0.36,,1703.2,4184,1,0.01171,ok
ucr,118_UCR_Anomaly_CIMIS44AirTemperature6_4000_6006_6054,CIMIS44AirTemperature6,,chronos_base_quantile,default,,0.08858,0.1266,0.91678,1.0,0.36,,1703.2,4184,1,0.01171,ok
ucr,118_UCR_Anomaly_CIMIS44AirTemperature6_4000_6006_6054,CIMIS44AirTemperature6,,timesfm_resid,default,,0.03161,0.05363,0.77723,0.05857,2.62,,2057.9,4184,1,0.01171,ok
ucr,118_UCR_Anomaly_CIMIS44AirTemperature6_4000_6006_6054,CIMIS44AirTemperature6,,timesfm_quantile,default,,0.0457,0.05139,0.83739,1.0,2.62,,2057.9,4184,1,0.01171,ok
ucr,118_UCR_Anomaly_CIMIS44AirTemperature6_4000_6006_6054,CIMIS44AirTemperature6,,tirex_resid,default,,0.03369,0.06668,0.79739,0.07381,5.7,,1721.3,4184,1,0.01171,ok
ucr,118_UCR_Anomaly_CIMIS44AirTemperature6_4000_6006_6054,CIMIS44AirTemperature6,,tirex_quantile,default,,0.04238,0.06504,0.82234,1.0,5.7,,1721.3,4184,1,0.01171,ok
ucr,118_UCR_Anomaly_CIMIS44AirTemperature6_4000_6006_6054,CIMIS44AirTemperature6,,iforest,default,,0.01912,0.02843,0.77435,0.28056,1.21,,1604.6,4184,1,0.01171,ok
ucr,118_UCR_Anomaly_CIMIS44AirTemperature6_4000_6006_6054,CIMIS44AirTemperature6,,iforest,tuned,"{'w': 50, 'n_estimators': 100}",0.01564,0.02382,0.73058,0.17738,1.12,6.56,0.0,4184,1,0.01171,ok
ucr,118_UCR_Anomaly_CIMIS44AirTemperature6_4000_6006_6054,CIMIS44AirTemperature6,,lof,default,,0.10173,0.13924,0.83014,0.5,0.19,,1604.6,4184,1,0.01171,ok
ucr,118_UCR_Anomaly_CIMIS44AirTemperature6_4000_6006_6054,CIMIS44AirTemperature6,,lof,tuned,"{'w': 50, 'k': 50}",0.62951,0.65856,0.99533,0.91667,0.59,2.16,0.0,4184,1,0.01171,ok
ucr,118_UCR_Anomaly_CIMIS44AirTemperature6_4000_6006_6054,CIMIS44AirTemperature6,,knn,default,,0.60042,0.61573,0.99606,0.91667,0.08,,1604.6,4184,1,0.01171,ok
ucr,118_UCR_Anomaly_CIMIS44AirTemperature6_4000_6006_6054,CIMIS44AirTemperature6,,knn,tuned,"{'w': 50, 'k': 5}",0.71475,0.69324,0.99674,1.0,0.52,1.78,0.0,4184,1,0.01171,ok
ucr,118_UCR_Anomaly_CIMIS44AirTemperature6_4000_6006_6054,CIMIS44AirTemperature6,,ae,default,,0.70081,0.78545,0.99602,1.0,1.67,,1610.8,4184,1,0.01171,ok
ucr,118_UCR_Anomaly_CIMIS44AirTemperature6_4000_6006_6054,CIMIS44AirTemperature6,,ae,tuned,"{'w': 100, 'hidden': 32, 'latent': 8}",0.47482,0.63311,0.99481,1.0,2.11,10.61,0.0,4184,1,0.01171,ok
ucr,121_UCR_Anomaly_ECG3_15000_16000_16100,ECG3,,chronos_small_resid,default,,0.02139,0.02087,0.67671,0.01407,0.17,,1736.3,15000,1,0.00673,ok
ucr,121_UCR_Anomaly_ECG3_15000_16000_16100,ECG3,,chronos_small_quantile,default,,0.02296,0.02141,0.78732,1.0,0.17,,1736.3,15000,1,0.00673,ok
ucr,121_UCR_Anomaly_ECG3_15000_16000_16100,ECG3,,chronos_base_resid,default,,0.02455,0.02072,0.67357,0.01742,0.32,,1959.6,15000,1,0.00673,ok
ucr,121_UCR_Anomaly_ECG3_15000_16000_16100,ECG3,,chronos_base_quantile,default,,0.02975,0.02537,0.82251,1.0,0.32,,1959.6,15000,1,0.00673,ok
ucr,121_UCR_Anomaly_ECG3_15000_16000_16100,ECG3,,timesfm_resid,default,,0.03459,0.02889,0.93751,0.02139,4.88,,2057.9,15000,1,0.00673,ok
ucr,121_UCR_Anomaly_ECG3_15000_16000_16100,ECG3,,timesfm_quantile,default,,0.05858,0.04684,0.89172,1.0,4.88,,2057.9,15000,1,0.00673,ok
ucr,121_UCR_Anomaly_ECG3_15000_16000_16100,ECG3,,tirex_resid,default,,0.01258,0.01306,0.78588,0.00832,5.16,,2009.8,15000,1,0.00673,ok
ucr,121_UCR_Anomaly_ECG3_15000_16000_16100,ECG3,,tirex_quantile,default,,0.00646,0.00966,0.71908,1.0,5.16,,2009.8,15000,1,0.00673,ok
ucr,121_UCR_Anomaly_ECG3_15000_16000_16100,ECG3,,iforest,default,,0.00341,0.00693,0.86447,0.0,1.85,,1604.6,15000,1,0.00673,ok
ucr,121_UCR_Anomaly_ECG3_15000_16000_16100,ECG3,,iforest,tuned,"{'w': 100, 'n_estimators': 100}",0.00341,0.00681,0.86447,0.0,2.37,9.34,0.0,15000,1,0.00673,ok
ucr,121_UCR_Anomaly_ECG3_15000_16000_16100,ECG3,,lof,default,,0.91019,0.80809,0.99861,0.91667,0.67,,1604.6,15000,1,0.00673,ok
ucr,121_UCR_Anomaly_ECG3_15000_16000_16100,ECG3,,lof,tuned,"{'w': 100, 'k': 30}",0.91019,0.82214,0.99861,1.0,1.55,4.59,0.0,15000,1,0.00673,ok
ucr,121_UCR_Anomaly_ECG3_15000_16000_16100,ECG3,,knn,default,,0.58716,0.37288,0.99811,0.625,0.42,,1604.6,15000,1,0.00673,ok
ucr,121_UCR_Anomaly_ECG3_15000_16000_16100,ECG3,,knn,tuned,"{'w': 100, 'k': 3}",0.68001,0.44132,0.99811,0.625,1.37,3.4,0.0,15000,1,0.00673,ok
ucr,121_UCR_Anomaly_ECG3_15000_16000_16100,ECG3,,ae,default,,0.45204,0.32103,0.99814,0.625,5.5,,1616.1,15000,1,0.00673,ok
ucr,121_UCR_Anomaly_ECG3_15000_16000_16100,ECG3,,ae,tuned,"{'w': 100, 'hidden': 64, 'latent': 8}",0.16892,0.18228,0.71667,0.50379,7.16,33.57,0.0,15000,1,0.00673,ok
ucr,124_UCR_Anomaly_ECG4_5000_16900_17100,ECG4,,chronos_small_resid,default,,0.02602,0.02376,0.68758,0.0125,0.28,,1750.1,25000,1,0.00804,ok
ucr,124_UCR_Anomaly_ECG4_5000_16900_17100,ECG4,,chronos_small_quantile,default,,0.01447,0.01715,0.68917,1.0,0.28,,1750.1,25000,1,0.00804,ok
ucr,124_UCR_Anomaly_ECG4_5000_16900_17100,ECG4,,chronos_base_resid,default,,0.02426,0.02433,0.68704,0.01159,0.74,,1980.9,25000,1,0.00804,ok
ucr,124_UCR_Anomaly_ECG4_5000_16900_17100,ECG4,,chronos_base_quantile,default,,0.00995,0.01308,0.7198,1.0,0.74,,1980.9,25000,1,0.00804,ok
ucr,124_UCR_Anomaly_ECG4_5000_16900_17100,ECG4,,timesfm_resid,default,,0.04783,0.03776,0.87573,0.01191,9.03,,2057.9,25000,1,0.00804,ok
ucr,124_UCR_Anomaly_ECG4_5000_16900_17100,ECG4,,timesfm_quantile,default,,0.0257,0.01957,0.90987,1.0,9.03,,2057.9,25000,1,0.00804,ok
ucr,124_UCR_Anomaly_ECG4_5000_16900_17100,ECG4,,tirex_resid,default,,0.01312,0.0158,0.68235,0.00736,11.73,,2045.0,25000,1,0.00804,ok
ucr,124_UCR_Anomaly_ECG4_5000_16900_17100,ECG4,,tirex_quantile,default,,0.00998,0.01408,0.68597,1.0,11.73,,2045.0,25000,1,0.00804,ok
ucr,124_UCR_Anomaly_ECG4_5000_16900_17100,ECG4,,iforest,default,,0.00837,0.02531,0.92893,0.02059,2.28,,1604.6,25000,1,0.00804,ok
ucr,124_UCR_Anomaly_ECG4_5000_16900_17100,ECG4,,iforest,tuned,"{'w': 50, 'n_estimators': 100}",0.0083,0.01537,0.69425,0.00993,3.13,6.88,0.0,25000,1,0.00804,ok
ucr,124_UCR_Anomaly_ECG4_5000_16900_17100,ECG4,,lof,default,,0.99124,0.85478,0.99948,1.0,0.61,,1604.6,25000,1,0.00804,ok
ucr,124_UCR_Anomaly_ECG4_5000_16900_17100,ECG4,,lof,tuned,"{'w': 50, 'k': 30}",0.72501,0.49025,0.99811,0.50476,2.49,2.17,0.0,25000,1,0.00804,ok
ucr,124_UCR_Anomaly_ECG4_5000_16900_17100,ECG4,,knn,default,,0.93199,0.82858,0.99903,1.0,0.46,,1604.6,25000,1,0.00804,ok
ucr,124_UCR_Anomaly_ECG4_5000_16900_17100,ECG4,,knn,tuned,"{'w': 50, 'k': 3}",0.64235,0.46771,0.9981,0.52941,2.24,1.8,0.0,25000,1,0.00804,ok
ucr,124_UCR_Anomaly_ECG4_5000_16900_17100,ECG4,,ae,default,,0.86415,0.75355,0.99872,1.0,2.78,,1619.3,25000,1,0.00804,ok
ucr,124_UCR_Anomaly_ECG4_5000_16900_17100,ECG4,,ae,tuned,"{'w': 50, 'hidden': 64, 'latent': 8}",0.52434,0.38176,0.99812,0.31588,6.18,12.27,0.0,25000,1,0.00804,ok
ucr,127_UCR_Anomaly_GP711MarkerLFM5z1_5000_6168_6212,GP711MarkerLFM5z1,,chronos_small_resid,default,,0.00902,0.01166,0.6898,0.02377,0.36,,1666.2,7000,1,0.00643,ok
ucr,127_UCR_Anomaly_GP711MarkerLFM5z1_5000_6168_6212,GP711MarkerLFM5z1,,chronos_small_quantile,default,,0.00643,0.00944,0.68499,1.0,0.36,,1666.2,7000,1,0.00643,ok
ucr,127_UCR_Anomaly_GP711MarkerLFM5z1_5000_6168_6212,GP711MarkerLFM5z1,,chronos_base_resid,default,,0.00846,0.01074,0.69085,0.02007,0.24,,1768.9,7000,1,0.00643,ok
ucr,127_UCR_Anomaly_GP711MarkerLFM5z1_5000_6168_6212,GP711MarkerLFM5z1,,chronos_base_quantile,default,,0.00643,0.00945,0.68435,1.0,0.24,,1768.9,7000,1,0.00643,ok
ucr,127_UCR_Anomaly_GP711MarkerLFM5z1_5000_6168_6212,GP711MarkerLFM5z1,,timesfm_resid,default,,0.22201,0.16207,0.93929,0.25609,2.81,,2057.9,7000,1,0.00643,ok
ucr,127_UCR_Anomaly_GP711MarkerLFM5z1_5000_6168_6212,GP711MarkerLFM5z1,,timesfm_quantile,default,,0.10757,0.09098,0.93871,1.0,2.81,,2057.9,7000,1,0.00643,ok
ucr,127_UCR_Anomaly_GP711MarkerLFM5z1_5000_6168_6212,GP711MarkerLFM5z1,,tirex_resid,default,,0.18726,0.09522,0.9986,0.19821,6.29,,1797.0,7000,1,0.00643,ok
ucr,127_UCR_Anomaly_GP711MarkerLFM5z1_5000_6168_6212,GP711MarkerLFM5z1,,tirex_quantile,default,,0.12682,0.09255,0.939,1.0,6.29,,1797.0,7000,1,0.00643,ok
ucr,127_UCR_Anomaly_GP711MarkerLFM5z1_5000_6168_6212,GP711MarkerLFM5z1,,iforest,default,,0.00582,0.00881,0.69203,0.0303,1.43,,1604.6,7000,1,0.00643,ok
ucr,127_UCR_Anomaly_GP711MarkerLFM5z1_5000_6168_6212,GP711MarkerLFM5z1,,iforest,tuned,"{'w': 50, 'n_estimators': 100}",0.0053,0.00778,0.67167,0.0303,1.0,6.13,0.0,7000,1,0.00643,ok
ucr,127_UCR_Anomaly_GP711MarkerLFM5z1_5000_6168_6212,GP711MarkerLFM5z1,,lof,default,,0.97263,0.88691,0.99875,1.0,0.23,,1604.6,7000,1,0.00643,ok
ucr,127_UCR_Anomaly_GP711MarkerLFM5z1_5000_6168_6212,GP711MarkerLFM5z1,,lof,tuned,"{'w': 50, 'k': 30}",0.99714,0.88126,0.99889,1.0,0.89,1.89,0.0,7000,1,0.00643,ok
ucr,127_UCR_Anomaly_GP711MarkerLFM5z1_5000_6168_6212,GP711MarkerLFM5z1,,knn,default,,0.52943,0.5498,0.99732,1.0,0.14,,1604.6,7000,1,0.00643,ok
ucr,127_UCR_Anomaly_GP711MarkerLFM5z1_5000_6168_6212,GP711MarkerLFM5z1,,knn,tuned,"{'w': 50, 'k': 3}",0.42351,0.36159,0.9978,0.46667,0.8,1.82,0.0,7000,1,0.00643,ok
ucr,127_UCR_Anomaly_GP711MarkerLFM5z1_5000_6168_6212,GP711MarkerLFM5z1,,ae,default,,0.29849,0.42967,0.99471,1.0,2.11,,1612.1,7000,1,0.00643,ok
ucr,127_UCR_Anomaly_GP711MarkerLFM5z1_5000_6168_6212,GP711MarkerLFM5z1,,ae,tuned,"{'w': 100, 'hidden': 64, 'latent': 8}",0.2896,0.42292,0.99515,0.875,2.68,12.66,0.0,7000,1,0.00643,ok
ucr,130_UCR_Anomaly_GP711MarkerLFM5z4_4000_6527_6645,GP711MarkerLFM5z4,,chronos_small_resid,default,,0.0296,0.03454,0.68185,0.04354,0.27,,1674.7,8000,1,0.01487,ok
ucr,130_UCR_Anomaly_GP711MarkerLFM5z4_4000_6527_6645,GP711MarkerLFM5z4,,chronos_small_quantile,default,,0.02107,0.02524,0.71616,1.0,0.27,,1674.7,8000,1,0.01487,ok
ucr,130_UCR_Anomaly_GP711MarkerLFM5z4_4000_6527_6645,GP711MarkerLFM5z4,,chronos_base_resid,default,,0.03281,0.03835,0.69045,0.04808,0.41,,1787.9,8000,1,0.01487,ok
ucr,130_UCR_Anomaly_GP711MarkerLFM5z4_4000_6527_6645,GP711MarkerLFM5z4,,chronos_base_quantile,default,,0.01758,0.02376,0.69948,1.0,0.41,,1787.9,8000,1,0.01487,ok
ucr,130_UCR_Anomaly_GP711MarkerLFM5z4_4000_6527_6645,GP711MarkerLFM5z4,,timesfm_resid,default,,0.29573,0.1606,0.99619,0.34213,2.7,,2057.9,8000,1,0.01487,ok
ucr,130_UCR_Anomaly_GP711MarkerLFM5z4_4000_6527_6645,GP711MarkerLFM5z4,,timesfm_quantile,default,,0.03516,0.03677,0.93534,1.0,2.7,,2057.9,8000,1,0.01487,ok
ucr,130_UCR_Anomaly_GP711MarkerLFM5z4_4000_6527_6645,GP711MarkerLFM5z4,,tirex_resid,default,,0.293,0.16089,0.99615,0.20467,5.63,,1819.6,8000,1,0.01487,ok
ucr,130_UCR_Anomaly_GP711MarkerLFM5z4_4000_6527_6645,GP711MarkerLFM5z4,,tirex_quantile,default,,0.02605,0.03081,0.75535,1.0,5.63,,1819.6,8000,1,0.01487,ok
ucr,130_UCR_Anomaly_GP711MarkerLFM5z4_4000_6527_6645,GP711MarkerLFM5z4,,iforest,default,,0.57211,0.38044,0.9964,0.61389,1.36,,1604.6,8000,1,0.01487,ok
ucr,130_UCR_Anomaly_GP711MarkerLFM5z4_4000_6527_6645,GP711MarkerLFM5z4,,iforest,tuned,"{'w': 50, 'n_estimators': 200}",0.06363,0.05625,0.67351,0.16592,1.83,7.68,0.0,8000,1,0.01487,ok
ucr,130_UCR_Anomaly_GP711MarkerLFM5z4_4000_6527_6645,GP711MarkerLFM5z4,,lof,default,,0.8381,0.85518,0.99663,1.0,0.26,,1604.6,8000,1,0.01487,ok
ucr,130_UCR_Anomaly_GP711MarkerLFM5z4_4000_6527_6645,GP711MarkerLFM5z4,,lof,tuned,"{'w': 50, 'k': 30}",0.83272,0.69343,0.99577,0.83333,0.98,2.16,0.0,8000,1,0.01487,ok
ucr,130_UCR_Anomaly_GP711MarkerLFM5z4_4000_6527_6645,GP711MarkerLFM5z4,,knn,default,,0.99503,0.92343,0.99938,1.0,0.15,,1604.6,8000,1,0.01487,ok
ucr,130_UCR_Anomaly_GP711MarkerLFM5z4_4000_6527_6645,GP711MarkerLFM5z4,,knn,tuned,"{'w': 100, 'k': 5}",0.99503,0.92343,0.99938,1.0,0.78,1.8,0.0,8000,1,0.01487,ok
ucr,130_UCR_Anomaly_GP711MarkerLFM5z4_4000_6527_6645,GP711MarkerLFM5z4,,ae,default,,0.99032,0.91898,0.99928,1.0,2.27,,1612.3,8000,1,0.01487,ok
ucr,130_UCR_Anomaly_GP711MarkerLFM5z4_4000_6527_6645,GP711MarkerLFM5z4,,ae,tuned,"{'w': 100, 'hidden': 32, 'latent': 16}",0.99491,0.88273,0.99939,1.0,2.53,11.87,0.0,8000,1,0.01487,ok
ucr,133_UCR_Anomaly_InternalBleeding14_2800_5607_5634,InternalBleeding14,,chronos_small_resid,default,,0.00357,0.00705,0.6976,0.00476,0.15,,1646.3,4701,1,0.00596,ok
ucr,133_UCR_Anomaly_InternalBleeding14_2800_5607_5634,InternalBleeding14,,chronos_small_quantile,default,,0.00596,0.00813,0.69465,1.0,0.15,,1646.3,4701,1,0.00596,ok
ucr,133_UCR_Anomaly_InternalBleeding14_2800_5607_5634,InternalBleeding14,,chronos_base_resid,default,,0.00445,0.00806,0.70309,0.01613,0.4,,1713.1,4701,1,0.00596,ok
ucr,133_UCR_Anomaly_InternalBleeding14_2800_5607_5634,InternalBleeding14,,chronos_base_quantile,default,,0.00546,0.00782,0.6897,1.0,0.4,,1713.1,4701,1,0.00596,ok
ucr,133_UCR_Anomaly_InternalBleeding14_2800_5607_5634,InternalBleeding14,,timesfm_resid,default,,0.27508,0.1541,0.99849,0.23636,2.94,,2057.9,4701,1,0.00596,ok
ucr,133_UCR_Anomaly_InternalBleeding14_2800_5607_5634,InternalBleeding14,,timesfm_quantile,default,,0.22297,0.08106,0.99849,1.0,2.94,,2057.9,4701,1,0.00596,ok
ucr,133_UCR_Anomaly_InternalBleeding14_2800_5607_5634,InternalBleeding14,,tirex_resid,default,,0.15517,0.2814,0.99202,0.29034,6.12,,1735.0,4701,1,0.00596,ok
ucr,133_UCR_Anomaly_InternalBleeding14_2800_5607_5634,InternalBleeding14,,tirex_quantile,default,,0.31194,0.13105,0.99838,1.0,6.12,,1735.0,4701,1,0.00596,ok
ucr,133_UCR_Anomaly_InternalBleeding14_2800_5607_5634,InternalBleeding14,,iforest,default,,0.95524,0.78908,0.99876,1.0,1.23,,1604.6,4701,1,0.00596,ok
ucr,133_UCR_Anomaly_InternalBleeding14_2800_5607_5634,InternalBleeding14,,iforest,tuned,"{'w': 50, 'n_estimators': 200}",0.05922,0.07067,0.69318,0.24702,1.7,6.19,0.0,4701,1,0.00596,ok
ucr,133_UCR_Anomaly_InternalBleeding14_2800_5607_5634,InternalBleeding14,,lof,default,,0.95294,0.86489,0.9989,1.0,0.16,,1604.6,4701,1,0.00596,ok
ucr,133_UCR_Anomaly_InternalBleeding14_2800_5607_5634,InternalBleeding14,,lof,tuned,"{'w': 50, 'k': 50}",0.33032,0.49946,0.99562,1.0,1.12,2.77,0.0,4701,1,0.00596,ok
ucr,133_UCR_Anomaly_InternalBleeding14_2800_5607_5634,InternalBleeding14,,knn,default,,0.94563,0.87329,0.99871,1.0,0.09,,1604.6,4701,1,0.00596,ok
ucr,133_UCR_Anomaly_InternalBleeding14_2800_5607_5634,InternalBleeding14,,knn,tuned,"{'w': 50, 'k': 3}",0.92822,0.85277,0.99858,1.0,0.53,1.51,0.0,4701,1,0.00596,ok
ucr,133_UCR_Anomaly_InternalBleeding14_2800_5607_5634,InternalBleeding14,,ae,default,,0.83277,0.78013,0.99858,1.0,1.36,,1610.9,4701,1,0.00596,ok
ucr,133_UCR_Anomaly_InternalBleeding14_2800_5607_5634,InternalBleeding14,,ae,tuned,"{'w': 200, 'hidden': 32, 'latent': 16}",0.82668,0.72986,0.99849,0.91667,1.55,7.22,0.0,4701,1,0.00596,ok
ucr,136_UCR_Anomaly_InternalBleeding17_1600_3198_3309,InternalBleeding17,,chronos_small_resid,default,,0.02115,0.03394,0.73819,0.03868,0.12,,1657.2,5900,1,0.01898,ok
ucr,136_UCR_Anomaly_InternalBleeding17_1600_3198_3309,InternalBleeding17,,chronos_small_quantile,default,,0.02366,0.0481,0.78755,1.0,0.12,,1657.2,5900,1,0.01898,ok
ucr,136_UCR_Anomaly_InternalBleeding17_1600_3198_3309,InternalBleeding17,,chronos_base_resid,default,,0.02158,0.02821,0.66841,0.02711,0.21,,1741.0,5900,1,0.01898,ok
ucr,136_UCR_Anomaly_InternalBleeding17_1600_3198_3309,InternalBleeding17,,chronos_base_quantile,default,,0.03942,0.03468,0.90301,1.0,0.21,,1741.0,5900,1,0.01898,ok
ucr,136_UCR_Anomaly_InternalBleeding17_1600_3198_3309,InternalBleeding17,,timesfm_resid,default,,0.40648,0.28139,0.99547,0.36429,2.38,,2057.9,5900,1,0.01898,ok
ucr,136_UCR_Anomaly_InternalBleeding17_1600_3198_3309,InternalBleeding17,,timesfm_quantile,default,,0.29798,0.18508,0.99528,1.0,2.38,,2057.9,5900,1,0.01898,ok
ucr,136_UCR_Anomaly_InternalBleeding17_1600_3198_3309,InternalBleeding17,,tirex_resid,default,,0.36542,0.23938,0.99409,0.35922,5.99,,1764.7,5900,1,0.01898,ok
ucr,136_UCR_Anomaly_InternalBleeding17_1600_3198_3309,InternalBleeding17,,tirex_quantile,default,,0.02588,0.03125,0.76665,1.0,5.99,,1764.7,5900,1,0.01898,ok
ucr,136_UCR_Anomaly_InternalBleeding17_1600_3198_3309,InternalBleeding17,,iforest,default,,0.03563,0.03721,0.66833,0.11936,1.27,,1604.6,5900,1,0.01898,ok
ucr,136_UCR_Anomaly_InternalBleeding17_1600_3198_3309,InternalBleeding17,,lof,default,,0.01927,0.0306,0.6727,0.05064,0.15,,1604.6,5900,1,0.01898,ok
ucr,136_UCR_Anomaly_InternalBleeding17_1600_3198_3309,InternalBleeding17,,knn,default,,0.99781,0.85948,0.99995,1.0,0.1,,1604.6,5900,1,0.01898,ok
ucr,136_UCR_Anomaly_InternalBleeding17_1600_3198_3309,InternalBleeding17,,ae,default,,0.73074,0.51107,0.99545,0.68056,1.03,,1611.3,5900,1,0.01898,ok
ucr,139_UCR_Anomaly_InternalBleeding20_2700_5759_5919,InternalBleeding20,,chronos_small_resid,default,,0.04702,0.06888,0.67612,0.10526,0.19,,1646.7,4800,1,0.03354,ok
ucr,139_UCR_Anomaly_InternalBleeding20_2700_5759_5919,InternalBleeding20,,chronos_small_quantile,default,,0.03,0.04713,0.65568,0.02291,0.19,,1646.7,4800,1,0.03354,ok
ucr,139_UCR_Anomaly_InternalBleeding20_2700_5759_5919,InternalBleeding20,,chronos_base_resid,default,,0.19077,0.14193,0.99183,0.17113,0.41,,1714.6,4800,1,0.03354,ok
ucr,139_UCR_Anomaly_InternalBleeding20_2700_5759_5919,InternalBleeding20,,chronos_base_quantile,default,,0.03231,0.04633,0.66717,1.0,0.41,,1714.6,4800,1,0.03354,ok
ucr,139_UCR_Anomaly_InternalBleeding20_2700_5759_5919,InternalBleeding20,,timesfm_resid,default,,0.20212,0.20636,0.97112,0.24583,2.76,,2057.9,4800,1,0.03354,ok
ucr,139_UCR_Anomaly_InternalBleeding20_2700_5759_5919,InternalBleeding20,,timesfm_quantile,default,,0.07842,0.07668,0.99183,1.0,2.76,,2057.9,4800,1,0.03354,ok
ucr,139_UCR_Anomaly_InternalBleeding20_2700_5759_5919,InternalBleeding20,,tirex_resid,default,,0.17789,0.20018,0.96754,0.20806,6.07,,1735.1,4800,1,0.03354,ok
ucr,139_UCR_Anomaly_InternalBleeding20_2700_5759_5919,InternalBleeding20,,tirex_quantile,default,,0.07426,0.07197,0.99183,1.0,6.07,,1735.1,4800,1,0.03354,ok
ucr,139_UCR_Anomaly_InternalBleeding20_2700_5759_5919,InternalBleeding20,,iforest,default,,0.12216,0.11741,0.72505,0.2375,1.29,,1604.6,4800,1,0.03354,ok
ucr,139_UCR_Anomaly_InternalBleeding20_2700_5759_5919,InternalBleeding20,,iforest,tuned,"{'w': 50, 'n_estimators': 200}",0.0582,0.06807,0.68328,0.12179,1.72,6.44,0.0,4800,1,0.03354,ok
ucr,139_UCR_Anomaly_InternalBleeding20_2700_5759_5919,InternalBleeding20,,lof,default,,0.77754,0.73195,0.99341,0.85,0.16,,1604.6,4800,1,0.03354,ok
ucr,139_UCR_Anomaly_InternalBleeding20_2700_5759_5919,InternalBleeding20,,lof,tuned,"{'w': 100, 'k': 50}",0.77754,0.73195,0.99341,0.85,0.55,1.7,0.0,4800,1,0.03354,ok
ucr,139_UCR_Anomaly_InternalBleeding20_2700_5759_5919,InternalBleeding20,,knn,default,,0.99833,0.88253,0.99951,1.0,0.09,,1604.6,4800,1,0.03354,ok
ucr,139_UCR_Anomaly_InternalBleeding20_2700_5759_5919,InternalBleeding20,,knn,tuned,"{'w': 50, 'k': 3}",0.9169,0.70402,0.99945,1.0,0.54,1.45,0.0,4800,1,0.03354,ok
ucr,139_UCR_Anomaly_InternalBleeding20_2700_5759_5919,InternalBleeding20,,ae,default,,0.9743,0.73141,0.99953,0.91667,1.22,,1610.9,4800,1,0.03354,ok
ucr,139_UCR_Anomaly_InternalBleeding20_2700_5759_5919,InternalBleeding20,,ae,tuned,"{'w': 50, 'hidden': 64, 'latent': 8}",0.70531,0.51403,0.99802,0.78333,3.0,7.46,0.0,4800,1,0.03354,ok
ucr,142_UCR_Anomaly_InternalBleeding6_1500_3474_3629,InternalBleeding6,,chronos_small_resid,default,,0.0225,0.02971,0.68025,0.01383,0.13,,1658.9,6154,1,0.02535,ok
ucr,142_UCR_Anomaly_InternalBleeding6_1500_3474_3629,InternalBleeding6,,chronos_small_quantile,default,,0.02361,0.03451,0.8804,1.0,0.13,,1658.9,6154,1,0.02535,ok
ucr,142_UCR_Anomaly_InternalBleeding6_1500_3474_3629,InternalBleeding6,,chronos_base_resid,default,,0.03424,0.03771,0.73832,0.03618,0.2,,1746.8,6154,1,0.02535,ok
ucr,142_UCR_Anomaly_InternalBleeding6_1500_3474_3629,InternalBleeding6,,chronos_base_quantile,default,,0.0251,0.03611,0.70067,1.0,0.2,,1746.8,6154,1,0.02535,ok
ucr,142_UCR_Anomaly_InternalBleeding6_1500_3474_3629,InternalBleeding6,,timesfm_resid,default,,0.35035,0.25519,0.99238,0.38405,2.5,,2057.9,6154,1,0.02535,ok
ucr,142_UCR_Anomaly_InternalBleeding6_1500_3474_3629,InternalBleeding6,,timesfm_quantile,default,,0.34426,0.24283,0.99144,1.0,2.5,,2057.9,6154,1,0.02535,ok
ucr,142_UCR_Anomaly_InternalBleeding6_1500_3474_3629,InternalBleeding6,,tirex_resid,default,,0.18611,0.16552,0.95687,0.23377,6.34,,1771.5,6154,1,0.02535,ok
ucr,142_UCR_Anomaly_InternalBleeding6_1500_3474_3629,InternalBleeding6,,tirex_quantile,default,,0.03076,0.03895,0.76782,1.0,6.34,,1771.5,6154,1,0.02535,ok
ucr,142_UCR_Anomaly_InternalBleeding6_1500_3474_3629,InternalBleeding6,,iforest,default,,0.86228,0.68384,0.99894,0.91667,1.27,,1604.6,6154,1,0.02535,ok
ucr,142_UCR_Anomaly_InternalBleeding6_1500_3474_3629,InternalBleeding6,,lof,default,,0.90204,0.77522,0.99913,1.0,0.15,,1604.6,6154,1,0.02535,ok
ucr,142_UCR_Anomaly_InternalBleeding6_1500_3474_3629,InternalBleeding6,,knn,default,,0.942,0.8398,0.99925,1.0,0.1,,1604.6,6154,1,0.02535,ok
ucr,142_UCR_Anomaly_InternalBleeding6_1500_3474_3629,InternalBleeding6,,ae,default,,0.91426,0.76197,0.99927,1.0,1.03,,1611.4,6154,1,0.02535,ok
ucr,145_UCR_Anomaly_Lab2Cmac011215EPG1_5000_17210_17260,Lab2Cmac011215EPG1,,chronos_small_resid,default,,0.14813,0.02852,0.8861,0.00836,0.46,,1750.1,25001,1,0.00204,ok
ucr,145_UCR_Anomaly_Lab2Cmac011215EPG1_5000_17210_17260,Lab2Cmac011215EPG1,,chronos_small_quantile,default,,0.13231,0.03091,0.88671,1.0,0.46,,1750.1,25001,1,0.00204,ok
ucr,145_UCR_Anomaly_Lab2Cmac011215EPG1_5000_17210_17260,Lab2Cmac011215EPG1,,chronos_base_resid,default,,0.15556,0.03411,0.8967,0.01326,0.41,,1980.9,25001,1,0.00204,ok
ucr,145_UCR_Anomaly_Lab2Cmac011215EPG1_5000_17210_17260,Lab2Cmac011215EPG1,,chronos_base_quantile,default,,0.22209,0.0614,0.93255,1.0,0.41,,1980.9,25001,1,0.00204,ok
ucr,145_UCR_Anomaly_Lab2Cmac011215EPG1_5000_17210_17260,Lab2Cmac011215EPG1,,timesfm_resid,default,,0.16383,0.03662,0.77946,0.01325,7.94,,2057.9,25001,1,0.00204,ok
ucr,145_UCR_Anomaly_Lab2Cmac011215EPG1_5000_17210_17260,Lab2Cmac011215EPG1,,timesfm_quantile,default,,0.09271,0.02938,0.77045,1.0,7.94,,2057.9,25001,1,0.00204,ok
ucr,145_UCR_Anomaly_Lab2Cmac011215EPG1_5000_17210_17260,Lab2Cmac011215EPG1,,tirex_resid,default,,0.12971,0.03105,0.78392,0.00929,11.24,,2045.0,25001,1,0.00204,ok
ucr,145_UCR_Anomaly_Lab2Cmac011215EPG1_5000_17210_17260,Lab2Cmac011215EPG1,,tirex_quantile,default,,0.03562,0.01422,0.66667,1.0,11.24,,2045.0,25001,1,0.00204,ok
ucr,145_UCR_Anomaly_Lab2Cmac011215EPG1_5000_17210_17260,Lab2Cmac011215EPG1,,iforest,default,,1.0,0.38824,0.99972,1.0,2.3,,1604.6,25001,1,0.00204,ok
ucr,145_UCR_Anomaly_Lab2Cmac011215EPG1_5000_17210_17260,Lab2Cmac011215EPG1,,iforest,tuned,"{'w': 50, 'n_estimators': 100}",1.0,0.49108,0.99971,0.5,3.19,6.76,0.0,25001,1,0.00204,ok
ucr,145_UCR_Anomaly_Lab2Cmac011215EPG1_5000_17210_17260,Lab2Cmac011215EPG1,,lof,default,,0.99259,0.4673,0.99972,1.0,0.62,,1604.6,25001,1,0.00204,ok
ucr,145_UCR_Anomaly_Lab2Cmac011215EPG1_5000_17210_17260,Lab2Cmac011215EPG1,,lof,tuned,"{'w': 50, 'k': 30}",0.99962,0.51199,0.99971,0.66667,2.58,2.23,0.0,25001,1,0.00204,ok
ucr,145_UCR_Anomaly_Lab2Cmac011215EPG1_5000_17210_17260,Lab2Cmac011215EPG1,,knn,default,,0.99316,0.46614,0.99972,0.66667,0.37,,1604.6,25001,1,0.00204,ok
ucr,145_UCR_Anomaly_Lab2Cmac011215EPG1_5000_17210_17260,Lab2Cmac011215EPG1,,knn,tuned,"{'w': 50, 'k': 3}",0.99888,0.51366,0.9997,0.66667,2.79,2.2,0.0,25001,1,0.00204,ok
ucr,145_UCR_Anomaly_Lab2Cmac011215EPG1_5000_17210_17260,Lab2Cmac011215EPG1,,ae,default,,0.97035,0.52811,0.99968,1.0,3.19,,1619.3,25001,1,0.00204,ok
ucr,145_UCR_Anomaly_Lab2Cmac011215EPG1_5000_17210_17260,Lab2Cmac011215EPG1,,ae,tuned,"{'w': 50, 'hidden': 64, 'latent': 8}",0.98522,0.5127,0.99968,0.66667,6.91,12.4,0.0,25001,1,0.00204,ok
ucr,148_UCR_Anomaly_Lab2Cmac011215EPG4_6000_17390_17520,Lab2Cmac011215EPG4,,chronos_small_resid,default,,0.00489,0.00741,0.74983,0.00254,0.59,,1750.1,24066,1,0.00544,ok
ucr,148_UCR_Anomaly_Lab2Cmac011215EPG4_6000_17390_17520,Lab2Cmac011215EPG4,,chronos_small_quantile,default,,0.0052,0.00798,0.74026,1.0,0.59,,1750.1,24066,1,0.00544,ok
ucr,148_UCR_Anomaly_Lab2Cmac011215EPG4_6000_17390_17520,Lab2Cmac011215EPG4,,chronos_base_resid,default,,0.00484,0.00749,0.7223,0.0011,0.65,,1980.9,24066,1,0.00544,ok
ucr,148_UCR_Anomaly_Lab2Cmac011215EPG4_6000_17390_17520,Lab2Cmac011215EPG4,,chronos_base_quantile,default,,0.00479,0.00759,0.83802,1.0,0.65,,1980.9,24066,1,0.00544,ok
ucr,148_UCR_Anomaly_Lab2Cmac011215EPG4_6000_17390_17520,Lab2Cmac011215EPG4,,timesfm_resid,default,,0.00627,0.0083,0.67496,0.00196,8.0,,2057.9,24066,1,0.00544,ok
ucr,148_UCR_Anomaly_Lab2Cmac011215EPG4_6000_17390_17520,Lab2Cmac011215EPG4,,timesfm_quantile,default,,0.00536,0.00785,0.66765,1.0,8.0,,2057.9,24066,1,0.00544,ok
ucr,148_UCR_Anomaly_Lab2Cmac011215EPG4_6000_17390_17520,Lab2Cmac011215EPG4,,tirex_resid,default,,0.0059,0.00845,0.66705,0.00151,12.26,,2045.0,24066,1,0.00544,ok
ucr,148_UCR_Anomaly_Lab2Cmac011215EPG4_6000_17390_17520,Lab2Cmac011215EPG4,,tirex_quantile,default,,0.00566,0.00837,0.66757,1.0,12.26,,2045.0,24066,1,0.00544,ok
ucr,148_UCR_Anomaly_Lab2Cmac011215EPG4_6000_17390_17520,Lab2Cmac011215EPG4,,iforest,default,,0.00542,0.00702,0.78673,0.02802,2.51,,1604.6,24066,1,0.00544,ok
ucr,148_UCR_Anomaly_Lab2Cmac011215EPG4_6000_17390_17520,Lab2Cmac011215EPG4,,iforest,tuned,"{'w': 50, 'n_estimators': 100}",0.00523,0.00668,0.80094,0.00867,3.46,6.86,0.0,24066,1,0.00544,ok
ucr,148_UCR_Anomaly_Lab2Cmac011215EPG4_6000_17390_17520,Lab2Cmac011215EPG4,,lof,default,,0.02347,0.03019,0.77981,0.08485,0.66,,1604.6,24066,1,0.00544,ok
ucr,148_UCR_Anomaly_Lab2Cmac011215EPG4_6000_17390_17520,Lab2Cmac011215EPG4,,lof,tuned,"{'w': 50, 'k': 30}",0.23483,0.28843,0.82612,0.33333,2.6,2.48,0.0,24066,1,0.00544,ok
ucr,148_UCR_Anomaly_Lab2Cmac011215EPG4_6000_17390_17520,Lab2Cmac011215EPG4,,knn,default,,0.14193,0.21128,0.77764,0.36346,0.46,,1604.6,24066,1,0.00544,ok
ucr,148_UCR_Anomaly_Lab2Cmac011215EPG4_6000_17390_17520,Lab2Cmac011215EPG4,,knn,tuned,"{'w': 50, 'k': 3}",0.2645,0.32915,0.86948,0.4,2.69,1.95,0.0,24066,1,0.00544,ok
ucr,148_UCR_Anomaly_Lab2Cmac011215EPG4_6000_17390_17520,Lab2Cmac011215EPG4,,ae,default,,0.01188,0.01519,0.77532,0.05294,3.39,,1619.0,24066,1,0.00544,ok
ucr,148_UCR_Anomaly_Lab2Cmac011215EPG4_6000_17390_17520,Lab2Cmac011215EPG4,,ae,tuned,"{'w': 50, 'hidden': 64, 'latent': 8}",0.10151,0.12125,0.80473,0.11632,7.17,14.8,0.0,24066,1,0.00544,ok
ucr,151_UCR_Anomaly_MesoplodonDensirostris_10000_19280_19440,MesoplodonDensirostris,,chronos_small_resid,default,,0.02649,0.02748,0.75125,0.02353,0.15,,1734.6,14667,1,0.01098,ok
ucr,151_UCR_Anomaly_MesoplodonDensirostris_10000_19280_19440,MesoplodonDensirostris,,chronos_small_quantile,default,,0.01278,0.01726,0.74049,1.0,0.15,,1734.6,14667,1,0.01098,ok
ucr,151_UCR_Anomaly_MesoplodonDensirostris_10000_19280_19440,MesoplodonDensirostris,,chronos_base_resid,default,,0.02805,0.02609,0.75608,0.01821,0.3,,1953.8,14667,1,0.01098,ok
ucr,151_UCR_Anomaly_MesoplodonDensirostris_10000_19280_19440,MesoplodonDensirostris,,chronos_base_quantile,default,,0.01176,0.01663,0.73531,1.0,0.3,,1953.8,14667,1,0.01098,ok
ucr,151_UCR_Anomaly_MesoplodonDensirostris_10000_19280_19440,MesoplodonDensirostris,,timesfm_resid,default,,0.07124,0.03524,0.96617,0.01705,5.31,,2057.9,14667,1,0.01098,ok
ucr,151_UCR_Anomaly_MesoplodonDensirostris_10000_19280_19440,MesoplodonDensirostris,,timesfm_quantile,default,,0.08605,0.0445,0.86498,1.0,5.31,,2057.9,14667,1,0.01098,ok
ucr,151_UCR_Anomaly_MesoplodonDensirostris_10000_19280_19440,MesoplodonDensirostris,,tirex_resid,default,,0.06419,0.03082,0.92396,0.01783,5.07,,2002.9,14667,1,0.01098,ok
ucr,151_UCR_Anomaly_MesoplodonDensirostris_10000_19280_19440,MesoplodonDensirostris,,tirex_quantile,default,,0.01082,0.01592,0.8362,1.0,5.07,,2002.9,14667,1,0.01098,ok
ucr,151_UCR_Anomaly_MesoplodonDensirostris_10000_19280_19440,MesoplodonDensirostris,,iforest,default,,0.02454,0.02912,0.69617,0.0543,1.82,,1604.6,14667,1,0.01098,ok
ucr,151_UCR_Anomaly_MesoplodonDensirostris_10000_19280_19440,MesoplodonDensirostris,,iforest,tuned,"{'w': 100, 'n_estimators': 200}",0.02454,0.02912,0.69617,0.0543,2.83,7.94,0.0,14667,1,0.01098,ok
ucr,151_UCR_Anomaly_MesoplodonDensirostris_10000_19280_19440,MesoplodonDensirostris,,lof,default,,0.02731,0.03732,0.71853,0.10258,0.47,,1604.6,14667,1,0.01098,ok
ucr,151_UCR_Anomaly_MesoplodonDensirostris_10000_19280_19440,MesoplodonDensirostris,,lof,tuned,"{'w': 50, 'k': 50}",0.05438,0.05949,0.72813,0.09144,2.25,3.23,0.0,14667,1,0.01098,ok
ucr,151_UCR_Anomaly_MesoplodonDensirostris_10000_19280_19440,MesoplodonDensirostris,,knn,default,,0.84446,0.66092,0.9973,0.76667,0.34,,1604.6,14667,1,0.01098,ok
ucr,151_UCR_Anomaly_MesoplodonDensirostris_10000_19280_19440,MesoplodonDensirostris,,knn,tuned,"{'w': 100, 'k': 3}",0.85762,0.66922,0.9973,0.7381,1.36,2.55,0.0,14667,1,0.01098,ok
ucr,151_UCR_Anomaly_MesoplodonDensirostris_10000_19280_19440,MesoplodonDensirostris,,ae,default,,0.85554,0.61075,0.99726,0.70833,4.16,,1615.5,14667,1,0.01098,ok
ucr,151_UCR_Anomaly_MesoplodonDensirostris_10000_19280_19440,MesoplodonDensirostris,,ae,tuned,"{'w': 100, 'hidden': 32, 'latent': 8}",0.837,0.58709,0.99732,0.70833,4.92,21.94,0.0,14667,1,0.01098,ok
ucr,154_UCR_Anomaly_PowerDemand3_16000_23405_23477,PowerDemand3,,chronos_small_resid,default,,0.01414,0.02436,0.6679,0.02481,0.16,,1726.7,13931,1,0.00524,ok
ucr,154_UCR_Anomaly_PowerDemand3_16000_23405_23477,PowerDemand3,,chronos_small_quantile,default,,0.03188,0.01387,0.81536,1.0,0.16,,1726.7,13931,1,0.00524,ok
ucr,154_UCR_Anomaly_PowerDemand3_16000_23405_23477,PowerDemand3,,chronos_base_resid,default,,0.02417,0.03653,0.6726,0.02809,0.45,,1924.2,13931,1,0.00524,ok
ucr,154_UCR_Anomaly_PowerDemand3_16000_23405_23477,PowerDemand3,,chronos_base_quantile,default,,0.03157,0.01357,0.81991,1.0,0.45,,1924.2,13931,1,0.00524,ok
ucr,154_UCR_Anomaly_PowerDemand3_16000_23405_23477,PowerDemand3,,timesfm_resid,default,,0.01302,0.01987,0.65552,0.02075,5.45,,2057.9,13931,1,0.00524,ok
ucr,154_UCR_Anomaly_PowerDemand3_16000_23405_23477,PowerDemand3,,timesfm_quantile,default,,0.02367,0.01693,0.768,1.0,5.45,,2057.9,13931,1,0.00524,ok
ucr,154_UCR_Anomaly_PowerDemand3_16000_23405_23477,PowerDemand3,,tirex_resid,default,,0.0139,0.02285,0.65898,0.02558,5.86,,1981.9,13931,1,0.00524,ok
ucr,154_UCR_Anomaly_PowerDemand3_16000_23405_23477,PowerDemand3,,tirex_quantile,default,,0.03034,0.01848,0.81986,1.0,5.86,,1981.9,13931,1,0.00524,ok
ucr,154_UCR_Anomaly_PowerDemand3_16000_23405_23477,PowerDemand3,,iforest,default,,0.00304,0.00468,0.61483,0.0,1.84,,1604.6,13931,1,0.00524,ok
ucr,154_UCR_Anomaly_PowerDemand3_16000_23405_23477,PowerDemand3,,iforest,tuned,"{'w': 100, 'n_estimators': 100}",0.00296,0.00459,0.60342,0.0,1.95,9.38,0.0,13931,1,0.00524,ok
ucr,154_UCR_Anomaly_PowerDemand3_16000_23405_23477,PowerDemand3,,lof,default,,0.02162,0.02283,0.62335,0.11601,0.85,,1604.6,13931,1,0.00524,ok
ucr,154_UCR_Anomaly_PowerDemand3_16000_23405_23477,PowerDemand3,,lof,tuned,"{'w': 50, 'k': 50}",0.22055,0.27224,0.77856,0.5,2.42,4.72,0.0,13931,1,0.00524,ok
ucr,154_UCR_Anomaly_PowerDemand3_16000_23405_23477,PowerDemand3,,knn,default,,0.0988,0.11807,0.68171,0.43333,0.39,,1604.6,13931,1,0.00524,ok
ucr,154_UCR_Anomaly_PowerDemand3_16000_23405_23477,PowerDemand3,,knn,tuned,"{'w': 100, 'k': 5}",0.0988,0.11807,0.68171,0.43333,1.2,3.54,0.0,13931,1,0.00524,ok
ucr,154_UCR_Anomaly_PowerDemand3_16000_23405_23477,PowerDemand3,,ae,default,,0.14123,0.18483,0.69956,0.475,5.78,,1615.7,13931,1,0.00524,ok
ucr,154_UCR_Anomaly_PowerDemand3_16000_23405_23477,PowerDemand3,,ae,tuned,"{'w': 100, 'hidden': 32, 'latent': 8}",0.07973,0.09907,0.6939,0.35556,7.0,34.83,0.0,13931,1,0.00524,ok
ucr,157_UCR_Anomaly_TkeepFirstMARS_3500_5365_5380,TkeepFirstMARS,,chronos_small_resid,default,,0.00419,0.00507,0.71399,0.01105,0.27,,1674.3,7906,1,0.00202,ok
ucr,157_UCR_Anomaly_TkeepFirstMARS_3500_5365_5380,TkeepFirstMARS,,chronos_small_quantile,default,,0.00351,0.00466,0.68507,1.0,0.27,,1674.3,7906,1,0.00202,ok
ucr,157_UCR_Anomaly_TkeepFirstMARS_3500_5365_5380,TkeepFirstMARS,,chronos_base_resid,default,,0.004,0.00475,0.72701,0.01061,0.52,,1786.6,7906,1,0.00202,ok
ucr,157_UCR_Anomaly_TkeepFirstMARS_3500_5365_5380,TkeepFirstMARS,,chronos_base_quantile,default,,0.0056,0.00669,0.72018,1.0,0.52,,1786.6,7906,1,0.00202,ok
ucr,157_UCR_Anomaly_TkeepFirstMARS_3500_5365_5380,TkeepFirstMARS,,timesfm_resid,default,,0.0047,0.00626,0.79863,0.0107,2.82,,2057.9,7906,1,0.00202,ok
ucr,157_UCR_Anomaly_TkeepFirstMARS_3500_5365_5380,TkeepFirstMARS,,timesfm_quantile,default,,0.00702,0.00775,0.83515,1.0,2.82,,2057.9,7906,1,0.00202,ok
ucr,157_UCR_Anomaly_TkeepFirstMARS_3500_5365_5380,TkeepFirstMARS,,tirex_resid,default,,0.00785,0.0072,0.96719,0.01806,6.19,,1817.9,7906,1,0.00202,ok
ucr,157_UCR_Anomaly_TkeepFirstMARS_3500_5365_5380,TkeepFirstMARS,,tirex_quantile,default,,0.00452,0.00446,0.75322,1.0,6.19,,1817.9,7906,1,0.00202,ok
ucr,157_UCR_Anomaly_TkeepFirstMARS_3500_5365_5380,TkeepFirstMARS,,iforest,default,,0.00131,0.00273,0.49283,0.0,1.54,,1604.6,7906,1,0.00202,ok
ucr,157_UCR_Anomaly_TkeepFirstMARS_3500_5365_5380,TkeepFirstMARS,,iforest,tuned,"{'w': 100, 'n_estimators': 200}",0.00131,0.00273,0.49283,0.0,2.11,6.32,0.0,7906,1,0.00202,ok
ucr,157_UCR_Anomaly_TkeepFirstMARS_3500_5365_5380,TkeepFirstMARS,,lof,default,,0.00173,0.00249,0.52437,0.00228,0.25,,1604.6,7906,1,0.00202,ok
ucr,157_UCR_Anomaly_TkeepFirstMARS_3500_5365_5380,TkeepFirstMARS,,lof,tuned,"{'w': 100, 'k': 30}",0.00138,0.00279,0.4795,0.0,1.13,2.03,0.0,7906,1,0.00202,ok
ucr,157_UCR_Anomaly_TkeepFirstMARS_3500_5365_5380,TkeepFirstMARS,,knn,default,,0.19417,0.26796,0.99595,0.91667,0.15,,1604.6,7906,1,0.00202,ok
ucr,157_UCR_Anomaly_TkeepFirstMARS_3500_5365_5380,TkeepFirstMARS,,knn,tuned,"{'w': 50, 'k': 3}",0.21788,0.3,0.99696,0.4,0.98,1.67,0.0,7906,1,0.00202,ok
ucr,157_UCR_Anomaly_TkeepFirstMARS_3500_5365_5380,TkeepFirstMARS,,ae,default,,0.02845,0.03706,0.52694,0.28846,1.65,,1612.3,7906,1,0.00202,ok
ucr,157_UCR_Anomaly_TkeepFirstMARS_3500_5365_5380,TkeepFirstMARS,,ae,tuned,"{'w': 100, 'hidden': 32, 'latent': 8}",0.37984,0.49133,0.93049,0.5,2.29,8.16,0.0,7906,1,0.00202,ok
ucr,160_UCR_Anomaly_TkeepThirdMARS_3500_4711_4809,TkeepThirdMARS,,chronos_small_resid,default,,0.11269,0.06749,0.94214,0.03226,0.14,,1674.2,7808,1,0.01268,ok
ucr,160_UCR_Anomaly_TkeepThirdMARS_3500_4711_4809,TkeepThirdMARS,,chronos_small_quantile,default,,0.02661,0.03219,0.69041,1.0,0.14,,1674.2,7808,1,0.01268,ok
ucr,160_UCR_Anomaly_TkeepThirdMARS_3500_4711_4809,TkeepThirdMARS,,chronos_base_resid,default,,0.60958,0.41763,0.99732,0.36412,0.29,,1785.1,7808,1,0.01268,ok
ucr,160_UCR_Anomaly_TkeepThirdMARS_3500_4711_4809,TkeepThirdMARS,,chronos_base_quantile,default,,0.06224,0.04241,0.96039,1.0,0.29,,1785.1,7808,1,0.01268,ok
ucr,160_UCR_Anomaly_TkeepThirdMARS_3500_4711_4809,TkeepThirdMARS,,timesfm_resid,default,,0.07195,0.09446,0.96299,0.10818,2.36,,2057.9,7808,1,0.01268,ok
ucr,160_UCR_Anomaly_TkeepThirdMARS_3500_4711_4809,TkeepThirdMARS,,timesfm_quantile,default,,0.02422,0.03045,0.87593,1.0,2.36,,2057.9,7808,1,0.01268,ok
ucr,160_UCR_Anomaly_TkeepThirdMARS_3500_4711_4809,TkeepThirdMARS,,tirex_resid,default,,0.13958,0.12567,0.99493,0.14247,5.52,,1817.6,7808,1,0.01268,ok
ucr,160_UCR_Anomaly_TkeepThirdMARS_3500_4711_4809,TkeepThirdMARS,,tirex_quantile,default,,0.078,0.07097,0.93993,1.0,5.52,,1817.6,7808,1,0.01268,ok
ucr,160_UCR_Anomaly_TkeepThirdMARS_3500_4711_4809,TkeepThirdMARS,,iforest,default,,0.2253,0.33258,0.99267,0.52083,1.34,,1604.6,7808,1,0.01268,ok
ucr,160_UCR_Anomaly_TkeepThirdMARS_3500_4711_4809,TkeepThirdMARS,,iforest,tuned,"{'w': 100, 'n_estimators': 200}",0.2253,0.33258,0.99267,0.52083,2.06,6.27,0.0,7808,1,0.01268,ok
ucr,160_UCR_Anomaly_TkeepThirdMARS_3500_4711_4809,TkeepThirdMARS,,lof,default,,0.75026,0.82126,0.99719,1.0,0.23,,1604.6,7808,1,0.01268,ok
ucr,160_UCR_Anomaly_TkeepThirdMARS_3500_4711_4809,TkeepThirdMARS,,lof,tuned,"{'w': 100, 'k': 30}",0.9156,0.93355,0.99786,1.0,0.93,1.87,0.0,7808,1,0.01268,ok
ucr,160_UCR_Anomaly_TkeepThirdMARS_3500_4711_4809,TkeepThirdMARS,,knn,default,,0.9856,0.94659,0.99919,1.0,0.15,,1604.6,7808,1,0.01268,ok
ucr,160_UCR_Anomaly_TkeepThirdMARS_3500_4711_4809,TkeepThirdMARS,,knn,tuned,"{'w': 50, 'k': 3}",0.61022,0.75886,0.99594,0.91667,0.9,1.61,0.0,7808,1,0.01268,ok
ucr,160_UCR_Anomaly_TkeepThirdMARS_3500_4711_4809,TkeepThirdMARS,,ae,default,,0.63352,0.77072,0.99572,1.0,1.64,,1612.3,7808,1,0.01268,ok
ucr,160_UCR_Anomaly_TkeepThirdMARS_3500_4711_4809,TkeepThirdMARS,,ae,tuned,"{'w': 100, 'hidden': 32, 'latent': 8}",0.49686,0.58075,0.99329,0.72917,2.03,8.59,0.0,7808,1,0.01268,ok
ucr,163_UCR_Anomaly_apneaecg2_10000_20950_21100,apneaecg2,,chronos_small_resid,default,,0.01288,0.01668,0.89523,0.02142,0.46,,1750.1,28501,1,0.0053,ok
ucr,163_UCR_Anomaly_apneaecg2_10000_20950_21100,apneaecg2,,chronos_small_quantile,default,,0.02434,0.02216,0.80509,1.0,0.46,,1750.1,28501,1,0.0053,ok
ucr,163_UCR_Anomaly_apneaecg2_10000_20950_21100,apneaecg2,,chronos_base_resid,default,,0.01338,0.01633,0.93313,0.02026,0.76,,1980.9,28501,1,0.0053,ok
ucr,163_UCR_Anomaly_apneaecg2_10000_20950_21100,apneaecg2,,chronos_base_quantile,default,,0.04041,0.03391,0.77651,1.0,0.76,,1980.9,28501,1,0.0053,ok
ucr,163_UCR_Anomaly_apneaecg2_10000_20950_21100,apneaecg2,,timesfm_resid,default,,0.01473,0.01615,0.73872,0.01738,8.51,,2057.9,28501,1,0.0053,ok
ucr,163_UCR_Anomaly_apneaecg2_10000_20950_21100,apneaecg2,,timesfm_quantile,default,,0.01617,0.01643,0.72479,1.0,8.51,,2057.9,28501,1,0.0053,ok
ucr,163_UCR_Anomaly_apneaecg2_10000_20950_21100,apneaecg2,,tirex_resid,default,,0.01766,0.01977,0.68114,0.0184,12.04,,2045.0,28501,1,0.0053,ok
ucr,163_UCR_Anomaly_apneaecg2_10000_20950_21100,apneaecg2,,tirex_quantile,default,,0.01892,0.018,0.80889,1.0,12.04,,2045.0,28501,1,0.0053,ok
ucr,163_UCR_Anomaly_apneaecg2_10000_20950_21100,apneaecg2,,iforest,default,,0.30131,0.0926,0.9989,0.14444,2.51,,1604.6,28501,1,0.0053,ok
ucr,163_UCR_Anomaly_apneaecg2_10000_20950_21100,apneaecg2,,iforest,tuned,"{'w': 100, 'n_estimators': 100}",0.3212,0.10034,0.99888,0.15833,3.03,6.52,0.0,28501,1,0.0053,ok
ucr,163_UCR_Anomaly_apneaecg2_10000_20950_21100,apneaecg2,,lof,default,,0.30098,0.10949,0.99886,0.09583,0.84,,1604.6,28501,1,0.0053,ok
ucr,163_UCR_Anomaly_apneaecg2_10000_20950_21100,apneaecg2,,lof,tuned,"{'w': 50, 'k': 30}",0.849,0.51919,0.99862,0.43056,3.4,3.28,0.0,28501,1,0.0053,ok
ucr,163_UCR_Anomaly_apneaecg2_10000_20950_21100,apneaecg2,,knn,default,,0.98918,0.75162,0.99889,1.0,0.61,,1604.6,28501,1,0.0053,ok
ucr,163_UCR_Anomaly_apneaecg2_10000_20950_21100,apneaecg2,,knn,tuned,"{'w': 100, 'k': 3}",0.989,0.76443,0.99889,1.0,2.29,2.67,0.0,28501,1,0.0053,ok
ucr,163_UCR_Anomaly_apneaecg2_10000_20950_21100,apneaecg2,,ae,default,,0.98197,0.74678,0.99894,1.0,4.92,,1621.1,28501,1,0.0053,ok
ucr,163_UCR_Anomaly_apneaecg2_10000_20950_21100,apneaecg2,,ae,tuned,"{'w': 100, 'hidden': 64, 'latent': 8}",0.98924,0.76657,0.99892,1.0,6.06,23.47,0.0,28501,1,0.0053,ok
ucr,166_UCR_Anomaly_apneaecg_10000_12240_12308,apneaecg,,chronos_small_resid,default,,0.00269,0.00309,0.72465,0.00704,0.53,,1750.1,28501,1,0.00242,ok
ucr,166_UCR_Anomaly_apneaecg_10000_12240_12308,apneaecg,,chronos_small_quantile,default,,0.00231,0.00349,0.67267,1.0,0.53,,1750.1,28501,1,0.00242,ok
ucr,166_UCR_Anomaly_apneaecg_10000_12240_12308,apneaecg,,chronos_base_resid,default,,0.00258,0.003,0.71953,0.00598,0.7,,1980.9,28501,1,0.00242,ok
ucr,166_UCR_Anomaly_apneaecg_10000_12240_12308,apneaecg,,chronos_base_quantile,default,,0.00231,0.00346,0.74651,1.0,0.7,,1980.9,28501,1,0.00242,ok
ucr,166_UCR_Anomaly_apneaecg_10000_12240_12308,apneaecg,,timesfm_resid,default,,0.00329,0.0035,0.69425,0.00582,9.29,,2057.9,28501,1,0.00242,ok
ucr,166_UCR_Anomaly_apneaecg_10000_12240_12308,apneaecg,,timesfm_quantile,default,,0.0027,0.0036,0.79312,1.0,9.29,,2057.9,28501,1,0.00242,ok
ucr,166_UCR_Anomaly_apneaecg_10000_12240_12308,apneaecg,,tirex_resid,default,,0.00317,0.00352,0.67413,0.00498,13.0,,2045.0,28501,1,0.00242,ok
ucr,166_UCR_Anomaly_apneaecg_10000_12240_12308,apneaecg,,tirex_quantile,default,,0.00239,0.00345,0.66709,1.0,13.0,,2045.0,28501,1,0.00242,ok
ucr,166_UCR_Anomaly_apneaecg_10000_12240_12308,apneaecg,,iforest,default,,0.00148,0.00225,0.6497,0.0,2.58,,1604.6,28501,1,0.00242,ok
ucr,166_UCR_Anomaly_apneaecg_10000_12240_12308,apneaecg,,iforest,tuned,"{'w': 100, 'n_estimators': 100}",0.00144,0.00222,0.64909,0.0,3.55,8.27,0.0,28501,1,0.00242,ok
ucr,166_UCR_Anomaly_apneaecg_10000_12240_12308,apneaecg,,lof,default,,0.00666,0.01139,0.66192,0.06452,0.81,,1604.6,28501,1,0.00242,ok
ucr,166_UCR_Anomaly_apneaecg_10000_12240_12308,apneaecg,,lof,tuned,"{'w': 50, 'k': 30}",0.99582,0.47072,0.99962,0.4,3.42,3.38,0.0,28501,1,0.00242,ok
ucr,166_UCR_Anomaly_apneaecg_10000_12240_12308,apneaecg,,knn,default,,0.07549,0.07115,0.61817,0.19318,0.62,,1604.6,28501,1,0.00242,ok
ucr,166_UCR_Anomaly_apneaecg_10000_12240_12308,apneaecg,,knn,tuned,"{'w': 100, 'k': 3}",0.23081,0.18774,0.59263,0.37143,2.57,2.64,0.0,28501,1,0.00242,ok
ucr,166_UCR_Anomaly_apneaecg_10000_12240_12308,apneaecg,,ae,default,,0.00668,0.00797,0.62534,0.04029,4.99,,1621.1,28501,1,0.00242,ok
ucr,166_UCR_Anomaly_apneaecg_10000_12240_12308,apneaecg,,ae,tuned,"{'w': 100, 'hidden': 64, 'latent': 8}",0.00558,0.0068,0.61045,0.03842,6.32,22.82,0.0,28501,1,0.00242,ok
ucr,169_UCR_Anomaly_gait3_24500_59900_60500,gait3,,chronos_small_resid,default,,0.02946,0.02288,0.89112,0.01571,0.79,,1750.1,40500,1,0.01484,ok
ucr,169_UCR_Anomaly_gait3_24500_59900_60500,gait3,,chronos_small_quantile,default,,0.0161,0.01821,0.69486,1.0,0.79,,1750.1,40500,1,0.01484,ok
ucr,169_UCR_Anomaly_gait3_24500_59900_60500,gait3,,chronos_base_resid,default,,0.01802,0.02051,0.72715,0.01776,1.12,,1980.9,40500,1,0.01484,ok
ucr,169_UCR_Anomaly_gait3_24500_59900_60500,gait3,,chronos_base_quantile,default,,0.02371,0.02634,0.69332,1.0,1.12,,1980.9,40500,1,0.01484,ok
ucr,169_UCR_Anomaly_gait3_24500_59900_60500,gait3,,timesfm_resid,default,,0.02251,0.02456,0.89469,0.02114,14.27,,2057.9,40500,1,0.01484,ok
ucr,169_UCR_Anomaly_gait3_24500_59900_60500,gait3,,timesfm_quantile,default,,0.01618,0.01912,0.79323,1.0,14.27,,2057.9,40500,1,0.01484,ok
ucr,169_UCR_Anomaly_gait3_24500_59900_60500,gait3,,tirex_resid,default,,0.0971,0.05446,0.98384,0.03361,18.08,,2045.0,40500,1,0.01484,ok
ucr,169_UCR_Anomaly_gait3_24500_59900_60500,gait3,,tirex_quantile,default,,0.01739,0.02014,0.69796,1.0,18.08,,2045.0,40500,1,0.01484,ok
ucr,169_UCR_Anomaly_gait3_24500_59900_60500,gait3,,iforest,default,,0.0307,0.0529,0.81974,0.09293,3.11,,1604.6,40500,1,0.01484,ok
ucr,169_UCR_Anomaly_gait3_24500_59900_60500,gait3,,iforest,tuned,"{'w': 100, 'n_estimators': 200}",0.0307,0.0529,0.81974,0.09293,5.47,12.02,0.0,40500,1,0.01484,ok
ucr,169_UCR_Anomaly_gait3_24500_59900_60500,gait3,,lof,default,,0.03252,0.04656,0.85385,0.0788,1.88,,1604.6,40500,1,0.01484,ok
ucr,169_UCR_Anomaly_gait3_24500_59900_60500,gait3,,lof,tuned,"{'w': 100, 'k': 30}",0.03726,0.05286,0.84976,0.11392,4.1,6.76,0.0,40500,1,0.01484,ok
ucr,169_UCR_Anomaly_gait3_24500_59900_60500,gait3,,knn,default,,0.03654,0.04396,0.76567,0.06321,1.39,,1604.6,40500,1,0.01484,ok
ucr,169_UCR_Anomaly_gait3_24500_59900_60500,gait3,,knn,tuned,"{'w': 100, 'k': 5}",0.03654,0.04396,0.76567,0.06321,3.95,5.12,0.0,40500,1,0.01484,ok
ucr,169_UCR_Anomaly_gait3_24500_59900_60500,gait3,,ae,default,,0.02971,0.03013,0.76564,0.05136,10.38,,1627.6,40500,1,0.01484,ok
ucr,169_UCR_Anomaly_gait3_24500_59900_60500,gait3,,ae,tuned,"{'w': 200, 'hidden': 32, 'latent': 16}",0.02715,0.02939,0.84619,0.04245,10.79,52.85,0.0,40500,1,0.01484,ok
ucr,172_UCR_Anomaly_gaitHunt3_23400_38400_39200,gaitHunt3,,chronos_small_resid,default,,0.02491,0.02678,0.74588,0.01115,0.5,,1750.1,40600,1,0.01973,ok
ucr,172_UCR_Anomaly_gaitHunt3_23400_38400_39200,gaitHunt3,,chronos_small_quantile,default,,0.01992,0.02201,0.8595,1.0,0.5,,1750.1,40600,1,0.01973,ok
ucr,172_UCR_Anomaly_gaitHunt3_23400_38400_39200,gaitHunt3,,chronos_base_resid,default,,0.02636,0.0283,0.699,0.01112,0.84,,1980.9,40600,1,0.01973,ok
ucr,172_UCR_Anomaly_gaitHunt3_23400_38400_39200,gaitHunt3,,chronos_base_quantile,default,,0.0193,0.02165,0.75724,1.0,0.84,,1980.9,40600,1,0.01973,ok
ucr,172_UCR_Anomaly_gaitHunt3_23400_38400_39200,gaitHunt3,,timesfm_resid,default,,0.02277,0.02628,0.69333,0.00709,12.53,,2057.9,40600,1,0.01973,ok
ucr,172_UCR_Anomaly_gaitHunt3_23400_38400_39200,gaitHunt3,,timesfm_quantile,default,,0.01935,0.02199,0.72532,1.0,12.53,,2057.9,40600,1,0.01973,ok
ucr,172_UCR_Anomaly_gaitHunt3_23400_38400_39200,gaitHunt3,,tirex_resid,default,,0.01957,0.02232,0.72888,0.00776,17.99,,2045.0,40600,1,0.01973,ok
ucr,172_UCR_Anomaly_gaitHunt3_23400_38400_39200,gaitHunt3,,tirex_quantile,default,,0.01952,0.02241,0.77233,1.0,17.99,,2045.0,40600,1,0.01973,ok
ucr,172_UCR_Anomaly_gaitHunt3_23400_38400_39200,gaitHunt3,,iforest,default,,0.5423,0.52987,0.99166,0.54933,2.42,,1604.6,40600,1,0.01973,ok
ucr,172_UCR_Anomaly_gaitHunt3_23400_38400_39200,gaitHunt3,,iforest,tuned,"{'w': 100, 'n_estimators': 100}",0.53597,0.52889,0.99153,0.58747,5.06,11.74,0.0,40600,1,0.01973,ok
ucr,172_UCR_Anomaly_gaitHunt3_23400_38400_39200,gaitHunt3,,lof,default,,0.67043,0.63009,0.99646,0.66346,1.85,,1604.6,40600,1,0.01973,ok
ucr,172_UCR_Anomaly_gaitHunt3_23400_38400_39200,gaitHunt3,,lof,tuned,"{'w': 200, 'k': 10}",0.50301,0.55547,0.95343,0.66667,3.21,6.68,0.0,40600,1,0.01973,ok
ucr,172_UCR_Anomaly_gaitHunt3_23400_38400_39200,gaitHunt3,,knn,default,,0.79133,0.74291,0.99888,0.72222,1.35,,1604.6,40600,1,0.01973,ok
ucr,172_UCR_Anomaly_gaitHunt3_23400_38400_39200,gaitHunt3,,knn,tuned,"{'w': 200, 'k': 1}",0.61186,0.6572,0.96999,0.66667,3.22,5.07,0.0,40600,1,0.01973,ok
ucr,172_UCR_Anomaly_gaitHunt3_23400_38400_39200,gaitHunt3,,ae,default,,0.58586,0.53902,0.99523,0.5362,10.34,,1627.5,40600,1,0.01973,ok
ucr,172_UCR_Anomaly_gaitHunt3_23400_38400_39200,gaitHunt3,,ae,tuned,"{'w': 200, 'hidden': 32, 'latent': 16}",0.31949,0.31251,0.99096,0.31548,10.68,49.71,0.0,40600,1,0.01973,ok
ucr,175_UCR_Anomaly_insectEPG3_5200_7000_7050,insectEPG3,,chronos_small_resid,default,,0.00902,0.01259,0.64366,0.00292,0.12,,1646.7,4798,1,0.01063,ok
ucr,175_UCR_Anomaly_insectEPG3_5200_7000_7050,insectEPG3,,chronos_small_quantile,default,,0.00895,0.01354,0.66672,1.0,0.12,,1646.7,4798,1,0.01063,ok
ucr,175_UCR_Anomaly_insectEPG3_5200_7000_7050,insectEPG3,,chronos_base_resid,default,,0.01089,0.01453,0.72043,0.00419,0.34,,1714.6,4798,1,0.01063,ok
ucr,175_UCR_Anomaly_insectEPG3_5200_7000_7050,insectEPG3,,chronos_base_quantile,default,,0.01014,0.01464,0.66672,1.0,0.34,,1714.6,4798,1,0.01063,ok
ucr,175_UCR_Anomaly_insectEPG3_5200_7000_7050,insectEPG3,,timesfm_resid,default,,0.0101,0.01399,0.73707,0.00401,2.63,,2057.9,4798,1,0.01063,ok
ucr,175_UCR_Anomaly_insectEPG3_5200_7000_7050,insectEPG3,,timesfm_quantile,default,,0.01004,0.01484,0.74867,1.0,2.63,,2057.9,4798,1,0.01063,ok
ucr,175_UCR_Anomaly_insectEPG3_5200_7000_7050,insectEPG3,,tirex_resid,default,,0.01758,0.02092,0.67632,0.00697,6.63,,1735.1,4798,1,0.01063,ok
ucr,175_UCR_Anomaly_insectEPG3_5200_7000_7050,insectEPG3,,tirex_quantile,default,,0.01928,0.02284,0.75104,1.0,6.63,,1735.1,4798,1,0.01063,ok
ucr,175_UCR_Anomaly_insectEPG3_5200_7000_7050,insectEPG3,,iforest,default,,0.0275,0.03523,0.79999,0.18182,1.59,,1604.6,4798,1,0.01063,ok
ucr,175_UCR_Anomaly_insectEPG3_5200_7000_7050,insectEPG3,,iforest,tuned,"{'w': 50, 'n_estimators': 200}",0.06917,0.06842,0.8339,0.26768,2.02,7.27,0.0,4798,1,0.01063,ok
ucr,175_UCR_Anomaly_insectEPG3_5200_7000_7050,insectEPG3,,lof,default,,0.00972,0.01533,0.7111,0.0,0.2,,1604.6,4798,1,0.01063,ok
ucr,175_UCR_Anomaly_insectEPG3_5200_7000_7050,insectEPG3,,lof,tuned,"{'w': 50, 'k': 30}",0.06011,0.05921,0.75246,0.23494,0.7,2.38,0.0,4798,1,0.01063,ok
ucr,175_UCR_Anomaly_insectEPG3_5200_7000_7050,insectEPG3,,knn,default,,0.02215,0.02788,0.72137,0.16667,0.1,,1604.6,4798,1,0.01063,ok
ucr,175_UCR_Anomaly_insectEPG3_5200_7000_7050,insectEPG3,,knn,tuned,"{'w': 50, 'k': 3}",0.07791,0.0789,0.76883,0.32698,0.63,1.78,0.0,4798,1,0.01063,ok
ucr,175_UCR_Anomaly_insectEPG3_5200_7000_7050,insectEPG3,,ae,default,,0.00861,0.01237,0.70812,0.0,1.96,,1611.2,4798,1,0.01063,ok
ucr,175_UCR_Anomaly_insectEPG3_5200_7000_7050,insectEPG3,,ae,tuned,"{'w': 50, 'hidden': 32, 'latent': 16}",0.02693,0.02965,0.6988,0.125,4.83,12.67,0.0,4798,1,0.01063,ok
ucr,178_UCR_Anomaly_ltstdbs30791AI_17555_52600_52800,ltstdbs30791AI,,chronos_small_resid,default,,0.01596,0.01707,0.75456,0.00976,0.64,,1750.1,38568,1,0.00521,ok
ucr,178_UCR_Anomaly_ltstdbs30791AI_17555_52600_52800,ltstdbs30791AI,,chronos_small_quantile,default,,0.00523,0.0077,0.69957,1.0,0.64,,1750.1,38568,1,0.00521,ok
ucr,178_UCR_Anomaly_ltstdbs30791AI_17555_52600_52800,ltstdbs30791AI,,chronos_base_resid,default,,0.01864,0.02121,0.73151,0.00852,1.03,,1980.9,38568,1,0.00521,ok
ucr,178_UCR_Anomaly_ltstdbs30791AI_17555_52600_52800,ltstdbs30791AI,,chronos_base_quantile,default,,0.00595,0.00838,0.67523,1.0,1.03,,1980.9,38568,1,0.00521,ok
ucr,178_UCR_Anomaly_ltstdbs30791AI_17555_52600_52800,ltstdbs30791AI,,timesfm_resid,default,,0.05951,0.04446,0.80047,0.01242,12.19,,2057.9,38568,1,0.00521,ok
ucr,178_UCR_Anomaly_ltstdbs30791AI_17555_52600_52800,ltstdbs30791AI,,timesfm_quantile,default,,0.01077,0.01272,0.67004,1.0,12.19,,2057.9,38568,1,0.00521,ok
ucr,178_UCR_Anomaly_ltstdbs30791AI_17555_52600_52800,ltstdbs30791AI,,tirex_resid,default,,0.02771,0.01727,0.74598,0.00825,16.85,,2045.0,38568,1,0.00521,ok
ucr,178_UCR_Anomaly_ltstdbs30791AI_17555_52600_52800,ltstdbs30791AI,,tirex_quantile,default,,0.0055,0.00793,0.66668,1.0,16.85,,2045.0,38568,1,0.00521,ok
ucr,178_UCR_Anomaly_ltstdbs30791AI_17555_52600_52800,ltstdbs30791AI,,iforest,default,,0.70152,0.35993,0.99894,0.3102,3.08,,1604.6,38568,1,0.00521,ok
ucr,178_UCR_Anomaly_ltstdbs30791AI_17555_52600_52800,ltstdbs30791AI,,iforest,tuned,"{'w': 100, 'n_estimators': 100}",0.6892,0.35109,0.99894,0.38214,4.71,10.15,0.0,38568,1,0.00521,ok
ucr,178_UCR_Anomaly_ltstdbs30791AI_17555_52600_52800,ltstdbs30791AI,,lof,default,,0.71399,0.62562,0.99832,0.875,1.45,,1604.6,38568,1,0.00521,ok
ucr,178_UCR_Anomaly_ltstdbs30791AI_17555_52600_52800,ltstdbs30791AI,,lof,tuned,"{'w': 50, 'k': 30}",0.69683,0.40761,0.99853,0.54167,5.28,5.18,0.0,38568,1,0.00521,ok
ucr,178_UCR_Anomaly_ltstdbs30791AI_17555_52600_52800,ltstdbs30791AI,,knn,default,,0.88286,0.67322,0.99854,0.85,0.99,,1604.6,38568,1,0.00521,ok
ucr,178_UCR_Anomaly_ltstdbs30791AI_17555_52600_52800,ltstdbs30791AI,,knn,tuned,"{'w': 100, 'k': 3}",0.88508,0.67334,0.99854,0.85,3.69,4.34,0.0,38568,1,0.00521,ok
ucr,178_UCR_Anomaly_ltstdbs30791AI_17555_52600_52800,ltstdbs30791AI,,ae,default,,0.83263,0.64081,0.9985,0.875,8.16,,1625.7,38568,1,0.00521,ok
ucr,178_UCR_Anomaly_ltstdbs30791AI_17555_52600_52800,ltstdbs30791AI,,ae,tuned,"{'w': 100, 'hidden': 32, 'latent': 16}",0.80559,0.63185,0.9984,0.85,10.63,39.68,0.0,38568,1,0.00521,ok
ucr,181_UCR_Anomaly_park3m_60000_72150_72495,park3m,,chronos_small_resid,default,,0.01168,0.01434,0.71383,0.02967,0.34,,1750.1,30000,1,0.01153,ok
ucr,181_UCR_Anomaly_park3m_60000_72150_72495,park3m,,chronos_small_quantile,default,,0.01245,0.01559,0.74673,1.0,0.34,,1750.1,30000,1,0.01153,ok
ucr,181_UCR_Anomaly_park3m_60000_72150_72495,park3m,,chronos_base_resid,default,,0.01334,0.0158,0.73499,0.04375,0.65,,1980.9,30000,1,0.01153,ok
ucr,181_UCR_Anomaly_park3m_60000_72150_72495,park3m,,chronos_base_quantile,default,,0.0121,0.01497,0.75705,1.0,0.65,,1980.9,30000,1,0.01153,ok
ucr,181_UCR_Anomaly_park3m_60000_72150_72495,park3m,,timesfm_resid,default,,0.01813,0.02094,0.72935,0.06073,8.32,,2057.9,30000,1,0.01153,ok
ucr,181_UCR_Anomaly_park3m_60000_72150_72495,park3m,,timesfm_quantile,default,,0.01391,0.01722,0.71081,1.0,8.32,,2057.9,30000,1,0.01153,ok
ucr,181_UCR_Anomaly_park3m_60000_72150_72495,park3m,,tirex_resid,default,,0.01163,0.01492,0.67868,0.01651,11.77,,2045.0,30000,1,0.01153,ok
ucr,181_UCR_Anomaly_park3m_60000_72150_72495,park3m,,tirex_quantile,default,,0.01063,0.01408,0.67441,1.0,11.77,,2045.0,30000,1,0.01153,ok
ucr,181_UCR_Anomaly_park3m_60000_72150_72495,park3m,,iforest,default,,0.31308,0.32822,0.87957,0.45965,2.83,,1604.6,30000,1,0.01153,ok
ucr,181_UCR_Anomaly_park3m_60000_72150_72495,park3m,,iforest,tuned,"{'w': 400, 'n_estimators': 100}",0.82499,0.6634,0.99733,0.75,5.97,21.58,0.0,30000,1,0.01153,ok
ucr,181_UCR_Anomaly_park3m_60000_72150_72495,park3m,,lof,default,,0.80525,0.64281,0.99646,0.7381,3.26,,1604.6,30000,1,0.01153,ok
ucr,181_UCR_Anomaly_park3m_60000_72150_72495,park3m,,lof,tuned,"{'w': 100, 'k': 50}",0.80525,0.64281,0.99646,0.7381,4.86,26.55,0.0,30000,1,0.01153,ok
ucr,181_UCR_Anomaly_park3m_60000_72150_72495,park3m,,knn,default,,0.80801,0.6604,0.99638,0.79167,1.86,,1604.6,30000,1,0.01153,ok
ucr,181_UCR_Anomaly_park3m_60000_72150_72495,park3m,,knn,tuned,"{'w': 100, 'k': 3}",0.83917,0.67679,0.99638,0.79167,3.79,16.67,0.0,30000,1,0.01153,ok
ucr,181_UCR_Anomaly_park3m_60000_72150_72495,park3m,,ae,default,,0.39855,0.24744,0.99691,0.24078,20.22,,1626.3,30000,1,0.01153,ok
ucr,181_UCR_Anomaly_park3m_60000_72150_72495,park3m,,ae,tuned,"{'w': 50, 'hidden': 64, 'latent': 8}",0.14814,0.1115,0.77791,0.12457,50.71,146.07,0.0,30000,1,0.01153,ok
ucr,184_UCR_Anomaly_resperation10_48000_130700_131880,resperation10,,chronos_small_resid,default,,0.01135,0.01178,0.67663,0.00752,1.48,,1750.1,147000,1,0.00803,ok
ucr,184_UCR_Anomaly_resperation10_48000_130700_131880,resperation10,,chronos_small_quantile,default,,0.00722,0.00784,0.6667,1.0,1.48,,1750.1,147000,1,0.00803,ok
ucr,184_UCR_Anomaly_resperation10_48000_130700_131880,resperation10,,chronos_base_resid,default,,0.00952,0.00991,0.6858,0.00678,3.28,,1980.9,147000,1,0.00803,ok
ucr,184_UCR_Anomaly_resperation10_48000_130700_131880,resperation10,,chronos_base_quantile,default,,0.00783,0.00843,0.67541,1.0,3.28,,1980.9,147000,1,0.00803,ok
ucr,184_UCR_Anomaly_resperation10_48000_130700_131880,resperation10,,timesfm_resid,default,,0.03112,0.03112,0.67671,0.01209,46.99,,2057.9,147000,1,0.00803,ok
ucr,184_UCR_Anomaly_resperation10_48000_130700_131880,resperation10,,timesfm_quantile,default,,0.00869,0.00917,0.67429,1.0,46.99,,2057.9,147000,1,0.00803,ok
ucr,184_UCR_Anomaly_resperation10_48000_130700_131880,resperation10,,tirex_resid,default,,0.03248,0.01924,0.75002,0.00709,55.18,,2045.0,147000,1,0.00803,ok
ucr,184_UCR_Anomaly_resperation10_48000_130700_131880,resperation10,,tirex_quantile,default,,0.00952,0.00991,0.6667,1.0,55.18,,2045.0,147000,1,0.00803,ok
ucr,184_UCR_Anomaly_resperation10_48000_130700_131880,resperation10,,iforest,default,,0.0351,0.03483,0.85807,0.05747,9.21,,1604.6,147000,1,0.00803,ok
ucr,184_UCR_Anomaly_resperation10_48000_130700_131880,resperation10,,iforest,tuned,"{'w': 200, 'n_estimators': 100}",0.07573,0.07429,0.95502,0.0963,21.85,16.37,0.0,147000,1,0.00803,ok
ucr,184_UCR_Anomaly_resperation10_48000_130700_131880,resperation10,,lof,default,,0.2711,0.20402,0.74802,0.11974,8.69,,1604.6,147000,1,0.00803,ok
ucr,184_UCR_Anomaly_resperation10_48000_130700_131880,resperation10,,lof,tuned,"{'w': 100, 'k': 10}",0.39949,0.27424,0.99933,0.14736,17.79,13.08,0.0,147000,1,0.00803,ok
ucr,184_UCR_Anomaly_resperation10_48000_130700_131880,resperation10,,knn,default,,0.25347,0.18206,0.7577,0.10856,7.95,,1604.6,147000,1,0.00803,ok
ucr,184_UCR_Anomaly_resperation10_48000_130700_131880,resperation10,,knn,tuned,"{'w': 200, 'k': 5}",0.51945,0.35526,0.99824,0.24917,11.81,10.0,0.0,147000,1,0.00803,ok
ucr,184_UCR_Anomaly_resperation10_48000_130700_131880,resperation10,,ae,default,,0.54031,0.40937,0.99908,0.25013,25.48,,1671.9,147000,1,0.00803,ok
ucr,184_UCR_Anomaly_resperation10_48000_130700_131880,resperation10,,ae,tuned,"{'w': 100, 'hidden': 32, 'latent': 16}",0.44566,0.3031,0.99933,0.19944,32.65,101.0,0.0,147000,1,0.00803,ok
ucr,187_UCR_Anomaly_resperation2_30000_168250_168250,resperation2,,chronos_small_resid,default,,1e-05,1e-05,0.66885,0.0,1.89,,1750.1,170051,1,1e-05,ok
ucr,187_UCR_Anomaly_resperation2_30000_168250_168250,resperation2,,chronos_small_quantile,default,,1e-05,2e-05,0.67412,1.0,1.89,,1750.1,170051,1,1e-05,ok
ucr,187_UCR_Anomaly_resperation2_30000_168250_168250,resperation2,,chronos_base_resid,default,,1e-05,1e-05,0.72834,0.0,3.41,,1980.9,170051,1,1e-05,ok
ucr,187_UCR_Anomaly_resperation2_30000_168250_168250,resperation2,,chronos_base_quantile,default,,1e-05,2e-05,0.71979,1.0,3.41,,1980.9,170051,1,1e-05,ok
ucr,187_UCR_Anomaly_resperation2_30000_168250_168250,resperation2,,timesfm_resid,default,,1e-05,1e-05,0.63878,0.0,54.01,,2057.9,170051,1,1e-05,ok
ucr,187_UCR_Anomaly_resperation2_30000_168250_168250,resperation2,,timesfm_quantile,default,,1e-05,2e-05,0.66667,1.0,54.01,,2057.9,170051,1,1e-05,ok
ucr,187_UCR_Anomaly_resperation2_30000_168250_168250,resperation2,,tirex_resid,default,,1e-05,1e-05,0.64563,0.0,66.67,,2045.0,170051,1,1e-05,ok
ucr,187_UCR_Anomaly_resperation2_30000_168250_168250,resperation2,,tirex_quantile,default,,1e-05,2e-05,0.66667,1.0,66.67,,2045.0,170051,1,1e-05,ok
ucr,187_UCR_Anomaly_resperation2_30000_168250_168250,resperation2,,iforest,default,,1e-05,2e-05,0.65625,0.0,10.59,,1604.6,170051,1,1e-05,ok
ucr,187_UCR_Anomaly_resperation2_30000_168250_168250,resperation2,,iforest,tuned,"{'w': 400, 'n_estimators': 200}",1e-05,2e-05,0.62585,0.0,36.19,13.05,0.0,170051,1,1e-05,ok
ucr,187_UCR_Anomaly_resperation2_30000_168250_168250,resperation2,,lof,default,,1e-05,2e-05,0.55537,0.0,7.07,,1604.6,170051,1,1e-05,ok
ucr,187_UCR_Anomaly_resperation2_30000_168250_168250,resperation2,,lof,tuned,"{'w': 100, 'k': 30}",1e-05,3e-05,0.55896,0.0,16.35,6.08,0.0,170051,1,1e-05,ok
ucr,187_UCR_Anomaly_resperation2_30000_168250_168250,resperation2,,knn,default,,1e-05,2e-05,0.6008,0.0,7.7,,1604.6,170051,1,1e-05,ok
ucr,187_UCR_Anomaly_resperation2_30000_168250_168250,resperation2,,knn,tuned,"{'w': 100, 'k': 1}",1e-05,2e-05,0.59381,0.0,16.49,5.45,0.0,170051,1,1e-05,ok
ucr,187_UCR_Anomaly_resperation2_30000_168250_168250,resperation2,,ae,default,,1e-05,2e-05,0.61592,0.0,19.73,,1679.3,170051,1,1e-05,ok
ucr,187_UCR_Anomaly_resperation2_30000_168250_168250,resperation2,,ae,tuned,"{'w': 100, 'hidden': 32, 'latent': 8}",1e-05,2e-05,0.62591,0.0,28.8,50.17,0.0,170051,1,1e-05,ok
ucr,190_UCR_Anomaly_resperation4_70000_128430_128431,resperation4,,chronos_small_resid,default,,3e-05,4e-05,0.73428,0.0012,1.17,,1750.1,125250,1,2e-05,ok
ucr,190_UCR_Anomaly_resperation4_70000_128430_128431,resperation4,,chronos_small_quantile,default,,2e-05,3e-05,0.70064,1.0,1.17,,1750.1,125250,1,2e-05,ok
ucr,190_UCR_Anomaly_resperation4_70000_128430_128431,resperation4,,chronos_base_resid,default,,1e-05,2e-05,0.68182,0.0,2.77,,1980.9,125250,1,2e-05,ok
ucr,190_UCR_Anomaly_resperation4_70000_128430_128431,resperation4,,chronos_base_quantile,default,,2e-05,3e-05,0.75764,1.0,2.77,,1980.9,125250,1,2e-05,ok
ucr,190_UCR_Anomaly_resperation4_70000_128430_128431,resperation4,,timesfm_resid,default,,1e-05,2e-05,0.74707,0.0,39.69,,2057.9,125250,1,2e-05,ok
ucr,190_UCR_Anomaly_resperation4_70000_128430_128431,resperation4,,timesfm_quantile,default,,2e-05,3e-05,0.7332,1.0,39.69,,2057.9,125250,1,2e-05,ok
ucr,190_UCR_Anomaly_resperation4_70000_128430_128431,resperation4,,tirex_resid,default,,2e-05,3e-05,0.91999,0.0,50.58,,2045.0,125250,1,2e-05,ok
ucr,190_UCR_Anomaly_resperation4_70000_128430_128431,resperation4,,tirex_quantile,default,,2e-05,3e-05,0.68163,1.0,50.58,,2045.0,125250,1,2e-05,ok
ucr,190_UCR_Anomaly_resperation4_70000_128430_128431,resperation4,,iforest,default,,1e-05,3e-05,0.89757,0.0,9.3,,1604.6,125250,1,2e-05,ok
ucr,190_UCR_Anomaly_resperation4_70000_128430_128431,resperation4,,iforest,tuned,"{'w': 200, 'n_estimators': 200}",1e-05,3e-05,0.89749,0.0,18.86,29.94,0.0,125250,1,2e-05,ok
ucr,190_UCR_Anomaly_resperation4_70000_128430_128431,resperation4,,lof,default,,2e-05,3e-05,0.90024,0.0,16.27,,1604.6,125250,1,2e-05,ok
ucr,190_UCR_Anomaly_resperation4_70000_128430_128431,resperation4,,lof,tuned,"{'w': 50, 'k': 10}",4e-05,7e-05,0.80928,0.00384,38.26,30.92,0.0,125250,1,2e-05,ok
ucr,190_UCR_Anomaly_resperation4_70000_128430_128431,resperation4,,knn,default,,2e-05,3e-05,0.8974,0.0,9.53,,1604.6,125250,1,2e-05,ok
ucr,190_UCR_Anomaly_resperation4_70000_128430_128431,resperation4,,knn,tuned,"{'w': 200, 'k': 3}",2e-05,3e-05,0.80852,0.0,10.72,20.04,0.0,125250,1,2e-05,ok
ucr,190_UCR_Anomaly_resperation4_70000_128430_128431,resperation4,,ae,default,,1e-05,3e-05,0.79309,0.0,29.52,,1664.8,125250,1,2e-05,ok
ucr,190_UCR_Anomaly_resperation4_70000_128430_128431,resperation4,,ae,tuned,"{'w': 100, 'hidden': 64, 'latent': 16}",1e-05,3e-05,0.79309,0.0,35.14,173.74,0.0,125250,1,2e-05,ok
ucr,193_UCR_Anomaly_s20101m_10000_35774_35874,s20101m,,chronos_small_resid,default,,0.00675,0.00567,0.67458,0.0063,0.34,,1750.1,30000,1,0.00337,ok
ucr,193_UCR_Anomaly_s20101m_10000_35774_35874,s20101m,,chronos_small_quantile,default,,0.00389,0.0057,0.66667,1.0,0.34,,1750.1,30000,1,0.00337,ok
ucr,193_UCR_Anomaly_s20101m_10000_35774_35874,s20101m,,chronos_base_resid,default,,0.01348,0.00666,0.67971,0.00697,0.69,,1980.9,30000,1,0.00337,ok
ucr,193_UCR_Anomaly_s20101m_10000_35774_35874,s20101m,,chronos_base_quantile,default,,0.02437,0.01407,0.83405,1.0,0.69,,1980.9,30000,1,0.00337,ok
ucr,193_UCR_Anomaly_s20101m_10000_35774_35874,s20101m,,timesfm_resid,default,,0.01376,0.009,0.66194,0.00582,9.84,,2057.9,30000,1,0.00337,ok
ucr,193_UCR_Anomaly_s20101m_10000_35774_35874,s20101m,,timesfm_quantile,default,,0.03399,0.02005,0.67334,1.0,9.84,,2057.9,30000,1,0.00337,ok
ucr,193_UCR_Anomaly_s20101m_10000_35774_35874,s20101m,,tirex_resid,default,,0.01355,0.00842,0.66243,0.00585,14.37,,2045.0,30000,1,0.00337,ok
ucr,193_UCR_Anomaly_s20101m_10000_35774_35874,s20101m,,tirex_quantile,default,,0.02976,0.01662,0.66667,1.0,14.37,,2045.0,30000,1,0.00337,ok
ucr,193_UCR_Anomaly_s20101m_10000_35774_35874,s20101m,,iforest,default,,0.00286,0.00388,0.61598,0.01385,2.63,,1604.6,30000,1,0.00337,ok
ucr,193_UCR_Anomaly_s20101m_10000_35774_35874,s20101m,,iforest,tuned,"{'w': 100, 'n_estimators': 200}",0.00286,0.00388,0.61598,0.01385,3.65,8.3,0.0,30000,1,0.00337,ok
ucr,193_UCR_Anomaly_s20101m_10000_35774_35874,s20101m,,lof,default,,0.99608,0.70074,0.99938,0.66667,0.86,,1604.6,30000,1,0.00337,ok
ucr,193_UCR_Anomaly_s20101m_10000_35774_35874,s20101m,,lof,tuned,"{'w': 100, 'k': 30}",0.98801,0.68346,0.99939,0.66667,2.61,3.54,0.0,30000,1,0.00337,ok
ucr,193_UCR_Anomaly_s20101m_10000_35774_35874,s20101m,,knn,default,,0.97364,0.68768,0.9994,0.66667,0.71,,1604.6,30000,1,0.00337,ok
ucr,193_UCR_Anomaly_s20101m_10000_35774_35874,s20101m,,knn,tuned,"{'w': 100, 'k': 5}",0.97364,0.68768,0.9994,0.66667,2.41,2.53,0.0,30000,1,0.00337,ok
ucr,193_UCR_Anomaly_s20101m_10000_35774_35874,s20101m,,ae,default,,0.94093,0.45962,0.99937,0.33333,4.1,,1622.4,30000,1,0.00337,ok
ucr,193_UCR_Anomaly_s20101m_10000_35774_35874,s20101m,,ae,tuned,"{'w': 100, 'hidden': 64, 'latent': 8}",0.88449,0.41633,0.99937,0.5,7.03,23.76,0.0,30000,1,0.00337,ok
ucr,196_UCR_Anomaly_sel840mECG2_20000_49370_49740,sel840mECG2,,chronos_small_resid,default,,0.0138,0.01601,0.6758,0.00463,0.62,,1750.1,37001,1,0.01003,ok
ucr,196_UCR_Anomaly_sel840mECG2_20000_49370_49740,sel840mECG2,,chronos_small_quantile,default,,0.00948,0.01228,0.76803,1.0,0.62,,1750.1,37001,1,0.01003,ok
ucr,196_UCR_Anomaly_sel840mECG2_20000_49370_49740,sel840mECG2,,chronos_base_resid,default,,0.01313,0.0157,0.68449,0.0045,0.98,,1980.9,37001,1,0.01003,ok
ucr,196_UCR_Anomaly_sel840mECG2_20000_49370_49740,sel840mECG2,,chronos_base_quantile,default,,0.00956,0.01224,0.80608,1.0,0.98,,1980.9,37001,1,0.01003,ok
ucr,196_UCR_Anomaly_sel840mECG2_20000_49370_49740,sel840mECG2,,timesfm_resid,default,,0.01872,0.02203,0.67173,0.00394,11.95,,2057.9,37001,1,0.01003,ok
ucr,196_UCR_Anomaly_sel840mECG2_20000_49370_49740,sel840mECG2,,timesfm_quantile,default,,0.01243,0.01559,0.66671,1.0,11.95,,2057.9,37001,1,0.01003,ok
ucr,196_UCR_Anomaly_sel840mECG2_20000_49370_49740,sel840mECG2,,tirex_resid,default,,0.01435,0.0168,0.66179,0.00447,18.81,,2045.0,37001,1,0.01003,ok
ucr,196_UCR_Anomaly_sel840mECG2_20000_49370_49740,sel840mECG2,,tirex_quantile,default,,0.00983,0.01257,0.66714,1.0,18.81,,2045.0,37001,1,0.01003,ok
ucr,196_UCR_Anomaly_sel840mECG2_20000_49370_49740,sel840mECG2,,iforest,default,,0.00677,0.00941,0.76221,0.00634,3.98,,1604.6,37001,1,0.01003,ok
ucr,196_UCR_Anomaly_sel840mECG2_20000_49370_49740,sel840mECG2,,iforest,tuned,"{'w': 400, 'n_estimators': 200}",0.00617,0.00852,0.68519,0.03394,9.11,8.51,0.0,37001,1,0.01003,ok
ucr,196_UCR_Anomaly_sel840mECG2_20000_49370_49740,sel840mECG2,,lof,default,,0.03061,0.03781,0.79881,0.0778,1.52,,1604.6,37001,1,0.01003,ok
ucr,196_UCR_Anomaly_sel840mECG2_20000_49370_49740,sel840mECG2,,lof,tuned,"{'w': 100, 'k': 30}",0.03462,0.04324,0.7983,0.09611,3.54,5.96,0.0,37001,1,0.01003,ok
ucr,196_UCR_Anomaly_sel840mECG2_20000_49370_49740,sel840mECG2,,knn,default,,0.02964,0.03955,0.80946,0.07338,1.46,,1604.6,37001,1,0.01003,ok
ucr,196_UCR_Anomaly_sel840mECG2_20000_49370_49740,sel840mECG2,,knn,tuned,"{'w': 100, 'k': 3}",0.02969,0.04017,0.80856,0.07793,3.33,5.92,0.0,37001,1,0.01003,ok
ucr,196_UCR_Anomaly_sel840mECG2_20000_49370_49740,sel840mECG2,,ae,default,,0.01302,0.01822,0.7274,0.03192,7.65,,1625.6,37001,1,0.01003,ok
ucr,196_UCR_Anomaly_sel840mECG2_20000_49370_49740,sel840mECG2,,ae,tuned,"{'w': 200, 'hidden': 32, 'latent': 16}",0.00656,0.00859,0.67545,0.01674,10.88,38.71,0.0,37001,1,0.01003,ok
ucr,199_UCR_Anomaly_tiltAPB3_40000_114000_114370,tiltAPB3,,chronos_small_resid,default,,0.00416,0.00547,0.72881,0.00211,1.41,,1750.1,89489,1,0.00415,ok
ucr,199_UCR_Anomaly_tiltAPB3_40000_114000_114370,tiltAPB3,,chronos_small_quantile,default,,0.00397,0.00521,0.78494,1.0,1.41,,1750.1,89489,1,0.00415,ok
ucr,199_UCR_Anomaly_tiltAPB3_40000_114000_114370,tiltAPB3,,chronos_base_resid,default,,0.00348,0.00448,0.6695,0.00164,2.08,,1980.9,89489,1,0.00415,ok
ucr,199_UCR_Anomaly_tiltAPB3_40000_114000_114370,tiltAPB3,,chronos_base_quantile,default,,0.0043,0.00554,0.76935,1.0,2.08,,1980.9,89489,1,0.00415,ok
ucr,199_UCR_Anomaly_tiltAPB3_40000_114000_114370,tiltAPB3,,timesfm_resid,default,,0.00399,0.00521,0.66288,0.00201,30.7,,2057.9,89489,1,0.00415,ok
ucr,199_UCR_Anomaly_tiltAPB3_40000_114000_114370,tiltAPB3,,timesfm_quantile,default,,0.00587,0.00688,0.68632,1.0,30.7,,2057.9,89489,1,0.00415,ok
ucr,199_UCR_Anomaly_tiltAPB3_40000_114000_114370,tiltAPB3,,tirex_resid,default,,0.00352,0.00448,0.64583,0.00124,29.93,,2045.0,89489,1,0.00415,ok
ucr,199_UCR_Anomaly_tiltAPB3_40000_114000_114370,tiltAPB3,,tirex_quantile,default,,0.0039,0.00494,0.66667,1.0,29.93,,2045.0,89489,1,0.00415,ok
ucr,199_UCR_Anomaly_tiltAPB3_40000_114000_114370,tiltAPB3,,iforest,default,,0.00231,0.00308,0.71231,0.0,5.73,,1604.6,89489,1,0.00415,ok
ucr,199_UCR_Anomaly_tiltAPB3_40000_114000_114370,tiltAPB3,,iforest,tuned,"{'w': 200, 'n_estimators': 200}",0.00209,0.00343,0.77395,0.0,12.89,15.17,0.0,89489,1,0.00415,ok
ucr,199_UCR_Anomaly_tiltAPB3_40000_114000_114370,tiltAPB3,,lof,default,,0.00688,0.00806,0.83722,0.0206,5.33,,1604.6,89489,1,0.00415,ok
ucr,199_UCR_Anomaly_tiltAPB3_40000_114000_114370,tiltAPB3,,lof,tuned,"{'w': 200, 'k': 30}",0.00745,0.00931,0.85365,0.15385,6.63,10.33,0.0,89489,1,0.00415,ok
ucr,199_UCR_Anomaly_tiltAPB3_40000_114000_114370,tiltAPB3,,knn,default,,0.00642,0.00776,0.84315,0.0133,3.67,,1604.6,89489,1,0.00415,ok
ucr,199_UCR_Anomaly_tiltAPB3_40000_114000_114370,tiltAPB3,,knn,tuned,"{'w': 200, 'k': 3}",0.00965,0.01168,0.86532,0.2,4.93,6.24,0.0,89489,1,0.00415,ok
ucr,199_UCR_Anomaly_tiltAPB3_40000_114000_114370,tiltAPB3,,ae,default,,0.00433,0.00579,0.85819,0.01807,15.2,,1648.2,89489,1,0.00415,ok
ucr,199_UCR_Anomaly_tiltAPB3_40000_114000_114370,tiltAPB3,,ae,tuned,"{'w': 100, 'hidden': 64, 'latent': 8}",0.00413,0.00551,0.85262,0.01923,21.29,73.21,0.0,89489,1,0.00415,ok
ucr,202_UCR_Anomaly_CHARISfive_10411_10998_11028,CHARISfive,,chronos_small_resid,default,,0.00471,0.00485,0.72171,0.0071,0.38,,1750.1,31379,1,0.00099,ok
ucr,202_UCR_Anomaly_CHARISfive_10411_10998_11028,CHARISfive,,chronos_small_quantile,default,,0.0174,0.01494,0.68777,0.01475,0.38,,1750.1,31379,1,0.00099,ok
ucr,202_UCR_Anomaly_CHARISfive_10411_10998_11028,CHARISfive,,chronos_base_resid,default,,0.00686,0.00603,0.74795,0.00791,0.67,,1980.9,31379,1,0.00099,ok
ucr,202_UCR_Anomaly_CHARISfive_10411_10998_11028,CHARISfive,,chronos_base_quantile,default,,0.01298,0.01043,0.67401,1.0,0.67,,1980.9,31379,1,0.00099,ok
ucr,202_UCR_Anomaly_CHARISfive_10411_10998_11028,CHARISfive,,timesfm_resid,default,,0.0054,0.00792,0.72296,0.01267,9.55,,2057.9,31379,1,0.00099,ok
ucr,202_UCR_Anomaly_CHARISfive_10411_10998_11028,CHARISfive,,timesfm_quantile,default,,0.00507,0.00644,0.6825,1.0,9.55,,2057.9,31379,1,0.00099,ok
ucr,202_UCR_Anomaly_CHARISfive_10411_10998_11028,CHARISfive,,tirex_resid,default,,0.01143,0.01348,0.83505,0.01183,12.56,,2045.0,31379,1,0.00099,ok
ucr,202_UCR_Anomaly_CHARISfive_10411_10998_11028,CHARISfive,,tirex_quantile,default,,0.11335,0.03256,0.87843,1.0,12.56,,2045.0,31379,1,0.00099,ok
ucr,202_UCR_Anomaly_CHARISfive_10411_10998_11028,CHARISfive,,iforest,default,,0.00061,0.001,0.67341,0.0,2.71,,1604.6,31379,1,0.00099,ok
ucr,202_UCR_Anomaly_CHARISfive_10411_10998_11028,CHARISfive,,iforest,tuned,"{'w': 400, 'n_estimators': 100}",0.00054,0.00087,0.66639,0.0,6.23,6.46,0.0,31379,1,0.00099,ok
ucr,202_UCR_Anomaly_CHARISfive_10411_10998_11028,CHARISfive,,lof,default,,0.03043,0.04683,0.61859,0.36667,0.94,,1604.6,31379,1,0.00099,ok
ucr,202_UCR_Anomaly_CHARISfive_10411_10998_11028,CHARISfive,,lof,tuned,"{'w': 100, 'k': 30}",0.0356,0.0631,0.60845,0.45833,2.55,3.34,0.0,31379,1,0.00099,ok
ucr,202_UCR_Anomaly_CHARISfive_10411_10998_11028,CHARISfive,,knn,default,,0.04539,0.07444,0.50721,0.5,0.71,,1604.6,31379,1,0.00099,ok
ucr,202_UCR_Anomaly_CHARISfive_10411_10998_11028,CHARISfive,,knn,tuned,"{'w': 100, 'k': 3}",0.04942,0.07953,0.51325,0.5,2.33,2.55,0.0,31379,1,0.00099,ok
ucr,202_UCR_Anomaly_CHARISfive_10411_10998_11028,CHARISfive,,ae,default,,0.38332,0.13749,0.95007,0.29545,4.96,,1622.4,31379,1,0.00099,ok
ucr,202_UCR_Anomaly_CHARISfive_10411_10998_11028,CHARISfive,,ae,tuned,"{'w': 100, 'hidden': 32, 'latent': 16}",0.33472,0.12869,0.8659,0.35,6.9,23.76,0.0,31379,1,0.00099,ok
ucr,205_UCR_Anomaly_CHARISfive_9812_28995_29085,CHARISfive,,chronos_small_resid,default,,0.00195,0.00303,0.81851,0.00028,0.33,,1750.1,30058,1,0.00303,ok
ucr,205_UCR_Anomaly_CHARISfive_9812_28995_29085,CHARISfive,,chronos_small_quantile,default,,0.00267,0.00502,0.90715,0.00828,0.33,,1750.1,30058,1,0.00303,ok
ucr,205_UCR_Anomaly_CHARISfive_9812_28995_29085,CHARISfive,,chronos_base_resid,default,,0.00214,0.0034,0.66276,0.00056,0.68,,1980.9,30058,1,0.00303,ok
ucr,205_UCR_Anomaly_CHARISfive_9812_28995_29085,CHARISfive,,chronos_base_quantile,default,,0.00275,0.00483,0.89327,1.0,0.68,,1980.9,30058,1,0.00303,ok
ucr,205_UCR_Anomaly_CHARISfive_9812_28995_29085,CHARISfive,,timesfm_resid,default,,0.00239,0.00389,0.69037,0.00085,10.85,,2057.9,30058,1,0.00303,ok
ucr,205_UCR_Anomaly_CHARISfive_9812_28995_29085,CHARISfive,,timesfm_quantile,default,,0.00311,0.00469,0.69096,1.0,10.85,,2057.9,30058,1,0.00303,ok
ucr,205_UCR_Anomaly_CHARISfive_9812_28995_29085,CHARISfive,,tirex_resid,default,,0.00217,0.0035,0.65731,0.00086,12.93,,2045.0,30058,1,0.00303,ok
ucr,205_UCR_Anomaly_CHARISfive_9812_28995_29085,CHARISfive,,tirex_quantile,default,,0.00312,0.00457,0.66667,1.0,12.93,,2045.0,30058,1,0.00303,ok
ucr,205_UCR_Anomaly_CHARISfive_9812_28995_29085,CHARISfive,,iforest,default,,0.00153,0.00377,0.61286,0.0,3.01,,1604.6,30058,1,0.00303,ok
ucr,205_UCR_Anomaly_CHARISfive_9812_28995_29085,CHARISfive,,iforest,tuned,"{'w': 400, 'n_estimators': 200}",0.00158,0.0027,0.5883,0.0,7.24,7.15,0.0,30058,1,0.00303,ok
ucr,205_UCR_Anomaly_CHARISfive_9812_28995_29085,CHARISfive,,lof,default,,0.00195,0.00347,0.78226,0.01633,0.93,,1604.6,30058,1,0.00303,ok
ucr,205_UCR_Anomaly_CHARISfive_9812_28995_29085,CHARISfive,,lof,tuned,"{'w': 100, 'k': 30}",0.00243,0.00421,0.78478,0.02306,2.29,3.15,0.0,30058,1,0.00303,ok
ucr,205_UCR_Anomaly_CHARISfive_9812_28995_29085,CHARISfive,,knn,default,,0.00264,0.00411,0.79633,0.02452,0.62,,1604.6,30058,1,0.00303,ok
ucr,205_UCR_Anomaly_CHARISfive_9812_28995_29085,CHARISfive,,knn,tuned,"{'w': 100, 'k': 3}",0.00275,0.00431,0.79705,0.02564,2.17,2.47,0.0,30058,1,0.00303,ok
ucr,205_UCR_Anomaly_CHARISfive_9812_28995_29085,CHARISfive,,ae,default,,0.0018,0.00302,0.87058,0.0,4.3,,1622.4,30058,1,0.00303,ok
ucr,205_UCR_Anomaly_CHARISfive_9812_28995_29085,CHARISfive,,ae,tuned,"{'w': 100, 'hidden': 32, 'latent': 8}",0.00172,0.00291,0.86974,0.0,5.7,20.6,0.0,30058,1,0.00303,ok
ucr,208_UCR_Anomaly_CHARISten_5130_27929_27989,CHARISten,,chronos_small_resid,default,,0.002,0.00263,0.75355,0.00183,0.58,,1750.1,35740,1,0.00171,ok
ucr,208_UCR_Anomaly_CHARISten_5130_27929_27989,CHARISten,,chronos_small_quantile,default,,0.00189,0.0026,0.72426,1.0,0.58,,1750.1,35740,1,0.00171,ok
ucr,208_UCR_Anomaly_CHARISten_5130_27929_27989,CHARISten,,chronos_base_resid,default,,0.00191,0.00259,0.69983,0.00181,0.98,,1980.9,35740,1,0.00171,ok
ucr,208_UCR_Anomaly_CHARISten_5130_27929_27989,CHARISten,,chronos_base_quantile,default,,0.0019,0.00265,0.69987,1.0,0.98,,1980.9,35740,1,0.00171,ok
ucr,208_UCR_Anomaly_CHARISten_5130_27929_27989,CHARISten,,timesfm_resid,default,,0.00314,0.00406,0.68051,0.00312,10.7,,2057.9,35740,1,0.00171,ok
ucr,208_UCR_Anomaly_CHARISten_5130_27929_27989,CHARISten,,timesfm_quantile,default,,0.01949,0.01502,0.77628,1.0,10.7,,2057.9,35740,1,0.00171,ok
ucr,208_UCR_Anomaly_CHARISten_5130_27929_27989,CHARISten,,tirex_resid,default,,0.00688,0.00486,0.69443,0.00312,16.66,,2045.0,35740,1,0.00171,ok
ucr,208_UCR_Anomaly_CHARISten_5130_27929_27989,CHARISten,,tirex_quantile,default,,0.02209,0.01734,0.68051,1.0,16.66,,2045.0,35740,1,0.00171,ok
ucr,208_UCR_Anomaly_CHARISten_5130_27929_27989,CHARISten,,iforest,default,,0.78271,0.34833,0.9996,0.18182,2.37,,1604.6,35740,1,0.00171,ok
ucr,208_UCR_Anomaly_CHARISten_5130_27929_27989,CHARISten,,iforest,tuned,"{'w': 50, 'n_estimators': 100}",0.13787,0.10874,0.71912,0.09733,3.98,5.6,0.0,35740,1,0.00171,ok
ucr,208_UCR_Anomaly_CHARISten_5130_27929_27989,CHARISten,,lof,default,,0.64925,0.31576,0.99948,0.4,0.81,,1604.6,35740,1,0.00171,ok
ucr,208_UCR_Anomaly_CHARISten_5130_27929_27989,CHARISten,,lof,tuned,"{'w': 50, 'k': 30}",0.78811,0.2867,0.99963,0.125,3.8,1.91,0.0,35740,1,0.00171,ok
ucr,208_UCR_Anomaly_CHARISten_5130_27929_27989,CHARISten,,knn,default,,0.36406,0.13807,0.99944,0.15441,0.64,,1604.6,35740,1,0.00171,ok
ucr,208_UCR_Anomaly_CHARISten_5130_27929_27989,CHARISten,,knn,tuned,"{'w': 50, 'k': 3}",0.62297,0.22319,0.9996,0.06806,2.9,1.67,0.0,35740,1,0.00171,ok
ucr,208_UCR_Anomaly_CHARISten_5130_27929_27989,CHARISten,,ae,default,,0.50574,0.20736,0.9996,0.18333,2.75,,1624.0,35740,1,0.00171,ok
ucr,208_UCR_Anomaly_CHARISten_5130_27929_27989,CHARISten,,ae,tuned,"{'w': 50, 'hidden': 32, 'latent': 16}",0.6462,0.18461,0.99965,0.10764,7.4,12.25,0.0,35740,1,0.00171,ok
ucr,211_UCR_Anomaly_Italianpowerdemand_38113_39240_39336,Italianpowerdemand,,chronos_small_resid,default,,0.00141,0.00186,0.73222,0.0013,1.05,,1750.1,81467,1,0.00119,ok
ucr,211_UCR_Anomaly_Italianpowerdemand_38113_39240_39336,Italianpowerdemand,,chronos_small_quantile,default,,0.00132,0.0018,0.70128,1.0,1.05,,1750.1,81467,1,0.00119,ok
ucr,211_UCR_Anomaly_Italianpowerdemand_38113_39240_39336,Italianpowerdemand,,chronos_base_resid,default,,0.00127,0.00171,0.69928,0.00129,1.49,,1980.9,81467,1,0.00119,ok
ucr,211_UCR_Anomaly_Italianpowerdemand_38113_39240_39336,Italianpowerdemand,,chronos_base_quantile,default,,0.00146,0.0019,0.67743,1.0,1.49,,1980.9,81467,1,0.00119,ok
ucr,211_UCR_Anomaly_Italianpowerdemand_38113_39240_39336,Italianpowerdemand,,timesfm_resid,default,,0.00091,0.00128,0.79338,0.0006,22.96,,2057.9,81467,1,0.00119,ok
ucr,211_UCR_Anomaly_Italianpowerdemand_38113_39240_39336,Italianpowerdemand,,timesfm_quantile,default,,0.0011,0.00166,0.72783,1.0,22.96,,2057.9,81467,1,0.00119,ok
ucr,211_UCR_Anomaly_Italianpowerdemand_38113_39240_39336,Italianpowerdemand,,tirex_resid,default,,0.00112,0.00147,0.71608,0.00104,28.84,,2045.0,81467,1,0.00119,ok
ucr,211_UCR_Anomaly_Italianpowerdemand_38113_39240_39336,Italianpowerdemand,,tirex_quantile,default,,0.00113,0.0017,0.75897,1.0,28.84,,2045.0,81467,1,0.00119,ok
ucr,211_UCR_Anomaly_Italianpowerdemand_38113_39240_39336,Italianpowerdemand,,iforest,default,,0.00381,0.0058,0.7748,0.04254,5.39,,1604.6,81467,1,0.00119,ok
ucr,211_UCR_Anomaly_Italianpowerdemand_38113_39240_39336,Italianpowerdemand,,iforest,tuned,"{'w': 400, 'n_estimators': 100}",0.00343,0.00514,0.77411,0.11765,19.84,15.86,0.0,81467,1,0.00119,ok
ucr,211_UCR_Anomaly_Italianpowerdemand_38113_39240_39336,Italianpowerdemand,,lof,default,,0.00066,0.0011,0.71681,0.0,8.77,,1604.6,81467,1,0.00119,ok
ucr,211_UCR_Anomaly_Italianpowerdemand_38113_39240_39336,Italianpowerdemand,,lof,tuned,"{'w': 200, 'k': 30}",0.00072,0.00111,0.67959,0.0,7.25,9.84,0.0,81467,1,0.00119,ok
ucr,211_UCR_Anomaly_Italianpowerdemand_38113_39240_39336,Italianpowerdemand,,knn,default,,0.00077,0.00123,0.72428,0.0,3.77,,1604.6,81467,1,0.00119,ok
ucr,211_UCR_Anomaly_Italianpowerdemand_38113_39240_39336,Italianpowerdemand,,knn,tuned,"{'w': 200, 'k': 5}",0.00079,0.00121,0.68303,0.0,6.23,7.31,0.0,81467,1,0.00119,ok
ucr,211_UCR_Anomaly_Italianpowerdemand_38113_39240_39336,Italianpowerdemand,,ae,default,,0.00924,0.01254,0.67649,0.03682,17.21,,1645.5,81467,1,0.00119,ok
ucr,211_UCR_Anomaly_Italianpowerdemand_38113_39240_39336,Italianpowerdemand,,ae,tuned,"{'w': 100, 'hidden': 64, 'latent': 16}",0.00924,0.01254,0.67649,0.03682,21.23,59.99,0.0,81467,1,0.00119,ok
ucr,214_UCR_Anomaly_STAFFIIIDatabase_34211_125720_126370,STAFFIIIDatabase,,chronos_small_resid,default,,0.00255,0.00294,0.67874,0.00544,2.52,,1750.1,265479,1,0.00245,ok
ucr,214_UCR_Anomaly_STAFFIIIDatabase_34211_125720_126370,STAFFIIIDatabase,,chronos_small_quantile,default,,0.0028,0.00328,0.68107,1.0,2.52,,1750.1,265479,1,0.00245,ok
ucr,214_UCR_Anomaly_STAFFIIIDatabase_34211_125720_126370,STAFFIIIDatabase,,chronos_base_resid,default,,0.0033,0.00364,0.67642,0.00245,5.11,,1980.9,265479,1,0.00245,ok
ucr,214_UCR_Anomaly_STAFFIIIDatabase_34211_125720_126370,STAFFIIIDatabase,,chronos_base_quantile,default,,0.00279,0.00325,0.68207,1.0,5.11,,1980.9,265479,1,0.00245,ok
ucr,214_UCR_Anomaly_STAFFIIIDatabase_34211_125720_126370,STAFFIIIDatabase,,timesfm_resid,default,,0.00688,0.00428,0.7359,0.00252,72.08,,2057.9,265479,1,0.00245,ok
ucr,214_UCR_Anomaly_STAFFIIIDatabase_34211_125720_126370,STAFFIIIDatabase,,timesfm_quantile,default,,0.00346,0.00379,0.68917,1.0,72.08,,2057.9,265479,1,0.00245,ok
ucr,214_UCR_Anomaly_STAFFIIIDatabase_34211_125720_126370,STAFFIIIDatabase,,tirex_resid,default,,0.00808,0.0056,0.71879,0.00281,96.69,,2045.0,265479,1,0.00245,ok
ucr,214_UCR_Anomaly_STAFFIIIDatabase_34211_125720_126370,STAFFIIIDatabase,,tirex_quantile,default,,0.00301,0.00347,0.68422,1.0,96.69,,2045.0,265479,1,0.00245,ok
ucr,214_UCR_Anomaly_STAFFIIIDatabase_34211_125720_126370,STAFFIIIDatabase,,iforest,default,,0.00423,0.0042,0.66409,0.01964,13.13,,1604.6,265479,1,0.00245,ok
ucr,214_UCR_Anomaly_STAFFIIIDatabase_34211_125720_126370,STAFFIIIDatabase,,iforest,tuned,"{'w': 400, 'n_estimators': 200}",0.00313,0.00343,0.6674,0.0175,55.47,14.18,0.0,265479,1,0.00245,ok
ucr,214_UCR_Anomaly_STAFFIIIDatabase_34211_125720_126370,STAFFIIIDatabase,,lof,default,,0.002,0.0024,0.69071,0.00367,12.27,,1604.6,265479,1,0.00245,ok
ucr,214_UCR_Anomaly_STAFFIIIDatabase_34211_125720_126370,STAFFIIIDatabase,,lof,tuned,"{'w': 400, 'k': 50}",0.00134,0.00163,0.63416,0.0,19.34,6.77,0.0,265479,1,0.00245,ok
ucr,214_UCR_Anomaly_STAFFIIIDatabase_34211_125720_126370,STAFFIIIDatabase,,knn,default,,0.00407,0.00432,0.66771,0.02919,10.64,,1604.6,265479,1,0.00245,ok
ucr,214_UCR_Anomaly_STAFFIIIDatabase_34211_125720_126370,STAFFIIIDatabase,,knn,tuned,"{'w': 200, 'k': 1}",0.00646,0.00701,0.65528,0.04816,19.42,5.39,0.0,265479,1,0.00245,ok
ucr,214_UCR_Anomaly_STAFFIIIDatabase_34211_125720_126370,STAFFIIIDatabase,,ae,default,,0.18091,0.02566,0.9213,0.04167,23.42,,1718.6,265479,1,0.00245,ok
ucr,214_UCR_Anomaly_STAFFIIIDatabase_34211_125720_126370,STAFFIIIDatabase,,ae,tuned,"{'w': 100, 'hidden': 64, 'latent': 8}",0.19523,0.02437,0.96394,0.04545,43.08,37.04,0.0,265479,1,0.00245,ok
ucr,217_UCR_Anomaly_STAFFIIIDatabase_38211_150720_151370,STAFFIIIDatabase,,chronos_small_resid,default,,0.00233,0.00259,0.81009,0.00145,2.53,,1750.1,261479,1,0.00249,ok
ucr,217_UCR_Anomaly_STAFFIIIDatabase_38211_150720_151370,STAFFIIIDatabase,,chronos_small_quantile,default,,0.00255,0.00288,0.70049,1.0,2.53,,1750.1,261479,1,0.00249,ok
ucr,217_UCR_Anomaly_STAFFIIIDatabase_38211_150720_151370,STAFFIIIDatabase,,chronos_base_resid,default,,0.00229,0.0025,0.92296,0.00117,3.79,,1980.9,261479,1,0.00249,ok
ucr,217_UCR_Anomaly_STAFFIIIDatabase_38211_150720_151370,STAFFIIIDatabase,,chronos_base_quantile,default,,0.00259,0.00291,0.66667,1.0,3.79,,1980.9,261479,1,0.00249,ok
ucr,217_UCR_Anomaly_STAFFIIIDatabase_38211_150720_151370,STAFFIIIDatabase,,timesfm_resid,default,,0.00233,0.00274,0.67858,0.0015,81.82,,2057.9,261479,1,0.00249,ok
ucr,217_UCR_Anomaly_STAFFIIIDatabase_38211_150720_151370,STAFFIIIDatabase,,timesfm_quantile,default,,0.0023,0.00266,0.66667,1.0,81.82,,2057.9,261479,1,0.00249,ok
ucr,217_UCR_Anomaly_STAFFIIIDatabase_38211_150720_151370,STAFFIIIDatabase,,tirex_resid,default,,0.00229,0.00255,0.67498,0.00151,89.5,,2045.0,261479,1,0.00249,ok
ucr,217_UCR_Anomaly_STAFFIIIDatabase_38211_150720_151370,STAFFIIIDatabase,,tirex_quantile,default,,0.00228,0.00265,0.67589,1.0,89.5,,2045.0,261479,1,0.00249,ok
ucr,217_UCR_Anomaly_STAFFIIIDatabase_38211_150720_151370,STAFFIIIDatabase,,iforest,default,,0.0029,0.00326,0.64764,0.0045,13.67,,1604.6,261479,1,0.00249,ok
ucr,217_UCR_Anomaly_STAFFIIIDatabase_38211_150720_151370,STAFFIIIDatabase,,iforest,tuned,"{'w': 200, 'n_estimators': 200}",0.00251,0.00275,0.64485,0.0053,39.39,15.73,0.0,261479,1,0.00249,ok
ucr,217_UCR_Anomaly_STAFFIIIDatabase_38211_150720_151370,STAFFIIIDatabase,,lof,default,,0.00619,0.00634,0.66278,0.03622,13.33,,1604.6,261479,1,0.00249,ok
ucr,217_UCR_Anomaly_STAFFIIIDatabase_38211_150720_151370,STAFFIIIDatabase,,lof,tuned,"{'w': 200, 'k': 10}",0.01186,0.01196,0.65274,0.06531,20.36,10.95,0.0,261479,1,0.00249,ok
ucr,217_UCR_Anomaly_STAFFIIIDatabase_38211_150720_151370,STAFFIIIDatabase,,knn,default,,0.00434,0.00441,0.65372,0.03075,11.12,,1604.6,261479,1,0.00249,ok
ucr,217_UCR_Anomaly_STAFFIIIDatabase_38211_150720_151370,STAFFIIIDatabase,,knn,tuned,"{'w': 200, 'k': 1}",0.00794,0.00776,0.64345,0.05286,20.63,7.33,0.0,261479,1,0.00249,ok
ucr,217_UCR_Anomaly_STAFFIIIDatabase_38211_150720_151370,STAFFIIIDatabase,,ae,default,,0.0049,0.00496,0.67812,0.02168,26.48,,1716.8,261479,1,0.00249,ok
ucr,217_UCR_Anomaly_STAFFIIIDatabase_38211_150720_151370,STAFFIIIDatabase,,ae,tuned,"{'w': 200, 'hidden': 32, 'latent': 8}",0.00202,0.00222,0.65847,0.00319,51.82,68.4,0.0,261479,1,0.00249,ok
ucr,220_UCR_Anomaly_STAFFIIIDatabase_43217_250720_251370,STAFFIIIDatabase,,chronos_small_resid,default,,0.00314,0.00341,0.67971,0.00219,3.15,,1750.1,256573,1,0.00254,ok
ucr,220_UCR_Anomaly_STAFFIIIDatabase_43217_250720_251370,STAFFIIIDatabase,,chronos_small_quantile,default,,0.00246,0.00281,0.67054,1.0,3.15,,1750.1,256573,1,0.00254,ok
ucr,220_UCR_Anomaly_STAFFIIIDatabase_43217_250720_251370,STAFFIIIDatabase,,chronos_base_resid,default,,0.00312,0.00337,0.67253,0.00126,4.93,,1980.9,256573,1,0.00254,ok
ucr,220_UCR_Anomaly_STAFFIIIDatabase_43217_250720_251370,STAFFIIIDatabase,,chronos_base_quantile,default,,0.00238,0.00273,0.67149,1.0,4.93,,1980.9,256573,1,0.00254,ok
ucr,220_UCR_Anomaly_STAFFIIIDatabase_43217_250720_251370,STAFFIIIDatabase,,timesfm_resid,default,,0.00334,0.00396,0.68656,0.0021,80.86,,2057.9,256573,1,0.00254,ok
ucr,220_UCR_Anomaly_STAFFIIIDatabase_43217_250720_251370,STAFFIIIDatabase,,timesfm_quantile,default,,0.00241,0.00281,0.68013,1.0,80.86,,2057.9,256573,1,0.00254,ok
ucr,220_UCR_Anomaly_STAFFIIIDatabase_43217_250720_251370,STAFFIIIDatabase,,tirex_resid,default,,0.00321,0.00368,0.67593,0.00137,89.47,,2045.0,256573,1,0.00254,ok
ucr,220_UCR_Anomaly_STAFFIIIDatabase_43217_250720_251370,STAFFIIIDatabase,,tirex_quantile,default,,0.00239,0.00277,0.67231,1.0,89.47,,2045.0,256573,1,0.00254,ok
ucr,220_UCR_Anomaly_STAFFIIIDatabase_43217_250720_251370,STAFFIIIDatabase,,iforest,default,,0.00508,0.00521,0.6681,0.00626,15.07,,1604.6,256573,1,0.00254,ok
ucr,220_UCR_Anomaly_STAFFIIIDatabase_43217_250720_251370,STAFFIIIDatabase,,iforest,tuned,"{'w': 200, 'n_estimators': 100}",0.00448,0.00466,0.66348,0.00968,19.84,13.65,0.0,256573,1,0.00254,ok
ucr,220_UCR_Anomaly_STAFFIIIDatabase_43217_250720_251370,STAFFIIIDatabase,,lof,default,,0.02103,0.02109,0.84007,0.03623,13.29,,1604.6,256573,1,0.00254,ok
ucr,220_UCR_Anomaly_STAFFIIIDatabase_43217_250720_251370,STAFFIIIDatabase,,lof,tuned,"{'w': 100, 'k': 10}",0.37078,0.15194,0.99959,0.09097,28.31,15.11,0.0,256573,1,0.00254,ok
ucr,220_UCR_Anomaly_STAFFIIIDatabase_43217_250720_251370,STAFFIIIDatabase,,knn,default,,0.15493,0.02867,0.95622,0.03722,11.62,,1604.6,256573,1,0.00254,ok
ucr,220_UCR_Anomaly_STAFFIIIDatabase_43217_250720_251370,STAFFIIIDatabase,,knn,tuned,"{'w': 100, 'k': 1}",0.22588,0.0385,0.98909,0.03225,25.74,10.39,0.0,256573,1,0.00254,ok
ucr,220_UCR_Anomaly_STAFFIIIDatabase_43217_250720_251370,STAFFIIIDatabase,,ae,default,,0.2297,0.03371,0.99868,0.02717,26.95,,1715.1,256573,1,0.00254,ok
ucr,220_UCR_Anomaly_STAFFIIIDatabase_43217_250720_251370,STAFFIIIDatabase,,ae,tuned,"{'w': 50, 'hidden': 32, 'latent': 16}",0.0282,0.01314,0.85398,0.01065,67.51,125.09,0.0,256573,1,0.00254,ok
ucr,223_UCR_Anomaly_mit14046longtermecg_74123_131200_131700,mit14046longtermecg,,chronos_small_resid,default,,0.00373,0.00423,0.63608,0.00061,1.72,,1750.1,106263,1,0.00471,ok
ucr,223_UCR_Anomaly_mit14046longtermecg_74123_131200_131700,mit14046longtermecg,,chronos_small_quantile,default,,0.00509,0.00585,0.68926,1.0,1.72,,1750.1,106263,1,0.00471,ok
ucr,223_UCR_Anomaly_mit14046longtermecg_74123_131200_131700,mit14046longtermecg,,chronos_base_resid,default,,0.00354,0.00406,0.64043,0.00059,2.0,,1980.9,106263,1,0.00471,ok
ucr,223_UCR_Anomaly_mit14046longtermecg_74123_131200_131700,mit14046longtermecg,,chronos_base_quantile,default,,0.00509,0.00591,0.66668,1.0,2.0,,1980.9,106263,1,0.00471,ok
ucr,223_UCR_Anomaly_mit14046longtermecg_74123_131200_131700,mit14046longtermecg,,timesfm_resid,default,,0.00402,0.00458,0.63764,0.00062,32.84,,2057.9,106263,1,0.00471,ok
ucr,223_UCR_Anomaly_mit14046longtermecg_74123_131200_131700,mit14046longtermecg,,timesfm_quantile,default,,0.00496,0.00573,0.67013,1.0,32.84,,2057.9,106263,1,0.00471,ok
ucr,223_UCR_Anomaly_mit14046longtermecg_74123_131200_131700,mit14046longtermecg,,tirex_resid,default,,0.00364,0.00425,0.64402,0.00063,39.59,,2045.0,106263,1,0.00471,ok
ucr,223_UCR_Anomaly_mit14046longtermecg_74123_131200_131700,mit14046longtermecg,,tirex_quantile,default,,0.00698,0.00768,0.6809,1.0,39.59,,2045.0,106263,1,0.00471,ok
ucr,223_UCR_Anomaly_mit14046longtermecg_74123_131200_131700,mit14046longtermecg,,iforest,default,,0.0027,0.00375,0.58492,0.01053,6.53,,1604.6,106263,1,0.00471,ok
ucr,223_UCR_Anomaly_mit14046longtermecg_74123_131200_131700,mit14046longtermecg,,iforest,tuned,"{'w': 200, 'n_estimators': 200}",0.00257,0.00374,0.58267,0.01282,14.54,26.94,0.0,106263,1,0.00471,ok
ucr,223_UCR_Anomaly_mit14046longtermecg_74123_131200_131700,mit14046longtermecg,,lof,default,,0.01213,0.01422,0.72623,0.03439,10.69,,1604.6,106263,1,0.00471,ok
ucr,223_UCR_Anomaly_mit14046longtermecg_74123_131200_131700,mit14046longtermecg,,lof,tuned,"{'w': 100, 'k': 30}",0.01562,0.01896,0.76947,0.06103,15.76,29.56,0.0,106263,1,0.00471,ok
ucr,223_UCR_Anomaly_mit14046longtermecg_74123_131200_131700,mit14046longtermecg,,knn,default,,0.00713,0.00854,0.58535,0.03811,9.3,,1604.6,106263,1,0.00471,ok
ucr,223_UCR_Anomaly_mit14046longtermecg_74123_131200_131700,mit14046longtermecg,,knn,tuned,"{'w': 100, 'k': 3}",0.00738,0.00877,0.58506,0.0379,11.8,19.34,0.0,106263,1,0.00471,ok
ucr,223_UCR_Anomaly_mit14046longtermecg_74123_131200_131700,mit14046longtermecg,,ae,default,,0.00485,0.00559,0.57994,0.01675,27.4,,1657.3,106263,1,0.00471,ok
ucr,223_UCR_Anomaly_mit14046longtermecg_74123_131200_131700,mit14046longtermecg,,ae,tuned,"{'w': 100, 'hidden': 64, 'latent': 16}",0.00485,0.00559,0.57994,0.01675,34.48,153.7,0.0,106263,1,0.00471,ok
ucr,226_UCR_Anomaly_mit14046longtermecg_96123_123000_123300,mit14046longtermecg,,chronos_small_resid,default,,0.02052,0.01584,0.66145,0.005,1.24,,1750.1,93878,1,0.00321,ok
ucr,226_UCR_Anomaly_mit14046longtermecg_96123_123000_123300,mit14046longtermecg,,chronos_small_quantile,default,,0.00421,0.005,0.67403,1.0,1.24,,1750.1,93878,1,0.00321,ok
ucr,226_UCR_Anomaly_mit14046longtermecg_96123_123000_123300,mit14046longtermecg,,chronos_base_resid,default,,0.01779,0.0175,0.65925,0.00491,1.86,,1980.9,93878,1,0.00321,ok
ucr,226_UCR_Anomaly_mit14046longtermecg_96123_123000_123300,mit14046longtermecg,,chronos_base_quantile,default,,0.00438,0.00516,0.67652,1.0,1.86,,1980.9,93878,1,0.00321,ok
ucr,226_UCR_Anomaly_mit14046longtermecg_96123_123000_123300,mit14046longtermecg,,timesfm_resid,default,,0.02703,0.02124,0.65973,0.00435,34.73,,2057.9,93878,1,0.00321,ok
ucr,226_UCR_Anomaly_mit14046longtermecg_96123_123000_123300,mit14046longtermecg,,timesfm_quantile,default,,0.00765,0.0078,0.66667,1.0,34.73,,2057.9,93878,1,0.00321,ok
ucr,226_UCR_Anomaly_mit14046longtermecg_96123_123000_123300,mit14046longtermecg,,tirex_resid,default,,0.0226,0.01674,0.66076,0.00458,33.84,,2045.0,93878,1,0.00321,ok
ucr,226_UCR_Anomaly_mit14046longtermecg_96123_123000_123300,mit14046longtermecg,,tirex_quantile,default,,0.00752,0.00696,0.74916,1.0,33.84,,2045.0,93878,1,0.00321,ok
ucr,226_UCR_Anomaly_mit14046longtermecg_96123_123000_123300,mit14046longtermecg,,iforest,default,,0.34517,0.26682,0.68563,0.25275,5.64,,1604.6,93878,1,0.00321,ok
ucr,226_UCR_Anomaly_mit14046longtermecg_96123_123000_123300,mit14046longtermecg,,iforest,tuned,"{'w': 200, 'n_estimators': 100}",0.47622,0.45075,0.69361,0.66667,11.74,30.39,0.0,93878,1,0.00321,ok
ucr,226_UCR_Anomaly_mit14046longtermecg_96123_123000_123300,mit14046longtermecg,,lof,default,,0.26474,0.28516,0.71664,0.28571,12.68,,1604.6,93878,1,0.00321,ok
ucr,226_UCR_Anomaly_mit14046longtermecg_96123_123000_123300,mit14046longtermecg,,lof,tuned,"{'w': 200, 'k': 50}",0.99407,0.62619,0.99942,0.66667,11.1,34.16,0.0,93878,1,0.00321,ok
ucr,226_UCR_Anomaly_mit14046longtermecg_96123_123000_123300,mit14046longtermecg,,knn,default,,0.99103,0.57869,0.99971,0.5,8.61,,1604.6,93878,1,0.00321,ok
ucr,226_UCR_Anomaly_mit14046longtermecg_96123_123000_123300,mit14046longtermecg,,knn,tuned,"{'w': 200, 'k': 1}",0.99797,0.65891,0.99942,0.66667,8.82,22.63,0.0,93878,1,0.00321,ok
ucr,226_UCR_Anomaly_mit14046longtermecg_96123_123000_123300,mit14046longtermecg,,ae,default,,0.99726,0.5688,0.99925,0.5,34.21,,1654.3,93878,1,0.00321,ok
ucr,226_UCR_Anomaly_mit14046longtermecg_96123_123000_123300,mit14046longtermecg,,ae,tuned,"{'w': 100, 'hidden': 64, 'latent': 8}",0.99949,0.61591,0.99972,0.5,40.81,152.35,0.0,93878,1,0.00321,ok
ucr,229_UCR_Anomaly_mit14134longtermecg_16363_57960_57970,mit14134longtermecg,,chronos_small_resid,default,,0.00156,0.00187,0.66721,0.00335,0.68,,1750.1,42637,1,0.00026,ok
ucr,229_UCR_Anomaly_mit14134longtermecg_16363_57960_57970,mit14134longtermecg,,chronos_small_quantile,default,,0.00045,0.00059,0.68508,1.0,0.68,,1750.1,42637,1,0.00026,ok
ucr,229_UCR_Anomaly_mit14134longtermecg_16363_57960_57970,mit14134longtermecg,,chronos_base_resid,default,,0.00145,0.0017,0.66702,0.00323,0.99,,1980.9,42637,1,0.00026,ok
ucr,229_UCR_Anomaly_mit14134longtermecg_16363_57960_57970,mit14134longtermecg,,chronos_base_quantile,default,,0.00043,0.0006,0.66667,1.0,0.99,,1980.9,42637,1,0.00026,ok
ucr,229_UCR_Anomaly_mit14134longtermecg_16363_57960_57970,mit14134longtermecg,,timesfm_resid,default,,0.00166,0.00182,0.66409,0.00363,13.86,,2057.9,42637,1,0.00026,ok
ucr,229_UCR_Anomaly_mit14134longtermecg_16363_57960_57970,mit14134longtermecg,,timesfm_quantile,default,,0.00062,0.00079,0.69655,1.0,13.86,,2057.9,42637,1,0.00026,ok
ucr,229_UCR_Anomaly_mit14134longtermecg_16363_57960_57970,mit14134longtermecg,,tirex_resid,default,,0.00169,0.00182,0.66581,0.00368,20.3,,2045.0,42637,1,0.00026,ok
ucr,229_UCR_Anomaly_mit14134longtermecg_16363_57960_57970,mit14134longtermecg,,tirex_quantile,default,,0.0007,0.00086,0.70247,1.0,20.3,,2045.0,42637,1,0.00026,ok
ucr,229_UCR_Anomaly_mit14134longtermecg_16363_57960_57970,mit14134longtermecg,,iforest,default,,0.00063,0.00086,0.63748,0.02314,4.13,,1604.6,42637,1,0.00026,ok
ucr,229_UCR_Anomaly_mit14134longtermecg_16363_57960_57970,mit14134longtermecg,,iforest,tuned,"{'w': 100, 'n_estimators': 200}",0.00063,0.00086,0.63748,0.02314,6.48,11.39,0.0,42637,1,0.00026,ok
ucr,229_UCR_Anomaly_mit14134longtermecg_16363_57960_57970,mit14134longtermecg,,lof,default,,0.00189,0.00316,0.6531,0.03739,1.48,,1604.6,42637,1,0.00026,ok
ucr,229_UCR_Anomaly_mit14134longtermecg_16363_57960_57970,mit14134longtermecg,,lof,tuned,"{'w': 50, 'k': 30}",0.99242,0.11528,0.9999,0.22222,6.15,7.04,0.0,42637,1,0.00026,ok
ucr,229_UCR_Anomaly_mit14134longtermecg_16363_57960_57970,mit14134longtermecg,,knn,default,,0.00496,0.00853,0.65417,0.17803,1.3,,1604.6,42637,1,0.00026,ok
ucr,229_UCR_Anomaly_mit14134longtermecg_16363_57960_57970,mit14134longtermecg,,knn,tuned,"{'w': 100, 'k': 3}",0.00523,0.00949,0.65449,0.18182,4.26,4.44,0.0,42637,1,0.00026,ok
ucr,229_UCR_Anomaly_mit14134longtermecg_16363_57960_57970,mit14134longtermecg,,ae,default,,0.11805,0.07454,0.70361,0.25,10.45,,1627.5,42637,1,0.00026,ok
ucr,229_UCR_Anomaly_mit14134longtermecg_16363_57960_57970,mit14134longtermecg,,ae,tuned,"{'w': 100, 'hidden': 64, 'latent': 8}",0.01385,0.0216,0.69661,0.18333,10.53,37.38,0.0,42637,1,0.00026,ok
ucr,232_UCR_Anomaly_mit14134longtermecg_8763_57530_57790,mit14134longtermecg,,chronos_small_resid,default,,0.00437,0.00652,0.67378,0.00191,0.84,,1750.1,50237,1,0.0052,ok
ucr,232_UCR_Anomaly_mit14134longtermecg_8763_57530_57790,mit14134longtermecg,,chronos_small_quantile,default,,0.00533,0.0076,0.68677,1.0,0.84,,1750.1,50237,1,0.0052,ok
ucr,232_UCR_Anomaly_mit14134longtermecg_8763_57530_57790,mit14134longtermecg,,chronos_base_resid,default,,0.00429,0.00648,0.67537,0.002,1.38,,1980.9,50237,1,0.0052,ok
ucr,232_UCR_Anomaly_mit14134longtermecg_8763_57530_57790,mit14134longtermecg,,chronos_base_quantile,default,,0.00519,0.00786,0.67251,1.0,1.38,,1980.9,50237,1,0.0052,ok
ucr,232_UCR_Anomaly_mit14134longtermecg_8763_57530_57790,mit14134longtermecg,,timesfm_resid,default,,0.00518,0.00736,0.67257,0.00394,16.51,,2057.9,50237,1,0.0052,ok
ucr,232_UCR_Anomaly_mit14134longtermecg_8763_57530_57790,mit14134longtermecg,,timesfm_quantile,default,,0.00541,0.00823,0.66668,1.0,16.51,,2057.9,50237,1,0.0052,ok
ucr,232_UCR_Anomaly_mit14134longtermecg_8763_57530_57790,mit14134longtermecg,,tirex_resid,default,,0.00484,0.00703,0.67142,0.00393,22.68,,2045.0,50237,1,0.0052,ok
ucr,232_UCR_Anomaly_mit14134longtermecg_8763_57530_57790,mit14134longtermecg,,tirex_quantile,default,,0.00509,0.00754,0.66668,1.0,22.68,,2045.0,50237,1,0.0052,ok
ucr,232_UCR_Anomaly_mit14134longtermecg_8763_57530_57790,mit14134longtermecg,,iforest,default,,0.00398,0.00618,0.88563,0.01041,3.58,,1604.6,50237,1,0.0052,ok
ucr,232_UCR_Anomaly_mit14134longtermecg_8763_57530_57790,mit14134longtermecg,,iforest,tuned,"{'w': 100, 'n_estimators': 200}",0.00398,0.00618,0.88563,0.01041,6.51,7.89,0.0,50237,1,0.0052,ok
ucr,232_UCR_Anomaly_mit14134longtermecg_8763_57530_57790,mit14134longtermecg,,lof,default,,0.02159,0.02583,0.88496,0.08047,1.29,,1604.6,50237,1,0.0052,ok
ucr,232_UCR_Anomaly_mit14134longtermecg_8763_57530_57790,mit14134longtermecg,,lof,tuned,"{'w': 50, 'k': 30}",0.05741,0.05262,0.85802,0.08819,5.76,3.02,0.0,50237,1,0.0052,ok
ucr,232_UCR_Anomaly_mit14134longtermecg_8763_57530_57790,mit14134longtermecg,,knn,default,,0.04932,0.05013,0.88539,0.13321,1.07,,1604.6,50237,1,0.0052,ok
ucr,232_UCR_Anomaly_mit14134longtermecg_8763_57530_57790,mit14134longtermecg,,knn,tuned,"{'w': 50, 'k': 3}",0.04142,0.03768,0.86238,0.12761,5.19,2.68,0.0,50237,1,0.0052,ok
ucr,232_UCR_Anomaly_mit14134longtermecg_8763_57530_57790,mit14134longtermecg,,ae,default,,0.01386,0.01534,0.7347,0.03944,5.63,,1630.6,50237,1,0.0052,ok
ucr,232_UCR_Anomaly_mit14134longtermecg_8763_57530_57790,mit14134longtermecg,,ae,tuned,"{'w': 100, 'hidden': 64, 'latent': 8}",0.01076,0.01212,0.88546,0.03704,6.88,17.46,0.0,50237,1,0.0052,ok
ucr,235_UCR_Anomaly_mit14157longtermecg_18913_75450_75451,mit14157longtermecg,,chronos_small_resid,default,,0.00087,0.00146,0.68344,0.00308,0.99,,1750.1,78387,1,3e-05,ok
ucr,235_UCR_Anomaly_mit14157longtermecg_18913_75450_75451,mit14157longtermecg,,chronos_small_quantile,default,,0.00036,0.00065,0.76291,1.0,0.99,,1750.1,78387,1,3e-05,ok
ucr,235_UCR_Anomaly_mit14157longtermecg_18913_75450_75451,mit14157longtermecg,,chronos_base_resid,default,,0.00128,0.00169,0.69035,0.00415,1.3,,1980.9,78387,1,3e-05,ok
ucr,235_UCR_Anomaly_mit14157longtermecg_18913_75450_75451,mit14157longtermecg,,chronos_base_quantile,default,,0.0005,0.00078,0.66667,1.0,1.3,,1980.9,78387,1,3e-05,ok
ucr,235_UCR_Anomaly_mit14157longtermecg_18913_75450_75451,mit14157longtermecg,,timesfm_resid,default,,0.00612,0.00585,0.73654,0.01596,21.06,,2057.9,78387,1,3e-05,ok
ucr,235_UCR_Anomaly_mit14157longtermecg_18913_75450_75451,mit14157longtermecg,,timesfm_quantile,default,,0.00157,0.00293,0.69535,1.0,21.06,,2057.9,78387,1,3e-05,ok
ucr,235_UCR_Anomaly_mit14157longtermecg_18913_75450_75451,mit14157longtermecg,,tirex_resid,default,,0.00618,0.00954,0.75384,0.01887,28.97,,2045.0,78387,1,3e-05,ok
ucr,235_UCR_Anomaly_mit14157longtermecg_18913_75450_75451,mit14157longtermecg,,tirex_quantile,default,,0.00216,0.0044,0.67519,1.0,28.97,,2045.0,78387,1,3e-05,ok
ucr,235_UCR_Anomaly_mit14157longtermecg_18913_75450_75451,mit14157longtermecg,,iforest,default,,0.00189,0.00296,0.9704,0.13393,4.77,,1604.6,78387,1,3e-05,ok
ucr,235_UCR_Anomaly_mit14157longtermecg_18913_75450_75451,mit14157longtermecg,,iforest,tuned,"{'w': 100, 'n_estimators': 100}",0.00185,0.00291,0.97038,0.11765,7.8,10.62,0.0,78387,1,3e-05,ok
ucr,235_UCR_Anomaly_mit14157longtermecg_18913_75450_75451,mit14157longtermecg,,lof,default,,0.00211,0.00501,0.81315,0.14286,2.95,,1604.6,78387,1,3e-05,ok
ucr,235_UCR_Anomaly_mit14157longtermecg_18913_75450_75451,mit14157longtermecg,,lof,tuned,"{'w': 100, 'k': 30}",0.00271,0.00508,0.81136,0.14286,6.75,5.22,0.0,78387,1,3e-05,ok
ucr,235_UCR_Anomaly_mit14157longtermecg_18913_75450_75451,mit14157longtermecg,,knn,default,,0.00528,0.01015,0.82582,0.28571,2.35,,1604.6,78387,1,3e-05,ok
ucr,235_UCR_Anomaly_mit14157longtermecg_18913_75450_75451,mit14157longtermecg,,knn,tuned,"{'w': 100, 'k': 3}",0.0058,0.01015,0.82602,0.22222,5.79,4.32,0.0,78387,1,3e-05,ok
ucr,235_UCR_Anomaly_mit14157longtermecg_18913_75450_75451,mit14157longtermecg,,ae,default,,0.00554,0.01015,0.81919,0.4,10.45,,1641.9,78387,1,3e-05,ok
ucr,235_UCR_Anomaly_mit14157longtermecg_18913_75450_75451,mit14157longtermecg,,ae,tuned,"{'w': 100, 'hidden': 32, 'latent': 16}",0.0047,0.01015,0.81847,0.33333,13.98,38.95,0.0,78387,1,3e-05,ok
ucr,238_UCR_Anomaly_mit14157longtermecg_21311_72600_72780,mit14157longtermecg,,chronos_small_resid,default,,0.00687,0.00694,0.72518,0.00307,0.85,,1750.1,77689,1,0.00233,ok
ucr,238_UCR_Anomaly_mit14157longtermecg_21311_72600_72780,mit14157longtermecg,,chronos_small_quantile,default,,0.00358,0.00423,0.67519,1.0,0.85,,1750.1,77689,1,0.00233,ok
ucr,238_UCR_Anomaly_mit14157longtermecg_21311_72600_72780,mit14157longtermecg,,chronos_base_resid,default,,0.00708,0.00744,0.76556,0.0031,1.63,,1980.9,77689,1,0.00233,ok
ucr,238_UCR_Anomaly_mit14157longtermecg_21311_72600_72780,mit14157longtermecg,,chronos_base_quantile,default,,0.00365,0.00429,0.67216,1.0,1.63,,1980.9,77689,1,0.00233,ok
ucr,238_UCR_Anomaly_mit14157longtermecg_21311_72600_72780,mit14157longtermecg,,timesfm_resid,default,,0.00633,0.00713,0.77846,0.00394,22.94,,2057.9,77689,1,0.00233,ok
ucr,238_UCR_Anomaly_mit14157longtermecg_21311_72600_72780,mit14157longtermecg,,timesfm_quantile,default,,0.00623,0.00628,0.70471,1.0,22.94,,2057.9,77689,1,0.00233,ok
ucr,238_UCR_Anomaly_mit14157longtermecg_21311_72600_72780,mit14157longtermecg,,tirex_resid,default,,0.00542,0.0061,0.82605,0.00397,28.34,,2045.0,77689,1,0.00233,ok
ucr,238_UCR_Anomaly_mit14157longtermecg_21311_72600_72780,mit14157longtermecg,,tirex_quantile,default,,0.00494,0.00578,0.71865,1.0,28.34,,2045.0,77689,1,0.00233,ok
ucr,238_UCR_Anomaly_mit14157longtermecg_21311_72600_72780,mit14157longtermecg,,iforest,default,,0.01675,0.01549,0.78894,0.05567,4.95,,1604.6,77689,1,0.00233,ok
ucr,238_UCR_Anomaly_mit14157longtermecg_21311_72600_72780,mit14157longtermecg,,iforest,tuned,"{'w': 100, 'n_estimators': 200}",0.01675,0.01549,0.78894,0.05567,8.75,9.81,0.0,77689,1,0.00233,ok
ucr,238_UCR_Anomaly_mit14157longtermecg_21311_72600_72780,mit14157longtermecg,,lof,default,,0.02813,0.02705,0.72999,0.05812,2.97,,1604.6,77689,1,0.00233,ok
ucr,238_UCR_Anomaly_mit14157longtermecg_21311_72600_72780,mit14157longtermecg,,lof,tuned,"{'w': 400, 'k': 10}",0.01716,0.02113,0.73452,0.14286,4.72,6.14,0.0,77689,1,0.00233,ok
ucr,238_UCR_Anomaly_mit14157longtermecg_21311_72600_72780,mit14157longtermecg,,knn,default,,0.06682,0.0606,0.74923,0.17063,2.43,,1604.6,77689,1,0.00233,ok
ucr,238_UCR_Anomaly_mit14157longtermecg_21311_72600_72780,mit14157longtermecg,,knn,tuned,"{'w': 100, 'k': 3}",0.0658,0.05977,0.74647,0.16955,6.52,4.57,0.0,77689,1,0.00233,ok
ucr,238_UCR_Anomaly_mit14157longtermecg_21311_72600_72780,mit14157longtermecg,,ae,default,,0.05902,0.0576,0.75683,0.13482,10.13,,1642.1,77689,1,0.00233,ok
ucr,238_UCR_Anomaly_mit14157longtermecg_21311_72600_72780,mit14157longtermecg,,ae,tuned,"{'w': 100, 'hidden': 32, 'latent': 8}",0.06866,0.06669,0.76065,0.15719,13.61,44.22,0.0,77689,1,0.00233,ok
ucr,241_UCR_Anomaly_taichidbS0715Master_250000_837400_839100,taichidbS0715Master,,chronos_small_resid,default,,0.0025,0.00268,0.71298,0.00059,6.41,,1750.1,650000,1,0.00262,ok
ucr,241_UCR_Anomaly_taichidbS0715Master_250000_837400_839100,taichidbS0715Master,,chronos_small_quantile,default,,0.00253,0.00271,0.66667,1.0,6.41,,1750.1,650000,1,0.00262,ok
ucr,241_UCR_Anomaly_taichidbS0715Master_250000_837400_839100,taichidbS0715Master,,chronos_base_resid,default,,0.00253,0.00272,0.70419,0.00059,11.16,,1980.9,650000,1,0.00262,ok
ucr,241_UCR_Anomaly_taichidbS0715Master_250000_837400_839100,taichidbS0715Master,,chronos_base_quantile,default,,0.00253,0.00269,0.66667,1.0,11.16,,1980.9,650000,1,0.00262,ok
ucr,241_UCR_Anomaly_taichidbS0715Master_250000_837400_839100,taichidbS0715Master,,timesfm_resid,default,,0.00216,0.00227,0.67661,0.00048,200.3,,2057.9,650000,1,0.00262,ok
ucr,241_UCR_Anomaly_taichidbS0715Master_250000_837400_839100,taichidbS0715Master,,timesfm_quantile,default,,0.0025,0.00264,0.67967,1.0,200.3,,2057.9,650000,1,0.00262,ok
ucr,241_UCR_Anomaly_taichidbS0715Master_250000_837400_839100,taichidbS0715Master,,tirex_resid,default,,0.01491,0.00318,0.68105,0.00088,210.39,,2045.0,650000,1,0.00262,ok
ucr,241_UCR_Anomaly_taichidbS0715Master_250000_837400_839100,taichidbS0715Master,,tirex_quantile,default,,0.00253,0.00269,0.67054,1.0,210.39,,2045.0,650000,1,0.00262,ok
ucr,241_UCR_Anomaly_taichidbS0715Master_250000_837400_839100,taichidbS0715Master,,iforest,default,,0.00263,0.00273,0.66972,0.00443,45.53,,1604.6,650000,1,0.00262,ok
ucr,241_UCR_Anomaly_taichidbS0715Master_250000_837400_839100,taichidbS0715Master,,iforest,tuned,"{'w': 400, 'n_estimators': 100}",0.00238,0.00245,0.67185,0.00482,167.18,69.11,0.0,650000,1,0.00262,ok
ucr,241_UCR_Anomaly_taichidbS0715Master_250000_837400_839100,taichidbS0715Master,,lof,default,,0.00999,0.00998,0.74701,0.01646,278.65,,1604.6,650000,1,0.00262,ok
ucr,241_UCR_Anomaly_taichidbS0715Master_250000_837400_839100,taichidbS0715Master,,lof,tuned,"{'w': 50, 'k': 10}",0.01335,0.0122,0.71137,0.02237,1151.55,338.86,0.0,650000,1,0.00262,ok
ucr,241_UCR_Anomaly_taichidbS0715Master_250000_837400_839100,taichidbS0715Master,,knn,default,,0.00808,0.00884,0.74131,0.01122,237.12,,1604.6,650000,1,0.00262,ok
ucr,241_UCR_Anomaly_taichidbS0715Master_250000_837400_839100,taichidbS0715Master,,knn,tuned,"{'w': 50, 'k': 1}",0.00975,0.00987,0.7605,1.0,734.29,155.76,0.0,650000,1,0.00262,ok
ucr,241_UCR_Anomaly_taichidbS0715Master_250000_837400_839100,taichidbS0715Master,,ae,default,,0.0022,0.00235,0.71257,0.00115,141.69,,1889.9,650000,1,0.00262,ok
ucr,241_UCR_Anomaly_taichidbS0715Master_250000_837400_839100,taichidbS0715Master,,ae,tuned,"{'w': 50, 'hidden': 64, 'latent': 16}",0.00246,0.00262,0.8134,0.00461,228.85,484.37,0.0,650000,1,0.00262,ok
ucr,244_UCR_Anomaly_tilt12754table_100013_104630_104890,tilt12754table,,chronos_small_resid,default,,0.00244,0.00271,0.81739,0.00254,2.04,,1750.1,200249,1,0.0013,ok
ucr,244_UCR_Anomaly_tilt12754table_100013_104630_104890,tilt12754table,,chronos_small_quantile,default,,0.00211,0.00233,0.7323,1.0,2.04,,1750.1,200249,1,0.0013,ok
ucr,244_UCR_Anomaly_tilt12754table_100013_104630_104890,tilt12754table,,chronos_base_resid,default,,0.0029,0.00327,0.79541,0.00257,3.56,,1980.9,200249,1,0.0013,ok
ucr,244_UCR_Anomaly_tilt12754table_100013_104630_104890,tilt12754table,,chronos_base_quantile,default,,0.00302,0.00313,0.8181,1.0,3.56,,1980.9,200249,1,0.0013,ok
ucr,244_UCR_Anomaly_tilt12754table_100013_104630_104890,tilt12754table,,timesfm_resid,default,,0.00541,0.00555,0.73386,0.00538,57.78,,2057.9,200249,1,0.0013,ok
ucr,244_UCR_Anomaly_tilt12754table_100013_104630_104890,tilt12754table,,timesfm_quantile,default,,0.00408,0.00386,0.69055,1.0,57.78,,2057.9,200249,1,0.0013,ok
ucr,244_UCR_Anomaly_tilt12754table_100013_104630_104890,tilt12754table,,tirex_resid,default,,0.00165,0.00217,0.70761,0.00293,77.8,,2045.0,200249,1,0.0013,ok
ucr,244_UCR_Anomaly_tilt12754table_100013_104630_104890,tilt12754table,,tirex_quantile,default,,0.00123,0.00169,0.71359,1.0,77.8,,2045.0,200249,1,0.0013,ok
ucr,244_UCR_Anomaly_tilt12754table_100013_104630_104890,tilt12754table,,iforest,default,,0.00153,0.00177,0.8225,0.00527,13.23,,1604.6,200249,1,0.0013,ok
ucr,244_UCR_Anomaly_tilt12754table_100013_104630_104890,tilt12754table,,iforest,tuned,"{'w': 100, 'n_estimators': 100}",0.00156,0.00179,0.8244,0.00572,29.91,47.97,0.0,200249,1,0.0013,ok
ucr,244_UCR_Anomaly_tilt12754table_100013_104630_104890,tilt12754table,,lof,default,,0.00806,0.00931,0.57983,0.02184,39.55,,1604.6,200249,1,0.0013,ok
ucr,244_UCR_Anomaly_tilt12754table_100013_104630_104890,tilt12754table,,lof,tuned,"{'w': 100, 'k': 30}",0.00568,0.00647,0.65462,0.01766,43.17,53.76,0.0,200249,1,0.0013,ok
ucr,244_UCR_Anomaly_tilt12754table_100013_104630_104890,tilt12754table,,knn,default,,0.01589,0.01513,0.83974,0.07643,19.0,,1604.6,200249,1,0.0013,ok
ucr,244_UCR_Anomaly_tilt12754table_100013_104630_104890,tilt12754table,,knn,tuned,"{'w': 200, 'k': 1}",0.02349,0.02821,0.85228,0.16268,20.04,23.43,0.0,200249,1,0.0013,ok
ucr,244_UCR_Anomaly_tilt12754table_100013_104630_104890,tilt12754table,,ae,default,,0.01246,0.01141,0.79753,0.07795,40.75,,1697.0,200249,1,0.0013,ok
ucr,244_UCR_Anomaly_tilt12754table_100013_104630_104890,tilt12754table,,ae,tuned,"{'w': 100, 'hidden': 32, 'latent': 8}",0.01056,0.00969,0.81315,0.06075,55.29,167.29,0.0,200249,1,0.0013,ok
ucr,247_UCR_Anomaly_tilt12755mtable_50211_121900_121980,tilt12755mtable,,chronos_small_resid,default,,0.00065,0.00098,0.80094,0.00133,1.52,,1750.1,149789,1,0.00054,ok
ucr,247_UCR_Anomaly_tilt12755mtable_50211_121900_121980,tilt12755mtable,,chronos_small_quantile,default,,0.00049,0.00074,0.70866,1.0,1.52,,1750.1,149789,1,0.00054,ok
ucr,247_UCR_Anomaly_tilt12755mtable_50211_121900_121980,tilt12755mtable,,chronos_base_resid,default,,0.00084,0.00115,0.80235,0.00216,3.13,,1980.9,149789,1,0.00054,ok
ucr,247_UCR_Anomaly_tilt12755mtable_50211_121900_121980,tilt12755mtable,,chronos_base_quantile,default,,0.00049,0.00075,0.8746,1.0,3.13,,1980.9,149789,1,0.00054,ok
ucr,247_UCR_Anomaly_tilt12755mtable_50211_121900_121980,tilt12755mtable,,timesfm_resid,default,,0.00253,0.00266,0.79862,0.00704,49.25,,2057.9,149789,1,0.00054,ok
ucr,247_UCR_Anomaly_tilt12755mtable_50211_121900_121980,tilt12755mtable,,timesfm_quantile,default,,0.00316,0.00391,0.74988,1.0,49.25,,2057.9,149789,1,0.00054,ok
ucr,247_UCR_Anomaly_tilt12755mtable_50211_121900_121980,tilt12755mtable,,tirex_resid,default,,0.00165,0.00207,0.80339,0.00503,63.01,,2045.0,149789,1,0.00054,ok
ucr,247_UCR_Anomaly_tilt12755mtable_50211_121900_121980,tilt12755mtable,,tirex_quantile,default,,0.00113,0.00239,0.77471,1.0,63.01,,2045.0,149789,1,0.00054,ok
ucr,247_UCR_Anomaly_tilt12755mtable_50211_121900_121980,tilt12755mtable,,iforest,default,,0.00099,0.00159,0.80048,0.00592,9.59,,1604.6,149789,1,0.00054,ok
ucr,247_UCR_Anomaly_tilt12755mtable_50211_121900_121980,tilt12755mtable,,iforest,tuned,"{'w': 200, 'n_estimators': 200}",0.00114,0.00187,0.82525,0.05128,23.34,17.98,0.0,149789,1,0.00054,ok
ucr,247_UCR_Anomaly_tilt12755mtable_50211_121900_121980,tilt12755mtable,,lof,default,,0.04042,0.05007,0.92224,0.12273,9.71,,1604.6,149789,1,0.00054,ok
ucr,247_UCR_Anomaly_tilt12755mtable_50211_121900_121980,tilt12755mtable,,lof,tuned,"{'w': 100, 'k': 30}",0.03686,0.06685,0.92764,0.11111,19.76,20.34,0.0,149789,1,0.00054,ok
ucr,247_UCR_Anomaly_tilt12755mtable_50211_121900_121980,tilt12755mtable,,knn,default,,0.00558,0.00603,0.84671,0.0271,13.65,,1604.6,149789,1,0.00054,ok
ucr,247_UCR_Anomaly_tilt12755mtable_50211_121900_121980,tilt12755mtable,,knn,tuned,"{'w': 200, 'k': 5}",0.00706,0.01258,0.8437,0.2,15.78,14.83,0.0,149789,1,0.00054,ok
ucr,247_UCR_Anomaly_tilt12755mtable_50211_121900_121980,tilt12755mtable,,ae,default,,0.0039,0.00483,0.8657,0.01843,28.16,,1673.7,149789,1,0.00054,ok
ucr,247_UCR_Anomaly_tilt12755mtable_50211_121900_121980,tilt12755mtable,,ae,tuned,"{'w': 100, 'hidden': 32, 'latent': 8}",0.00159,0.00208,0.86352,0.00976,35.06,116.03,0.0,149789,1,0.00054,ok
ucr,250_UCR_Anomaly_weallwalk_2951_7290_7296,weallwalk,,chronos_small_resid,default,,0.00384,0.00475,0.67942,0.00638,0.39,,1673.9,7517,1,0.00093,ok
ucr,250_UCR_Anomaly_weallwalk_2951_7290_7296,weallwalk,,chronos_small_quantile,default,,0.00238,0.0032,0.68326,1.0,0.39,,1673.9,7517,1,0.00093,ok
ucr,250_UCR_Anomaly_weallwalk_2951_7290_7296,weallwalk,,chronos_base_resid,default,,0.00427,0.00531,0.6871,0.00789,0.44,,1778.3,7517,1,0.00093,ok
ucr,250_UCR_Anomaly_weallwalk_2951_7290_7296,weallwalk,,chronos_base_quantile,default,,0.003,0.00407,0.70735,1.0,0.44,,1778.3,7517,1,0.00093,ok
ucr,250_UCR_Anomaly_weallwalk_2951_7290_7296,weallwalk,,timesfm_resid,default,,0.00671,0.00746,0.68525,0.01405,2.85,,2057.9,7517,1,0.00093,ok
ucr,250_UCR_Anomaly_weallwalk_2951_7290_7296,weallwalk,,timesfm_quantile,default,,0.00196,0.00261,0.70128,1.0,2.85,,2057.9,7517,1,0.00093,ok
ucr,250_UCR_Anomaly_weallwalk_2951_7290_7296,weallwalk,,tirex_resid,default,,0.00508,0.00575,0.68476,0.00958,6.2,,1810.7,7517,1,0.00093,ok
ucr,250_UCR_Anomaly_weallwalk_2951_7290_7296,weallwalk,,tirex_quantile,default,,0.00258,0.00345,0.70188,1.0,6.2,,1810.7,7517,1,0.00093,ok
ucr,250_UCR_Anomaly_weallwalk_2951_7290_7296,weallwalk,,iforest,default,,0.05549,0.08833,0.99777,0.5,0.94,,1604.6,7517,1,0.00093,ok
ucr,250_UCR_Anomaly_weallwalk_2951_7290_7296,weallwalk,,iforest,tuned,"{'w': 50, 'n_estimators': 200}",0.33182,0.24136,0.9985,0.5,1.5,4.58,0.0,7517,1,0.00093,ok
ucr,250_UCR_Anomaly_weallwalk_2951_7290_7296,weallwalk,,lof,default,,0.02181,0.0323,0.75512,0.41667,0.21,,1604.6,7517,1,0.00093,ok
ucr,250_UCR_Anomaly_weallwalk_2951_7290_7296,weallwalk,,lof,tuned,"{'w': 400, 'k': 10}",0.00186,0.00262,0.61857,0.4,0.63,1.67,0.0,7517,1,0.00093,ok
ucr,250_UCR_Anomaly_weallwalk_2951_7290_7296,weallwalk,,knn,default,,0.08535,0.11918,0.99188,0.66667,0.14,,1604.6,7517,1,0.00093,ok
ucr,250_UCR_Anomaly_weallwalk_2951_7290_7296,weallwalk,,knn,tuned,"{'w': 50, 'k': 5}",0.10586,0.15661,0.99721,0.85,0.83,1.48,0.0,7517,1,0.00093,ok
ucr,250_UCR_Anomaly_weallwalk_2951_7290_7296,weallwalk,,ae,default,,0.00357,0.00497,0.77185,0.12341,1.41,,1612.1,7517,1,0.00093,ok
ucr,250_UCR_Anomaly_weallwalk_2951_7290_7296,weallwalk,,ae,tuned,"{'w': 50, 'hidden': 32, 'latent': 16}",0.01402,0.02135,0.99215,0.22222,2.9,6.03,0.0,7517,1,0.00093,ok
