dataset,series,domain,anomaly_kind,detector,tier,config,auc_pr,vus_pr,affil_f1,event_f1,runtime_s,tune_s,peak_mb,n_test,n_channels,anomaly_frac,status
nasa,E-9,smap,point,iforest,default,,0.08068,0.12983,0.75034,0.23269,0.55,nan,0.0,8302,25,0.04228,ok
nasa,E-9,smap,point,iforest,tuned,"{'w': 50, 'n_estimators': 100}",0.12604,0.10645,0.98552,0.27333,1.29,5.62,0.0,8302,25,0.04228,ok
nasa,E-9,smap,point,lof,default,,0.32133,0.32233,0.98796,0.5,1.25,nan,0.0,8302,25,0.04228,ok
nasa,E-9,smap,point,lof,tuned,"{'w': 200, 'k': 10}",0.2239,0.3223,0.97522,0.38095,0.89,2.14,0.0,8302,25,0.04228,ok
nasa,E-9,smap,point,knn,default,,0.27895,0.30212,0.98761,0.49713,0.59,nan,0.0,8302,25,0.04228,ok
nasa,E-9,smap,point,knn,tuned,"{'w': 50, 'k': 3}",0.18598,0.17035,0.98552,0.28161,1.63,1.91,0.0,8302,25,0.04228,ok
nasa,E-9,smap,point,ae,default,,0.45802,0.39983,0.99201,0.5435,8.51,nan,194.2,8302,25,0.04228,ok
nasa,E-9,smap,point,ae,tuned,"{'w': 200, 'hidden': 32, 'latent': 16}",0.62727,0.61632,0.99135,0.71429,2.8,7.38,0.0,8302,25,0.04228,ok
nasa,E-11,smap,contextual,iforest,default,,0.0482,0.0687,0.80505,0.10012,1.85,nan,17.0,8514,25,0.03465,ok
nasa,E-11,smap,contextual,iforest,tuned,"{'w': 50, 'n_estimators': 100}",0.06506,0.07639,0.7986,0.26946,1.33,5.9,0.0,8514,25,0.03465,ok
nasa,E-11,smap,contextual,lof,default,,0.84743,0.71481,0.82197,0.66616,0.79,nan,17.0,8514,25,0.03465,ok
nasa,E-11,smap,contextual,lof,tuned,"{'w': 200, 'k': 10}",0.83471,0.73657,0.83171,0.66616,0.93,2.12,0.0,8514,25,0.03465,ok
nasa,E-11,smap,contextual,knn,default,,0.89259,0.73119,0.82143,0.68211,0.6,nan,17.0,8514,25,0.03465,ok
nasa,E-11,smap,contextual,knn,tuned,"{'w': 50, 'k': 3}",0.93845,0.70933,0.99282,0.8788,1.47,1.79,0.0,8514,25,0.03465,ok
nasa,E-11,smap,contextual,ae,default,,0.12494,0.18157,0.79242,0.21341,2.4,nan,196.3,8514,25,0.03465,ok
nasa,E-11,smap,contextual,ae,tuned,"{'w': 200, 'hidden': 32, 'latent': 16}",0.16651,0.22775,0.79278,0.2843,2.81,7.88,0.0,8514,25,0.03465,ok
nasa,E-13,smap,contextual,iforest,default,,0.03339,0.05026,0.66513,0.05068,1.85,nan,17.0,8640,25,0.03056,ok
nasa,E-13,smap,contextual,iforest,tuned,"{'w': 50, 'n_estimators': 200}",0.14201,0.14186,0.73068,0.26588,2.06,5.87,0.0,8640,25,0.03056,ok
nasa,E-13,smap,contextual,lof,default,,0.03566,0.05269,0.70031,0.04388,0.79,nan,17.0,8640,25,0.03056,ok
nasa,E-13,smap,contextual,lof,tuned,"{'w': 100, 'k': 30}",0.03687,0.05432,0.70331,0.04694,1.17,2.19,0.0,8640,25,0.03056,ok
nasa,E-13,smap,contextual,knn,default,,0.03179,0.04734,0.6883,0.02426,0.73,nan,17.0,8640,25,0.03056,ok
nasa,E-13,smap,contextual,knn,tuned,"{'w': 50, 'k': 5}",0.06221,0.06747,0.71027,0.14661,1.63,1.64,0.0,8640,25,0.03056,ok
nasa,E-13,smap,contextual,ae,default,,0.02295,0.03579,0.65595,0.0,2.09,nan,198.1,8640,25,0.03056,ok
nasa,E-13,smap,contextual,ae,tuned,"{'w': 50, 'hidden': 32, 'latent': 16}",0.02459,0.03778,0.67719,0.02761,3.19,7.73,0.0,8640,25,0.03056,ok
nasa,D-1,smap,point,iforest,default,,0.35435,0.35502,0.85472,0.25,1.87,nan,17.0,8509,25,0.38301,ok
nasa,D-1,smap,point,iforest,tuned,"{'w': 50, 'n_estimators': 200}",0.37414,0.37613,0.65404,0.11047,1.95,5.71,0.0,8509,25,0.38301,ok
nasa,D-1,smap,point,lof,default,,0.25752,0.26174,0.85483,0.25,0.78,nan,17.0,8509,25,0.38301,ok
nasa,D-1,smap,point,lof,tuned,"{'w': 100, 'k': 50}",0.25752,0.26174,0.85483,0.25,1.34,2.21,0.0,8509,25,0.38301,ok
nasa,D-1,smap,point,knn,default,,0.26306,0.26684,0.85998,0.25,0.61,nan,17.0,8509,25,0.38301,ok
nasa,D-1,smap,point,knn,tuned,"{'w': 200, 'k': 1}",0.27407,0.27674,0.86058,0.25,0.79,1.71,0.0,8509,25,0.38301,ok
nasa,D-1,smap,point,ae,default,,0.49392,0.50016,0.87293,0.37877,2.16,nan,196.1,8509,25,0.38301,ok
nasa,D-1,smap,point,ae,tuned,"{'w': 50, 'hidden': 32, 'latent': 16}",0.62117,0.62133,0.8688,0.65348,3.41,7.31,0.0,8509,25,0.38301,ok
nasa,P-3,smap,point,iforest,default,,0.16773,0.19561,0.91656,0.25,1.83,nan,17.0,8493,25,0.15731,ok
nasa,P-3,smap,point,iforest,tuned,"{'w': 50, 'n_estimators': 200}",0.12934,0.14841,0.77681,0.13077,1.98,5.88,0.0,8493,25,0.15731,ok
nasa,P-3,smap,point,lof,default,,0.12713,0.14708,0.9156,0.25,0.76,nan,17.0,8493,25,0.15731,ok
nasa,P-3,smap,point,lof,tuned,"{'w': 200, 'k': 10}",0.14527,0.17686,0.91615,0.25,0.91,2.17,0.0,8493,25,0.15731,ok
nasa,P-3,smap,point,knn,default,,0.15664,0.18568,0.91615,0.25,0.62,nan,17.0,8493,25,0.15731,ok
nasa,P-3,smap,point,knn,tuned,"{'w': 50, 'k': 3}",0.12241,0.14039,0.74255,0.11739,1.51,1.66,0.0,8493,25,0.15731,ok
nasa,P-3,smap,point,ae,default,,0.19941,0.20443,0.93784,0.25,2.19,nan,196.0,8493,25,0.15731,ok
nasa,P-3,smap,point,ae,tuned,"{'w': 200, 'hidden': 32, 'latent': 16}",0.2527,0.25541,0.93742,0.37362,2.8,7.22,0.0,8493,25,0.15731,ok
nasa,D-3,smap,point,iforest,default,,0.43567,0.45375,0.79122,0.33365,2.1,nan,17.0,8640,25,0.37917,ok
nasa,D-3,smap,point,iforest,tuned,"{'w': 50, 'n_estimators': 200}",0.44447,0.46634,0.89993,0.41102,2.01,5.97,0.0,8640,25,0.37917,ok
nasa,D-3,smap,point,lof,default,,0.30972,0.32203,0.63785,0.20787,0.8,nan,17.0,8640,25,0.37917,ok
nasa,D-3,smap,point,lof,tuned,"{'w': 100, 'k': 30}",0.3189,0.33154,0.70501,0.24602,1.37,2.3,0.0,8640,25,0.37917,ok
nasa,D-3,smap,point,knn,default,,0.33395,0.34656,0.67745,0.23665,0.61,nan,17.0,8640,25,0.37917,ok
nasa,D-3,smap,point,knn,tuned,"{'w': 50, 'k': 5}",0.37286,0.38748,0.87221,0.37301,1.59,1.7,0.0,8640,25,0.37917,ok
nasa,D-3,smap,point,ae,default,,0.44877,0.45902,0.72613,0.27579,2.29,nan,198.1,8640,25,0.37917,ok
nasa,D-3,smap,point,ae,tuned,"{'w': 200, 'hidden': 32, 'latent': 16}",0.30069,0.30928,0.66229,0.22014,2.86,7.25,0.0,8640,25,0.37917,ok
nasa,A-2,smap,contextual,iforest,default,,0.00804,0.01269,0.66286,0.0,1.99,nan,17.0,7914,25,0.01403,ok
nasa,A-2,smap,contextual,lof,default,,0.00778,0.0121,0.65345,0.0,0.7,nan,17.0,7914,25,0.01403,ok
nasa,A-2,smap,contextual,knn,default,,0.00752,0.01201,0.80377,0.0,0.54,nan,17.0,7914,25,0.01403,ok
nasa,A-2,smap,contextual,ae,default,,0.00801,0.01285,0.68609,0.0,1.84,nan,191.9,7914,25,0.01403,ok
nasa,A-4,smap,contextual,iforest,default,,0.00879,0.01365,0.74956,0.0,1.77,nan,17.0,8080,25,0.01374,ok
nasa,A-4,smap,contextual,iforest,tuned,"{'w': 50, 'n_estimators': 200}",0.00974,0.01409,0.66485,0.0,2.1,5.83,0.0,8080,25,0.01374,ok
nasa,A-4,smap,contextual,lof,default,,0.00825,0.01284,0.64449,0.0,0.92,nan,17.0,8080,25,0.01374,ok
nasa,A-4,smap,contextual,lof,tuned,"{'w': 100, 'k': 30}",0.00816,0.01269,0.63713,0.0,1.09,2.45,0.0,8080,25,0.01374,ok
nasa,A-4,smap,contextual,knn,default,,0.0079,0.01229,0.78641,0.0,0.57,nan,17.0,8080,25,0.01374,ok
nasa,A-4,smap,contextual,knn,tuned,"{'w': 50, 'k': 5}",0.00903,0.01324,0.66928,0.0,1.34,1.48,0.0,8080,25,0.01374,ok
nasa,A-4,smap,contextual,ae,default,,0.00863,0.01439,0.70855,0.0,1.91,nan,191.2,8080,25,0.01374,ok
nasa,A-4,smap,contextual,ae,tuned,"{'w': 200, 'hidden': 32, 'latent': 16}",0.00882,0.0142,0.69446,0.0,2.7,7.21,0.0,8080,25,0.01374,ok
nasa,G-2,smap,point,iforest,default,,0.00832,0.01266,0.92976,0.00589,1.73,nan,17.0,7361,25,0.00557,ok
nasa,G-2,smap,point,lof,default,,0.02141,0.03272,0.83714,0.04827,0.63,nan,17.0,7361,25,0.00557,ok
nasa,G-2,smap,point,knn,default,,0.0194,0.0291,0.92976,0.04662,0.52,nan,17.0,7361,25,0.00557,ok
nasa,G-2,smap,point,ae,default,,0.11053,0.16089,0.66818,0.23276,1.65,nan,186.8,7361,25,0.00557,ok
nasa,D-6,smap,point,iforest,default,,0.21489,0.1798,0.78543,0.40889,1.73,nan,17.0,7884,25,0.01027,ok
nasa,D-6,smap,point,lof,default,,0.15059,0.12541,0.84196,0.29947,0.75,nan,17.0,7884,25,0.01027,ok
nasa,D-6,smap,point,knn,default,,0.08959,0.07676,0.8081,0.18867,0.54,nan,17.0,7884,25,0.01027,ok
nasa,D-6,smap,point,ae,default,,0.01157,0.01699,0.89006,0.0,1.76,nan,191.5,7884,25,0.01027,ok
nasa,F-1,smap,point,iforest,default,,0.00632,0.01001,0.44519,0.0,2.01,nan,17.0,8584,25,0.01177,ok
nasa,F-1,smap,point,iforest,tuned,"{'w': 50, 'n_estimators': 200}",0.00792,0.01124,0.46184,0.0,1.94,5.76,0.0,8584,25,0.01177,ok
nasa,F-1,smap,point,lof,default,,0.01397,0.01828,0.10764,0.0,0.77,nan,17.0,8584,25,0.01177,ok
nasa,F-1,smap,point,lof,tuned,"{'w': 100, 'k': 30}",0.0099,0.01348,0.43586,0.0,1.14,2.24,0.0,8584,25,0.01177,ok
nasa,F-1,smap,point,knn,default,,0.00757,0.01173,0.42885,0.0,0.61,nan,17.0,8584,25,0.01177,ok
nasa,F-1,smap,point,knn,tuned,"{'w': 50, 'k': 3}",0.00795,0.01112,0.46004,0.0033,1.8,1.59,0.0,8584,25,0.01177,ok
nasa,F-1,smap,point,ae,default,,0.00833,0.01241,0.43493,0.0,2.26,nan,196.9,8584,25,0.01177,ok
nasa,F-1,smap,point,ae,tuned,"{'w': 200, 'hidden': 32, 'latent': 16}",0.00846,0.01283,0.43059,0.0,3.51,7.85,0.0,8584,25,0.01177,ok
nasa,G-3,smap,point,iforest,default,,0.0115,0.01641,0.8089,0.03418,1.77,nan,17.0,7907,25,0.00645,ok
nasa,G-3,smap,point,lof,default,,0.01385,0.01952,0.80941,0.04146,0.67,nan,17.0,7907,25,0.00645,ok
nasa,G-3,smap,point,knn,default,,0.01194,0.01697,0.80941,0.03532,0.61,nan,17.0,7907,25,0.00645,ok
nasa,G-3,smap,point,ae,default,,0.00741,0.01117,0.70069,0.00219,1.84,nan,191.8,7907,25,0.00645,ok
nasa,T-2,smap,point,iforest,default,,0.13118,0.13793,0.64562,0.06507,1.87,nan,17.0,8625,25,0.20696,ok
nasa,T-2,smap,point,iforest,tuned,"{'w': 100, 'n_estimators': 100}",0.12918,0.13544,0.63751,0.06254,1.76,6.42,0.0,8625,25,0.20696,ok
nasa,T-2,smap,point,lof,default,,0.17367,0.18829,0.65895,0.15683,0.97,nan,17.0,8625,25,0.20696,ok
nasa,T-2,smap,point,lof,tuned,"{'w': 50, 'k': 30}",0.1178,0.12337,0.54085,0.03008,1.82,2.44,0.0,8625,25,0.20696,ok
nasa,T-2,smap,point,knn,default,,0.12412,0.12987,0.62151,0.05194,0.6,nan,17.0,8625,25,0.20696,ok
nasa,T-2,smap,point,knn,tuned,"{'w': 50, 'k': 3}",0.12033,0.12584,0.58381,0.03939,1.54,1.68,0.0,8625,25,0.20696,ok
nasa,T-2,smap,point,ae,default,,0.54663,0.56352,0.86681,0.83887,2.14,nan,198.0,8625,25,0.20696,ok
nasa,T-2,smap,point,ae,tuned,"{'w': 50, 'hidden': 32, 'latent': 16}",0.22403,0.23434,0.65777,0.20123,3.28,7.6,0.0,8625,25,0.20696,ok
nasa,D-9,smap,point,iforest,default,,0.15065,0.159,0.31026,0.06804,1.63,nan,17.0,7406,25,0.15609,ok
nasa,D-9,smap,point,lof,default,,0.8914,0.86019,0.99742,1.0,0.66,nan,17.0,7406,25,0.15609,ok
nasa,D-9,smap,point,knn,default,,0.89119,0.85992,0.99742,1.0,0.56,nan,17.0,7406,25,0.15609,ok
nasa,D-9,smap,point,ae,default,,0.90643,0.8766,0.9987,1.0,1.76,nan,187.1,7406,25,0.15609,ok
nasa,G-4,smap,point,iforest,default,,0.00287,0.00452,0.60386,0.0,1.87,nan,17.0,7632,25,0.00406,ok
nasa,G-4,smap,point,lof,default,,0.13189,0.22388,0.83582,0.32804,0.7,nan,17.0,7632,25,0.00406,ok
nasa,G-4,smap,point,knn,default,,0.13157,0.22182,0.78051,0.32804,0.53,nan,17.0,7632,25,0.00406,ok
nasa,G-4,smap,point,ae,default,,0.99406,0.86003,0.99922,0.87838,2.38,nan,189.1,7632,25,0.00406,ok
nasa,D-11,smap,point,iforest,default,,0.00857,0.01267,0.70211,0.0,1.61,nan,17.0,7431,25,0.00821,ok
nasa,D-11,smap,point,lof,default,,0.06,0.10192,0.36319,0.19396,0.69,nan,17.0,7431,25,0.00821,ok
nasa,D-11,smap,point,knn,default,,0.0602,0.10156,0.36672,0.19396,0.54,nan,17.0,7431,25,0.00821,ok
nasa,D-11,smap,point,ae,default,,0.0592,0.10191,0.3575,0.19427,1.7,nan,187.1,7431,25,0.00821,ok
nasa,B-1,smap,point,iforest,default,,0.00893,0.01334,0.0455,0.0,1.67,nan,17.0,8044,25,0.00883,ok
nasa,B-1,smap,point,lof,default,,0.01232,0.023,0.0,0.0,0.65,nan,17.0,8044,25,0.00883,ok
nasa,B-1,smap,point,knn,default,,0.01232,0.02299,0.0,0.0,0.53,nan,17.0,8044,25,0.00883,ok
nasa,B-1,smap,point,ae,default,,0.01216,0.02352,0.0,0.0,1.69,nan,193.1,8044,25,0.00883,ok
nasa,G-7,smap,mixed,iforest,default,,0.98006,0.9575,0.9981,0.98318,1.73,nan,17.0,8029,25,0.03338,ok
nasa,G-7,smap,mixed,lof,default,,0.04258,0.07477,0.70794,0.13333,0.69,nan,17.0,8029,25,0.03338,ok
nasa,G-7,smap,mixed,knn,default,,0.19716,0.25863,0.85641,0.46904,0.52,nan,17.0,8029,25,0.03338,ok
nasa,G-7,smap,mixed,ae,default,,0.16834,0.237,0.86133,0.42821,1.92,nan,193.1,8029,25,0.03338,ok
nasa,R-1,smap,point,iforest,default,,0.01118,0.01677,0.08786,0.0,1.67,nan,17.0,7244,25,0.01118,ok
nasa,R-1,smap,point,iforest,tuned,"{'w': 400, 'n_estimators': 100}",0.01118,0.01677,0.19009,0.0,2.11,5.01,0.0,7244,25,0.01118,ok
nasa,R-1,smap,point,lof,default,,0.07952,0.12348,0.45727,0.24143,0.67,nan,17.0,7244,25,0.01118,ok
nasa,R-1,smap,point,lof,tuned,"{'w': 100, 'k': 50}",0.07952,0.12348,0.45727,0.24143,0.76,2.23,0.0,7244,25,0.01118,ok
nasa,R-1,smap,point,knn,default,,0.07969,0.12386,0.45717,0.24143,0.49,nan,17.0,7244,25,0.01118,ok
nasa,R-1,smap,point,knn,tuned,"{'w': 100, 'k': 3}",0.07996,0.12298,0.45705,0.24143,0.67,1.82,0.0,7244,25,0.01118,ok
nasa,R-1,smap,point,ae,default,,0.28254,0.33223,0.63437,0.53333,2.21,nan,183.6,7244,25,0.01118,ok
nasa,R-1,smap,point,ae,tuned,"{'w': 100, 'hidden': 32, 'latent': 8}",0.28239,0.33226,0.63437,0.53333,1.95,7.37,0.0,7244,25,0.01118,ok
nasa,A-6,smap,point,iforest,default,,0.00751,0.01311,0.9653,0.0,1.31,nan,17.0,4453,25,0.00921,ok
nasa,A-6,smap,point,lof,default,,0.96858,0.90097,0.99943,0.97093,0.21,nan,17.0,4453,25,0.00921,ok
nasa,A-6,smap,point,knn,default,,0.99041,0.91986,0.99973,0.97727,0.16,nan,17.0,4453,25,0.00921,ok
nasa,A-6,smap,point,ae,default,,0.99882,0.94594,0.99987,0.98034,0.83,nan,153.3,4453,25,0.00921,ok
nasa,D-13,smap,point,iforest,default,,0.02101,0.03152,0.24181,0.0,1.45,nan,17.0,7663,25,0.02101,ok
nasa,D-13,smap,point,lof,default,,0.02808,0.04351,0.0,0.0,0.49,nan,17.0,7663,25,0.02101,ok
nasa,D-13,smap,point,knn,default,,0.02808,0.04352,0.0,0.0,0.38,nan,17.0,7663,25,0.02101,ok
nasa,D-13,smap,point,ae,default,,0.02826,0.04388,0.0,0.0,1.59,nan,184.8,7663,25,0.02101,ok
nasa,A-8,smap,contextual,iforest,default,,0.3613,0.36974,0.62662,0.14373,1.69,nan,17.0,8375,25,0.45445,ok
nasa,A-8,smap,contextual,lof,default,,0.27603,0.28313,0.34986,0.05675,0.37,nan,17.0,8375,25,0.45445,ok
nasa,A-8,smap,contextual,knn,default,,0.27603,0.28313,0.34986,0.05675,0.29,nan,17.0,8375,25,0.45445,ok
nasa,A-8,smap,contextual,ae,default,,0.53694,0.54152,0.67484,0.32948,1.34,nan,191.9,8375,25,0.45445,ok
nasa,F-3,smap,contextual,iforest,default,,0.02377,0.03308,0.53234,0.06338,1.8,nan,17.0,8376,25,0.00489,ok
nasa,F-3,smap,contextual,iforest,tuned,"{'w': 50, 'n_estimators': 100}",0.2365,0.15824,0.64211,0.36922,1.36,6.64,0.0,8376,25,0.00489,ok
nasa,F-3,smap,contextual,lof,default,,0.88789,0.75463,0.99902,0.80649,0.85,nan,17.0,8376,25,0.00489,ok
nasa,F-3,smap,contextual,lof,tuned,"{'w': 200, 'k': 10}",0.19995,0.28808,0.99348,0.38715,0.89,2.24,0.0,8376,25,0.00489,ok
nasa,F-3,smap,contextual,knn,default,,0.89694,0.70525,0.99902,0.87195,0.59,nan,17.0,8376,25,0.00489,ok
nasa,F-3,smap,contextual,knn,tuned,"{'w': 50, 'k': 3}",0.99827,0.82538,0.99901,0.94886,1.4,1.59,0.0,8376,25,0.00489,ok
nasa,F-3,smap,contextual,ae,default,,1.0,0.86827,0.99901,0.94886,2.11,nan,194.9,8376,25,0.00489,ok
nasa,F-3,smap,contextual,ae,tuned,"{'w': 50, 'hidden': 32, 'latent': 16}",0.99942,0.89553,0.99901,0.94886,3.29,7.44,0.0,8376,25,0.00489,ok
nasa,M-1,msl,contextual,iforest,default,,0.32604,0.35585,0.41559,0.00224,1.29,nan,17.0,2277,55,0.5011,ok
nasa,M-1,msl,contextual,lof,default,,0.75535,0.77062,0.90827,0.47852,0.52,nan,17.0,2277,55,0.5011,ok
nasa,M-1,msl,contextual,knn,default,,0.75453,0.77931,0.93887,0.48293,0.31,nan,17.0,2277,55,0.5011,ok
nasa,M-1,msl,contextual,ae,default,,0.54739,0.56422,0.88349,0.4313,1.16,nan,187.1,2277,55,0.5011,ok
nasa,S-2,msl,point,iforest,default,,0.00857,0.01279,0.81144,0.0,1.15,nan,17.0,1827,55,0.00602,ok
nasa,S-2,msl,point,lof,default,,0.94129,0.83761,0.99898,0.93182,0.22,nan,17.0,1827,55,0.00602,ok
nasa,S-2,msl,point,knn,default,,0.98052,0.91455,0.99898,0.93182,0.15,nan,17.0,1827,55,0.00602,ok
nasa,S-2,msl,point,ae,default,,1.0,0.91785,0.9987,1.0,0.76,nan,152.0,1827,55,0.00602,ok
nasa,T-4,msl,point,iforest,default,,0.01892,0.02859,0.43104,0.0,1.55,nan,17.0,2217,55,0.03112,ok
nasa,T-4,msl,point,lof,default,,0.02004,0.02986,0.36031,0.0,0.54,nan,17.0,2217,55,0.03112,ok
nasa,T-4,msl,point,knn,default,,0.01878,0.02826,0.40218,0.0,0.3,nan,17.0,2217,55,0.03112,ok
nasa,T-4,msl,point,ae,default,,0.0268,0.03958,0.6947,0.0,1.41,nan,183.0,2217,55,0.03112,ok
nasa,F-7,msl,contextual,iforest,default,,0.17232,0.23756,0.87862,0.26566,1.65,nan,17.0,5054,55,0.0837,ok
nasa,F-7,msl,contextual,lof,default,,0.04943,0.08677,0.7355,0.00514,1.02,nan,17.0,5054,55,0.0837,ok
nasa,F-7,msl,contextual,knn,default,,0.04881,0.0859,0.73519,0.00459,0.66,nan,17.0,5054,55,0.0837,ok
nasa,F-7,msl,contextual,ae,default,,0.05509,0.10688,0.74427,0.05864,1.8,nan,335.0,5054,55,0.0837,ok
nasa,M-4,msl,contextual,iforest,default,,0.25691,0.26771,0.7673,0.41403,1.25,nan,17.0,2038,55,0.12316,ok
nasa,M-4,msl,contextual,lof,default,,0.06647,0.09969,0.62788,0.0,0.47,nan,17.0,2038,55,0.12316,ok
nasa,M-4,msl,contextual,knn,default,,0.06648,0.09935,0.62977,0.0,0.26,nan,17.0,2038,55,0.12316,ok
nasa,M-4,msl,contextual,ae,default,,0.10404,0.18599,0.71688,0.02889,1.14,nan,169.2,2038,55,0.12316,ok
nasa,P-15,msl,point,iforest,default,,0.00487,0.00706,0.73641,0.0,1.41,nan,17.0,2856,55,0.00735,ok
nasa,P-15,msl,point,iforest,tuned,"{'w': 50, 'n_estimators': 200}",0.00522,0.00757,0.67706,0.0,1.48,6.52,0.0,2856,55,0.00735,ok
nasa,P-15,msl,point,lof,default,,0.00427,0.00795,0.79132,0.0,0.81,nan,17.0,2856,55,0.00735,ok
nasa,P-15,msl,point,lof,tuned,"{'w': 100, 'k': 50}",0.00427,0.00795,0.79132,0.0,1.03,4.23,0.0,2856,55,0.00735,ok
nasa,P-15,msl,point,knn,default,,0.00427,0.00795,0.84244,0.0,0.54,nan,17.0,2856,55,0.00735,ok
nasa,P-15,msl,point,knn,tuned,"{'w': 50, 'k': 3}",0.00451,0.00873,0.83471,0.0,1.23,3.5,0.0,2856,55,0.00735,ok
nasa,P-15,msl,point,ae,default,,0.00781,0.01375,0.49082,0.0,1.92,nan,234.0,2856,55,0.00735,ok
nasa,P-15,msl,point,ae,tuned,"{'w': 50, 'hidden': 32, 'latent': 16}",0.09556,0.16871,0.72934,0.27451,3.67,9.51,0.0,2856,55,0.00735,ok
nasa,C-2,msl,mixed,iforest,default,,0.08048,0.12368,0.69445,0.16875,1.13,nan,17.0,2051,55,0.0668,ok
nasa,C-2,msl,mixed,lof,default,,0.72973,0.68052,0.77125,0.65769,0.21,nan,17.0,2051,55,0.0668,ok
nasa,C-2,msl,mixed,knn,default,,0.72937,0.68035,0.77304,0.65769,0.15,nan,17.0,2051,55,0.0668,ok
nasa,C-2,msl,mixed,ae,default,,0.7351,0.68261,0.77372,0.659,0.71,nan,164.2,2051,55,0.0668,ok
nasa,T-13,msl,contextual,iforest,default,,0.14001,0.17958,0.46118,0.21391,1.25,nan,17.0,2430,55,0.1037,ok
nasa,T-13,msl,contextual,lof,default,,0.64966,0.56367,0.92931,0.78727,0.3,nan,17.0,2430,55,0.1037,ok
nasa,T-13,msl,contextual,knn,default,,0.65242,0.56258,0.92931,0.78606,0.2,nan,17.0,2430,55,0.1037,ok
nasa,T-13,msl,contextual,ae,default,,0.65599,0.61969,0.97932,0.75431,0.85,nan,192.1,2430,55,0.1037,ok
nasa,F-5,msl,point,iforest,default,,0.99293,0.81508,0.99986,1.0,1.49,nan,17.0,3922,55,0.0385,ok
nasa,F-5,msl,point,lof,default,,0.03759,0.05959,0.6243,0.03862,0.84,nan,17.0,3922,55,0.0385,ok
nasa,F-5,msl,point,knn,default,,0.04048,0.06154,0.62487,0.04087,0.6,nan,17.0,3922,55,0.0385,ok
nasa,F-5,msl,point,ae,default,,0.02824,0.04644,0.53119,0.00043,1.61,nan,298.8,3922,55,0.0385,ok
nasa,T-9,msl,point,iforest,default,,0.06352,0.09354,0.3089,0.0,1.24,nan,17.0,1096,55,0.10219,ok
nasa,T-9,msl,point,lof,default,,0.84927,0.84731,0.90003,0.66667,0.11,nan,17.0,1096,55,0.10219,ok
nasa,T-9,msl,point,knn,default,,0.84733,0.84449,0.89837,0.66667,0.09,nan,17.0,1096,55,0.10219,ok
nasa,T-9,msl,point,ae,default,,0.47769,0.63303,0.96849,0.76896,0.73,nan,98.2,1096,55,0.10219,ok
nasa,T-8,msl,contextual,iforest,default,,0.32923,0.46961,0.86118,0.54157,1.22,nan,17.0,1519,55,0.06715,ok
nasa,T-8,msl,contextual,lof,default,,0.77315,0.80939,0.98759,0.82667,0.26,nan,17.0,1519,55,0.06715,ok
nasa,T-8,msl,contextual,knn,default,,0.7806,0.80835,0.98686,0.83188,0.11,nan,17.0,1519,55,0.06715,ok
nasa,T-8,msl,contextual,ae,default,,0.07482,0.10762,0.50722,0.09029,0.65,nan,128.9,1519,55,0.06715,ok
nasa,D-15,msl,point,iforest,default,,0.56367,0.58385,0.86262,0.58015,1.59,nan,17.0,2158,55,0.29703,ok
nasa,D-15,msl,point,lof,default,,0.51694,0.54347,0.83752,0.56849,0.47,nan,17.0,2158,55,0.29703,ok
nasa,D-15,msl,point,knn,default,,0.52803,0.55454,0.84384,0.56991,0.28,nan,17.0,2158,55,0.29703,ok
nasa,D-15,msl,point,ae,default,,0.46674,0.50269,0.89527,0.47887,1.18,nan,179.6,2158,55,0.29703,ok
nasa,M-7,msl,point,iforest,default,,0.98766,0.95906,0.99885,0.99716,1.27,nan,17.0,2156,55,0.04685,ok
nasa,M-7,msl,point,lof,default,,0.98157,0.95547,0.99877,0.99432,0.4,nan,17.0,2156,55,0.04685,ok
nasa,M-7,msl,point,knn,default,,0.98157,0.95544,0.99877,0.99432,0.23,nan,17.0,2156,55,0.04685,ok
nasa,M-7,msl,point,ae,default,,0.03322,0.04837,0.50708,0.0,1.08,nan,176.1,2156,55,0.04685,ok
psm,psm,server_app,,iforest,default,,0.49659,0.55219,0.59379,0.46301,5.29,nan,17.0,40000,25,0.27318,ok
psm,psm,server_app,,iforest,tuned,"{'w': 200, 'n_estimators': 100}",0.51368,0.5806,0.60829,0.49001,7.64,17.57,0.0,40000,25,0.27318,ok
psm,psm,server_app,,lof,default,,0.43123,0.51752,0.61314,0.44537,34.67,nan,17.0,40000,25,0.27318,ok
psm,psm,server_app,,lof,tuned,"{'w': 100, 'k': 50}",0.43123,0.51752,0.61314,0.44537,36.78,80.42,0.0,40000,25,0.27318,ok
psm,psm,server_app,,knn,default,,0.47405,0.55927,0.64108,0.5318,24.61,nan,17.0,40000,25,0.27318,ok
psm,psm,server_app,,knn,tuned,"{'w': 100, 'k': 5}",0.47405,0.55927,0.64108,0.5318,25.74,39.23,0.0,40000,25,0.27318,ok
psm,psm,server_app,,ae,default,,0.54245,0.68148,0.76738,0.66314,19.77,nan,585.4,40000,25,0.27318,ok
psm,psm,server_app,,ae,tuned,"{'w': 100, 'hidden': 32, 'latent': 16}",0.49767,0.64751,0.80043,0.68538,28.07,86.71,0.0,40000,25,0.27318,ok
smd,machine-1-2,server,,iforest,default,,0.50451,0.55622,0.91736,0.57812,5.61,nan,17.0,23694,38,0.02287,ok
smd,machine-1-2,server,,iforest,tuned,"{'w': 100, 'n_estimators': 200}",0.50451,0.55622,0.91736,0.57812,6.69,18.95,0.0,23694,38,0.02287,ok
smd,machine-1-2,server,,lof,default,,0.01252,0.02089,0.60261,0.01493,27.44,nan,17.0,23694,38,0.02287,ok
smd,machine-1-2,server,,lof,tuned,"{'w': 50, 'k': 50}",0.01324,0.02119,0.59981,0.00352,72.02,75.73,0.0,23694,38,0.02287,ok
smd,machine-1-2,server,,knn,default,,0.39978,0.42904,0.80624,0.50059,17.37,nan,17.0,23694,38,0.02287,ok
smd,machine-1-2,server,,knn,tuned,"{'w': 50, 'k': 3}",0.45384,0.44491,0.81546,0.51286,51.54,36.93,0.0,23694,38,0.02287,ok
smd,machine-1-2,server,,ae,default,,0.27156,0.35514,0.84934,0.39851,12.14,nan,583.2,23694,38,0.02287,ok
smd,machine-1-2,server,,ae,tuned,"{'w': 50, 'hidden': 64, 'latent': 8}",0.37764,0.44049,0.87336,0.49743,20.7,54.69,0.0,23694,38,0.02287,ok
smd,machine-1-4,server,,iforest,default,,0.22145,0.25537,0.75352,0.29924,4.11,nan,17.0,23707,38,0.03037,ok
smd,machine-1-4,server,,iforest,tuned,"{'w': 100, 'n_estimators': 200}",0.22145,0.25537,0.75352,0.29924,5.05,15.44,0.0,23707,38,0.03037,ok
smd,machine-1-4,server,,lof,default,,0.16499,0.1944,0.66806,0.29783,26.1,nan,17.0,23707,38,0.03037,ok
smd,machine-1-4,server,,lof,tuned,"{'w': 50, 'k': 30}",0.19418,0.22062,0.67414,0.34782,76.74,69.24,0.0,23707,38,0.03037,ok
smd,machine-1-4,server,,knn,default,,0.22779,0.25525,0.73591,0.25897,18.24,nan,17.0,23707,38,0.03037,ok
smd,machine-1-4,server,,knn,tuned,"{'w': 50, 'k': 3}",0.2568,0.27106,0.78022,0.33082,51.7,33.89,0.0,23707,38,0.03037,ok
smd,machine-1-4,server,,ae,default,,0.27416,0.34443,0.87837,0.4193,12.4,nan,583.2,23707,38,0.03037,ok
smd,machine-1-4,server,,ae,tuned,"{'w': 50, 'hidden': 64, 'latent': 8}",0.29774,0.38006,0.89685,0.45452,22.76,56.81,0.0,23707,38,0.03037,ok
smd,machine-1-6,server,,iforest,default,,0.61801,0.57869,0.37075,0.26736,3.85,nan,17.0,23689,38,0.15653,ok
smd,machine-1-6,server,,iforest,tuned,"{'w': 100, 'n_estimators': 100}",0.64798,0.59982,0.36415,0.24898,3.93,15.07,0.0,23689,38,0.15653,ok
smd,machine-1-6,server,,lof,default,,0.16736,0.28383,0.49717,0.14566,26.03,nan,17.0,23689,38,0.15653,ok
smd,machine-1-6,server,,lof,tuned,"{'w': 50, 'k': 30}",0.24935,0.33435,0.5698,0.34615,76.58,68.62,0.0,23689,38,0.15653,ok
smd,machine-1-6,server,,knn,default,,0.16855,0.30015,0.54389,0.19922,18.29,nan,17.0,23689,38,0.15653,ok
smd,machine-1-6,server,,knn,tuned,"{'w': 50, 'k': 3}",0.22718,0.3754,0.79783,0.34115,51.74,33.07,0.0,23689,38,0.15653,ok
smd,machine-1-6,server,,ae,default,,0.52261,0.59777,0.67193,0.55786,12.37,nan,582.8,23689,38,0.15653,ok
smd,machine-1-6,server,,ae,tuned,"{'w': 50, 'hidden': 32, 'latent': 16}",0.62478,0.67468,0.71203,0.63337,22.66,57.28,0.0,23689,38,0.15653,ok
smd,machine-1-8,server,,iforest,default,,0.06385,0.08714,0.6629,0.13638,3.97,nan,17.0,23699,38,0.0322,ok
smd,machine-1-8,server,,iforest,tuned,"{'w': 400, 'n_estimators': 100}",0.06865,0.08813,0.40565,0.09515,10.68,14.69,0.0,23699,38,0.0322,ok
smd,machine-1-8,server,,lof,default,,0.02366,0.05137,0.61401,0.08696,27.07,nan,17.0,23699,38,0.0322,ok
smd,machine-1-8,server,,lof,tuned,"{'w': 50, 'k': 30}",0.02109,0.03425,0.61611,0.02,76.52,70.29,0.0,23699,38,0.0322,ok
smd,machine-1-8,server,,knn,default,,0.22913,0.24552,0.56299,0.26936,18.25,nan,17.0,23699,38,0.0322,ok
smd,machine-1-8,server,,knn,tuned,"{'w': 50, 'k': 3}",0.27987,0.28588,0.57715,0.2951,48.3,35.53,0.0,23699,38,0.0322,ok
smd,machine-1-8,server,,ae,default,,0.25579,0.2884,0.84387,0.2867,11.76,nan,583.2,23699,38,0.0322,ok
smd,machine-1-8,server,,ae,tuned,"{'w': 100, 'hidden': 32, 'latent': 8}",0.2479,0.27704,0.84182,0.28696,12.84,56.93,0.0,23699,38,0.0322,ok
smd,machine-2-2,server,,iforest,default,,0.25509,0.35247,0.78622,0.40601,4.27,nan,17.0,23700,38,0.11954,ok
smd,machine-2-2,server,,iforest,tuned,"{'w': 100, 'n_estimators': 200}",0.25509,0.35247,0.78622,0.40601,5.37,15.47,0.0,23700,38,0.11954,ok
smd,machine-2-2,server,,lof,default,,0.06944,0.09929,0.4299,0.16393,24.32,nan,17.0,23700,38,0.11954,ok
smd,machine-2-2,server,,lof,tuned,"{'w': 400, 'k': 10}",0.66386,0.75126,0.78421,0.60244,9.94,68.82,0.0,23700,38,0.11954,ok
smd,machine-2-2,server,,knn,default,,0.45309,0.62908,0.92555,0.63373,20.22,nan,17.0,23700,38,0.11954,ok
smd,machine-2-2,server,,knn,tuned,"{'w': 100, 'k': 5}",0.45309,0.62908,0.92555,0.63373,19.55,40.13,0.0,23700,38,0.11954,ok
smd,machine-2-2,server,,ae,default,,0.35198,0.46313,0.77221,0.52465,14.68,nan,583.2,23700,38,0.11954,ok
smd,machine-2-2,server,,ae,tuned,"{'w': 50, 'hidden': 64, 'latent': 8}",0.33015,0.496,0.88291,0.57414,22.48,69.77,0.0,23700,38,0.11954,ok
smd,machine-2-4,server,,iforest,default,,0.43685,0.38421,0.59151,0.32029,4.14,nan,17.0,23689,38,0.07151,ok
smd,machine-2-4,server,,iforest,tuned,"{'w': 400, 'n_estimators': 200}",0.48585,0.42982,0.5235,0.26283,10.27,14.9,0.0,23689,38,0.07151,ok
smd,machine-2-4,server,,lof,default,,0.22113,0.4566,0.90374,0.4496,17.78,nan,17.0,23689,38,0.07151,ok
smd,machine-2-4,server,,lof,tuned,"{'w': 100, 'k': 30}",0.26068,0.4791,0.90605,0.45874,26.06,55.37,0.0,23689,38,0.07151,ok
smd,machine-2-4,server,,knn,default,,0.31885,0.55111,0.91106,0.5023,20.07,nan,17.0,23689,38,0.07151,ok
smd,machine-2-4,server,,knn,tuned,"{'w': 50, 'k': 3}",0.42819,0.65667,0.92762,0.64046,52.81,37.35,0.0,23689,38,0.07151,ok
smd,machine-2-4,server,,ae,default,,0.43924,0.46966,0.74089,0.36332,15.71,nan,582.8,23689,38,0.07151,ok
smd,machine-2-4,server,,ae,tuned,"{'w': 100, 'hidden': 32, 'latent': 8}",0.44119,0.46286,0.67754,0.37658,13.14,72.83,0.0,23689,38,0.07151,ok
smd,machine-2-6,server,,iforest,default,,0.22318,0.15703,0.78771,0.25362,4.93,nan,17.0,28743,38,0.01475,ok
smd,machine-2-6,server,,iforest,tuned,"{'w': 200, 'n_estimators': 100}",0.06631,0.09174,0.76023,0.19734,6.26,17.79,0.0,28743,38,0.01475,ok
smd,machine-2-6,server,,lof,default,,0.05971,0.08231,0.67226,0.1574,26.27,nan,17.0,28743,38,0.01475,ok
smd,machine-2-6,server,,lof,tuned,"{'w': 400, 'k': 50}",0.30285,0.26444,0.75653,0.2318,13.57,61.56,0.0,28743,38,0.01475,ok
smd,machine-2-6,server,,knn,default,,0.47774,0.45561,0.76862,0.47118,23.7,nan,17.0,28743,38,0.01475,ok
smd,machine-2-6,server,,knn,tuned,"{'w': 50, 'k': 3}",0.41613,0.38333,0.76787,0.46402,75.26,48.03,0.0,28743,38,0.01475,ok
smd,machine-2-6,server,,ae,default,,0.56318,0.55427,0.82787,0.5282,18.74,nan,676.5,28743,38,0.01475,ok
smd,machine-2-6,server,,ae,tuned,"{'w': 50, 'hidden': 64, 'latent': 8}",0.40556,0.40259,0.79587,0.43609,26.6,80.2,0.0,28743,38,0.01475,ok
smd,machine-2-8,server,,iforest,default,,0.82439,0.58138,0.99854,0.85109,4.34,nan,17.0,23703,38,0.00679,ok
smd,machine-2-8,server,,iforest,tuned,"{'w': 100, 'n_estimators': 200}",0.82439,0.58138,0.99854,0.85109,4.57,14.41,0.0,23703,38,0.00679,ok
smd,machine-2-8,server,,lof,default,,0.99472,0.87142,0.999,1.0,17.96,nan,17.0,23703,38,0.00679,ok
smd,machine-2-8,server,,lof,tuned,"{'w': 200, 'k': 10}",0.96712,0.91075,0.9989,0.92929,15.66,55.8,0.0,23703,38,0.00679,ok
smd,machine-2-8,server,,knn,default,,0.9361,0.87295,0.99889,0.91266,18.65,nan,17.0,23703,38,0.00679,ok
smd,machine-2-8,server,,knn,tuned,"{'w': 100, 'k': 3}",0.9361,0.87309,0.99889,0.91266,21.83,37.36,0.0,23703,38,0.00679,ok
smd,machine-2-8,server,,ae,default,,0.82086,0.80992,0.99828,0.86342,17.78,nan,583.2,23703,38,0.00679,ok
smd,machine-2-8,server,,ae,tuned,"{'w': 100, 'hidden': 32, 'latent': 8}",0.82086,0.80989,0.99828,0.86342,15.07,79.46,0.0,23703,38,0.00679,ok
smd,machine-3-1,server,,iforest,default,,0.37893,0.27975,0.4912,0.37365,4.73,nan,17.0,28700,38,0.01073,ok
smd,machine-3-1,server,,iforest,tuned,"{'w': 200, 'n_estimators': 100}",0.3309,0.24696,0.47853,0.35421,6.04,17.7,0.0,28700,38,0.01073,ok
smd,machine-3-1,server,,lof,default,,0.69394,0.61676,0.70949,0.56748,26.54,nan,17.0,28700,38,0.01073,ok
smd,machine-3-1,server,,lof,tuned,"{'w': 100, 'k': 30}",0.68507,0.60467,0.75075,0.56762,27.21,72.59,0.0,28700,38,0.01073,ok
smd,machine-3-1,server,,knn,default,,0.77289,0.66116,0.84183,0.61452,27.31,nan,17.0,28700,38,0.01073,ok
smd,machine-3-1,server,,knn,tuned,"{'w': 100, 'k': 1}",0.77367,0.67027,0.83711,0.61452,27.26,54.59,0.0,28700,38,0.01073,ok
smd,machine-3-1,server,,ae,default,,0.695,0.68767,0.93154,0.57252,20.56,nan,673.9,28700,38,0.01073,ok
smd,machine-3-1,server,,ae,tuned,"{'w': 200, 'hidden': 64, 'latent': 16}",0.58304,0.55099,0.84826,0.42641,19.5,110.01,0.0,28700,38,0.01073,ok
smd,machine-3-11,server,,iforest,default,,0.022,0.02529,0.65598,0.06609,7.35,nan,17.0,28696,38,0.0069,ok
smd,machine-3-11,server,,iforest,tuned,"{'w': 200, 'n_estimators': 200}",0.01301,0.01721,0.63764,0.03351,9.95,26.57,0.0,28696,38,0.0069,ok
smd,machine-3-11,server,,lof,default,,0.76095,0.74214,0.99244,0.68521,26.64,nan,17.0,28696,38,0.0069,ok
smd,machine-3-11,server,,lof,tuned,"{'w': 50, 'k': 10}",0.35182,0.50855,0.92727,0.5486,67.04,73.35,0.0,28696,38,0.0069,ok
smd,machine-3-11,server,,knn,default,,0.28999,0.18579,0.89748,0.32486,17.66,nan,17.0,28696,38,0.0069,ok
smd,machine-3-11,server,,knn,tuned,"{'w': 100, 'k': 1}",0.28992,0.18635,0.89748,0.32486,28.19,49.26,0.0,28696,38,0.0069,ok
smd,machine-3-11,server,,ae,default,,0.77095,0.71312,0.99347,0.69993,19.73,nan,673.9,28696,38,0.0069,ok
smd,machine-3-11,server,,ae,tuned,"{'w': 100, 'hidden': 32, 'latent': 8}",0.7711,0.71304,0.99347,0.69993,17.86,110.15,0.0,28696,38,0.0069,ok
smd,machine-3-3,server,,iforest,default,,0.07785,0.08053,0.62946,0.11342,4.15,nan,17.0,23703,38,0.02666,ok
smd,machine-3-3,server,,iforest,tuned,"{'w': 400, 'n_estimators': 100}",0.06288,0.07287,0.45754,0.13611,8.52,14.76,0.0,23703,38,0.02666,ok
smd,machine-3-3,server,,lof,default,,0.04774,0.12278,0.84834,0.14021,17.75,nan,17.0,23703,38,0.02666,ok
smd,machine-3-3,server,,lof,tuned,"{'w': 50, 'k': 30}",0.04814,0.132,0.84686,0.15137,48.6,47.07,0.0,23703,38,0.02666,ok
smd,machine-3-3,server,,knn,default,,0.05596,0.13015,0.84853,0.18246,20.41,nan,17.0,23703,38,0.02666,ok
smd,machine-3-3,server,,knn,tuned,"{'w': 50, 'k': 3}",0.06023,0.15731,0.85708,0.16386,48.59,34.38,0.0,23703,38,0.02666,ok
smd,machine-3-3,server,,ae,default,,0.0733,0.12249,0.8144,0.20289,16.42,nan,583.2,23703,38,0.02666,ok
smd,machine-3-3,server,,ae,tuned,"{'w': 50, 'hidden': 64, 'latent': 8}",0.11127,0.19142,0.85503,0.23629,23.19,67.82,0.0,23703,38,0.02666,ok
smd,machine-3-5,server,,iforest,default,,0.19282,0.11223,0.54027,0.1405,4.27,nan,17.0,23691,38,0.01798,ok
smd,machine-3-5,server,,iforest,tuned,"{'w': 400, 'n_estimators': 200}",0.02508,0.03506,0.47948,0.05545,9.68,15.21,0.0,23691,38,0.01798,ok
smd,machine-3-5,server,,lof,default,,0.39436,0.33901,0.8074,0.2685,17.46,nan,17.0,23691,38,0.01798,ok
smd,machine-3-5,server,,lof,tuned,"{'w': 50, 'k': 30}",0.2161,0.16379,0.7137,0.22131,81.06,76.79,0.0,23691,38,0.01798,ok
smd,machine-3-5,server,,knn,default,,0.20743,0.23651,0.77785,0.26778,19.44,nan,0.0,23691,38,0.01798,ok
smd,machine-3-5,server,,knn,tuned,"{'w': 100, 'k': 3}",0.20796,0.23781,0.77729,0.26778,22.34,37.16,0.0,23691,38,0.01798,ok
smd,machine-3-5,server,,ae,default,,0.47261,0.40265,0.69961,0.29726,28.43,nan,582.8,23691,38,0.01798,ok
smd,machine-3-5,server,,ae,tuned,"{'w': 50, 'hidden': 32, 'latent': 16}",0.46379,0.39918,0.71313,0.34738,22.33,56.72,0.0,23691,38,0.01798,ok
smd,machine-3-7,server,,iforest,default,,0.38657,0.26909,0.75328,0.27359,4.79,nan,17.0,28705,38,0.01512,ok
smd,machine-3-7,server,,iforest,tuned,"{'w': 200, 'n_estimators': 100}",0.47037,0.34928,0.69157,0.3125,6.64,17.19,0.0,28705,38,0.01512,ok
smd,machine-3-7,server,,lof,default,,0.3633,0.26883,0.73694,0.39628,29.06,nan,17.0,28705,38,0.01512,ok
smd,machine-3-7,server,,lof,tuned,"{'w': 100, 'k': 10}",0.70096,0.70486,0.94827,0.6441,44.38,115.64,0.0,28705,38,0.01512,ok
smd,machine-3-7,server,,knn,default,,0.72264,0.73876,0.99388,0.75219,30.86,nan,17.0,28705,38,0.01512,ok
smd,machine-3-7,server,,knn,tuned,"{'w': 100, 'k': 1}",0.7197,0.73306,0.99377,0.72713,28.77,63.64,0.0,28705,38,0.01512,ok
smd,machine-3-7,server,,ae,default,,0.70016,0.61522,0.93512,0.46119,21.3,nan,673.9,28705,38,0.01512,ok
smd,machine-3-7,server,,ae,tuned,"{'w': 100, 'hidden': 32, 'latent': 8}",0.69954,0.6133,0.93497,0.46119,15.11,106.01,0.0,28705,38,0.01512,ok
smd,machine-3-9,server,,iforest,default,,0.33311,0.25826,0.46855,0.36862,4.67,nan,17.0,28713,38,0.01055,ok
smd,machine-3-9,server,,iforest,tuned,"{'w': 200, 'n_estimators': 100}",0.30772,0.2254,0.473,0.36551,6.4,17.46,0.0,28713,38,0.01055,ok
smd,machine-3-9,server,,lof,default,,0.43819,0.32813,0.71121,0.3701,29.22,nan,17.0,28713,38,0.01055,ok
smd,machine-3-9,server,,lof,tuned,"{'w': 100, 'k': 50}",0.43819,0.32813,0.71121,0.3701,31.87,79.46,0.0,28713,38,0.01055,ok
smd,machine-3-9,server,,knn,default,,0.42743,0.31276,0.72284,0.36164,31.34,nan,17.0,28713,38,0.01055,ok
smd,machine-3-9,server,,knn,tuned,"{'w': 100, 'k': 5}",0.42743,0.31276,0.72284,0.36164,29.55,57.31,0.0,28713,38,0.01055,ok
smd,machine-3-9,server,,ae,default,,0.65729,0.64286,0.9014,0.56473,22.58,nan,674.1,28713,38,0.01055,ok
smd,machine-3-9,server,,ae,tuned,"{'w': 200, 'hidden': 64, 'latent': 16}",0.54198,0.50366,0.84837,0.43321,15.86,102.85,0.0,28713,38,0.01055,ok
ucr,002_UCR_Anomaly_DISTORTED2sddb40_35000_56600_56900,DISTORTED2sddb40,,iforest,default,,0.00348,0.00611,0.62515,0.00039,3.56,nan,17.0,45001,1,0.00669,ok
ucr,002_UCR_Anomaly_DISTORTED2sddb40_35000_56600_56900,DISTORTED2sddb40,,iforest,tuned,"{'w': 100, 'n_estimators': 200}",0.00348,0.00611,0.62515,0.00039,5.34,11.85,0.0,45001,1,0.00669,ok
ucr,002_UCR_Anomaly_DISTORTED2sddb40_35000_56600_56900,DISTORTED2sddb40,,lof,default,,0.01395,0.01804,0.64535,0.0265,3.01,nan,17.0,45001,1,0.00669,ok
ucr,002_UCR_Anomaly_DISTORTED2sddb40_35000_56600_56900,DISTORTED2sddb40,,lof,tuned,"{'w': 200, 'k': 50}",0.01519,0.02006,0.67077,0.0504,3.16,7.91,0.0,45001,1,0.00669,ok
ucr,002_UCR_Anomaly_DISTORTED2sddb40_35000_56600_56900,DISTORTED2sddb40,,knn,default,,0.00652,0.01038,0.64946,0.01192,2.15,nan,17.0,45001,1,0.00669,ok
ucr,002_UCR_Anomaly_DISTORTED2sddb40_35000_56600_56900,DISTORTED2sddb40,,knn,tuned,"{'w': 200, 'k': 5}",0.01947,0.02588,0.66403,0.06077,2.75,5.47,0.0,45001,1,0.00669,ok
ucr,002_UCR_Anomaly_DISTORTED2sddb40_35000_56600_56900,DISTORTED2sddb40,,ae,default,,0.00547,0.00863,0.66057,0.01236,14.26,nan,43.0,45001,1,0.00669,ok
ucr,002_UCR_Anomaly_DISTORTED2sddb40_35000_56600_56900,DISTORTED2sddb40,,ae,tuned,"{'w': 200, 'hidden': 32, 'latent': 8}",0.00703,0.01047,0.67835,0.01354,11.76,69.47,0.0,45001,1,0.00669,ok
ucr,004_UCR_Anomaly_DISTORTEDBIDMC1_2500_5400_5600,DISTORTEDBIDMC1,,iforest,default,,0.63099,0.50065,0.9966,0.76811,1.47,nan,17.0,8500,1,0.02365,ok
ucr,004_UCR_Anomaly_DISTORTEDBIDMC1_2500_5400_5600,DISTORTEDBIDMC1,,lof,default,,0.87647,0.75152,0.99821,0.96439,0.23,nan,17.0,8500,1,0.02365,ok
ucr,004_UCR_Anomaly_DISTORTEDBIDMC1_2500_5400_5600,DISTORTEDBIDMC1,,knn,default,,0.87642,0.74443,0.99844,0.96867,0.15,nan,17.0,8500,1,0.02365,ok
ucr,004_UCR_Anomaly_DISTORTEDBIDMC1_2500_5400_5600,DISTORTEDBIDMC1,,ae,default,,0.86233,0.73317,0.99816,0.96493,1.33,nan,25.5,8500,1,0.02365,ok
ucr,006_UCR_Anomaly_DISTORTEDCIMIS44AirTemperature2_4000_5703_5727,DISTORTEDCIMIS44AirTemperature2,,iforest,default,,0.0132,0.02115,0.76813,0.04444,1.23,nan,17.0,4184,1,0.00598,ok
ucr,006_UCR_Anomaly_DISTORTEDCIMIS44AirTemperature2_4000_5703_5727,DISTORTEDCIMIS44AirTemperature2,,iforest,tuned,"{'w': 50, 'n_estimators': 200}",0.01746,0.02294,0.77795,0.05599,1.47,5.91,0.0,4184,1,0.00598,ok
ucr,006_UCR_Anomaly_DISTORTEDCIMIS44AirTemperature2_4000_5703_5727,DISTORTEDCIMIS44AirTemperature2,,lof,default,,0.03294,0.04788,0.83676,0.10213,0.19,nan,17.0,4184,1,0.00598,ok
ucr,006_UCR_Anomaly_DISTORTEDCIMIS44AirTemperature2_4000_5703_5727,DISTORTEDCIMIS44AirTemperature2,,lof,tuned,"{'w': 100, 'k': 50}",0.03294,0.04788,0.83676,0.10213,0.44,1.79,0.0,4184,1,0.00598,ok
ucr,006_UCR_Anomaly_DISTORTEDCIMIS44AirTemperature2_4000_5703_5727,DISTORTEDCIMIS44AirTemperature2,,knn,default,,0.65848,0.42329,0.99894,0.69062,0.09,nan,17.0,4184,1,0.00598,ok
ucr,006_UCR_Anomaly_DISTORTEDCIMIS44AirTemperature2_4000_5703_5727,DISTORTEDCIMIS44AirTemperature2,,knn,tuned,"{'w': 50, 'k': 5}",0.99704,0.88688,0.99884,1.0,0.39,1.35,0.0,4184,1,0.00598,ok
ucr,006_UCR_Anomaly_DISTORTEDCIMIS44AirTemperature2_4000_5703_5727,DISTORTEDCIMIS44AirTemperature2,,ae,default,,0.98837,0.89454,0.99884,0.98404,1.98,nan,23.9,4184,1,0.00598,ok
ucr,006_UCR_Anomaly_DISTORTEDCIMIS44AirTemperature2_4000_5703_5727,DISTORTEDCIMIS44AirTemperature2,,ae,tuned,"{'w': 100, 'hidden': 32, 'latent': 8}",0.99846,0.89952,0.99884,1.0,1.93,9.82,0.0,4184,1,0.00598,ok
ucr,008_UCR_Anomaly_DISTORTEDCIMIS44AirTemperature4_4000_5549_5597,DISTORTEDCIMIS44AirTemperature4,,iforest,default,,0.02449,0.03305,0.76604,0.06891,1.28,nan,17.0,4184,1,0.01171,ok
ucr,008_UCR_Anomaly_DISTORTEDCIMIS44AirTemperature4_4000_5549_5597,DISTORTEDCIMIS44AirTemperature4,,iforest,tuned,"{'w': 50, 'n_estimators': 200}",0.04345,0.04983,0.80461,0.11581,1.51,6.1,0.0,4184,1,0.01171,ok
ucr,008_UCR_Anomaly_DISTORTEDCIMIS44AirTemperature4_4000_5549_5597,DISTORTEDCIMIS44AirTemperature4,,lof,default,,0.0402,0.05536,0.82603,0.13084,0.19,nan,17.0,4184,1,0.01171,ok
ucr,008_UCR_Anomaly_DISTORTEDCIMIS44AirTemperature4_4000_5549_5597,DISTORTEDCIMIS44AirTemperature4,,lof,tuned,"{'w': 100, 'k': 50}",0.0402,0.05536,0.82603,0.13084,0.42,1.81,0.0,4184,1,0.01171,ok
ucr,008_UCR_Anomaly_DISTORTEDCIMIS44AirTemperature4_4000_5549_5597,DISTORTEDCIMIS44AirTemperature4,,knn,default,,0.05181,0.07104,0.84449,0.15241,0.09,nan,17.0,4184,1,0.01171,ok
ucr,008_UCR_Anomaly_DISTORTEDCIMIS44AirTemperature4_4000_5549_5597,DISTORTEDCIMIS44AirTemperature4,,knn,tuned,"{'w': 50, 'k': 5}",0.10859,0.12202,0.85682,0.25834,0.37,1.34,0.0,4184,1,0.01171,ok
ucr,008_UCR_Anomaly_DISTORTEDCIMIS44AirTemperature4_4000_5549_5597,DISTORTEDCIMIS44AirTemperature4,,ae,default,,0.29794,0.30912,0.92249,0.54978,1.67,nan,23.9,4184,1,0.01171,ok
ucr,008_UCR_Anomaly_DISTORTEDCIMIS44AirTemperature4_4000_5549_5597,DISTORTEDCIMIS44AirTemperature4,,ae,tuned,"{'w': 100, 'hidden': 32, 'latent': 8}",0.08895,0.117,0.85321,0.22967,1.91,10.18,0.0,4184,1,0.01171,ok
ucr,010_UCR_Anomaly_DISTORTEDCIMIS44AirTemperature6_4000_6006_6054,DISTORTEDCIMIS44AirTemperature6,,iforest,default,,0.02181,0.03282,0.76514,0.06811,1.26,nan,17.0,4184,1,0.01171,ok
ucr,010_UCR_Anomaly_DISTORTEDCIMIS44AirTemperature6_4000_6006_6054,DISTORTEDCIMIS44AirTemperature6,,iforest,tuned,"{'w': 50, 'n_estimators': 200}",0.01698,0.02568,0.73286,0.01857,1.49,5.93,0.0,4184,1,0.01171,ok
ucr,010_UCR_Anomaly_DISTORTEDCIMIS44AirTemperature6_4000_6006_6054,DISTORTEDCIMIS44AirTemperature6,,lof,default,,0.15253,0.20093,0.82955,0.32699,0.18,nan,17.0,4184,1,0.01171,ok
ucr,010_UCR_Anomaly_DISTORTEDCIMIS44AirTemperature6_4000_6006_6054,DISTORTEDCIMIS44AirTemperature6,,lof,tuned,"{'w': 50, 'k': 50}",0.62876,0.66531,0.9957,0.77692,0.5,1.77,0.0,4184,1,0.01171,ok
ucr,010_UCR_Anomaly_DISTORTEDCIMIS44AirTemperature6_4000_6006_6054,DISTORTEDCIMIS44AirTemperature6,,knn,default,,0.70175,0.63727,0.99566,0.80585,0.09,nan,17.0,4184,1,0.01171,ok
ucr,010_UCR_Anomaly_DISTORTEDCIMIS44AirTemperature6_4000_6006_6054,DISTORTEDCIMIS44AirTemperature6,,knn,tuned,"{'w': 50, 'k': 3}",0.70494,0.67588,0.99674,0.81001,0.37,1.31,0.0,4184,1,0.01171,ok
ucr,010_UCR_Anomaly_DISTORTEDCIMIS44AirTemperature6_4000_6006_6054,DISTORTEDCIMIS44AirTemperature6,,ae,default,,0.76835,0.82646,0.99661,0.85873,1.7,nan,23.9,4184,1,0.01171,ok
ucr,010_UCR_Anomaly_DISTORTEDCIMIS44AirTemperature6_4000_6006_6054,DISTORTEDCIMIS44AirTemperature6,,ae,tuned,"{'w': 100, 'hidden': 32, 'latent': 16}",0.7049,0.77513,0.99602,0.81586,3.01,9.91,0.0,4184,1,0.01171,ok
ucr,012_UCR_Anomaly_DISTORTEDECG2_15000_16000_16100,DISTORTEDECG2,,iforest,default,,0.0388,0.0545,0.75177,0.1009,1.84,nan,17.0,15000,1,0.00673,ok
ucr,012_UCR_Anomaly_DISTORTEDECG2_15000_16000_16100,DISTORTEDECG2,,iforest,tuned,"{'w': 100, 'n_estimators': 200}",0.0388,0.0545,0.75177,0.1009,2.98,9.79,0.0,15000,1,0.00673,ok
ucr,012_UCR_Anomaly_DISTORTEDECG2_15000_16000_16100,DISTORTEDECG2,,lof,default,,0.06308,0.07976,0.79178,0.17479,0.75,nan,17.0,15000,1,0.00673,ok
ucr,012_UCR_Anomaly_DISTORTEDECG2_15000_16000_16100,DISTORTEDECG2,,lof,tuned,"{'w': 100, 'k': 50}",0.06308,0.07976,0.79178,0.17479,1.41,4.44,0.0,15000,1,0.00673,ok
ucr,012_UCR_Anomaly_DISTORTEDECG2_15000_16000_16100,DISTORTEDECG2,,knn,default,,0.10582,0.11518,0.81197,0.23965,0.47,nan,17.0,15000,1,0.00673,ok
ucr,012_UCR_Anomaly_DISTORTEDECG2_15000_16000_16100,DISTORTEDECG2,,knn,tuned,"{'w': 100, 'k': 3}",0.14985,0.15212,0.83746,0.29289,1.0,2.55,0.0,15000,1,0.00673,ok
ucr,012_UCR_Anomaly_DISTORTEDECG2_15000_16000_16100,DISTORTEDECG2,,ae,default,,0.08077,0.09507,0.79489,0.19338,5.87,nan,29.5,15000,1,0.00673,ok
ucr,012_UCR_Anomaly_DISTORTEDECG2_15000_16000_16100,DISTORTEDECG2,,ae,tuned,"{'w': 100, 'hidden': 32, 'latent': 8}",0.07211,0.08412,0.78798,0.18442,6.42,31.92,0.0,15000,1,0.00673,ok
ucr,014_UCR_Anomaly_DISTORTEDECG3_8000_17000_17100,DISTORTEDECG3,,iforest,default,,0.00233,0.00495,0.73185,0.0,2.2,nan,17.0,22000,1,0.00459,ok
ucr,014_UCR_Anomaly_DISTORTEDECG3_8000_17000_17100,DISTORTEDECG3,,iforest,tuned,"{'w': 100, 'n_estimators': 200}",0.00233,0.00495,0.73185,0.0,3.13,7.0,0.0,22000,1,0.00459,ok
ucr,014_UCR_Anomaly_DISTORTEDECG3_8000_17000_17100,DISTORTEDECG3,,lof,default,,0.78243,0.64239,0.99874,0.77438,0.67,nan,17.0,22000,1,0.00459,ok
ucr,014_UCR_Anomaly_DISTORTEDECG3_8000_17000_17100,DISTORTEDECG3,,lof,tuned,"{'w': 50, 'k': 30}",0.6003,0.34065,0.99868,0.60639,1.96,2.35,0.0,22000,1,0.00459,ok
ucr,014_UCR_Anomaly_DISTORTEDECG3_8000_17000_17100,DISTORTEDECG3,,knn,default,,0.56172,0.27417,0.99874,0.57211,0.51,nan,17.0,22000,1,0.00459,ok
ucr,014_UCR_Anomaly_DISTORTEDECG3_8000_17000_17100,DISTORTEDECG3,,knn,tuned,"{'w': 50, 'k': 3}",0.52392,0.2273,0.99876,0.54885,1.66,1.62,0.0,22000,1,0.00459,ok
ucr,014_UCR_Anomaly_DISTORTEDECG3_8000_17000_17100,DISTORTEDECG3,,ae,default,,0.09687,0.09116,0.68669,0.228,3.84,nan,30.7,22000,1,0.00459,ok
ucr,014_UCR_Anomaly_DISTORTEDECG3_8000_17000_17100,DISTORTEDECG3,,ae,tuned,"{'w': 50, 'hidden': 64, 'latent': 8}",0.53684,0.27963,0.99876,0.56461,7.76,17.42,0.0,22000,1,0.00459,ok
ucr,016_UCR_Anomaly_DISTORTEDECG4_5000_16900_17100,DISTORTEDECG4,,iforest,default,,0.00661,0.01107,0.83936,0.00127,2.39,nan,17.0,25000,1,0.00804,ok
ucr,016_UCR_Anomaly_DISTORTEDECG4_5000_16900_17100,DISTORTEDECG4,,iforest,tuned,"{'w': 100, 'n_estimators': 200}",0.00661,0.01107,0.83936,0.00127,3.54,6.3,0.0,25000,1,0.00804,ok
ucr,016_UCR_Anomaly_DISTORTEDECG4_5000_16900_17100,DISTORTEDECG4,,lof,default,,0.98827,0.82621,0.99932,0.9652,0.63,nan,17.0,25000,1,0.00804,ok
ucr,016_UCR_Anomaly_DISTORTEDECG4_5000_16900_17100,DISTORTEDECG4,,lof,tuned,"{'w': 50, 'k': 30}",0.85022,0.62631,0.99809,0.94006,1.9,1.68,0.0,25000,1,0.00804,ok
ucr,016_UCR_Anomaly_DISTORTEDECG4_5000_16900_17100,DISTORTEDECG4,,knn,default,,0.93376,0.81148,0.99908,0.94282,0.45,nan,17.0,25000,1,0.00804,ok
ucr,016_UCR_Anomaly_DISTORTEDECG4_5000_16900_17100,DISTORTEDECG4,,knn,tuned,"{'w': 100, 'k': 3}",0.94084,0.81789,0.99913,0.94668,1.37,1.32,0.0,25000,1,0.00804,ok
ucr,016_UCR_Anomaly_DISTORTEDECG4_5000_16900_17100,DISTORTEDECG4,,ae,default,,0.86951,0.74692,0.99875,0.89516,3.0,nan,31.7,25000,1,0.00804,ok
ucr,016_UCR_Anomaly_DISTORTEDECG4_5000_16900_17100,DISTORTEDECG4,,ae,tuned,"{'w': 50, 'hidden': 64, 'latent': 8}",0.50722,0.40318,0.99811,0.59545,5.54,11.49,0.0,25000,1,0.00804,ok
ucr,018_UCR_Anomaly_DISTORTEDECG4_8000_17000_17100,DISTORTEDECG4,,iforest,default,,0.00233,0.005,0.74149,0.0,2.37,nan,17.0,22000,1,0.00459,ok
ucr,018_UCR_Anomaly_DISTORTEDECG4_8000_17000_17100,DISTORTEDECG4,,iforest,tuned,"{'w': 100, 'n_estimators': 200}",0.00233,0.005,0.74149,0.0,2.93,6.52,0.0,22000,1,0.00459,ok
ucr,018_UCR_Anomaly_DISTORTEDECG4_8000_17000_17100,DISTORTEDECG4,,lof,default,,0.90412,0.73193,0.99879,0.88679,0.65,nan,17.0,22000,1,0.00459,ok
ucr,018_UCR_Anomaly_DISTORTEDECG4_8000_17000_17100,DISTORTEDECG4,,lof,tuned,"{'w': 200, 'k': 10}",0.9479,0.81288,0.99884,0.90455,1.21,2.37,0.0,22000,1,0.00459,ok
ucr,018_UCR_Anomaly_DISTORTEDECG4_8000_17000_17100,DISTORTEDECG4,,knn,default,,0.75627,0.46834,0.99879,0.70047,0.47,nan,17.0,22000,1,0.00459,ok
ucr,018_UCR_Anomaly_DISTORTEDECG4_8000_17000_17100,DISTORTEDECG4,,knn,tuned,"{'w': 50, 'k': 3}",0.56594,0.26089,0.99873,0.56461,1.7,1.57,0.0,22000,1,0.00459,ok
ucr,018_UCR_Anomaly_DISTORTEDECG4_8000_17000_17100,DISTORTEDECG4,,ae,default,,0.00854,0.00916,0.72719,0.01853,4.03,nan,30.7,22000,1,0.00459,ok
ucr,018_UCR_Anomaly_DISTORTEDECG4_8000_17000_17100,DISTORTEDECG4,,ae,tuned,"{'w': 50, 'hidden': 64, 'latent': 8}",0.50488,0.23518,0.99868,0.5448,8.5,18.79,0.0,22000,1,0.00459,ok
ucr,020_UCR_Anomaly_DISTORTEDGP711MarkerLFM5z2_5000_7175_7388,DISTORTEDGP711MarkerLFM5z2,,iforest,default,,0.21591,0.19946,0.98906,0.41681,1.52,nan,17.0,7000,1,0.03057,ok
ucr,020_UCR_Anomaly_DISTORTEDGP711MarkerLFM5z2_5000_7175_7388,DISTORTEDGP711MarkerLFM5z2,,iforest,tuned,"{'w': 50, 'n_estimators': 200}",0.0381,0.04888,0.66899,0.05094,1.81,6.56,0.0,7000,1,0.03057,ok
ucr,020_UCR_Anomaly_DISTORTEDGP711MarkerLFM5z2_5000_7175_7388,DISTORTEDGP711MarkerLFM5z2,,lof,default,,0.94169,0.88992,0.99812,0.96685,0.26,nan,17.0,7000,1,0.03057,ok
ucr,020_UCR_Anomaly_DISTORTEDGP711MarkerLFM5z2_5000_7175_7388,DISTORTEDGP711MarkerLFM5z2,,lof,tuned,"{'w': 50, 'k': 30}",0.53616,0.44749,0.99241,0.70232,0.7,1.69,0.0,7000,1,0.03057,ok
ucr,020_UCR_Anomaly_DISTORTEDGP711MarkerLFM5z2_5000_7175_7388,DISTORTEDGP711MarkerLFM5z2,,knn,default,,0.75188,0.67747,0.99596,0.87891,0.14,nan,17.0,7000,1,0.03057,ok
ucr,020_UCR_Anomaly_DISTORTEDGP711MarkerLFM5z2_5000_7175_7388,DISTORTEDGP711MarkerLFM5z2,,knn,tuned,"{'w': 50, 'k': 3}",0.47099,0.37424,0.99241,0.63525,0.72,1.36,0.0,7000,1,0.03057,ok
ucr,020_UCR_Anomaly_DISTORTEDGP711MarkerLFM5z2_5000_7175_7388,DISTORTEDGP711MarkerLFM5z2,,ae,default,,0.6271,0.64083,0.99221,0.83348,2.06,nan,24.5,7000,1,0.03057,ok
ucr,020_UCR_Anomaly_DISTORTEDGP711MarkerLFM5z2_5000_7175_7388,DISTORTEDGP711MarkerLFM5z2,,ae,tuned,"{'w': 100, 'hidden': 64, 'latent': 8}",0.726,0.69044,0.9931,0.90559,2.43,11.6,0.0,7000,1,0.03057,ok
ucr,022_UCR_Anomaly_DISTORTEDGP711MarkerLFM5z4_4000_6527_6645,DISTORTEDGP711MarkerLFM5z4,,iforest,default,,0.52704,0.35118,0.99619,0.68553,1.52,nan,17.0,8000,1,0.01487,ok
ucr,022_UCR_Anomaly_DISTORTEDGP711MarkerLFM5z4_4000_6527_6645,DISTORTEDGP711MarkerLFM5z4,,iforest,tuned,"{'w': 50, 'n_estimators': 100}",0.10811,0.08607,0.70886,0.23471,1.21,6.33,0.0,8000,1,0.01487,ok
ucr,022_UCR_Anomaly_DISTORTEDGP711MarkerLFM5z4_4000_6527_6645,DISTORTEDGP711MarkerLFM5z4,,lof,default,,0.96631,0.92352,0.99898,0.97815,0.27,nan,17.0,8000,1,0.01487,ok
ucr,022_UCR_Anomaly_DISTORTEDGP711MarkerLFM5z4_4000_6527_6645,DISTORTEDGP711MarkerLFM5z4,,lof,tuned,"{'w': 50, 'k': 30}",0.41178,0.41117,0.93731,0.62936,0.7,1.82,0.0,8000,1,0.01487,ok
ucr,022_UCR_Anomaly_DISTORTEDGP711MarkerLFM5z4_4000_6527_6645,DISTORTEDGP711MarkerLFM5z4,,knn,default,,0.99868,0.8976,0.99941,0.99286,0.17,nan,17.0,8000,1,0.01487,ok
ucr,022_UCR_Anomaly_DISTORTEDGP711MarkerLFM5z4_4000_6527_6645,DISTORTEDGP711MarkerLFM5z4,,knn,tuned,"{'w': 100, 'k': 5}",0.99868,0.8976,0.99941,0.99286,0.6,1.46,0.0,8000,1,0.01487,ok
ucr,022_UCR_Anomaly_DISTORTEDGP711MarkerLFM5z4_4000_6527_6645,DISTORTEDGP711MarkerLFM5z4,,ae,default,,0.99622,0.91963,0.99934,0.99074,2.35,nan,25.5,8000,1,0.01487,ok
ucr,022_UCR_Anomaly_DISTORTEDGP711MarkerLFM5z4_4000_6527_6645,DISTORTEDGP711MarkerLFM5z4,,ae,tuned,"{'w': 100, 'hidden': 32, 'latent': 16}",0.99933,0.89006,0.99941,0.9918,2.33,10.71,0.0,8000,1,0.01487,ok
ucr,024_UCR_Anomaly_DISTORTEDInternalBleeding10_3200_4526_4556,DISTORTEDInternalBleeding10,,iforest,default,,0.00867,0.01306,0.65987,0.0,1.31,nan,17.0,4301,1,0.00721,ok
ucr,024_UCR_Anomaly_DISTORTEDInternalBleeding10_3200_4526_4556,DISTORTEDInternalBleeding10,,iforest,tuned,"{'w': 50, 'n_estimators': 200}",0.00569,0.00841,0.67449,0.0,1.58,6.18,0.0,4301,1,0.00721,ok
ucr,024_UCR_Anomaly_DISTORTEDInternalBleeding10_3200_4526_4556,DISTORTEDInternalBleeding10,,lof,default,,0.01951,0.02884,0.64492,0.06002,0.17,nan,17.0,4301,1,0.00721,ok
ucr,024_UCR_Anomaly_DISTORTEDInternalBleeding10_3200_4526_4556,DISTORTEDInternalBleeding10,,lof,tuned,"{'w': 50, 'k': 30}",0.05996,0.08822,0.75024,0.1676,0.45,1.55,0.0,4301,1,0.00721,ok
ucr,024_UCR_Anomaly_DISTORTEDInternalBleeding10_3200_4526_4556,DISTORTEDInternalBleeding10,,knn,default,,0.16092,0.23339,0.75514,0.37681,0.09,nan,17.0,4301,1,0.00721,ok
ucr,024_UCR_Anomaly_DISTORTEDInternalBleeding10_3200_4526_4556,DISTORTEDInternalBleeding10,,knn,tuned,"{'w': 50, 'k': 3}",0.18675,0.23338,0.74711,0.37074,0.38,1.25,0.0,4301,1,0.00721,ok
ucr,024_UCR_Anomaly_DISTORTEDInternalBleeding10_3200_4526_4556,DISTORTEDInternalBleeding10,,ae,default,,0.01881,0.02664,0.65979,0.04964,1.41,nan,23.8,4301,1,0.00721,ok
ucr,024_UCR_Anomaly_DISTORTEDInternalBleeding10_3200_4526_4556,DISTORTEDInternalBleeding10,,ae,tuned,"{'w': 50, 'hidden': 32, 'latent': 16}",0.02558,0.03408,0.70442,0.06151,3.13,8.28,0.0,4301,1,0.00721,ok
ucr,026_UCR_Anomaly_DISTORTEDInternalBleeding15_1700_5684_5854,DISTORTEDInternalBleeding15,,iforest,default,,0.10702,0.09271,0.86701,0.22534,1.41,nan,17.0,5901,1,0.02898,ok
ucr,026_UCR_Anomaly_DISTORTEDInternalBleeding15_1700_5684_5854,DISTORTEDInternalBleeding15,,lof,default,,0.27469,0.22009,0.9713,0.4762,0.17,nan,17.0,5901,1,0.02898,ok
ucr,026_UCR_Anomaly_DISTORTEDInternalBleeding15_1700_5684_5854,DISTORTEDInternalBleeding15,,knn,default,,0.9675,0.75339,0.99858,0.99834,0.11,nan,17.0,5901,1,0.02898,ok
ucr,026_UCR_Anomaly_DISTORTEDInternalBleeding15_1700_5684_5854,DISTORTEDInternalBleeding15,,ae,default,,0.05193,0.0515,0.87045,0.10602,1.06,nan,23.8,5901,1,0.02898,ok
ucr,028_UCR_Anomaly_DISTORTEDInternalBleeding17_1600_3198_3309,DISTORTEDInternalBleeding17,,iforest,default,,0.02551,0.02917,0.76421,0.02494,1.4,nan,17.0,5900,1,0.01898,ok
ucr,028_UCR_Anomaly_DISTORTEDInternalBleeding17_1600_3198_3309,DISTORTEDInternalBleeding17,,lof,default,,0.01735,0.0238,0.76626,0.0,0.16,nan,17.0,5900,1,0.01898,ok
ucr,028_UCR_Anomaly_DISTORTEDInternalBleeding17_1600_3198_3309,DISTORTEDInternalBleeding17,,knn,default,,0.56446,0.39344,0.99547,0.74638,0.11,nan,17.0,5900,1,0.01898,ok
ucr,028_UCR_Anomaly_DISTORTEDInternalBleeding17_1600_3198_3309,DISTORTEDInternalBleeding17,,ae,default,,0.15858,0.14238,0.88713,0.36502,1.06,nan,23.7,5900,1,0.01898,ok
ucr,030_UCR_Anomaly_DISTORTEDInternalBleeding19_3000_4187_4197,DISTORTEDInternalBleeding19,,iforest,default,,0.01034,0.01451,0.67633,0.03274,1.37,nan,17.0,4500,1,0.00244,ok
ucr,030_UCR_Anomaly_DISTORTEDInternalBleeding19_3000_4187_4197,DISTORTEDInternalBleeding19,,iforest,tuned,"{'w': 50, 'n_estimators': 200}",0.00852,0.0112,0.68345,0.02156,1.58,6.09,0.0,4500,1,0.00244,ok
ucr,030_UCR_Anomaly_DISTORTEDInternalBleeding19_3000_4187_4197,DISTORTEDInternalBleeding19,,lof,default,,0.04619,0.06212,0.65118,0.12717,0.16,nan,17.0,4500,1,0.00244,ok
ucr,030_UCR_Anomaly_DISTORTEDInternalBleeding19_3000_4187_4197,DISTORTEDInternalBleeding19,,lof,tuned,"{'w': 50, 'k': 30}",0.97775,0.69253,0.99966,0.80556,0.55,1.55,0.0,4500,1,0.00244,ok
ucr,030_UCR_Anomaly_DISTORTEDInternalBleeding19_3000_4187_4197,DISTORTEDInternalBleeding19,,knn,default,,0.68182,0.59562,0.99902,0.72587,0.09,nan,17.0,4500,1,0.00244,ok
ucr,030_UCR_Anomaly_DISTORTEDInternalBleeding19_3000_4187_4197,DISTORTEDInternalBleeding19,,knn,tuned,"{'w': 200, 'k': 1}",0.20702,0.21533,0.85828,0.31579,0.35,1.2,0.0,4500,1,0.00244,ok
ucr,030_UCR_Anomaly_DISTORTEDInternalBleeding19_3000_4187_4197,DISTORTEDInternalBleeding19,,ae,default,,0.06712,0.09741,0.71386,0.17323,1.36,nan,23.8,4500,1,0.00244,ok
ucr,030_UCR_Anomaly_DISTORTEDInternalBleeding19_3000_4187_4197,DISTORTEDInternalBleeding19,,ae,tuned,"{'w': 100, 'hidden': 32, 'latent': 16}",0.03208,0.04709,0.65722,0.08365,1.67,8.05,0.0,4500,1,0.00244,ok
ucr,032_UCR_Anomaly_DISTORTEDInternalBleeding4_1000_4675_5033,DISTORTEDInternalBleeding4,,iforest,default,,0.61606,0.5355,0.99235,0.72651,1.32,nan,17.0,6321,1,0.05679,ok
ucr,032_UCR_Anomaly_DISTORTEDInternalBleeding4_1000_4675_5033,DISTORTEDInternalBleeding4,,lof,default,,0.63722,0.56863,0.99276,0.75,0.14,nan,17.0,6321,1,0.05679,ok
ucr,032_UCR_Anomaly_DISTORTEDInternalBleeding4_1000_4675_5033,DISTORTEDInternalBleeding4,,knn,default,,0.67853,0.62588,0.99246,0.74807,0.11,nan,17.0,6321,1,0.05679,ok
ucr,032_UCR_Anomaly_DISTORTEDInternalBleeding4_1000_4675_5033,DISTORTEDInternalBleeding4,,ae,default,,0.70543,0.63665,0.99325,0.75,0.77,nan,23.9,6321,1,0.05679,ok
ucr,034_UCR_Anomaly_DISTORTEDInternalBleeding6_1500_3474_3629,DISTORTEDInternalBleeding6,,iforest,default,,0.77336,0.56325,0.99709,0.87475,1.38,nan,17.0,6154,1,0.02535,ok
ucr,034_UCR_Anomaly_DISTORTEDInternalBleeding6_1500_3474_3629,DISTORTEDInternalBleeding6,,lof,default,,0.87015,0.70637,0.9992,0.99803,0.18,nan,17.0,6154,1,0.02535,ok
ucr,034_UCR_Anomaly_DISTORTEDInternalBleeding6_1500_3474_3629,DISTORTEDInternalBleeding6,,knn,default,,0.9652,0.87082,0.99936,1.0,0.11,nan,17.0,6154,1,0.02535,ok
ucr,034_UCR_Anomaly_DISTORTEDInternalBleeding6_1500_3474_3629,DISTORTEDInternalBleeding6,,ae,default,,0.89492,0.70207,0.99933,1.0,1.07,nan,23.8,6154,1,0.02535,ok
ucr,036_UCR_Anomaly_DISTORTEDInternalBleeding9_4200_6599_6681,DISTORTEDInternalBleeding9,,iforest,default,,0.01329,0.02149,0.691,0.0,1.26,nan,17.0,3301,1,0.02514,ok
ucr,036_UCR_Anomaly_DISTORTEDInternalBleeding9_4200_6599_6681,DISTORTEDInternalBleeding9,,iforest,tuned,"{'w': 50, 'n_estimators': 100}",0.01405,0.02399,0.66284,0.0,0.89,6.38,0.0,3301,1,0.02514,ok
ucr,036_UCR_Anomaly_DISTORTEDInternalBleeding9_4200_6599_6681,DISTORTEDInternalBleeding9,,lof,default,,0.01438,0.02199,0.7156,0.0,0.17,nan,17.0,3301,1,0.02514,ok
ucr,036_UCR_Anomaly_DISTORTEDInternalBleeding9_4200_6599_6681,DISTORTEDInternalBleeding9,,lof,tuned,"{'w': 50, 'k': 30}",0.01465,0.02261,0.6911,0.0,0.4,2.48,0.0,3301,1,0.02514,ok
ucr,036_UCR_Anomaly_DISTORTEDInternalBleeding9_4200_6599_6681,DISTORTEDInternalBleeding9,,knn,default,,0.01468,0.02593,0.80641,0.0,0.06,nan,17.0,3301,1,0.02514,ok
ucr,036_UCR_Anomaly_DISTORTEDInternalBleeding9_4200_6599_6681,DISTORTEDInternalBleeding9,,knn,tuned,"{'w': 50, 'k': 5}",0.01616,0.03064,0.72495,0.00634,0.35,1.39,0.0,3301,1,0.02514,ok
ucr,036_UCR_Anomaly_DISTORTEDInternalBleeding9_4200_6599_6681,DISTORTEDInternalBleeding9,,ae,default,,0.01315,0.02108,0.63482,0.0,2.06,nan,22.3,3301,1,0.02514,ok
ucr,036_UCR_Anomaly_DISTORTEDInternalBleeding9_4200_6599_6681,DISTORTEDInternalBleeding9,,ae,tuned,"{'w': 200, 'hidden': 32, 'latent': 16}",0.01323,0.02082,0.63458,0.0,1.35,11.41,0.0,3301,1,0.02514,ok
ucr,038_UCR_Anomaly_DISTORTEDLab2Cmac011215EPG2_5000_27862_27932,DISTORTEDLab2Cmac011215EPG2,,iforest,default,,0.00468,0.00835,0.71795,0.00857,2.67,nan,17.0,24950,1,0.00285,ok
ucr,038_UCR_Anomaly_DISTORTEDLab2Cmac011215EPG2_5000_27862_27932,DISTORTEDLab2Cmac011215EPG2,,iforest,tuned,"{'w': 50, 'n_estimators': 200}",0.00906,0.01634,0.70955,0.0239,3.26,6.83,0.0,24950,1,0.00285,ok
ucr,038_UCR_Anomaly_DISTORTEDLab2Cmac011215EPG2_5000_27862_27932,DISTORTEDLab2Cmac011215EPG2,,lof,default,,0.00596,0.00708,0.73133,0.01634,0.7,nan,17.0,24950,1,0.00285,ok
ucr,038_UCR_Anomaly_DISTORTEDLab2Cmac011215EPG2_5000_27862_27932,DISTORTEDLab2Cmac011215EPG2,,lof,tuned,"{'w': 50, 'k': 30}",0.09204,0.07778,0.84747,0.19899,2.01,1.7,0.0,24950,1,0.00285,ok
ucr,038_UCR_Anomaly_DISTORTEDLab2Cmac011215EPG2_5000_27862_27932,DISTORTEDLab2Cmac011215EPG2,,knn,default,,0.01515,0.01788,0.84561,0.04164,0.53,nan,17.0,24950,1,0.00285,ok
ucr,038_UCR_Anomaly_DISTORTEDLab2Cmac011215EPG2_5000_27862_27932,DISTORTEDLab2Cmac011215EPG2,,knn,tuned,"{'w': 50, 'k': 5}",0.16861,0.15296,0.84747,0.34162,1.69,2.09,0.0,24950,1,0.00285,ok
ucr,038_UCR_Anomaly_DISTORTEDLab2Cmac011215EPG2_5000_27862_27932,DISTORTEDLab2Cmac011215EPG2,,ae,default,,0.00502,0.00612,0.69626,0.01052,3.16,nan,31.7,24950,1,0.00285,ok
ucr,038_UCR_Anomaly_DISTORTEDLab2Cmac011215EPG2_5000_27862_27932,DISTORTEDLab2Cmac011215EPG2,,ae,tuned,"{'w': 50, 'hidden': 32, 'latent': 16}",0.03423,0.03243,0.74052,0.10387,5.73,11.52,0.0,24950,1,0.00285,ok
ucr,040_UCR_Anomaly_DISTORTEDLab2Cmac011215EPG4_6000_17390_17520,DISTORTEDLab2Cmac011215EPG4,,iforest,default,,0.00467,0.00688,0.82654,0.00445,2.62,nan,17.0,24066,1,0.00544,ok
ucr,040_UCR_Anomaly_DISTORTEDLab2Cmac011215EPG4_6000_17390_17520,DISTORTEDLab2Cmac011215EPG4,,iforest,tuned,"{'w': 50, 'n_estimators': 200}",0.00473,0.00664,0.81576,0.00509,3.26,7.12,0.0,24066,1,0.00544,ok
ucr,040_UCR_Anomaly_DISTORTEDLab2Cmac011215EPG4_6000_17390_17520,DISTORTEDLab2Cmac011215EPG4,,lof,default,,0.01844,0.02468,0.78508,0.05244,0.73,nan,17.0,24066,1,0.00544,ok
ucr,040_UCR_Anomaly_DISTORTEDLab2Cmac011215EPG4_6000_17390_17520,DISTORTEDLab2Cmac011215EPG4,,lof,tuned,"{'w': 50, 'k': 30}",0.18007,0.24251,0.82832,0.4029,2.03,1.99,0.0,24066,1,0.00544,ok
ucr,040_UCR_Anomaly_DISTORTEDLab2Cmac011215EPG4_6000_17390_17520,DISTORTEDLab2Cmac011215EPG4,,knn,default,,0.09598,0.13474,0.788,0.23512,0.49,nan,17.0,24066,1,0.00544,ok
ucr,040_UCR_Anomaly_DISTORTEDLab2Cmac011215EPG4_6000_17390_17520,DISTORTEDLab2Cmac011215EPG4,,knn,tuned,"{'w': 50, 'k': 3}",0.21748,0.28007,0.84494,0.45175,1.74,1.47,0.0,24066,1,0.00544,ok
ucr,040_UCR_Anomaly_DISTORTEDLab2Cmac011215EPG4_6000_17390_17520,DISTORTEDLab2Cmac011215EPG4,,ae,default,,0.00978,0.01303,0.78017,0.02222,3.29,nan,31.4,24066,1,0.00544,ok
ucr,040_UCR_Anomaly_DISTORTEDLab2Cmac011215EPG4_6000_17390_17520,DISTORTEDLab2Cmac011215EPG4,,ae,tuned,"{'w': 50, 'hidden': 32, 'latent': 16}",0.02764,0.03285,0.79158,0.07252,6.61,14.17,0.0,24066,1,0.00544,ok
ucr,042_UCR_Anomaly_DISTORTEDLab2Cmac011215EPG6_7000_12190_12420,DISTORTEDLab2Cmac011215EPG6,,iforest,default,,0.00509,0.00925,0.61546,0.0,2.53,nan,17.0,22859,1,0.01011,ok
ucr,042_UCR_Anomaly_DISTORTEDLab2Cmac011215EPG6_7000_12190_12420,DISTORTEDLab2Cmac011215EPG6,,iforest,tuned,"{'w': 50, 'n_estimators': 100}",0.0051,0.00861,0.62824,0.0,2.13,6.96,0.0,22859,1,0.01011,ok
ucr,042_UCR_Anomaly_DISTORTEDLab2Cmac011215EPG6_7000_12190_12420,DISTORTEDLab2Cmac011215EPG6,,lof,default,,0.00904,0.01173,0.67686,0.0,0.71,nan,17.0,22859,1,0.01011,ok
ucr,042_UCR_Anomaly_DISTORTEDLab2Cmac011215EPG6_7000_12190_12420,DISTORTEDLab2Cmac011215EPG6,,lof,tuned,"{'w': 50, 'k': 30}",0.39836,0.32467,0.80042,0.66506,1.93,2.13,0.0,22859,1,0.01011,ok
ucr,042_UCR_Anomaly_DISTORTEDLab2Cmac011215EPG6_7000_12190_12420,DISTORTEDLab2Cmac011215EPG6,,knn,default,,0.04375,0.04169,0.71477,0.1122,0.49,nan,17.0,22859,1,0.01011,ok
ucr,042_UCR_Anomaly_DISTORTEDLab2Cmac011215EPG6_7000_12190_12420,DISTORTEDLab2Cmac011215EPG6,,knn,tuned,"{'w': 50, 'k': 3}",0.49649,0.41869,0.81794,0.76329,1.7,1.6,0.0,22859,1,0.01011,ok
ucr,042_UCR_Anomaly_DISTORTEDLab2Cmac011215EPG6_7000_12190_12420,DISTORTEDLab2Cmac011215EPG6,,ae,default,,0.0052,0.00787,0.67119,0.0,3.6,nan,31.0,22859,1,0.01011,ok
ucr,042_UCR_Anomaly_DISTORTEDLab2Cmac011215EPG6_7000_12190_12420,DISTORTEDLab2Cmac011215EPG6,,ae,tuned,"{'w': 50, 'hidden': 32, 'latent': 16}",0.00515,0.00794,0.68715,0.0,7.15,15.68,0.0,22859,1,0.01011,ok
ucr,044_UCR_Anomaly_DISTORTEDPowerDemand1_9000_18485_18821,DISTORTEDPowerDemand1,,iforest,default,,0.00829,0.01312,0.67582,0.0,2.23,nan,17.0,20931,1,0.0161,ok
ucr,044_UCR_Anomaly_DISTORTEDPowerDemand1_9000_18485_18821,DISTORTEDPowerDemand1,,iforest,tuned,"{'w': 100, 'n_estimators': 100}",0.00829,0.01325,0.69726,0.0,2.44,7.25,0.0,20931,1,0.0161,ok
ucr,044_UCR_Anomaly_DISTORTEDPowerDemand1_9000_18485_18821,DISTORTEDPowerDemand1,,lof,default,,0.98376,0.83241,0.99879,0.99574,0.67,nan,17.0,20931,1,0.0161,ok
ucr,044_UCR_Anomaly_DISTORTEDPowerDemand1_9000_18485_18821,DISTORTEDPowerDemand1,,lof,tuned,"{'w': 50, 'k': 50}",0.95511,0.76129,0.99958,0.98968,2.15,2.61,0.0,20931,1,0.0161,ok
ucr,044_UCR_Anomaly_DISTORTEDPowerDemand1_9000_18485_18821,DISTORTEDPowerDemand1,,knn,default,,0.99827,0.85161,0.99889,0.99962,0.48,nan,17.0,20931,1,0.0161,ok
ucr,044_UCR_Anomaly_DISTORTEDPowerDemand1_9000_18485_18821,DISTORTEDPowerDemand1,,knn,tuned,"{'w': 50, 'k': 3}",0.99064,0.82155,0.99959,0.99455,1.73,1.83,0.0,20931,1,0.0161,ok
ucr,044_UCR_Anomaly_DISTORTEDPowerDemand1_9000_18485_18821,DISTORTEDPowerDemand1,,ae,default,,0.02818,0.06864,0.89449,0.08637,4.03,nan,30.7,20931,1,0.0161,ok
ucr,044_UCR_Anomaly_DISTORTEDPowerDemand1_9000_18485_18821,DISTORTEDPowerDemand1,,ae,tuned,"{'w': 100, 'hidden': 32, 'latent': 8}",0.05357,0.08181,0.94793,0.11989,4.72,19.41,0.0,20931,1,0.0161,ok
ucr,046_UCR_Anomaly_DISTORTEDPowerDemand3_16000_23405_23477,DISTORTEDPowerDemand3,,iforest,default,,0.00315,0.00504,0.82058,0.0,1.84,nan,17.0,13931,1,0.00524,ok
ucr,046_UCR_Anomaly_DISTORTEDPowerDemand3_16000_23405_23477,DISTORTEDPowerDemand3,,iforest,tuned,"{'w': 100, 'n_estimators': 100}",0.00301,0.00478,0.81848,0.0,1.7,8.91,0.0,13931,1,0.00524,ok
ucr,046_UCR_Anomaly_DISTORTEDPowerDemand3_16000_23405_23477,DISTORTEDPowerDemand3,,lof,default,,0.01734,0.01945,0.62621,0.04465,0.71,nan,17.0,13931,1,0.00524,ok
ucr,046_UCR_Anomaly_DISTORTEDPowerDemand3_16000_23405_23477,DISTORTEDPowerDemand3,,lof,tuned,"{'w': 50, 'k': 50}",0.17722,0.21323,0.7542,0.36723,2.04,4.18,0.0,13931,1,0.00524,ok
ucr,046_UCR_Anomaly_DISTORTEDPowerDemand3_16000_23405_23477,DISTORTEDPowerDemand3,,knn,default,,0.05943,0.07373,0.68207,0.15345,0.42,nan,17.0,13931,1,0.00524,ok
ucr,046_UCR_Anomaly_DISTORTEDPowerDemand3_16000_23405_23477,DISTORTEDPowerDemand3,,knn,tuned,"{'w': 100, 'k': 5}",0.05943,0.07373,0.68207,0.15345,0.92,2.76,0.0,13931,1,0.00524,ok
ucr,046_UCR_Anomaly_DISTORTEDPowerDemand3_16000_23405_23477,DISTORTEDPowerDemand3,,ae,default,,0.11616,0.14751,0.70248,0.26015,6.1,nan,29.1,13931,1,0.00524,ok
ucr,046_UCR_Anomaly_DISTORTEDPowerDemand3_16000_23405_23477,DISTORTEDPowerDemand3,,ae,tuned,"{'w': 100, 'hidden': 32, 'latent': 8}",0.06658,0.08411,0.69782,0.1701,6.6,33.69,0.0,13931,1,0.00524,ok
ucr,048_UCR_Anomaly_DISTORTEDTkeepFifthMARS_3500_5988_6085,DISTORTEDTkeepFifthMARS,,iforest,default,,0.00642,0.01023,0.61898,0.0,1.49,nan,17.0,7834,1,0.01251,ok
ucr,048_UCR_Anomaly_DISTORTEDTkeepFifthMARS_3500_5988_6085,DISTORTEDTkeepFifthMARS,,iforest,tuned,"{'w': 50, 'n_estimators': 200}",0.00709,0.0125,0.65245,0.0,1.77,5.88,0.0,7834,1,0.01251,ok
ucr,048_UCR_Anomaly_DISTORTEDTkeepFifthMARS_3500_5988_6085,DISTORTEDTkeepFifthMARS,,lof,default,,0.99402,0.75195,0.99972,1.0,0.25,nan,17.0,7834,1,0.01251,ok
ucr,048_UCR_Anomaly_DISTORTEDTkeepFifthMARS_3500_5988_6085,DISTORTEDTkeepFifthMARS,,lof,tuned,"{'w': 100, 'k': 30}",0.94911,0.69844,0.99967,1.0,0.58,1.62,0.0,7834,1,0.01251,ok
ucr,048_UCR_Anomaly_DISTORTEDTkeepFifthMARS_3500_5988_6085,DISTORTEDTkeepFifthMARS,,knn,default,,0.86186,0.69556,0.9985,0.93313,0.15,nan,17.0,7834,1,0.01251,ok
ucr,048_UCR_Anomaly_DISTORTEDTkeepFifthMARS_3500_5988_6085,DISTORTEDTkeepFifthMARS,,knn,tuned,"{'w': 100, 'k': 3}",0.88602,0.72769,0.9985,0.93864,0.48,1.25,0.0,7834,1,0.01251,ok
ucr,048_UCR_Anomaly_DISTORTEDTkeepFifthMARS_3500_5988_6085,DISTORTEDTkeepFifthMARS,,ae,default,,0.14753,0.1229,0.68418,0.3438,1.58,nan,25.5,7834,1,0.01251,ok
ucr,048_UCR_Anomaly_DISTORTEDTkeepFifthMARS_3500_5988_6085,DISTORTEDTkeepFifthMARS,,ae,tuned,"{'w': 50, 'hidden': 32, 'latent': 16}",0.00732,0.01731,0.67886,0.00256,3.62,8.15,0.0,7834,1,0.01251,ok
ucr,050_UCR_Anomaly_DISTORTEDTkeepForthMARS_3500_5988_6085,DISTORTEDTkeepForthMARS,,iforest,default,,0.00979,0.0135,0.57064,0.0,1.46,nan,17.0,7808,1,0.01255,ok
ucr,050_UCR_Anomaly_DISTORTEDTkeepForthMARS_3500_5988_6085,DISTORTEDTkeepForthMARS,,iforest,tuned,"{'w': 100, 'n_estimators': 200}",0.00979,0.0135,0.57064,0.0,1.78,5.95,0.0,7808,1,0.01255,ok
ucr,050_UCR_Anomaly_DISTORTEDTkeepForthMARS_3500_5988_6085,DISTORTEDTkeepForthMARS,,lof,default,,0.01128,0.0162,0.63743,0.0,0.24,nan,17.0,7808,1,0.01255,ok
ucr,050_UCR_Anomaly_DISTORTEDTkeepForthMARS_3500_5988_6085,DISTORTEDTkeepForthMARS,,lof,tuned,"{'w': 100, 'k': 50}",0.01128,0.0162,0.63743,0.0,0.6,1.61,0.0,7808,1,0.01255,ok
ucr,050_UCR_Anomaly_DISTORTEDTkeepForthMARS_3500_5988_6085,DISTORTEDTkeepForthMARS,,knn,default,,0.01715,0.02062,0.62159,0.00214,0.15,nan,17.0,7808,1,0.01255,ok
ucr,050_UCR_Anomaly_DISTORTEDTkeepForthMARS_3500_5988_6085,DISTORTEDTkeepForthMARS,,knn,tuned,"{'w': 50, 'k': 5}",0.02085,0.02568,0.68098,0.03949,0.61,1.23,0.0,7808,1,0.01255,ok
ucr,050_UCR_Anomaly_DISTORTEDTkeepForthMARS_3500_5988_6085,DISTORTEDTkeepForthMARS,,ae,default,,0.00931,0.01419,0.59404,0.0,1.68,nan,25.5,7808,1,0.01255,ok
ucr,050_UCR_Anomaly_DISTORTEDTkeepForthMARS_3500_5988_6085,DISTORTEDTkeepForthMARS,,ae,tuned,"{'w': 100, 'hidden': 32, 'latent': 8}",0.01063,0.01713,0.66776,0.0,1.98,8.15,0.0,7808,1,0.01255,ok
ucr,052_UCR_Anomaly_DISTORTEDTkeepThirdMARS_3500_4711_4809,DISTORTEDTkeepThirdMARS,,iforest,default,,0.01972,0.03605,0.67129,0.02463,1.49,nan,17.0,7808,1,0.01268,ok
ucr,052_UCR_Anomaly_DISTORTEDTkeepThirdMARS_3500_4711_4809,DISTORTEDTkeepThirdMARS,,iforest,tuned,"{'w': 100, 'n_estimators': 200}",0.01972,0.03605,0.67129,0.02463,1.8,6.58,0.0,7808,1,0.01268,ok
ucr,052_UCR_Anomaly_DISTORTEDTkeepThirdMARS_3500_4711_4809,DISTORTEDTkeepThirdMARS,,lof,default,,0.55224,0.74514,0.99601,0.7393,0.24,nan,17.0,7808,1,0.01268,ok
ucr,052_UCR_Anomaly_DISTORTEDTkeepThirdMARS_3500_4711_4809,DISTORTEDTkeepThirdMARS,,lof,tuned,"{'w': 100, 'k': 50}",0.55224,0.74514,0.99601,0.7393,0.58,1.55,0.0,7808,1,0.01268,ok
ucr,052_UCR_Anomaly_DISTORTEDTkeepThirdMARS_3500_4711_4809,DISTORTEDTkeepThirdMARS,,knn,default,,0.73745,0.85226,0.99724,0.87562,0.15,nan,17.0,7808,1,0.01268,ok
ucr,052_UCR_Anomaly_DISTORTEDTkeepThirdMARS_3500_4711_4809,DISTORTEDTkeepThirdMARS,,knn,tuned,"{'w': 100, 'k': 5}",0.73745,0.85226,0.99724,0.87562,0.5,1.22,0.0,7808,1,0.01268,ok
ucr,052_UCR_Anomaly_DISTORTEDTkeepThirdMARS_3500_4711_4809,DISTORTEDTkeepThirdMARS,,ae,default,,0.11507,0.16751,0.7856,0.22974,1.6,nan,25.5,7808,1,0.01268,ok
ucr,052_UCR_Anomaly_DISTORTEDTkeepThirdMARS_3500_4711_4809,DISTORTEDTkeepThirdMARS,,ae,tuned,"{'w': 100, 'hidden': 32, 'latent': 8}",0.01862,0.03703,0.69352,0.02112,1.93,7.93,0.0,7808,1,0.01268,ok
ucr,054_UCR_Anomaly_DISTORTEDWalkingAceleration5_2700_5920_5979,DISTORTEDWalkingAceleration5,,iforest,default,,0.99604,0.95982,0.99938,0.9918,1.23,nan,17.0,3984,1,0.01506,ok
ucr,054_UCR_Anomaly_DISTORTEDWalkingAceleration5_2700_5920_5979,DISTORTEDWalkingAceleration5,,iforest,tuned,"{'w': 50, 'n_estimators': 100}",0.99973,0.90395,0.99939,0.9939,0.93,5.77,0.0,3984,1,0.01506,ok
ucr,054_UCR_Anomaly_DISTORTEDWalkingAceleration5_2700_5920_5979,DISTORTEDWalkingAceleration5,,lof,default,,0.99367,0.95741,0.99933,0.9877,0.15,nan,17.0,3984,1,0.01506,ok
ucr,054_UCR_Anomaly_DISTORTEDWalkingAceleration5_2700_5920_5979,DISTORTEDWalkingAceleration5,,lof,tuned,"{'w': 200, 'k': 10}",1.0,0.95975,0.99933,0.99194,0.3,1.45,0.0,3984,1,0.01506,ok
ucr,054_UCR_Anomaly_DISTORTEDWalkingAceleration5_2700_5920_5979,DISTORTEDWalkingAceleration5,,knn,default,,0.99681,0.95846,0.99933,0.99194,0.16,nan,17.0,3984,1,0.01506,ok
ucr,054_UCR_Anomaly_DISTORTEDWalkingAceleration5_2700_5920_5979,DISTORTEDWalkingAceleration5,,knn,tuned,"{'w': 50, 'k': 5}",0.99049,0.89271,0.99936,0.9875,0.35,1.16,0.0,3984,1,0.01506,ok
ucr,054_UCR_Anomaly_DISTORTEDWalkingAceleration5_2700_5920_5979,DISTORTEDWalkingAceleration5,,ae,default,,0.9944,0.95384,0.99933,0.98967,1.27,nan,23.7,3984,1,0.01506,ok
ucr,054_UCR_Anomaly_DISTORTEDWalkingAceleration5_2700_5920_5979,DISTORTEDWalkingAceleration5,,ae,tuned,"{'w': 200, 'hidden': 32, 'latent': 16}",0.99628,0.95961,0.99938,0.9918,0.94,6.68,0.0,3984,1,0.01506,ok
ucr,056_UCR_Anomaly_DISTORTEDapneaecg3_5000_11111_11211,DISTORTEDapneaecg3,,iforest,default,,0.00489,0.00677,0.65545,0.01048,2.67,nan,17.0,33379,1,0.00303,ok
ucr,056_UCR_Anomaly_DISTORTEDapneaecg3_5000_11111_11211,DISTORTEDapneaecg3,,iforest,tuned,"{'w': 400, 'n_estimators': 200}",0.00183,0.00324,0.62801,0.0,6.49,5.57,0.0,33379,1,0.00303,ok
ucr,056_UCR_Anomaly_DISTORTEDapneaecg3_5000_11111_11211,DISTORTEDapneaecg3,,lof,default,,0.00489,0.00625,0.65947,0.00958,0.85,nan,17.0,33379,1,0.00303,ok
ucr,056_UCR_Anomaly_DISTORTEDapneaecg3_5000_11111_11211,DISTORTEDapneaecg3,,lof,tuned,"{'w': 50, 'k': 30}",0.01238,0.01432,0.72789,0.03499,2.44,1.76,0.0,33379,1,0.00303,ok
ucr,056_UCR_Anomaly_DISTORTEDapneaecg3_5000_11111_11211,DISTORTEDapneaecg3,,knn,default,,0.00696,0.00974,0.65213,0.02438,0.74,nan,17.0,33379,1,0.00303,ok
ucr,056_UCR_Anomaly_DISTORTEDapneaecg3_5000_11111_11211,DISTORTEDapneaecg3,,knn,tuned,"{'w': 50, 'k': 3}",0.02467,0.02788,0.65451,0.07672,2.27,1.34,0.0,33379,1,0.00303,ok
ucr,056_UCR_Anomaly_DISTORTEDapneaecg3_5000_11111_11211,DISTORTEDapneaecg3,,ae,default,,0.00602,0.00764,0.65235,0.02006,3.58,nan,35.1,33379,1,0.00303,ok
ucr,056_UCR_Anomaly_DISTORTEDapneaecg3_5000_11111_11211,DISTORTEDapneaecg3,,ae,tuned,"{'w': 50, 'hidden': 64, 'latent': 8}",0.02287,0.0192,0.68308,0.0506,6.59,12.1,0.0,33379,1,0.00303,ok
ucr,058_UCR_Anomaly_DISTORTEDapneaecg_10000_12240_12308,DISTORTEDapneaecg,,iforest,default,,0.00152,0.00229,0.6492,0.0,2.53,nan,17.0,28501,1,0.00242,ok
ucr,058_UCR_Anomaly_DISTORTEDapneaecg_10000_12240_12308,DISTORTEDapneaecg,,iforest,tuned,"{'w': 100, 'n_estimators': 100}",0.00148,0.00223,0.648,0.0,2.79,7.93,0.0,28501,1,0.00242,ok
ucr,058_UCR_Anomaly_DISTORTEDapneaecg_10000_12240_12308,DISTORTEDapneaecg,,lof,default,,0.00631,0.01079,0.65915,0.02308,0.92,nan,17.0,28501,1,0.00242,ok
ucr,058_UCR_Anomaly_DISTORTEDapneaecg_10000_12240_12308,DISTORTEDapneaecg,,lof,tuned,"{'w': 50, 'k': 30}",0.9971,0.48382,0.99962,0.80263,2.9,2.9,0.0,28501,1,0.00242,ok
ucr,058_UCR_Anomaly_DISTORTEDapneaecg_10000_12240_12308,DISTORTEDapneaecg,,knn,default,,0.03362,0.03204,0.63725,0.07485,0.68,nan,17.0,28501,1,0.00242,ok
ucr,058_UCR_Anomaly_DISTORTEDapneaecg_10000_12240_12308,DISTORTEDapneaecg,,knn,tuned,"{'w': 100, 'k': 3}",0.2034,0.14882,0.60504,0.34366,1.76,1.98,0.0,28501,1,0.00242,ok
ucr,058_UCR_Anomaly_DISTORTEDapneaecg_10000_12240_12308,DISTORTEDapneaecg,,ae,default,,0.00502,0.00616,0.6212,0.01538,4.95,nan,33.5,28501,1,0.00242,ok
ucr,058_UCR_Anomaly_DISTORTEDapneaecg_10000_12240_12308,DISTORTEDapneaecg,,ae,tuned,"{'w': 50, 'hidden': 64, 'latent': 8}",0.80747,0.26359,0.99962,0.77064,10.31,23.31,0.0,28501,1,0.00242,ok
ucr,060_UCR_Anomaly_DISTORTEDgait2_22000_46500_46800,DISTORTEDgait2,,iforest,default,,0.01288,0.01887,0.6711,0.0297,3.56,nan,17.0,43000,1,0.007,ok
ucr,060_UCR_Anomaly_DISTORTEDgait2_22000_46500_46800,DISTORTEDgait2,,iforest,tuned,"{'w': 400, 'n_estimators': 100}",0.04339,0.04883,0.70135,0.10439,8.02,10.76,0.0,43000,1,0.007,ok
ucr,060_UCR_Anomaly_DISTORTEDgait2_22000_46500_46800,DISTORTEDgait2,,lof,default,,0.44117,0.21972,0.99834,0.51064,2.02,nan,17.0,43000,1,0.007,ok
ucr,060_UCR_Anomaly_DISTORTEDgait2_22000_46500_46800,DISTORTEDgait2,,lof,tuned,"{'w': 200, 'k': 10}",0.55317,0.36119,0.99833,0.66347,2.65,6.35,0.0,43000,1,0.007,ok
ucr,060_UCR_Anomaly_DISTORTEDgait2_22000_46500_46800,DISTORTEDgait2,,knn,default,,0.43079,0.2165,0.99828,0.46519,1.59,nan,17.0,43000,1,0.007,ok
ucr,060_UCR_Anomaly_DISTORTEDgait2_22000_46500_46800,DISTORTEDgait2,,knn,tuned,"{'w': 100, 'k': 5}",0.43079,0.2165,0.99828,0.46519,3.07,4.13,0.0,43000,1,0.007,ok
ucr,060_UCR_Anomaly_DISTORTEDgait2_22000_46500_46800,DISTORTEDgait2,,ae,default,,0.01292,0.02135,0.66213,0.02774,9.72,nan,40.3,43000,1,0.007,ok
ucr,060_UCR_Anomaly_DISTORTEDgait2_22000_46500_46800,DISTORTEDgait2,,ae,tuned,"{'w': 200, 'hidden': 32, 'latent': 16}",0.00496,0.00801,0.6964,0.00195,10.58,47.72,0.0,43000,1,0.007,ok
ucr,062_UCR_Anomaly_DISTORTEDgaitHunt1_18500_33070_33180,DISTORTEDgaitHunt1,,iforest,default,,0.00476,0.00841,0.82337,0.00972,3.66,nan,17.0,45500,1,0.00244,ok
ucr,062_UCR_Anomaly_DISTORTEDgaitHunt1_18500_33070_33180,DISTORTEDgaitHunt1,,iforest,tuned,"{'w': 100, 'n_estimators': 200}",0.00476,0.00841,0.82337,0.00972,5.34,9.73,0.0,45500,1,0.00244,ok
ucr,062_UCR_Anomaly_DISTORTEDgaitHunt1_18500_33070_33180,DISTORTEDgaitHunt1,,lof,default,,0.60975,0.28635,0.9993,0.67187,1.93,nan,17.0,45500,1,0.00244,ok
ucr,062_UCR_Anomaly_DISTORTEDgaitHunt1_18500_33070_33180,DISTORTEDgaitHunt1,,lof,tuned,"{'w': 200, 'k': 10}",0.08144,0.11589,0.71668,0.21505,2.67,4.78,0.0,45500,1,0.00244,ok
ucr,062_UCR_Anomaly_DISTORTEDgaitHunt1_18500_33070_33180,DISTORTEDgaitHunt1,,knn,default,,0.37727,0.31776,0.78115,0.54857,1.92,nan,17.0,45500,1,0.00244,ok
ucr,062_UCR_Anomaly_DISTORTEDgaitHunt1_18500_33070_33180,DISTORTEDgaitHunt1,,knn,tuned,"{'w': 100, 'k': 3}",0.40493,0.34115,0.78109,0.56497,3.03,3.25,0.0,45500,1,0.00244,ok
ucr,062_UCR_Anomaly_DISTORTEDgaitHunt1_18500_33070_33180,DISTORTEDgaitHunt1,,ae,default,,0.76348,0.34043,0.99965,0.7933,8.48,nan,42.4,45500,1,0.00244,ok
ucr,062_UCR_Anomaly_DISTORTEDgaitHunt1_18500_33070_33180,DISTORTEDgaitHunt1,,ae,tuned,"{'w': 200, 'hidden': 32, 'latent': 16}",0.00627,0.00898,0.80311,0.02169,9.45,39.01,0.0,45500,1,0.00244,ok
ucr,064_UCR_Anomaly_DISTORTEDgaitHunt3_23400_38400_39200,DISTORTEDgaitHunt3,,iforest,default,,0.05616,0.06982,0.74113,0.10573,3.54,nan,17.0,40600,1,0.01973,ok
ucr,064_UCR_Anomaly_DISTORTEDgaitHunt3_23400_38400_39200,DISTORTEDgaitHunt3,,iforest,tuned,"{'w': 100, 'n_estimators': 100}",0.05574,0.06955,0.74543,0.10738,3.71,10.05,0.0,40600,1,0.01973,ok
ucr,064_UCR_Anomaly_DISTORTEDgaitHunt3_23400_38400_39200,DISTORTEDgaitHunt3,,lof,default,,0.51954,0.48365,0.9911,0.72822,2.12,nan,17.0,40600,1,0.01973,ok
ucr,064_UCR_Anomaly_DISTORTEDgaitHunt3_23400_38400_39200,DISTORTEDgaitHunt3,,lof,tuned,"{'w': 200, 'k': 10}",0.51001,0.4855,0.9911,0.76366,2.5,6.5,0.0,40600,1,0.01973,ok
ucr,064_UCR_Anomaly_DISTORTEDgaitHunt3_23400_38400_39200,DISTORTEDgaitHunt3,,knn,default,,0.57067,0.55546,0.99115,0.73589,1.49,nan,17.0,40600,1,0.01973,ok
ucr,064_UCR_Anomaly_DISTORTEDgaitHunt3_23400_38400_39200,DISTORTEDgaitHunt3,,knn,tuned,"{'w': 200, 'k': 1}",0.52543,0.56896,0.96577,0.76995,2.23,4.12,0.0,40600,1,0.01973,ok
ucr,064_UCR_Anomaly_DISTORTEDgaitHunt3_23400_38400_39200,DISTORTEDgaitHunt3,,ae,default,,0.21062,0.17031,0.99523,0.43177,9.57,nan,40.3,40600,1,0.01973,ok
ucr,064_UCR_Anomaly_DISTORTEDgaitHunt3_23400_38400_39200,DISTORTEDgaitHunt3,,ae,tuned,"{'w': 200, 'hidden': 32, 'latent': 16}",0.14064,0.15693,0.99082,0.33369,9.92,48.88,0.0,40600,1,0.01973,ok
ucr,066_UCR_Anomaly_DISTORTEDinsectEPG2_3700_8000_8025,DISTORTEDinsectEPG2,,iforest,default,,0.02379,0.03452,0.78437,0.07035,1.39,nan,17.0,6298,1,0.00413,ok
ucr,066_UCR_Anomaly_DISTORTEDinsectEPG2_3700_8000_8025,DISTORTEDinsectEPG2,,iforest,tuned,"{'w': 50, 'n_estimators': 200}",0.04083,0.05475,0.76634,0.10969,1.63,6.05,0.0,6298,1,0.00413,ok
ucr,066_UCR_Anomaly_DISTORTEDinsectEPG2_3700_8000_8025,DISTORTEDinsectEPG2,,lof,default,,0.06778,0.10541,0.816,0.192,0.22,nan,17.0,6298,1,0.00413,ok
ucr,066_UCR_Anomaly_DISTORTEDinsectEPG2_3700_8000_8025,DISTORTEDinsectEPG2,,lof,tuned,"{'w': 50, 'k': 30}",1.0,0.68324,0.99924,0.88934,0.61,1.65,0.0,6298,1,0.00413,ok
ucr,066_UCR_Anomaly_DISTORTEDinsectEPG2_3700_8000_8025,DISTORTEDinsectEPG2,,knn,default,,0.1478,0.17827,0.83028,0.32692,0.13,nan,17.0,6298,1,0.00413,ok
ucr,066_UCR_Anomaly_DISTORTEDinsectEPG2_3700_8000_8025,DISTORTEDinsectEPG2,,knn,tuned,"{'w': 100, 'k': 5}",0.1478,0.17827,0.83028,0.32692,0.4,1.27,0.0,6298,1,0.00413,ok
ucr,066_UCR_Anomaly_DISTORTEDinsectEPG2_3700_8000_8025,DISTORTEDinsectEPG2,,ae,default,,0.06804,0.10877,0.80345,0.192,1.54,nan,24.1,6298,1,0.00413,ok
ucr,066_UCR_Anomaly_DISTORTEDinsectEPG2_3700_8000_8025,DISTORTEDinsectEPG2,,ae,tuned,"{'w': 50, 'hidden': 32, 'latent': 16}",0.08908,0.1229,0.79128,0.22831,3.6,8.22,0.0,6298,1,0.00413,ok
ucr,068_UCR_Anomaly_DISTORTEDinsectEPG4_1300_6508_6558,DISTORTEDinsectEPG4,,iforest,default,,0.00848,0.01203,0.95559,0.00894,1.41,nan,17.0,8698,1,0.00586,ok
ucr,068_UCR_Anomaly_DISTORTEDinsectEPG4_1300_6508_6558,DISTORTEDinsectEPG4,,lof,default,,0.00327,0.00496,0.87328,0.0,0.2,nan,17.0,8698,1,0.00586,ok
ucr,068_UCR_Anomaly_DISTORTEDinsectEPG4_1300_6508_6558,DISTORTEDinsectEPG4,,knn,default,,0.87105,0.69195,0.99781,0.92582,0.16,nan,17.0,8698,1,0.00586,ok
ucr,068_UCR_Anomaly_DISTORTEDinsectEPG4_1300_6508_6558,DISTORTEDinsectEPG4,,ae,default,,0.00319,0.00501,0.95338,0.0,0.91,nan,25.4,8698,1,0.00586,ok
ucr,070_UCR_Anomaly_DISTORTEDltstdbs30791AI_17555_52600_52800,DISTORTEDltstdbs30791AI,,iforest,default,,0.71441,0.37042,0.99894,0.675,3.47,nan,17.0,38568,1,0.00521,ok
ucr,070_UCR_Anomaly_DISTORTEDltstdbs30791AI_17555_52600_52800,DISTORTEDltstdbs30791AI,,iforest,tuned,"{'w': 100, 'n_estimators': 100}",0.70793,0.36866,0.99894,0.67057,3.86,9.97,0.0,38568,1,0.00521,ok
ucr,070_UCR_Anomaly_DISTORTEDltstdbs30791AI_17555_52600_52800,DISTORTEDltstdbs30791AI,,lof,default,,0.80914,0.65124,0.99839,0.83289,1.61,nan,17.0,38568,1,0.00521,ok
ucr,070_UCR_Anomaly_DISTORTEDltstdbs30791AI_17555_52600_52800,DISTORTEDltstdbs30791AI,,lof,tuned,"{'w': 200, 'k': 10}",0.93993,0.84919,0.99854,0.91279,2.08,4.45,0.0,38568,1,0.00521,ok
ucr,070_UCR_Anomaly_DISTORTEDltstdbs30791AI_17555_52600_52800,DISTORTEDltstdbs30791AI,,knn,default,,0.88847,0.68233,0.99854,0.91188,1.15,nan,17.0,38568,1,0.00521,ok
ucr,070_UCR_Anomaly_DISTORTEDltstdbs30791AI_17555_52600_52800,DISTORTEDltstdbs30791AI,,knn,tuned,"{'w': 100, 'k': 3}",0.8903,0.68321,0.99854,0.91623,2.46,3.29,0.0,38568,1,0.00521,ok
ucr,070_UCR_Anomaly_DISTORTEDltstdbs30791AI_17555_52600_52800,DISTORTEDltstdbs30791AI,,ae,default,,0.82803,0.6398,0.99851,0.83142,7.3,nan,39.0,38568,1,0.00521,ok
ucr,070_UCR_Anomaly_DISTORTEDltstdbs30791AI_17555_52600_52800,DISTORTEDltstdbs30791AI,,ae,tuned,"{'w': 100, 'hidden': 64, 'latent': 8}",0.84573,0.63676,0.9985,0.83006,9.0,36.08,0.0,38568,1,0.00521,ok
ucr,072_UCR_Anomaly_DISTORTEDltstdbs30791ES_20000_52600_52800,DISTORTEDltstdbs30791ES,,iforest,default,,0.00362,0.00645,0.73056,0.0,2.83,nan,17.0,35000,1,0.00574,ok
ucr,072_UCR_Anomaly_DISTORTEDltstdbs30791ES_20000_52600_52800,DISTORTEDltstdbs30791ES,,iforest,tuned,"{'w': 100, 'n_estimators': 100}",0.00362,0.00641,0.77252,0.0,3.73,9.72,0.0,35000,1,0.00574,ok
ucr,072_UCR_Anomaly_DISTORTEDltstdbs30791ES_20000_52600_52800,DISTORTEDltstdbs30791ES,,lof,default,,0.62992,0.41624,0.9984,0.63365,1.57,nan,17.0,35000,1,0.00574,ok
ucr,072_UCR_Anomaly_DISTORTEDltstdbs30791ES_20000_52600_52800,DISTORTEDltstdbs30791ES,,lof,tuned,"{'w': 100, 'k': 30}",0.62478,0.41678,0.99837,0.63365,2.83,6.45,0.0,35000,1,0.00574,ok
ucr,072_UCR_Anomaly_DISTORTEDltstdbs30791ES_20000_52600_52800,DISTORTEDltstdbs30791ES,,knn,default,,0.12484,0.09736,0.97826,0.23433,1.13,nan,17.0,35000,1,0.00574,ok
ucr,072_UCR_Anomaly_DISTORTEDltstdbs30791ES_20000_52600_52800,DISTORTEDltstdbs30791ES,,knn,tuned,"{'w': 100, 'k': 3}",0.20376,0.11338,0.98988,0.3588,2.69,3.62,0.0,35000,1,0.00574,ok
ucr,072_UCR_Anomaly_DISTORTEDltstdbs30791ES_20000_52600_52800,DISTORTEDltstdbs30791ES,,ae,default,,0.36305,0.16556,0.99837,0.4667,8.08,nan,38.3,35000,1,0.00574,ok
ucr,072_UCR_Anomaly_DISTORTEDltstdbs30791ES_20000_52600_52800,DISTORTEDltstdbs30791ES,,ae,tuned,"{'w': 100, 'hidden': 32, 'latent': 8}",0.02095,0.02571,0.81294,0.05718,9.43,40.17,0.0,35000,1,0.00574,ok
ucr,074_UCR_Anomaly_DISTORTEDqtdbSel1005V_4000_12400_12800,DISTORTEDqtdbSel1005V,,iforest,default,,0.01112,0.01676,0.71558,0.00873,2.72,nan,17.0,32001,1,0.01253,ok
ucr,074_UCR_Anomaly_DISTORTEDqtdbSel1005V_4000_12400_12800,DISTORTEDqtdbSel1005V,,iforest,tuned,"{'w': 50, 'n_estimators': 100}",0.01058,0.01568,0.69095,0.00323,2.53,6.03,0.0,32001,1,0.01253,ok
ucr,074_UCR_Anomaly_DISTORTEDqtdbSel1005V_4000_12400_12800,DISTORTEDqtdbSel1005V,,lof,default,,0.00957,0.01253,0.64807,0.00369,0.79,nan,17.0,32001,1,0.01253,ok
ucr,074_UCR_Anomaly_DISTORTEDqtdbSel1005V_4000_12400_12800,DISTORTEDqtdbSel1005V,,lof,tuned,"{'w': 50, 'k': 30}",0.01134,0.01859,0.7545,0.01608,2.23,1.83,0.0,32001,1,0.01253,ok
ucr,074_UCR_Anomaly_DISTORTEDqtdbSel1005V_4000_12400_12800,DISTORTEDqtdbSel1005V,,knn,default,,0.01114,0.01572,0.6599,0.01023,0.6,nan,17.0,32001,1,0.01253,ok
ucr,074_UCR_Anomaly_DISTORTEDqtdbSel1005V_4000_12400_12800,DISTORTEDqtdbSel1005V,,knn,tuned,"{'w': 50, 'k': 3}",0.01055,0.01526,0.65853,0.00976,2.05,1.39,0.0,32001,1,0.01253,ok
ucr,074_UCR_Anomaly_DISTORTEDqtdbSel1005V_4000_12400_12800,DISTORTEDqtdbSel1005V,,ae,default,,0.00863,0.01124,0.61345,0.00141,3.21,nan,34.6,32001,1,0.01253,ok
ucr,074_UCR_Anomaly_DISTORTEDqtdbSel1005V_4000_12400_12800,DISTORTEDqtdbSel1005V,,ae,tuned,"{'w': 200, 'hidden': 32, 'latent': 16}",0.00704,0.00983,0.56689,0.0,5.53,10.9,0.0,32001,1,0.01253,ok
ucr,076_UCR_Anomaly_DISTORTEDresperation10_48000_130700_131880,DISTORTEDresperation10,,iforest,default,,0.02283,0.02356,0.84263,0.06163,9.81,nan,17.0,147000,1,0.00803,ok
ucr,076_UCR_Anomaly_DISTORTEDresperation10_48000_130700_131880,DISTORTEDresperation10,,iforest,tuned,"{'w': 200, 'n_estimators': 100}",0.03465,0.0339,0.95503,0.07721,16.6,13.81,0.0,147000,1,0.00803,ok
ucr,076_UCR_Anomaly_DISTORTEDresperation10_48000_130700_131880,DISTORTEDresperation10,,lof,default,,0.19031,0.11518,0.86705,0.36288,9.64,nan,17.0,147000,1,0.00803,ok
ucr,076_UCR_Anomaly_DISTORTEDresperation10_48000_130700_131880,DISTORTEDresperation10,,lof,tuned,"{'w': 100, 'k': 10}",0.26096,0.16278,0.99908,0.45955,15.12,11.28,0.0,147000,1,0.00803,ok
ucr,076_UCR_Anomaly_DISTORTEDresperation10_48000_130700_131880,DISTORTEDresperation10,,knn,default,,0.16384,0.11767,0.91283,0.32275,8.61,nan,17.0,147000,1,0.00803,ok
ucr,076_UCR_Anomaly_DISTORTEDresperation10_48000_130700_131880,DISTORTEDresperation10,,knn,tuned,"{'w': 200, 'k': 5}",0.158,0.15238,0.75459,0.32501,9.86,7.54,0.0,147000,1,0.00803,ok
ucr,076_UCR_Anomaly_DISTORTEDresperation10_48000_130700_131880,DISTORTEDresperation10,,ae,default,,0.58623,0.4803,0.99908,0.75513,22.95,nan,84.4,147000,1,0.00803,ok
ucr,076_UCR_Anomaly_DISTORTEDresperation10_48000_130700_131880,DISTORTEDresperation10,,ae,tuned,"{'w': 100, 'hidden': 32, 'latent': 16}",0.48175,0.35054,0.99908,0.61928,27.92,91.39,0.0,147000,1,0.00803,ok
ucr,078_UCR_Anomaly_DISTORTEDresperation1_100000_110260_110412,DISTORTEDresperation1,,iforest,default,,0.00272,0.00323,0.78081,0.00581,6.41,nan,17.0,100000,1,0.00153,ok
ucr,078_UCR_Anomaly_DISTORTEDresperation1_100000_110260_110412,DISTORTEDresperation1,,iforest,tuned,"{'w': 400, 'n_estimators': 200}",0.00096,0.00148,0.74516,0.0,25.65,28.1,0.0,100000,1,0.00153,ok
ucr,078_UCR_Anomaly_DISTORTEDresperation1_100000_110260_110412,DISTORTEDresperation1,,lof,default,,0.83847,0.32319,0.99985,0.7158,18.35,nan,17.0,100000,1,0.00153,ok
ucr,078_UCR_Anomaly_DISTORTEDresperation1_100000_110260_110412,DISTORTEDresperation1,,lof,tuned,"{'w': 100, 'k': 30}",0.47961,0.3065,0.95463,0.43307,17.64,35.29,0.0,100000,1,0.00153,ok
ucr,078_UCR_Anomaly_DISTORTEDresperation1_100000_110260_110412,DISTORTEDresperation1,,knn,default,,0.26138,0.2361,0.87697,0.42938,10.05,nan,17.0,100000,1,0.00153,ok
ucr,078_UCR_Anomaly_DISTORTEDresperation1_100000_110260_110412,DISTORTEDresperation1,,knn,tuned,"{'w': 200, 'k': 3}",0.99971,0.31552,0.99983,0.7158,8.12,20.67,0.0,100000,1,0.00153,ok
ucr,078_UCR_Anomaly_DISTORTEDresperation1_100000_110260_110412,DISTORTEDresperation1,,ae,default,,0.00255,0.00579,0.72566,0.00566,36.54,nan,70.2,100000,1,0.00153,ok
ucr,078_UCR_Anomaly_DISTORTEDresperation1_100000_110260_110412,DISTORTEDresperation1,,ae,tuned,"{'w': 100, 'hidden': 64, 'latent': 8}",0.00528,0.01258,0.88088,0.01579,48.96,160.83,0.0,100000,1,0.00153,ok
ucr,080_UCR_Anomaly_DISTORTEDresperation2_30000_168250_168251,DISTORTEDresperation2,,iforest,default,,1e-05,2e-05,0.64647,0.0,12.66,nan,17.0,160050,1,1e-05,ok
ucr,080_UCR_Anomaly_DISTORTEDresperation2_30000_168250_168251,DISTORTEDresperation2,,iforest,tuned,"{'w': 400, 'n_estimators': 200}",1e-05,2e-05,0.63539,0.0,29.8,13.9,0.0,160050,1,1e-05,ok
ucr,080_UCR_Anomaly_DISTORTEDresperation2_30000_168250_168251,DISTORTEDresperation2,,lof,default,,2e-05,3e-05,0.57474,0.0,7.67,nan,17.0,160050,1,1e-05,ok
ucr,080_UCR_Anomaly_DISTORTEDresperation2_30000_168250_168251,DISTORTEDresperation2,,lof,tuned,"{'w': 100, 'k': 10}",1e-05,2e-05,0.59689,0.0,11.48,4.94,0.0,160050,1,1e-05,ok
ucr,080_UCR_Anomaly_DISTORTEDresperation2_30000_168250_168251,DISTORTEDresperation2,,knn,default,,1e-05,3e-05,0.58967,0.0,6.36,nan,17.0,160050,1,1e-05,ok
ucr,080_UCR_Anomaly_DISTORTEDresperation2_30000_168250_168251,DISTORTEDresperation2,,knn,tuned,"{'w': 100, 'k': 1}",1e-05,2e-05,0.589,0.0,10.86,4.27,0.0,160050,1,1e-05,ok
ucr,080_UCR_Anomaly_DISTORTEDresperation2_30000_168250_168251,DISTORTEDresperation2,,ae,default,,1e-05,3e-05,0.6345,0.0,18.18,nan,88.7,160050,1,1e-05,ok
ucr,080_UCR_Anomaly_DISTORTEDresperation2_30000_168250_168251,DISTORTEDresperation2,,ae,tuned,"{'w': 100, 'hidden': 32, 'latent': 8}",1e-05,2e-05,0.62259,0.0,22.71,44.26,0.0,160050,1,1e-05,ok
ucr,082_UCR_Anomaly_DISTORTEDresperation4_70000_128430_128431,DISTORTEDresperation4,,iforest,default,,1e-05,3e-05,0.89747,0.0,7.46,nan,17.0,125250,1,2e-05,ok
ucr,082_UCR_Anomaly_DISTORTEDresperation4_70000_128430_128431,DISTORTEDresperation4,,iforest,tuned,"{'w': 200, 'n_estimators': 100}",1e-05,3e-05,0.89757,0.0,14.37,20.62,0.0,125250,1,2e-05,ok
ucr,082_UCR_Anomaly_DISTORTEDresperation4_70000_128430_128431,DISTORTEDresperation4,,lof,default,,2e-05,2e-05,0.78381,0.0,11.28,nan,17.0,125250,1,2e-05,ok
ucr,082_UCR_Anomaly_DISTORTEDresperation4_70000_128430_128431,DISTORTEDresperation4,,lof,tuned,"{'w': 50, 'k': 10}",4e-05,6e-05,0.71263,0.00011,44.79,31.85,0.0,125250,1,2e-05,ok
ucr,082_UCR_Anomaly_DISTORTEDresperation4_70000_128430_128431,DISTORTEDresperation4,,knn,default,,2e-05,3e-05,0.85245,0.0,10.37,nan,17.0,125250,1,2e-05,ok
ucr,082_UCR_Anomaly_DISTORTEDresperation4_70000_128430_128431,DISTORTEDresperation4,,knn,tuned,"{'w': 200, 'k': 3}",2e-05,3e-05,0.84064,0.0,8.38,16.85,0.0,125250,1,2e-05,ok
ucr,082_UCR_Anomaly_DISTORTEDresperation4_70000_128430_128431,DISTORTEDresperation4,,ae,default,,1e-05,3e-05,0.71682,0.0,30.09,nan,77.3,125250,1,2e-05,ok
ucr,082_UCR_Anomaly_DISTORTEDresperation4_70000_128430_128431,DISTORTEDresperation4,,ae,tuned,"{'w': 100, 'hidden': 64, 'latent': 8}",1e-05,3e-05,0.71712,0.0,33.24,183.22,0.0,125250,1,2e-05,ok
ucr,084_UCR_Anomaly_DISTORTEDs20101mML2_12000_35774_35874,DISTORTEDs20101mML2,,iforest,default,,0.62601,0.50867,0.99886,0.68695,2.85,nan,17.0,28000,1,0.00361,ok
ucr,084_UCR_Anomaly_DISTORTEDs20101mML2_12000_35774_35874,DISTORTEDs20101mML2,,iforest,tuned,"{'w': 100, 'n_estimators': 100}",0.59516,0.49884,0.99886,0.67603,2.91,8.21,0.0,28000,1,0.00361,ok
ucr,084_UCR_Anomaly_DISTORTEDs20101mML2_12000_35774_35874,DISTORTEDs20101mML2,,lof,default,,0.95654,0.80461,0.99933,0.83949,1.0,nan,17.0,28000,1,0.00361,ok
ucr,084_UCR_Anomaly_DISTORTEDs20101mML2_12000_35774_35874,DISTORTEDs20101mML2,,lof,tuned,"{'w': 100, 'k': 30}",0.94463,0.79621,0.99933,0.83949,1.96,3.19,0.0,28000,1,0.00361,ok
ucr,084_UCR_Anomaly_DISTORTEDs20101mML2_12000_35774_35874,DISTORTEDs20101mML2,,knn,default,,0.9526,0.79473,0.99948,0.83949,0.72,nan,17.0,28000,1,0.00361,ok
ucr,084_UCR_Anomaly_DISTORTEDs20101mML2_12000_35774_35874,DISTORTEDs20101mML2,,knn,tuned,"{'w': 100, 'k': 3}",0.95413,0.78984,0.99948,0.83949,1.75,2.26,0.0,28000,1,0.00361,ok
ucr,084_UCR_Anomaly_DISTORTEDs20101mML2_12000_35774_35874,DISTORTEDs20101mML2,,ae,default,,0.98784,0.82947,0.99933,0.83949,5.6,nan,33.4,28000,1,0.00361,ok
ucr,084_UCR_Anomaly_DISTORTEDs20101mML2_12000_35774_35874,DISTORTEDs20101mML2,,ae,tuned,"{'w': 100, 'hidden': 32, 'latent': 16}",0.99011,0.82896,0.99933,0.83949,6.81,26.87,0.0,28000,1,0.00361,ok
ucr,086_UCR_Anomaly_DISTORTEDsddb49_20000_67950_68200,DISTORTEDsddb49,,iforest,default,,0.01377,0.01342,0.72205,0.03023,4.6,nan,17.0,60000,1,0.00418,ok
ucr,086_UCR_Anomaly_DISTORTEDsddb49_20000_67950_68200,DISTORTEDsddb49,,iforest,tuned,"{'w': 100, 'n_estimators': 100}",0.01337,0.01312,0.72214,0.0299,5.2,9.83,0.0,60000,1,0.00418,ok
ucr,086_UCR_Anomaly_DISTORTEDsddb49_20000_67950_68200,DISTORTEDsddb49,,lof,default,,0.51084,0.23959,0.99917,0.57961,2.47,nan,17.0,60000,1,0.00418,ok
ucr,086_UCR_Anomaly_DISTORTEDsddb49_20000_67950_68200,DISTORTEDsddb49,,lof,tuned,"{'w': 100, 'k': 30}",0.48541,0.21771,0.99917,0.58341,4.34,5.26,0.0,60000,1,0.00418,ok
ucr,086_UCR_Anomaly_DISTORTEDsddb49_20000_67950_68200,DISTORTEDsddb49,,knn,default,,0.40375,0.15657,0.99918,0.48059,2.19,nan,17.0,60000,1,0.00418,ok
ucr,086_UCR_Anomaly_DISTORTEDsddb49_20000_67950_68200,DISTORTEDsddb49,,knn,tuned,"{'w': 200, 'k': 1}",0.65494,0.32944,0.9992,0.69401,3.32,3.39,0.0,60000,1,0.00418,ok
ucr,086_UCR_Anomaly_DISTORTEDsddb49_20000_67950_68200,DISTORTEDsddb49,,ae,default,,0.75786,0.35378,0.99917,0.6953,9.94,nan,47.6,60000,1,0.00418,ok
ucr,086_UCR_Anomaly_DISTORTEDsddb49_20000_67950_68200,DISTORTEDsddb49,,ae,tuned,"{'w': 200, 'hidden': 32, 'latent': 16}",0.97716,0.69854,0.99918,0.89322,12.44,43.23,0.0,60000,1,0.00418,ok
ucr,088_UCR_Anomaly_DISTORTEDsel840mECG2_20000_49370_49740,DISTORTEDsel840mECG2,,iforest,default,,0.00708,0.00966,0.69788,0.00109,3.06,nan,17.0,37001,1,0.01003,ok
ucr,088_UCR_Anomaly_DISTORTEDsel840mECG2_20000_49370_49740,DISTORTEDsel840mECG2,,iforest,tuned,"{'w': 400, 'n_estimators': 100}",0.00701,0.00926,0.69086,0.00045,7.91,11.12,0.0,37001,1,0.01003,ok
ucr,088_UCR_Anomaly_DISTORTEDsel840mECG2_20000_49370_49740,DISTORTEDsel840mECG2,,lof,default,,0.0283,0.03442,0.79506,0.07309,1.69,nan,17.0,37001,1,0.01003,ok
ucr,088_UCR_Anomaly_DISTORTEDsel840mECG2_20000_49370_49740,DISTORTEDsel840mECG2,,lof,tuned,"{'w': 50, 'k': 30}",0.02527,0.02875,0.78389,0.05878,4.83,7.57,0.0,37001,1,0.01003,ok
ucr,088_UCR_Anomaly_DISTORTEDsel840mECG2_20000_49370_49740,DISTORTEDsel840mECG2,,knn,default,,0.02611,0.03329,0.80912,0.06719,1.2,nan,17.0,37001,1,0.01003,ok
ucr,088_UCR_Anomaly_DISTORTEDsel840mECG2_20000_49370_49740,DISTORTEDsel840mECG2,,knn,tuned,"{'w': 200, 'k': 1}",0.07664,0.09199,0.84041,0.22252,2.1,5.11,0.0,37001,1,0.01003,ok
ucr,088_UCR_Anomaly_DISTORTEDsel840mECG2_20000_49370_49740,DISTORTEDsel840mECG2,,ae,default,,0.00984,0.01416,0.72821,0.01539,8.81,nan,38.1,37001,1,0.01003,ok
ucr,088_UCR_Anomaly_DISTORTEDsel840mECG2_20000_49370_49740,DISTORTEDsel840mECG2,,ae,tuned,"{'w': 200, 'hidden': 32, 'latent': 16}",0.0064,0.0085,0.65769,0.0023,8.91,43.94,0.0,37001,1,0.01003,ok
ucr,090_UCR_Anomaly_DISTORTEDtiltAPB2_50000_124159_124985,DISTORTEDtiltAPB2,,iforest,default,,0.01837,0.01894,0.68209,0.03718,5.55,nan,17.0,78767,1,0.0105,ok
ucr,090_UCR_Anomaly_DISTORTEDtiltAPB2_50000_124159_124985,DISTORTEDtiltAPB2,,iforest,tuned,"{'w': 200, 'n_estimators': 100}",0.0232,0.02615,0.71717,0.0658,9.29,18.12,0.0,78767,1,0.0105,ok
ucr,090_UCR_Anomaly_DISTORTEDtiltAPB2_50000_124159_124985,DISTORTEDtiltAPB2,,lof,default,,0.13741,0.13114,0.81381,0.27723,5.85,nan,17.0,78767,1,0.0105,ok
ucr,090_UCR_Anomaly_DISTORTEDtiltAPB2_50000_124159_124985,DISTORTEDtiltAPB2,,lof,tuned,"{'w': 200, 'k': 50}",0.2306,0.25188,0.8312,0.47845,6.15,9.23,0.0,78767,1,0.0105,ok
ucr,090_UCR_Anomaly_DISTORTEDtiltAPB2_50000_124159_124985,DISTORTEDtiltAPB2,,knn,default,,0.14491,0.13816,0.8261,0.29087,4.46,nan,17.0,78767,1,0.0105,ok
ucr,090_UCR_Anomaly_DISTORTEDtiltAPB2_50000_124159_124985,DISTORTEDtiltAPB2,,knn,tuned,"{'w': 200, 'k': 5}",0.24142,0.27147,0.84018,0.5132,5.1,6.97,0.0,78767,1,0.0105,ok
ucr,090_UCR_Anomaly_DISTORTEDtiltAPB2_50000_124159_124985,DISTORTEDtiltAPB2,,ae,default,,0.48074,0.35155,0.9982,0.60664,20.91,nan,57.3,78767,1,0.0105,ok
ucr,090_UCR_Anomaly_DISTORTEDtiltAPB2_50000_124159_124985,DISTORTEDtiltAPB2,,ae,tuned,"{'w': 200, 'hidden': 32, 'latent': 8}",0.32865,0.34521,0.86246,0.6104,20.19,86.14,0.0,78767,1,0.0105,ok
ucr,092_UCR_Anomaly_DISTORTEDtiltAPB4_20000_67995_67996,DISTORTEDtiltAPB4,,iforest,default,,6e-05,0.00012,0.74354,0.00017,6.97,nan,17.0,108001,1,2e-05,ok
ucr,092_UCR_Anomaly_DISTORTEDtiltAPB4_20000_67995_67996,DISTORTEDtiltAPB4,,iforest,tuned,"{'w': 100, 'n_estimators': 200}",6e-05,0.00012,0.74354,0.00017,10.81,10.46,0.0,108001,1,2e-05,ok
ucr,092_UCR_Anomaly_DISTORTEDtiltAPB4_20000_67995_67996,DISTORTEDtiltAPB4,,lof,default,,4e-05,8e-05,0.5648,0.0,4.48,nan,17.0,108001,1,2e-05,ok
ucr,092_UCR_Anomaly_DISTORTEDtiltAPB4_20000_67995_67996,DISTORTEDtiltAPB4,,lof,tuned,"{'w': 100, 'k': 50}",4e-05,8e-05,0.5648,0.0,7.27,5.4,0.0,108001,1,2e-05,ok
ucr,092_UCR_Anomaly_DISTORTEDtiltAPB4_20000_67995_67996,DISTORTEDtiltAPB4,,knn,default,,0.00012,0.00022,0.5916,0.0003,3.52,nan,17.0,108001,1,2e-05,ok
ucr,092_UCR_Anomaly_DISTORTEDtiltAPB4_20000_67995_67996,DISTORTEDtiltAPB4,,knn,tuned,"{'w': 200, 'k': 1}",3e-05,7e-05,0.56968,0.0,5.33,3.46,0.0,108001,1,2e-05,ok
ucr,092_UCR_Anomaly_DISTORTEDtiltAPB4_20000_67995_67996,DISTORTEDtiltAPB4,,ae,default,,0.36667,0.08909,0.9503,0.07018,13.31,nan,67.6,108001,1,2e-05,ok
ucr,092_UCR_Anomaly_DISTORTEDtiltAPB4_20000_67995_67996,DISTORTEDtiltAPB4,,ae,tuned,"{'w': 200, 'hidden': 32, 'latent': 16}",4e-05,8e-05,0.56702,0.0,20.91,50.56,0.0,108001,1,2e-05,ok
ucr,094_UCR_Anomaly_NOISEBIDMC1_2500_5400_5600,NOISEBIDMC1,,iforest,default,,0.61879,0.4995,0.99621,0.76544,1.56,nan,17.0,8500,1,0.02365,ok
ucr,094_UCR_Anomaly_NOISEBIDMC1_2500_5400_5600,NOISEBIDMC1,,lof,default,,0.88414,0.75555,0.99844,0.96773,0.22,nan,17.0,8500,1,0.02365,ok
ucr,094_UCR_Anomaly_NOISEBIDMC1_2500_5400_5600,NOISEBIDMC1,,knn,default,,0.88316,0.74748,0.99868,0.9701,0.15,nan,17.0,8500,1,0.02365,ok
ucr,094_UCR_Anomaly_NOISEBIDMC1_2500_5400_5600,NOISEBIDMC1,,ae,default,,0.86748,0.73645,0.99829,0.96662,1.36,nan,25.5,8500,1,0.02365,ok
ucr,096_UCR_Anomaly_NOISEECG4_5000_16900_17100,NOISEECG4,,iforest,default,,0.00802,0.02813,0.96001,0.00906,2.7,nan,17.0,25000,1,0.00804,ok
ucr,096_UCR_Anomaly_NOISEECG4_5000_16900_17100,NOISEECG4,,iforest,tuned,"{'w': 50, 'n_estimators': 100}",0.00761,0.01406,0.68341,0.00799,2.37,6.6,0.0,25000,1,0.00804,ok
ucr,096_UCR_Anomaly_NOISEECG4_5000_16900_17100,NOISEECG4,,lof,default,,0.9929,0.8501,0.99947,0.9652,0.66,nan,17.0,25000,1,0.00804,ok
ucr,096_UCR_Anomaly_NOISEECG4_5000_16900_17100,NOISEECG4,,lof,tuned,"{'w': 50, 'k': 30}",0.8434,0.64944,0.9981,0.92488,1.95,1.71,0.0,25000,1,0.00804,ok
ucr,096_UCR_Anomaly_NOISEECG4_5000_16900_17100,NOISEECG4,,knn,default,,0.92821,0.83014,0.99903,0.93828,0.5,nan,17.0,25000,1,0.00804,ok
ucr,096_UCR_Anomaly_NOISEECG4_5000_16900_17100,NOISEECG4,,knn,tuned,"{'w': 50, 'k': 3}",0.66279,0.49799,0.9981,0.7297,1.68,1.3,0.0,25000,1,0.00804,ok
ucr,096_UCR_Anomaly_NOISEECG4_5000_16900_17100,NOISEECG4,,ae,default,,0.86359,0.75163,0.99875,0.88587,3.13,nan,31.7,25000,1,0.00804,ok
ucr,096_UCR_Anomaly_NOISEECG4_5000_16900_17100,NOISEECG4,,ae,tuned,"{'w': 50, 'hidden': 64, 'latent': 8}",0.53421,0.39401,0.99812,0.59486,5.86,11.82,0.0,25000,1,0.00804,ok
ucr,098_UCR_Anomaly_NOISEInternalBleeding16_1200_4187_4199,NOISEInternalBleeding16,,iforest,default,,0.00782,0.01055,0.65325,0.02303,1.43,nan,17.0,6301,1,0.00206,ok
ucr,098_UCR_Anomaly_NOISEInternalBleeding16_1200_4187_4199,NOISEInternalBleeding16,,lof,default,,0.01028,0.01402,0.6798,0.02437,0.14,nan,17.0,6301,1,0.00206,ok
ucr,098_UCR_Anomaly_NOISEInternalBleeding16_1200_4187_4199,NOISEInternalBleeding16,,knn,default,,0.04506,0.06181,0.68533,0.10879,0.11,nan,17.0,6301,1,0.00206,ok
ucr,098_UCR_Anomaly_NOISEInternalBleeding16_1200_4187_4199,NOISEInternalBleeding16,,ae,default,,0.01431,0.02491,0.705,0.04952,0.77,nan,23.9,6301,1,0.00206,ok
ucr,100_UCR_Anomaly_NOISELab2Cmac011215EPG1_5000_17210_17260,NOISELab2Cmac011215EPG1,,iforest,default,,1.0,0.41541,0.99972,0.76842,2.59,nan,17.0,25001,1,0.00204,ok
ucr,100_UCR_Anomaly_NOISELab2Cmac011215EPG1_5000_17210_17260,NOISELab2Cmac011215EPG1,,iforest,tuned,"{'w': 50, 'n_estimators': 100}",0.99962,0.49455,0.99972,0.76842,2.46,6.67,0.0,25001,1,0.00204,ok
ucr,100_UCR_Anomaly_NOISELab2Cmac011215EPG1_5000_17210_17260,NOISELab2Cmac011215EPG1,,lof,default,,0.99259,0.46932,0.99972,0.76702,0.68,nan,17.0,25001,1,0.00204,ok
ucr,100_UCR_Anomaly_NOISELab2Cmac011215EPG1_5000_17210_17260,NOISELab2Cmac011215EPG1,,lof,tuned,"{'w': 50, 'k': 30}",0.99962,0.51145,0.99971,0.76842,1.98,1.68,0.0,25001,1,0.00204,ok
ucr,100_UCR_Anomaly_NOISELab2Cmac011215EPG1_5000_17210_17260,NOISELab2Cmac011215EPG1,,knn,default,,0.99316,0.49529,0.99972,0.76702,0.5,nan,17.0,25001,1,0.00204,ok
ucr,100_UCR_Anomaly_NOISELab2Cmac011215EPG1_5000_17210_17260,NOISELab2Cmac011215EPG1,,knn,tuned,"{'w': 50, 'k': 3}",0.99776,0.51257,0.9997,0.76842,2.1,1.35,0.0,25001,1,0.00204,ok
ucr,100_UCR_Anomaly_NOISELab2Cmac011215EPG1_5000_17210_17260,NOISELab2Cmac011215EPG1,,ae,default,,0.97118,0.53108,0.99968,0.76842,3.12,nan,31.7,25001,1,0.00204,ok
ucr,100_UCR_Anomaly_NOISELab2Cmac011215EPG1_5000_17210_17260,NOISELab2Cmac011215EPG1,,ae,tuned,"{'w': 50, 'hidden': 64, 'latent': 8}",0.98339,0.50976,0.99968,0.76842,5.86,11.68,0.0,25001,1,0.00204,ok
ucr,102_UCR_Anomaly_NOISEMesoplodonDensirostris_10000_19280_19440,NOISEMesoplodonDensirostris,,iforest,default,,0.02485,0.0298,0.69119,0.05111,1.93,nan,17.0,14667,1,0.01098,ok
ucr,102_UCR_Anomaly_NOISEMesoplodonDensirostris_10000_19280_19440,NOISEMesoplodonDensirostris,,iforest,tuned,"{'w': 100, 'n_estimators': 200}",0.02485,0.0298,0.69119,0.05111,2.77,7.82,0.0,14667,1,0.01098,ok
ucr,102_UCR_Anomaly_NOISEMesoplodonDensirostris_10000_19280_19440,NOISEMesoplodonDensirostris,,lof,default,,0.06916,0.08194,0.73679,0.1778,0.54,nan,17.0,14667,1,0.01098,ok
ucr,102_UCR_Anomaly_NOISEMesoplodonDensirostris_10000_19280_19440,NOISEMesoplodonDensirostris,,lof,tuned,"{'w': 50, 'k': 50}",0.26369,0.19943,0.81821,0.44772,1.87,2.84,0.0,14667,1,0.01098,ok
ucr,102_UCR_Anomaly_NOISEMesoplodonDensirostris_10000_19280_19440,NOISEMesoplodonDensirostris,,knn,default,,0.83502,0.6416,0.9973,0.93056,0.39,nan,17.0,14667,1,0.01098,ok
ucr,102_UCR_Anomaly_NOISEMesoplodonDensirostris_10000_19280_19440,NOISEMesoplodonDensirostris,,knn,tuned,"{'w': 100, 'k': 3}",0.84808,0.65653,0.9973,0.93232,1.0,1.96,0.0,14667,1,0.01098,ok
ucr,102_UCR_Anomaly_NOISEMesoplodonDensirostris_10000_19280_19440,NOISEMesoplodonDensirostris,,ae,default,,0.84333,0.59595,0.99728,0.93144,4.13,nan,28.0,14667,1,0.01098,ok
ucr,102_UCR_Anomaly_NOISEMesoplodonDensirostris_10000_19280_19440,NOISEMesoplodonDensirostris,,ae,tuned,"{'w': 100, 'hidden': 32, 'latent': 16}",0.82979,0.57462,0.99734,0.90138,4.76,22.36,0.0,14667,1,0.01098,ok
ucr,104_UCR_Anomaly_NOISEapneaecg4_6000_16000_16100,NOISEapneaecg4,,iforest,default,,0.00158,0.00415,0.65545,0.0,2.84,nan,17.0,32269,1,0.00313,ok
ucr,104_UCR_Anomaly_NOISEapneaecg4_6000_16000_16100,NOISEapneaecg4,,iforest,tuned,"{'w': 400, 'n_estimators': 200}",0.00158,0.00354,0.62459,0.0,7.33,6.68,0.0,32269,1,0.00313,ok
ucr,104_UCR_Anomaly_NOISEapneaecg4_6000_16000_16100,NOISEapneaecg4,,lof,default,,0.0016,0.00401,0.65801,0.0,0.91,nan,17.0,32269,1,0.00313,ok
ucr,104_UCR_Anomaly_NOISEapneaecg4_6000_16000_16100,NOISEapneaecg4,,lof,tuned,"{'w': 400, 'k': 10}",0.00176,0.00278,0.64236,0.0,1.67,2.16,0.0,32269,1,0.00313,ok
ucr,104_UCR_Anomaly_NOISEapneaecg4_6000_16000_16100,NOISEapneaecg4,,knn,default,,0.00499,0.00626,0.63572,0.00976,0.67,nan,17.0,32269,1,0.00313,ok
ucr,104_UCR_Anomaly_NOISEapneaecg4_6000_16000_16100,NOISEapneaecg4,,knn,tuned,"{'w': 50, 'k': 3}",0.00325,0.00526,0.58413,0.00428,2.27,1.45,0.0,32269,1,0.00313,ok
ucr,104_UCR_Anomaly_NOISEapneaecg4_6000_16000_16100,NOISEapneaecg4,,ae,default,,0.00158,0.00403,0.64544,0.0,3.9,nan,34.9,32269,1,0.00313,ok
ucr,104_UCR_Anomaly_NOISEapneaecg4_6000_16000_16100,NOISEapneaecg4,,ae,tuned,"{'w': 50, 'hidden': 64, 'latent': 8}",0.00163,0.00285,0.64997,0.0,7.56,14.17,0.0,32269,1,0.00313,ok
ucr,106_UCR_Anomaly_NOISEgaitHunt2_18500_31200_31850,NOISEgaitHunt2,,iforest,default,,0.08267,0.08239,0.66909,0.19229,3.88,nan,17.0,45500,1,0.01431,ok
ucr,106_UCR_Anomaly_NOISEgaitHunt2_18500_31200_31850,NOISEgaitHunt2,,iforest,tuned,"{'w': 100, 'n_estimators': 200}",0.08267,0.08239,0.66909,0.19229,5.68,9.83,0.0,45500,1,0.01431,ok
ucr,106_UCR_Anomaly_NOISEgaitHunt2_18500_31200_31850,NOISEgaitHunt2,,lof,default,,0.42452,0.42105,0.92456,0.62016,1.92,nan,17.0,45500,1,0.01431,ok
ucr,106_UCR_Anomaly_NOISEgaitHunt2_18500_31200_31850,NOISEgaitHunt2,,lof,tuned,"{'w': 100, 'k': 30}",0.45349,0.4604,0.92039,0.67631,3.35,5.1,0.0,45500,1,0.01431,ok
ucr,106_UCR_Anomaly_NOISEgaitHunt2_18500_31200_31850,NOISEgaitHunt2,,knn,default,,0.42466,0.41886,0.92694,0.61348,1.41,nan,17.0,45500,1,0.01431,ok
ucr,106_UCR_Anomaly_NOISEgaitHunt2_18500_31200_31850,NOISEgaitHunt2,,knn,tuned,"{'w': 100, 'k': 5}",0.42466,0.41886,0.92694,0.61348,3.12,3.15,0.0,45500,1,0.01431,ok
ucr,106_UCR_Anomaly_NOISEgaitHunt2_18500_31200_31850,NOISEgaitHunt2,,ae,default,,0.42588,0.33172,0.99381,0.54098,8.87,nan,42.4,45500,1,0.01431,ok
ucr,106_UCR_Anomaly_NOISEgaitHunt2_18500_31200_31850,NOISEgaitHunt2,,ae,tuned,"{'w': 200, 'hidden': 32, 'latent': 16}",0.13574,0.15407,0.77939,0.33592,10.2,44.76,0.0,45500,1,0.01431,ok
ucr,108_UCR_Anomaly_NOISEresperation2_30000_168250_168250,NOISEresperation2,,iforest,default,,1e-05,2e-05,0.6481,0.0,11.63,nan,17.0,170051,1,1e-05,ok
ucr,108_UCR_Anomaly_NOISEresperation2_30000_168250_168250,NOISEresperation2,,iforest,tuned,"{'w': 400, 'n_estimators': 200}",1e-05,2e-05,0.61547,0.0,34.76,12.8,0.0,170051,1,1e-05,ok
ucr,108_UCR_Anomaly_NOISEresperation2_30000_168250_168250,NOISEresperation2,,lof,default,,1e-05,2e-05,0.51426,0.0,8.02,nan,17.0,170051,1,1e-05,ok
ucr,108_UCR_Anomaly_NOISEresperation2_30000_168250_168250,NOISEresperation2,,lof,tuned,"{'w': 100, 'k': 10}",1e-05,2e-05,0.54605,0.0,12.76,5.1,0.0,170051,1,1e-05,ok
ucr,108_UCR_Anomaly_NOISEresperation2_30000_168250_168250,NOISEresperation2,,knn,default,,1e-05,2e-05,0.56165,0.0,7.05,nan,17.0,170051,1,1e-05,ok
ucr,108_UCR_Anomaly_NOISEresperation2_30000_168250_168250,NOISEresperation2,,knn,tuned,"{'w': 100, 'k': 3}",1e-05,2e-05,0.56249,0.0,12.31,4.12,0.0,170051,1,1e-05,ok
ucr,108_UCR_Anomaly_NOISEresperation2_30000_168250_168250,NOISEresperation2,,ae,default,,1e-05,2e-05,0.58569,0.0,19.52,nan,91.7,170051,1,1e-05,ok
ucr,108_UCR_Anomaly_NOISEresperation2_30000_168250_168250,NOISEresperation2,,ae,tuned,"{'w': 100, 'hidden': 32, 'latent': 8}",1e-05,2e-05,0.60159,0.0,25.2,47.64,0.0,170051,1,1e-05,ok
ucr,110_UCR_Anomaly_2sddb40_35000_56600_56900,2sddb40,,iforest,default,,0.00349,0.00651,0.63684,0.00052,3.79,nan,17.0,45001,1,0.00669,ok
ucr,110_UCR_Anomaly_2sddb40_35000_56600_56900,2sddb40,,iforest,tuned,"{'w': 200, 'n_estimators': 100}",0.00337,0.00626,0.63609,0.0,5.56,12.12,0.0,45001,1,0.00669,ok
ucr,110_UCR_Anomaly_2sddb40_35000_56600_56900,2sddb40,,lof,default,,0.02034,0.02561,0.65247,0.06468,2.9,nan,17.0,45001,1,0.00669,ok
ucr,110_UCR_Anomaly_2sddb40_35000_56600_56900,2sddb40,,lof,tuned,"{'w': 200, 'k': 50}",0.01481,0.02051,0.65459,0.04975,3.4,7.52,0.0,45001,1,0.00669,ok
ucr,110_UCR_Anomaly_2sddb40_35000_56600_56900,2sddb40,,knn,default,,0.01453,0.01959,0.66213,0.0437,2.01,nan,17.0,45001,1,0.00669,ok
ucr,110_UCR_Anomaly_2sddb40_35000_56600_56900,2sddb40,,knn,tuned,"{'w': 200, 'k': 5}",0.021,0.02888,0.66778,0.07277,2.82,5.37,0.0,45001,1,0.00669,ok
ucr,110_UCR_Anomaly_2sddb40_35000_56600_56900,2sddb40,,ae,default,,0.00566,0.00928,0.65821,0.01193,14.37,nan,43.0,45001,1,0.00669,ok
ucr,110_UCR_Anomaly_2sddb40_35000_56600_56900,2sddb40,,ae,tuned,"{'w': 200, 'hidden': 32, 'latent': 8}",0.0068,0.0103,0.66237,0.01334,12.87,68.96,0.0,45001,1,0.00669,ok
ucr,112_UCR_Anomaly_BIDMC1_2500_5400_5600,BIDMC1,,iforest,default,,0.59123,0.46629,0.9965,0.72851,1.53,nan,17.0,8500,1,0.02365,ok
ucr,112_UCR_Anomaly_BIDMC1_2500_5400_5600,BIDMC1,,lof,default,,0.88555,0.75707,0.99844,0.96773,0.23,nan,17.0,8500,1,0.02365,ok
ucr,112_UCR_Anomaly_BIDMC1_2500_5400_5600,BIDMC1,,knn,default,,0.8814,0.74367,0.99868,0.9701,0.15,nan,17.0,8500,1,0.02365,ok
ucr,112_UCR_Anomaly_BIDMC1_2500_5400_5600,BIDMC1,,ae,default,,0.87214,0.74021,0.99841,0.96829,1.35,nan,25.5,8500,1,0.02365,ok
ucr,114_UCR_Anomaly_CIMIS44AirTemperature2_4000_5703_5727,CIMIS44AirTemperature2,,iforest,default,,0.01397,0.02054,0.76002,0.04708,1.36,nan,17.0,4184,1,0.00598,ok
ucr,114_UCR_Anomaly_CIMIS44AirTemperature2_4000_5703_5727,CIMIS44AirTemperature2,,iforest,tuned,"{'w': 50, 'n_estimators': 100}",0.01804,0.02348,0.77466,0.05734,0.98,6.35,0.0,4184,1,0.00598,ok
ucr,114_UCR_Anomaly_CIMIS44AirTemperature2_4000_5703_5727,CIMIS44AirTemperature2,,lof,default,,0.03245,0.04902,0.83617,0.10213,0.19,nan,17.0,4184,1,0.00598,ok
ucr,114_UCR_Anomaly_CIMIS44AirTemperature2_4000_5703_5727,CIMIS44AirTemperature2,,lof,tuned,"{'w': 50, 'k': 50}",0.99846,0.88124,0.99884,1.0,0.51,1.78,0.0,4184,1,0.00598,ok
ucr,114_UCR_Anomaly_CIMIS44AirTemperature2_4000_5703_5727,CIMIS44AirTemperature2,,knn,default,,0.16754,0.205,0.83757,0.37594,0.09,nan,17.0,4184,1,0.00598,ok
ucr,114_UCR_Anomaly_CIMIS44AirTemperature2_4000_5703_5727,CIMIS44AirTemperature2,,knn,tuned,"{'w': 50, 'k': 5}",0.99846,0.88707,0.99884,1.0,0.39,1.36,0.0,4184,1,0.00598,ok
ucr,114_UCR_Anomaly_CIMIS44AirTemperature2_4000_5703_5727,CIMIS44AirTemperature2,,ae,default,,0.99544,0.89869,0.99884,0.98404,1.74,nan,23.9,4184,1,0.00598,ok
ucr,114_UCR_Anomaly_CIMIS44AirTemperature2_4000_5703_5727,CIMIS44AirTemperature2,,ae,tuned,"{'w': 100, 'hidden': 32, 'latent': 8}",0.99846,0.89416,0.99884,1.0,1.99,10.7,0.0,4184,1,0.00598,ok
ucr,116_UCR_Anomaly_CIMIS44AirTemperature4_4000_5549_5597,CIMIS44AirTemperature4,,iforest,default,,0.02693,0.03685,0.78504,0.07556,1.33,nan,17.0,4184,1,0.01171,ok
ucr,116_UCR_Anomaly_CIMIS44AirTemperature4_4000_5549_5597,CIMIS44AirTemperature4,,iforest,tuned,"{'w': 50, 'n_estimators': 100}",0.04805,0.05347,0.81444,0.12965,0.94,6.26,0.0,4184,1,0.01171,ok
ucr,116_UCR_Anomaly_CIMIS44AirTemperature4_4000_5549_5597,CIMIS44AirTemperature4,,lof,default,,0.03929,0.0531,0.8265,0.12188,0.18,nan,17.0,4184,1,0.01171,ok
ucr,116_UCR_Anomaly_CIMIS44AirTemperature4_4000_5549_5597,CIMIS44AirTemperature4,,lof,tuned,"{'w': 50, 'k': 50}",0.0844,0.09719,0.83137,0.20844,0.52,1.79,0.0,4184,1,0.01171,ok
ucr,116_UCR_Anomaly_CIMIS44AirTemperature4_4000_5549_5597,CIMIS44AirTemperature4,,knn,default,,0.0539,0.07418,0.83925,0.16306,0.09,nan,17.0,4184,1,0.01171,ok
ucr,116_UCR_Anomaly_CIMIS44AirTemperature4_4000_5549_5597,CIMIS44AirTemperature4,,knn,tuned,"{'w': 50, 'k': 5}",0.19679,0.19302,0.84868,0.3831,0.38,1.33,0.0,4184,1,0.01171,ok
ucr,116_UCR_Anomaly_CIMIS44AirTemperature4_4000_5549_5597,CIMIS44AirTemperature4,,ae,default,,0.71797,0.6022,0.99724,0.79641,1.79,nan,23.9,4184,1,0.01171,ok
ucr,116_UCR_Anomaly_CIMIS44AirTemperature4_4000_5549_5597,CIMIS44AirTemperature4,,ae,tuned,"{'w': 100, 'hidden': 32, 'latent': 8}",0.35645,0.36539,0.94343,0.59975,2.02,10.25,0.0,4184,1,0.01171,ok
ucr,118_UCR_Anomaly_CIMIS44AirTemperature6_4000_6006_6054,CIMIS44AirTemperature6,,iforest,default,,0.01912,0.02843,0.77435,0.01887,1.31,nan,17.0,4184,1,0.01171,ok
ucr,118_UCR_Anomaly_CIMIS44AirTemperature6_4000_6006_6054,CIMIS44AirTemperature6,,iforest,tuned,"{'w': 50, 'n_estimators': 100}",0.01564,0.02382,0.73058,0.015,0.95,6.86,0.0,4184,1,0.01171,ok
ucr,118_UCR_Anomaly_CIMIS44AirTemperature6_4000_6006_6054,CIMIS44AirTemperature6,,lof,default,,0.10173,0.13924,0.83014,0.20676,0.18,nan,17.0,4184,1,0.01171,ok
ucr,118_UCR_Anomaly_CIMIS44AirTemperature6_4000_6006_6054,CIMIS44AirTemperature6,,lof,tuned,"{'w': 50, 'k': 50}",0.62951,0.65856,0.99533,0.79766,0.67,1.93,0.0,4184,1,0.01171,ok
ucr,118_UCR_Anomaly_CIMIS44AirTemperature6_4000_6006_6054,CIMIS44AirTemperature6,,knn,default,,0.60042,0.61573,0.99606,0.75365,0.13,nan,17.0,4184,1,0.01171,ok
ucr,118_UCR_Anomaly_CIMIS44AirTemperature6_4000_6006_6054,CIMIS44AirTemperature6,,knn,tuned,"{'w': 50, 'k': 5}",0.71475,0.69324,0.99674,0.85961,0.51,1.65,0.0,4184,1,0.01171,ok
ucr,118_UCR_Anomaly_CIMIS44AirTemperature6_4000_6006_6054,CIMIS44AirTemperature6,,ae,default,,0.70081,0.78545,0.99602,0.81765,2.1,nan,23.9,4184,1,0.01171,ok
ucr,118_UCR_Anomaly_CIMIS44AirTemperature6_4000_6006_6054,CIMIS44AirTemperature6,,ae,tuned,"{'w': 100, 'hidden': 32, 'latent': 8}",0.47482,0.63311,0.99481,0.71815,2.01,10.97,0.0,4184,1,0.01171,ok
ucr,120_UCR_Anomaly_ECG2_15000_16000_16100,ECG2,,iforest,default,,0.05525,0.07518,0.77675,0.13581,1.95,nan,17.0,15000,1,0.00673,ok
ucr,120_UCR_Anomaly_ECG2_15000_16000_16100,ECG2,,iforest,tuned,"{'w': 100, 'n_estimators': 100}",0.05795,0.07621,0.78569,0.14177,1.93,9.13,0.0,15000,1,0.00673,ok
ucr,120_UCR_Anomaly_ECG2_15000_16000_16100,ECG2,,lof,default,,0.06536,0.08215,0.79569,0.17815,0.68,nan,17.0,15000,1,0.00673,ok
ucr,120_UCR_Anomaly_ECG2_15000_16000_16100,ECG2,,lof,tuned,"{'w': 100, 'k': 30}",0.07896,0.09378,0.79939,0.19496,1.25,3.84,0.0,15000,1,0.00673,ok
ucr,120_UCR_Anomaly_ECG2_15000_16000_16100,ECG2,,knn,default,,0.12525,0.13455,0.81755,0.2643,0.44,nan,17.0,15000,1,0.00673,ok
ucr,120_UCR_Anomaly_ECG2_15000_16000_16100,ECG2,,knn,tuned,"{'w': 100, 'k': 3}",0.18449,0.18851,0.84014,0.35701,1.07,2.68,0.0,15000,1,0.00673,ok
ucr,120_UCR_Anomaly_ECG2_15000_16000_16100,ECG2,,ae,default,,0.09324,0.10802,0.79836,0.20894,5.86,nan,29.5,15000,1,0.00673,ok
ucr,120_UCR_Anomaly_ECG2_15000_16000_16100,ECG2,,ae,tuned,"{'w': 100, 'hidden': 64, 'latent': 8}",0.07214,0.08689,0.78927,0.17647,6.36,33.35,0.0,15000,1,0.00673,ok
ucr,122_UCR_Anomaly_ECG3_8000_17000_17100,ECG3,,iforest,default,,0.00233,0.00498,0.7736,0.0,2.27,nan,17.0,22000,1,0.00459,ok
ucr,122_UCR_Anomaly_ECG3_8000_17000_17100,ECG3,,iforest,tuned,"{'w': 100, 'n_estimators': 200}",0.00233,0.00498,0.7736,0.0,3.28,7.59,0.0,22000,1,0.00459,ok
ucr,122_UCR_Anomaly_ECG3_8000_17000_17100,ECG3,,lof,default,,0.87919,0.72526,0.99874,0.87857,0.7,nan,17.0,22000,1,0.00459,ok
ucr,122_UCR_Anomaly_ECG3_8000_17000_17100,ECG3,,lof,tuned,"{'w': 200, 'k': 10}",0.94174,0.80911,0.99884,0.90455,1.3,2.44,0.0,22000,1,0.00459,ok
ucr,122_UCR_Anomaly_ECG3_8000_17000_17100,ECG3,,knn,default,,0.46267,0.29665,0.99879,0.61113,0.49,nan,17.0,22000,1,0.00459,ok
ucr,122_UCR_Anomaly_ECG3_8000_17000_17100,ECG3,,knn,tuned,"{'w': 50, 'k': 3}",0.47699,0.21193,0.99876,0.55644,1.67,1.74,0.0,22000,1,0.00459,ok
ucr,122_UCR_Anomaly_ECG3_8000_17000_17100,ECG3,,ae,default,,0.09491,0.08458,0.72707,0.22311,4.04,nan,30.7,22000,1,0.00459,ok
ucr,122_UCR_Anomaly_ECG3_8000_17000_17100,ECG3,,ae,tuned,"{'w': 50, 'hidden': 64, 'latent': 8}",0.46327,0.24363,0.99876,0.55682,8.09,18.45,0.0,22000,1,0.00459,ok
ucr,124_UCR_Anomaly_ECG4_5000_16900_17100,ECG4,,iforest,default,,0.00837,0.02531,0.92893,0.01002,2.41,nan,17.0,25000,1,0.00804,ok
ucr,124_UCR_Anomaly_ECG4_5000_16900_17100,ECG4,,iforest,tuned,"{'w': 50, 'n_estimators': 100}",0.0083,0.01537,0.69425,0.00892,2.86,7.2,0.0,25000,1,0.00804,ok
ucr,124_UCR_Anomaly_ECG4_5000_16900_17100,ECG4,,lof,default,,0.99124,0.85478,0.99948,0.9652,0.75,nan,17.0,25000,1,0.00804,ok
ucr,124_UCR_Anomaly_ECG4_5000_16900_17100,ECG4,,lof,tuned,"{'w': 50, 'k': 30}",0.72501,0.49025,0.99811,0.8211,2.66,1.71,0.0,25000,1,0.00804,ok
ucr,124_UCR_Anomaly_ECG4_5000_16900_17100,ECG4,,knn,default,,0.93199,0.82858,0.99903,0.93828,0.49,nan,17.0,25000,1,0.00804,ok
ucr,124_UCR_Anomaly_ECG4_5000_16900_17100,ECG4,,knn,tuned,"{'w': 50, 'k': 3}",0.64235,0.46771,0.9981,0.70124,1.7,1.65,0.0,25000,1,0.00804,ok
ucr,124_UCR_Anomaly_ECG4_5000_16900_17100,ECG4,,ae,default,,0.86415,0.75355,0.99872,0.88587,3.41,nan,31.7,25000,1,0.00804,ok
ucr,124_UCR_Anomaly_ECG4_5000_16900_17100,ECG4,,ae,tuned,"{'w': 50, 'hidden': 64, 'latent': 8}",0.52434,0.38176,0.99812,0.59164,5.83,11.81,0.0,25000,1,0.00804,ok
ucr,126_UCR_Anomaly_ECG4_8000_17000_17100,ECG4,,iforest,default,,0.00233,0.00499,0.7736,0.0,2.3,nan,17.0,22000,1,0.00459,ok
ucr,126_UCR_Anomaly_ECG4_8000_17000_17100,ECG4,,iforest,tuned,"{'w': 100, 'n_estimators': 200}",0.00233,0.00499,0.7736,0.0,3.24,7.55,0.0,22000,1,0.00459,ok
ucr,126_UCR_Anomaly_ECG4_8000_17000_17100,ECG4,,lof,default,,0.88953,0.73622,0.99884,0.87857,0.65,nan,17.0,22000,1,0.00459,ok
ucr,126_UCR_Anomaly_ECG4_8000_17000_17100,ECG4,,lof,tuned,"{'w': 200, 'k': 10}",0.96723,0.83884,0.99911,0.91964,1.32,2.4,0.0,22000,1,0.00459,ok
ucr,126_UCR_Anomaly_ECG4_8000_17000_17100,ECG4,,knn,default,,0.42642,0.28942,0.99884,0.60672,0.5,nan,17.0,22000,1,0.00459,ok
ucr,126_UCR_Anomaly_ECG4_8000_17000_17100,ECG4,,knn,tuned,"{'w': 50, 'k': 3}",0.46441,0.20707,0.99876,0.55145,1.74,1.71,0.0,22000,1,0.00459,ok
ucr,126_UCR_Anomaly_ECG4_8000_17000_17100,ECG4,,ae,default,,0.01059,0.01104,0.71259,0.02323,4.08,nan,30.7,22000,1,0.00459,ok
ucr,126_UCR_Anomaly_ECG4_8000_17000_17100,ECG4,,ae,tuned,"{'w': 50, 'hidden': 64, 'latent': 8}",0.21077,0.17927,0.76231,0.36933,8.07,18.48,0.0,22000,1,0.00459,ok
ucr,128_UCR_Anomaly_GP711MarkerLFM5z2_5000_7175_7388,GP711MarkerLFM5z2,,iforest,default,,0.39364,0.39076,0.99243,0.51092,1.51,nan,17.0,7000,1,0.03057,ok
ucr,128_UCR_Anomaly_GP711MarkerLFM5z2_5000_7175_7388,GP711MarkerLFM5z2,,iforest,tuned,"{'w': 50, 'n_estimators': 100}",0.04536,0.05566,0.66708,0.08582,1.16,6.61,0.0,7000,1,0.03057,ok
ucr,128_UCR_Anomaly_GP711MarkerLFM5z2_5000_7175_7388,GP711MarkerLFM5z2,,lof,default,,0.9282,0.84796,0.99832,0.96167,0.25,nan,17.0,7000,1,0.03057,ok
ucr,128_UCR_Anomaly_GP711MarkerLFM5z2_5000_7175_7388,GP711MarkerLFM5z2,,lof,tuned,"{'w': 50, 'k': 30}",0.82579,0.73254,0.99718,0.92238,0.69,1.61,0.0,7000,1,0.03057,ok
ucr,128_UCR_Anomaly_GP711MarkerLFM5z2_5000_7175_7388,GP711MarkerLFM5z2,,knn,default,,0.77395,0.69909,0.99635,0.95353,0.15,nan,17.0,7000,1,0.03057,ok
ucr,128_UCR_Anomaly_GP711MarkerLFM5z2_5000_7175_7388,GP711MarkerLFM5z2,,knn,tuned,"{'w': 50, 'k': 3}",0.6411,0.5141,0.99686,0.75,0.57,1.33,0.0,7000,1,0.03057,ok
ucr,128_UCR_Anomaly_GP711MarkerLFM5z2_5000_7175_7388,GP711MarkerLFM5z2,,ae,default,,0.62464,0.65029,0.99202,0.81112,2.03,nan,24.5,7000,1,0.03057,ok
ucr,128_UCR_Anomaly_GP711MarkerLFM5z2_5000_7175_7388,GP711MarkerLFM5z2,,ae,tuned,"{'w': 100, 'hidden': 64, 'latent': 8}",0.71622,0.69631,0.99362,0.90171,2.43,12.11,0.0,7000,1,0.03057,ok
ucr,130_UCR_Anomaly_GP711MarkerLFM5z4_4000_6527_6645,GP711MarkerLFM5z4,,iforest,default,,0.57211,0.38044,0.9964,0.69162,1.54,nan,17.0,8000,1,0.01487,ok
ucr,130_UCR_Anomaly_GP711MarkerLFM5z4_4000_6527_6645,GP711MarkerLFM5z4,,iforest,tuned,"{'w': 50, 'n_estimators': 200}",0.06363,0.05625,0.67207,0.1391,1.81,6.27,0.0,8000,1,0.01487,ok
ucr,130_UCR_Anomaly_GP711MarkerLFM5z4_4000_6527_6645,GP711MarkerLFM5z4,,lof,default,,0.8381,0.85518,0.99663,0.91754,0.27,nan,17.0,8000,1,0.01487,ok
ucr,130_UCR_Anomaly_GP711MarkerLFM5z4_4000_6527_6645,GP711MarkerLFM5z4,,lof,tuned,"{'w': 50, 'k': 30}",0.83272,0.69343,0.99577,0.90907,0.7,1.75,0.0,8000,1,0.01487,ok
ucr,130_UCR_Anomaly_GP711MarkerLFM5z4_4000_6527_6645,GP711MarkerLFM5z4,,knn,default,,0.99503,0.92343,0.99938,0.99074,0.16,nan,17.0,8000,1,0.01487,ok
ucr,130_UCR_Anomaly_GP711MarkerLFM5z4_4000_6527_6645,GP711MarkerLFM5z4,,knn,tuned,"{'w': 100, 'k': 5}",0.99503,0.92343,0.99938,0.99074,0.74,1.45,0.0,8000,1,0.01487,ok
ucr,130_UCR_Anomaly_GP711MarkerLFM5z4_4000_6527_6645,GP711MarkerLFM5z4,,ae,default,,0.99032,0.91898,0.99928,0.9864,2.19,nan,25.5,8000,1,0.01487,ok
ucr,130_UCR_Anomaly_GP711MarkerLFM5z4_4000_6527_6645,GP711MarkerLFM5z4,,ae,tuned,"{'w': 100, 'hidden': 32, 'latent': 16}",0.99491,0.88273,0.99939,0.9918,2.74,11.43,0.0,8000,1,0.01487,ok
ucr,132_UCR_Anomaly_InternalBleeding10_3200_4526_4556,InternalBleeding10,,iforest,default,,0.018,0.02713,0.67605,0.06275,1.33,nan,17.0,4301,1,0.00721,ok
ucr,132_UCR_Anomaly_InternalBleeding10_3200_4526_4556,InternalBleeding10,,iforest,tuned,"{'w': 50, 'n_estimators': 200}",0.00717,0.0107,0.65705,0.0,1.56,6.48,0.0,4301,1,0.00721,ok
ucr,132_UCR_Anomaly_InternalBleeding10_3200_4526_4556,InternalBleeding10,,lof,default,,0.01979,0.02772,0.64805,0.05652,0.16,nan,17.0,4301,1,0.00721,ok
ucr,132_UCR_Anomaly_InternalBleeding10_3200_4526_4556,InternalBleeding10,,lof,tuned,"{'w': 50, 'k': 50}",0.44608,0.42352,0.99762,0.57975,0.47,1.5,0.0,4301,1,0.00721,ok
ucr,132_UCR_Anomaly_InternalBleeding10_3200_4526_4556,InternalBleeding10,,knn,default,,0.8737,0.83066,0.99846,0.90191,0.09,nan,17.0,4301,1,0.00721,ok
ucr,132_UCR_Anomaly_InternalBleeding10_3200_4526_4556,InternalBleeding10,,knn,tuned,"{'w': 100, 'k': 5}",0.8737,0.83066,0.99846,0.90191,0.35,1.23,0.0,4301,1,0.00721,ok
ucr,132_UCR_Anomaly_InternalBleeding10_3200_4526_4556,InternalBleeding10,,ae,default,,0.03469,0.04824,0.65609,0.07761,1.43,nan,23.8,4301,1,0.00721,ok
ucr,132_UCR_Anomaly_InternalBleeding10_3200_4526_4556,InternalBleeding10,,ae,tuned,"{'w': 50, 'hidden': 32, 'latent': 16}",0.42079,0.45638,0.9956,0.55486,3.17,8.17,0.0,4301,1,0.00721,ok
ucr,134_UCR_Anomaly_InternalBleeding15_1700_5684_5854,InternalBleeding15,,iforest,default,,0.52407,0.37462,0.99517,0.6443,1.43,nan,17.0,5901,1,0.02898,ok
ucr,134_UCR_Anomaly_InternalBleeding15_1700_5684_5854,InternalBleeding15,,lof,default,,0.55101,0.39217,0.99651,0.67261,0.16,nan,17.0,5901,1,0.02898,ok
ucr,134_UCR_Anomaly_InternalBleeding15_1700_5684_5854,InternalBleeding15,,knn,default,,0.99811,0.88453,0.99993,1.0,0.11,nan,17.0,5901,1,0.02898,ok
ucr,134_UCR_Anomaly_InternalBleeding15_1700_5684_5854,InternalBleeding15,,ae,default,,0.04754,0.04826,0.69233,0.0775,1.09,nan,23.8,5901,1,0.02898,ok
ucr,136_UCR_Anomaly_InternalBleeding17_1600_3198_3309,InternalBleeding17,,iforest,default,,0.03563,0.03721,0.66587,0.06983,1.37,nan,17.0,5900,1,0.01898,ok
ucr,136_UCR_Anomaly_InternalBleeding17_1600_3198_3309,InternalBleeding17,,lof,default,,0.01927,0.0306,0.66569,0.01786,0.15,nan,17.0,5900,1,0.01898,ok
ucr,136_UCR_Anomaly_InternalBleeding17_1600_3198_3309,InternalBleeding17,,knn,default,,0.99781,0.85948,0.99995,1.0,0.11,nan,17.0,5900,1,0.01898,ok
ucr,136_UCR_Anomaly_InternalBleeding17_1600_3198_3309,InternalBleeding17,,ae,default,,0.73074,0.51107,0.99545,0.83139,1.11,nan,23.7,5900,1,0.01898,ok
ucr,138_UCR_Anomaly_InternalBleeding19_3000_4187_4197,InternalBleeding19,,iforest,default,,0.01048,0.01466,0.65001,0.03274,1.34,nan,17.0,4500,1,0.00244,ok
ucr,138_UCR_Anomaly_InternalBleeding19_3000_4187_4197,InternalBleeding19,,iforest,tuned,"{'w': 50, 'n_estimators': 200}",0.00875,0.01126,0.65171,0.02365,1.55,5.95,0.0,4500,1,0.00244,ok
ucr,138_UCR_Anomaly_InternalBleeding19_3000_4187_4197,InternalBleeding19,,lof,default,,0.95195,0.64335,0.99975,0.7973,0.16,nan,17.0,4500,1,0.00244,ok
ucr,138_UCR_Anomaly_InternalBleeding19_3000_4187_4197,InternalBleeding19,,lof,tuned,"{'w': 50, 'k': 50}",1.0,0.65139,0.99968,0.80556,0.57,1.53,0.0,4500,1,0.00244,ok
ucr,138_UCR_Anomaly_InternalBleeding19_3000_4187_4197,InternalBleeding19,,knn,default,,0.78355,0.58994,0.99963,0.7973,0.09,nan,17.0,4500,1,0.00244,ok
ucr,138_UCR_Anomaly_InternalBleeding19_3000_4187_4197,InternalBleeding19,,knn,tuned,"{'w': 200, 'k': 1}",0.94129,0.71356,0.99971,0.78205,0.36,1.21,0.0,4500,1,0.00244,ok
ucr,138_UCR_Anomaly_InternalBleeding19_3000_4187_4197,InternalBleeding19,,ae,default,,0.16835,0.24696,0.99622,0.37288,1.4,nan,23.8,4500,1,0.00244,ok
ucr,138_UCR_Anomaly_InternalBleeding19_3000_4187_4197,InternalBleeding19,,ae,tuned,"{'w': 200, 'hidden': 32, 'latent': 16}",0.00651,0.00946,0.64311,0.02172,1.46,8.0,0.0,4500,1,0.00244,ok
ucr,140_UCR_Anomaly_InternalBleeding4_1000_4675_5033,InternalBleeding4,,iforest,default,,0.61406,0.51202,0.99432,0.74,1.39,nan,17.0,6321,1,0.05679,ok
ucr,140_UCR_Anomaly_InternalBleeding4_1000_4675_5033,InternalBleeding4,,lof,default,,0.64026,0.56086,0.99353,0.75,0.14,nan,17.0,6321,1,0.05679,ok
ucr,140_UCR_Anomaly_InternalBleeding4_1000_4675_5033,InternalBleeding4,,knn,default,,0.68316,0.62844,0.99261,0.74936,0.11,nan,17.0,6321,1,0.05679,ok
ucr,140_UCR_Anomaly_InternalBleeding4_1000_4675_5033,InternalBleeding4,,ae,default,,0.71336,0.63566,0.99482,0.75,0.76,nan,23.9,6321,1,0.05679,ok
ucr,142_UCR_Anomaly_InternalBleeding6_1500_3474_3629,InternalBleeding6,,iforest,default,,0.86228,0.68384,0.99894,0.97396,1.39,nan,17.0,6154,1,0.02535,ok
ucr,142_UCR_Anomaly_InternalBleeding6_1500_3474_3629,InternalBleeding6,,lof,default,,0.90204,0.77522,0.99913,0.97973,0.16,nan,17.0,6154,1,0.02535,ok
ucr,142_UCR_Anomaly_InternalBleeding6_1500_3474_3629,InternalBleeding6,,knn,default,,0.942,0.8398,0.99925,0.99803,0.11,nan,17.0,6154,1,0.02535,ok
ucr,142_UCR_Anomaly_InternalBleeding6_1500_3474_3629,InternalBleeding6,,ae,default,,0.91426,0.76197,0.99927,1.0,1.06,nan,23.8,6154,1,0.02535,ok
ucr,144_UCR_Anomaly_InternalBleeding9_4200_6599_6681,InternalBleeding9,,iforest,default,,0.01314,0.02235,0.82369,0.0,1.3,nan,17.0,3301,1,0.02514,ok
ucr,144_UCR_Anomaly_InternalBleeding9_4200_6599_6681,InternalBleeding9,,iforest,tuned,"{'w': 100, 'n_estimators': 100}",0.01316,0.02245,0.8249,0.0,0.96,6.46,0.0,3301,1,0.02514,ok
ucr,144_UCR_Anomaly_InternalBleeding9_4200_6599_6681,InternalBleeding9,,lof,default,,0.01686,0.025,0.81208,0.0,0.16,nan,17.0,3301,1,0.02514,ok
ucr,144_UCR_Anomaly_InternalBleeding9_4200_6599_6681,InternalBleeding9,,lof,tuned,"{'w': 200, 'k': 10}",0.01518,0.02213,0.62134,0.0,0.32,1.79,0.0,3301,1,0.02514,ok
ucr,144_UCR_Anomaly_InternalBleeding9_4200_6599_6681,InternalBleeding9,,knn,default,,0.0174,0.02956,0.82851,0.0,0.07,nan,17.0,3301,1,0.02514,ok
ucr,144_UCR_Anomaly_InternalBleeding9_4200_6599_6681,InternalBleeding9,,knn,tuned,"{'w': 50, 'k': 3}",0.05871,0.07999,0.64563,0.13768,0.33,1.36,0.0,3301,1,0.02514,ok
ucr,144_UCR_Anomaly_InternalBleeding9_4200_6599_6681,InternalBleeding9,,ae,default,,0.01296,0.02134,0.81642,0.0,1.75,nan,22.3,3301,1,0.02514,ok
ucr,144_UCR_Anomaly_InternalBleeding9_4200_6599_6681,InternalBleeding9,,ae,tuned,"{'w': 200, 'hidden': 32, 'latent': 16}",0.01348,0.0211,0.60644,0.0,1.35,10.65,0.0,3301,1,0.02514,ok
ucr,146_UCR_Anomaly_Lab2Cmac011215EPG2_5000_27862_27932,Lab2Cmac011215EPG2,,iforest,default,,0.00328,0.00526,0.84747,0.00334,2.51,nan,17.0,24950,1,0.00285,ok
ucr,146_UCR_Anomaly_Lab2Cmac011215EPG2_5000_27862_27932,Lab2Cmac011215EPG2,,iforest,tuned,"{'w': 50, 'n_estimators': 100}",0.00802,0.01341,0.77876,0.02011,2.38,6.65,0.0,24950,1,0.00285,ok
ucr,146_UCR_Anomaly_Lab2Cmac011215EPG2_5000_27862_27932,Lab2Cmac011215EPG2,,lof,default,,0.00503,0.00633,0.84577,0.01101,0.72,nan,17.0,24950,1,0.00285,ok
ucr,146_UCR_Anomaly_Lab2Cmac011215EPG2_5000_27862_27932,Lab2Cmac011215EPG2,,lof,tuned,"{'w': 50, 'k': 30}",0.06496,0.06121,0.84747,0.15112,1.97,1.81,0.0,24950,1,0.00285,ok
ucr,146_UCR_Anomaly_Lab2Cmac011215EPG2_5000_27862_27932,Lab2Cmac011215EPG2,,knn,default,,0.01365,0.01495,0.84577,0.03857,0.49,nan,17.0,24950,1,0.00285,ok
ucr,146_UCR_Anomaly_Lab2Cmac011215EPG2_5000_27862_27932,Lab2Cmac011215EPG2,,knn,tuned,"{'w': 50, 'k': 3}",0.13367,0.12732,0.84747,0.30079,1.75,1.33,0.0,24950,1,0.00285,ok
ucr,146_UCR_Anomaly_Lab2Cmac011215EPG2_5000_27862_27932,Lab2Cmac011215EPG2,,ae,default,,0.0042,0.00503,0.84595,0.00388,3.12,nan,31.7,24950,1,0.00285,ok
ucr,146_UCR_Anomaly_Lab2Cmac011215EPG2_5000_27862_27932,Lab2Cmac011215EPG2,,ae,tuned,"{'w': 50, 'hidden': 64, 'latent': 8}",0.03946,0.03761,0.84717,0.11762,5.93,11.8,0.0,24950,1,0.00285,ok
ucr,148_UCR_Anomaly_Lab2Cmac011215EPG4_6000_17390_17520,Lab2Cmac011215EPG4,,iforest,default,,0.00542,0.00702,0.78673,0.00153,2.51,nan,17.0,24066,1,0.00544,ok
ucr,148_UCR_Anomaly_Lab2Cmac011215EPG4_6000_17390_17520,Lab2Cmac011215EPG4,,iforest,tuned,"{'w': 50, 'n_estimators': 100}",0.00523,0.00668,0.80094,0.00645,2.42,6.92,0.0,24066,1,0.00544,ok
ucr,148_UCR_Anomaly_Lab2Cmac011215EPG4_6000_17390_17520,Lab2Cmac011215EPG4,,lof,default,,0.02347,0.03019,0.77981,0.06856,0.71,nan,17.0,24066,1,0.00544,ok
ucr,148_UCR_Anomaly_Lab2Cmac011215EPG4_6000_17390_17520,Lab2Cmac011215EPG4,,lof,tuned,"{'w': 50, 'k': 30}",0.23483,0.28843,0.82612,0.48048,2.16,2.12,0.0,24066,1,0.00544,ok
ucr,148_UCR_Anomaly_Lab2Cmac011215EPG4_6000_17390_17520,Lab2Cmac011215EPG4,,knn,default,,0.14193,0.21128,0.77764,0.34534,0.49,nan,17.0,24066,1,0.00544,ok
ucr,148_UCR_Anomaly_Lab2Cmac011215EPG4_6000_17390_17520,Lab2Cmac011215EPG4,,knn,tuned,"{'w': 50, 'k': 3}",0.2645,0.32915,0.86948,0.49342,1.79,1.46,0.0,24066,1,0.00544,ok
ucr,148_UCR_Anomaly_Lab2Cmac011215EPG4_6000_17390_17520,Lab2Cmac011215EPG4,,ae,default,,0.01188,0.01519,0.77509,0.03549,3.45,nan,31.4,24066,1,0.00544,ok
ucr,148_UCR_Anomaly_Lab2Cmac011215EPG4_6000_17390_17520,Lab2Cmac011215EPG4,,ae,tuned,"{'w': 50, 'hidden': 64, 'latent': 8}",0.10151,0.12125,0.80473,0.24087,6.62,14.67,0.0,24066,1,0.00544,ok
ucr,150_UCR_Anomaly_Lab2Cmac011215EPG6_7000_12190_12420,Lab2Cmac011215EPG6,,iforest,default,,0.00509,0.00924,0.60132,0.0,2.71,nan,17.0,22859,1,0.01011,ok
ucr,150_UCR_Anomaly_Lab2Cmac011215EPG6_7000_12190_12420,Lab2Cmac011215EPG6,,iforest,tuned,"{'w': 50, 'n_estimators': 100}",0.00509,0.00898,0.61061,0.0,2.36,7.1,0.0,22859,1,0.01011,ok
ucr,150_UCR_Anomaly_Lab2Cmac011215EPG6_7000_12190_12420,Lab2Cmac011215EPG6,,lof,default,,0.00824,0.01095,0.67952,0.0,0.82,nan,17.0,22859,1,0.01011,ok
ucr,150_UCR_Anomaly_Lab2Cmac011215EPG6_7000_12190_12420,Lab2Cmac011215EPG6,,lof,tuned,"{'w': 50, 'k': 30}",0.44347,0.36933,0.79806,0.73812,1.99,2.28,0.0,22859,1,0.01011,ok
ucr,150_UCR_Anomaly_Lab2Cmac011215EPG6_7000_12190_12420,Lab2Cmac011215EPG6,,knn,default,,0.04247,0.03995,0.71469,0.11116,0.52,nan,17.0,22859,1,0.01011,ok
ucr,150_UCR_Anomaly_Lab2Cmac011215EPG6_7000_12190_12420,Lab2Cmac011215EPG6,,knn,tuned,"{'w': 50, 'k': 3}",0.45559,0.38089,0.80801,0.73587,1.75,1.59,0.0,22859,1,0.01011,ok
ucr,150_UCR_Anomaly_Lab2Cmac011215EPG6_7000_12190_12420,Lab2Cmac011215EPG6,,ae,default,,0.00517,0.00839,0.67244,0.0,3.65,nan,31.0,22859,1,0.01011,ok
ucr,150_UCR_Anomaly_Lab2Cmac011215EPG6_7000_12190_12420,Lab2Cmac011215EPG6,,ae,tuned,"{'w': 50, 'hidden': 64, 'latent': 8}",0.00556,0.00814,0.69211,0.0,7.43,16.15,0.0,22859,1,0.01011,ok
ucr,152_UCR_Anomaly_PowerDemand1_9000_18485_18821,PowerDemand1,,iforest,default,,0.00829,0.01287,0.64614,0.0,2.33,nan,17.0,20931,1,0.0161,ok
ucr,152_UCR_Anomaly_PowerDemand1_9000_18485_18821,PowerDemand1,,iforest,tuned,"{'w': 100, 'n_estimators': 100}",0.00838,0.01284,0.64395,0.0,2.34,7.64,0.0,20931,1,0.0161,ok
ucr,152_UCR_Anomaly_PowerDemand1_9000_18485_18821,PowerDemand1,,lof,default,,0.977,0.82288,0.99955,0.9901,0.67,nan,17.0,20931,1,0.0161,ok
ucr,152_UCR_Anomaly_PowerDemand1_9000_18485_18821,PowerDemand1,,lof,tuned,"{'w': 50, 'k': 50}",0.94903,0.74908,0.99961,0.9876,2.75,2.76,0.0,20931,1,0.0161,ok
ucr,152_UCR_Anomaly_PowerDemand1_9000_18485_18821,PowerDemand1,,knn,default,,0.99792,0.84258,0.99948,1.0,0.51,nan,17.0,20931,1,0.0161,ok
ucr,152_UCR_Anomaly_PowerDemand1_9000_18485_18821,PowerDemand1,,knn,tuned,"{'w': 100, 'k': 3}",0.99841,0.84285,0.99946,1.0,1.28,2.01,0.0,20931,1,0.0161,ok
ucr,152_UCR_Anomaly_PowerDemand1_9000_18485_18821,PowerDemand1,,ae,default,,0.02536,0.06097,0.74324,0.06968,4.2,nan,30.7,20931,1,0.0161,ok
ucr,152_UCR_Anomaly_PowerDemand1_9000_18485_18821,PowerDemand1,,ae,tuned,"{'w': 200, 'hidden': 32, 'latent': 16}",0.01312,0.03567,0.63065,0.01727,4.91,19.95,0.0,20931,1,0.0161,ok
ucr,154_UCR_Anomaly_PowerDemand3_16000_23405_23477,PowerDemand3,,iforest,default,,0.00304,0.00468,0.61483,0.0,1.96,nan,17.0,13931,1,0.00524,ok
ucr,154_UCR_Anomaly_PowerDemand3_16000_23405_23477,PowerDemand3,,iforest,tuned,"{'w': 100, 'n_estimators': 100}",0.00296,0.00459,0.60342,0.0,1.74,9.32,0.0,13931,1,0.00524,ok
ucr,154_UCR_Anomaly_PowerDemand3_16000_23405_23477,PowerDemand3,,lof,default,,0.02162,0.02283,0.62088,0.06066,0.7,nan,17.0,13931,1,0.00524,ok
ucr,154_UCR_Anomaly_PowerDemand3_16000_23405_23477,PowerDemand3,,lof,tuned,"{'w': 50, 'k': 50}",0.22055,0.27224,0.77856,0.48084,2.05,4.24,0.0,13931,1,0.00524,ok
ucr,154_UCR_Anomaly_PowerDemand3_16000_23405_23477,PowerDemand3,,knn,default,,0.0988,0.11807,0.68171,0.23888,0.42,nan,17.0,13931,1,0.00524,ok
ucr,154_UCR_Anomaly_PowerDemand3_16000_23405_23477,PowerDemand3,,knn,tuned,"{'w': 100, 'k': 5}",0.0988,0.11807,0.68171,0.23888,1.03,2.87,0.0,13931,1,0.00524,ok
ucr,154_UCR_Anomaly_PowerDemand3_16000_23405_23477,PowerDemand3,,ae,default,,0.14123,0.18483,0.69956,0.30911,6.12,nan,29.1,13931,1,0.00524,ok
ucr,154_UCR_Anomaly_PowerDemand3_16000_23405_23477,PowerDemand3,,ae,tuned,"{'w': 100, 'hidden': 32, 'latent': 8}",0.07973,0.09907,0.6939,0.20755,6.82,35.44,0.0,13931,1,0.00524,ok
ucr,156_UCR_Anomaly_TkeepFifthMARS_3500_5988_6085,TkeepFifthMARS,,iforest,default,,0.00682,0.01081,0.39851,0.0,1.88,nan,17.0,7834,1,0.01251,ok
ucr,156_UCR_Anomaly_TkeepFifthMARS_3500_5988_6085,TkeepFifthMARS,,iforest,tuned,"{'w': 100, 'n_estimators': 200}",0.00682,0.01081,0.39851,0.0,1.93,6.57,0.0,7834,1,0.01251,ok
ucr,156_UCR_Anomaly_TkeepFifthMARS_3500_5988_6085,TkeepFifthMARS,,lof,default,,0.99402,0.83563,0.99972,1.0,0.24,nan,17.0,7834,1,0.01251,ok
ucr,156_UCR_Anomaly_TkeepFifthMARS_3500_5988_6085,TkeepFifthMARS,,lof,tuned,"{'w': 100, 'k': 30}",0.99121,0.86284,0.99967,1.0,0.63,1.56,0.0,7834,1,0.01251,ok
ucr,156_UCR_Anomaly_TkeepFifthMARS_3500_5988_6085,TkeepFifthMARS,,knn,default,,0.93269,0.82911,0.99878,0.94396,0.15,nan,17.0,7834,1,0.01251,ok
ucr,156_UCR_Anomaly_TkeepFifthMARS_3500_5988_6085,TkeepFifthMARS,,knn,tuned,"{'w': 50, 'k': 3}",0.09968,0.29313,0.98443,0.21729,0.62,1.45,0.0,7834,1,0.01251,ok
ucr,156_UCR_Anomaly_TkeepFifthMARS_3500_5988_6085,TkeepFifthMARS,,ae,default,,0.98716,0.78448,0.99964,0.99697,1.64,nan,25.5,7834,1,0.01251,ok
ucr,156_UCR_Anomaly_TkeepFifthMARS_3500_5988_6085,TkeepFifthMARS,,ae,tuned,"{'w': 100, 'hidden': 32, 'latent': 8}",0.9946,0.74988,0.99969,1.0,2.95,8.71,0.0,7834,1,0.01251,ok
ucr,158_UCR_Anomaly_TkeepForthMARS_3500_5988_6085,TkeepForthMARS,,iforest,default,,0.00761,0.0123,0.401,0.0,1.47,nan,17.0,7808,1,0.01255,ok
ucr,158_UCR_Anomaly_TkeepForthMARS_3500_5988_6085,TkeepForthMARS,,iforest,tuned,"{'w': 100, 'n_estimators': 200}",0.00761,0.0123,0.401,0.0,1.89,6.1,0.0,7808,1,0.01255,ok
ucr,158_UCR_Anomaly_TkeepForthMARS_3500_5988_6085,TkeepForthMARS,,lof,default,,0.00712,0.01072,0.43111,0.0,0.24,nan,17.0,7808,1,0.01255,ok
ucr,158_UCR_Anomaly_TkeepForthMARS_3500_5988_6085,TkeepForthMARS,,lof,tuned,"{'w': 100, 'k': 30}",0.00749,0.01193,0.41295,0.0,0.64,1.52,0.0,7808,1,0.01255,ok
ucr,158_UCR_Anomaly_TkeepForthMARS_3500_5988_6085,TkeepForthMARS,,knn,default,,0.00766,0.01245,0.80774,0.0,0.15,nan,17.0,7808,1,0.01255,ok
ucr,158_UCR_Anomaly_TkeepForthMARS_3500_5988_6085,TkeepForthMARS,,knn,tuned,"{'w': 50, 'k': 3}",0.55309,0.56005,0.97468,0.8,0.64,1.21,0.0,7808,1,0.01255,ok
ucr,158_UCR_Anomaly_TkeepForthMARS_3500_5988_6085,TkeepForthMARS,,ae,default,,0.00695,0.0109,0.43634,0.0,1.69,nan,25.5,7808,1,0.01255,ok
ucr,158_UCR_Anomaly_TkeepForthMARS_3500_5988_6085,TkeepForthMARS,,ae,tuned,"{'w': 100, 'hidden': 32, 'latent': 8}",0.00998,0.02415,0.91018,0.01481,2.04,8.3,0.0,7808,1,0.01255,ok
ucr,160_UCR_Anomaly_TkeepThirdMARS_3500_4711_4809,TkeepThirdMARS,,iforest,default,,0.2253,0.33258,0.99267,0.35342,1.53,nan,17.0,7808,1,0.01268,ok
ucr,160_UCR_Anomaly_TkeepThirdMARS_3500_4711_4809,TkeepThirdMARS,,iforest,tuned,"{'w': 100, 'n_estimators': 200}",0.2253,0.33258,0.99267,0.35342,1.92,6.37,0.0,7808,1,0.01268,ok
ucr,160_UCR_Anomaly_TkeepThirdMARS_3500_4711_4809,TkeepThirdMARS,,lof,default,,0.75026,0.82126,0.99719,0.86005,0.24,nan,17.0,7808,1,0.01268,ok
ucr,160_UCR_Anomaly_TkeepThirdMARS_3500_4711_4809,TkeepThirdMARS,,lof,tuned,"{'w': 100, 'k': 30}",0.9156,0.93355,0.99786,0.94746,0.66,1.61,0.0,7808,1,0.01268,ok
ucr,160_UCR_Anomaly_TkeepThirdMARS_3500_4711_4809,TkeepThirdMARS,,knn,default,,0.9856,0.94659,0.99919,0.99398,0.15,nan,17.0,7808,1,0.01268,ok
ucr,160_UCR_Anomaly_TkeepThirdMARS_3500_4711_4809,TkeepThirdMARS,,knn,tuned,"{'w': 50, 'k': 3}",0.61022,0.75886,0.99594,0.78571,0.64,1.25,0.0,7808,1,0.01268,ok
ucr,160_UCR_Anomaly_TkeepThirdMARS_3500_4711_4809,TkeepThirdMARS,,ae,default,,0.63352,0.77072,0.99572,0.81897,1.64,nan,25.5,7808,1,0.01268,ok
ucr,160_UCR_Anomaly_TkeepThirdMARS_3500_4711_4809,TkeepThirdMARS,,ae,tuned,"{'w': 100, 'hidden': 32, 'latent': 8}",0.49686,0.58075,0.99329,0.70632,2.02,8.27,0.0,7808,1,0.01268,ok
ucr,162_UCR_Anomaly_WalkingAceleration5_2700_5920_5979,WalkingAceleration5,,iforest,default,,0.99418,0.95804,0.99936,0.98967,1.32,nan,17.0,3984,1,0.01506,ok
ucr,162_UCR_Anomaly_WalkingAceleration5_2700_5920_5979,WalkingAceleration5,,iforest,tuned,"{'w': 50, 'n_estimators': 200}",0.99918,0.90376,0.99938,0.9939,1.53,5.98,0.0,3984,1,0.01506,ok
ucr,162_UCR_Anomaly_WalkingAceleration5_2700_5920_5979,WalkingAceleration5,,lof,default,,0.9918,0.95346,0.99933,0.9877,0.15,nan,17.0,3984,1,0.01506,ok
ucr,162_UCR_Anomaly_WalkingAceleration5_2700_5920_5979,WalkingAceleration5,,lof,tuned,"{'w': 200, 'k': 10}",1.0,0.96197,0.9994,0.99194,0.34,1.77,0.0,3984,1,0.01506,ok
ucr,162_UCR_Anomaly_WalkingAceleration5_2700_5920_5979,WalkingAceleration5,,knn,default,,0.99367,0.95702,0.99933,0.9877,0.08,nan,17.0,3984,1,0.01506,ok
ucr,162_UCR_Anomaly_WalkingAceleration5_2700_5920_5979,WalkingAceleration5,,knn,tuned,"{'w': 50, 'k': 5}",0.99838,0.90931,0.99939,0.9939,0.36,1.14,0.0,3984,1,0.01506,ok
ucr,162_UCR_Anomaly_WalkingAceleration5_2700_5920_5979,WalkingAceleration5,,ae,default,,0.99257,0.95769,0.99929,0.98967,1.31,nan,23.7,3984,1,0.01506,ok
ucr,162_UCR_Anomaly_WalkingAceleration5_2700_5920_5979,WalkingAceleration5,,ae,tuned,"{'w': 200, 'hidden': 32, 'latent': 16}",0.99918,0.94767,0.99938,0.9939,1.11,7.25,0.0,3984,1,0.01506,ok
ucr,164_UCR_Anomaly_apneaecg3_5000_11111_11211,apneaecg3,,iforest,default,,0.00521,0.00711,0.65608,0.01152,2.86,nan,17.0,33379,1,0.00303,ok
ucr,164_UCR_Anomaly_apneaecg3_5000_11111_11211,apneaecg3,,iforest,tuned,"{'w': 400, 'n_estimators': 200}",0.00176,0.0032,0.62135,0.0,7.53,6.43,0.0,33379,1,0.00303,ok
ucr,164_UCR_Anomaly_apneaecg3_5000_11111_11211,apneaecg3,,lof,default,,0.00499,0.00659,0.65756,0.00929,0.87,nan,17.0,33379,1,0.00303,ok
ucr,164_UCR_Anomaly_apneaecg3_5000_11111_11211,apneaecg3,,lof,tuned,"{'w': 50, 'k': 30}",0.01411,0.01539,0.71849,0.03897,2.48,1.98,0.0,33379,1,0.00303,ok
ucr,164_UCR_Anomaly_apneaecg3_5000_11111_11211,apneaecg3,,knn,default,,0.00691,0.00881,0.64904,0.02389,0.66,nan,17.0,33379,1,0.00303,ok
ucr,164_UCR_Anomaly_apneaecg3_5000_11111_11211,apneaecg3,,knn,tuned,"{'w': 50, 'k': 3}",0.0312,0.03092,0.64294,0.08257,2.2,1.34,0.0,33379,1,0.00303,ok
ucr,164_UCR_Anomaly_apneaecg3_5000_11111_11211,apneaecg3,,ae,default,,0.00574,0.00704,0.65038,0.01883,3.56,nan,35.1,33379,1,0.00303,ok
ucr,164_UCR_Anomaly_apneaecg3_5000_11111_11211,apneaecg3,,ae,tuned,"{'w': 50, 'hidden': 64, 'latent': 8}",0.03028,0.02088,0.65776,0.06289,6.64,11.64,0.0,33379,1,0.00303,ok
ucr,166_UCR_Anomaly_apneaecg_10000_12240_12308,apneaecg,,iforest,default,,0.00148,0.00225,0.6497,0.0,2.79,nan,17.0,28501,1,0.00242,ok
ucr,166_UCR_Anomaly_apneaecg_10000_12240_12308,apneaecg,,iforest,tuned,"{'w': 100, 'n_estimators': 100}",0.00144,0.00222,0.64909,0.0,2.82,7.68,0.0,28501,1,0.00242,ok
ucr,166_UCR_Anomaly_apneaecg_10000_12240_12308,apneaecg,,lof,default,,0.00666,0.01139,0.66192,0.02424,0.9,nan,17.0,28501,1,0.00242,ok
ucr,166_UCR_Anomaly_apneaecg_10000_12240_12308,apneaecg,,lof,tuned,"{'w': 50, 'k': 30}",0.99582,0.47072,0.99962,0.80263,2.72,2.86,0.0,28501,1,0.00242,ok
ucr,166_UCR_Anomaly_apneaecg_10000_12240_12308,apneaecg,,knn,default,,0.07549,0.07115,0.61817,0.17169,0.69,nan,17.0,28501,1,0.00242,ok
ucr,166_UCR_Anomaly_apneaecg_10000_12240_12308,apneaecg,,knn,tuned,"{'w': 100, 'k': 3}",0.23081,0.18774,0.58739,0.39475,1.7,2.0,0.0,28501,1,0.00242,ok
ucr,166_UCR_Anomaly_apneaecg_10000_12240_12308,apneaecg,,ae,default,,0.00668,0.00797,0.60073,0.01957,5.0,nan,33.5,28501,1,0.00242,ok
ucr,166_UCR_Anomaly_apneaecg_10000_12240_12308,apneaecg,,ae,tuned,"{'w': 100, 'hidden': 64, 'latent': 8}",0.00558,0.0068,0.57866,0.01621,6.0,22.68,0.0,28501,1,0.00242,ok
ucr,168_UCR_Anomaly_gait2_22000_46500_46800,gait2,,iforest,default,,0.02538,0.02665,0.68574,0.0612,3.39,nan,17.0,43000,1,0.007,ok
ucr,168_UCR_Anomaly_gait2_22000_46500_46800,gait2,,iforest,tuned,"{'w': 400, 'n_estimators': 200}",0.0834,0.09444,0.83657,0.20913,9.27,10.72,0.0,43000,1,0.007,ok
ucr,168_UCR_Anomaly_gait2_22000_46500_46800,gait2,,lof,default,,0.55011,0.3307,0.99835,0.63189,1.95,nan,17.0,43000,1,0.007,ok
ucr,168_UCR_Anomaly_gait2_22000_46500_46800,gait2,,lof,tuned,"{'w': 200, 'k': 10}",0.70028,0.43818,0.99843,0.75911,2.62,5.65,0.0,43000,1,0.007,ok
ucr,168_UCR_Anomaly_gait2_22000_46500_46800,gait2,,knn,default,,0.59,0.33961,0.99833,0.65115,1.5,nan,17.0,43000,1,0.007,ok
ucr,168_UCR_Anomaly_gait2_22000_46500_46800,gait2,,knn,tuned,"{'w': 100, 'k': 3}",0.61527,0.35947,0.99833,0.66959,3.23,3.73,0.0,43000,1,0.007,ok
ucr,168_UCR_Anomaly_gait2_22000_46500_46800,gait2,,ae,default,,0.37121,0.18307,0.99824,0.41987,9.88,nan,40.3,43000,1,0.007,ok
ucr,168_UCR_Anomaly_gait2_22000_46500_46800,gait2,,ae,tuned,"{'w': 200, 'hidden': 32, 'latent': 16}",0.07069,0.09804,0.77019,0.16762,10.23,46.96,0.0,43000,1,0.007,ok
ucr,170_UCR_Anomaly_gaitHunt1_18500_33070_33180,gaitHunt1,,iforest,default,,0.01436,0.0137,0.65662,0.0369,3.87,nan,17.0,45500,1,0.00244,ok
ucr,170_UCR_Anomaly_gaitHunt1_18500_33070_33180,gaitHunt1,,iforest,tuned,"{'w': 100, 'n_estimators': 100}",0.01072,0.01066,0.65254,0.02649,4.27,9.78,0.0,45500,1,0.00244,ok
ucr,170_UCR_Anomaly_gaitHunt1_18500_33070_33180,gaitHunt1,,lof,default,,0.30436,0.15318,0.93988,0.3722,1.92,nan,17.0,45500,1,0.00244,ok
ucr,170_UCR_Anomaly_gaitHunt1_18500_33070_33180,gaitHunt1,,lof,tuned,"{'w': 100, 'k': 30}",0.23311,0.22683,0.8508,0.37085,3.34,4.72,0.0,45500,1,0.00244,ok
ucr,170_UCR_Anomaly_gaitHunt1_18500_33070_33180,gaitHunt1,,knn,default,,0.26027,0.27947,0.81514,0.51895,1.4,nan,17.0,45500,1,0.00244,ok
ucr,170_UCR_Anomaly_gaitHunt1_18500_33070_33180,gaitHunt1,,knn,tuned,"{'w': 100, 'k': 5}",0.26027,0.27947,0.81514,0.51895,3.03,3.44,0.0,45500,1,0.00244,ok
ucr,170_UCR_Anomaly_gaitHunt1_18500_33070_33180,gaitHunt1,,ae,default,,0.92286,0.37452,0.99961,0.79722,9.13,nan,42.4,45500,1,0.00244,ok
ucr,170_UCR_Anomaly_gaitHunt1_18500_33070_33180,gaitHunt1,,ae,tuned,"{'w': 200, 'hidden': 32, 'latent': 16}",0.00555,0.00703,0.67553,0.01645,10.37,40.4,0.0,45500,1,0.00244,ok
ucr,172_UCR_Anomaly_gaitHunt3_23400_38400_39200,gaitHunt3,,iforest,default,,0.5423,0.52987,0.99166,0.72046,3.53,nan,17.0,40600,1,0.01973,ok
ucr,172_UCR_Anomaly_gaitHunt3_23400_38400_39200,gaitHunt3,,iforest,tuned,"{'w': 100, 'n_estimators': 100}",0.53597,0.52889,0.99153,0.71722,3.91,10.75,0.0,40600,1,0.01973,ok
ucr,172_UCR_Anomaly_gaitHunt3_23400_38400_39200,gaitHunt3,,lof,default,,0.67043,0.63009,0.99646,0.83661,2.03,nan,17.0,40600,1,0.01973,ok
ucr,172_UCR_Anomaly_gaitHunt3_23400_38400_39200,gaitHunt3,,lof,tuned,"{'w': 200, 'k': 10}",0.50301,0.55547,0.95343,0.76346,2.49,5.72,0.0,40600,1,0.01973,ok
ucr,172_UCR_Anomaly_gaitHunt3_23400_38400_39200,gaitHunt3,,knn,default,,0.79133,0.74291,0.99888,0.93175,1.46,nan,17.0,40600,1,0.01973,ok
ucr,172_UCR_Anomaly_gaitHunt3_23400_38400_39200,gaitHunt3,,knn,tuned,"{'w': 200, 'k': 1}",0.61186,0.6572,0.96999,0.83194,2.39,4.35,0.0,40600,1,0.01973,ok
ucr,172_UCR_Anomaly_gaitHunt3_23400_38400_39200,gaitHunt3,,ae,default,,0.58586,0.53902,0.99523,0.7372,10.36,nan,40.3,40600,1,0.01973,ok
ucr,172_UCR_Anomaly_gaitHunt3_23400_38400_39200,gaitHunt3,,ae,tuned,"{'w': 200, 'hidden': 32, 'latent': 16}",0.31949,0.31251,0.99096,0.58798,10.91,50.66,0.0,40600,1,0.01973,ok
ucr,174_UCR_Anomaly_insectEPG2_3700_8000_8025,insectEPG2,,iforest,default,,0.11197,0.15956,0.8424,0.26596,1.47,nan,17.0,6298,1,0.00413,ok
ucr,174_UCR_Anomaly_insectEPG2_3700_8000_8025,insectEPG2,,iforest,tuned,"{'w': 50, 'n_estimators': 200}",0.15374,0.18962,0.87455,0.35,1.77,6.25,0.0,6298,1,0.00413,ok
ucr,174_UCR_Anomaly_insectEPG2_3700_8000_8025,insectEPG2,,lof,default,,0.99451,0.88868,0.99925,0.87903,0.21,nan,17.0,6298,1,0.00413,ok
ucr,174_UCR_Anomaly_insectEPG2_3700_8000_8025,insectEPG2,,lof,tuned,"{'w': 50, 'k': 30}",0.9971,0.88341,0.99924,0.88934,0.6,1.62,0.0,6298,1,0.00413,ok
ucr,174_UCR_Anomaly_insectEPG2_3700_8000_8025,insectEPG2,,knn,default,,1.0,0.88823,0.99925,0.87903,0.12,nan,17.0,6298,1,0.00413,ok
ucr,174_UCR_Anomaly_insectEPG2_3700_8000_8025,insectEPG2,,knn,tuned,"{'w': 50, 'k': 3}",0.99858,0.88155,0.99924,0.88934,0.53,1.31,0.0,6298,1,0.00413,ok
ucr,174_UCR_Anomaly_insectEPG2_3700_8000_8025,insectEPG2,,ae,default,,0.98594,0.85606,0.99925,0.88934,1.6,nan,24.1,6298,1,0.00413,ok
ucr,174_UCR_Anomaly_insectEPG2_3700_8000_8025,insectEPG2,,ae,tuned,"{'w': 50, 'hidden': 32, 'latent': 16}",1.0,0.88908,0.99925,0.88934,3.88,8.45,0.0,6298,1,0.00413,ok
ucr,176_UCR_Anomaly_insectEPG4_1300_6508_6558,insectEPG4,,iforest,default,,0.03451,0.04972,0.96158,0.09856,1.6,nan,17.0,8698,1,0.00586,ok
ucr,176_UCR_Anomaly_insectEPG4_1300_6508_6558,insectEPG4,,lof,default,,0.00319,0.0049,0.95899,0.0,0.2,nan,17.0,8698,1,0.00586,ok
ucr,176_UCR_Anomaly_insectEPG4_1300_6508_6558,insectEPG4,,knn,default,,0.79689,0.70485,0.99781,0.82714,0.15,nan,17.0,8698,1,0.00586,ok
ucr,176_UCR_Anomaly_insectEPG4_1300_6508_6558,insectEPG4,,ae,default,,0.00363,0.0057,0.96032,0.0,0.96,nan,25.4,8698,1,0.00586,ok
ucr,178_UCR_Anomaly_ltstdbs30791AI_17555_52600_52800,ltstdbs30791AI,,iforest,default,,0.70152,0.35993,0.99894,0.67811,3.17,nan,17.0,38568,1,0.00521,ok
ucr,178_UCR_Anomaly_ltstdbs30791AI_17555_52600_52800,ltstdbs30791AI,,iforest,tuned,"{'w': 100, 'n_estimators': 100}",0.6892,0.35109,0.99894,0.66575,3.56,9.35,0.0,38568,1,0.00521,ok
ucr,178_UCR_Anomaly_ltstdbs30791AI_17555_52600_52800,ltstdbs30791AI,,lof,default,,0.71399,0.62562,0.99832,0.79334,1.68,nan,17.0,38568,1,0.00521,ok
ucr,178_UCR_Anomaly_ltstdbs30791AI_17555_52600_52800,ltstdbs30791AI,,lof,tuned,"{'w': 50, 'k': 30}",0.69683,0.40761,0.99853,0.70238,5.0,5.27,0.0,38568,1,0.00521,ok
ucr,178_UCR_Anomaly_ltstdbs30791AI_17555_52600_52800,ltstdbs30791AI,,knn,default,,0.88286,0.67322,0.99854,0.91188,1.25,nan,17.0,38568,1,0.00521,ok
ucr,178_UCR_Anomaly_ltstdbs30791AI_17555_52600_52800,ltstdbs30791AI,,knn,tuned,"{'w': 100, 'k': 3}",0.88508,0.67334,0.99854,0.91188,2.56,3.09,0.0,38568,1,0.00521,ok
ucr,178_UCR_Anomaly_ltstdbs30791AI_17555_52600_52800,ltstdbs30791AI,,ae,default,,0.83263,0.64081,0.9985,0.83469,8.0,nan,39.0,38568,1,0.00521,ok
ucr,178_UCR_Anomaly_ltstdbs30791AI_17555_52600_52800,ltstdbs30791AI,,ae,tuned,"{'w': 100, 'hidden': 32, 'latent': 16}",0.80559,0.63185,0.9984,0.83411,9.49,37.99,0.0,38568,1,0.00521,ok
ucr,180_UCR_Anomaly_ltstdbs30791ES_20000_52600_52800,ltstdbs30791ES,,iforest,default,,0.00409,0.0067,0.72288,0.0,3.19,nan,17.0,35000,1,0.00574,ok
ucr,180_UCR_Anomaly_ltstdbs30791ES_20000_52600_52800,ltstdbs30791ES,,iforest,tuned,"{'w': 100, 'n_estimators': 100}",0.00413,0.00677,0.72904,0.0,3.49,9.95,0.0,35000,1,0.00574,ok
ucr,180_UCR_Anomaly_ltstdbs30791ES_20000_52600_52800,ltstdbs30791ES,,lof,default,,0.65454,0.44356,0.9984,0.6687,1.58,nan,17.0,35000,1,0.00574,ok
ucr,180_UCR_Anomaly_ltstdbs30791ES_20000_52600_52800,ltstdbs30791ES,,lof,tuned,"{'w': 100, 'k': 30}",0.65267,0.45846,0.9984,0.66085,2.69,5.19,0.0,35000,1,0.00574,ok
ucr,180_UCR_Anomaly_ltstdbs30791ES_20000_52600_52800,ltstdbs30791ES,,knn,default,,0.41954,0.1856,0.9984,0.47852,1.13,nan,17.0,35000,1,0.00574,ok
ucr,180_UCR_Anomaly_ltstdbs30791ES_20000_52600_52800,ltstdbs30791ES,,knn,tuned,"{'w': 100, 'k': 3}",0.45464,0.21008,0.9984,0.51494,2.48,3.46,0.0,35000,1,0.00574,ok
ucr,180_UCR_Anomaly_ltstdbs30791ES_20000_52600_52800,ltstdbs30791ES,,ae,default,,0.50195,0.26764,0.9984,0.5351,8.94,nan,38.3,35000,1,0.00574,ok
ucr,180_UCR_Anomaly_ltstdbs30791ES_20000_52600_52800,ltstdbs30791ES,,ae,tuned,"{'w': 100, 'hidden': 64, 'latent': 8}",0.38802,0.18619,0.9984,0.50019,9.96,43.95,0.0,35000,1,0.00574,ok
ucr,182_UCR_Anomaly_qtdbSel1005V_4000_12400_12800,qtdbSel1005V,,iforest,default,,0.00978,0.01358,0.68276,0.00147,2.81,nan,17.0,32001,1,0.01253,ok
ucr,182_UCR_Anomaly_qtdbSel1005V_4000_12400_12800,qtdbSel1005V,,iforest,tuned,"{'w': 50, 'n_estimators': 100}",0.00986,0.01388,0.66356,0.00302,2.74,6.5,0.0,32001,1,0.01253,ok
ucr,182_UCR_Anomaly_qtdbSel1005V_4000_12400_12800,qtdbSel1005V,,lof,default,,0.0092,0.01194,0.64222,0.00307,0.79,nan,17.0,32001,1,0.01253,ok
ucr,182_UCR_Anomaly_qtdbSel1005V_4000_12400_12800,qtdbSel1005V,,lof,tuned,"{'w': 50, 'k': 30}",0.00963,0.01433,0.7016,0.01311,2.27,1.8,0.0,32001,1,0.01253,ok
ucr,182_UCR_Anomaly_qtdbSel1005V_4000_12400_12800,qtdbSel1005V,,knn,default,,0.01135,0.01554,0.66344,0.01211,0.59,nan,17.0,32001,1,0.01253,ok
ucr,182_UCR_Anomaly_qtdbSel1005V_4000_12400_12800,qtdbSel1005V,,knn,tuned,"{'w': 50, 'k': 3}",0.01081,0.01509,0.66045,0.01171,2.12,1.37,0.0,32001,1,0.01253,ok
ucr,182_UCR_Anomaly_qtdbSel1005V_4000_12400_12800,qtdbSel1005V,,ae,default,,0.00869,0.01128,0.61565,0.00204,3.39,nan,34.6,32001,1,0.01253,ok
ucr,182_UCR_Anomaly_qtdbSel1005V_4000_12400_12800,qtdbSel1005V,,ae,tuned,"{'w': 50, 'hidden': 64, 'latent': 8}",0.01021,0.0138,0.6474,0.01055,5.89,10.31,0.0,32001,1,0.01253,ok
ucr,184_UCR_Anomaly_resperation10_48000_130700_131880,resperation10,,iforest,default,,0.0351,0.03483,0.85807,0.09205,9.46,nan,17.0,147000,1,0.00803,ok
ucr,184_UCR_Anomaly_resperation10_48000_130700_131880,resperation10,,iforest,tuned,"{'w': 200, 'n_estimators': 100}",0.07573,0.07429,0.95502,0.16281,17.37,14.6,0.0,147000,1,0.00803,ok
ucr,184_UCR_Anomaly_resperation10_48000_130700_131880,resperation10,,lof,default,,0.2711,0.20402,0.74802,0.43086,9.99,nan,17.0,147000,1,0.00803,ok
ucr,184_UCR_Anomaly_resperation10_48000_130700_131880,resperation10,,lof,tuned,"{'w': 100, 'k': 10}",0.39949,0.27424,0.99933,0.56192,14.7,12.87,0.0,147000,1,0.00803,ok
ucr,184_UCR_Anomaly_resperation10_48000_130700_131880,resperation10,,knn,default,,0.25347,0.18206,0.7577,0.4175,8.11,nan,17.0,147000,1,0.00803,ok
ucr,184_UCR_Anomaly_resperation10_48000_130700_131880,resperation10,,knn,tuned,"{'w': 200, 'k': 5}",0.51945,0.35526,0.99824,0.66618,9.86,7.84,0.0,147000,1,0.00803,ok
ucr,184_UCR_Anomaly_resperation10_48000_130700_131880,resperation10,,ae,default,,0.54031,0.40937,0.99908,0.65507,24.43,nan,84.4,147000,1,0.00803,ok
ucr,184_UCR_Anomaly_resperation10_48000_130700_131880,resperation10,,ae,tuned,"{'w': 100, 'hidden': 32, 'latent': 16}",0.44566,0.3031,0.99933,0.58232,29.2,95.71,0.0,147000,1,0.00803,ok
ucr,186_UCR_Anomaly_resperation1_100000_110260_110412,resperation1,,iforest,default,,0.01651,0.01499,0.81176,0.04713,6.93,nan,17.0,100000,1,0.00153,ok
ucr,186_UCR_Anomaly_resperation1_100000_110260_110412,resperation1,,iforest,tuned,"{'w': 400, 'n_estimators': 200}",0.00121,0.00184,0.82199,0.0,20.2,30.34,0.0,100000,1,0.00153,ok
ucr,186_UCR_Anomaly_resperation1_100000_110260_110412,resperation1,,lof,default,,0.11168,0.11034,0.84142,0.16197,13.87,nan,17.0,100000,1,0.00153,ok
ucr,186_UCR_Anomaly_resperation1_100000_110260_110412,resperation1,,lof,tuned,"{'w': 100, 'k': 30}",0.04014,0.05365,0.81515,0.078,17.39,32.39,0.0,100000,1,0.00153,ok
ucr,186_UCR_Anomaly_resperation1_100000_110260_110412,resperation1,,knn,default,,0.68984,0.23709,0.99972,0.69885,9.87,nan,17.0,100000,1,0.00153,ok
ucr,186_UCR_Anomaly_resperation1_100000_110260_110412,resperation1,,knn,tuned,"{'w': 200, 'k': 3}",0.99971,0.32265,0.99983,0.7158,8.35,21.16,0.0,100000,1,0.00153,ok
ucr,186_UCR_Anomaly_resperation1_100000_110260_110412,resperation1,,ae,default,,0.01094,0.01761,0.7864,0.03153,38.78,nan,70.2,100000,1,0.00153,ok
ucr,186_UCR_Anomaly_resperation1_100000_110260_110412,resperation1,,ae,tuned,"{'w': 100, 'hidden': 32, 'latent': 8}",0.00557,0.01162,0.8813,0.01116,44.9,176.86,0.0,100000,1,0.00153,ok
ucr,188_UCR_Anomaly_resperation2_30000_168250_168251,resperation2,,iforest,default,,1e-05,3e-05,0.63861,0.0,10.22,nan,17.0,160050,1,1e-05,ok
ucr,188_UCR_Anomaly_resperation2_30000_168250_168251,resperation2,,iforest,tuned,"{'w': 400, 'n_estimators': 200}",1e-05,2e-05,0.65398,0.0,32.0,12.43,0.0,160050,1,1e-05,ok
ucr,188_UCR_Anomaly_resperation2_30000_168250_168251,resperation2,,lof,default,,2e-05,3e-05,0.52283,0.0,7.62,nan,17.0,160050,1,1e-05,ok
ucr,188_UCR_Anomaly_resperation2_30000_168250_168251,resperation2,,lof,tuned,"{'w': 100, 'k': 30}",2e-05,4e-05,0.52917,0.0,11.97,5.24,0.0,160050,1,1e-05,ok
ucr,188_UCR_Anomaly_resperation2_30000_168250_168251,resperation2,,knn,default,,1e-05,2e-05,0.54135,0.0,6.46,nan,17.0,160050,1,1e-05,ok
ucr,188_UCR_Anomaly_resperation2_30000_168250_168251,resperation2,,knn,tuned,"{'w': 100, 'k': 1}",1e-05,2e-05,0.54577,0.0,11.17,4.45,0.0,160050,1,1e-05,ok
ucr,188_UCR_Anomaly_resperation2_30000_168250_168251,resperation2,,ae,default,,1e-05,2e-05,0.58454,0.0,19.23,nan,88.7,160050,1,1e-05,ok
ucr,188_UCR_Anomaly_resperation2_30000_168250_168251,resperation2,,ae,tuned,"{'w': 100, 'hidden': 32, 'latent': 8}",1e-05,2e-05,0.60318,0.0,24.32,46.12,0.0,160050,1,1e-05,ok
ucr,190_UCR_Anomaly_resperation4_70000_128430_128431,resperation4,,iforest,default,,1e-05,3e-05,0.89757,0.0,8.02,nan,17.0,125250,1,2e-05,ok
ucr,190_UCR_Anomaly_resperation4_70000_128430_128431,resperation4,,iforest,tuned,"{'w': 200, 'n_estimators': 200}",1e-05,3e-05,0.89749,0.0,15.94,23.12,0.0,125250,1,2e-05,ok
ucr,190_UCR_Anomaly_resperation4_70000_128430_128431,resperation4,,lof,default,,2e-05,3e-05,0.90024,0.0,11.44,nan,17.0,125250,1,2e-05,ok
ucr,190_UCR_Anomaly_resperation4_70000_128430_128431,resperation4,,lof,tuned,"{'w': 50, 'k': 10}",4e-05,7e-05,0.80928,0.00012,47.15,30.45,0.0,125250,1,2e-05,ok
ucr,190_UCR_Anomaly_resperation4_70000_128430_128431,resperation4,,knn,default,,2e-05,3e-05,0.8974,0.0,12.83,nan,17.0,125250,1,2e-05,ok
ucr,190_UCR_Anomaly_resperation4_70000_128430_128431,resperation4,,knn,tuned,"{'w': 200, 'k': 3}",2e-05,3e-05,0.80852,0.0,10.29,21.26,0.0,125250,1,2e-05,ok
ucr,190_UCR_Anomaly_resperation4_70000_128430_128431,resperation4,,ae,default,,1e-05,3e-05,0.79309,0.0,30.27,nan,77.3,125250,1,2e-05,ok
ucr,190_UCR_Anomaly_resperation4_70000_128430_128431,resperation4,,ae,tuned,"{'w': 100, 'hidden': 64, 'latent': 16}",1e-05,3e-05,0.79309,0.0,34.44,170.95,0.0,125250,1,2e-05,ok
ucr,192_UCR_Anomaly_s20101mML2_12000_35774_35874,s20101mML2,,iforest,default,,0.6608,0.51043,0.99893,0.68996,2.54,nan,17.0,28000,1,0.00361,ok
ucr,192_UCR_Anomaly_s20101mML2_12000_35774_35874,s20101mML2,,iforest,tuned,"{'w': 100, 'n_estimators': 100}",0.64216,0.50821,0.99893,0.68702,3.73,8.8,0.0,28000,1,0.00361,ok
ucr,192_UCR_Anomaly_s20101mML2_12000_35774_35874,s20101mML2,,lof,default,,0.95963,0.80749,0.99933,0.83949,0.98,nan,17.0,28000,1,0.00361,ok
ucr,192_UCR_Anomaly_s20101mML2_12000_35774_35874,s20101mML2,,lof,tuned,"{'w': 100, 'k': 30}",0.94463,0.79612,0.99933,0.83949,1.94,3.15,0.0,28000,1,0.00361,ok
ucr,192_UCR_Anomaly_s20101mML2_12000_35774_35874,s20101mML2,,knn,default,,0.95308,0.79561,0.99915,0.83949,0.79,nan,17.0,28000,1,0.00361,ok
ucr,192_UCR_Anomaly_s20101mML2_12000_35774_35874,s20101mML2,,knn,tuned,"{'w': 100, 'k': 3}",0.95339,0.79595,0.99915,0.83949,1.98,2.34,0.0,28000,1,0.00361,ok
ucr,192_UCR_Anomaly_s20101mML2_12000_35774_35874,s20101mML2,,ae,default,,0.98918,0.83411,0.99933,0.83949,7.14,nan,33.4,28000,1,0.00361,ok
ucr,192_UCR_Anomaly_s20101mML2_12000_35774_35874,s20101mML2,,ae,tuned,"{'w': 100, 'hidden': 64, 'latent': 8}",0.97621,0.82699,0.99933,0.83949,6.66,29.44,0.0,28000,1,0.00361,ok
ucr,194_UCR_Anomaly_sddb49_20000_67950_68200,sddb49,,iforest,default,,0.01455,0.01426,0.73051,0.0315,4.2,nan,17.0,60000,1,0.00418,ok
ucr,194_UCR_Anomaly_sddb49_20000_67950_68200,sddb49,,iforest,tuned,"{'w': 100, 'n_estimators': 100}",0.01438,0.01418,0.73102,0.03158,5.19,9.64,0.0,60000,1,0.00418,ok
ucr,194_UCR_Anomaly_sddb49_20000_67950_68200,sddb49,,lof,default,,0.43373,0.23858,0.99917,0.58925,2.43,nan,17.0,60000,1,0.00418,ok
ucr,194_UCR_Anomaly_sddb49_20000_67950_68200,sddb49,,lof,tuned,"{'w': 100, 'k': 30}",0.47991,0.23692,0.99917,0.57587,4.34,5.81,0.0,60000,1,0.00418,ok
ucr,194_UCR_Anomaly_sddb49_20000_67950_68200,sddb49,,knn,default,,0.48432,0.18076,0.99919,0.50175,1.89,nan,17.0,60000,1,0.00418,ok
ucr,194_UCR_Anomaly_sddb49_20000_67950_68200,sddb49,,knn,tuned,"{'w': 200, 'k': 1}",0.79572,0.40025,0.9992,0.73901,3.34,3.39,0.0,60000,1,0.00418,ok
ucr,194_UCR_Anomaly_sddb49_20000_67950_68200,sddb49,,ae,default,,0.86081,0.43909,0.99918,0.81983,10.08,nan,47.6,60000,1,0.00418,ok
ucr,194_UCR_Anomaly_sddb49_20000_67950_68200,sddb49,,ae,tuned,"{'w': 200, 'hidden': 32, 'latent': 16}",0.98586,0.76809,0.99918,0.89469,12.6,43.61,0.0,60000,1,0.00418,ok
ucr,196_UCR_Anomaly_sel840mECG2_20000_49370_49740,sel840mECG2,,iforest,default,,0.00677,0.00941,0.76221,0.00072,3.09,nan,17.0,37001,1,0.01003,ok
ucr,196_UCR_Anomaly_sel840mECG2_20000_49370_49740,sel840mECG2,,iforest,tuned,"{'w': 400, 'n_estimators': 200}",0.00617,0.00852,0.68519,0.0005,8.55,10.15,0.0,37001,1,0.01003,ok
ucr,196_UCR_Anomaly_sel840mECG2_20000_49370_49740,sel840mECG2,,lof,default,,0.03061,0.03781,0.79881,0.06467,1.66,nan,17.0,37001,1,0.01003,ok
ucr,196_UCR_Anomaly_sel840mECG2_20000_49370_49740,sel840mECG2,,lof,tuned,"{'w': 100, 'k': 30}",0.03462,0.04324,0.7983,0.0894,2.8,5.11,0.0,37001,1,0.01003,ok
ucr,196_UCR_Anomaly_sel840mECG2_20000_49370_49740,sel840mECG2,,knn,default,,0.02964,0.03955,0.80946,0.0824,1.21,nan,17.0,37001,1,0.01003,ok
ucr,196_UCR_Anomaly_sel840mECG2_20000_49370_49740,sel840mECG2,,knn,tuned,"{'w': 100, 'k': 3}",0.02969,0.04017,0.80856,0.08271,4.09,3.86,0.0,37001,1,0.01003,ok
ucr,196_UCR_Anomaly_sel840mECG2_20000_49370_49740,sel840mECG2,,ae,default,,0.01302,0.01822,0.7274,0.02297,9.15,nan,38.1,37001,1,0.01003,ok
ucr,196_UCR_Anomaly_sel840mECG2_20000_49370_49740,sel840mECG2,,ae,tuned,"{'w': 200, 'hidden': 32, 'latent': 16}",0.00656,0.00859,0.67545,0.00302,10.57,52.2,0.0,37001,1,0.01003,ok
ucr,198_UCR_Anomaly_tiltAPB2_50000_124159_124985,tiltAPB2,,iforest,default,,0.01689,0.01759,0.70759,0.03106,5.36,nan,17.0,78767,1,0.0105,ok
ucr,198_UCR_Anomaly_tiltAPB2_50000_124159_124985,tiltAPB2,,iforest,tuned,"{'w': 200, 'n_estimators': 100}",0.02545,0.02781,0.74725,0.06894,9.08,17.39,0.0,78767,1,0.0105,ok
ucr,198_UCR_Anomaly_tiltAPB2_50000_124159_124985,tiltAPB2,,lof,default,,0.10293,0.10253,0.80202,0.21037,5.91,nan,17.0,78767,1,0.0105,ok
ucr,198_UCR_Anomaly_tiltAPB2_50000_124159_124985,tiltAPB2,,lof,tuned,"{'w': 200, 'k': 50}",0.22122,0.23386,0.82622,0.4525,5.87,9.23,0.0,78767,1,0.0105,ok
ucr,198_UCR_Anomaly_tiltAPB2_50000_124159_124985,tiltAPB2,,knn,default,,0.18334,0.17556,0.82431,0.34896,4.62,nan,17.0,78767,1,0.0105,ok
ucr,198_UCR_Anomaly_tiltAPB2_50000_124159_124985,tiltAPB2,,knn,tuned,"{'w': 200, 'k': 5}",0.27693,0.31987,0.85527,0.56104,5.37,7.2,0.0,78767,1,0.0105,ok
ucr,198_UCR_Anomaly_tiltAPB2_50000_124159_124985,tiltAPB2,,ae,default,,0.45704,0.35615,0.99841,0.57963,20.61,nan,57.3,78767,1,0.0105,ok
ucr,198_UCR_Anomaly_tiltAPB2_50000_124159_124985,tiltAPB2,,ae,tuned,"{'w': 200, 'hidden': 32, 'latent': 8}",0.90518,0.77723,0.99698,0.97296,19.9,85.62,0.0,78767,1,0.0105,ok
ucr,200_UCR_Anomaly_tiltAPB4_20000_67995_67996,tiltAPB4,,iforest,default,,5e-05,8e-05,0.74039,0.0,6.89,nan,17.0,108001,1,2e-05,ok
ucr,200_UCR_Anomaly_tiltAPB4_20000_67995_67996,tiltAPB4,,iforest,tuned,"{'w': 100, 'n_estimators': 200}",5e-05,8e-05,0.74039,0.0,12.31,10.7,0.0,108001,1,2e-05,ok
ucr,200_UCR_Anomaly_tiltAPB4_20000_67995_67996,tiltAPB4,,lof,default,,3e-05,6e-05,0.60819,0.0,4.54,nan,17.0,108001,1,2e-05,ok
ucr,200_UCR_Anomaly_tiltAPB4_20000_67995_67996,tiltAPB4,,lof,tuned,"{'w': 400, 'k': 10}",4e-05,8e-05,0.48177,0.0,5.08,7.99,0.0,108001,1,2e-05,ok
ucr,200_UCR_Anomaly_tiltAPB4_20000_67995_67996,tiltAPB4,,knn,default,,0.00011,0.00019,0.60314,0.00027,3.51,nan,17.0,108001,1,2e-05,ok
ucr,200_UCR_Anomaly_tiltAPB4_20000_67995_67996,tiltAPB4,,knn,tuned,"{'w': 200, 'k': 1}",3e-05,6e-05,0.58805,0.0,5.9,4.11,0.0,108001,1,2e-05,ok
ucr,200_UCR_Anomaly_tiltAPB4_20000_67995_67996,tiltAPB4,,ae,default,,0.05114,0.00737,0.71496,0.07018,13.37,nan,67.6,108001,1,2e-05,ok
ucr,200_UCR_Anomaly_tiltAPB4_20000_67995_67996,tiltAPB4,,ae,tuned,"{'w': 200, 'hidden': 32, 'latent': 16}",3e-05,8e-05,0.57759,0.0,18.96,42.84,0.0,108001,1,2e-05,ok
ucr,202_UCR_Anomaly_CHARISfive_10411_10998_11028,CHARISfive,,iforest,default,,0.00061,0.001,0.67341,0.0,2.83,nan,17.0,31379,1,0.00099,ok
ucr,202_UCR_Anomaly_CHARISfive_10411_10998_11028,CHARISfive,,iforest,tuned,"{'w': 400, 'n_estimators': 100}",0.00054,0.00087,0.66639,0.0,6.17,7.87,0.0,31379,1,0.00099,ok
ucr,202_UCR_Anomaly_CHARISfive_10411_10998_11028,CHARISfive,,lof,default,,0.03043,0.04683,0.61154,0.08824,1.03,nan,17.0,31379,1,0.00099,ok
ucr,202_UCR_Anomaly_CHARISfive_10411_10998_11028,CHARISfive,,lof,tuned,"{'w': 100, 'k': 30}",0.0356,0.0631,0.60845,0.09253,2.12,2.99,0.0,31379,1,0.00099,ok
ucr,202_UCR_Anomaly_CHARISfive_10411_10998_11028,CHARISfive,,knn,default,,0.04539,0.07444,0.4705,0.11855,0.76,nan,17.0,31379,1,0.00099,ok
ucr,202_UCR_Anomaly_CHARISfive_10411_10998_11028,CHARISfive,,knn,tuned,"{'w': 100, 'k': 3}",0.04942,0.07953,0.47,0.11855,1.83,2.03,0.0,31379,1,0.00099,ok
ucr,202_UCR_Anomaly_CHARISfive_10411_10998_11028,CHARISfive,,ae,default,,0.38332,0.13749,0.95007,0.43411,5.26,nan,34.7,31379,1,0.00099,ok
ucr,202_UCR_Anomaly_CHARISfive_10411_10998_11028,CHARISfive,,ae,tuned,"{'w': 100, 'hidden': 32, 'latent': 16}",0.33472,0.12869,0.8659,0.37613,7.02,24.33,0.0,31379,1,0.00099,ok
ucr,204_UCR_Anomaly_CHARISfive_12412_15000_15070,CHARISfive,,iforest,default,,0.00178,0.00282,0.65237,0.0,2.88,nan,17.0,29587,1,0.0024,ok
ucr,204_UCR_Anomaly_CHARISfive_12412_15000_15070,CHARISfive,,iforest,tuned,"{'w': 400, 'n_estimators': 100}",0.00144,0.00236,0.64732,0.0,5.83,8.38,0.0,29587,1,0.0024,ok
ucr,204_UCR_Anomaly_CHARISfive_12412_15000_15070,CHARISfive,,lof,default,,0.11654,0.16357,0.62224,0.24906,1.1,nan,17.0,29587,1,0.0024,ok
ucr,204_UCR_Anomaly_CHARISfive_12412_15000_15070,CHARISfive,,lof,tuned,"{'w': 100, 'k': 30}",0.16083,0.22096,0.62004,0.34737,2.12,3.5,0.0,29587,1,0.0024,ok
ucr,204_UCR_Anomaly_CHARISfive_12412_15000_15070,CHARISfive,,knn,default,,0.18029,0.22268,0.60288,0.35602,0.78,nan,17.0,29587,1,0.0024,ok
ucr,204_UCR_Anomaly_CHARISfive_12412_15000_15070,CHARISfive,,knn,tuned,"{'w': 100, 'k': 3}",0.1904,0.22861,0.60157,0.35602,1.85,2.32,0.0,29587,1,0.0024,ok
ucr,204_UCR_Anomaly_CHARISfive_12412_15000_15070,CHARISfive,,ae,default,,0.78352,0.54692,0.99933,0.80085,5.8,nan,34.9,29587,1,0.0024,ok
ucr,204_UCR_Anomaly_CHARISfive_12412_15000_15070,CHARISfive,,ae,tuned,"{'w': 100, 'hidden': 32, 'latent': 16}",0.80489,0.55126,0.99935,0.80085,7.1,28.02,0.0,29587,1,0.0024,ok
ucr,206_UCR_Anomaly_CHARISten_25130_29080_29140,CHARISten,,iforest,default,,0.00944,0.01235,0.67448,0.03198,2.56,nan,17.0,16870,1,0.00362,ok
ucr,206_UCR_Anomaly_CHARISten_25130_29080_29140,CHARISten,,iforest,tuned,"{'w': 100, 'n_estimators': 200}",0.00944,0.01235,0.67448,0.03198,2.75,10.02,0.0,16870,1,0.00362,ok
ucr,206_UCR_Anomaly_CHARISten_25130_29080_29140,CHARISten,,lof,default,,0.15665,0.25156,0.87768,0.37538,1.14,nan,17.0,16870,1,0.00362,ok
ucr,206_UCR_Anomaly_CHARISten_25130_29080_29140,CHARISten,,lof,tuned,"{'w': 100, 'k': 50}",0.15665,0.25156,0.87768,0.37538,1.79,6.11,0.0,16870,1,0.00362,ok
ucr,206_UCR_Anomaly_CHARISten_25130_29080_29140,CHARISten,,knn,default,,0.179,0.24052,0.8926,0.38849,0.62,nan,17.0,16870,1,0.00362,ok
ucr,206_UCR_Anomaly_CHARISten_25130_29080_29140,CHARISten,,knn,tuned,"{'w': 50, 'k': 5}",0.2741,0.31356,0.89351,0.50833,2.19,4.3,0.0,16870,1,0.00362,ok
ucr,206_UCR_Anomaly_CHARISten_25130_29080_29140,CHARISten,,ae,default,,0.17079,0.23266,0.8909,0.37538,9.48,nan,30.3,16870,1,0.00362,ok
ucr,206_UCR_Anomaly_CHARISten_25130_29080_29140,CHARISten,,ae,tuned,"{'w': 50, 'hidden': 64, 'latent': 16}",0.27447,0.3441,0.89062,0.50833,26.17,60.24,0.0,16870,1,0.00362,ok
ucr,208_UCR_Anomaly_CHARISten_5130_27929_27989,CHARISten,,iforest,default,,0.78271,0.34833,0.9996,0.72266,4.23,nan,17.0,35740,1,0.00171,ok
ucr,208_UCR_Anomaly_CHARISten_5130_27929_27989,CHARISten,,iforest,tuned,"{'w': 50, 'n_estimators': 100}",0.13787,0.10874,0.71912,0.28609,4.0,8.06,0.0,35740,1,0.00171,ok
ucr,208_UCR_Anomaly_CHARISten_5130_27929_27989,CHARISten,,lof,default,,0.64925,0.31576,0.99948,0.68319,1.13,nan,17.0,35740,1,0.00171,ok
ucr,208_UCR_Anomaly_CHARISten_5130_27929_27989,CHARISten,,lof,tuned,"{'w': 50, 'k': 30}",0.78811,0.2867,0.99963,0.70717,3.3,1.77,0.0,35740,1,0.00171,ok
ucr,208_UCR_Anomaly_CHARISten_5130_27929_27989,CHARISten,,knn,default,,0.36406,0.13807,0.99944,0.52819,0.75,nan,17.0,35740,1,0.00171,ok
ucr,208_UCR_Anomaly_CHARISten_5130_27929_27989,CHARISten,,knn,tuned,"{'w': 50, 'k': 3}",0.62297,0.22319,0.9996,0.62327,3.01,1.82,0.0,35740,1,0.00171,ok
ucr,208_UCR_Anomaly_CHARISten_5130_27929_27989,CHARISten,,ae,default,,0.50574,0.20736,0.9996,0.62473,4.77,nan,36.5,35740,1,0.00171,ok
ucr,208_UCR_Anomaly_CHARISten_5130_27929_27989,CHARISten,,ae,tuned,"{'w': 50, 'hidden': 32, 'latent': 16}",0.6462,0.18461,0.99965,0.63417,6.74,12.5,0.0,35740,1,0.00171,ok
ucr,210_UCR_Anomaly_Italianpowerdemand_36123_74900_74996,Italianpowerdemand,,iforest,default,,0.00265,0.00443,0.65603,0.01013,5.79,nan,17.0,83696,1,0.00116,ok
ucr,210_UCR_Anomaly_Italianpowerdemand_36123_74900_74996,Italianpowerdemand,,iforest,tuned,"{'w': 400, 'n_estimators': 100}",0.00195,0.00342,0.6603,0.0033,15.32,14.07,0.0,83696,1,0.00116,ok
ucr,210_UCR_Anomaly_Italianpowerdemand_36123_74900_74996,Italianpowerdemand,,lof,default,,0.00083,0.00127,0.67882,0.0,4.75,nan,17.0,83696,1,0.00116,ok
ucr,210_UCR_Anomaly_Italianpowerdemand_36123_74900_74996,Italianpowerdemand,,lof,tuned,"{'w': 200, 'k': 10}",0.00101,0.00167,0.69493,0.0,5.6,8.96,0.0,83696,1,0.00116,ok
ucr,210_UCR_Anomaly_Italianpowerdemand_36123_74900_74996,Italianpowerdemand,,knn,default,,0.00137,0.0021,0.69835,0.00096,3.78,nan,17.0,83696,1,0.00116,ok
ucr,210_UCR_Anomaly_Italianpowerdemand_36123_74900_74996,Italianpowerdemand,,knn,tuned,"{'w': 200, 'k': 1}",0.00187,0.00275,0.70272,0.0014,5.17,6.12,0.0,83696,1,0.00116,ok
ucr,210_UCR_Anomaly_Italianpowerdemand_36123_74900_74996,Italianpowerdemand,,ae,default,,0.00386,0.00569,0.66584,0.00991,16.83,nan,58.7,83696,1,0.00116,ok
ucr,210_UCR_Anomaly_Italianpowerdemand_36123_74900_74996,Italianpowerdemand,,ae,tuned,"{'w': 100, 'hidden': 64, 'latent': 8}",0.00244,0.00353,0.67103,0.0049,19.72,69.9,0.0,83696,1,0.00116,ok
ucr,212_UCR_Anomaly_Italianpowerdemand_8913_29480_29504,Italianpowerdemand,,iforest,default,,0.00071,0.00125,0.60996,0.0,2.22,nan,17.0,21018,1,0.00119,ok
ucr,212_UCR_Anomaly_Italianpowerdemand_8913_29480_29504,Italianpowerdemand,,iforest,tuned,"{'w': 100, 'n_estimators': 200}",0.00071,0.00125,0.60996,0.0,3.4,7.62,0.0,21018,1,0.00119,ok
ucr,212_UCR_Anomaly_Italianpowerdemand_8913_29480_29504,Italianpowerdemand,,lof,default,,0.00075,0.00109,0.84171,0.0,0.68,nan,17.0,21018,1,0.00119,ok
ucr,212_UCR_Anomaly_Italianpowerdemand_8913_29480_29504,Italianpowerdemand,,lof,tuned,"{'w': 50, 'k': 50}",0.19066,0.15913,0.84191,0.30435,2.27,2.62,0.0,21018,1,0.00119,ok
ucr,212_UCR_Anomaly_Italianpowerdemand_8913_29480_29504,Italianpowerdemand,,knn,default,,0.00634,0.00942,0.8281,0.02111,0.48,nan,17.0,21018,1,0.00119,ok
ucr,212_UCR_Anomaly_Italianpowerdemand_8913_29480_29504,Italianpowerdemand,,knn,tuned,"{'w': 100, 'k': 3}",0.00765,0.01179,0.82816,0.02571,1.29,1.83,0.0,21018,1,0.00119,ok
ucr,212_UCR_Anomaly_Italianpowerdemand_8913_29480_29504,Italianpowerdemand,,ae,default,,0.01125,0.01602,0.80834,0.03221,4.27,nan,30.6,21018,1,0.00119,ok
ucr,212_UCR_Anomaly_Italianpowerdemand_8913_29480_29504,Italianpowerdemand,,ae,tuned,"{'w': 200, 'hidden': 32, 'latent': 16}",0.00083,0.00139,0.83511,0.0,4.95,20.61,0.0,21018,1,0.00119,ok
ucr,214_UCR_Anomaly_STAFFIIIDatabase_34211_125720_126370,STAFFIIIDatabase,,iforest,default,,0.00423,0.0042,0.66345,0.01051,17.18,nan,17.0,265479,1,0.00245,ok
ucr,214_UCR_Anomaly_STAFFIIIDatabase_34211_125720_126370,STAFFIIIDatabase,,iforest,tuned,"{'w': 400, 'n_estimators': 200}",0.00313,0.00343,0.65105,0.00655,53.19,14.97,0.0,265479,1,0.00245,ok
ucr,214_UCR_Anomaly_STAFFIIIDatabase_34211_125720_126370,STAFFIIIDatabase,,lof,default,,0.002,0.0024,0.66313,0.00023,14.08,nan,17.0,265479,1,0.00245,ok
ucr,214_UCR_Anomaly_STAFFIIIDatabase_34211_125720_126370,STAFFIIIDatabase,,lof,tuned,"{'w': 400, 'k': 50}",0.00134,0.00163,0.60779,0.0,15.49,5.66,0.0,265479,1,0.00245,ok
ucr,214_UCR_Anomaly_STAFFIIIDatabase_34211_125720_126370,STAFFIIIDatabase,,knn,default,,0.00407,0.00432,0.62516,0.01016,11.57,nan,17.0,265479,1,0.00245,ok
ucr,214_UCR_Anomaly_STAFFIIIDatabase_34211_125720_126370,STAFFIIIDatabase,,knn,tuned,"{'w': 200, 'k': 1}",0.00646,0.00701,0.62729,0.01327,16.84,4.61,0.0,265479,1,0.00245,ok
ucr,214_UCR_Anomaly_STAFFIIIDatabase_34211_125720_126370,STAFFIIIDatabase,,ae,default,,0.18091,0.02566,0.9213,0.25624,27.74,nan,131.0,265479,1,0.00245,ok
ucr,214_UCR_Anomaly_STAFFIIIDatabase_34211_125720_126370,STAFFIIIDatabase,,ae,tuned,"{'w': 100, 'hidden': 64, 'latent': 8}",0.19523,0.02437,0.96394,0.27689,37.47,41.18,0.0,265479,1,0.00245,ok
ucr,216_UCR_Anomaly_STAFFIIIDatabase_37216_160720_161370,STAFFIIIDatabase,,iforest,default,,0.05798,0.00751,0.83214,0.11173,15.74,nan,17.0,262674,1,0.00248,ok
ucr,216_UCR_Anomaly_STAFFIIIDatabase_37216_160720_161370,STAFFIIIDatabase,,iforest,tuned,"{'w': 200, 'n_estimators': 200}",0.093,0.01587,0.87589,0.15467,35.37,13.49,0.0,262674,1,0.00248,ok
ucr,216_UCR_Anomaly_STAFFIIIDatabase_37216_160720_161370,STAFFIIIDatabase,,lof,default,,0.07681,0.07587,0.78572,0.13254,14.38,nan,17.0,262674,1,0.00248,ok
ucr,216_UCR_Anomaly_STAFFIIIDatabase_37216_160720_161370,STAFFIIIDatabase,,lof,tuned,"{'w': 100, 'k': 30}",0.11367,0.09226,0.79307,0.14958,23.4,8.11,0.0,262674,1,0.00248,ok
ucr,216_UCR_Anomaly_STAFFIIIDatabase_37216_160720_161370,STAFFIIIDatabase,,knn,default,,0.28784,0.04533,0.99941,0.50215,12.21,nan,17.0,262674,1,0.00248,ok
ucr,216_UCR_Anomaly_STAFFIIIDatabase_37216_160720_161370,STAFFIIIDatabase,,knn,tuned,"{'w': 200, 'k': 1}",0.47016,0.12489,0.9994,0.52307,17.75,6.09,0.0,262674,1,0.00248,ok
ucr,216_UCR_Anomaly_STAFFIIIDatabase_37216_160720_161370,STAFFIIIDatabase,,ae,default,,0.29218,0.04159,0.99941,0.5,28.09,nan,130.6,262674,1,0.00248,ok
ucr,216_UCR_Anomaly_STAFFIIIDatabase_37216_160720_161370,STAFFIIIDatabase,,ae,tuned,"{'w': 200, 'hidden': 32, 'latent': 8}",0.46431,0.11065,0.9994,0.50222,48.92,63.82,0.0,262674,1,0.00248,ok
ucr,218_UCR_Anomaly_STAFFIIIDatabase_41117_210720_211370,STAFFIIIDatabase,,iforest,default,,0.00672,0.00676,0.75907,0.01648,16.33,nan,17.0,258823,1,0.00252,ok
ucr,218_UCR_Anomaly_STAFFIIIDatabase_41117_210720_211370,STAFFIIIDatabase,,iforest,tuned,"{'w': 400, 'n_estimators': 100}",0.00823,0.00875,0.72479,0.01739,47.46,14.37,0.0,258823,1,0.00252,ok
ucr,218_UCR_Anomaly_STAFFIIIDatabase_41117_210720_211370,STAFFIIIDatabase,,lof,default,,0.05357,0.05845,0.79663,0.12385,14.53,nan,17.0,258823,1,0.00252,ok
ucr,218_UCR_Anomaly_STAFFIIIDatabase_41117_210720_211370,STAFFIIIDatabase,,lof,tuned,"{'w': 200, 'k': 10}",0.17733,0.17514,0.82443,0.28726,17.11,11.22,0.0,258823,1,0.00252,ok
ucr,218_UCR_Anomaly_STAFFIIIDatabase_41117_210720_211370,STAFFIIIDatabase,,knn,default,,0.0743,0.04758,0.8742,0.16086,13.23,nan,17.0,258823,1,0.00252,ok
ucr,218_UCR_Anomaly_STAFFIIIDatabase_41117_210720_211370,STAFFIIIDatabase,,knn,tuned,"{'w': 200, 'k': 3}",0.15678,0.1211,0.87509,0.25891,17.03,7.33,0.0,258823,1,0.00252,ok
ucr,218_UCR_Anomaly_STAFFIIIDatabase_41117_210720_211370,STAFFIIIDatabase,,ae,default,,0.31952,0.05353,0.99939,0.32143,30.85,nan,128.7,258823,1,0.00252,ok
ucr,218_UCR_Anomaly_STAFFIIIDatabase_41117_210720_211370,STAFFIIIDatabase,,ae,tuned,"{'w': 200, 'hidden': 32, 'latent': 8}",0.32195,0.07526,0.99941,0.33292,46.79,87.78,0.0,258823,1,0.00252,ok
ucr,220_UCR_Anomaly_STAFFIIIDatabase_43217_250720_251370,STAFFIIIDatabase,,iforest,default,,0.00508,0.00521,0.6681,0.01223,15.68,nan,17.0,256573,1,0.00254,ok
ucr,220_UCR_Anomaly_STAFFIIIDatabase_43217_250720_251370,STAFFIIIDatabase,,iforest,tuned,"{'w': 200, 'n_estimators': 100}",0.00448,0.00466,0.65526,0.00773,30.08,15.7,0.0,256573,1,0.00254,ok
ucr,220_UCR_Anomaly_STAFFIIIDatabase_43217_250720_251370,STAFFIIIDatabase,,lof,default,,0.02103,0.02109,0.84007,0.05895,15.37,nan,17.0,256573,1,0.00254,ok
ucr,220_UCR_Anomaly_STAFFIIIDatabase_43217_250720_251370,STAFFIIIDatabase,,lof,tuned,"{'w': 100, 'k': 10}",0.37078,0.15194,0.99959,0.42208,23.18,15.67,0.0,256573,1,0.00254,ok
ucr,220_UCR_Anomaly_STAFFIIIDatabase_43217_250720_251370,STAFFIIIDatabase,,knn,default,,0.15493,0.02867,0.95622,0.24146,13.62,nan,17.0,256573,1,0.00254,ok
ucr,220_UCR_Anomaly_STAFFIIIDatabase_43217_250720_251370,STAFFIIIDatabase,,knn,tuned,"{'w': 100, 'k': 1}",0.22588,0.0385,0.98909,0.29531,25.36,9.18,0.0,256573,1,0.00254,ok
ucr,220_UCR_Anomaly_STAFFIIIDatabase_43217_250720_251370,STAFFIIIDatabase,,ae,default,,0.2297,0.03371,0.99868,0.30101,31.4,nan,128.0,256573,1,0.00254,ok
ucr,220_UCR_Anomaly_STAFFIIIDatabase_43217_250720_251370,STAFFIIIDatabase,,ae,tuned,"{'w': 50, 'hidden': 32, 'latent': 16}",0.0282,0.01314,0.85398,0.10976,52.16,119.79,0.0,256573,1,0.00254,ok
ucr,222_UCR_Anomaly_mit14046longtermecg_56123_91200_91700,mit14046longtermecg,,iforest,default,,0.1375,0.03118,0.99766,0.22566,10.24,nan,17.0,155379,1,0.00322,ok
ucr,222_UCR_Anomaly_mit14046longtermecg_56123_91200_91700,mit14046longtermecg,,iforest,tuned,"{'w': 100, 'n_estimators': 200}",0.1375,0.03118,0.99766,0.22566,16.23,18.32,0.0,155379,1,0.00322,ok
ucr,222_UCR_Anomaly_mit14046longtermecg_56123_91200_91700,mit14046longtermecg,,lof,default,,0.00459,0.00651,0.9797,0.00483,12.58,nan,17.0,155379,1,0.00322,ok
ucr,222_UCR_Anomaly_mit14046longtermecg_56123_91200_91700,mit14046longtermecg,,lof,tuned,"{'w': 100, 'k': 50}",0.00459,0.00651,0.9797,0.00483,17.62,19.46,0.0,155379,1,0.00322,ok
ucr,222_UCR_Anomaly_mit14046longtermecg_56123_91200_91700,mit14046longtermecg,,knn,default,,0.20861,0.07241,0.99796,0.29354,11.77,nan,17.0,155379,1,0.00322,ok
ucr,222_UCR_Anomaly_mit14046longtermecg_56123_91200_91700,mit14046longtermecg,,knn,tuned,"{'w': 100, 'k': 1}",0.21359,0.07753,0.99796,0.29655,18.59,10.46,0.0,155379,1,0.00322,ok
ucr,222_UCR_Anomaly_mit14046longtermecg_56123_91200_91700,mit14046longtermecg,,ae,default,,0.20029,0.06156,0.99006,0.31569,29.05,nan,88.8,155379,1,0.00322,ok
ucr,222_UCR_Anomaly_mit14046longtermecg_56123_91200_91700,mit14046longtermecg,,ae,tuned,"{'w': 100, 'hidden': 64, 'latent': 8}",0.18272,0.05319,0.98091,0.2881,32.22,118.65,0.0,155379,1,0.00322,ok
ucr,224_UCR_Anomaly_mit14046longtermecg_76123_191200_191700,mit14046longtermecg,,iforest,default,,0.00263,0.00339,0.67827,0.0,8.16,nan,17.0,123630,1,0.00405,ok
ucr,224_UCR_Anomaly_mit14046longtermecg_76123_191200_191700,mit14046longtermecg,,iforest,tuned,"{'w': 200, 'n_estimators': 100}",0.00267,0.00337,0.65677,0.0,14.57,22.29,0.0,123630,1,0.00405,ok
ucr,224_UCR_Anomaly_mit14046longtermecg_76123_191200_191700,mit14046longtermecg,,lof,default,,0.37037,0.14248,0.99893,0.42689,12.91,nan,17.0,123630,1,0.00405,ok
ucr,224_UCR_Anomaly_mit14046longtermecg_76123_191200_191700,mit14046longtermecg,,lof,tuned,"{'w': 200, 'k': 30}",0.01582,0.01586,0.84777,0.03903,10.41,15.04,0.0,123630,1,0.00405,ok
ucr,224_UCR_Anomaly_mit14046longtermecg_76123_191200_191700,mit14046longtermecg,,knn,default,,0.03956,0.03966,0.60415,0.10408,10.16,nan,17.0,123630,1,0.00405,ok
ucr,224_UCR_Anomaly_mit14046longtermecg_76123_191200_191700,mit14046longtermecg,,knn,tuned,"{'w': 200, 'k': 3}",0.00602,0.00654,0.55326,0.0108,9.57,12.56,0.0,123630,1,0.00405,ok
ucr,224_UCR_Anomaly_mit14046longtermecg_76123_191200_191700,mit14046longtermecg,,ae,default,,0.02442,0.02529,0.50759,0.06816,37.47,nan,78.6,123630,1,0.00405,ok
ucr,224_UCR_Anomaly_mit14046longtermecg_76123_191200_191700,mit14046longtermecg,,ae,tuned,"{'w': 200, 'hidden': 32, 'latent': 16}",0.00518,0.00598,0.51805,0.01043,30.99,97.15,0.0,123630,1,0.00405,ok
ucr,226_UCR_Anomaly_mit14046longtermecg_96123_123000_123300,mit14046longtermecg,,iforest,default,,0.34517,0.26682,0.65167,0.51943,6.49,nan,17.0,93878,1,0.00321,ok
ucr,226_UCR_Anomaly_mit14046longtermecg_96123_123000_123300,mit14046longtermecg,,iforest,tuned,"{'w': 200, 'n_estimators': 100}",0.47622,0.45075,0.62768,0.71199,11.02,26.56,0.0,93878,1,0.00321,ok
ucr,226_UCR_Anomaly_mit14046longtermecg_96123_123000_123300,mit14046longtermecg,,lof,default,,0.26474,0.28516,0.71664,0.46415,15.62,nan,17.0,93878,1,0.00321,ok
ucr,226_UCR_Anomaly_mit14046longtermecg_96123_123000_123300,mit14046longtermecg,,lof,tuned,"{'w': 200, 'k': 50}",0.99407,0.62619,0.99942,0.79727,9.59,31.03,0.0,93878,1,0.00321,ok
ucr,226_UCR_Anomaly_mit14046longtermecg_96123_123000_123300,mit14046longtermecg,,knn,default,,0.99103,0.57869,0.99971,0.7986,9.18,nan,17.0,93878,1,0.00321,ok
ucr,226_UCR_Anomaly_mit14046longtermecg_96123_123000_123300,mit14046longtermecg,,knn,tuned,"{'w': 200, 'k': 1}",0.99797,0.65891,0.99942,0.79727,9.04,19.34,0.0,93878,1,0.00321,ok
ucr,226_UCR_Anomaly_mit14046longtermecg_96123_123000_123300,mit14046longtermecg,,ae,default,,0.99726,0.5688,0.99925,0.79927,43.15,nan,67.6,93878,1,0.00321,ok
ucr,226_UCR_Anomaly_mit14046longtermecg_96123_123000_123300,mit14046longtermecg,,ae,tuned,"{'w': 100, 'hidden': 64, 'latent': 8}",0.99949,0.61591,0.99972,0.79927,40.08,159.91,0.0,93878,1,0.00321,ok
ucr,228_UCR_Anomaly_mit14134longtermecg_11361_47830_47850,mit14134longtermecg,,iforest,default,,0.00365,0.00543,0.75817,0.00977,3.7,nan,17.0,47639,1,0.00044,ok
ucr,228_UCR_Anomaly_mit14134longtermecg_11361_47830_47850,mit14134longtermecg,,iforest,tuned,"{'w': 100, 'n_estimators': 200}",0.00365,0.00543,0.75817,0.00977,5.37,8.04,0.0,47639,1,0.00044,ok
ucr,228_UCR_Anomaly_mit14134longtermecg_11361_47830_47850,mit14134longtermecg,,lof,default,,0.07222,0.05827,0.76105,0.09817,1.56,nan,17.0,47639,1,0.00044,ok
ucr,228_UCR_Anomaly_mit14134longtermecg_11361_47830_47850,mit14134longtermecg,,lof,tuned,"{'w': 200, 'k': 10}",0.0091,0.01997,0.80585,0.02821,2.72,3.47,0.0,47639,1,0.00044,ok
ucr,228_UCR_Anomaly_mit14134longtermecg_11361_47830_47850,mit14134longtermecg,,knn,default,,0.03565,0.05097,0.79407,0.07766,1.18,nan,17.0,47639,1,0.00044,ok
ucr,228_UCR_Anomaly_mit14134longtermecg_11361_47830_47850,mit14134longtermecg,,knn,tuned,"{'w': 100, 'k': 3}",0.0407,0.05862,0.79747,0.08982,2.85,2.17,0.0,47639,1,0.00044,ok
ucr,228_UCR_Anomaly_mit14134longtermecg_11361_47830_47850,mit14134longtermecg,,ae,default,,0.03465,0.04869,0.88046,0.07222,6.35,nan,41.6,47639,1,0.00044,ok
ucr,228_UCR_Anomaly_mit14134longtermecg_11361_47830_47850,mit14134longtermecg,,ae,tuned,"{'w': 200, 'hidden': 32, 'latent': 16}",0.00435,0.00718,0.90269,0.01325,9.22,26.19,0.0,47639,1,0.00044,ok
ucr,230_UCR_Anomaly_mit14134longtermecg_19363_19510_19610,mit14134longtermecg,,iforest,default,,0.00684,0.00793,0.75747,0.02,3.33,nan,17.0,39637,1,0.00255,ok
ucr,230_UCR_Anomaly_mit14134longtermecg_19363_19510_19610,mit14134longtermecg,,iforest,tuned,"{'w': 50, 'n_estimators': 200}",0.00601,0.0064,0.73216,0.01441,4.55,9.84,0.0,39637,1,0.00255,ok
ucr,230_UCR_Anomaly_mit14134longtermecg_19363_19510_19610,mit14134longtermecg,,lof,default,,0.06031,0.06053,0.66056,0.1622,1.71,nan,17.0,39637,1,0.00255,ok
ucr,230_UCR_Anomaly_mit14134longtermecg_19363_19510_19610,mit14134longtermecg,,lof,tuned,"{'w': 50, 'k': 30}",0.03299,0.0295,0.70081,0.08282,7.28,5.0,0.0,39637,1,0.00255,ok
ucr,230_UCR_Anomaly_mit14134longtermecg_19363_19510_19610,mit14134longtermecg,,knn,default,,0.02208,0.02398,0.73024,0.06031,2.01,nan,17.0,39637,1,0.00255,ok
ucr,230_UCR_Anomaly_mit14134longtermecg_19363_19510_19610,mit14134longtermecg,,knn,tuned,"{'w': 100, 'k': 3}",0.02361,0.02641,0.73223,0.06392,2.75,3.29,0.0,39637,1,0.00255,ok
ucr,230_UCR_Anomaly_mit14134longtermecg_19363_19510_19610,mit14134longtermecg,,ae,default,,0.02059,0.03346,0.80615,0.06575,11.4,nan,40.3,39637,1,0.00255,ok
ucr,230_UCR_Anomaly_mit14134longtermecg_19363_19510_19610,mit14134longtermecg,,ae,tuned,"{'w': 200, 'hidden': 32, 'latent': 16}",0.02642,0.05224,0.83326,0.09164,11.57,50.4,0.0,39637,1,0.00255,ok
ucr,232_UCR_Anomaly_mit14134longtermecg_8763_57530_57790,mit14134longtermecg,,iforest,default,,0.00398,0.00618,0.88563,0.00386,4.41,nan,17.0,50237,1,0.0052,ok
ucr,232_UCR_Anomaly_mit14134longtermecg_8763_57530_57790,mit14134longtermecg,,iforest,tuned,"{'w': 100, 'n_estimators': 200}",0.00398,0.00618,0.88563,0.00386,5.61,7.36,0.0,50237,1,0.0052,ok
ucr,232_UCR_Anomaly_mit14134longtermecg_8763_57530_57790,mit14134longtermecg,,lof,default,,0.02159,0.02583,0.88496,0.05016,1.42,nan,17.0,50237,1,0.0052,ok
ucr,232_UCR_Anomaly_mit14134longtermecg_8763_57530_57790,mit14134longtermecg,,lof,tuned,"{'w': 50, 'k': 30}",0.05741,0.05262,0.85802,0.12937,4.32,2.54,0.0,50237,1,0.0052,ok
ucr,232_UCR_Anomaly_mit14134longtermecg_8763_57530_57790,mit14134longtermecg,,knn,default,,0.04932,0.05013,0.88539,0.10744,1.15,nan,17.0,50237,1,0.0052,ok
ucr,232_UCR_Anomaly_mit14134longtermecg_8763_57530_57790,mit14134longtermecg,,knn,tuned,"{'w': 50, 'k': 3}",0.04142,0.03768,0.86238,0.08574,4.09,1.81,0.0,50237,1,0.0052,ok
ucr,232_UCR_Anomaly_mit14134longtermecg_8763_57530_57790,mit14134longtermecg,,ae,default,,0.01386,0.01534,0.7347,0.03285,5.77,nan,43.0,50237,1,0.0052,ok
ucr,232_UCR_Anomaly_mit14134longtermecg_8763_57530_57790,mit14134longtermecg,,ae,tuned,"{'w': 100, 'hidden': 64, 'latent': 8}",0.01076,0.01212,0.88546,0.02504,7.91,19.41,0.0,50237,1,0.0052,ok
ucr,234_UCR_Anomaly_mit14157longtermecg_18913_24600_24601,mit14157longtermecg,,iforest,default,,9e-05,0.00019,0.63362,0.00024,5.42,nan,17.0,79797,1,3e-05,ok
ucr,234_UCR_Anomaly_mit14157longtermecg_18913_24600_24601,mit14157longtermecg,,iforest,tuned,"{'w': 100, 'n_estimators': 100}",0.0001,0.00018,0.62766,0.00025,6.35,9.71,0.0,79797,1,3e-05,ok
ucr,234_UCR_Anomaly_mit14157longtermecg_18913_24600_24601,mit14157longtermecg,,lof,default,,0.00093,0.00161,0.6445,0.00242,3.05,nan,17.0,79797,1,3e-05,ok
ucr,234_UCR_Anomaly_mit14157longtermecg_18913_24600_24601,mit14157longtermecg,,lof,tuned,"{'w': 200, 'k': 10}",6e-05,0.00011,0.62139,0.0,4.11,5.04,0.0,79797,1,3e-05,ok
ucr,234_UCR_Anomaly_mit14157longtermecg_18913_24600_24601,mit14157longtermecg,,knn,default,,0.00164,0.00332,0.63956,0.0032,2.41,nan,17.0,79797,1,3e-05,ok
ucr,234_UCR_Anomaly_mit14157longtermecg_18913_24600_24601,mit14157longtermecg,,knn,tuned,"{'w': 100, 'k': 3}",0.00213,0.00499,0.64124,0.00472,4.72,2.99,0.0,79797,1,3e-05,ok
ucr,234_UCR_Anomaly_mit14157longtermecg_18913_24600_24601,mit14157longtermecg,,ae,default,,0.00178,0.00333,0.65586,0.0032,10.96,nan,54.8,79797,1,3e-05,ok
ucr,234_UCR_Anomaly_mit14157longtermecg_18913_24600_24601,mit14157longtermecg,,ae,tuned,"{'w': 100, 'hidden': 32, 'latent': 16}",0.00146,0.00333,0.65022,0.0032,12.65,39.86,0.0,79797,1,3e-05,ok
ucr,236_UCR_Anomaly_mit14157longtermecg_19313_46350_46390,mit14157longtermecg,,iforest,default,,0.00034,0.0005,0.80367,0.0,5.11,nan,17.0,77687,1,0.00053,ok
ucr,236_UCR_Anomaly_mit14157longtermecg_19313_46350_46390,mit14157longtermecg,,iforest,tuned,"{'w': 100, 'n_estimators': 200}",0.00034,0.0005,0.80367,0.0,7.89,9.55,0.0,77687,1,0.00053,ok
ucr,236_UCR_Anomaly_mit14157longtermecg_19313_46350_46390,mit14157longtermecg,,lof,default,,0.00583,0.01064,0.81237,0.02049,2.89,nan,17.0,77687,1,0.00053,ok
ucr,236_UCR_Anomaly_mit14157longtermecg_19313_46350_46390,mit14157longtermecg,,lof,tuned,"{'w': 100, 'k': 30}",0.00697,0.01309,0.81205,0.02272,5.35,4.85,0.0,77687,1,0.00053,ok
ucr,236_UCR_Anomaly_mit14157longtermecg_19313_46350_46390,mit14157longtermecg,,knn,default,,0.00814,0.01591,0.81208,0.02623,2.56,nan,17.0,77687,1,0.00053,ok
ucr,236_UCR_Anomaly_mit14157longtermecg_19313_46350_46390,mit14157longtermecg,,knn,tuned,"{'w': 100, 'k': 3}",0.00919,0.01676,0.81263,0.02903,4.92,3.24,0.0,77687,1,0.00053,ok
ucr,236_UCR_Anomaly_mit14157longtermecg_19313_46350_46390,mit14157longtermecg,,ae,default,,0.00875,0.0156,0.82173,0.02904,10.87,nan,55.0,77687,1,0.00053,ok
ucr,236_UCR_Anomaly_mit14157longtermecg_19313_46350_46390,mit14157longtermecg,,ae,tuned,"{'w': 100, 'hidden': 64, 'latent': 8}",0.00632,0.01105,0.80952,0.02163,16.78,48.11,0.0,77687,1,0.00053,ok
ucr,238_UCR_Anomaly_mit14157longtermecg_21311_72600_72780,mit14157longtermecg,,iforest,default,,0.01675,0.01549,0.78894,0.04401,5.76,nan,17.0,77689,1,0.00233,ok
ucr,238_UCR_Anomaly_mit14157longtermecg_21311_72600_72780,mit14157longtermecg,,iforest,tuned,"{'w': 100, 'n_estimators': 200}",0.01675,0.01549,0.78894,0.04401,9.0,11.83,0.0,77689,1,0.00233,ok
ucr,238_UCR_Anomaly_mit14157longtermecg_21311_72600_72780,mit14157longtermecg,,lof,default,,0.02813,0.02705,0.72999,0.06921,3.84,nan,17.0,77689,1,0.00233,ok
ucr,238_UCR_Anomaly_mit14157longtermecg_21311_72600_72780,mit14157longtermecg,,lof,tuned,"{'w': 400, 'k': 10}",0.01716,0.02113,0.73452,0.04974,5.46,6.02,0.0,77689,1,0.00233,ok
ucr,238_UCR_Anomaly_mit14157longtermecg_21311_72600_72780,mit14157longtermecg,,knn,default,,0.06682,0.0606,0.74923,0.15871,4.19,nan,17.0,77689,1,0.00233,ok
ucr,238_UCR_Anomaly_mit14157longtermecg_21311_72600_72780,mit14157longtermecg,,knn,tuned,"{'w': 100, 'k': 3}",0.0658,0.05977,0.74647,0.15537,5.2,3.59,0.0,77689,1,0.00233,ok
ucr,238_UCR_Anomaly_mit14157longtermecg_21311_72600_72780,mit14157longtermecg,,ae,default,,0.05902,0.0576,0.75683,0.14008,11.63,nan,55.1,77689,1,0.00233,ok
ucr,238_UCR_Anomaly_mit14157longtermecg_21311_72600_72780,mit14157longtermecg,,ae,tuned,"{'w': 100, 'hidden': 32, 'latent': 8}",0.06866,0.06669,0.76065,0.16296,14.15,46.57,0.0,77689,1,0.00233,ok
ucr,240_UCR_Anomaly_taichidbS0715Master_240030_884100_884200,taichidbS0715Master,,iforest,default,,0.0005,0.00075,0.68388,0.00183,36.49,nan,17.0,659970,1,0.00015,ok
ucr,240_UCR_Anomaly_taichidbS0715Master_240030_884100_884200,taichidbS0715Master,,iforest,tuned,"{'w': 400, 'n_estimators': 200}",0.00038,0.00058,0.7376,0.00099,140.2,61.42,0.0,659970,1,0.00015,ok
ucr,240_UCR_Anomaly_taichidbS0715Master_240030_884100_884200,taichidbS0715Master,,lof,default,,0.01181,0.01089,0.6886,0.02765,157.68,nan,17.0,659970,1,0.00015,ok
ucr,240_UCR_Anomaly_taichidbS0715Master_240030_884100_884200,taichidbS0715Master,,lof,tuned,"{'w': 100, 'k': 10}",0.01089,0.01278,0.82828,0.01988,180.74,151.9,0.0,659970,1,0.00015,ok
ucr,240_UCR_Anomaly_taichidbS0715Master_240030_884100_884200,taichidbS0715Master,,knn,default,,0.00726,0.00926,0.79285,0.01713,139.23,nan,17.0,659970,1,0.00015,ok
ucr,240_UCR_Anomaly_taichidbS0715Master_240030_884100_884200,taichidbS0715Master,,knn,tuned,"{'w': 50, 'k': 1}",0.00574,0.00735,0.77153,0.01108,589.79,80.9,0.0,659970,1,0.00015,ok
ucr,240_UCR_Anomaly_taichidbS0715Master_240030_884100_884200,taichidbS0715Master,,ae,default,,0.00074,0.00115,0.79819,0.00172,147.68,nan,304.9,659970,1,0.00015,ok
ucr,240_UCR_Anomaly_taichidbS0715Master_240030_884100_884200,taichidbS0715Master,,ae,tuned,"{'w': 50, 'hidden': 64, 'latent': 16}",0.00075,0.00116,0.78464,0.00184,227.95,639.85,0.0,659970,1,0.00015,ok
ucr,242_UCR_Anomaly_tilt12744mtable_100000_104630_104890,tilt12744mtable,,iforest,default,,0.00178,0.00208,0.80054,0.0023,12.36,nan,17.0,186667,1,0.0014,ok
ucr,242_UCR_Anomaly_tilt12744mtable_100000_104630_104890,tilt12744mtable,,iforest,tuned,"{'w': 400, 'n_estimators': 200}",0.00178,0.0025,0.82086,0.0,39.3,29.81,0.0,186667,1,0.0014,ok
ucr,242_UCR_Anomaly_tilt12744mtable_100000_104630_104890,tilt12744mtable,,lof,default,,0.00896,0.01218,0.72031,0.02169,22.28,nan,17.0,186667,1,0.0014,ok
ucr,242_UCR_Anomaly_tilt12744mtable_100000_104630_104890,tilt12744mtable,,lof,tuned,"{'w': 200, 'k': 30}",0.05675,0.07203,0.77963,0.14863,17.28,31.74,0.0,186667,1,0.0014,ok
ucr,242_UCR_Anomaly_tilt12744mtable_100000_104630_104890,tilt12744mtable,,knn,default,,0.01943,0.01839,0.7878,0.05019,18.45,nan,17.0,186667,1,0.0014,ok
ucr,242_UCR_Anomaly_tilt12744mtable_100000_104630_104890,tilt12744mtable,,knn,tuned,"{'w': 200, 'k': 3}",0.03835,0.03956,0.78558,0.09349,15.65,21.65,0.0,186667,1,0.0014,ok
ucr,242_UCR_Anomaly_tilt12744mtable_100000_104630_104890,tilt12744mtable,,ae,default,,0.01238,0.01166,0.82237,0.03548,44.79,nan,105.3,186667,1,0.0014,ok
ucr,242_UCR_Anomaly_tilt12744mtable_100000_104630_104890,tilt12744mtable,,ae,tuned,"{'w': 100, 'hidden': 32, 'latent': 8}",0.011,0.0104,0.74731,0.03049,51.86,172.92,0.0,186667,1,0.0014,ok
ucr,244_UCR_Anomaly_tilt12754table_100013_104630_104890,tilt12754table,,iforest,default,,0.00153,0.00177,0.8225,0.00284,13.2,nan,17.0,200249,1,0.0013,ok
ucr,244_UCR_Anomaly_tilt12754table_100013_104630_104890,tilt12754table,,iforest,tuned,"{'w': 100, 'n_estimators': 100}",0.00156,0.00179,0.8244,0.00295,17.73,29.8,0.0,200249,1,0.0013,ok
ucr,244_UCR_Anomaly_tilt12754table_100013_104630_104890,tilt12754table,,lof,default,,0.00806,0.00931,0.54691,0.02071,25.89,nan,17.0,200249,1,0.0013,ok
ucr,244_UCR_Anomaly_tilt12754table_100013_104630_104890,tilt12754table,,lof,tuned,"{'w': 100, 'k': 30}",0.00568,0.00647,0.65462,0.0149,33.7,33.94,0.0,200249,1,0.0013,ok
ucr,244_UCR_Anomaly_tilt12754table_100013_104630_104890,tilt12754table,,knn,default,,0.01589,0.01513,0.83974,0.04206,23.21,nan,17.0,200249,1,0.0013,ok
ucr,244_UCR_Anomaly_tilt12754table_100013_104630_104890,tilt12754table,,knn,tuned,"{'w': 200, 'k': 1}",0.02349,0.02821,0.85228,0.06368,16.09,22.46,0.0,200249,1,0.0013,ok
ucr,244_UCR_Anomaly_tilt12754table_100013_104630_104890,tilt12754table,,ae,default,,0.01246,0.01141,0.79753,0.03579,45.54,nan,110.0,200249,1,0.0013,ok
ucr,244_UCR_Anomaly_tilt12754table_100013_104630_104890,tilt12754table,,ae,tuned,"{'w': 100, 'hidden': 32, 'latent': 8}",0.01056,0.00969,0.81315,0.02921,59.55,198.96,0.0,200249,1,0.0013,ok
ucr,246_UCR_Anomaly_tilt12755mtable_100211_270800_271070,tilt12755mtable,,iforest,default,,0.00302,0.00388,0.67631,0.00727,14.21,nan,17.0,199656,1,0.00136,ok
ucr,246_UCR_Anomaly_tilt12755mtable_100211_270800_271070,tilt12755mtable,,iforest,tuned,"{'w': 200, 'n_estimators': 200}",0.00385,0.0054,0.73123,0.0127,31.8,30.93,0.0,199656,1,0.00136,ok
ucr,246_UCR_Anomaly_tilt12755mtable_100211_270800_271070,tilt12755mtable,,lof,default,,0.00856,0.0085,0.74632,0.02047,36.0,nan,17.0,199656,1,0.00136,ok
ucr,246_UCR_Anomaly_tilt12755mtable_100211_270800_271070,tilt12755mtable,,lof,tuned,"{'w': 50, 'k': 30}",0.00336,0.00451,0.72421,0.00663,156.68,82.11,0.0,199656,1,0.00136,ok
ucr,246_UCR_Anomaly_tilt12755mtable_100211_270800_271070,tilt12755mtable,,knn,default,,0.01286,0.01329,0.71589,0.0329,37.2,nan,17.0,199656,1,0.00136,ok
ucr,246_UCR_Anomaly_tilt12755mtable_100211_270800_271070,tilt12755mtable,,knn,tuned,"{'w': 200, 'k': 3}",0.01055,0.01209,0.76657,0.02775,24.69,44.0,0.0,199656,1,0.00136,ok
ucr,246_UCR_Anomaly_tilt12755mtable_100211_270800_271070,tilt12755mtable,,ae,default,,0.02052,0.02993,0.68256,0.07191,52.5,nan,110.0,199656,1,0.00136,ok
ucr,246_UCR_Anomaly_tilt12755mtable_100211_270800_271070,tilt12755mtable,,ae,tuned,"{'w': 50, 'hidden': 64, 'latent': 16}",0.01726,0.02088,0.69436,0.04639,113.02,289.72,0.0,199656,1,0.00136,ok
ucr,248_UCR_Anomaly_weallwalk_2000_4702_4707,weallwalk,,iforest,default,,0.00209,0.00358,0.90734,0.00681,1.67,nan,17.0,6432,1,0.00093,ok
ucr,248_UCR_Anomaly_weallwalk_2000_4702_4707,weallwalk,,lof,default,,0.09127,0.11671,0.97458,0.15789,0.23,nan,17.0,6432,1,0.00093,ok
ucr,248_UCR_Anomaly_weallwalk_2000_4702_4707,weallwalk,,knn,default,,0.50549,0.4222,0.99948,0.47619,0.14,nan,17.0,6432,1,0.00093,ok
ucr,248_UCR_Anomaly_weallwalk_2000_4702_4707,weallwalk,,ae,default,,0.00885,0.01526,0.90796,0.02778,1.36,nan,24.0,6432,1,0.00093,ok
ucr,250_UCR_Anomaly_weallwalk_2951_7290_7296,weallwalk,,iforest,default,,0.05549,0.08833,0.99777,0.11624,1.78,nan,17.0,7517,1,0.00093,ok
ucr,250_UCR_Anomaly_weallwalk_2951_7290_7296,weallwalk,,iforest,tuned,"{'w': 50, 'n_estimators': 200}",0.33182,0.24136,0.9985,0.28571,2.12,7.12,0.0,7517,1,0.00093,ok
ucr,250_UCR_Anomaly_weallwalk_2951_7290_7296,weallwalk,,lof,default,,0.02181,0.0323,0.75512,0.05858,0.3,nan,17.0,7517,1,0.00093,ok
ucr,250_UCR_Anomaly_weallwalk_2951_7290_7296,weallwalk,,lof,tuned,"{'w': 400, 'k': 10}",0.00186,0.00262,0.60825,0.0,0.62,2.03,0.0,7517,1,0.00093,ok
ucr,250_UCR_Anomaly_weallwalk_2951_7290_7296,weallwalk,,knn,default,,0.08535,0.11918,0.99188,0.16092,0.17,nan,17.0,7517,1,0.00093,ok
ucr,250_UCR_Anomaly_weallwalk_2951_7290_7296,weallwalk,,knn,tuned,"{'w': 50, 'k': 5}",0.10586,0.15661,0.99721,0.28571,0.72,1.53,0.0,7517,1,0.00093,ok
ucr,250_UCR_Anomaly_weallwalk_2951_7290_7296,weallwalk,,ae,default,,0.00357,0.00497,0.77185,0.01179,1.67,nan,25.4,7517,1,0.00093,ok
ucr,250_UCR_Anomaly_weallwalk_2951_7290_7296,weallwalk,,ae,tuned,"{'w': 50, 'hidden': 32, 'latent': 16}",0.01402,0.02135,0.99215,0.03966,3.23,7.63,0.0,7517,1,0.00093,ok
nasa,E-8,smap,point,iforest,default,,0.19943,0.18878,0.96937,0.36368,0.58,nan,0.0,8532,25,0.07302,ok
nasa,E-8,smap,point,iforest,tuned,"{'w': 50, 'n_estimators': 200}",0.11311,0.12136,0.8451,0.20492,2.12,5.96,0.0,8532,25,0.07302,ok
nasa,E-8,smap,point,lof,default,,0.20882,0.20503,0.96938,0.3621,1.46,nan,0.0,8532,25,0.07302,ok
nasa,E-8,smap,point,lof,tuned,"{'w': 200, 'k': 10}",0.23246,0.22945,0.9694,0.37308,0.85,2.41,0.0,8532,25,0.07302,ok
nasa,E-8,smap,point,knn,default,,0.21047,0.20179,0.9698,0.37162,0.58,nan,0.0,8532,25,0.07302,ok
nasa,E-8,smap,point,knn,tuned,"{'w': 50, 'k': 3}",0.14164,0.15337,0.94013,0.25208,1.44,1.58,0.0,8532,25,0.07302,ok
nasa,E-8,smap,point,ae,default,,0.23539,0.22772,0.97987,0.45188,7.33,nan,196.5,8532,25,0.07302,ok
nasa,E-8,smap,point,ae,tuned,"{'w': 50, 'hidden': 32, 'latent': 16}",0.21157,0.20437,0.97987,0.31535,3.24,7.34,0.0,8532,25,0.07302,ok
nasa,E-10,smap,contextual,iforest,default,,0.04735,0.06995,0.79772,0.08262,1.84,nan,17.0,8505,25,0.03786,ok
nasa,E-10,smap,contextual,iforest,tuned,"{'w': 50, 'n_estimators': 100}",0.06638,0.07809,0.8305,0.20222,1.47,6.17,0.0,8505,25,0.03786,ok
nasa,E-10,smap,contextual,lof,default,,0.85758,0.70029,0.81346,0.66667,0.89,nan,17.0,8505,25,0.03786,ok
nasa,E-10,smap,contextual,lof,tuned,"{'w': 200, 'k': 10}",0.84928,0.74303,0.83019,0.66667,0.95,2.29,0.0,8505,25,0.03786,ok
nasa,E-10,smap,contextual,knn,default,,0.88795,0.70438,0.82,0.69854,0.58,nan,17.0,8505,25,0.03786,ok
nasa,E-10,smap,contextual,knn,tuned,"{'w': 50, 'k': 3}",0.91257,0.66663,0.99302,0.8896,1.5,1.54,0.0,8505,25,0.03786,ok
nasa,E-10,smap,contextual,ae,default,,0.19869,0.20624,0.79116,0.26494,2.05,nan,196.2,8505,25,0.03786,ok
nasa,E-10,smap,contextual,ae,tuned,"{'w': 200, 'hidden': 32, 'latent': 16}",0.25809,0.26605,0.79471,0.34296,2.8,7.33,0.0,8505,25,0.03786,ok
nasa,E-12,smap,contextual,iforest,default,,0.03863,0.05984,0.73208,0.04062,1.82,nan,17.0,8512,25,0.06849,ok
nasa,E-12,smap,contextual,iforest,tuned,"{'w': 50, 'n_estimators': 100}",0.05069,0.06916,0.77831,0.22799,1.44,6.13,0.0,8512,25,0.06849,ok
nasa,E-12,smap,contextual,lof,default,,0.03943,0.06244,0.73244,0.04279,0.92,nan,17.0,8512,25,0.06849,ok
nasa,E-12,smap,contextual,lof,tuned,"{'w': 200, 'k': 10}",0.04028,0.06082,0.71538,0.0,0.95,2.45,0.0,8512,25,0.06849,ok
nasa,E-12,smap,contextual,knn,default,,0.05768,0.08154,0.72791,0.2062,0.54,nan,17.0,8512,25,0.06849,ok
nasa,E-12,smap,contextual,knn,tuned,"{'w': 50, 'k': 3}",0.12768,0.12848,0.84893,0.42402,1.42,1.55,0.0,8512,25,0.06849,ok
nasa,E-12,smap,contextual,ae,default,,0.10461,0.14721,0.75916,0.16667,2.03,nan,196.3,8512,25,0.06849,ok
nasa,E-12,smap,contextual,ae,tuned,"{'w': 200, 'hidden': 32, 'latent': 16}",0.12891,0.18196,0.76276,0.22909,2.76,7.45,0.0,8512,25,0.06849,ok
nasa,A-1,smap,point,iforest,default,,0.00589,0.00992,0.73051,0.0,1.8,nan,17.0,8640,25,0.00984,ok
nasa,A-1,smap,point,iforest,tuned,"{'w': 50, 'n_estimators': 100}",0.00595,0.01003,0.66963,0.0,1.41,6.05,0.0,8640,25,0.00984,ok
nasa,A-1,smap,point,lof,default,,0.00752,0.01235,0.62934,0.0,1.0,nan,17.0,8640,25,0.00984,ok
nasa,A-1,smap,point,lof,tuned,"{'w': 200, 'k': 10}",0.0104,0.01582,0.63527,0.0,1.02,2.35,0.0,8640,25,0.00984,ok
nasa,A-1,smap,point,knn,default,,0.0096,0.01474,0.71965,0.0,0.6,nan,17.0,8640,25,0.00984,ok
nasa,A-1,smap,point,knn,tuned,"{'w': 50, 'k': 3}",0.0137,0.01819,0.75947,0.01943,1.42,1.58,0.0,8640,25,0.00984,ok
nasa,A-1,smap,point,ae,default,,0.50982,0.50689,0.84404,0.73252,2.1,nan,198.1,8640,25,0.00984,ok
nasa,A-1,smap,point,ae,tuned,"{'w': 50, 'hidden': 32, 'latent': 16}",0.68785,0.50604,0.99737,0.78567,3.35,7.56,0.0,8640,25,0.00984,ok
nasa,P-2,smap,point,iforest,default,,0.29852,0.3294,0.93873,0.25,1.8,nan,17.0,8209,25,0.14935,ok
nasa,P-2,smap,point,iforest,tuned,"{'w': 50, 'n_estimators': 200}",0.24428,0.28173,0.93684,0.25,2.08,6.02,0.0,8209,25,0.14935,ok
nasa,P-2,smap,point,lof,default,,0.22043,0.24776,0.93975,0.25,0.84,nan,17.0,8209,25,0.14935,ok
nasa,P-2,smap,point,lof,tuned,"{'w': 200, 'k': 10}",0.22712,0.25329,0.93476,0.25,1.03,2.49,0.0,8209,25,0.14935,ok
nasa,P-2,smap,point,knn,default,,0.21231,0.24348,0.93931,0.25,0.59,nan,17.0,8209,25,0.14935,ok
nasa,P-2,smap,point,knn,tuned,"{'w': 200, 'k': 1}",0.23115,0.25853,0.93148,0.25,0.73,1.56,0.0,8209,25,0.14935,ok
nasa,P-2,smap,point,ae,default,,0.35977,0.36183,0.94591,0.45981,1.98,nan,193.7,8209,25,0.14935,ok
nasa,P-2,smap,point,ae,tuned,"{'w': 50, 'hidden': 32, 'latent': 16}",0.519,0.52013,0.94158,0.85657,3.28,7.43,0.0,8209,25,0.14935,ok
nasa,D-2,smap,point,iforest,default,,0.44301,0.44989,0.75833,0.40005,1.85,nan,17.0,8595,25,0.49075,ok
nasa,D-2,smap,point,iforest,tuned,"{'w': 50, 'n_estimators': 100}",0.47177,0.48051,0.86354,0.40065,1.44,6.1,0.0,8595,25,0.49075,ok
nasa,D-2,smap,point,lof,default,,0.97494,0.97205,0.99602,0.75,0.99,nan,17.0,8595,25,0.49075,ok
nasa,D-2,smap,point,lof,tuned,"{'w': 200, 'k': 10}",0.98113,0.97836,0.99416,0.75,1.12,2.32,0.0,8595,25,0.49075,ok
nasa,D-2,smap,point,knn,default,,0.97638,0.97375,0.99565,0.75,0.66,nan,17.0,8595,25,0.49075,ok
nasa,D-2,smap,point,knn,tuned,"{'w': 50, 'k': 3}",0.97302,0.96715,0.99719,0.75,1.46,1.56,0.0,8595,25,0.49075,ok
nasa,D-2,smap,point,ae,default,,0.97525,0.97446,0.98068,0.5,2.04,nan,198.1,8595,25,0.49075,ok
nasa,D-2,smap,point,ae,tuned,"{'w': 50, 'hidden': 32, 'latent': 16}",0.97206,0.96801,0.97831,0.25,3.33,7.29,0.0,8595,25,0.49075,ok
nasa,D-4,smap,point,iforest,default,,0.58122,0.58494,0.93843,0.42839,1.92,nan,17.0,8473,25,0.38334,ok
nasa,D-4,smap,point,iforest,tuned,"{'w': 50, 'n_estimators': 100}",0.5055,0.50669,0.8982,0.43177,1.31,5.72,0.0,8473,25,0.38334,ok
nasa,D-4,smap,point,lof,default,,0.32324,0.3267,0.6504,0.20791,0.76,nan,17.0,8473,25,0.38334,ok
nasa,D-4,smap,point,lof,tuned,"{'w': 100, 'k': 30}",0.32627,0.33007,0.65919,0.20732,1.11,2.15,0.0,8473,25,0.38334,ok
nasa,D-4,smap,point,knn,default,,0.32649,0.33036,0.68368,0.22401,0.76,nan,17.0,8473,25,0.38334,ok
nasa,D-4,smap,point,knn,tuned,"{'w': 50, 'k': 5}",0.35697,0.36108,0.72694,0.2869,1.62,1.61,0.0,8473,25,0.38334,ok
nasa,D-4,smap,point,ae,default,,0.34795,0.3518,0.68639,0.25077,2.17,nan,195.8,8473,25,0.38334,ok
nasa,D-4,smap,point,ae,tuned,"{'w': 200, 'hidden': 32, 'latent': 16}",0.30395,0.30796,0.65496,0.21204,2.84,7.35,0.0,8473,25,0.38334,ok
nasa,A-3,smap,contextual,iforest,default,,0.01398,0.02281,0.70749,0.0,2.09,nan,17.0,8205,25,0.02267,ok
nasa,A-3,smap,contextual,iforest,tuned,"{'w': 50, 'n_estimators': 100}",0.01436,0.02281,0.66039,0.0,1.28,6.03,0.0,8205,25,0.02267,ok
nasa,A-3,smap,contextual,lof,default,,0.01329,0.02146,0.66013,0.0,0.76,nan,17.0,8205,25,0.02267,ok
nasa,A-3,smap,contextual,lof,tuned,"{'w': 100, 'k': 30}",0.01312,0.0213,0.64333,0.0,1.19,2.23,0.0,8205,25,0.02267,ok
nasa,A-3,smap,contextual,knn,default,,0.01252,0.02043,0.66831,0.0,0.57,nan,17.0,8205,25,0.02267,ok
nasa,A-3,smap,contextual,knn,tuned,"{'w': 50, 'k': 5}",0.01368,0.02217,0.66472,0.0,1.38,1.52,0.0,8205,25,0.02267,ok
nasa,A-3,smap,contextual,ae,default,,0.0141,0.03154,0.95119,0.0,2.04,nan,193.4,8205,25,0.02267,ok
nasa,A-3,smap,contextual,ae,tuned,"{'w': 50, 'hidden': 64, 'latent': 8}",0.01376,0.02474,0.69345,0.0,3.4,7.38,0.0,8205,25,0.02267,ok
nasa,G-1,smap,contextual,iforest,default,,0.00828,0.01329,0.59978,0.0,1.99,nan,17.0,8469,25,0.01429,ok
nasa,G-1,smap,contextual,iforest,tuned,"{'w': 50, 'n_estimators': 100}",0.00975,0.01383,0.60154,0.0,1.3,6.44,0.0,8469,25,0.01429,ok
nasa,G-1,smap,contextual,lof,default,,0.00941,0.01432,0.64768,0.0,0.78,nan,17.0,8469,25,0.01429,ok
nasa,G-1,smap,contextual,lof,tuned,"{'w': 100, 'k': 30}",0.00948,0.01443,0.63933,0.0,1.13,2.17,0.0,8469,25,0.01429,ok
nasa,G-1,smap,contextual,knn,default,,0.00935,0.01448,0.64657,0.0,0.54,nan,17.0,8469,25,0.01429,ok
nasa,G-1,smap,contextual,knn,tuned,"{'w': 50, 'k': 5}",0.01039,0.01449,0.65176,0.0,1.45,1.63,0.0,8469,25,0.01429,ok
nasa,G-1,smap,contextual,ae,default,,0.00841,0.01381,0.68554,0.0,2.14,nan,195.8,8469,25,0.01429,ok
nasa,G-1,smap,contextual,ae,tuned,"{'w': 200, 'hidden': 32, 'latent': 16}",0.00924,0.01508,0.65796,0.0,2.94,8.35,0.0,8469,25,0.01429,ok
nasa,D-5,smap,point,iforest,default,,0.06978,0.08824,0.86854,0.16925,1.84,nan,17.0,7628,25,0.00669,ok
nasa,D-5,smap,point,lof,default,,0.04196,0.05917,0.86272,0.10164,0.72,nan,17.0,7628,25,0.00669,ok
nasa,D-5,smap,point,knn,default,,0.03248,0.04782,0.8578,0.0817,0.71,nan,17.0,7628,25,0.00669,ok
nasa,D-5,smap,point,ae,default,,0.00783,0.015,0.8519,0.0,2.05,nan,189.1,7628,25,0.00669,ok
nasa,D-7,smap,point,iforest,default,,0.36006,0.37066,0.71145,0.2926,2.09,nan,17.0,7642,25,0.35357,ok
nasa,D-7,smap,point,lof,default,,0.89777,0.8934,0.97094,0.75,0.7,nan,17.0,7642,25,0.35357,ok
nasa,D-7,smap,point,knn,default,,0.89883,0.89396,0.97094,0.75,0.55,nan,17.0,7642,25,0.35357,ok
nasa,D-7,smap,point,ae,default,,0.99457,0.98855,0.99542,1.0,2.01,nan,189.2,7642,25,0.35357,ok
nasa,P-4,smap,point,iforest,default,,0.05643,0.08205,0.33107,0.00196,1.75,nan,17.0,7783,25,0.05692,ok
nasa,P-4,smap,point,lof,default,,0.06018,0.08992,0.39272,0.17304,0.7,nan,17.0,7783,25,0.05692,ok
nasa,P-4,smap,point,knn,default,,0.1872,0.23593,0.89735,0.46154,0.53,nan,17.0,7783,25,0.05692,ok
nasa,P-4,smap,point,ae,default,,0.96251,0.89929,0.99578,0.94919,1.72,nan,191.3,7783,25,0.05692,ok
nasa,T-1,smap,mixed,iforest,default,,0.09563,0.11935,0.55322,0.05408,1.81,nan,17.0,8612,25,0.17836,ok
nasa,T-1,smap,mixed,iforest,tuned,"{'w': 50, 'n_estimators': 100}",0.09973,0.1191,0.59088,0.01965,1.67,5.99,0.0,8612,25,0.17836,ok
nasa,T-1,smap,mixed,lof,default,,0.10207,0.1287,0.56344,0.13973,0.79,nan,17.0,8612,25,0.17836,ok
nasa,T-1,smap,mixed,lof,tuned,"{'w': 50, 'k': 30}",0.09567,0.1137,0.55231,0.00534,1.9,2.19,0.0,8612,25,0.17836,ok
nasa,T-1,smap,mixed,knn,default,,0.09599,0.11874,0.54351,0.10658,0.58,nan,17.0,8612,25,0.17836,ok
nasa,T-1,smap,mixed,knn,tuned,"{'w': 50, 'k': 5}",0.09603,0.11691,0.54877,0.11215,1.86,1.56,0.0,8612,25,0.17836,ok
nasa,T-1,smap,mixed,ae,default,,0.26324,0.30089,0.71085,0.48677,2.1,nan,198.1,8612,25,0.17836,ok
nasa,T-1,smap,mixed,ae,tuned,"{'w': 50, 'hidden': 32, 'latent': 16}",0.13651,0.1629,0.61937,0.17564,3.34,7.6,0.0,8612,25,0.17836,ok
nasa,D-8,smap,point,iforest,default,,0.00648,0.00972,0.06736,0.0,1.92,nan,17.0,7874,25,0.00648,ok
nasa,D-8,smap,point,lof,default,,0.05935,0.10208,0.44507,0.18045,0.68,nan,17.0,7874,25,0.00648,ok
nasa,D-8,smap,point,knn,default,,0.0593,0.10201,0.44507,0.18045,0.55,nan,17.0,7874,25,0.00648,ok
nasa,D-8,smap,point,ae,default,,0.20588,0.27115,0.58331,0.42907,1.72,nan,191.4,7874,25,0.00648,ok
nasa,F-2,smap,point,iforest,default,,0.33603,0.3472,0.72487,0.32204,1.78,nan,17.0,8626,25,0.3428,ok
nasa,F-2,smap,point,iforest,tuned,"{'w': 50, 'n_estimators': 200}",0.2859,0.29729,0.639,0.2514,2.15,5.72,0.0,8626,25,0.3428,ok
nasa,F-2,smap,point,lof,default,,0.56615,0.57972,0.88287,0.65487,0.85,nan,17.0,8626,25,0.3428,ok
nasa,F-2,smap,point,lof,tuned,"{'w': 50, 'k': 30}",0.56205,0.57046,0.87679,0.65451,1.91,2.81,0.0,8626,25,0.3428,ok
nasa,F-2,smap,point,knn,default,,0.55174,0.56335,0.87847,0.65463,0.58,nan,17.0,8626,25,0.3428,ok
nasa,F-2,smap,point,knn,tuned,"{'w': 50, 'k': 5}",0.54897,0.55996,0.87565,0.65092,1.41,1.51,0.0,8626,25,0.3428,ok
nasa,F-2,smap,point,ae,default,,0.58317,0.5929,0.88653,0.66021,2.07,nan,198.0,8626,25,0.3428,ok
nasa,F-2,smap,point,ae,tuned,"{'w': 50, 'hidden': 64, 'latent': 8}",0.56469,0.57723,0.88037,0.65578,3.4,7.28,0.0,8626,25,0.3428,ok
nasa,T-3,smap,point,iforest,default,,0.01486,0.02185,0.63389,0.0,1.76,nan,17.0,8579,25,0.02145,ok
nasa,T-3,smap,point,iforest,tuned,"{'w': 100, 'n_estimators': 200}",0.01486,0.02185,0.63389,0.0,2.12,6.03,0.0,8579,25,0.02145,ok
nasa,T-3,smap,point,lof,default,,0.14512,0.20762,0.78619,0.39741,0.82,nan,17.0,8579,25,0.02145,ok
nasa,T-3,smap,point,lof,tuned,"{'w': 100, 'k': 50}",0.14512,0.20762,0.78619,0.39741,1.44,2.19,0.0,8579,25,0.02145,ok
nasa,T-3,smap,point,knn,default,,0.14503,0.20763,0.78619,0.39394,0.61,nan,17.0,8579,25,0.02145,ok
nasa,T-3,smap,point,knn,tuned,"{'w': 100, 'k': 3}",0.14505,0.20758,0.78619,0.39394,0.97,1.67,0.0,8579,25,0.02145,ok
nasa,T-3,smap,point,ae,default,,0.14864,0.21231,0.79041,0.40138,2.19,nan,196.9,8579,25,0.02145,ok
nasa,T-3,smap,point,ae,tuned,"{'w': 50, 'hidden': 64, 'latent': 8}",0.30784,0.2923,0.83213,0.61468,3.12,7.86,0.0,8579,25,0.02145,ok
nasa,D-12,smap,point,iforest,default,,0.34226,0.34873,0.0,0.0,1.37,nan,17.0,7918,25,0.34605,ok
nasa,D-12,smap,point,lof,default,,0.91474,0.90352,0.96603,0.75,0.28,nan,17.0,7918,25,0.34605,ok
nasa,D-12,smap,point,knn,default,,0.91474,0.90352,0.96603,0.75,0.23,nan,17.0,7918,25,0.34605,ok
nasa,D-12,smap,point,ae,default,,0.91398,0.90219,0.96603,0.75,1.2,nan,185.2,7918,25,0.34605,ok
nasa,G-6,smap,point,iforest,default,,0.0219,0.03208,0.76705,0.04365,1.81,nan,17.0,8640,25,0.01169,ok
nasa,G-6,smap,point,iforest,tuned,"{'w': 50, 'n_estimators': 200}",0.0279,0.04537,0.77002,0.06364,1.93,5.6,0.0,8640,25,0.01169,ok
nasa,G-6,smap,point,lof,default,,0.06651,0.10025,0.75188,0.21604,0.77,nan,17.0,8640,25,0.01169,ok
nasa,G-6,smap,point,lof,tuned,"{'w': 100, 'k': 50}",0.06651,0.10025,0.75188,0.21604,1.13,2.51,0.0,8640,25,0.01169,ok
nasa,G-6,smap,point,knn,default,,0.06631,0.09778,0.75164,0.21222,0.62,nan,17.0,8640,25,0.01169,ok
nasa,G-6,smap,point,knn,tuned,"{'w': 50, 'k': 3}",0.05489,0.08372,0.75988,0.17818,1.6,1.57,0.0,8640,25,0.01169,ok
nasa,G-6,smap,point,ae,default,,0.06587,0.10071,0.75135,0.21627,2.23,nan,198.1,8640,25,0.01169,ok
nasa,G-6,smap,point,ae,tuned,"{'w': 100, 'hidden': 32, 'latent': 8}",0.05736,0.08155,0.74869,0.18716,2.48,7.39,0.0,8640,25,0.01169,ok
nasa,P-7,smap,contextual,iforest,default,,0.51057,0.50361,0.85991,0.85561,1.78,nan,17.0,8071,25,0.20456,ok
nasa,P-7,smap,contextual,iforest,tuned,"{'w': 50, 'n_estimators': 100}",0.38624,0.38428,0.71124,0.47817,1.42,5.93,0.0,8071,25,0.20456,ok
nasa,P-7,smap,contextual,lof,default,,0.53037,0.53519,0.8563,0.83562,0.9,nan,17.0,8071,25,0.20456,ok
nasa,P-7,smap,contextual,lof,tuned,"{'w': 50, 'k': 30}",0.48284,0.47981,0.81148,0.77332,2.21,2.37,0.0,8071,25,0.20456,ok
nasa,P-7,smap,contextual,knn,default,,0.53064,0.5339,0.8574,0.84058,0.6,nan,17.0,8071,25,0.20456,ok
nasa,P-7,smap,contextual,knn,tuned,"{'w': 200, 'k': 1}",0.49123,0.50029,0.82237,0.81657,0.78,1.58,0.0,8071,25,0.20456,ok
nasa,P-7,smap,contextual,ae,default,,0.52348,0.5245,0.85199,0.83751,2.04,nan,191.7,8071,25,0.20456,ok
nasa,P-7,smap,contextual,ae,tuned,"{'w': 50, 'hidden': 32, 'latent': 16}",0.53006,0.52808,0.85102,0.83064,3.1,7.22,0.0,8071,25,0.20456,ok
nasa,A-5,smap,point,iforest,default,,0.0135,0.02471,0.21394,0.0,1.25,nan,17.0,4693,25,0.01087,ok
nasa,A-5,smap,point,lof,default,,0.01134,0.01702,0.0,0.0,0.22,nan,17.0,4693,25,0.01087,ok
nasa,A-5,smap,point,knn,default,,0.01376,0.02709,0.97462,0.0,0.17,nan,17.0,4693,25,0.01087,ok
nasa,A-5,smap,point,ae,default,,0.0135,0.03216,0.97601,0.0,0.82,nan,155.4,4693,25,0.01087,ok
nasa,A-7,smap,contextual,iforest,default,,0.15709,0.16537,0.41409,0.03183,1.81,nan,17.0,8631,25,0.27818,ok
nasa,A-7,smap,contextual,iforest,tuned,"{'w': 50, 'n_estimators': 200}",0.16637,0.17471,0.51974,0.03181,1.98,6.03,0.0,8631,25,0.27818,ok
nasa,A-7,smap,contextual,lof,default,,0.28753,0.29584,0.48527,0.0743,0.82,nan,17.0,8631,25,0.27818,ok
nasa,A-7,smap,contextual,lof,tuned,"{'w': 200, 'k': 10}",0.23853,0.24578,0.42716,0.04705,0.93,2.6,0.0,8631,25,0.27818,ok
nasa,A-7,smap,contextual,knn,default,,0.48222,0.4925,0.80106,0.54737,0.63,nan,17.0,8631,25,0.27818,ok
nasa,A-7,smap,contextual,knn,tuned,"{'w': 50, 'k': 3}",0.77888,0.79131,0.95722,0.94999,1.5,1.56,0.0,8631,25,0.27818,ok
nasa,A-7,smap,contextual,ae,default,,0.15924,0.16744,0.42353,0.04319,2.17,nan,198.1,8631,25,0.27818,ok
nasa,A-7,smap,contextual,ae,tuned,"{'w': 50, 'hidden': 64, 'latent': 8}",0.2877,0.29435,0.53937,0.1591,3.02,7.32,0.0,8631,25,0.27818,ok
nasa,A-9,smap,contextual,iforest,default,,0.27574,0.2825,0.20821,0.0,1.82,nan,17.0,8434,25,0.45826,ok
nasa,A-9,smap,contextual,lof,default,,0.53997,0.54657,0.65603,0.33014,0.36,nan,17.0,8434,25,0.45826,ok
nasa,A-9,smap,contextual,knn,default,,0.53974,0.54644,0.65648,0.33014,0.3,nan,17.0,8434,25,0.45826,ok
nasa,A-9,smap,contextual,ae,default,,0.53967,0.54638,0.65585,0.32987,1.33,nan,193.0,8434,25,0.45826,ok
nasa,M-6,msl,point,iforest,default,,0.04586,0.06412,0.54891,0.0,1.7,nan,17.0,2049,55,0.08834,ok
nasa,M-6,msl,point,lof,default,,0.9139,0.97102,0.99566,0.97524,0.65,nan,17.0,2049,55,0.08834,ok
nasa,M-6,msl,point,knn,default,,0.79309,0.94008,0.99566,0.96636,0.38,nan,17.0,2049,55,0.08834,ok
nasa,M-6,msl,point,ae,default,,0.87959,0.96163,0.99536,0.96429,1.72,nan,166.3,2049,55,0.08834,ok
nasa,M-2,msl,contextual,iforest,default,,0.95221,0.96822,0.9823,0.74062,1.81,nan,17.0,2277,55,0.5011,ok
nasa,M-2,msl,contextual,lof,default,,0.7598,0.77766,0.91964,0.47745,0.62,nan,17.0,2277,55,0.5011,ok
nasa,M-2,msl,contextual,knn,default,,0.7579,0.78142,0.93877,0.48293,0.41,nan,17.0,2277,55,0.5011,ok
nasa,M-2,msl,contextual,ae,default,,0.66352,0.68165,0.96374,0.48659,2.32,nan,187.1,2277,55,0.5011,ok
nasa,P-10,msl,point,iforest,default,,0.04711,0.07303,0.87549,0.15956,2.91,nan,17.0,6100,55,0.02148,ok
nasa,P-10,msl,point,iforest,tuned,"{'w': 50, 'n_estimators': 200}",0.31322,0.25334,0.99473,0.56487,2.96,10.82,0.0,6100,55,0.02148,ok
nasa,P-10,msl,point,lof,default,,0.76232,0.6587,0.99683,0.86042,1.87,nan,17.0,6100,55,0.02148,ok
nasa,P-10,msl,point,lof,tuned,"{'w': 50, 'k': 30}",0.77572,0.59675,0.99734,0.85686,6.12,6.34,0.0,6100,55,0.02148,ok
nasa,P-10,msl,point,knn,default,,0.77456,0.66469,0.99683,0.8683,2.21,nan,17.0,6100,55,0.02148,ok
nasa,P-10,msl,point,knn,tuned,"{'w': 50, 'k': 3}",0.73903,0.56624,0.9972,0.83196,4.39,4.66,0.0,6100,55,0.02148,ok
nasa,P-10,msl,point,ae,default,,0.91878,0.81835,0.99835,0.9731,4.29,nan,362.6,6100,55,0.02148,ok
nasa,P-10,msl,point,ae,tuned,"{'w': 50, 'hidden': 32, 'latent': 16}",0.42876,0.33932,0.99359,0.63894,5.97,15.75,0.0,6100,55,0.02148,ok
nasa,T-5,msl,point,iforest,default,,0.00835,0.01218,0.41384,0.0,1.39,nan,17.0,2218,55,0.01172,ok
nasa,T-5,msl,point,lof,default,,0.96818,0.93402,0.99969,0.98913,0.69,nan,17.0,2218,55,0.01172,ok
nasa,T-5,msl,point,knn,default,,0.9645,0.92361,0.99969,0.98913,0.45,nan,17.0,2218,55,0.01172,ok
nasa,T-5,msl,point,ae,default,,0.99163,0.95272,0.99977,0.98936,1.45,nan,183.0,2218,55,0.01172,ok
nasa,M-3,msl,contextual,iforest,default,,0.20056,0.28048,0.85011,0.29285,1.94,nan,17.0,2127,55,0.11801,ok
nasa,M-3,msl,contextual,lof,default,,0.07103,0.10689,0.67558,0.01677,0.79,nan,17.0,2127,55,0.11801,ok
nasa,M-3,msl,contextual,knn,default,,0.07013,0.10619,0.66885,0.00623,0.43,nan,17.0,2127,55,0.11801,ok
nasa,M-3,msl,contextual,ae,default,,0.12955,0.19622,0.72967,0.13555,1.82,nan,174.8,2127,55,0.11801,ok
nasa,M-5,msl,contextual,iforest,default,,0.1262,0.16937,0.61335,0.0162,1.96,nan,17.0,2303,55,0.1307,ok
nasa,M-5,msl,contextual,lof,default,,0.12507,0.16557,0.6625,0.02355,0.79,nan,17.0,2303,55,0.1307,ok
nasa,M-5,msl,contextual,knn,default,,0.12913,0.17149,0.69344,0.08511,0.47,nan,17.0,2303,55,0.1307,ok
nasa,M-5,msl,contextual,ae,default,,0.14403,0.18447,0.67512,0.11125,1.76,nan,186.7,2303,55,0.1307,ok
nasa,C-1,msl,mixed,iforest,default,,0.14844,0.22277,0.54074,0.2027,2.01,nan,17.0,2264,55,0.13781,ok
nasa,C-1,msl,mixed,lof,default,,0.13505,0.19601,0.5346,0.09569,0.84,nan,17.0,2264,55,0.13781,ok
nasa,C-1,msl,mixed,knn,default,,0.1383,0.20125,0.52677,0.09179,0.48,nan,17.0,2264,55,0.13781,ok
nasa,C-1,msl,mixed,ae,default,,0.54216,0.53916,0.74276,0.5,1.89,nan,186.6,2264,55,0.13781,ok
nasa,T-12,msl,contextual,iforest,default,,0.07005,0.12541,0.91494,0.04731,1.78,nan,17.0,2430,55,0.04979,ok
nasa,T-12,msl,contextual,lof,default,,0.23549,0.24277,0.7232,0.47965,0.39,nan,17.0,2430,55,0.04979,ok
nasa,T-12,msl,contextual,knn,default,,0.23705,0.24157,0.72205,0.47802,0.21,nan,17.0,2430,55,0.04979,ok
nasa,T-12,msl,contextual,ae,default,,0.82842,0.74074,0.99425,0.94715,1.11,nan,192.1,2430,55,0.04979,ok
nasa,F-4,msl,point,iforest,default,,0.09904,0.12196,0.8687,0.24368,2.57,nan,17.0,3422,55,0.02075,ok
nasa,F-4,msl,point,lof,default,,0.03504,0.04525,0.65057,0.06536,0.96,nan,17.0,3422,55,0.02075,ok
nasa,F-4,msl,point,knn,default,,0.03606,0.04714,0.6472,0.06781,0.6,nan,17.0,3422,55,0.02075,ok
nasa,F-4,msl,point,ae,default,,0.0487,0.06554,0.53727,0.11504,1.86,nan,262.9,3422,55,0.02075,ok
nasa,D-14,msl,point,iforest,default,,0.04515,0.07056,0.38303,0.0,1.89,nan,17.0,2625,55,0.08457,ok
nasa,D-14,msl,point,iforest,tuned,"{'w': 50, 'n_estimators': 100}",0.04645,0.07206,0.36435,0.0,1.48,10.21,0.0,2625,55,0.08457,ok
nasa,D-14,msl,point,lof,default,,0.98263,0.85054,0.9877,0.90346,1.36,nan,17.0,2625,55,0.08457,ok
nasa,D-14,msl,point,lof,tuned,"{'w': 100, 'k': 50}",0.98263,0.85054,0.9877,0.90346,0.98,6.56,0.0,2625,55,0.08457,ok
nasa,D-14,msl,point,knn,default,,0.98462,0.89114,0.98972,0.91705,0.46,nan,17.0,2625,55,0.08457,ok
nasa,D-14,msl,point,knn,tuned,"{'w': 50, 'k': 3}",0.9937,0.84402,0.99811,0.98593,2.0,3.0,0.0,2625,55,0.08457,ok
nasa,D-14,msl,point,ae,default,,0.9737,0.95873,0.98038,0.84281,2.75,nan,218.2,2625,55,0.08457,ok
nasa,D-14,msl,point,ae,tuned,"{'w': 50, 'hidden': 64, 'latent': 8}",0.99295,0.93519,0.99499,0.96113,4.06,14.71,0.0,2625,55,0.08457,ok
nasa,P-14,msl,point,iforest,default,,0.02531,0.04283,0.68968,0.0309,1.96,nan,17.0,6100,55,0.02967,ok
nasa,P-14,msl,point,iforest,tuned,"{'w': 50, 'n_estimators': 200}",0.02761,0.04037,0.62427,0.05011,1.97,10.21,0.0,6100,55,0.02967,ok
nasa,P-14,msl,point,lof,default,,0.63815,0.52065,0.99493,0.78678,1.15,nan,17.0,6100,55,0.02967,ok
nasa,P-14,msl,point,lof,tuned,"{'w': 100, 'k': 50}",0.63815,0.52065,0.99493,0.78678,1.38,4.6,0.0,6100,55,0.02967,ok
nasa,P-14,msl,point,knn,default,,0.66937,0.54432,0.99653,0.80374,1.15,nan,17.0,6100,55,0.02967,ok
nasa,P-14,msl,point,knn,tuned,"{'w': 100, 'k': 5}",0.66937,0.54432,0.99653,0.80374,1.31,2.46,0.0,6100,55,0.02967,ok
nasa,P-14,msl,point,ae,default,,0.72088,0.63956,0.99579,0.82243,3.29,nan,355.5,6100,55,0.02967,ok
nasa,P-14,msl,point,ae,tuned,"{'w': 100, 'hidden': 64, 'latent': 8}",0.72089,0.63966,0.99579,0.82243,4.22,11.08,0.0,6100,55,0.02967,ok
nasa,P-11,msl,point,iforest,default,,0.64954,0.61004,0.91549,0.65571,2.3,nan,17.0,3535,55,0.0645,ok
nasa,P-11,msl,point,iforest,tuned,"{'w': 50, 'n_estimators': 100}",0.64012,0.56289,0.82965,0.68172,1.19,10.38,0.0,3535,55,0.0645,ok
nasa,P-11,msl,point,lof,default,,0.0574,0.09101,0.62738,0.03175,0.96,nan,17.0,3535,55,0.0645,ok
nasa,P-11,msl,point,lof,tuned,"{'w': 50, 'k': 50}",0.04691,0.08057,0.77209,0.00095,2.44,4.37,0.0,3535,55,0.0645,ok
nasa,P-11,msl,point,knn,default,,0.0592,0.09482,0.63504,0.04265,0.58,nan,17.0,3535,55,0.0645,ok
nasa,P-11,msl,point,knn,tuned,"{'w': 50, 'k': 3}",0.06092,0.09932,0.63949,0.04348,1.45,2.81,0.0,3535,55,0.0645,ok
nasa,P-11,msl,point,ae,default,,0.06298,0.09267,0.66462,0.0846,2.27,nan,274.4,3535,55,0.0645,ok
nasa,P-11,msl,point,ae,tuned,"{'w': 50, 'hidden': 64, 'latent': 8}",0.06953,0.10279,0.66302,0.04678,3.81,11.28,0.0,3535,55,0.0645,ok
nasa,D-16,msl,contextual,iforest,default,,0.35615,0.36896,0.92344,0.35582,1.3,nan,17.0,2191,55,0.29712,ok
nasa,D-16,msl,contextual,lof,default,,0.2333,0.26367,0.74696,0.13158,0.37,nan,17.0,2191,55,0.29712,ok
nasa,D-16,msl,contextual,knn,default,,0.20482,0.23673,0.6208,0.06029,0.23,nan,17.0,2191,55,0.29712,ok
nasa,D-16,msl,contextual,ae,default,,0.40925,0.42453,0.72967,0.34774,1.11,nan,174.1,2191,55,0.29712,ok
nasa,F-8,msl,contextual,iforest,default,,0.35226,0.3691,0.88313,0.40554,1.36,nan,17.0,2487,55,0.21592,ok
nasa,F-8,msl,contextual,iforest,tuned,"{'w': 50, 'n_estimators': 100}",0.33339,0.34158,0.94805,0.36111,0.9,6.29,0.0,2487,55,0.21592,ok
nasa,F-8,msl,contextual,lof,default,,0.17208,0.19528,0.63227,0.03038,0.75,nan,17.0,2487,55,0.21592,ok
nasa,F-8,msl,contextual,lof,tuned,"{'w': 50, 'k': 50}",0.17192,0.19768,0.59789,0.01619,1.63,3.66,0.0,2487,55,0.21592,ok
nasa,F-8,msl,contextual,knn,default,,0.17241,0.19577,0.63683,0.03157,0.41,nan,17.0,2487,55,0.21592,ok
nasa,F-8,msl,contextual,knn,tuned,"{'w': 50, 'k': 3}",0.17093,0.19527,0.61406,0.03157,1.14,2.64,0.0,2487,55,0.21592,ok
nasa,F-8,msl,contextual,ae,default,,0.6591,0.63715,0.9711,0.71669,1.81,nan,205.3,2487,55,0.21592,ok
nasa,F-8,msl,contextual,ae,tuned,"{'w': 200, 'hidden': 32, 'latent': 16}",0.76579,0.73872,0.97597,0.75,1.84,9.0,0.0,2487,55,0.21592,ok
smd,machine-1-1,server,,iforest,default,,0.42613,0.41458,0.68559,0.46652,4.8,nan,17.0,28479,38,0.0946,ok
smd,machine-1-1,server,,iforest,tuned,"{'w': 200, 'n_estimators': 200}",0.40382,0.40207,0.68903,0.4266,7.99,17.89,0.0,28479,38,0.0946,ok
smd,machine-1-1,server,,lof,default,,0.57624,0.63028,0.87797,0.60937,26.1,nan,17.0,28479,38,0.0946,ok
smd,machine-1-1,server,,lof,tuned,"{'w': 50, 'k': 10}",0.61536,0.63685,0.90957,0.72998,99.26,79.9,0.0,28479,38,0.0946,ok
smd,machine-1-1,server,,knn,default,,0.5915,0.64043,0.85071,0.60827,29.67,nan,17.0,28479,38,0.0946,ok
smd,machine-1-1,server,,knn,tuned,"{'w': 50, 'k': 1}",0.65556,0.66838,0.90452,0.73445,68.5,48.12,0.0,28479,38,0.0946,ok
smd,machine-1-1,server,,ae,default,,0.55237,0.62213,0.92088,0.72057,14.9,nan,669.7,28479,38,0.0946,ok
smd,machine-1-1,server,,ae,tuned,"{'w': 100, 'hidden': 32, 'latent': 8}",0.55444,0.62435,0.91935,0.71711,14.24,62.4,0.0,28479,38,0.0946,ok
smd,machine-1-3,server,,iforest,default,,0.22993,0.25203,0.83034,0.28322,4.17,nan,17.0,23703,38,0.03447,ok
smd,machine-1-3,server,,iforest,tuned,"{'w': 100, 'n_estimators': 100}",0.23223,0.24902,0.78366,0.28783,4.63,15.2,0.0,23703,38,0.03447,ok
smd,machine-1-3,server,,lof,default,,0.06734,0.10056,0.72994,0.16745,27.08,nan,17.0,23703,38,0.03447,ok
smd,machine-1-3,server,,lof,tuned,"{'w': 50, 'k': 30}",0.06559,0.09317,0.69615,0.17856,74.77,70.5,0.0,23703,38,0.03447,ok
smd,machine-1-3,server,,knn,default,,0.10603,0.13873,0.72427,0.21706,19.08,nan,17.0,23703,38,0.03447,ok
smd,machine-1-3,server,,knn,tuned,"{'w': 50, 'k': 5}",0.13,0.14099,0.81817,0.21086,48.83,35.14,0.0,23703,38,0.03447,ok
smd,machine-1-3,server,,ae,default,,0.31923,0.36861,0.90118,0.41497,12.38,nan,583.2,23703,38,0.03447,ok
smd,machine-1-3,server,,ae,tuned,"{'w': 50, 'hidden': 64, 'latent': 8}",0.37065,0.39349,0.91325,0.48253,22.59,56.14,0.0,23703,38,0.03447,ok
smd,machine-1-5,server,,iforest,default,,0.03021,0.04079,0.66654,0.10987,4.27,nan,17.0,23706,38,0.00422,ok
smd,machine-1-5,server,,iforest,tuned,"{'w': 100, 'n_estimators': 200}",0.03021,0.04079,0.66654,0.10987,6.39,15.14,0.0,23706,38,0.00422,ok
smd,machine-1-5,server,,lof,default,,0.00469,0.00651,0.71769,0.00944,26.64,nan,17.0,23706,38,0.00422,ok
smd,machine-1-5,server,,lof,tuned,"{'w': 50, 'k': 30}",0.00486,0.00722,0.76922,0.0157,74.31,69.98,0.0,23706,38,0.00422,ok
smd,machine-1-5,server,,knn,default,,0.11242,0.03,0.67519,0.24719,18.78,nan,17.0,23706,38,0.00422,ok
smd,machine-1-5,server,,knn,tuned,"{'w': 50, 'k': 3}",0.11205,0.02359,0.68369,0.2439,48.87,34.48,0.0,23706,38,0.00422,ok
smd,machine-1-5,server,,ae,default,,0.0082,0.01273,0.55998,0.0383,12.43,nan,583.2,23706,38,0.00422,ok
smd,machine-1-5,server,,ae,tuned,"{'w': 50, 'hidden': 64, 'latent': 8}",0.39554,0.31296,0.91391,0.34978,22.25,56.92,0.0,23706,38,0.00422,ok
smd,machine-1-7,server,,iforest,default,,0.26744,0.34578,0.68111,0.42578,4.13,nan,17.0,23697,38,0.10119,ok
smd,machine-1-7,server,,iforest,tuned,"{'w': 100, 'n_estimators': 100}",0.26448,0.33842,0.67174,0.42115,5.97,14.63,0.0,23697,38,0.10119,ok
smd,machine-1-7,server,,lof,default,,0.1169,0.23183,0.74532,0.12948,26.49,nan,17.0,23697,38,0.10119,ok
smd,machine-1-7,server,,lof,tuned,"{'w': 50, 'k': 50}",0.10971,0.20725,0.82204,0.36025,76.82,69.08,0.0,23697,38,0.10119,ok
smd,machine-1-7,server,,knn,default,,0.73982,0.75113,0.89433,0.57921,17.21,nan,17.0,23697,38,0.10119,ok
smd,machine-1-7,server,,knn,tuned,"{'w': 50, 'k': 3}",0.73177,0.71488,0.88335,0.65769,51.76,33.31,0.0,23697,38,0.10119,ok
smd,machine-1-7,server,,ae,default,,0.33419,0.45319,0.91277,0.57663,12.51,nan,583.2,23697,38,0.10119,ok
smd,machine-1-7,server,,ae,tuned,"{'w': 50, 'hidden': 64, 'latent': 8}",0.69086,0.76799,0.92547,0.72308,22.75,56.68,0.0,23697,38,0.10119,ok
smd,machine-2-1,server,,iforest,default,,0.32983,0.37119,0.75198,0.36631,4.37,nan,17.0,23694,38,0.04938,ok
smd,machine-2-1,server,,iforest,tuned,"{'w': 100, 'n_estimators': 100}",0.321,0.35982,0.74355,0.36034,5.42,15.55,0.0,23694,38,0.04938,ok
smd,machine-2-1,server,,lof,default,,0.21564,0.37523,0.81917,0.44195,27.26,nan,17.0,23694,38,0.04938,ok
smd,machine-2-1,server,,lof,tuned,"{'w': 50, 'k': 30}",0.0534,0.08587,0.67696,0.08989,68.51,69.17,0.0,23694,38,0.04938,ok
smd,machine-2-1,server,,knn,default,,0.21293,0.34365,0.88118,0.37871,16.87,nan,17.0,23694,38,0.04938,ok
smd,machine-2-1,server,,knn,tuned,"{'w': 50, 'k': 3}",0.20579,0.28925,0.85527,0.38334,32.5,24.49,0.0,23694,38,0.04938,ok
smd,machine-2-1,server,,ae,default,,0.22641,0.31697,0.77105,0.38609,11.98,nan,583.2,23694,38,0.04938,ok
smd,machine-2-1,server,,ae,tuned,"{'w': 50, 'hidden': 64, 'latent': 8}",0.28522,0.45091,0.89208,0.5332,27.93,56.9,0.0,23694,38,0.04938,ok
smd,machine-2-3,server,,iforest,default,,0.52454,0.37395,0.66867,0.34283,5.66,nan,17.0,23689,38,0.01136,ok
smd,machine-2-3,server,,iforest,tuned,"{'w': 100, 'n_estimators': 100}",0.51133,0.36307,0.65542,0.32867,5.24,19.97,0.0,23689,38,0.01136,ok
smd,machine-2-3,server,,lof,default,,0.01381,0.02124,0.53439,0.04819,28.02,nan,17.0,23689,38,0.01136,ok
smd,machine-2-3,server,,lof,tuned,"{'w': 50, 'k': 30}",0.01113,0.0187,0.54051,0.04834,69.52,69.31,0.0,23689,38,0.01136,ok
smd,machine-2-3,server,,knn,default,,0.21297,0.19771,0.79139,0.33482,12.58,nan,17.0,23689,38,0.01136,ok
smd,machine-2-3,server,,knn,tuned,"{'w': 50, 'k': 3}",0.24931,0.25644,0.80621,0.33775,32.72,24.09,0.0,23689,38,0.01136,ok
smd,machine-2-3,server,,ae,default,,0.22633,0.20396,0.92054,0.19633,11.78,nan,582.8,23689,38,0.01136,ok
smd,machine-2-3,server,,ae,tuned,"{'w': 50, 'hidden': 64, 'latent': 8}",0.38838,0.43366,0.94992,0.45139,30.53,63.17,0.0,23689,38,0.01136,ok
smd,machine-2-5,server,,iforest,default,,0.15893,0.1846,0.58739,0.19146,5.21,nan,17.0,23689,38,0.04137,ok
smd,machine-2-5,server,,iforest,tuned,"{'w': 100, 'n_estimators': 100}",0.155,0.18249,0.58893,0.19157,4.33,20.47,0.0,23689,38,0.04137,ok
smd,machine-2-5,server,,lof,default,,0.12013,0.20141,0.75169,0.27639,24.48,nan,17.0,23689,38,0.04137,ok
smd,machine-2-5,server,,lof,tuned,"{'w': 50, 'k': 30}",0.09832,0.12757,0.80383,0.21069,75.14,68.39,0.0,23689,38,0.04137,ok
smd,machine-2-5,server,,knn,default,,0.54405,0.63579,0.8941,0.60973,12.72,nan,17.0,23689,38,0.04137,ok
smd,machine-2-5,server,,knn,tuned,"{'w': 50, 'k': 3}",0.59763,0.71944,0.88539,0.67777,32.44,24.58,0.0,23689,38,0.04137,ok
smd,machine-2-5,server,,ae,default,,0.34856,0.43881,0.92046,0.48154,11.89,nan,582.8,23689,38,0.04137,ok
smd,machine-2-5,server,,ae,tuned,"{'w': 50, 'hidden': 32, 'latent': 16}",0.40794,0.60767,0.942,0.51832,27.47,56.58,0.0,23689,38,0.04137,ok
smd,machine-2-7,server,,iforest,default,,0.73885,0.53631,0.48697,0.10231,5.52,nan,17.0,23696,38,0.0176,ok
smd,machine-2-7,server,,iforest,tuned,"{'w': 100, 'n_estimators': 100}",0.73874,0.53613,0.50813,0.10032,6.05,20.16,0.0,23696,38,0.0176,ok
smd,machine-2-7,server,,lof,default,,0.17617,0.1043,0.56893,0.07598,27.11,nan,17.0,23696,38,0.0176,ok
smd,machine-2-7,server,,lof,tuned,"{'w': 50, 'k': 30}",0.02845,0.03354,0.62156,0.07323,55.24,68.48,0.0,23696,38,0.0176,ok
smd,machine-2-7,server,,knn,default,,0.29716,0.28776,0.86104,0.27748,12.94,nan,17.0,23696,38,0.0176,ok
smd,machine-2-7,server,,knn,tuned,"{'w': 50, 'k': 3}",0.22816,0.21806,0.83816,0.27144,32.89,24.7,0.0,23696,38,0.0176,ok
smd,machine-2-7,server,,ae,default,,0.56035,0.48652,0.93112,0.32153,12.19,nan,583.2,23696,38,0.0176,ok
smd,machine-2-7,server,,ae,tuned,"{'w': 50, 'hidden': 64, 'latent': 8}",0.58179,0.55034,0.95645,0.45874,31.13,69.2,0.0,23696,38,0.0176,ok
smd,machine-2-9,server,,iforest,default,,0.26459,0.26307,0.7036,0.29068,6.42,nan,17.0,28722,38,0.0611,ok
smd,machine-2-9,server,,iforest,tuned,"{'w': 400, 'n_estimators': 200}",0.20199,0.26614,0.69265,0.2939,17.33,24.04,0.0,28722,38,0.0611,ok
smd,machine-2-9,server,,lof,default,,0.0493,0.07733,0.48133,0.00516,39.17,nan,17.0,28722,38,0.0611,ok
smd,machine-2-9,server,,lof,tuned,"{'w': 50, 'k': 10}",0.10071,0.14337,0.74532,0.18082,70.5,95.41,0.0,28722,38,0.0611,ok
smd,machine-2-9,server,,knn,default,,0.30183,0.30635,0.70291,0.31539,18.45,nan,17.0,28722,38,0.0611,ok
smd,machine-2-9,server,,knn,tuned,"{'w': 50, 'k': 1}",0.36729,0.35989,0.79787,0.42548,47.26,36.62,0.0,28722,38,0.0611,ok
smd,machine-2-9,server,,ae,default,,0.69974,0.73983,0.91331,0.57778,21.14,nan,674.3,28722,38,0.0611,ok
smd,machine-2-9,server,,ae,tuned,"{'w': 100, 'hidden': 32, 'latent': 8}",0.70217,0.74332,0.91416,0.57778,23.67,109.3,0.0,28722,38,0.0611,ok
smd,machine-3-10,server,,iforest,default,,0.66454,0.53598,0.40956,0.32763,5.79,nan,17.0,23693,38,0.04419,ok
smd,machine-3-10,server,,iforest,tuned,"{'w': 400, 'n_estimators': 200}",0.49405,0.40744,0.29188,0.24085,11.98,20.12,0.0,23693,38,0.04419,ok
smd,machine-3-10,server,,lof,default,,0.06128,0.10353,0.68352,0.1886,26.38,nan,17.0,23693,38,0.04419,ok
smd,machine-3-10,server,,lof,tuned,"{'w': 50, 'k': 30}",0.09007,0.12305,0.61352,0.19643,48.44,60.57,0.0,23693,38,0.04419,ok
smd,machine-3-10,server,,knn,default,,0.07368,0.11517,0.7342,0.1864,12.59,nan,17.0,23693,38,0.04419,ok
smd,machine-3-10,server,,knn,tuned,"{'w': 50, 'k': 3}",0.07084,0.10515,0.73147,0.1836,32.71,24.44,0.0,23693,38,0.04419,ok
smd,machine-3-10,server,,ae,default,,0.28567,0.34055,0.89106,0.4406,12.06,nan,583.2,23693,38,0.04419,ok
smd,machine-3-10,server,,ae,tuned,"{'w': 50, 'hidden': 32, 'latent': 16}",0.54477,0.54708,0.89784,0.4728,31.7,68.48,0.0,23693,38,0.04419,ok
smd,machine-3-2,server,,iforest,default,,0.05716,0.09251,0.45009,0.10236,5.18,nan,17.0,23703,38,0.04679,ok
smd,machine-3-2,server,,iforest,tuned,"{'w': 100, 'n_estimators': 100}",0.06428,0.09661,0.44041,0.14286,4.89,22.86,0.0,23703,38,0.04679,ok
smd,machine-3-2,server,,lof,default,,0.09597,0.2103,0.81238,0.23804,25.65,nan,17.0,23703,38,0.04679,ok
smd,machine-3-2,server,,lof,tuned,"{'w': 100, 'k': 50}",0.09597,0.2103,0.81238,0.23804,20.16,72.66,0.0,23703,38,0.04679,ok
smd,machine-3-2,server,,knn,default,,0.10851,0.24104,0.83168,0.26518,13.0,nan,17.0,23703,38,0.04679,ok
smd,machine-3-2,server,,knn,tuned,"{'w': 100, 'k': 3}",0.10698,0.23481,0.82632,0.25899,14.04,24.01,0.0,23703,38,0.04679,ok
smd,machine-3-2,server,,ae,default,,0.09601,0.16975,0.75541,0.22922,11.74,nan,583.2,23703,38,0.04679,ok
smd,machine-3-2,server,,ae,tuned,"{'w': 50, 'hidden': 32, 'latent': 16}",0.1671,0.29669,0.85058,0.47364,28.31,57.91,0.0,23703,38,0.04679,ok
smd,machine-3-4,server,,iforest,default,,0.21854,0.25654,0.70321,0.38784,5.0,nan,17.0,23687,38,0.04125,ok
smd,machine-3-4,server,,iforest,tuned,"{'w': 400, 'n_estimators': 200}",0.07268,0.11323,0.73845,0.16116,13.55,20.26,0.0,23687,38,0.04125,ok
smd,machine-3-4,server,,lof,default,,0.08293,0.15759,0.74634,0.23711,23.61,nan,0.0,23687,38,0.04125,ok
smd,machine-3-4,server,,lof,tuned,"{'w': 50, 'k': 50}",0.09297,0.13065,0.7518,0.25564,80.07,78.58,0.0,23687,38,0.04125,ok
smd,machine-3-4,server,,knn,default,,0.08078,0.15118,0.76537,0.23518,17.44,nan,0.0,23687,38,0.04125,ok
smd,machine-3-4,server,,knn,tuned,"{'w': 50, 'k': 3}",0.11242,0.17893,0.76101,0.31528,36.17,40.68,0.0,23687,38,0.04125,ok
smd,machine-3-4,server,,ae,default,,0.84977,0.73368,0.79783,0.4709,17.77,nan,582.8,23687,38,0.04125,ok
smd,machine-3-4,server,,ae,tuned,"{'w': 50, 'hidden': 64, 'latent': 8}",0.86023,0.72667,0.78598,0.52169,22.54,56.83,0.0,23687,38,0.04125,ok
smd,machine-3-6,server,,iforest,default,,0.74995,0.72449,0.92598,0.6497,4.94,nan,17.0,28726,38,0.04157,ok
smd,machine-3-6,server,,iforest,tuned,"{'w': 200, 'n_estimators': 100}",0.71019,0.67434,0.8773,0.55991,9.87,25.87,0.0,28726,38,0.04157,ok
smd,machine-3-6,server,,lof,default,,0.4241,0.54848,0.79582,0.51236,42.03,nan,17.0,28726,38,0.04157,ok
smd,machine-3-6,server,,lof,tuned,"{'w': 50, 'k': 10}",0.54024,0.63712,0.86424,0.66537,112.54,117.43,0.0,28726,38,0.04157,ok
smd,machine-3-6,server,,knn,default,,0.60536,0.75234,0.93452,0.67378,22.85,nan,17.0,28726,38,0.04157,ok
smd,machine-3-6,server,,knn,tuned,"{'w': 50, 'k': 1}",0.68645,0.79127,0.94139,0.76035,50.97,40.14,0.0,28726,38,0.04157,ok
smd,machine-3-6,server,,ae,default,,0.51436,0.674,0.92817,0.63755,14.78,nan,675.4,28726,38,0.04157,ok
smd,machine-3-6,server,,ae,tuned,"{'w': 50, 'hidden': 32, 'latent': 8}",0.6194,0.77132,0.96574,0.73472,40.82,90.06,0.0,28726,38,0.04157,ok
smd,machine-3-8,server,,iforest,default,,0.46439,0.41392,0.81388,0.5406,6.74,nan,17.0,28704,38,0.04776,ok
smd,machine-3-8,server,,iforest,tuned,"{'w': 400, 'n_estimators': 200}",0.64312,0.58074,0.81741,0.4994,20.68,26.75,0.0,28704,38,0.04776,ok
smd,machine-3-8,server,,lof,default,,0.03665,0.06507,0.59947,0.02506,41.94,nan,17.0,28704,38,0.04776,ok
smd,machine-3-8,server,,lof,tuned,"{'w': 400, 'k': 50}",0.09448,0.11659,0.53896,0.2414,9.62,106.46,0.0,28704,38,0.04776,ok
smd,machine-3-8,server,,knn,default,,0.48674,0.4472,0.8801,0.54203,20.03,nan,17.0,28704,38,0.04776,ok
smd,machine-3-8,server,,knn,tuned,"{'w': 400, 'k': 5}",0.44973,0.43936,0.84219,0.47091,7.06,40.6,0.0,28704,38,0.04776,ok
smd,machine-3-8,server,,ae,default,,0.28032,0.32139,0.72874,0.48704,15.26,nan,673.9,28704,38,0.04776,ok
smd,machine-3-8,server,,ae,tuned,"{'w': 100, 'hidden': 32, 'latent': 8}",0.28216,0.32388,0.73358,0.48704,16.18,84.54,0.0,28704,38,0.04776,ok
ucr,001_UCR_Anomaly_DISTORTED1sddb40_35000_52000_52620,DISTORTED1sddb40,,iforest,default,,0.37022,0.25531,0.99677,0.53484,3.62,nan,17.0,44795,1,0.01386,ok
ucr,001_UCR_Anomaly_DISTORTED1sddb40_35000_52000_52620,DISTORTED1sddb40,,iforest,tuned,"{'w': 100, 'n_estimators': 200}",0.37022,0.25531,0.99677,0.53484,5.11,11.93,0.0,44795,1,0.01386,ok
ucr,001_UCR_Anomaly_DISTORTED1sddb40_35000_52000_52620,DISTORTED1sddb40,,lof,default,,0.03834,0.04012,0.61905,0.10009,3.25,nan,17.0,44795,1,0.01386,ok
ucr,001_UCR_Anomaly_DISTORTED1sddb40_35000_52000_52620,DISTORTED1sddb40,,lof,tuned,"{'w': 200, 'k': 50}",0.04219,0.04356,0.61904,0.12118,3.06,7.6,0.0,44795,1,0.01386,ok
ucr,001_UCR_Anomaly_DISTORTED1sddb40_35000_52000_52620,DISTORTED1sddb40,,knn,default,,0.33619,0.30761,0.7992,0.519,1.96,nan,17.0,44795,1,0.01386,ok
ucr,001_UCR_Anomaly_DISTORTED1sddb40_35000_52000_52620,DISTORTED1sddb40,,knn,tuned,"{'w': 200, 'k': 5}",0.58061,0.4517,0.99676,0.70089,2.59,5.28,0.0,44795,1,0.01386,ok
ucr,001_UCR_Anomaly_DISTORTED1sddb40_35000_52000_52620,DISTORTED1sddb40,,ae,default,,0.03299,0.03659,0.64471,0.09325,13.46,nan,43.0,44795,1,0.01386,ok
ucr,001_UCR_Anomaly_DISTORTED1sddb40_35000_52000_52620,DISTORTED1sddb40,,ae,tuned,"{'w': 200, 'hidden': 32, 'latent': 8}",0.58267,0.46803,0.99671,0.72617,11.88,65.69,0.0,44795,1,0.01386,ok
ucr,003_UCR_Anomaly_DISTORTED3sddb40_35000_46600_46900,DISTORTED3sddb40,,iforest,default,,0.01063,0.01371,0.62483,0.01583,3.47,nan,17.0,45000,1,0.00669,ok
ucr,003_UCR_Anomaly_DISTORTED3sddb40_35000_46600_46900,DISTORTED3sddb40,,iforest,tuned,"{'w': 100, 'n_estimators': 100}",0.01146,0.01461,0.62212,0.02319,3.99,11.48,0.0,45000,1,0.00669,ok
ucr,003_UCR_Anomaly_DISTORTED3sddb40_35000_46600_46900,DISTORTED3sddb40,,lof,default,,0.02525,0.02653,0.6416,0.07578,3.39,nan,17.0,45000,1,0.00669,ok
ucr,003_UCR_Anomaly_DISTORTED3sddb40_35000_46600_46900,DISTORTED3sddb40,,lof,tuned,"{'w': 200, 'k': 50}",0.01293,0.01659,0.62181,0.04447,3.13,7.37,0.0,45000,1,0.00669,ok
ucr,003_UCR_Anomaly_DISTORTED3sddb40_35000_46600_46900,DISTORTED3sddb40,,knn,default,,0.0297,0.03223,0.60649,0.0881,2.04,nan,17.0,45000,1,0.00669,ok
ucr,003_UCR_Anomaly_DISTORTED3sddb40_35000_46600_46900,DISTORTED3sddb40,,knn,tuned,"{'w': 200, 'k': 5}",0.01655,0.02047,0.62165,0.05474,2.77,5.98,0.0,45000,1,0.00669,ok
ucr,003_UCR_Anomaly_DISTORTED3sddb40_35000_46600_46900,DISTORTED3sddb40,,ae,default,,0.03162,0.04047,0.65508,0.10428,14.08,nan,43.0,45000,1,0.00669,ok
ucr,003_UCR_Anomaly_DISTORTED3sddb40_35000_46600_46900,DISTORTED3sddb40,,ae,tuned,"{'w': 200, 'hidden': 32, 'latent': 8}",0.01934,0.02646,0.64998,0.06725,11.69,66.55,0.0,45000,1,0.00669,ok
ucr,005_UCR_Anomaly_DISTORTEDCIMIS44AirTemperature1_4000_5391_5392,DISTORTEDCIMIS44AirTemperature1,,iforest,default,,0.00065,0.00129,0.81337,0.0,1.25,nan,17.0,4184,1,0.00048,ok
ucr,005_UCR_Anomaly_DISTORTEDCIMIS44AirTemperature1_4000_5391_5392,DISTORTEDCIMIS44AirTemperature1,,iforest,tuned,"{'w': 50, 'n_estimators': 200}",0.00072,0.00176,0.81373,0.0,1.36,5.99,0.0,4184,1,0.00048,ok
ucr,005_UCR_Anomaly_DISTORTEDCIMIS44AirTemperature1_4000_5391_5392,DISTORTEDCIMIS44AirTemperature1,,lof,default,,0.00123,0.00231,0.81523,0.00325,0.19,nan,17.0,4184,1,0.00048,ok
ucr,005_UCR_Anomaly_DISTORTEDCIMIS44AirTemperature1_4000_5391_5392,DISTORTEDCIMIS44AirTemperature1,,lof,tuned,"{'w': 50, 'k': 50}",0.00266,0.00435,0.80786,0.00697,0.44,1.8,0.0,4184,1,0.00048,ok
ucr,005_UCR_Anomaly_DISTORTEDCIMIS44AirTemperature1_4000_5391_5392,DISTORTEDCIMIS44AirTemperature1,,knn,default,,0.00228,0.0049,0.82359,0.00606,0.09,nan,17.0,4184,1,0.00048,ok
ucr,005_UCR_Anomaly_DISTORTEDCIMIS44AirTemperature1_4000_5391_5392,DISTORTEDCIMIS44AirTemperature1,,knn,tuned,"{'w': 100, 'k': 3}",0.00223,0.00493,0.81727,0.00588,0.3,1.38,0.0,4184,1,0.00048,ok
ucr,005_UCR_Anomaly_DISTORTEDCIMIS44AirTemperature1_4000_5391_5392,DISTORTEDCIMIS44AirTemperature1,,ae,default,,0.08681,0.15438,0.99722,0.15385,1.68,nan,23.9,4184,1,0.00048,ok
ucr,005_UCR_Anomaly_DISTORTEDCIMIS44AirTemperature1_4000_5391_5392,DISTORTEDCIMIS44AirTemperature1,,ae,tuned,"{'w': 100, 'hidden': 32, 'latent': 8}",0.00627,0.01433,0.85547,0.0155,1.9,10.45,0.0,4184,1,0.00048,ok
ucr,007_UCR_Anomaly_DISTORTEDCIMIS44AirTemperature3_4000_6520_6544,DISTORTEDCIMIS44AirTemperature3,,iforest,default,,0.0049,0.00755,0.64116,0.0,1.28,nan,17.0,4184,1,0.00598,ok
ucr,007_UCR_Anomaly_DISTORTEDCIMIS44AirTemperature3_4000_6520_6544,DISTORTEDCIMIS44AirTemperature3,,iforest,tuned,"{'w': 50, 'n_estimators': 200}",0.00806,0.01058,0.6144,0.0,1.51,6.07,0.0,4184,1,0.00598,ok
ucr,007_UCR_Anomaly_DISTORTEDCIMIS44AirTemperature3_4000_6520_6544,DISTORTEDCIMIS44AirTemperature3,,lof,default,,0.03867,0.05522,0.71012,0.11823,0.19,nan,17.0,4184,1,0.00598,ok
ucr,007_UCR_Anomaly_DISTORTEDCIMIS44AirTemperature3_4000_6520_6544,DISTORTEDCIMIS44AirTemperature3,,lof,tuned,"{'w': 100, 'k': 50}",0.03867,0.05522,0.71012,0.11823,0.44,1.79,0.0,4184,1,0.00598,ok
ucr,007_UCR_Anomaly_DISTORTEDCIMIS44AirTemperature3_4000_6520_6544,DISTORTEDCIMIS44AirTemperature3,,knn,default,,0.10626,0.1393,0.69193,0.25581,0.09,nan,17.0,4184,1,0.00598,ok
ucr,007_UCR_Anomaly_DISTORTEDCIMIS44AirTemperature3_4000_6520_6544,DISTORTEDCIMIS44AirTemperature3,,knn,tuned,"{'w': 50, 'k': 5}",0.98383,0.78752,0.99883,0.98404,0.37,1.37,0.0,4184,1,0.00598,ok
ucr,007_UCR_Anomaly_DISTORTEDCIMIS44AirTemperature3_4000_6520_6544,DISTORTEDCIMIS44AirTemperature3,,ae,default,,1.0,0.89335,0.99883,1.0,1.71,nan,23.9,4184,1,0.00598,ok
ucr,007_UCR_Anomaly_DISTORTEDCIMIS44AirTemperature3_4000_6520_6544,DISTORTEDCIMIS44AirTemperature3,,ae,tuned,"{'w': 100, 'hidden': 32, 'latent': 8}",0.51992,0.51374,0.80879,0.7312,1.81,9.92,0.0,4184,1,0.00598,ok
ucr,009_UCR_Anomaly_DISTORTEDCIMIS44AirTemperature5_4000_4852_4900,DISTORTEDCIMIS44AirTemperature5,,iforest,default,,0.05538,0.07895,0.95717,0.15241,1.15,nan,17.0,4184,1,0.01171,ok
ucr,009_UCR_Anomaly_DISTORTEDCIMIS44AirTemperature5_4000_4852_4900,DISTORTEDCIMIS44AirTemperature5,,iforest,tuned,"{'w': 50, 'n_estimators': 100}",0.04267,0.06247,0.93766,0.09784,0.84,5.68,0.0,4184,1,0.01171,ok
ucr,009_UCR_Anomaly_DISTORTEDCIMIS44AirTemperature5_4000_4852_4900,DISTORTEDCIMIS44AirTemperature5,,lof,default,,0.18893,0.30311,0.9872,0.3572,0.18,nan,17.0,4184,1,0.01171,ok
ucr,009_UCR_Anomaly_DISTORTEDCIMIS44AirTemperature5_4000_4852_4900,DISTORTEDCIMIS44AirTemperature5,,lof,tuned,"{'w': 100, 'k': 30}",0.46846,0.55263,0.99504,0.66323,0.4,1.85,0.0,4184,1,0.01171,ok
ucr,009_UCR_Anomaly_DISTORTEDCIMIS44AirTemperature5_4000_4852_4900,DISTORTEDCIMIS44AirTemperature5,,knn,default,,0.74347,0.72963,0.99641,0.83457,0.1,nan,17.0,4184,1,0.01171,ok
ucr,009_UCR_Anomaly_DISTORTEDCIMIS44AirTemperature5_4000_4852_4900,DISTORTEDCIMIS44AirTemperature5,,knn,tuned,"{'w': 50, 'k': 5}",0.96017,0.87506,0.99949,0.97059,0.36,1.42,0.0,4184,1,0.01171,ok
ucr,009_UCR_Anomaly_DISTORTEDCIMIS44AirTemperature5_4000_4852_4900,DISTORTEDCIMIS44AirTemperature5,,ae,default,,0.99402,0.94979,0.99982,0.99438,1.67,nan,23.9,4184,1,0.01171,ok
ucr,009_UCR_Anomaly_DISTORTEDCIMIS44AirTemperature5_4000_4852_4900,DISTORTEDCIMIS44AirTemperature5,,ae,tuned,"{'w': 100, 'hidden': 32, 'latent': 8}",0.95718,0.92358,0.99927,0.94519,2.03,10.33,0.0,4184,1,0.01171,ok
ucr,011_UCR_Anomaly_DISTORTEDECG1_10000_11800_12100,DISTORTEDECG1,,iforest,default,,0.44618,0.30245,0.99629,0.64129,2.23,nan,17.0,20000,1,0.01505,ok
ucr,011_UCR_Anomaly_DISTORTEDECG1_10000_11800_12100,DISTORTEDECG1,,iforest,tuned,"{'w': 100, 'n_estimators': 100}",0.43368,0.29489,0.9963,0.63996,2.22,8.1,0.0,20000,1,0.01505,ok
ucr,011_UCR_Anomaly_DISTORTEDECG1_10000_11800_12100,DISTORTEDECG1,,lof,default,,0.52111,0.40549,0.99626,0.67169,0.68,nan,17.0,20000,1,0.01505,ok
ucr,011_UCR_Anomaly_DISTORTEDECG1_10000_11800_12100,DISTORTEDECG1,,lof,tuned,"{'w': 100, 'k': 30}",0.57161,0.44512,0.99626,0.70725,1.42,2.87,0.0,20000,1,0.01505,ok
ucr,011_UCR_Anomaly_DISTORTEDECG1_10000_11800_12100,DISTORTEDECG1,,knn,default,,0.69487,0.5418,0.9963,0.82626,0.48,nan,17.0,20000,1,0.01505,ok
ucr,011_UCR_Anomaly_DISTORTEDECG1_10000_11800_12100,DISTORTEDECG1,,knn,tuned,"{'w': 100, 'k': 3}",0.75458,0.58578,0.9963,0.85298,1.25,2.02,0.0,20000,1,0.01505,ok
ucr,011_UCR_Anomaly_DISTORTEDECG1_10000_11800_12100,DISTORTEDECG1,,ae,default,,0.68309,0.534,0.9963,0.81532,4.48,nan,30.7,20000,1,0.01505,ok
ucr,011_UCR_Anomaly_DISTORTEDECG1_10000_11800_12100,DISTORTEDECG1,,ae,tuned,"{'w': 100, 'hidden': 32, 'latent': 8}",0.63345,0.49805,0.99628,0.78129,5.27,22.84,0.0,20000,1,0.01505,ok
ucr,013_UCR_Anomaly_DISTORTEDECG3_15000_16000_16100,DISTORTEDECG3,,iforest,default,,0.00341,0.00693,0.75855,0.0,1.93,nan,17.0,15000,1,0.00673,ok
ucr,013_UCR_Anomaly_DISTORTEDECG3_15000_16000_16100,DISTORTEDECG3,,iforest,tuned,"{'w': 100, 'n_estimators': 100}",0.00341,0.00683,0.76401,0.0,1.93,8.96,0.0,15000,1,0.00673,ok
ucr,013_UCR_Anomaly_DISTORTEDECG3_15000_16000_16100,DISTORTEDECG3,,lof,default,,0.90165,0.76064,0.99811,0.89205,0.74,nan,17.0,15000,1,0.00673,ok
ucr,013_UCR_Anomaly_DISTORTEDECG3_15000_16000_16100,DISTORTEDECG3,,lof,tuned,"{'w': 100, 'k': 30}",0.89122,0.7425,0.99811,0.88709,1.23,4.34,0.0,15000,1,0.00673,ok
ucr,013_UCR_Anomaly_DISTORTEDECG3_15000_16000_16100,DISTORTEDECG3,,knn,default,,0.25487,0.24401,0.70151,0.45697,0.46,nan,17.0,15000,1,0.00673,ok
ucr,013_UCR_Anomaly_DISTORTEDECG3_15000_16000_16100,DISTORTEDECG3,,knn,tuned,"{'w': 100, 'k': 3}",0.29423,0.28433,0.71011,0.49845,1.08,2.66,0.0,15000,1,0.00673,ok
ucr,013_UCR_Anomaly_DISTORTEDECG3_15000_16000_16100,DISTORTEDECG3,,ae,default,,0.46028,0.2954,0.99814,0.62254,5.8,nan,29.5,15000,1,0.00673,ok
ucr,013_UCR_Anomaly_DISTORTEDECG3_15000_16000_16100,DISTORTEDECG3,,ae,tuned,"{'w': 100, 'hidden': 64, 'latent': 8}",0.15768,0.15172,0.72305,0.33263,6.47,33.71,0.0,15000,1,0.00673,ok
ucr,015_UCR_Anomaly_DISTORTEDECG4_5000_16800_17100,DISTORTEDECG4,,iforest,default,,0.01189,0.01226,0.84356,0.02931,12.09,nan,17.0,195000,1,0.00154,ok
ucr,015_UCR_Anomaly_DISTORTEDECG4_5000_16800_17100,DISTORTEDECG4,,iforest,tuned,"{'w': 50, 'n_estimators': 200}",0.00813,0.00792,0.84448,0.01894,15.72,6.55,0.0,195000,1,0.00154,ok
ucr,015_UCR_Anomaly_DISTORTEDECG4_5000_16800_17100,DISTORTEDECG4,,lof,default,,0.2393,0.16062,0.99889,0.30254,4.6,nan,17.0,195000,1,0.00154,ok
ucr,015_UCR_Anomaly_DISTORTEDECG4_5000_16800_17100,DISTORTEDECG4,,lof,tuned,"{'w': 50, 'k': 30}",0.24438,0.09005,0.99949,0.28574,14.25,1.7,0.0,195000,1,0.00154,ok
ucr,015_UCR_Anomaly_DISTORTEDECG4_5000_16800_17100,DISTORTEDECG4,,knn,default,,0.16711,0.07707,0.99907,0.25302,3.79,nan,17.0,195000,1,0.00154,ok
ucr,015_UCR_Anomaly_DISTORTEDECG4_5000_16800_17100,DISTORTEDECG4,,knn,tuned,"{'w': 50, 'k': 5}",0.09663,0.03719,0.96852,0.18225,13.47,1.63,0.0,195000,1,0.00154,ok
ucr,015_UCR_Anomaly_DISTORTEDECG4_5000_16800_17100,DISTORTEDECG4,,ae,default,,0.28029,0.14279,0.9991,0.30801,12.89,nan,99.8,195000,1,0.00154,ok
ucr,015_UCR_Anomaly_DISTORTEDECG4_5000_16800_17100,DISTORTEDECG4,,ae,tuned,"{'w': 50, 'hidden': 32, 'latent': 16}",0.1705,0.07032,0.99937,0.22728,17.12,12.43,0.0,195000,1,0.00154,ok
ucr,017_UCR_Anomaly_DISTORTEDECG4_5000_17000_17100,DISTORTEDECG4,,iforest,default,,0.00376,0.00453,0.7752,0.0,2.44,nan,17.0,25000,1,0.00404,ok
ucr,017_UCR_Anomaly_DISTORTEDECG4_5000_17000_17100,DISTORTEDECG4,,iforest,tuned,"{'w': 50, 'n_estimators': 100}",0.00504,0.00564,0.75744,0.0052,2.19,6.53,0.0,25000,1,0.00404,ok
ucr,017_UCR_Anomaly_DISTORTEDECG4_5000_17000_17100,DISTORTEDECG4,,lof,default,,0.89161,0.73075,0.99899,0.86765,0.65,nan,17.0,25000,1,0.00404,ok
ucr,017_UCR_Anomaly_DISTORTEDECG4_5000_17000_17100,DISTORTEDECG4,,lof,tuned,"{'w': 50, 'k': 30}",0.96669,0.79759,0.999,0.88125,1.81,1.61,0.0,25000,1,0.00404,ok
ucr,017_UCR_Anomaly_DISTORTEDECG4_5000_17000_17100,DISTORTEDECG4,,knn,default,,0.90438,0.74138,0.99899,0.875,0.48,nan,17.0,25000,1,0.00404,ok
ucr,017_UCR_Anomaly_DISTORTEDECG4_5000_17000_17100,DISTORTEDECG4,,knn,tuned,"{'w': 50, 'k': 5}",0.82143,0.47104,0.99898,0.73726,1.64,1.3,0.0,25000,1,0.00404,ok
ucr,017_UCR_Anomaly_DISTORTEDECG4_5000_17000_17100,DISTORTEDECG4,,ae,default,,0.88187,0.69506,0.999,0.85897,2.98,nan,31.7,25000,1,0.00404,ok
ucr,017_UCR_Anomaly_DISTORTEDECG4_5000_17000_17100,DISTORTEDECG4,,ae,tuned,"{'w': 50, 'hidden': 64, 'latent': 8}",0.69126,0.41493,0.99896,0.61004,5.87,12.0,0.0,25000,1,0.00404,ok
ucr,019_UCR_Anomaly_DISTORTEDGP711MarkerLFM5z1_5000_6168_6212,DISTORTEDGP711MarkerLFM5z1,,iforest,default,,0.00475,0.00725,0.6642,0.0,1.42,nan,17.0,7000,1,0.00643,ok
ucr,019_UCR_Anomaly_DISTORTEDGP711MarkerLFM5z1_5000_6168_6212,DISTORTEDGP711MarkerLFM5z1,,iforest,tuned,"{'w': 50, 'n_estimators': 200}",0.0038,0.00636,0.65818,0.0,1.73,6.41,0.0,7000,1,0.00643,ok
ucr,019_UCR_Anomaly_DISTORTEDGP711MarkerLFM5z1_5000_6168_6212,DISTORTEDGP711MarkerLFM5z1,,lof,default,,0.44493,0.58057,0.99664,0.66667,0.26,nan,17.0,7000,1,0.00643,ok
ucr,019_UCR_Anomaly_DISTORTEDGP711MarkerLFM5z1_5000_6168_6212,DISTORTEDGP711MarkerLFM5z1,,lof,tuned,"{'w': 50, 'k': 30}",0.01066,0.01864,0.60305,0.01948,0.69,1.65,0.0,7000,1,0.00643,ok
ucr,019_UCR_Anomaly_DISTORTEDGP711MarkerLFM5z1_5000_6168_6212,DISTORTEDGP711MarkerLFM5z1,,knn,default,,0.29693,0.40048,0.99507,0.53718,0.15,nan,17.0,7000,1,0.00643,ok
ucr,019_UCR_Anomaly_DISTORTEDGP711MarkerLFM5z1_5000_6168_6212,DISTORTEDGP711MarkerLFM5z1,,knn,tuned,"{'w': 50, 'k': 5}",0.00872,0.0275,0.61924,0.01791,0.61,1.31,0.0,7000,1,0.00643,ok
ucr,019_UCR_Anomaly_DISTORTEDGP711MarkerLFM5z1_5000_6168_6212,DISTORTEDGP711MarkerLFM5z1,,ae,default,,0.29147,0.42328,0.99493,0.51199,1.97,nan,24.5,7000,1,0.00643,ok
ucr,019_UCR_Anomaly_DISTORTEDGP711MarkerLFM5z1_5000_6168_6212,DISTORTEDGP711MarkerLFM5z1,,ae,tuned,"{'w': 100, 'hidden': 64, 'latent': 8}",0.31424,0.46529,0.99515,0.51351,2.32,11.31,0.0,7000,1,0.00643,ok
ucr,021_UCR_Anomaly_DISTORTEDGP711MarkerLFM5z3_5000_5948_5993,DISTORTEDGP711MarkerLFM5z3,,iforest,default,,0.33851,0.33906,0.96295,0.48881,1.79,nan,17.0,7000,1,0.00657,ok
ucr,021_UCR_Anomaly_DISTORTEDGP711MarkerLFM5z3_5000_5948_5993,DISTORTEDGP711MarkerLFM5z3,,iforest,tuned,"{'w': 50, 'n_estimators': 100}",0.03345,0.04572,0.68787,0.09464,1.11,6.87,0.0,7000,1,0.00657,ok
ucr,021_UCR_Anomaly_DISTORTEDGP711MarkerLFM5z3_5000_5948_5993,DISTORTEDGP711MarkerLFM5z3,,lof,default,,0.95215,0.8763,0.99871,0.91221,0.26,nan,17.0,7000,1,0.00657,ok
ucr,021_UCR_Anomaly_DISTORTEDGP711MarkerLFM5z3_5000_5948_5993,DISTORTEDGP711MarkerLFM5z3,,lof,tuned,"{'w': 100, 'k': 30}",0.97804,0.90385,0.99878,0.98077,0.57,1.63,0.0,7000,1,0.00657,ok
ucr,021_UCR_Anomaly_DISTORTEDGP711MarkerLFM5z3_5000_5948_5993,DISTORTEDGP711MarkerLFM5z3,,knn,default,,0.98249,0.91414,0.99884,0.98077,0.15,nan,17.0,7000,1,0.00657,ok
ucr,021_UCR_Anomaly_DISTORTEDGP711MarkerLFM5z3_5000_5948_5993,DISTORTEDGP711MarkerLFM5z3,,knn,tuned,"{'w': 50, 'k': 3}",0.91546,0.86475,0.99869,0.89079,0.53,1.33,0.0,7000,1,0.00657,ok
ucr,021_UCR_Anomaly_DISTORTEDGP711MarkerLFM5z3_5000_5948_5993,DISTORTEDGP711MarkerLFM5z3,,ae,default,,0.93913,0.85924,0.99849,0.91306,1.98,nan,24.5,7000,1,0.00657,ok
ucr,021_UCR_Anomaly_DISTORTEDGP711MarkerLFM5z3_5000_5948_5993,DISTORTEDGP711MarkerLFM5z3,,ae,tuned,"{'w': 100, 'hidden': 32, 'latent': 8}",0.72305,0.71248,0.99793,0.80201,2.28,11.12,0.0,7000,1,0.00657,ok
ucr,023_UCR_Anomaly_DISTORTEDGP711MarkerLFM5z5_5000_8612_8716,DISTORTEDGP711MarkerLFM5z5,,iforest,default,,0.99991,0.92721,0.99962,0.99419,1.39,nan,17.0,7000,1,0.015,ok
ucr,023_UCR_Anomaly_DISTORTEDGP711MarkerLFM5z5_5000_8612_8716,DISTORTEDGP711MarkerLFM5z5,,iforest,tuned,"{'w': 50, 'n_estimators': 200}",0.11538,0.1137,0.72586,0.25417,1.62,6.4,0.0,7000,1,0.015,ok
ucr,023_UCR_Anomaly_DISTORTEDGP711MarkerLFM5z5_5000_8612_8716,DISTORTEDGP711MarkerLFM5z5,,lof,default,,0.39002,0.56568,0.89249,0.63722,0.25,nan,17.0,7000,1,0.015,ok
ucr,023_UCR_Anomaly_DISTORTEDGP711MarkerLFM5z5_5000_8612_8716,DISTORTEDGP711MarkerLFM5z5,,lof,tuned,"{'w': 50, 'k': 30}",0.15493,0.25916,0.80569,0.35944,0.68,1.65,0.0,7000,1,0.015,ok
ucr,023_UCR_Anomaly_DISTORTEDGP711MarkerLFM5z5_5000_8612_8716,DISTORTEDGP711MarkerLFM5z5,,knn,default,,0.85637,0.91157,0.99811,0.92127,0.14,nan,17.0,7000,1,0.015,ok
ucr,023_UCR_Anomaly_DISTORTEDGP711MarkerLFM5z5_5000_8612_8716,DISTORTEDGP711MarkerLFM5z5,,knn,tuned,"{'w': 50, 'k': 5}",0.43929,0.57346,0.99449,0.6432,0.53,1.31,0.0,7000,1,0.015,ok
ucr,023_UCR_Anomaly_DISTORTEDGP711MarkerLFM5z5_5000_8612_8716,DISTORTEDGP711MarkerLFM5z5,,ae,default,,0.73276,0.85327,0.99667,0.85745,1.98,nan,24.5,7000,1,0.015,ok
ucr,023_UCR_Anomaly_DISTORTEDGP711MarkerLFM5z5_5000_8612_8716,DISTORTEDGP711MarkerLFM5z5,,ae,tuned,"{'w': 100, 'hidden': 32, 'latent': 8}",0.63753,0.807,0.9956,0.80505,2.34,12.42,0.0,7000,1,0.015,ok
ucr,025_UCR_Anomaly_DISTORTEDInternalBleeding14_2800_5607_5634,DISTORTEDInternalBleeding14,,iforest,default,,0.04978,0.07168,0.73436,0.1543,1.41,nan,17.0,4701,1,0.00596,ok
ucr,025_UCR_Anomaly_DISTORTEDInternalBleeding14_2800_5607_5634,DISTORTEDInternalBleeding14,,iforest,tuned,"{'w': 50, 'n_estimators': 200}",0.0291,0.03592,0.85163,0.07645,1.45,6.06,0.0,4701,1,0.00596,ok
ucr,025_UCR_Anomaly_DISTORTEDInternalBleeding14_2800_5607_5634,DISTORTEDInternalBleeding14,,lof,default,,0.96544,0.87989,0.9989,0.95755,0.17,nan,17.0,4701,1,0.00596,ok
ucr,025_UCR_Anomaly_DISTORTEDInternalBleeding14_2800_5607_5634,DISTORTEDInternalBleeding14,,lof,tuned,"{'w': 50, 'k': 50}",0.63055,0.71911,0.99825,0.73846,0.53,1.46,0.0,4701,1,0.00596,ok
ucr,025_UCR_Anomaly_DISTORTEDInternalBleeding14_2800_5607_5634,DISTORTEDInternalBleeding14,,knn,default,,0.90217,0.82873,0.99853,0.85806,0.1,nan,17.0,4701,1,0.00596,ok
ucr,025_UCR_Anomaly_DISTORTEDInternalBleeding14_2800_5607_5634,DISTORTEDInternalBleeding14,,knn,tuned,"{'w': 50, 'k': 5}",0.84344,0.79536,0.99825,0.84253,0.38,1.16,0.0,4701,1,0.00596,ok
ucr,025_UCR_Anomaly_DISTORTEDInternalBleeding14_2800_5607_5634,DISTORTEDInternalBleeding14,,ae,default,,0.69713,0.77707,0.99809,0.79905,1.33,nan,23.8,4701,1,0.00596,ok
ucr,025_UCR_Anomaly_DISTORTEDInternalBleeding14_2800_5607_5634,DISTORTEDInternalBleeding14,,ae,tuned,"{'w': 200, 'hidden': 32, 'latent': 16}",0.01405,0.01997,0.7539,0.04035,1.42,6.81,0.0,4701,1,0.00596,ok
ucr,027_UCR_Anomaly_DISTORTEDInternalBleeding16_1200_4187_4199,DISTORTEDInternalBleeding16,,iforest,default,,0.01398,0.01983,0.66529,0.04414,1.34,nan,17.0,6301,1,0.00206,ok
ucr,027_UCR_Anomaly_DISTORTEDInternalBleeding16_1200_4187_4199,DISTORTEDInternalBleeding16,,lof,default,,0.02049,0.0274,0.66738,0.05274,0.14,nan,17.0,6301,1,0.00206,ok
ucr,027_UCR_Anomaly_DISTORTEDInternalBleeding16_1200_4187_4199,DISTORTEDInternalBleeding16,,knn,default,,0.05413,0.07173,0.99222,0.12717,0.11,nan,17.0,6301,1,0.00206,ok
ucr,027_UCR_Anomaly_DISTORTEDInternalBleeding16_1200_4187_4199,DISTORTEDInternalBleeding16,,ae,default,,0.02929,0.06294,0.7088,0.09594,0.73,nan,23.9,6301,1,0.00206,ok
ucr,029_UCR_Anomaly_DISTORTEDInternalBleeding18_2300_4485_4587,DISTORTEDInternalBleeding18,,iforest,default,,0.01611,0.02045,0.60698,0.0,1.31,nan,17.0,5200,1,0.01981,ok
ucr,029_UCR_Anomaly_DISTORTEDInternalBleeding18_2300_4485_4587,DISTORTEDInternalBleeding18,,lof,default,,0.01064,0.01672,0.73088,0.0,0.15,nan,17.0,5200,1,0.01981,ok
ucr,029_UCR_Anomaly_DISTORTEDInternalBleeding18_2300_4485_4587,DISTORTEDInternalBleeding18,,knn,default,,0.08697,0.07886,0.71038,0.20279,0.1,nan,17.0,5200,1,0.01981,ok
ucr,029_UCR_Anomaly_DISTORTEDInternalBleeding18_2300_4485_4587,DISTORTEDInternalBleeding18,,ae,default,,0.02447,0.02728,0.8063,0.00384,1.09,nan,23.8,5200,1,0.01981,ok
ucr,031_UCR_Anomaly_DISTORTEDInternalBleeding20_2700_5759_5919,DISTORTEDInternalBleeding20,,iforest,default,,0.11101,0.1063,0.71061,0.24086,1.29,nan,17.0,4800,1,0.03354,ok
ucr,031_UCR_Anomaly_DISTORTEDInternalBleeding20_2700_5759_5919,DISTORTEDInternalBleeding20,,iforest,tuned,"{'w': 50, 'n_estimators': 100}",0.06552,0.0741,0.71163,0.1296,0.97,6.09,0.0,4800,1,0.03354,ok
ucr,031_UCR_Anomaly_DISTORTEDInternalBleeding20_2700_5759_5919,DISTORTEDInternalBleeding20,,lof,default,,0.17022,0.18419,0.69034,0.37916,0.17,nan,17.0,4800,1,0.03354,ok
ucr,031_UCR_Anomaly_DISTORTEDInternalBleeding20_2700_5759_5919,DISTORTEDInternalBleeding20,,lof,tuned,"{'w': 50, 'k': 30}",0.66242,0.54196,0.99284,0.83251,0.54,1.44,0.0,4800,1,0.03354,ok
ucr,031_UCR_Anomaly_DISTORTEDInternalBleeding20_2700_5759_5919,DISTORTEDInternalBleeding20,,knn,default,,0.87242,0.70185,0.99768,0.95091,0.09,nan,17.0,4800,1,0.03354,ok
ucr,031_UCR_Anomaly_DISTORTEDInternalBleeding20_2700_5759_5919,DISTORTEDInternalBleeding20,,knn,tuned,"{'w': 50, 'k': 3}",0.55718,0.43757,0.99104,0.77363,0.4,1.17,0.0,4800,1,0.03354,ok
ucr,031_UCR_Anomaly_DISTORTEDInternalBleeding20_2700_5759_5919,DISTORTEDInternalBleeding20,,ae,default,,0.90101,0.67608,0.99942,0.98665,1.3,nan,23.7,4800,1,0.03354,ok
ucr,031_UCR_Anomaly_DISTORTEDInternalBleeding20_2700_5759_5919,DISTORTEDInternalBleeding20,,ae,tuned,"{'w': 50, 'hidden': 64, 'latent': 8}",0.61638,0.45073,0.99183,0.80126,2.77,6.82,0.0,4800,1,0.03354,ok
ucr,033_UCR_Anomaly_DISTORTEDInternalBleeding5_4000_6200_6370,DISTORTEDInternalBleeding5,,iforest,default,,0.43155,0.34682,0.91466,0.66352,1.26,nan,17.0,3415,1,0.05007,ok
ucr,033_UCR_Anomaly_DISTORTEDInternalBleeding5_4000_6200_6370,DISTORTEDInternalBleeding5,,iforest,tuned,"{'w': 50, 'n_estimators': 100}",0.08053,0.08864,0.76808,0.12126,0.9,6.13,0.0,3415,1,0.05007,ok
ucr,033_UCR_Anomaly_DISTORTEDInternalBleeding5_4000_6200_6370,DISTORTEDInternalBleeding5,,lof,default,,0.70477,0.62205,0.99462,0.81752,0.15,nan,17.0,3415,1,0.05007,ok
ucr,033_UCR_Anomaly_DISTORTEDInternalBleeding5_4000_6200_6370,DISTORTEDInternalBleeding5,,lof,tuned,"{'w': 50, 'k': 50}",0.46212,0.39149,0.98751,0.56729,0.45,1.8,0.0,3415,1,0.05007,ok
ucr,033_UCR_Anomaly_DISTORTEDInternalBleeding5_4000_6200_6370,DISTORTEDInternalBleeding5,,knn,default,,0.75811,0.69506,0.99265,0.86373,0.07,nan,17.0,3415,1,0.05007,ok
ucr,033_UCR_Anomaly_DISTORTEDInternalBleeding5_4000_6200_6370,DISTORTEDInternalBleeding5,,knn,tuned,"{'w': 50, 'k': 3}",0.55102,0.48908,0.98624,0.73035,0.33,1.32,0.0,3415,1,0.05007,ok
ucr,033_UCR_Anomaly_DISTORTEDInternalBleeding5_4000_6200_6370,DISTORTEDInternalBleeding5,,ae,default,,0.70788,0.67273,0.98934,0.82869,1.62,nan,22.4,3415,1,0.05007,ok
ucr,033_UCR_Anomaly_DISTORTEDInternalBleeding5_4000_6200_6370,DISTORTEDInternalBleeding5,,ae,tuned,"{'w': 50, 'hidden': 64, 'latent': 8}",0.41505,0.40899,0.98431,0.5638,3.54,10.17,0.0,3415,1,0.05007,ok
ucr,035_UCR_Anomaly_DISTORTEDInternalBleeding8_2500_5865_5974,DISTORTEDInternalBleeding8,,iforest,default,,0.01959,0.03203,0.71639,0.02016,1.33,nan,17.0,5001,1,0.022,ok
ucr,035_UCR_Anomaly_DISTORTEDInternalBleeding8_2500_5865_5974,DISTORTEDInternalBleeding8,,lof,default,,0.02773,0.03366,0.70232,0.05901,0.16,nan,17.0,5001,1,0.022,ok
ucr,035_UCR_Anomaly_DISTORTEDInternalBleeding8_2500_5865_5974,DISTORTEDInternalBleeding8,,knn,default,,0.05031,0.12312,0.91638,0.11378,0.1,nan,17.0,5001,1,0.022,ok
ucr,035_UCR_Anomaly_DISTORTEDInternalBleeding8_2500_5865_5974,DISTORTEDInternalBleeding8,,ae,default,,0.01322,0.02828,0.70696,0.00476,1.17,nan,23.8,5001,1,0.022,ok
ucr,037_UCR_Anomaly_DISTORTEDLab2Cmac011215EPG1_5000_17210_17260,DISTORTEDLab2Cmac011215EPG1,,iforest,default,,1.0,0.46329,0.99971,0.76842,2.52,nan,17.0,25001,1,0.00204,ok
ucr,037_UCR_Anomaly_DISTORTEDLab2Cmac011215EPG1_5000_17210_17260,DISTORTEDLab2Cmac011215EPG1,,iforest,tuned,"{'w': 50, 'n_estimators': 100}",0.99406,0.49203,0.99971,0.76842,2.25,6.25,0.0,25001,1,0.00204,ok
ucr,037_UCR_Anomaly_DISTORTEDLab2Cmac011215EPG1_5000_17210_17260,DISTORTEDLab2Cmac011215EPG1,,lof,default,,0.99316,0.48865,0.99972,0.76702,0.66,nan,17.0,25001,1,0.00204,ok
ucr,037_UCR_Anomaly_DISTORTEDLab2Cmac011215EPG1_5000_17210_17260,DISTORTEDLab2Cmac011215EPG1,,lof,tuned,"{'w': 50, 'k': 30}",1.0,0.51341,0.99971,0.76842,2.14,1.72,0.0,25001,1,0.00204,ok
ucr,037_UCR_Anomaly_DISTORTEDLab2Cmac011215EPG1_5000_17210_17260,DISTORTEDLab2Cmac011215EPG1,,knn,default,,0.99316,0.4915,0.99972,0.76702,0.46,nan,17.0,25001,1,0.00204,ok
ucr,037_UCR_Anomaly_DISTORTEDLab2Cmac011215EPG1_5000_17210_17260,DISTORTEDLab2Cmac011215EPG1,,knn,tuned,"{'w': 50, 'k': 3}",0.99888,0.51748,0.9997,0.76842,1.62,1.32,0.0,25001,1,0.00204,ok
ucr,037_UCR_Anomaly_DISTORTEDLab2Cmac011215EPG1_5000_17210_17260,DISTORTEDLab2Cmac011215EPG1,,ae,default,,0.97431,0.52772,0.99968,0.76842,3.02,nan,31.7,25001,1,0.00204,ok
ucr,037_UCR_Anomaly_DISTORTEDLab2Cmac011215EPG1_5000_17210_17260,DISTORTEDLab2Cmac011215EPG1,,ae,tuned,"{'w': 50, 'hidden': 32, 'latent': 16}",0.99157,0.52476,0.99968,0.76842,5.58,11.29,0.0,25001,1,0.00204,ok
ucr,039_UCR_Anomaly_DISTORTEDLab2Cmac011215EPG3_5000_16390_16420,DISTORTEDLab2Cmac011215EPG3,,iforest,default,,0.94216,0.33246,0.99987,0.68235,2.52,nan,17.0,24950,1,0.00124,ok
ucr,039_UCR_Anomaly_DISTORTEDLab2Cmac011215EPG3_5000_16390_16420,DISTORTEDLab2Cmac011215EPG3,,iforest,tuned,"{'w': 50, 'n_estimators': 200}",0.99899,0.3138,0.9999,0.68235,3.08,6.82,0.0,24950,1,0.00124,ok
ucr,039_UCR_Anomaly_DISTORTEDLab2Cmac011215EPG3_5000_16390_16420,DISTORTEDLab2Cmac011215EPG3,,lof,default,,0.73244,0.33065,0.9996,0.62129,0.65,nan,17.0,24950,1,0.00124,ok
ucr,039_UCR_Anomaly_DISTORTEDLab2Cmac011215EPG3_5000_16390_16420,DISTORTEDLab2Cmac011215EPG3,,lof,tuned,"{'w': 50, 'k': 30}",0.97865,0.30626,0.99988,0.68235,1.8,1.67,0.0,24950,1,0.00124,ok
ucr,039_UCR_Anomaly_DISTORTEDLab2Cmac011215EPG3_5000_16390_16420,DISTORTEDLab2Cmac011215EPG3,,knn,default,,0.1792,0.24238,0.75305,0.36257,0.45,nan,17.0,24950,1,0.00124,ok
ucr,039_UCR_Anomaly_DISTORTEDLab2Cmac011215EPG3_5000_16390_16420,DISTORTEDLab2Cmac011215EPG3,,knn,tuned,"{'w': 50, 'k': 3}",0.97736,0.31378,0.99986,0.68235,1.55,1.26,0.0,24950,1,0.00124,ok
ucr,039_UCR_Anomaly_DISTORTEDLab2Cmac011215EPG3_5000_16390_16420,DISTORTEDLab2Cmac011215EPG3,,ae,default,,0.75501,0.32818,0.99964,0.64069,2.7,nan,31.7,24950,1,0.00124,ok
ucr,039_UCR_Anomaly_DISTORTEDLab2Cmac011215EPG3_5000_16390_16420,DISTORTEDLab2Cmac011215EPG3,,ae,tuned,"{'w': 50, 'hidden': 32, 'latent': 16}",0.95221,0.32031,0.99983,0.68235,6.16,10.5,0.0,24950,1,0.00124,ok
ucr,041_UCR_Anomaly_DISTORTEDLab2Cmac011215EPG5_7000_17390_17520,DISTORTEDLab2Cmac011215EPG5,,iforest,default,,0.54206,0.38295,0.99803,0.60859,2.7,nan,17.0,22826,1,0.00574,ok
ucr,041_UCR_Anomaly_DISTORTEDLab2Cmac011215EPG5_7000_17390_17520,DISTORTEDLab2Cmac011215EPG5,,iforest,tuned,"{'w': 50, 'n_estimators': 100}",0.47175,0.21547,0.99827,0.4886,2.28,7.03,0.0,22826,1,0.00574,ok
ucr,041_UCR_Anomaly_DISTORTEDLab2Cmac011215EPG5_7000_17390_17520,DISTORTEDLab2Cmac011215EPG5,,lof,default,,0.60894,0.328,0.99863,0.64673,0.73,nan,17.0,22826,1,0.00574,ok
ucr,041_UCR_Anomaly_DISTORTEDLab2Cmac011215EPG5_7000_17390_17520,DISTORTEDLab2Cmac011215EPG5,,lof,tuned,"{'w': 50, 'k': 30}",0.52066,0.27573,0.99846,0.60193,1.99,2.2,0.0,22826,1,0.00574,ok
ucr,041_UCR_Anomaly_DISTORTEDLab2Cmac011215EPG5_7000_17390_17520,DISTORTEDLab2Cmac011215EPG5,,knn,default,,0.49534,0.2777,0.99824,0.56507,0.49,nan,17.0,22826,1,0.00574,ok
ucr,041_UCR_Anomaly_DISTORTEDLab2Cmac011215EPG5_7000_17390_17520,DISTORTEDLab2Cmac011215EPG5,,knn,tuned,"{'w': 50, 'k': 3}",0.51637,0.27085,0.99861,0.53392,1.77,1.64,0.0,22826,1,0.00574,ok
ucr,041_UCR_Anomaly_DISTORTEDLab2Cmac011215EPG5_7000_17390_17520,DISTORTEDLab2Cmac011215EPG5,,ae,default,,0.53561,0.27157,0.99824,0.54447,3.68,nan,31.0,22826,1,0.00574,ok
ucr,041_UCR_Anomaly_DISTORTEDLab2Cmac011215EPG5_7000_17390_17520,DISTORTEDLab2Cmac011215EPG5,,ae,tuned,"{'w': 50, 'hidden': 32, 'latent': 16}",0.5042,0.27304,0.99778,0.59536,7.98,16.28,0.0,22826,1,0.00574,ok
ucr,043_UCR_Anomaly_DISTORTEDMesoplodonDensirostris_10000_19280_19440,DISTORTEDMesoplodonDensirostris,,iforest,default,,0.02825,0.03288,0.68791,0.05963,1.91,nan,17.0,14667,1,0.01098,ok
ucr,043_UCR_Anomaly_DISTORTEDMesoplodonDensirostris_10000_19280_19440,DISTORTEDMesoplodonDensirostris,,iforest,tuned,"{'w': 100, 'n_estimators': 200}",0.02825,0.03288,0.68791,0.05963,2.55,7.63,0.0,14667,1,0.01098,ok
ucr,043_UCR_Anomaly_DISTORTEDMesoplodonDensirostris_10000_19280_19440,DISTORTEDMesoplodonDensirostris,,lof,default,,0.10945,0.1224,0.73389,0.26539,0.57,nan,17.0,14667,1,0.01098,ok
ucr,043_UCR_Anomaly_DISTORTEDMesoplodonDensirostris_10000_19280_19440,DISTORTEDMesoplodonDensirostris,,lof,tuned,"{'w': 50, 'k': 50}",0.2845,0.19169,0.9975,0.51307,2.07,2.98,0.0,14667,1,0.01098,ok
ucr,043_UCR_Anomaly_DISTORTEDMesoplodonDensirostris_10000_19280_19440,DISTORTEDMesoplodonDensirostris,,knn,default,,0.86758,0.70133,0.9996,0.97917,0.37,nan,17.0,14667,1,0.01098,ok
ucr,043_UCR_Anomaly_DISTORTEDMesoplodonDensirostris_10000_19280_19440,DISTORTEDMesoplodonDensirostris,,knn,tuned,"{'w': 100, 'k': 3}",0.8802,0.71714,0.9996,0.98103,1.01,1.99,0.0,14667,1,0.01098,ok
ucr,043_UCR_Anomaly_DISTORTEDMesoplodonDensirostris_10000_19280_19440,DISTORTEDMesoplodonDensirostris,,ae,default,,0.88339,0.65671,0.99728,0.98379,4.16,nan,28.0,14667,1,0.01098,ok
ucr,043_UCR_Anomaly_DISTORTEDMesoplodonDensirostris_10000_19280_19440,DISTORTEDMesoplodonDensirostris,,ae,tuned,"{'w': 100, 'hidden': 32, 'latent': 16}",0.86758,0.61721,0.99734,0.93579,5.02,22.35,0.0,14667,1,0.01098,ok
ucr,045_UCR_Anomaly_DISTORTEDPowerDemand2_14000_23357_23717,DISTORTEDPowerDemand2,,iforest,default,,0.01186,0.01567,0.61987,0.0,2.08,nan,17.0,15931,1,0.02266,ok
ucr,045_UCR_Anomaly_DISTORTEDPowerDemand2_14000_23357_23717,DISTORTEDPowerDemand2,,iforest,tuned,"{'w': 100, 'n_estimators': 100}",0.01178,0.01565,0.62117,0.0,2.33,8.7,0.0,15931,1,0.02266,ok
ucr,045_UCR_Anomaly_DISTORTEDPowerDemand2_14000_23357_23717,DISTORTEDPowerDemand2,,lof,default,,0.0227,0.02811,0.634,0.0,0.74,nan,17.0,15931,1,0.02266,ok
ucr,045_UCR_Anomaly_DISTORTEDPowerDemand2_14000_23357_23717,DISTORTEDPowerDemand2,,lof,tuned,"{'w': 100, 'k': 30}",0.03294,0.03771,0.66669,0.03571,1.61,4.27,0.0,15931,1,0.02266,ok
ucr,045_UCR_Anomaly_DISTORTEDPowerDemand2_14000_23357_23717,DISTORTEDPowerDemand2,,knn,default,,0.1403,0.13957,0.72899,0.35593,0.49,nan,17.0,15931,1,0.02266,ok
ucr,045_UCR_Anomaly_DISTORTEDPowerDemand2_14000_23357_23717,DISTORTEDPowerDemand2,,knn,tuned,"{'w': 100, 'k': 5}",0.1403,0.13957,0.72899,0.35593,1.08,2.9,0.0,15931,1,0.02266,ok
ucr,045_UCR_Anomaly_DISTORTEDPowerDemand2_14000_23357_23717,DISTORTEDPowerDemand2,,ae,default,,0.04014,0.04565,0.69813,0.06902,6.28,nan,29.4,15931,1,0.02266,ok
ucr,045_UCR_Anomaly_DISTORTEDPowerDemand2_14000_23357_23717,DISTORTEDPowerDemand2,,ae,tuned,"{'w': 100, 'hidden': 64, 'latent': 8}",0.0257,0.03075,0.67632,0.03203,6.44,30.74,0.0,15931,1,0.02266,ok
ucr,047_UCR_Anomaly_DISTORTEDPowerDemand4_18000_24005_24077,DISTORTEDPowerDemand4,,iforest,default,,0.00781,0.01019,0.71672,0.0,1.87,nan,17.0,11931,1,0.00612,ok
ucr,047_UCR_Anomaly_DISTORTEDPowerDemand4_18000_24005_24077,DISTORTEDPowerDemand4,,iforest,tuned,"{'w': 400, 'n_estimators': 100}",0.00559,0.00992,0.70389,0.0,2.76,9.65,0.0,11931,1,0.00612,ok
ucr,047_UCR_Anomaly_DISTORTEDPowerDemand4_18000_24005_24077,DISTORTEDPowerDemand4,,lof,default,,0.99981,0.84526,0.99877,1.0,0.76,nan,17.0,11931,1,0.00612,ok
ucr,047_UCR_Anomaly_DISTORTEDPowerDemand4_18000_24005_24077,DISTORTEDPowerDemand4,,lof,tuned,"{'w': 100, 'k': 30}",0.99946,0.85576,0.99877,1.0,1.12,4.9,0.0,11931,1,0.00612,ok
ucr,047_UCR_Anomaly_DISTORTEDPowerDemand4_18000_24005_24077,DISTORTEDPowerDemand4,,knn,default,,0.99946,0.82657,0.99887,1.0,0.41,nan,17.0,11931,1,0.00612,ok
ucr,047_UCR_Anomaly_DISTORTEDPowerDemand4_18000_24005_24077,DISTORTEDPowerDemand4,,knn,tuned,"{'w': 100, 'k': 3}",0.99946,0.8392,0.99887,1.0,0.88,3.17,0.0,11931,1,0.00612,ok
ucr,047_UCR_Anomaly_DISTORTEDPowerDemand4_18000_24005_24077,DISTORTEDPowerDemand4,,ae,default,,0.9989,0.87284,0.9988,1.0,6.72,nan,28.4,11931,1,0.00612,ok
ucr,047_UCR_Anomaly_DISTORTEDPowerDemand4_18000_24005_24077,DISTORTEDPowerDemand4,,ae,tuned,"{'w': 200, 'hidden': 32, 'latent': 16}",0.25406,0.29086,0.84656,0.49799,4.68,40.88,0.0,11931,1,0.00612,ok
ucr,049_UCR_Anomaly_DISTORTEDTkeepFirstMARS_3500_5365_5380,DISTORTEDTkeepFirstMARS,,iforest,default,,0.00373,0.00592,0.8855,0.01348,1.48,nan,17.0,7906,1,0.00202,ok
ucr,049_UCR_Anomaly_DISTORTEDTkeepFirstMARS_3500_5365_5380,DISTORTEDTkeepFirstMARS,,iforest,tuned,"{'w': 100, 'n_estimators': 100}",0.00337,0.00508,0.87746,0.00296,1.22,5.86,0.0,7906,1,0.00202,ok
ucr,049_UCR_Anomaly_DISTORTEDTkeepFirstMARS_3500_5365_5380,DISTORTEDTkeepFirstMARS,,lof,default,,0.00261,0.00385,0.88199,0.0,0.23,nan,17.0,7906,1,0.00202,ok
ucr,049_UCR_Anomaly_DISTORTEDTkeepFirstMARS_3500_5365_5380,DISTORTEDTkeepFirstMARS,,lof,tuned,"{'w': 100, 'k': 50}",0.00261,0.00385,0.88199,0.0,0.57,1.71,0.0,7906,1,0.00202,ok
ucr,049_UCR_Anomaly_DISTORTEDTkeepFirstMARS_3500_5365_5380,DISTORTEDTkeepFirstMARS,,knn,default,,0.00291,0.00424,0.8709,0.0,0.15,nan,17.0,7906,1,0.00202,ok
ucr,049_UCR_Anomaly_DISTORTEDTkeepFirstMARS_3500_5365_5380,DISTORTEDTkeepFirstMARS,,knn,tuned,"{'w': 100, 'k': 5}",0.00291,0.00424,0.8709,0.0,0.47,1.23,0.0,7906,1,0.00202,ok
ucr,049_UCR_Anomaly_DISTORTEDTkeepFirstMARS_3500_5365_5380,DISTORTEDTkeepFirstMARS,,ae,default,,0.00421,0.00668,0.855,0.015,1.63,nan,25.5,7906,1,0.00202,ok
ucr,049_UCR_Anomaly_DISTORTEDTkeepFirstMARS_3500_5365_5380,DISTORTEDTkeepFirstMARS,,ae,tuned,"{'w': 100, 'hidden': 32, 'latent': 8}",0.00587,0.01088,0.90996,0.02139,1.94,8.16,0.0,7906,1,0.00202,ok
ucr,051_UCR_Anomaly_DISTORTEDTkeepSecondMARS_3500_9330_9340,DISTORTEDTkeepSecondMARS,,iforest,default,,0.00224,0.00335,0.69705,0.0,1.4,nan,17.0,7888,1,0.00139,ok
ucr,051_UCR_Anomaly_DISTORTEDTkeepSecondMARS_3500_9330_9340,DISTORTEDTkeepSecondMARS,,iforest,tuned,"{'w': 100, 'n_estimators': 100}",0.00236,0.00342,0.70253,0.00021,1.18,5.79,0.0,7888,1,0.00139,ok
ucr,051_UCR_Anomaly_DISTORTEDTkeepSecondMARS_3500_9330_9340,DISTORTEDTkeepSecondMARS,,lof,default,,0.86791,0.40032,0.99983,0.7,0.25,nan,17.0,7888,1,0.00139,ok
ucr,051_UCR_Anomaly_DISTORTEDTkeepSecondMARS_3500_9330_9340,DISTORTEDTkeepSecondMARS,,lof,tuned,"{'w': 100, 'k': 50}",0.86791,0.40032,0.99983,0.7,0.6,1.6,0.0,7888,1,0.00139,ok
ucr,051_UCR_Anomaly_DISTORTEDTkeepSecondMARS_3500_9330_9340,DISTORTEDTkeepSecondMARS,,knn,default,,0.93409,0.43993,0.99986,0.7,0.15,nan,17.0,7888,1,0.00139,ok
ucr,051_UCR_Anomaly_DISTORTEDTkeepSecondMARS_3500_9330_9340,DISTORTEDTkeepSecondMARS,,knn,tuned,"{'w': 200, 'k': 1}",0.89545,0.52184,0.99979,0.7,0.48,1.25,0.0,7888,1,0.00139,ok
ucr,051_UCR_Anomaly_DISTORTEDTkeepSecondMARS_3500_9330_9340,DISTORTEDTkeepSecondMARS,,ae,default,,0.98052,0.42563,0.99986,0.7,1.59,nan,25.5,7888,1,0.00139,ok
ucr,051_UCR_Anomaly_DISTORTEDTkeepSecondMARS_3500_9330_9340,DISTORTEDTkeepSecondMARS,,ae,tuned,"{'w': 100, 'hidden': 32, 'latent': 8}",0.98601,0.4322,0.99986,0.7,2.01,7.92,0.0,7888,1,0.00139,ok
ucr,053_UCR_Anomaly_DISTORTEDWalkingAceleration1_1500_2764_2995,DISTORTEDWalkingAceleration1,,iforest,default,,0.02329,0.03672,0.3343,0.0,1.28,nan,17.0,5184,1,0.04475,ok
ucr,053_UCR_Anomaly_DISTORTEDWalkingAceleration1_1500_2764_2995,DISTORTEDWalkingAceleration1,,lof,default,,0.02364,0.03696,0.37952,0.0,0.18,nan,17.0,5184,1,0.04475,ok
ucr,053_UCR_Anomaly_DISTORTEDWalkingAceleration1_1500_2764_2995,DISTORTEDWalkingAceleration1,,knn,default,,0.02621,0.03744,0.39561,0.0,0.09,nan,17.0,5184,1,0.04475,ok
ucr,053_UCR_Anomaly_DISTORTEDWalkingAceleration1_1500_2764_2995,DISTORTEDWalkingAceleration1,,ae,default,,0.02313,0.03599,0.36531,0.0,0.94,nan,23.7,5184,1,0.04475,ok
ucr,055_UCR_Anomaly_DISTORTEDapneaecg2_10000_20950_21100,DISTORTEDapneaecg2,,iforest,default,,0.30183,0.09705,0.99888,0.40099,2.45,nan,17.0,28501,1,0.0053,ok
ucr,055_UCR_Anomaly_DISTORTEDapneaecg2_10000_20950_21100,DISTORTEDapneaecg2,,iforest,tuned,"{'w': 100, 'n_estimators': 100}",0.32375,0.10893,0.99886,0.40842,2.77,7.21,0.0,28501,1,0.0053,ok
ucr,055_UCR_Anomaly_DISTORTEDapneaecg2_10000_20950_21100,DISTORTEDapneaecg2,,lof,default,,0.29758,0.10543,0.99886,0.40777,1.12,nan,17.0,28501,1,0.0053,ok
ucr,055_UCR_Anomaly_DISTORTEDapneaecg2_10000_20950_21100,DISTORTEDapneaecg2,,lof,tuned,"{'w': 50, 'k': 30}",0.85908,0.54857,0.99892,0.82438,3.27,2.93,0.0,28501,1,0.0053,ok
ucr,055_UCR_Anomaly_DISTORTEDapneaecg2_10000_20950_21100,DISTORTEDapneaecg2,,knn,default,,0.98464,0.74322,0.99888,0.95792,0.85,nan,17.0,28501,1,0.0053,ok
ucr,055_UCR_Anomaly_DISTORTEDapneaecg2_10000_20950_21100,DISTORTEDapneaecg2,,knn,tuned,"{'w': 100, 'k': 3}",0.98766,0.75651,0.99889,0.95792,1.99,1.97,0.0,28501,1,0.0053,ok
ucr,055_UCR_Anomaly_DISTORTEDapneaecg2_10000_20950_21100,DISTORTEDapneaecg2,,ae,default,,0.97022,0.72975,0.99883,0.94966,5.38,nan,33.5,28501,1,0.0053,ok
ucr,055_UCR_Anomaly_DISTORTEDapneaecg2_10000_20950_21100,DISTORTEDapneaecg2,,ae,tuned,"{'w': 100, 'hidden': 64, 'latent': 8}",0.97444,0.74048,0.99896,0.94966,5.72,21.4,0.0,28501,1,0.0053,ok
ucr,057_UCR_Anomaly_DISTORTEDapneaecg4_6000_16000_16100,DISTORTEDapneaecg4,,iforest,default,,0.00158,0.00415,0.68677,0.0,2.63,nan,17.0,32269,1,0.00313,ok
ucr,057_UCR_Anomaly_DISTORTEDapneaecg4_6000_16000_16100,DISTORTEDapneaecg4,,iforest,tuned,"{'w': 400, 'n_estimators': 100}",0.00158,0.00365,0.62641,0.0,5.86,6.76,0.0,32269,1,0.00313,ok
ucr,057_UCR_Anomaly_DISTORTEDapneaecg4_6000_16000_16100,DISTORTEDapneaecg4,,lof,default,,0.0016,0.00406,0.65769,0.0,0.92,nan,17.0,32269,1,0.00313,ok
ucr,057_UCR_Anomaly_DISTORTEDapneaecg4_6000_16000_16100,DISTORTEDapneaecg4,,lof,tuned,"{'w': 50, 'k': 30}",0.0104,0.01416,0.60713,0.02645,2.41,1.91,0.0,32269,1,0.00313,ok
ucr,057_UCR_Anomaly_DISTORTEDapneaecg4_6000_16000_16100,DISTORTEDapneaecg4,,knn,default,,0.00438,0.00564,0.63373,0.00503,0.61,nan,17.0,32269,1,0.00313,ok
ucr,057_UCR_Anomaly_DISTORTEDapneaecg4_6000_16000_16100,DISTORTEDapneaecg4,,knn,tuned,"{'w': 50, 'k': 3}",0.00245,0.00416,0.59947,0.00083,2.21,1.42,0.0,32269,1,0.00313,ok
ucr,057_UCR_Anomaly_DISTORTEDapneaecg4_6000_16000_16100,DISTORTEDapneaecg4,,ae,default,,0.00158,0.00407,0.64717,0.0,3.66,nan,34.9,32269,1,0.00313,ok
ucr,057_UCR_Anomaly_DISTORTEDapneaecg4_6000_16000_16100,DISTORTEDapneaecg4,,ae,tuned,"{'w': 50, 'hidden': 64, 'latent': 8}",0.00162,0.00281,0.64917,0.0,7.15,14.12,0.0,32269,1,0.00313,ok
ucr,059_UCR_Anomaly_DISTORTEDgait1_20000_38500_38800,DISTORTEDgait1,,iforest,default,,0.00747,0.01117,0.64417,0.01086,3.52,nan,17.0,45000,1,0.00669,ok
ucr,059_UCR_Anomaly_DISTORTEDgait1_20000_38500_38800,DISTORTEDgait1,,iforest,tuned,"{'w': 400, 'n_estimators': 100}",0.02292,0.02809,0.6245,0.07258,8.16,9.51,0.0,45000,1,0.00669,ok
ucr,059_UCR_Anomaly_DISTORTEDgait1_20000_38500_38800,DISTORTEDgait1,,lof,default,,0.06839,0.05916,0.72511,0.15866,2.0,nan,17.0,45000,1,0.00669,ok
ucr,059_UCR_Anomaly_DISTORTEDgait1_20000_38500_38800,DISTORTEDgait1,,lof,tuned,"{'w': 200, 'k': 10}",0.51545,0.28687,0.9983,0.59388,2.55,5.21,0.0,45000,1,0.00669,ok
ucr,059_UCR_Anomaly_DISTORTEDgait1_20000_38500_38800,DISTORTEDgait1,,knn,default,,0.18139,0.08159,0.99824,0.36607,1.48,nan,17.0,45000,1,0.00669,ok
ucr,059_UCR_Anomaly_DISTORTEDgait1_20000_38500_38800,DISTORTEDgait1,,knn,tuned,"{'w': 200, 'k': 1}",0.46696,0.30072,0.99809,0.53607,2.87,3.3,0.0,45000,1,0.00669,ok
ucr,059_UCR_Anomaly_DISTORTEDgait1_20000_38500_38800,DISTORTEDgait1,,ae,default,,0.00902,0.01193,0.65733,0.01047,9.49,nan,42.5,45000,1,0.00669,ok
ucr,059_UCR_Anomaly_DISTORTEDgait1_20000_38500_38800,DISTORTEDgait1,,ae,tuned,"{'w': 200, 'hidden': 32, 'latent': 16}",0.08177,0.14029,0.99168,0.18197,9.43,41.4,0.0,45000,1,0.00669,ok
ucr,061_UCR_Anomaly_DISTORTEDgait3_24500_59900_60500,DISTORTEDgait3,,iforest,default,,0.01944,0.04337,0.73521,0.02853,3.28,nan,17.0,40500,1,0.01484,ok
ucr,061_UCR_Anomaly_DISTORTEDgait3_24500_59900_60500,DISTORTEDgait3,,iforest,tuned,"{'w': 400, 'n_estimators': 200}",0.03739,0.04876,0.85498,0.08661,8.7,10.46,0.0,40500,1,0.01484,ok
ucr,061_UCR_Anomaly_DISTORTEDgait3_24500_59900_60500,DISTORTEDgait3,,lof,default,,0.01774,0.02675,0.83626,0.02556,2.11,nan,17.0,40500,1,0.01484,ok
ucr,061_UCR_Anomaly_DISTORTEDgait3_24500_59900_60500,DISTORTEDgait3,,lof,tuned,"{'w': 200, 'k': 10}",0.01655,0.01928,0.846,0.02024,2.75,6.73,0.0,40500,1,0.01484,ok
ucr,061_UCR_Anomaly_DISTORTEDgait3_24500_59900_60500,DISTORTEDgait3,,knn,default,,0.01598,0.02189,0.73005,0.0179,1.69,nan,17.0,40500,1,0.01484,ok
ucr,061_UCR_Anomaly_DISTORTEDgait3_24500_59900_60500,DISTORTEDgait3,,knn,tuned,"{'w': 100, 'k': 3}",0.01569,0.02143,0.73381,0.01702,2.9,4.53,0.0,40500,1,0.01484,ok
ucr,061_UCR_Anomaly_DISTORTEDgait3_24500_59900_60500,DISTORTEDgait3,,ae,default,,0.0364,0.03563,0.80969,0.09731,10.08,nan,40.3,40500,1,0.01484,ok
ucr,061_UCR_Anomaly_DISTORTEDgait3_24500_59900_60500,DISTORTEDgait3,,ae,tuned,"{'w': 200, 'hidden': 32, 'latent': 16}",0.03451,0.03501,0.84619,0.06065,9.65,49.13,0.0,40500,1,0.01484,ok
ucr,063_UCR_Anomaly_DISTORTEDgaitHunt2_18500_31200_31850,DISTORTEDgaitHunt2,,iforest,default,,0.02079,0.02203,0.82935,0.03687,3.56,nan,17.0,45500,1,0.01431,ok
ucr,063_UCR_Anomaly_DISTORTEDgaitHunt2_18500_31200_31850,DISTORTEDgaitHunt2,,iforest,tuned,"{'w': 100, 'n_estimators': 100}",0.02176,0.02304,0.82922,0.04111,3.98,9.78,0.0,45500,1,0.01431,ok
ucr,063_UCR_Anomaly_DISTORTEDgaitHunt2_18500_31200_31850,DISTORTEDgaitHunt2,,lof,default,,0.27805,0.25172,0.99353,0.51152,1.87,nan,17.0,45500,1,0.01431,ok
ucr,063_UCR_Anomaly_DISTORTEDgaitHunt2_18500_31200_31850,DISTORTEDgaitHunt2,,lof,tuned,"{'w': 200, 'k': 10}",0.22029,0.24076,0.84006,0.43443,2.54,4.68,0.0,45500,1,0.01431,ok
ucr,063_UCR_Anomaly_DISTORTEDgaitHunt2_18500_31200_31850,DISTORTEDgaitHunt2,,knn,default,,0.36622,0.31184,0.99365,0.6099,1.44,nan,17.0,45500,1,0.01431,ok
ucr,063_UCR_Anomaly_DISTORTEDgaitHunt2_18500_31200_31850,DISTORTEDgaitHunt2,,knn,tuned,"{'w': 100, 'k': 5}",0.36622,0.31184,0.99365,0.6099,2.91,3.1,0.0,45500,1,0.01431,ok
ucr,063_UCR_Anomaly_DISTORTEDgaitHunt2_18500_31200_31850,DISTORTEDgaitHunt2,,ae,default,,0.23386,0.2257,0.85154,0.40684,8.7,nan,42.4,45500,1,0.01431,ok
ucr,063_UCR_Anomaly_DISTORTEDgaitHunt2_18500_31200_31850,DISTORTEDgaitHunt2,,ae,tuned,"{'w': 200, 'hidden': 32, 'latent': 16}",0.03472,0.0423,0.78885,0.08052,11.21,41.13,0.0,45500,1,0.01431,ok
ucr,065_UCR_Anomaly_DISTORTEDinsectEPG1_3000_7000_7030,DISTORTEDinsectEPG1,,iforest,default,,0.00794,0.01159,0.85992,0.01734,1.55,nan,17.0,7001,1,0.00443,ok
ucr,065_UCR_Anomaly_DISTORTEDinsectEPG1_3000_7000_7030,DISTORTEDinsectEPG1,,iforest,tuned,"{'w': 50, 'n_estimators': 200}",0.01983,0.023,0.83871,0.05895,2.22,8.61,0.0,7001,1,0.00443,ok
ucr,065_UCR_Anomaly_DISTORTEDinsectEPG1_3000_7000_7030,DISTORTEDinsectEPG1,,lof,default,,0.00549,0.00834,0.79909,0.0,0.24,nan,17.0,7001,1,0.00443,ok
ucr,065_UCR_Anomaly_DISTORTEDinsectEPG1_3000_7000_7030,DISTORTEDinsectEPG1,,lof,tuned,"{'w': 50, 'k': 30}",0.03173,0.0349,0.78173,0.0867,0.72,1.67,0.0,7001,1,0.00443,ok
ucr,065_UCR_Anomaly_DISTORTEDinsectEPG1_3000_7000_7030,DISTORTEDinsectEPG1,,knn,default,,0.00945,0.01254,0.78815,0.0293,0.15,nan,17.0,7001,1,0.00443,ok
ucr,065_UCR_Anomaly_DISTORTEDinsectEPG1_3000_7000_7030,DISTORTEDinsectEPG1,,knn,tuned,"{'w': 50, 'k': 5}",0.05982,0.06578,0.78929,0.15026,1.04,1.34,0.0,7001,1,0.00443,ok
ucr,065_UCR_Anomaly_DISTORTEDinsectEPG1_3000_7000_7030,DISTORTEDinsectEPG1,,ae,default,,0.00404,0.00597,0.75673,0.0,2.49,nan,24.3,7001,1,0.00443,ok
ucr,065_UCR_Anomaly_DISTORTEDinsectEPG1_3000_7000_7030,DISTORTEDinsectEPG1,,ae,tuned,"{'w': 50, 'hidden': 64, 'latent': 8}",0.01447,0.01735,0.76872,0.0436,3.33,8.15,0.0,7001,1,0.00443,ok
ucr,067_UCR_Anomaly_DISTORTEDinsectEPG3_5200_7000_7050,DISTORTEDinsectEPG3,,iforest,default,,0.02516,0.03607,0.74689,0.07102,1.52,nan,17.0,4798,1,0.01063,ok
ucr,067_UCR_Anomaly_DISTORTEDinsectEPG3_5200_7000_7050,DISTORTEDinsectEPG3,,iforest,tuned,"{'w': 50, 'n_estimators': 100}",0.04666,0.04955,0.74846,0.1217,0.98,7.38,0.0,4798,1,0.01063,ok
ucr,067_UCR_Anomaly_DISTORTEDinsectEPG3_5200_7000_7050,DISTORTEDinsectEPG3,,lof,default,,0.00951,0.01392,0.73302,0.0,0.21,nan,17.0,4798,1,0.01063,ok
ucr,067_UCR_Anomaly_DISTORTEDinsectEPG3_5200_7000_7050,DISTORTEDinsectEPG3,,lof,tuned,"{'w': 50, 'k': 50}",0.04332,0.04514,0.71464,0.11353,0.6,2.06,0.0,4798,1,0.01063,ok
ucr,067_UCR_Anomaly_DISTORTEDinsectEPG3_5200_7000_7050,DISTORTEDinsectEPG3,,knn,default,,0.02413,0.03168,0.71576,0.08063,0.11,nan,17.0,4798,1,0.01063,ok
ucr,067_UCR_Anomaly_DISTORTEDinsectEPG3_5200_7000_7050,DISTORTEDinsectEPG3,,knn,tuned,"{'w': 50, 'k': 5}",0.08016,0.07991,0.7441,0.18963,0.44,1.37,0.0,4798,1,0.01063,ok
ucr,067_UCR_Anomaly_DISTORTEDinsectEPG3_5200_7000_7050,DISTORTEDinsectEPG3,,ae,default,,0.01064,0.01613,0.71915,0.0,1.9,nan,24.0,4798,1,0.01063,ok
ucr,067_UCR_Anomaly_DISTORTEDinsectEPG3_5200_7000_7050,DISTORTEDinsectEPG3,,ae,tuned,"{'w': 50, 'hidden': 32, 'latent': 16}",0.0228,0.02916,0.71423,0.05716,4.56,11.72,0.0,4798,1,0.01063,ok
ucr,069_UCR_Anomaly_DISTORTEDinsectEPG5_3200_8500_8501,DISTORTEDinsectEPG5,,iforest,default,,0.04792,0.09698,0.99561,0.1,1.38,nan,17.0,6828,1,0.00029,ok
ucr,069_UCR_Anomaly_DISTORTEDinsectEPG5_3200_8500_8501,DISTORTEDinsectEPG5,,iforest,tuned,"{'w': 50, 'n_estimators': 200}",0.01877,0.03511,0.99561,0.0367,1.66,5.77,0.0,6828,1,0.00029,ok
ucr,069_UCR_Anomaly_DISTORTEDinsectEPG5_3200_8500_8501,DISTORTEDinsectEPG5,,lof,default,,0.06667,0.1045,0.99726,0.1,0.21,nan,17.0,6828,1,0.00029,ok
ucr,069_UCR_Anomaly_DISTORTEDinsectEPG5_3200_8500_8501,DISTORTEDinsectEPG5,,lof,tuned,"{'w': 100, 'k': 50}",0.06667,0.1045,0.99726,0.1,0.47,1.52,0.0,6828,1,0.00029,ok
ucr,069_UCR_Anomaly_DISTORTEDinsectEPG5_3200_8500_8501,DISTORTEDinsectEPG5,,knn,default,,0.06667,0.1045,0.99726,0.1,0.23,nan,17.0,6828,1,0.00029,ok
ucr,069_UCR_Anomaly_DISTORTEDinsectEPG5_3200_8500_8501,DISTORTEDinsectEPG5,,knn,tuned,"{'w': 50, 'k': 3}",0.04643,0.09698,0.99712,0.1,0.44,1.15,0.0,6828,1,0.00029,ok
ucr,069_UCR_Anomaly_DISTORTEDinsectEPG5_3200_8500_8501,DISTORTEDinsectEPG5,,ae,default,,0.053,0.11262,0.99733,0.1,1.5,nan,24.3,6828,1,0.00029,ok
ucr,069_UCR_Anomaly_DISTORTEDinsectEPG5_3200_8500_8501,DISTORTEDinsectEPG5,,ae,tuned,"{'w': 50, 'hidden': 64, 'latent': 8}",0.04697,0.09698,0.99712,0.1,3.09,7.66,0.0,6828,1,0.00029,ok
ucr,071_UCR_Anomaly_DISTORTEDltstdbs30791AS_23000_52600_52800,DISTORTEDltstdbs30791AS,,iforest,default,,0.75658,0.47379,0.99867,0.7759,2.68,nan,17.0,32000,1,0.00628,ok
ucr,071_UCR_Anomaly_DISTORTEDltstdbs30791AS_23000_52600_52800,DISTORTEDltstdbs30791AS,,iforest,tuned,"{'w': 100, 'n_estimators': 100}",0.74775,0.46952,0.99866,0.7605,3.04,10.24,0.0,32000,1,0.00628,ok
ucr,071_UCR_Anomaly_DISTORTEDltstdbs30791AS_23000_52600_52800,DISTORTEDltstdbs30791AS,,lof,default,,0.89877,0.70475,0.9981,0.873,1.62,nan,17.0,32000,1,0.00628,ok
ucr,071_UCR_Anomaly_DISTORTEDltstdbs30791AS_23000_52600_52800,DISTORTEDltstdbs30791AS,,lof,tuned,"{'w': 200, 'k': 10}",0.93526,0.85986,0.99867,0.8936,1.89,5.68,0.0,32000,1,0.00628,ok
ucr,071_UCR_Anomaly_DISTORTEDltstdbs30791AS_23000_52600_52800,DISTORTEDltstdbs30791AS,,knn,default,,0.89246,0.69461,0.99813,0.87986,1.08,nan,17.0,32000,1,0.00628,ok
ucr,071_UCR_Anomaly_DISTORTEDltstdbs30791AS_23000_52600_52800,DISTORTEDltstdbs30791AS,,knn,tuned,"{'w': 100, 'k': 3}",0.89362,0.69834,0.99813,0.87986,2.24,3.73,0.0,32000,1,0.00628,ok
ucr,071_UCR_Anomaly_DISTORTEDltstdbs30791AS_23000_52600_52800,DISTORTEDltstdbs30791AS,,ae,default,,0.81166,0.65037,0.99802,0.84986,8.8,nan,36.2,32000,1,0.00628,ok
ucr,071_UCR_Anomaly_DISTORTEDltstdbs30791AS_23000_52600_52800,DISTORTEDltstdbs30791AS,,ae,tuned,"{'w': 100, 'hidden': 32, 'latent': 8}",0.84487,0.67157,0.9981,0.86148,9.89,48.01,0.0,32000,1,0.00628,ok
ucr,073_UCR_Anomaly_DISTORTEDpark3m_60000_72150_72495,DISTORTEDpark3m,,iforest,default,,0.11911,0.12619,0.67787,0.2705,2.86,nan,17.0,30000,1,0.01153,ok
ucr,073_UCR_Anomaly_DISTORTEDpark3m_60000_72150_72495,DISTORTEDpark3m,,iforest,tuned,"{'w': 400, 'n_estimators': 200}",0.45708,0.48292,0.92668,0.71638,6.61,18.5,0.0,30000,1,0.01153,ok
ucr,073_UCR_Anomaly_DISTORTEDpark3m_60000_72150_72495,DISTORTEDpark3m,,lof,default,,0.47391,0.35203,0.99609,0.59359,3.63,nan,17.0,30000,1,0.01153,ok
ucr,073_UCR_Anomaly_DISTORTEDpark3m_60000_72150_72495,DISTORTEDpark3m,,lof,tuned,"{'w': 100, 'k': 50}",0.47391,0.35203,0.99609,0.59359,7.32,26.5,0.0,30000,1,0.01153,ok
ucr,073_UCR_Anomaly_DISTORTEDpark3m_60000_72150_72495,DISTORTEDpark3m,,knn,default,,0.50067,0.37513,0.99604,0.63896,3.3,nan,17.0,30000,1,0.01153,ok
ucr,073_UCR_Anomaly_DISTORTEDpark3m_60000_72150_72495,DISTORTEDpark3m,,knn,tuned,"{'w': 100, 'k': 3}",0.51993,0.39545,0.99604,0.66308,4.34,16.19,0.0,30000,1,0.01153,ok
ucr,073_UCR_Anomaly_DISTORTEDpark3m_60000_72150_72495,DISTORTEDpark3m,,ae,default,,0.05958,0.06,0.63616,0.1326,28.59,nan,38.7,30000,1,0.01153,ok
ucr,073_UCR_Anomaly_DISTORTEDpark3m_60000_72150_72495,DISTORTEDpark3m,,ae,tuned,"{'w': 100, 'hidden': 32, 'latent': 16}",0.04224,0.04011,0.6315,0.08052,21.09,149.72,0.0,30000,1,0.01153,ok
ucr,075_UCR_Anomaly_DISTORTEDqtdbSel100MLII_4000_13400_13800,DISTORTEDqtdbSel100MLII,,iforest,default,,0.0113,0.01651,0.6487,0.00435,2.8,nan,17.0,26000,1,0.01542,ok
ucr,075_UCR_Anomaly_DISTORTEDqtdbSel100MLII_4000_13400_13800,DISTORTEDqtdbSel100MLII,,iforest,tuned,"{'w': 50, 'n_estimators': 200}",0.0117,0.01702,0.66204,0.01148,2.94,6.03,0.0,26000,1,0.01542,ok
ucr,075_UCR_Anomaly_DISTORTEDqtdbSel100MLII_4000_13400_13800,DISTORTEDqtdbSel100MLII,,lof,default,,0.0145,0.01876,0.66668,0.01433,0.65,nan,17.0,26000,1,0.01542,ok
ucr,075_UCR_Anomaly_DISTORTEDqtdbSel100MLII_4000_13400_13800,DISTORTEDqtdbSel100MLII,,lof,tuned,"{'w': 50, 'k': 30}",0.01051,0.01389,0.66412,0.00122,1.86,1.81,0.0,26000,1,0.01542,ok
ucr,075_UCR_Anomaly_DISTORTEDqtdbSel100MLII_4000_13400_13800,DISTORTEDqtdbSel100MLII,,knn,default,,0.01296,0.01755,0.6489,0.0118,0.48,nan,17.0,26000,1,0.01542,ok
ucr,075_UCR_Anomaly_DISTORTEDqtdbSel100MLII_4000_13400_13800,DISTORTEDqtdbSel100MLII,,knn,tuned,"{'w': 50, 'k': 3}",0.01327,0.01859,0.67643,0.01423,1.7,1.34,0.0,26000,1,0.01542,ok
ucr,075_UCR_Anomaly_DISTORTEDqtdbSel100MLII_4000_13400_13800,DISTORTEDqtdbSel100MLII,,ae,default,,0.01201,0.01541,0.64376,0.00461,2.88,nan,32.0,26000,1,0.01542,ok
ucr,075_UCR_Anomaly_DISTORTEDqtdbSel100MLII_4000_13400_13800,DISTORTEDqtdbSel100MLII,,ae,tuned,"{'w': 50, 'hidden': 64, 'latent': 8}",0.01428,0.0204,0.66324,0.01635,4.78,10.03,0.0,26000,1,0.01542,ok
ucr,077_UCR_Anomaly_DISTORTEDresperation11_58000_110800_110801,DISTORTEDresperation11,,iforest,default,,0.00014,0.0003,0.74958,0.00036,8.68,nan,17.0,137000,1,1e-05,ok
ucr,077_UCR_Anomaly_DISTORTEDresperation11_58000_110800_110801,DISTORTEDresperation11,,iforest,tuned,"{'w': 100, 'n_estimators': 200}",0.00014,0.0003,0.74958,0.00036,12.64,18.16,0.0,137000,1,1e-05,ok
ucr,077_UCR_Anomaly_DISTORTEDresperation11_58000_110800_110801,DISTORTEDresperation11,,lof,default,,0.00565,0.0058,0.90639,0.00525,10.9,nan,17.0,137000,1,1e-05,ok
ucr,077_UCR_Anomaly_DISTORTEDresperation11_58000_110800_110801,DISTORTEDresperation11,,lof,tuned,"{'w': 100, 'k': 30}",0.01786,0.0058,0.89765,0.00525,14.56,14.9,0.0,137000,1,1e-05,ok
ucr,077_UCR_Anomaly_DISTORTEDresperation11_58000_110800_110801,DISTORTEDresperation11,,knn,default,,0.5,0.10184,0.97943,0.05556,8.9,nan,17.0,137000,1,1e-05,ok
ucr,077_UCR_Anomaly_DISTORTEDresperation11_58000_110800_110801,DISTORTEDresperation11,,knn,tuned,"{'w': 200, 'k': 1}",0.00088,0.00123,0.82154,0.00141,8.46,9.89,0.0,137000,1,1e-05,ok
ucr,077_UCR_Anomaly_DISTORTEDresperation11_58000_110800_110801,DISTORTEDresperation11,,ae,default,,0.5,0.08774,0.99987,0.05634,25.84,nan,80.9,137000,1,1e-05,ok
ucr,077_UCR_Anomaly_DISTORTEDresperation11_58000_110800_110801,DISTORTEDresperation11,,ae,tuned,"{'w': 100, 'hidden': 32, 'latent': 8}",0.5,0.08774,0.99987,0.05634,29.5,118.69,0.0,137000,1,1e-05,ok
ucr,079_UCR_Anomaly_DISTORTEDresperation2_30000_168250_168250,DISTORTEDresperation2,,iforest,default,,1e-05,2e-05,0.64747,0.0,9.62,nan,17.0,170051,1,1e-05,ok
ucr,079_UCR_Anomaly_DISTORTEDresperation2_30000_168250_168250,DISTORTEDresperation2,,iforest,tuned,"{'w': 400, 'n_estimators': 200}",1e-05,2e-05,0.56275,0.0,38.3,11.59,0.0,170051,1,1e-05,ok
ucr,079_UCR_Anomaly_DISTORTEDresperation2_30000_168250_168250,DISTORTEDresperation2,,lof,default,,4e-05,0.0001,0.57235,8e-05,10.57,nan,17.0,170051,1,1e-05,ok
ucr,079_UCR_Anomaly_DISTORTEDresperation2_30000_168250_168250,DISTORTEDresperation2,,lof,tuned,"{'w': 100, 'k': 10}",3e-05,7e-05,0.57758,7e-05,19.14,6.28,0.0,170051,1,1e-05,ok
ucr,079_UCR_Anomaly_DISTORTEDresperation2_30000_168250_168250,DISTORTEDresperation2,,knn,default,,1e-05,2e-05,0.60311,0.0,10.82,nan,17.0,170051,1,1e-05,ok
ucr,079_UCR_Anomaly_DISTORTEDresperation2_30000_168250_168250,DISTORTEDresperation2,,knn,tuned,"{'w': 100, 'k': 1}",1e-05,2e-05,0.59871,0.0,14.67,4.07,0.0,170051,1,1e-05,ok
ucr,079_UCR_Anomaly_DISTORTEDresperation2_30000_168250_168250,DISTORTEDresperation2,,ae,default,,1e-05,2e-05,0.62605,0.0,22.94,nan,91.7,170051,1,1e-05,ok
ucr,079_UCR_Anomaly_DISTORTEDresperation2_30000_168250_168250,DISTORTEDresperation2,,ae,tuned,"{'w': 100, 'hidden': 32, 'latent': 8}",1e-05,2e-05,0.61179,0.0,24.97,46.11,0.0,170051,1,1e-05,ok
ucr,081_UCR_Anomaly_DISTORTEDresperation3_45000_158250_158251,DISTORTEDresperation3,,iforest,default,,1e-05,3e-05,0.66341,0.0,9.82,nan,17.0,145100,1,1e-05,ok
ucr,081_UCR_Anomaly_DISTORTEDresperation3_45000_158250_158251,DISTORTEDresperation3,,iforest,tuned,"{'w': 400, 'n_estimators': 100}",1e-05,3e-05,0.64527,0.0,26.04,16.59,0.0,145100,1,1e-05,ok
ucr,081_UCR_Anomaly_DISTORTEDresperation3_45000_158250_158251,DISTORTEDresperation3,,lof,default,,2e-05,2e-05,0.61973,0.0,8.97,nan,17.0,145100,1,1e-05,ok
ucr,081_UCR_Anomaly_DISTORTEDresperation3_45000_158250_158251,DISTORTEDresperation3,,lof,tuned,"{'w': 50, 'k': 10}",1e-05,2e-05,0.64382,0.0,27.42,9.89,0.0,145100,1,1e-05,ok
ucr,081_UCR_Anomaly_DISTORTEDresperation3_45000_158250_158251,DISTORTEDresperation3,,knn,default,,1e-05,2e-05,0.62976,0.0,7.76,nan,17.0,145100,1,1e-05,ok
ucr,081_UCR_Anomaly_DISTORTEDresperation3_45000_158250_158251,DISTORTEDresperation3,,knn,tuned,"{'w': 100, 'k': 1}",1e-05,2e-05,0.63111,0.0,11.87,6.97,0.0,145100,1,1e-05,ok
ucr,081_UCR_Anomaly_DISTORTEDresperation3_45000_158250_158251,DISTORTEDresperation3,,ae,default,,1e-05,2e-05,0.64082,0.0,23.44,nan,83.9,145100,1,1e-05,ok
ucr,081_UCR_Anomaly_DISTORTEDresperation3_45000_158250_158251,DISTORTEDresperation3,,ae,tuned,"{'w': 50, 'hidden': 32, 'latent': 8}",1e-05,2e-05,0.66276,0.0,47.52,88.66,0.0,145100,1,1e-05,ok
ucr,083_UCR_Anomaly_DISTORTEDresperation9_38000_143411_143511,DISTORTEDresperation9,,iforest,default,,0.00141,0.0021,0.65953,0.00285,10.26,nan,17.0,157000,1,0.00064,ok
ucr,083_UCR_Anomaly_DISTORTEDresperation9_38000_143411_143511,DISTORTEDresperation9,,iforest,tuned,"{'w': 400, 'n_estimators': 200}",0.0007,0.00104,0.69238,0.0,32.34,14.96,0.0,157000,1,0.00064,ok
ucr,083_UCR_Anomaly_DISTORTEDresperation9_38000_143411_143511,DISTORTEDresperation9,,lof,default,,0.14424,0.09803,0.62113,0.19462,8.4,nan,17.0,157000,1,0.00064,ok
ucr,083_UCR_Anomaly_DISTORTEDresperation9_38000_143411_143511,DISTORTEDresperation9,,lof,tuned,"{'w': 100, 'k': 30}",0.21286,0.11546,0.62705,0.20576,15.98,9.02,0.0,157000,1,0.00064,ok
ucr,083_UCR_Anomaly_DISTORTEDresperation9_38000_143411_143511,DISTORTEDresperation9,,knn,default,,0.16612,0.10334,0.63827,0.20761,7.98,nan,17.0,157000,1,0.00064,ok
ucr,083_UCR_Anomaly_DISTORTEDresperation9_38000_143411_143511,DISTORTEDresperation9,,knn,tuned,"{'w': 200, 'k': 5}",0.00999,0.0119,0.62864,0.02788,10.3,6.05,0.0,157000,1,0.00064,ok
ucr,083_UCR_Anomaly_DISTORTEDresperation9_38000_143411_143511,DISTORTEDresperation9,,ae,default,,0.92323,0.14286,0.97384,0.77744,21.63,nan,88.2,157000,1,0.00064,ok
ucr,083_UCR_Anomaly_DISTORTEDresperation9_38000_143411_143511,DISTORTEDresperation9,,ae,tuned,"{'w': 100, 'hidden': 32, 'latent': 8}",0.9514,0.1343,0.99999,0.80195,29.65,67.2,0.0,157000,1,0.00064,ok
ucr,085_UCR_Anomaly_DISTORTEDs20101m_10000_35774_35874,DISTORTEDs20101m,,iforest,default,,0.00346,0.0044,0.58247,0.00301,2.79,nan,17.0,30000,1,0.00337,ok
ucr,085_UCR_Anomaly_DISTORTEDs20101m_10000_35774_35874,DISTORTEDs20101m,,iforest,tuned,"{'w': 100, 'n_estimators': 200}",0.00346,0.0044,0.58247,0.00301,3.87,8.13,0.0,30000,1,0.00337,ok
ucr,085_UCR_Anomaly_DISTORTEDs20101m_10000_35774_35874,DISTORTEDs20101m,,lof,default,,0.98519,0.6227,0.99939,0.8132,0.93,nan,17.0,30000,1,0.00337,ok
ucr,085_UCR_Anomaly_DISTORTEDs20101m_10000_35774_35874,DISTORTEDs20101m,,lof,tuned,"{'w': 100, 'k': 50}",0.98519,0.6227,0.99939,0.8132,2.06,2.81,0.0,30000,1,0.00337,ok
ucr,085_UCR_Anomaly_DISTORTEDs20101m_10000_35774_35874,DISTORTEDs20101m,,knn,default,,0.95004,0.60045,0.9994,0.79906,0.72,nan,17.0,30000,1,0.00337,ok
ucr,085_UCR_Anomaly_DISTORTEDs20101m_10000_35774_35874,DISTORTEDs20101m,,knn,tuned,"{'w': 100, 'k': 3}",0.94774,0.60762,0.9994,0.79906,1.82,2.03,0.0,30000,1,0.00337,ok
ucr,085_UCR_Anomaly_DISTORTEDs20101m_10000_35774_35874,DISTORTEDs20101m,,ae,default,,0.89959,0.43692,0.99937,0.78654,5.09,nan,34.7,30000,1,0.00337,ok
ucr,085_UCR_Anomaly_DISTORTEDs20101m_10000_35774_35874,DISTORTEDs20101m,,ae,tuned,"{'w': 100, 'hidden': 64, 'latent': 8}",0.90282,0.45116,0.99938,0.79023,6.16,22.71,0.0,30000,1,0.00337,ok
ucr,087_UCR_Anomaly_DISTORTEDsel840mECG1_17000_51370_51740,DISTORTEDsel840mECG1,,iforest,default,,0.041,0.04626,0.75031,0.10738,3.38,nan,17.0,43000,1,0.00863,ok
ucr,087_UCR_Anomaly_DISTORTEDsel840mECG1_17000_51370_51740,DISTORTEDsel840mECG1,,iforest,tuned,"{'w': 100, 'n_estimators': 200}",0.041,0.04626,0.75031,0.10738,5.41,9.37,0.0,43000,1,0.00863,ok
ucr,087_UCR_Anomaly_DISTORTEDsel840mECG1_17000_51370_51740,DISTORTEDsel840mECG1,,lof,default,,0.03178,0.03785,0.74003,0.07579,1.68,nan,17.0,43000,1,0.00863,ok
ucr,087_UCR_Anomaly_DISTORTEDsel840mECG1_17000_51370_51740,DISTORTEDsel840mECG1,,lof,tuned,"{'w': 100, 'k': 30}",0.04584,0.05149,0.74633,0.11383,3.09,4.44,0.0,43000,1,0.00863,ok
ucr,087_UCR_Anomaly_DISTORTEDsel840mECG1_17000_51370_51740,DISTORTEDsel840mECG1,,knn,default,,0.1555,0.10016,0.96937,0.31459,1.25,nan,17.0,43000,1,0.00863,ok
ucr,087_UCR_Anomaly_DISTORTEDsel840mECG1_17000_51370_51740,DISTORTEDsel840mECG1,,knn,tuned,"{'w': 100, 'k': 3}",0.18816,0.1087,0.99786,0.39924,2.87,3.01,0.0,43000,1,0.00863,ok
ucr,087_UCR_Anomaly_DISTORTEDsel840mECG1_17000_51370_51740,DISTORTEDsel840mECG1,,ae,default,,0.24587,0.11624,0.99786,0.40988,8.23,nan,40.1,43000,1,0.00863,ok
ucr,087_UCR_Anomaly_DISTORTEDsel840mECG1_17000_51370_51740,DISTORTEDsel840mECG1,,ae,tuned,"{'w': 100, 'hidden': 32, 'latent': 8}",0.18031,0.08631,0.99786,0.34941,10.93,38.5,0.0,43000,1,0.00863,ok
ucr,089_UCR_Anomaly_DISTORTEDtiltAPB1_100000_114283_114350,DISTORTEDtiltAPB1,,iforest,default,,0.07402,0.10112,0.65067,0.18323,3.35,nan,17.0,30001,1,0.00227,ok
ucr,089_UCR_Anomaly_DISTORTEDtiltAPB1_100000_114283_114350,DISTORTEDtiltAPB1,,iforest,tuned,"{'w': 400, 'n_estimators': 100}",0.01971,0.03103,0.55973,0.06631,5.89,30.95,0.0,30001,1,0.00227,ok
ucr,089_UCR_Anomaly_DISTORTEDtiltAPB1_100000_114283_114350,DISTORTEDtiltAPB1,,lof,default,,0.10269,0.10269,0.71216,0.19593,6.91,nan,17.0,30001,1,0.00227,ok
ucr,089_UCR_Anomaly_DISTORTEDtiltAPB1_100000_114283_114350,DISTORTEDtiltAPB1,,lof,tuned,"{'w': 200, 'k': 30}",0.39683,0.24491,0.86,0.50622,4.23,32.26,0.0,30001,1,0.00227,ok
ucr,089_UCR_Anomaly_DISTORTEDtiltAPB1_100000_114283_114350,DISTORTEDtiltAPB1,,knn,default,,0.67538,0.43305,0.99941,0.76638,3.03,nan,17.0,30001,1,0.00227,ok
ucr,089_UCR_Anomaly_DISTORTEDtiltAPB1_100000_114283_114350,DISTORTEDtiltAPB1,,knn,tuned,"{'w': 200, 'k': 3}",0.96302,0.47721,0.99963,0.78814,2.66,20.4,0.0,30001,1,0.00227,ok
ucr,089_UCR_Anomaly_DISTORTEDtiltAPB1_100000_114283_114350,DISTORTEDtiltAPB1,,ae,default,,0.22261,0.25588,0.99775,0.31698,34.55,nan,42.4,30001,1,0.00227,ok
ucr,089_UCR_Anomaly_DISTORTEDtiltAPB1_100000_114283_114350,DISTORTEDtiltAPB1,,ae,tuned,"{'w': 100, 'hidden': 64, 'latent': 16}",0.22261,0.25588,0.99775,0.31698,35.4,169.78,0.0,30001,1,0.00227,ok
ucr,091_UCR_Anomaly_DISTORTEDtiltAPB3_40000_114000_114370,DISTORTEDtiltAPB3,,iforest,default,,0.00228,0.00303,0.69335,0.0,6.21,nan,17.0,89489,1,0.00415,ok
ucr,091_UCR_Anomaly_DISTORTEDtiltAPB3_40000_114000_114370,DISTORTEDtiltAPB3,,iforest,tuned,"{'w': 200, 'n_estimators': 200}",0.00208,0.00377,0.72893,0.0,12.18,15.84,0.0,89489,1,0.00415,ok
ucr,091_UCR_Anomaly_DISTORTEDtiltAPB3_40000_114000_114370,DISTORTEDtiltAPB3,,lof,default,,0.00684,0.00783,0.83347,0.01342,5.79,nan,17.0,89489,1,0.00415,ok
ucr,091_UCR_Anomaly_DISTORTEDtiltAPB3_40000_114000_114370,DISTORTEDtiltAPB3,,lof,tuned,"{'w': 200, 'k': 30}",0.00688,0.00838,0.83548,0.01524,6.08,8.54,0.0,89489,1,0.00415,ok
ucr,091_UCR_Anomaly_DISTORTEDtiltAPB3_40000_114000_114370,DISTORTEDtiltAPB3,,knn,default,,0.0059,0.00715,0.8421,0.0072,4.31,nan,17.0,89489,1,0.00415,ok
ucr,091_UCR_Anomaly_DISTORTEDtiltAPB3_40000_114000_114370,DISTORTEDtiltAPB3,,knn,tuned,"{'w': 200, 'k': 3}",0.00767,0.0093,0.84487,0.0172,5.63,6.37,0.0,89489,1,0.00415,ok
ucr,091_UCR_Anomaly_DISTORTEDtiltAPB3_40000_114000_114370,DISTORTEDtiltAPB3,,ae,default,,0.00412,0.00551,0.85817,0.0,18.48,nan,61.3,89489,1,0.00415,ok
ucr,091_UCR_Anomaly_DISTORTEDtiltAPB3_40000_114000_114370,DISTORTEDtiltAPB3,,ae,tuned,"{'w': 100, 'hidden': 64, 'latent': 8}",0.00395,0.00529,0.85112,0.0,23.67,86.38,0.0,89489,1,0.00415,ok
ucr,093_UCR_Anomaly_NOISE1sddb40_35000_52000_52620,NOISE1sddb40,,iforest,default,,0.37081,0.25353,0.99787,0.54004,3.7,nan,17.0,44795,1,0.01386,ok
ucr,093_UCR_Anomaly_NOISE1sddb40_35000_52000_52620,NOISE1sddb40,,iforest,tuned,"{'w': 200, 'n_estimators': 100}",0.298,0.30208,0.75611,0.54398,5.46,11.99,0.0,44795,1,0.01386,ok
ucr,093_UCR_Anomaly_NOISE1sddb40_35000_52000_52620,NOISE1sddb40,,lof,default,,0.04277,0.04562,0.63938,0.11238,2.86,nan,17.0,44795,1,0.01386,ok
ucr,093_UCR_Anomaly_NOISE1sddb40_35000_52000_52620,NOISE1sddb40,,lof,tuned,"{'w': 200, 'k': 50}",0.04097,0.04382,0.629,0.12321,3.21,7.7,0.0,44795,1,0.01386,ok
ucr,093_UCR_Anomaly_NOISE1sddb40_35000_52000_52620,NOISE1sddb40,,knn,default,,0.45505,0.3584,0.99788,0.6212,2.01,nan,17.0,44795,1,0.01386,ok
ucr,093_UCR_Anomaly_NOISE1sddb40_35000_52000_52620,NOISE1sddb40,,knn,tuned,"{'w': 200, 'k': 5}",0.68137,0.56612,0.99678,0.74954,2.77,5.38,0.0,44795,1,0.01386,ok
ucr,093_UCR_Anomaly_NOISE1sddb40_35000_52000_52620,NOISE1sddb40,,ae,default,,0.03662,0.04346,0.64639,0.11505,14.19,nan,43.0,44795,1,0.01386,ok
ucr,093_UCR_Anomaly_NOISE1sddb40_35000_52000_52620,NOISE1sddb40,,ae,tuned,"{'w': 200, 'hidden': 32, 'latent': 8}",0.72588,0.62414,0.99929,0.77127,13.93,69.7,0.0,44795,1,0.01386,ok
ucr,095_UCR_Anomaly_NOISECIMIS44AirTemperature4_4000_5549_5597,NOISECIMIS44AirTemperature4,,iforest,default,,0.02685,0.03689,0.78219,0.07493,1.35,nan,17.0,4184,1,0.01171,ok
ucr,095_UCR_Anomaly_NOISECIMIS44AirTemperature4_4000_5549_5597,NOISECIMIS44AirTemperature4,,iforest,tuned,"{'w': 50, 'n_estimators': 200}",0.04739,0.05278,0.80827,0.12686,1.59,6.41,0.0,4184,1,0.01171,ok
ucr,095_UCR_Anomaly_NOISECIMIS44AirTemperature4_4000_5549_5597,NOISECIMIS44AirTemperature4,,lof,default,,0.03854,0.05264,0.8215,0.11518,0.19,nan,17.0,4184,1,0.01171,ok
ucr,095_UCR_Anomaly_NOISECIMIS44AirTemperature4_4000_5549_5597,NOISECIMIS44AirTemperature4,,lof,tuned,"{'w': 50, 'k': 50}",0.08749,0.09968,0.83228,0.22284,0.53,1.81,0.0,4184,1,0.01171,ok
ucr,095_UCR_Anomaly_NOISECIMIS44AirTemperature4_4000_5549_5597,NOISECIMIS44AirTemperature4,,knn,default,,0.05477,0.07574,0.83827,0.16926,0.09,nan,17.0,4184,1,0.01171,ok
ucr,095_UCR_Anomaly_NOISECIMIS44AirTemperature4_4000_5549_5597,NOISECIMIS44AirTemperature4,,knn,tuned,"{'w': 50, 'k': 5}",0.18338,0.18672,0.84811,0.37688,0.38,1.35,0.0,4184,1,0.01171,ok
ucr,095_UCR_Anomaly_NOISECIMIS44AirTemperature4_4000_5549_5597,NOISECIMIS44AirTemperature4,,ae,default,,0.78963,0.6497,0.99733,0.84293,1.75,nan,23.9,4184,1,0.01171,ok
ucr,095_UCR_Anomaly_NOISECIMIS44AirTemperature4_4000_5549_5597,NOISECIMIS44AirTemperature4,,ae,tuned,"{'w': 100, 'hidden': 32, 'latent': 8}",0.33965,0.33723,0.92385,0.58194,2.03,10.52,0.0,4184,1,0.01171,ok
ucr,097_UCR_Anomaly_NOISEGP711MarkerLFM5z3_5000_5948_5993,NOISEGP711MarkerLFM5z3,,iforest,default,,0.66471,0.57452,0.9981,0.74445,1.58,nan,17.0,7000,1,0.00657,ok
ucr,097_UCR_Anomaly_NOISEGP711MarkerLFM5z3_5000_5948_5993,NOISEGP711MarkerLFM5z3,,iforest,tuned,"{'w': 50, 'n_estimators': 200}",0.08553,0.10128,0.71065,0.23163,1.84,6.68,0.0,7000,1,0.00657,ok
ucr,097_UCR_Anomaly_NOISEGP711MarkerLFM5z3_5000_5948_5993,NOISEGP711MarkerLFM5z3,,lof,default,,0.94184,0.8815,0.9986,0.91221,0.26,nan,17.0,7000,1,0.00657,ok
ucr,097_UCR_Anomaly_NOISEGP711MarkerLFM5z3_5000_5948_5993,NOISEGP711MarkerLFM5z3,,lof,tuned,"{'w': 50, 'k': 30}",0.95164,0.88775,0.99885,0.91306,0.7,1.67,0.0,7000,1,0.00657,ok
ucr,097_UCR_Anomaly_NOISEGP711MarkerLFM5z3_5000_5948_5993,NOISEGP711MarkerLFM5z3,,knn,default,,0.98249,0.91465,0.99884,0.98077,0.14,nan,17.0,7000,1,0.00657,ok
ucr,097_UCR_Anomaly_NOISEGP711MarkerLFM5z3_5000_5948_5993,NOISEGP711MarkerLFM5z3,,knn,tuned,"{'w': 50, 'k': 3}",0.90779,0.86297,0.99869,0.89079,0.58,1.36,0.0,7000,1,0.00657,ok
ucr,097_UCR_Anomaly_NOISEGP711MarkerLFM5z3_5000_5948_5993,NOISEGP711MarkerLFM5z3,,ae,default,,0.92989,0.84234,0.99838,0.90785,2.07,nan,24.5,7000,1,0.00657,ok
ucr,097_UCR_Anomaly_NOISEGP711MarkerLFM5z3_5000_5948_5993,NOISEGP711MarkerLFM5z3,,ae,tuned,"{'w': 100, 'hidden': 64, 'latent': 8}",0.82621,0.78849,0.99843,0.84659,2.43,12.17,0.0,7000,1,0.00657,ok
ucr,099_UCR_Anomaly_NOISEInternalBleeding6_1500_3474_3629,NOISEInternalBleeding6,,iforest,default,,0.87897,0.68548,0.99906,0.97774,1.46,nan,17.0,6154,1,0.02535,ok
ucr,099_UCR_Anomaly_NOISEInternalBleeding6_1500_3474_3629,NOISEInternalBleeding6,,lof,default,,0.90508,0.77484,0.99913,0.97973,0.17,nan,17.0,6154,1,0.02535,ok
ucr,099_UCR_Anomaly_NOISEInternalBleeding6_1500_3474_3629,NOISEInternalBleeding6,,knn,default,,0.94379,0.83936,0.99925,1.0,0.11,nan,17.0,6154,1,0.02535,ok
ucr,099_UCR_Anomaly_NOISEInternalBleeding6_1500_3474_3629,NOISEInternalBleeding6,,ae,default,,0.91592,0.76189,0.99927,1.0,1.01,nan,23.8,6154,1,0.02535,ok
ucr,101_UCR_Anomaly_NOISELab2Cmac011215EPG4_6000_17390_17520,NOISELab2Cmac011215EPG4,,iforest,default,,0.00446,0.00609,0.77385,0.0,2.58,nan,17.0,24066,1,0.00544,ok
ucr,101_UCR_Anomaly_NOISELab2Cmac011215EPG4_6000_17390_17520,NOISELab2Cmac011215EPG4,,iforest,tuned,"{'w': 50, 'n_estimators': 100}",0.00603,0.00765,0.86242,0.0077,2.36,6.87,0.0,24066,1,0.00544,ok
ucr,101_UCR_Anomaly_NOISELab2Cmac011215EPG4_6000_17390_17520,NOISELab2Cmac011215EPG4,,lof,default,,0.02161,0.02785,0.77932,0.06355,0.69,nan,17.0,24066,1,0.00544,ok
ucr,101_UCR_Anomaly_NOISELab2Cmac011215EPG4_6000_17390_17520,NOISELab2Cmac011215EPG4,,lof,tuned,"{'w': 50, 'k': 30}",0.21028,0.26563,0.82684,0.44536,2.01,1.91,0.0,24066,1,0.00544,ok
ucr,101_UCR_Anomaly_NOISELab2Cmac011215EPG4_6000_17390_17520,NOISELab2Cmac011215EPG4,,knn,default,,0.13761,0.21027,0.77775,0.34016,0.5,nan,17.0,24066,1,0.00544,ok
ucr,101_UCR_Anomaly_NOISELab2Cmac011215EPG4_6000_17390_17520,NOISELab2Cmac011215EPG4,,knn,tuned,"{'w': 50, 'k': 3}",0.25102,0.31714,0.86925,0.47663,1.75,1.45,0.0,24066,1,0.00544,ok
ucr,101_UCR_Anomaly_NOISELab2Cmac011215EPG4_6000_17390_17520,NOISELab2Cmac011215EPG4,,ae,default,,0.01104,0.01418,0.77439,0.03297,3.57,nan,31.4,24066,1,0.00544,ok
ucr,101_UCR_Anomaly_NOISELab2Cmac011215EPG4_6000_17390_17520,NOISELab2Cmac011215EPG4,,ae,tuned,"{'w': 50, 'hidden': 64, 'latent': 8}",0.09221,0.11076,0.80716,0.21963,6.7,14.69,0.0,24066,1,0.00544,ok
ucr,103_UCR_Anomaly_NOISETkeepThirdMARS_3500_4711_4809,NOISETkeepThirdMARS,,iforest,default,,0.27249,0.339,0.99449,0.47911,1.55,nan,17.0,7808,1,0.01268,ok
ucr,103_UCR_Anomaly_NOISETkeepThirdMARS_3500_4711_4809,NOISETkeepThirdMARS,,iforest,tuned,"{'w': 100, 'n_estimators': 100}",0.26089,0.32752,0.99449,0.47911,1.31,6.26,0.0,7808,1,0.01268,ok
ucr,103_UCR_Anomaly_NOISETkeepThirdMARS_3500_4711_4809,NOISETkeepThirdMARS,,lof,default,,0.73139,0.83303,0.99685,0.84403,0.24,nan,17.0,7808,1,0.01268,ok
ucr,103_UCR_Anomaly_NOISETkeepThirdMARS_3500_4711_4809,NOISETkeepThirdMARS,,lof,tuned,"{'w': 100, 'k': 30}",0.88007,0.90533,0.99777,0.92889,0.62,1.94,0.0,7808,1,0.01268,ok
ucr,103_UCR_Anomaly_NOISETkeepThirdMARS_3500_4711_4809,NOISETkeepThirdMARS,,knn,default,,0.99598,0.94604,0.99984,1.0,0.15,nan,17.0,7808,1,0.01268,ok
ucr,103_UCR_Anomaly_NOISETkeepThirdMARS_3500_4711_4809,NOISETkeepThirdMARS,,knn,tuned,"{'w': 50, 'k': 5}",0.55413,0.73079,0.99566,0.7707,0.65,1.26,0.0,7808,1,0.01268,ok
ucr,103_UCR_Anomaly_NOISETkeepThirdMARS_3500_4711_4809,NOISETkeepThirdMARS,,ae,default,,0.63038,0.76738,0.99572,0.81897,1.66,nan,25.5,7808,1,0.01268,ok
ucr,103_UCR_Anomaly_NOISETkeepThirdMARS_3500_4711_4809,NOISETkeepThirdMARS,,ae,tuned,"{'w': 100, 'hidden': 32, 'latent': 8}",0.48086,0.57051,0.99413,0.69376,2.1,8.4,0.0,7808,1,0.01268,ok
ucr,105_UCR_Anomaly_NOISEgait3_24500_59900_60500,NOISEgait3,,iforest,default,,0.03686,0.05592,0.98808,0.15399,3.68,nan,17.0,40500,1,0.01484,ok
ucr,105_UCR_Anomaly_NOISEgait3_24500_59900_60500,NOISEgait3,,iforest,tuned,"{'w': 100, 'n_estimators': 200}",0.03686,0.05592,0.98808,0.15399,5.49,11.28,0.0,40500,1,0.01484,ok
ucr,105_UCR_Anomaly_NOISEgait3_24500_59900_60500,NOISEgait3,,lof,default,,0.03143,0.03926,0.78791,0.05397,2.06,nan,17.0,40500,1,0.01484,ok
ucr,105_UCR_Anomaly_NOISEgait3_24500_59900_60500,NOISEgait3,,lof,tuned,"{'w': 100, 'k': 30}",0.03141,0.03984,0.80572,0.05351,3.37,6.13,0.0,40500,1,0.01484,ok
ucr,105_UCR_Anomaly_NOISEgait3_24500_59900_60500,NOISEgait3,,knn,default,,0.03203,0.03862,0.74978,0.05847,1.46,nan,17.0,40500,1,0.01484,ok
ucr,105_UCR_Anomaly_NOISEgait3_24500_59900_60500,NOISEgait3,,knn,tuned,"{'w': 100, 'k': 3}",0.03288,0.03928,0.75008,0.05901,2.98,4.2,0.0,40500,1,0.01484,ok
ucr,105_UCR_Anomaly_NOISEgait3_24500_59900_60500,NOISEgait3,,ae,default,,0.02319,0.0251,0.75113,0.03652,10.99,nan,40.3,40500,1,0.01484,ok
ucr,105_UCR_Anomaly_NOISEgait3_24500_59900_60500,NOISEgait3,,ae,tuned,"{'w': 200, 'hidden': 32, 'latent': 16}",0.02554,0.02763,0.84619,0.03837,10.23,54.02,0.0,40500,1,0.01484,ok
ucr,107_UCR_Anomaly_NOISEinsectEPG3_5200_7000_7050,NOISEinsectEPG3,,iforest,default,,0.01507,0.02061,0.78775,0.0,1.53,nan,17.0,4798,1,0.01063,ok
ucr,107_UCR_Anomaly_NOISEinsectEPG3_5200_7000_7050,NOISEinsectEPG3,,iforest,tuned,"{'w': 50, 'n_estimators': 100}",0.03578,0.03615,0.79665,0.08903,1.05,6.71,0.0,4798,1,0.01063,ok
ucr,107_UCR_Anomaly_NOISEinsectEPG3_5200_7000_7050,NOISEinsectEPG3,,lof,default,,0.00726,0.01091,0.70514,0.0,0.22,nan,17.0,4798,1,0.01063,ok
ucr,107_UCR_Anomaly_NOISEinsectEPG3_5200_7000_7050,NOISEinsectEPG3,,lof,tuned,"{'w': 50, 'k': 30}",0.01598,0.01836,0.71228,0.01717,0.58,1.84,0.0,4798,1,0.01063,ok
ucr,107_UCR_Anomaly_NOISEinsectEPG3_5200_7000_7050,NOISEinsectEPG3,,knn,default,,0.00869,0.01203,0.71134,0.0,0.11,nan,17.0,4798,1,0.01063,ok
ucr,107_UCR_Anomaly_NOISEinsectEPG3_5200_7000_7050,NOISEinsectEPG3,,knn,tuned,"{'w': 50, 'k': 5}",0.02068,0.02303,0.73064,0.05964,0.45,1.48,0.0,4798,1,0.01063,ok
ucr,107_UCR_Anomaly_NOISEinsectEPG3_5200_7000_7050,NOISEinsectEPG3,,ae,default,,0.00558,0.0091,0.6872,0.0,2.01,nan,24.0,4798,1,0.01063,ok
ucr,107_UCR_Anomaly_NOISEinsectEPG3_5200_7000_7050,NOISEinsectEPG3,,ae,tuned,"{'w': 50, 'hidden': 32, 'latent': 16}",0.00856,0.0111,0.68812,0.0,4.84,12.5,0.0,4798,1,0.01063,ok
ucr,109_UCR_Anomaly_1sddb40_35000_52000_52620,1sddb40,,iforest,default,,0.36646,0.25187,0.99787,0.53632,3.84,nan,17.0,44795,1,0.01386,ok
ucr,109_UCR_Anomaly_1sddb40_35000_52000_52620,1sddb40,,iforest,tuned,"{'w': 200, 'n_estimators': 100}",0.30804,0.3084,0.7575,0.55058,5.51,11.94,0.0,44795,1,0.01386,ok
ucr,109_UCR_Anomaly_1sddb40_35000_52000_52620,1sddb40,,lof,default,,0.03998,0.04241,0.63766,0.10594,2.97,nan,17.0,44795,1,0.01386,ok
ucr,109_UCR_Anomaly_1sddb40_35000_52000_52620,1sddb40,,lof,tuned,"{'w': 200, 'k': 50}",0.0383,0.04141,0.6281,0.11664,3.89,7.81,0.0,44795,1,0.01386,ok
ucr,109_UCR_Anomaly_1sddb40_35000_52000_52620,1sddb40,,knn,default,,0.44904,0.35345,0.99787,0.62054,2.02,nan,17.0,44795,1,0.01386,ok
ucr,109_UCR_Anomaly_1sddb40_35000_52000_52620,1sddb40,,knn,tuned,"{'w': 200, 'k': 5}",0.67578,0.55816,0.99678,0.74954,2.78,5.39,0.0,44795,1,0.01386,ok
ucr,109_UCR_Anomaly_1sddb40_35000_52000_52620,1sddb40,,ae,default,,0.03716,0.04295,0.64642,0.11723,14.03,nan,43.0,44795,1,0.01386,ok
ucr,109_UCR_Anomaly_1sddb40_35000_52000_52620,1sddb40,,ae,tuned,"{'w': 200, 'hidden': 32, 'latent': 8}",0.72336,0.61842,0.9993,0.77028,12.77,68.71,0.0,44795,1,0.01386,ok
ucr,111_UCR_Anomaly_3sddb40_35000_46600_46900,3sddb40,,iforest,default,,0.01171,0.01472,0.62667,0.01812,3.62,nan,17.0,45000,1,0.00669,ok
ucr,111_UCR_Anomaly_3sddb40_35000_46600_46900,3sddb40,,iforest,tuned,"{'w': 200, 'n_estimators': 100}",0.01866,0.02336,0.6111,0.05711,5.52,11.98,0.0,45000,1,0.00669,ok
ucr,111_UCR_Anomaly_3sddb40_35000_46600_46900,3sddb40,,lof,default,,0.02864,0.02963,0.63055,0.07863,2.96,nan,17.0,45000,1,0.00669,ok
ucr,111_UCR_Anomaly_3sddb40_35000_46600_46900,3sddb40,,lof,tuned,"{'w': 200, 'k': 50}",0.01246,0.01621,0.61706,0.04055,3.2,7.89,0.0,45000,1,0.00669,ok
ucr,111_UCR_Anomaly_3sddb40_35000_46600_46900,3sddb40,,knn,default,,0.03019,0.03321,0.60585,0.08839,2.0,nan,17.0,45000,1,0.00669,ok
ucr,111_UCR_Anomaly_3sddb40_35000_46600_46900,3sddb40,,knn,tuned,"{'w': 200, 'k': 5}",0.01637,0.0197,0.61503,0.05301,2.78,5.36,0.0,45000,1,0.00669,ok
ucr,111_UCR_Anomaly_3sddb40_35000_46600_46900,3sddb40,,ae,default,,0.0314,0.04044,0.65174,0.10395,14.28,nan,43.0,45000,1,0.00669,ok
ucr,111_UCR_Anomaly_3sddb40_35000_46600_46900,3sddb40,,ae,tuned,"{'w': 200, 'hidden': 32, 'latent': 8}",0.01886,0.02638,0.64218,0.06574,12.73,68.22,0.0,45000,1,0.00669,ok
ucr,113_UCR_Anomaly_CIMIS44AirTemperature1_4000_5391_5392,CIMIS44AirTemperature1,,iforest,default,,0.00069,0.00138,0.81417,0.0,1.33,nan,17.0,4184,1,0.00048,ok
ucr,113_UCR_Anomaly_CIMIS44AirTemperature1_4000_5391_5392,CIMIS44AirTemperature1,,iforest,tuned,"{'w': 50, 'n_estimators': 100}",0.00073,0.00141,0.81716,0.0,0.9,6.39,0.0,4184,1,0.00048,ok
ucr,113_UCR_Anomaly_CIMIS44AirTemperature1_4000_5391_5392,CIMIS44AirTemperature1,,lof,default,,0.0013,0.00311,0.81737,0.00343,0.26,nan,17.0,4184,1,0.00048,ok
ucr,113_UCR_Anomaly_CIMIS44AirTemperature1_4000_5391_5392,CIMIS44AirTemperature1,,lof,tuned,"{'w': 50, 'k': 50}",0.00324,0.00523,0.8156,0.00816,0.51,1.85,0.0,4184,1,0.00048,ok
ucr,113_UCR_Anomaly_CIMIS44AirTemperature1_4000_5391_5392,CIMIS44AirTemperature1,,knn,default,,0.00261,0.00609,0.83487,0.00671,0.09,nan,17.0,4184,1,0.00048,ok
ucr,113_UCR_Anomaly_CIMIS44AirTemperature1_4000_5391_5392,CIMIS44AirTemperature1,,knn,tuned,"{'w': 50, 'k': 5}",0.00391,0.00617,0.81461,0.00985,0.35,1.51,0.0,4184,1,0.00048,ok
ucr,113_UCR_Anomaly_CIMIS44AirTemperature1_4000_5391_5392,CIMIS44AirTemperature1,,ae,default,,0.08497,0.15438,0.99697,0.15385,1.76,nan,23.9,4184,1,0.00048,ok
ucr,113_UCR_Anomaly_CIMIS44AirTemperature1_4000_5391_5392,CIMIS44AirTemperature1,,ae,tuned,"{'w': 100, 'hidden': 32, 'latent': 8}",0.01607,0.03737,0.91309,0.03636,1.95,10.57,0.0,4184,1,0.00048,ok
ucr,115_UCR_Anomaly_CIMIS44AirTemperature3_4000_6520_6544,CIMIS44AirTemperature3,,iforest,default,,0.0058,0.00925,0.63449,0.0,1.36,nan,17.0,4184,1,0.00598,ok
ucr,115_UCR_Anomaly_CIMIS44AirTemperature3_4000_6520_6544,CIMIS44AirTemperature3,,iforest,tuned,"{'w': 50, 'n_estimators': 100}",0.00881,0.01168,0.62574,0.00558,0.95,6.33,0.0,4184,1,0.00598,ok
ucr,115_UCR_Anomaly_CIMIS44AirTemperature3_4000_6520_6544,CIMIS44AirTemperature3,,lof,default,,0.04184,0.06044,0.72414,0.1292,0.2,nan,17.0,4184,1,0.00598,ok
ucr,115_UCR_Anomaly_CIMIS44AirTemperature3_4000_6520_6544,CIMIS44AirTemperature3,,lof,tuned,"{'w': 50, 'k': 50}",0.98974,0.8916,0.9988,0.98404,0.52,1.79,0.0,4184,1,0.00598,ok
ucr,115_UCR_Anomaly_CIMIS44AirTemperature3_4000_6520_6544,CIMIS44AirTemperature3,,knn,default,,0.25607,0.26665,0.72475,0.44248,0.09,nan,17.0,4184,1,0.00598,ok
ucr,115_UCR_Anomaly_CIMIS44AirTemperature3_4000_6520_6544,CIMIS44AirTemperature3,,knn,tuned,"{'w': 50, 'k': 5}",0.98395,0.87989,0.9988,0.96739,0.38,1.37,0.0,4184,1,0.00598,ok
ucr,115_UCR_Anomaly_CIMIS44AirTemperature3_4000_6520_6544,CIMIS44AirTemperature3,,ae,default,,1.0,0.89187,0.99883,1.0,1.79,nan,23.9,4184,1,0.00598,ok
ucr,115_UCR_Anomaly_CIMIS44AirTemperature3_4000_6520_6544,CIMIS44AirTemperature3,,ae,tuned,"{'w': 100, 'hidden': 32, 'latent': 8}",0.99846,0.89907,0.99883,1.0,2.41,10.45,0.0,4184,1,0.00598,ok
ucr,117_UCR_Anomaly_CIMIS44AirTemperature5_4000_4852_4900,CIMIS44AirTemperature5,,iforest,default,,0.08067,0.12902,0.97614,0.17235,1.33,nan,17.0,4184,1,0.01171,ok
ucr,117_UCR_Anomaly_CIMIS44AirTemperature5_4000_4852_4900,CIMIS44AirTemperature5,,iforest,tuned,"{'w': 50, 'n_estimators': 100}",0.06641,0.1002,0.96819,0.14747,0.97,6.5,0.0,4184,1,0.01171,ok
ucr,117_UCR_Anomaly_CIMIS44AirTemperature5_4000_4852_4900,CIMIS44AirTemperature5,,lof,default,,0.24964,0.36593,0.98892,0.47059,0.18,nan,17.0,4184,1,0.01171,ok
ucr,117_UCR_Anomaly_CIMIS44AirTemperature5_4000_4852_4900,CIMIS44AirTemperature5,,lof,tuned,"{'w': 50, 'k': 50}",0.93465,0.84624,0.99927,0.93427,0.53,1.8,0.0,4184,1,0.01171,ok
ucr,117_UCR_Anomaly_CIMIS44AirTemperature5_4000_4852_4900,CIMIS44AirTemperature5,,knn,default,,0.57664,0.67156,0.99504,0.7352,0.09,nan,17.0,4184,1,0.01171,ok
ucr,117_UCR_Anomaly_CIMIS44AirTemperature5_4000_4852_4900,CIMIS44AirTemperature5,,knn,tuned,"{'w': 50, 'k': 5}",0.90699,0.85515,0.99853,0.92145,0.37,1.37,0.0,4184,1,0.01171,ok
ucr,117_UCR_Anomaly_CIMIS44AirTemperature5_4000_4852_4900,CIMIS44AirTemperature5,,ae,default,,0.98492,0.94572,0.99975,0.98864,1.75,nan,23.9,4184,1,0.01171,ok
ucr,117_UCR_Anomaly_CIMIS44AirTemperature5_4000_4852_4900,CIMIS44AirTemperature5,,ae,tuned,"{'w': 100, 'hidden': 32, 'latent': 8}",0.9408,0.91211,0.99903,0.93944,2.02,10.4,0.0,4184,1,0.01171,ok
ucr,119_UCR_Anomaly_ECG1_10000_11800_12100,ECG1,,iforest,default,,0.55891,0.4004,0.9963,0.7128,2.19,nan,17.0,20000,1,0.01505,ok
ucr,119_UCR_Anomaly_ECG1_10000_11800_12100,ECG1,,iforest,tuned,"{'w': 100, 'n_estimators': 100}",0.54615,0.38524,0.9963,0.70828,2.22,7.96,0.0,20000,1,0.01505,ok
ucr,119_UCR_Anomaly_ECG1_10000_11800_12100,ECG1,,lof,default,,0.55592,0.43682,0.99626,0.69754,0.68,nan,17.0,20000,1,0.01505,ok
ucr,119_UCR_Anomaly_ECG1_10000_11800_12100,ECG1,,lof,tuned,"{'w': 100, 'k': 30}",0.60697,0.46429,0.99626,0.72995,1.44,2.87,0.0,20000,1,0.01505,ok
ucr,119_UCR_Anomaly_ECG1_10000_11800_12100,ECG1,,knn,default,,0.7373,0.57096,0.99633,0.84385,0.49,nan,17.0,20000,1,0.01505,ok
ucr,119_UCR_Anomaly_ECG1_10000_11800_12100,ECG1,,knn,tuned,"{'w': 100, 'k': 3}",0.79917,0.6214,0.99633,0.87584,1.28,2.0,0.0,20000,1,0.01505,ok
ucr,119_UCR_Anomaly_ECG1_10000_11800_12100,ECG1,,ae,default,,0.73819,0.56834,0.99633,0.84305,4.57,nan,30.7,20000,1,0.01505,ok
ucr,119_UCR_Anomaly_ECG1_10000_11800_12100,ECG1,,ae,tuned,"{'w': 100, 'hidden': 32, 'latent': 8}",0.69743,0.54881,0.99629,0.83739,5.24,22.77,0.0,20000,1,0.01505,ok
ucr,121_UCR_Anomaly_ECG3_15000_16000_16100,ECG3,,iforest,default,,0.00341,0.00693,0.86447,0.0,1.94,nan,17.0,15000,1,0.00673,ok
ucr,121_UCR_Anomaly_ECG3_15000_16000_16100,ECG3,,iforest,tuned,"{'w': 100, 'n_estimators': 100}",0.00341,0.00681,0.86447,0.0,1.93,8.98,0.0,15000,1,0.00673,ok
ucr,121_UCR_Anomaly_ECG3_15000_16000_16100,ECG3,,lof,default,,0.91019,0.80809,0.99861,0.89803,0.81,nan,17.0,15000,1,0.00673,ok
ucr,121_UCR_Anomaly_ECG3_15000_16000_16100,ECG3,,lof,tuned,"{'w': 100, 'k': 30}",0.91019,0.82214,0.99861,0.89803,1.26,4.62,0.0,15000,1,0.00673,ok
ucr,121_UCR_Anomaly_ECG3_15000_16000_16100,ECG3,,knn,default,,0.58716,0.37288,0.99811,0.66675,0.46,nan,17.0,15000,1,0.00673,ok
ucr,121_UCR_Anomaly_ECG3_15000_16000_16100,ECG3,,knn,tuned,"{'w': 100, 'k': 3}",0.68001,0.44132,0.99811,0.73841,1.06,2.65,0.0,15000,1,0.00673,ok
ucr,121_UCR_Anomaly_ECG3_15000_16000_16100,ECG3,,ae,default,,0.45204,0.32103,0.99814,0.64596,5.76,nan,29.5,15000,1,0.00673,ok
ucr,121_UCR_Anomaly_ECG3_15000_16000_16100,ECG3,,ae,tuned,"{'w': 100, 'hidden': 64, 'latent': 8}",0.16892,0.18228,0.71667,0.35974,6.99,33.87,0.0,15000,1,0.00673,ok
ucr,123_UCR_Anomaly_ECG4_5000_16800_17100,ECG4,,iforest,default,,0.0143,0.01586,0.85539,0.03742,12.11,nan,17.0,195000,1,0.00154,ok
ucr,123_UCR_Anomaly_ECG4_5000_16800_17100,ECG4,,iforest,tuned,"{'w': 50, 'n_estimators': 200}",0.01112,0.01145,0.85207,0.02738,15.77,6.52,0.0,195000,1,0.00154,ok
ucr,123_UCR_Anomaly_ECG4_5000_16800_17100,ECG4,,lof,default,,0.62108,0.22665,0.99971,0.60084,4.51,nan,17.0,195000,1,0.00154,ok
ucr,123_UCR_Anomaly_ECG4_5000_16800_17100,ECG4,,lof,tuned,"{'w': 50, 'k': 50}",0.49151,0.16027,0.9997,0.52345,14.62,1.64,0.0,195000,1,0.00154,ok
ucr,123_UCR_Anomaly_ECG4_5000_16800_17100,ECG4,,knn,default,,0.47441,0.22702,0.99947,0.41471,3.84,nan,17.0,195000,1,0.00154,ok
ucr,123_UCR_Anomaly_ECG4_5000_16800_17100,ECG4,,knn,tuned,"{'w': 50, 'k': 5}",0.40047,0.1321,0.99963,0.50195,13.55,1.35,0.0,195000,1,0.00154,ok
ucr,123_UCR_Anomaly_ECG4_5000_16800_17100,ECG4,,ae,default,,0.34128,0.19695,0.9991,0.34067,13.13,nan,99.8,195000,1,0.00154,ok
ucr,123_UCR_Anomaly_ECG4_5000_16800_17100,ECG4,,ae,tuned,"{'w': 50, 'hidden': 32, 'latent': 16}",0.22727,0.10619,0.9994,0.25504,17.71,12.02,0.0,195000,1,0.00154,ok
ucr,125_UCR_Anomaly_ECG4_5000_17000_17100,ECG4,,iforest,default,,0.00577,0.00625,0.80098,0.00666,2.42,nan,17.0,25000,1,0.00404,ok
ucr,125_UCR_Anomaly_ECG4_5000_17000_17100,ECG4,,iforest,tuned,"{'w': 50, 'n_estimators': 100}",0.00642,0.00665,0.68308,0.01148,2.3,6.78,0.0,25000,1,0.00404,ok
ucr,125_UCR_Anomaly_ECG4_5000_17000_17100,ECG4,,lof,default,,0.89739,0.75152,0.99899,0.86765,0.68,nan,17.0,25000,1,0.00404,ok
ucr,125_UCR_Anomaly_ECG4_5000_17000_17100,ECG4,,lof,tuned,"{'w': 50, 'k': 30}",0.89794,0.57843,0.99898,0.83952,1.89,1.72,0.0,25000,1,0.00404,ok
ucr,125_UCR_Anomaly_ECG4_5000_17000_17100,ECG4,,knn,default,,0.91705,0.76098,0.99903,0.875,0.48,nan,17.0,25000,1,0.00404,ok
ucr,125_UCR_Anomaly_ECG4_5000_17000_17100,ECG4,,knn,tuned,"{'w': 50, 'k': 3}",0.87385,0.49377,0.999,0.80656,1.66,1.31,0.0,25000,1,0.00404,ok
ucr,125_UCR_Anomaly_ECG4_5000_17000_17100,ECG4,,ae,default,,0.89195,0.71024,0.999,0.85515,3.22,nan,31.7,25000,1,0.00404,ok
ucr,125_UCR_Anomaly_ECG4_5000_17000_17100,ECG4,,ae,tuned,"{'w': 50, 'hidden': 64, 'latent': 8}",0.72393,0.42489,0.99898,0.6679,6.2,11.87,0.0,25000,1,0.00404,ok
ucr,127_UCR_Anomaly_GP711MarkerLFM5z1_5000_6168_6212,GP711MarkerLFM5z1,,iforest,default,,0.00582,0.00881,0.69203,0.00024,1.63,nan,17.0,7000,1,0.00643,ok
ucr,127_UCR_Anomaly_GP711MarkerLFM5z1_5000_6168_6212,GP711MarkerLFM5z1,,iforest,tuned,"{'w': 50, 'n_estimators': 100}",0.0053,0.00778,0.67095,0.0,1.15,6.66,0.0,7000,1,0.00643,ok
ucr,127_UCR_Anomaly_GP711MarkerLFM5z1_5000_6168_6212,GP711MarkerLFM5z1,,lof,default,,0.97263,0.88691,0.99875,0.90963,0.25,nan,17.0,7000,1,0.00643,ok
ucr,127_UCR_Anomaly_GP711MarkerLFM5z1_5000_6168_6212,GP711MarkerLFM5z1,,lof,tuned,"{'w': 50, 'k': 30}",0.99714,0.88126,0.99889,1.0,0.68,1.63,0.0,7000,1,0.00643,ok
ucr,127_UCR_Anomaly_GP711MarkerLFM5z1_5000_6168_6212,GP711MarkerLFM5z1,,knn,default,,0.52943,0.5498,0.99732,0.69146,0.14,nan,17.0,7000,1,0.00643,ok
ucr,127_UCR_Anomaly_GP711MarkerLFM5z1_5000_6168_6212,GP711MarkerLFM5z1,,knn,tuned,"{'w': 50, 'k': 3}",0.42351,0.36159,0.9978,0.50111,0.57,1.34,0.0,7000,1,0.00643,ok
ucr,127_UCR_Anomaly_GP711MarkerLFM5z1_5000_6168_6212,GP711MarkerLFM5z1,,ae,default,,0.29849,0.42967,0.99471,0.54305,2.05,nan,24.5,7000,1,0.00643,ok
ucr,127_UCR_Anomaly_GP711MarkerLFM5z1_5000_6168_6212,GP711MarkerLFM5z1,,ae,tuned,"{'w': 100, 'hidden': 64, 'latent': 8}",0.2896,0.42292,0.99515,0.51351,2.42,11.7,0.0,7000,1,0.00643,ok
ucr,129_UCR_Anomaly_GP711MarkerLFM5z3_5000_5948_5993,GP711MarkerLFM5z3,,iforest,default,,0.66687,0.55936,0.99818,0.72549,1.59,nan,17.0,7000,1,0.00657,ok
ucr,129_UCR_Anomaly_GP711MarkerLFM5z3_5000_5948_5993,GP711MarkerLFM5z3,,iforest,tuned,"{'w': 50, 'n_estimators': 100}",0.11561,0.14083,0.70776,0.25701,1.16,6.51,0.0,7000,1,0.00657,ok
ucr,129_UCR_Anomaly_GP711MarkerLFM5z3_5000_5948_5993,GP711MarkerLFM5z3,,lof,default,,0.90539,0.83794,0.9986,0.89798,0.25,nan,17.0,7000,1,0.00657,ok
ucr,129_UCR_Anomaly_GP711MarkerLFM5z3_5000_5948_5993,GP711MarkerLFM5z3,,lof,tuned,"{'w': 50, 'k': 30}",0.99726,0.91277,0.99893,1.0,0.69,1.65,0.0,7000,1,0.00657,ok
ucr,129_UCR_Anomaly_GP711MarkerLFM5z3_5000_5948_5993,GP711MarkerLFM5z3,,knn,default,,0.98637,0.9149,0.99884,1.0,0.14,nan,17.0,7000,1,0.00657,ok
ucr,129_UCR_Anomaly_GP711MarkerLFM5z3_5000_5948_5993,GP711MarkerLFM5z3,,knn,tuned,"{'w': 50, 'k': 3}",0.90487,0.86335,0.99869,0.88294,0.57,1.29,0.0,7000,1,0.00657,ok
ucr,129_UCR_Anomaly_GP711MarkerLFM5z3_5000_5948_5993,GP711MarkerLFM5z3,,ae,default,,0.92826,0.84832,0.99838,0.90785,2.2,nan,24.5,7000,1,0.00657,ok
ucr,129_UCR_Anomaly_GP711MarkerLFM5z3_5000_5948_5993,GP711MarkerLFM5z3,,ae,tuned,"{'w': 100, 'hidden': 64, 'latent': 8}",0.83459,0.79826,0.99843,0.85799,2.42,12.25,0.0,7000,1,0.00657,ok
ucr,131_UCR_Anomaly_GP711MarkerLFM5z5_5000_8612_8716,GP711MarkerLFM5z5,,iforest,default,,0.99374,0.94477,0.99963,0.9881,1.48,nan,17.0,7000,1,0.015,ok
ucr,131_UCR_Anomaly_GP711MarkerLFM5z5_5000_8612_8716,GP711MarkerLFM5z5,,iforest,tuned,"{'w': 50, 'n_estimators': 100}",0.33955,0.23827,0.99576,0.52475,1.14,6.88,0.0,7000,1,0.015,ok
ucr,131_UCR_Anomaly_GP711MarkerLFM5z5_5000_8612_8716,GP711MarkerLFM5z5,,lof,default,,0.55791,0.77837,0.99562,0.79878,0.25,nan,17.0,7000,1,0.015,ok
ucr,131_UCR_Anomaly_GP711MarkerLFM5z5_5000_8612_8716,GP711MarkerLFM5z5,,lof,tuned,"{'w': 50, 'k': 30}",0.33161,0.50579,0.99329,0.57489,0.68,1.67,0.0,7000,1,0.015,ok
ucr,131_UCR_Anomaly_GP711MarkerLFM5z5_5000_8612_8716,GP711MarkerLFM5z5,,knn,default,,0.68134,0.83757,0.99617,0.84129,0.14,nan,17.0,7000,1,0.015,ok
ucr,131_UCR_Anomaly_GP711MarkerLFM5z5_5000_8612_8716,GP711MarkerLFM5z5,,knn,tuned,"{'w': 50, 'k': 3}",0.40229,0.60072,0.99327,0.6649,0.57,1.32,0.0,7000,1,0.015,ok
ucr,131_UCR_Anomaly_GP711MarkerLFM5z5_5000_8612_8716,GP711MarkerLFM5z5,,ae,default,,0.6255,0.83215,0.99641,0.82985,2.01,nan,24.5,7000,1,0.015,ok
ucr,131_UCR_Anomaly_GP711MarkerLFM5z5_5000_8612_8716,GP711MarkerLFM5z5,,ae,tuned,"{'w': 100, 'hidden': 64, 'latent': 8}",0.65114,0.82165,0.99591,0.81652,2.28,11.69,0.0,7000,1,0.015,ok
ucr,133_UCR_Anomaly_InternalBleeding14_2800_5607_5634,InternalBleeding14,,iforest,default,,0.95524,0.78908,0.99876,0.97115,1.37,nan,17.0,4701,1,0.00596,ok
ucr,133_UCR_Anomaly_InternalBleeding14_2800_5607_5634,InternalBleeding14,,iforest,tuned,"{'w': 50, 'n_estimators': 200}",0.05922,0.07067,0.69134,0.14751,1.61,6.29,0.0,4701,1,0.00596,ok
ucr,133_UCR_Anomaly_InternalBleeding14_2800_5607_5634,InternalBleeding14,,lof,default,,0.95294,0.86489,0.9989,0.92647,0.17,nan,17.0,4701,1,0.00596,ok
ucr,133_UCR_Anomaly_InternalBleeding14_2800_5607_5634,InternalBleeding14,,lof,tuned,"{'w': 50, 'k': 50}",0.33032,0.49946,0.99562,0.54902,0.57,1.43,0.0,4701,1,0.00596,ok
ucr,133_UCR_Anomaly_InternalBleeding14_2800_5607_5634,InternalBleeding14,,knn,default,,0.94563,0.87329,0.99871,0.92647,0.09,nan,17.0,4701,1,0.00596,ok
ucr,133_UCR_Anomaly_InternalBleeding14_2800_5607_5634,InternalBleeding14,,knn,tuned,"{'w': 50, 'k': 3}",0.92822,0.85277,0.99858,0.87847,0.4,1.24,0.0,4701,1,0.00596,ok
ucr,133_UCR_Anomaly_InternalBleeding14_2800_5607_5634,InternalBleeding14,,ae,default,,0.83277,0.78013,0.99858,0.84253,1.31,nan,23.8,4701,1,0.00596,ok
ucr,133_UCR_Anomaly_InternalBleeding14_2800_5607_5634,InternalBleeding14,,ae,tuned,"{'w': 200, 'hidden': 32, 'latent': 16}",0.82668,0.72986,0.99849,0.83837,1.55,7.35,0.0,4701,1,0.00596,ok
ucr,135_UCR_Anomaly_InternalBleeding16_1200_4187_4199,InternalBleeding16,,iforest,default,,0.00839,0.01137,0.66582,0.0268,1.59,nan,17.0,6301,1,0.00206,ok
ucr,135_UCR_Anomaly_InternalBleeding16_1200_4187_4199,InternalBleeding16,,lof,default,,0.01135,0.0155,0.68252,0.02592,0.19,nan,17.0,6301,1,0.00206,ok
ucr,135_UCR_Anomaly_InternalBleeding16_1200_4187_4199,InternalBleeding16,,knn,default,,0.05987,0.08172,0.68241,0.14689,0.14,nan,17.0,6301,1,0.00206,ok
ucr,135_UCR_Anomaly_InternalBleeding16_1200_4187_4199,InternalBleeding16,,ae,default,,0.01693,0.03088,0.73579,0.05628,0.9,nan,23.9,6301,1,0.00206,ok
ucr,137_UCR_Anomaly_InternalBleeding18_2300_4485_4587,InternalBleeding18,,iforest,default,,0.02785,0.03165,0.65681,0.03072,1.32,nan,17.0,5200,1,0.01981,ok
ucr,137_UCR_Anomaly_InternalBleeding18_2300_4485_4587,InternalBleeding18,,lof,default,,0.01257,0.02712,0.67974,0.0028,0.22,nan,17.0,5200,1,0.01981,ok
ucr,137_UCR_Anomaly_InternalBleeding18_2300_4485_4587,InternalBleeding18,,knn,default,,0.41292,0.33773,0.72274,0.66597,0.1,nan,17.0,5200,1,0.01981,ok
ucr,137_UCR_Anomaly_InternalBleeding18_2300_4485_4587,InternalBleeding18,,ae,default,,0.03378,0.03596,0.67277,0.07182,1.17,nan,23.8,5200,1,0.01981,ok
ucr,139_UCR_Anomaly_InternalBleeding20_2700_5759_5919,InternalBleeding20,,iforest,default,,0.12216,0.11741,0.72505,0.24848,1.35,nan,17.0,4800,1,0.03354,ok
ucr,139_UCR_Anomaly_InternalBleeding20_2700_5759_5919,InternalBleeding20,,iforest,tuned,"{'w': 50, 'n_estimators': 200}",0.0582,0.06807,0.68328,0.11,1.59,6.58,0.0,4800,1,0.03354,ok
ucr,139_UCR_Anomaly_InternalBleeding20_2700_5759_5919,InternalBleeding20,,lof,default,,0.77754,0.73195,0.99341,0.8949,0.16,nan,17.0,4800,1,0.03354,ok
ucr,139_UCR_Anomaly_InternalBleeding20_2700_5759_5919,InternalBleeding20,,lof,tuned,"{'w': 100, 'k': 50}",0.77754,0.73195,0.99341,0.8949,0.46,1.41,0.0,4800,1,0.03354,ok
ucr,139_UCR_Anomaly_InternalBleeding20_2700_5759_5919,InternalBleeding20,,knn,default,,0.99833,0.88253,0.99951,0.99915,0.1,nan,17.0,4800,1,0.03354,ok
ucr,139_UCR_Anomaly_InternalBleeding20_2700_5759_5919,InternalBleeding20,,knn,tuned,"{'w': 50, 'k': 3}",0.9169,0.70402,0.99945,0.9957,0.38,1.15,0.0,4800,1,0.03354,ok
ucr,139_UCR_Anomaly_InternalBleeding20_2700_5759_5919,InternalBleeding20,,ae,default,,0.9743,0.73141,0.99953,0.99394,1.34,nan,23.7,4800,1,0.03354,ok
ucr,139_UCR_Anomaly_InternalBleeding20_2700_5759_5919,InternalBleeding20,,ae,tuned,"{'w': 50, 'hidden': 64, 'latent': 8}",0.70531,0.51403,0.99802,0.82305,2.82,7.18,0.0,4800,1,0.03354,ok
ucr,141_UCR_Anomaly_InternalBleeding5_4000_6200_6370,InternalBleeding5,,iforest,default,,0.63514,0.49658,0.99185,0.78972,1.29,nan,17.0,3415,1,0.05007,ok
ucr,141_UCR_Anomaly_InternalBleeding5_4000_6200_6370,InternalBleeding5,,iforest,tuned,"{'w': 50, 'n_estimators': 200}",0.09749,0.10525,0.75485,0.14196,1.54,6.36,0.0,3415,1,0.05007,ok
ucr,141_UCR_Anomaly_InternalBleeding5_4000_6200_6370,InternalBleeding5,,lof,default,,0.74047,0.72143,0.99462,0.83616,0.16,nan,17.0,3415,1,0.05007,ok
ucr,141_UCR_Anomaly_InternalBleeding5_4000_6200_6370,InternalBleeding5,,lof,tuned,"{'w': 50, 'k': 50}",0.68147,0.61425,0.99379,0.83107,0.44,1.77,0.0,3415,1,0.05007,ok
ucr,141_UCR_Anomaly_InternalBleeding5_4000_6200_6370,InternalBleeding5,,knn,default,,0.78922,0.7257,0.99087,0.93465,0.07,nan,17.0,3415,1,0.05007,ok
ucr,141_UCR_Anomaly_InternalBleeding5_4000_6200_6370,InternalBleeding5,,knn,tuned,"{'w': 50, 'k': 5}",0.61477,0.54425,0.98992,0.72422,0.35,1.52,0.0,3415,1,0.05007,ok
ucr,141_UCR_Anomaly_InternalBleeding5_4000_6200_6370,InternalBleeding5,,ae,default,,0.70559,0.69347,0.9875,0.83657,1.71,nan,22.4,3415,1,0.05007,ok
ucr,141_UCR_Anomaly_InternalBleeding5_4000_6200_6370,InternalBleeding5,,ae,tuned,"{'w': 100, 'hidden': 32, 'latent': 8}",0.73709,0.68366,0.98948,0.83183,1.95,10.26,0.0,3415,1,0.05007,ok
ucr,143_UCR_Anomaly_InternalBleeding8_2500_5865_5974,InternalBleeding8,,iforest,default,,0.02012,0.03716,0.79019,0.01906,1.34,nan,17.0,5001,1,0.022,ok
ucr,143_UCR_Anomaly_InternalBleeding8_2500_5865_5974,InternalBleeding8,,lof,default,,0.04155,0.04557,0.71896,0.08776,0.15,nan,17.0,5001,1,0.022,ok
ucr,143_UCR_Anomaly_InternalBleeding8_2500_5865_5974,InternalBleeding8,,knn,default,,0.29726,0.45541,0.98647,0.50623,0.09,nan,17.0,5001,1,0.022,ok
ucr,143_UCR_Anomaly_InternalBleeding8_2500_5865_5974,InternalBleeding8,,ae,default,,0.01293,0.02505,0.67982,0.00176,1.12,nan,23.8,5001,1,0.022,ok
ucr,145_UCR_Anomaly_Lab2Cmac011215EPG1_5000_17210_17260,Lab2Cmac011215EPG1,,iforest,default,,1.0,0.38824,0.99972,0.76842,2.67,nan,17.0,25001,1,0.00204,ok
ucr,145_UCR_Anomaly_Lab2Cmac011215EPG1_5000_17210_17260,Lab2Cmac011215EPG1,,iforest,tuned,"{'w': 50, 'n_estimators': 100}",1.0,0.49108,0.99971,0.76842,2.34,6.65,0.0,25001,1,0.00204,ok
ucr,145_UCR_Anomaly_Lab2Cmac011215EPG1_5000_17210_17260,Lab2Cmac011215EPG1,,lof,default,,0.99259,0.4673,0.99972,0.76702,0.68,nan,17.0,25001,1,0.00204,ok
ucr,145_UCR_Anomaly_Lab2Cmac011215EPG1_5000_17210_17260,Lab2Cmac011215EPG1,,lof,tuned,"{'w': 50, 'k': 30}",0.99962,0.51199,0.99971,0.76842,1.94,1.75,0.0,25001,1,0.00204,ok
ucr,145_UCR_Anomaly_Lab2Cmac011215EPG1_5000_17210_17260,Lab2Cmac011215EPG1,,knn,default,,0.99316,0.46614,0.99972,0.76702,0.49,nan,17.0,25001,1,0.00204,ok
ucr,145_UCR_Anomaly_Lab2Cmac011215EPG1_5000_17210_17260,Lab2Cmac011215EPG1,,knn,tuned,"{'w': 50, 'k': 3}",0.99888,0.51366,0.9997,0.76842,1.75,1.35,0.0,25001,1,0.00204,ok
ucr,145_UCR_Anomaly_Lab2Cmac011215EPG1_5000_17210_17260,Lab2Cmac011215EPG1,,ae,default,,0.97035,0.52811,0.99968,0.76842,3.16,nan,31.7,25001,1,0.00204,ok
ucr,145_UCR_Anomaly_Lab2Cmac011215EPG1_5000_17210_17260,Lab2Cmac011215EPG1,,ae,tuned,"{'w': 50, 'hidden': 64, 'latent': 8}",0.98522,0.5127,0.99968,0.76842,6.48,12.45,0.0,25001,1,0.00204,ok
ucr,147_UCR_Anomaly_Lab2Cmac011215EPG3_5000_16390_16420,Lab2Cmac011215EPG3,,iforest,default,,0.96945,0.25018,0.99989,0.68235,2.69,nan,17.0,24950,1,0.00124,ok
ucr,147_UCR_Anomaly_Lab2Cmac011215EPG3_5000_16390_16420,Lab2Cmac011215EPG3,,iforest,tuned,"{'w': 50, 'n_estimators': 100}",1.0,0.29269,0.99989,0.68235,2.38,6.89,0.0,24950,1,0.00124,ok
ucr,147_UCR_Anomaly_Lab2Cmac011215EPG3_5000_16390_16420,Lab2Cmac011215EPG3,,lof,default,,0.75811,0.34335,0.9996,0.62129,0.66,nan,17.0,24950,1,0.00124,ok
ucr,147_UCR_Anomaly_Lab2Cmac011215EPG3_5000_16390_16420,Lab2Cmac011215EPG3,,lof,tuned,"{'w': 50, 'k': 30}",0.97187,0.33987,0.99988,0.68235,1.93,1.69,0.0,24950,1,0.00124,ok
ucr,147_UCR_Anomaly_Lab2Cmac011215EPG3_5000_16390_16420,Lab2Cmac011215EPG3,,knn,default,,0.19175,0.25773,0.76145,0.36257,0.49,nan,17.0,24950,1,0.00124,ok
ucr,147_UCR_Anomaly_Lab2Cmac011215EPG3_5000_16390_16420,Lab2Cmac011215EPG3,,knn,tuned,"{'w': 50, 'k': 3}",0.97847,0.31102,0.99986,0.68235,1.76,1.34,0.0,24950,1,0.00124,ok
ucr,147_UCR_Anomaly_Lab2Cmac011215EPG3_5000_16390_16420,Lab2Cmac011215EPG3,,ae,default,,0.79684,0.3321,0.99964,0.64069,3.1,nan,31.7,24950,1,0.00124,ok
ucr,147_UCR_Anomaly_Lab2Cmac011215EPG3_5000_16390_16420,Lab2Cmac011215EPG3,,ae,tuned,"{'w': 50, 'hidden': 64, 'latent': 8}",0.95503,0.32337,0.99985,0.68235,5.73,11.96,0.0,24950,1,0.00124,ok
ucr,149_UCR_Anomaly_Lab2Cmac011215EPG5_7000_17390_17520,Lab2Cmac011215EPG5,,iforest,default,,0.64301,0.48472,0.99837,0.66216,2.55,nan,17.0,22826,1,0.00574,ok
ucr,149_UCR_Anomaly_Lab2Cmac011215EPG5_7000_17390_17520,Lab2Cmac011215EPG5,,iforest,tuned,"{'w': 50, 'n_estimators': 100}",0.54182,0.30214,0.99846,0.60533,2.32,7.18,0.0,22826,1,0.00574,ok
ucr,149_UCR_Anomaly_Lab2Cmac011215EPG5_7000_17390_17520,Lab2Cmac011215EPG5,,lof,default,,0.69362,0.40588,0.99866,0.6864,0.74,nan,17.0,22826,1,0.00574,ok
ucr,149_UCR_Anomaly_Lab2Cmac011215EPG5_7000_17390_17520,Lab2Cmac011215EPG5,,lof,tuned,"{'w': 50, 'k': 30}",0.55964,0.29918,0.9985,0.61352,1.98,2.15,0.0,22826,1,0.00574,ok
ucr,149_UCR_Anomaly_Lab2Cmac011215EPG5_7000_17390_17520,Lab2Cmac011215EPG5,,knn,default,,0.59516,0.3265,0.99866,0.64533,0.5,nan,17.0,22826,1,0.00574,ok
ucr,149_UCR_Anomaly_Lab2Cmac011215EPG5_7000_17390_17520,Lab2Cmac011215EPG5,,knn,tuned,"{'w': 50, 'k': 3}",0.55323,0.29484,0.99858,0.60695,1.75,1.54,0.0,22826,1,0.00574,ok
ucr,149_UCR_Anomaly_Lab2Cmac011215EPG5_7000_17390_17520,Lab2Cmac011215EPG5,,ae,default,,0.6562,0.39683,0.99863,0.66177,4.02,nan,31.0,22826,1,0.00574,ok
ucr,149_UCR_Anomaly_Lab2Cmac011215EPG5_7000_17390_17520,Lab2Cmac011215EPG5,,ae,tuned,"{'w': 50, 'hidden': 64, 'latent': 8}",0.58142,0.33261,0.99861,0.615,8.33,15.96,0.0,22826,1,0.00574,ok
ucr,151_UCR_Anomaly_MesoplodonDensirostris_10000_19280_19440,MesoplodonDensirostris,,iforest,default,,0.02454,0.02912,0.69617,0.05013,1.97,nan,17.0,14667,1,0.01098,ok
ucr,151_UCR_Anomaly_MesoplodonDensirostris_10000_19280_19440,MesoplodonDensirostris,,iforest,tuned,"{'w': 100, 'n_estimators': 200}",0.02454,0.02912,0.69617,0.05013,2.5,8.48,0.0,14667,1,0.01098,ok
ucr,151_UCR_Anomaly_MesoplodonDensirostris_10000_19280_19440,MesoplodonDensirostris,,lof,default,,0.02731,0.03732,0.70689,0.08299,0.54,nan,17.0,14667,1,0.01098,ok
ucr,151_UCR_Anomaly_MesoplodonDensirostris_10000_19280_19440,MesoplodonDensirostris,,lof,tuned,"{'w': 50, 'k': 50}",0.05438,0.05949,0.72813,0.12974,1.87,2.79,0.0,14667,1,0.01098,ok
ucr,151_UCR_Anomaly_MesoplodonDensirostris_10000_19280_19440,MesoplodonDensirostris,,knn,default,,0.84446,0.66092,0.9973,0.93232,0.37,nan,17.0,14667,1,0.01098,ok
ucr,151_UCR_Anomaly_MesoplodonDensirostris_10000_19280_19440,MesoplodonDensirostris,,knn,tuned,"{'w': 100, 'k': 3}",0.85762,0.66922,0.9973,0.93232,0.99,1.94,0.0,14667,1,0.01098,ok
ucr,151_UCR_Anomaly_MesoplodonDensirostris_10000_19280_19440,MesoplodonDensirostris,,ae,default,,0.85554,0.61075,0.99726,0.9332,4.11,nan,28.0,14667,1,0.01098,ok
ucr,151_UCR_Anomaly_MesoplodonDensirostris_10000_19280_19440,MesoplodonDensirostris,,ae,tuned,"{'w': 100, 'hidden': 32, 'latent': 8}",0.837,0.58709,0.99732,0.93056,4.94,22.61,0.0,14667,1,0.01098,ok
ucr,153_UCR_Anomaly_PowerDemand2_14000_23357_23717,PowerDemand2,,iforest,default,,0.01165,0.01605,0.62848,0.0,2.13,nan,17.0,15931,1,0.02266,ok
ucr,153_UCR_Anomaly_PowerDemand2_14000_23357_23717,PowerDemand2,,iforest,tuned,"{'w': 100, 'n_estimators': 100}",0.0116,0.01611,0.62815,0.0,2.0,8.84,0.0,15931,1,0.02266,ok
ucr,153_UCR_Anomaly_PowerDemand2_14000_23357_23717,PowerDemand2,,lof,default,,0.01912,0.02404,0.64042,0.0,0.71,nan,17.0,15931,1,0.02266,ok
ucr,153_UCR_Anomaly_PowerDemand2_14000_23357_23717,PowerDemand2,,lof,tuned,"{'w': 100, 'k': 30}",0.02642,0.03233,0.65216,0.02782,1.3,3.7,0.0,15931,1,0.02266,ok
ucr,153_UCR_Anomaly_PowerDemand2_14000_23357_23717,PowerDemand2,,knn,default,,0.13791,0.14471,0.71925,0.36159,0.44,nan,17.0,15931,1,0.02266,ok
ucr,153_UCR_Anomaly_PowerDemand2_14000_23357_23717,PowerDemand2,,knn,tuned,"{'w': 100, 'k': 3}",0.15487,0.15986,0.72363,0.37848,1.07,2.85,0.0,15931,1,0.02266,ok
ucr,153_UCR_Anomaly_PowerDemand2_14000_23357_23717,PowerDemand2,,ae,default,,0.05391,0.05685,0.70181,0.11512,5.46,nan,29.4,15931,1,0.02266,ok
ucr,153_UCR_Anomaly_PowerDemand2_14000_23357_23717,PowerDemand2,,ae,tuned,"{'w': 100, 'hidden': 64, 'latent': 8}",0.02765,0.03136,0.68627,0.03355,6.16,30.86,0.0,15931,1,0.02266,ok
ucr,155_UCR_Anomaly_PowerDemand4_18000_24005_24077,PowerDemand4,,iforest,default,,0.00701,0.00923,0.70412,0.0,1.83,nan,17.0,11931,1,0.00612,ok
ucr,155_UCR_Anomaly_PowerDemand4_18000_24005_24077,PowerDemand4,,iforest,tuned,"{'w': 400, 'n_estimators': 100}",0.00433,0.0074,0.69042,0.0,2.74,9.69,0.0,11931,1,0.00612,ok
ucr,155_UCR_Anomaly_PowerDemand4_18000_24005_24077,PowerDemand4,,lof,default,,0.99946,0.85502,0.99877,1.0,0.82,nan,17.0,11931,1,0.00612,ok
ucr,155_UCR_Anomaly_PowerDemand4_18000_24005_24077,PowerDemand4,,lof,tuned,"{'w': 100, 'k': 30}",0.99838,0.85001,0.99876,1.0,1.39,5.2,0.0,11931,1,0.00612,ok
ucr,155_UCR_Anomaly_PowerDemand4_18000_24005_24077,PowerDemand4,,knn,default,,0.99946,0.8215,0.99843,1.0,0.59,nan,17.0,11931,1,0.00612,ok
ucr,155_UCR_Anomaly_PowerDemand4_18000_24005_24077,PowerDemand4,,knn,tuned,"{'w': 100, 'k': 3}",0.99946,0.84128,0.99843,1.0,0.96,3.65,0.0,11931,1,0.00612,ok
ucr,155_UCR_Anomaly_PowerDemand4_18000_24005_24077,PowerDemand4,,ae,default,,0.9989,0.87401,0.9988,1.0,6.73,nan,28.4,11931,1,0.00612,ok
ucr,155_UCR_Anomaly_PowerDemand4_18000_24005_24077,PowerDemand4,,ae,tuned,"{'w': 100, 'hidden': 64, 'latent': 8}",0.99945,0.85438,0.9988,1.0,7.02,39.24,0.0,11931,1,0.00612,ok
ucr,157_UCR_Anomaly_TkeepFirstMARS_3500_5365_5380,TkeepFirstMARS,,iforest,default,,0.00131,0.00273,0.37144,0.0,1.53,nan,17.0,7906,1,0.00202,ok
ucr,157_UCR_Anomaly_TkeepFirstMARS_3500_5365_5380,TkeepFirstMARS,,iforest,tuned,"{'w': 100, 'n_estimators': 200}",0.00131,0.00273,0.37144,0.0,1.9,6.24,0.0,7906,1,0.00202,ok
ucr,157_UCR_Anomaly_TkeepFirstMARS_3500_5365_5380,TkeepFirstMARS,,lof,default,,0.00173,0.00249,0.44831,0.0,0.23,nan,17.0,7906,1,0.00202,ok
ucr,157_UCR_Anomaly_TkeepFirstMARS_3500_5365_5380,TkeepFirstMARS,,lof,tuned,"{'w': 100, 'k': 30}",0.00138,0.00279,0.39357,0.0,0.9,1.62,0.0,7906,1,0.00202,ok
ucr,157_UCR_Anomaly_TkeepFirstMARS_3500_5365_5380,TkeepFirstMARS,,knn,default,,0.19417,0.26796,0.99595,0.37576,0.15,nan,17.0,7906,1,0.00202,ok
ucr,157_UCR_Anomaly_TkeepFirstMARS_3500_5365_5380,TkeepFirstMARS,,knn,tuned,"{'w': 50, 'k': 3}",0.21788,0.3,0.99696,0.37576,0.66,1.26,0.0,7906,1,0.00202,ok
ucr,157_UCR_Anomaly_TkeepFirstMARS_3500_5365_5380,TkeepFirstMARS,,ae,default,,0.02845,0.03706,0.52694,0.07115,1.7,nan,25.5,7906,1,0.00202,ok
ucr,157_UCR_Anomaly_TkeepFirstMARS_3500_5365_5380,TkeepFirstMARS,,ae,tuned,"{'w': 100, 'hidden': 32, 'latent': 8}",0.37984,0.49133,0.93049,0.53333,2.33,8.35,0.0,7906,1,0.00202,ok
ucr,159_UCR_Anomaly_TkeepSecondMARS_3500_9330_9340,TkeepSecondMARS,,iforest,default,,0.05775,0.09313,0.98314,0.14925,1.48,nan,17.0,7888,1,0.00139,ok
ucr,159_UCR_Anomaly_TkeepSecondMARS_3500_9330_9340,TkeepSecondMARS,,iforest,tuned,"{'w': 100, 'n_estimators': 200}",0.05775,0.09313,0.98314,0.14925,2.09,6.91,0.0,7888,1,0.00139,ok
ucr,159_UCR_Anomaly_TkeepSecondMARS_3500_9330_9340,TkeepSecondMARS,,lof,default,,0.87576,0.40026,0.99986,0.7,0.24,nan,17.0,7888,1,0.00139,ok
ucr,159_UCR_Anomaly_TkeepSecondMARS_3500_9330_9340,TkeepSecondMARS,,lof,tuned,"{'w': 100, 'k': 30}",0.9,0.4045,0.99986,0.7,0.74,1.63,0.0,7888,1,0.00139,ok
ucr,159_UCR_Anomaly_TkeepSecondMARS_3500_9330_9340,TkeepSecondMARS,,knn,default,,0.97576,0.46249,0.99986,0.7,0.16,nan,17.0,7888,1,0.00139,ok
ucr,159_UCR_Anomaly_TkeepSecondMARS_3500_9330_9340,TkeepSecondMARS,,knn,tuned,"{'w': 50, 'k': 3}",0.99242,0.2872,0.99986,0.7,0.66,1.5,0.0,7888,1,0.00139,ok
ucr,159_UCR_Anomaly_TkeepSecondMARS_3500_9330_9340,TkeepSecondMARS,,ae,default,,0.94367,0.39957,0.99986,0.7,1.95,nan,25.5,7888,1,0.00139,ok
ucr,159_UCR_Anomaly_TkeepSecondMARS_3500_9330_9340,TkeepSecondMARS,,ae,tuned,"{'w': 100, 'hidden': 32, 'latent': 8}",0.95965,0.42216,0.99986,0.7,2.07,8.42,0.0,7888,1,0.00139,ok
ucr,161_UCR_Anomaly_WalkingAceleration1_1500_2764_2995,WalkingAceleration1,,iforest,default,,0.023,0.0362,0.34397,0.0,1.34,nan,17.0,5184,1,0.04475,ok
ucr,161_UCR_Anomaly_WalkingAceleration1_1500_2764_2995,WalkingAceleration1,,lof,default,,0.02341,0.03651,0.41283,0.0,0.14,nan,17.0,5184,1,0.04475,ok
ucr,161_UCR_Anomaly_WalkingAceleration1_1500_2764_2995,WalkingAceleration1,,knn,default,,0.02578,0.03703,0.41675,0.0,0.09,nan,17.0,5184,1,0.04475,ok
ucr,161_UCR_Anomaly_WalkingAceleration1_1500_2764_2995,WalkingAceleration1,,ae,default,,0.02291,0.03547,0.4054,0.0,1.03,nan,23.7,5184,1,0.04475,ok
ucr,163_UCR_Anomaly_apneaecg2_10000_20950_21100,apneaecg2,,iforest,default,,0.30131,0.0926,0.9989,0.40057,2.57,nan,17.0,28501,1,0.0053,ok
ucr,163_UCR_Anomaly_apneaecg2_10000_20950_21100,apneaecg2,,iforest,tuned,"{'w': 100, 'n_estimators': 100}",0.3212,0.10034,0.99888,0.40465,2.81,7.72,0.0,28501,1,0.0053,ok
ucr,163_UCR_Anomaly_apneaecg2_10000_20950_21100,apneaecg2,,lof,default,,0.30098,0.10949,0.99886,0.40852,0.91,nan,17.0,28501,1,0.0053,ok
ucr,163_UCR_Anomaly_apneaecg2_10000_20950_21100,apneaecg2,,lof,tuned,"{'w': 50, 'k': 30}",0.849,0.51919,0.99862,0.79141,2.77,3.22,0.0,28501,1,0.0053,ok
ucr,163_UCR_Anomaly_apneaecg2_10000_20950_21100,apneaecg2,,knn,default,,0.98918,0.75162,0.99889,0.96311,0.69,nan,17.0,28501,1,0.0053,ok
ucr,163_UCR_Anomaly_apneaecg2_10000_20950_21100,apneaecg2,,knn,tuned,"{'w': 100, 'k': 3}",0.989,0.76443,0.99889,0.96311,1.76,1.99,0.0,28501,1,0.0053,ok
ucr,163_UCR_Anomaly_apneaecg2_10000_20950_21100,apneaecg2,,ae,default,,0.98197,0.74678,0.99894,0.95234,4.94,nan,33.5,28501,1,0.0053,ok
ucr,163_UCR_Anomaly_apneaecg2_10000_20950_21100,apneaecg2,,ae,tuned,"{'w': 100, 'hidden': 64, 'latent': 8}",0.98924,0.76657,0.99892,0.96026,6.01,22.8,0.0,28501,1,0.0053,ok
ucr,165_UCR_Anomaly_apneaecg4_6000_16000_16100,apneaecg4,,iforest,default,,0.00158,0.00415,0.65513,0.0,2.9,nan,17.0,32269,1,0.00313,ok
ucr,165_UCR_Anomaly_apneaecg4_6000_16000_16100,apneaecg4,,iforest,tuned,"{'w': 400, 'n_estimators': 200}",0.00158,0.00371,0.62122,0.0,7.28,6.78,0.0,32269,1,0.00313,ok
ucr,165_UCR_Anomaly_apneaecg4_6000_16000_16100,apneaecg4,,lof,default,,0.0016,0.00409,0.65795,0.0,0.9,nan,17.0,32269,1,0.00313,ok
ucr,165_UCR_Anomaly_apneaecg4_6000_16000_16100,apneaecg4,,lof,tuned,"{'w': 400, 'k': 10}",0.00176,0.0028,0.64153,0.0,1.68,1.89,0.0,32269,1,0.00313,ok
ucr,165_UCR_Anomaly_apneaecg4_6000_16000_16100,apneaecg4,,knn,default,,0.00518,0.00653,0.63413,0.0101,0.65,nan,17.0,32269,1,0.00313,ok
ucr,165_UCR_Anomaly_apneaecg4_6000_16000_16100,apneaecg4,,knn,tuned,"{'w': 50, 'k': 3}",0.00415,0.00687,0.58427,0.00863,2.27,1.45,0.0,32269,1,0.00313,ok
ucr,165_UCR_Anomaly_apneaecg4_6000_16000_16100,apneaecg4,,ae,default,,0.00158,0.00407,0.64565,0.0,4.04,nan,34.9,32269,1,0.00313,ok
ucr,165_UCR_Anomaly_apneaecg4_6000_16000_16100,apneaecg4,,ae,tuned,"{'w': 50, 'hidden': 64, 'latent': 8}",0.00162,0.00283,0.64424,0.0,7.33,14.29,0.0,32269,1,0.00313,ok
ucr,167_UCR_Anomaly_gait1_20000_38500_38800,gait1,,iforest,default,,0.01187,0.01298,0.6234,0.02274,3.49,nan,17.0,45000,1,0.00669,ok
ucr,167_UCR_Anomaly_gait1_20000_38500_38800,gait1,,iforest,tuned,"{'w': 400, 'n_estimators': 200}",0.06367,0.06465,0.61252,0.14988,11.59,9.84,0.0,45000,1,0.00669,ok
ucr,167_UCR_Anomaly_gait1_20000_38500_38800,gait1,,lof,default,,0.37064,0.31942,0.79624,0.52322,1.94,nan,17.0,45000,1,0.00669,ok
ucr,167_UCR_Anomaly_gait1_20000_38500_38800,gait1,,lof,tuned,"{'w': 100, 'k': 30}",0.46709,0.28115,0.99835,0.57436,4.57,5.52,0.0,45000,1,0.00669,ok
ucr,167_UCR_Anomaly_gait1_20000_38500_38800,gait1,,knn,default,,0.49444,0.24791,0.99828,0.59104,2.13,nan,17.0,45000,1,0.00669,ok
ucr,167_UCR_Anomaly_gait1_20000_38500_38800,gait1,,knn,tuned,"{'w': 100, 'k': 5}",0.49444,0.24791,0.99828,0.59104,4.59,3.65,0.0,45000,1,0.00669,ok
ucr,167_UCR_Anomaly_gait1_20000_38500_38800,gait1,,ae,default,,0.01839,0.01985,0.66435,0.04728,9.64,nan,42.5,45000,1,0.00669,ok
ucr,167_UCR_Anomaly_gait1_20000_38500_38800,gait1,,ae,tuned,"{'w': 200, 'hidden': 32, 'latent': 16}",0.11145,0.15783,0.73324,0.25051,9.96,45.76,0.0,45000,1,0.00669,ok
ucr,169_UCR_Anomaly_gait3_24500_59900_60500,gait3,,iforest,default,,0.0307,0.0529,0.81974,0.08091,3.29,nan,17.0,40500,1,0.01484,ok
ucr,169_UCR_Anomaly_gait3_24500_59900_60500,gait3,,iforest,tuned,"{'w': 100, 'n_estimators': 200}",0.0307,0.0529,0.81974,0.08091,4.77,11.06,0.0,40500,1,0.01484,ok
ucr,169_UCR_Anomaly_gait3_24500_59900_60500,gait3,,lof,default,,0.03252,0.04656,0.85385,0.06415,2.05,nan,17.0,40500,1,0.01484,ok
ucr,169_UCR_Anomaly_gait3_24500_59900_60500,gait3,,lof,tuned,"{'w': 100, 'k': 30}",0.03726,0.05286,0.84976,0.09741,3.32,5.97,0.0,40500,1,0.01484,ok
ucr,169_UCR_Anomaly_gait3_24500_59900_60500,gait3,,knn,default,,0.03654,0.04396,0.76567,0.07898,1.49,nan,17.0,40500,1,0.01484,ok
ucr,169_UCR_Anomaly_gait3_24500_59900_60500,gait3,,knn,tuned,"{'w': 100, 'k': 5}",0.03654,0.04396,0.76567,0.07898,2.96,4.18,0.0,40500,1,0.01484,ok
ucr,169_UCR_Anomaly_gait3_24500_59900_60500,gait3,,ae,default,,0.02971,0.03013,0.76564,0.06269,10.52,nan,40.3,40500,1,0.01484,ok
ucr,169_UCR_Anomaly_gait3_24500_59900_60500,gait3,,ae,tuned,"{'w': 200, 'hidden': 32, 'latent': 16}",0.02715,0.02939,0.84619,0.04405,10.2,53.33,0.0,40500,1,0.01484,ok
ucr,171_UCR_Anomaly_gaitHunt2_18500_31200_31850,gaitHunt2,,iforest,default,,0.1844,0.17448,0.77658,0.35363,3.57,nan,17.0,45500,1,0.01431,ok
ucr,171_UCR_Anomaly_gaitHunt2_18500_31200_31850,gaitHunt2,,iforest,tuned,"{'w': 100, 'n_estimators': 100}",0.20486,0.19035,0.78799,0.38826,4.19,10.01,0.0,45500,1,0.01431,ok
ucr,171_UCR_Anomaly_gaitHunt2_18500_31200_31850,gaitHunt2,,lof,default,,0.43542,0.46895,0.99338,0.65077,1.89,nan,17.0,45500,1,0.01431,ok
ucr,171_UCR_Anomaly_gaitHunt2_18500_31200_31850,gaitHunt2,,lof,tuned,"{'w': 100, 'k': 30}",0.5026,0.50998,0.99338,0.70696,3.37,4.72,0.0,45500,1,0.01431,ok
ucr,171_UCR_Anomaly_gaitHunt2_18500_31200_31850,gaitHunt2,,knn,default,,0.42979,0.42678,0.92913,0.61951,1.41,nan,17.0,45500,1,0.01431,ok
ucr,171_UCR_Anomaly_gaitHunt2_18500_31200_31850,gaitHunt2,,knn,tuned,"{'w': 100, 'k': 5}",0.42979,0.42678,0.92913,0.61951,3.13,3.21,0.0,45500,1,0.01431,ok
ucr,171_UCR_Anomaly_gaitHunt2_18500_31200_31850,gaitHunt2,,ae,default,,0.47426,0.39638,0.99387,0.61364,9.05,nan,42.4,45500,1,0.01431,ok
ucr,171_UCR_Anomaly_gaitHunt2_18500_31200_31850,gaitHunt2,,ae,tuned,"{'w': 200, 'hidden': 32, 'latent': 16}",0.13159,0.14137,0.78071,0.30901,13.5,46.25,0.0,45500,1,0.01431,ok
ucr,173_UCR_Anomaly_insectEPG1_3000_7000_7030,insectEPG1,,iforest,default,,0.03094,0.04468,0.88051,0.09764,1.78,nan,17.0,7001,1,0.00443,ok
ucr,173_UCR_Anomaly_insectEPG1_3000_7000_7030,insectEPG1,,iforest,tuned,"{'w': 50, 'n_estimators': 100}",0.07594,0.08185,0.87313,0.18019,1.73,7.97,0.0,7001,1,0.00443,ok
ucr,173_UCR_Anomaly_insectEPG1_3000_7000_7030,insectEPG1,,lof,default,,0.0095,0.01431,0.77349,0.0331,0.36,nan,17.0,7001,1,0.00443,ok
ucr,173_UCR_Anomaly_insectEPG1_3000_7000_7030,insectEPG1,,lof,tuned,"{'w': 50, 'k': 30}",0.07027,0.08144,0.82999,0.18354,1.18,2.9,0.0,7001,1,0.00443,ok
ucr,173_UCR_Anomaly_insectEPG1_3000_7000_7030,insectEPG1,,knn,default,,0.02498,0.03393,0.80603,0.07732,0.15,nan,17.0,7001,1,0.00443,ok
ucr,173_UCR_Anomaly_insectEPG1_3000_7000_7030,insectEPG1,,knn,tuned,"{'w': 50, 'k': 3}",0.1053,0.13664,0.8529,0.25256,0.55,1.2,0.0,7001,1,0.00443,ok
ucr,173_UCR_Anomaly_insectEPG1_3000_7000_7030,insectEPG1,,ae,default,,0.00987,0.01366,0.7722,0.03251,1.55,nan,24.3,7001,1,0.00443,ok
ucr,173_UCR_Anomaly_insectEPG1_3000_7000_7030,insectEPG1,,ae,tuned,"{'w': 50, 'hidden': 64, 'latent': 8}",0.05847,0.06987,0.80139,0.15026,3.1,10.4,0.0,7001,1,0.00443,ok
ucr,175_UCR_Anomaly_insectEPG3_5200_7000_7050,insectEPG3,,iforest,default,,0.0275,0.03523,0.79999,0.08083,1.51,nan,17.0,4798,1,0.01063,ok
ucr,175_UCR_Anomaly_insectEPG3_5200_7000_7050,insectEPG3,,iforest,tuned,"{'w': 50, 'n_estimators': 200}",0.06917,0.06842,0.8339,0.16256,1.71,7.92,0.0,4798,1,0.01063,ok
ucr,175_UCR_Anomaly_insectEPG3_5200_7000_7050,insectEPG3,,lof,default,,0.00972,0.01533,0.7111,0.0,0.39,nan,17.0,4798,1,0.01063,ok
ucr,175_UCR_Anomaly_insectEPG3_5200_7000_7050,insectEPG3,,lof,tuned,"{'w': 50, 'k': 30}",0.06011,0.05921,0.75246,0.1553,0.91,3.01,0.0,4798,1,0.01063,ok
ucr,175_UCR_Anomaly_insectEPG3_5200_7000_7050,insectEPG3,,knn,default,,0.02215,0.02788,0.72031,0.06667,0.16,nan,17.0,4798,1,0.01063,ok
ucr,175_UCR_Anomaly_insectEPG3_5200_7000_7050,insectEPG3,,knn,tuned,"{'w': 50, 'k': 3}",0.07791,0.0789,0.76883,0.20588,0.54,1.35,0.0,4798,1,0.01063,ok
ucr,175_UCR_Anomaly_insectEPG3_5200_7000_7050,insectEPG3,,ae,default,,0.00861,0.01237,0.70812,0.0,2.04,nan,24.0,4798,1,0.01063,ok
ucr,175_UCR_Anomaly_insectEPG3_5200_7000_7050,insectEPG3,,ae,tuned,"{'w': 50, 'hidden': 32, 'latent': 16}",0.02693,0.02965,0.69683,0.07919,5.07,13.18,0.0,4798,1,0.01063,ok
ucr,177_UCR_Anomaly_insectEPG5_3200_8500_8501,insectEPG5,,iforest,default,,0.02922,0.05121,0.99619,0.05333,1.57,nan,17.0,6828,1,0.00029,ok
ucr,177_UCR_Anomaly_insectEPG5_3200_8500_8501,insectEPG5,,iforest,tuned,"{'w': 50, 'n_estimators': 200}",0.02269,0.04255,0.9959,0.05333,1.72,6.14,0.0,6828,1,0.00029,ok
ucr,177_UCR_Anomaly_insectEPG5_3200_8500_8501,insectEPG5,,lof,default,,0.06667,0.1045,0.99726,0.1,0.21,nan,17.0,6828,1,0.00029,ok
ucr,177_UCR_Anomaly_insectEPG5_3200_8500_8501,insectEPG5,,lof,tuned,"{'w': 50, 'k': 30}",0.04792,0.10745,0.99719,0.1,0.54,1.54,0.0,6828,1,0.00029,ok
ucr,177_UCR_Anomaly_insectEPG5_3200_8500_8501,insectEPG5,,knn,default,,0.06667,0.1045,0.99726,0.1,0.13,nan,17.0,6828,1,0.00029,ok
ucr,177_UCR_Anomaly_insectEPG5_3200_8500_8501,insectEPG5,,knn,tuned,"{'w': 50, 'k': 5}",0.0495,0.10745,0.99719,0.1,0.48,1.19,0.0,6828,1,0.00029,ok
ucr,177_UCR_Anomaly_insectEPG5_3200_8500_8501,insectEPG5,,ae,default,,0.053,0.11262,0.99733,0.1,1.6,nan,24.3,6828,1,0.00029,ok
ucr,177_UCR_Anomaly_insectEPG5_3200_8500_8501,insectEPG5,,ae,tuned,"{'w': 50, 'hidden': 64, 'latent': 8}",0.0495,0.10745,0.99719,0.1,3.24,7.95,0.0,6828,1,0.00029,ok
ucr,179_UCR_Anomaly_ltstdbs30791AS_23000_52600_52800,ltstdbs30791AS,,iforest,default,,0.74324,0.44461,0.99866,0.77912,2.81,nan,17.0,32000,1,0.00628,ok
ucr,179_UCR_Anomaly_ltstdbs30791AS_23000_52600_52800,ltstdbs30791AS,,iforest,tuned,"{'w': 100, 'n_estimators': 200}",0.74324,0.44461,0.99866,0.77912,4.07,10.85,0.0,32000,1,0.00628,ok
ucr,179_UCR_Anomaly_ltstdbs30791AS_23000_52600_52800,ltstdbs30791AS,,lof,default,,0.89658,0.70837,0.9981,0.87524,1.6,nan,17.0,32000,1,0.00628,ok
ucr,179_UCR_Anomaly_ltstdbs30791AS_23000_52600_52800,ltstdbs30791AS,,lof,tuned,"{'w': 200, 'k': 10}",0.96707,0.8802,0.99873,0.96512,2.0,5.6,0.0,32000,1,0.00628,ok
ucr,179_UCR_Anomaly_ltstdbs30791AS_23000_52600_52800,ltstdbs30791AS,,knn,default,,0.89235,0.69466,0.99813,0.87986,1.12,nan,17.0,32000,1,0.00628,ok
ucr,179_UCR_Anomaly_ltstdbs30791AS_23000_52600_52800,ltstdbs30791AS,,knn,tuned,"{'w': 100, 'k': 3}",0.89263,0.69552,0.99813,0.87986,2.31,3.84,0.0,32000,1,0.00628,ok
ucr,179_UCR_Anomaly_ltstdbs30791AS_23000_52600_52800,ltstdbs30791AS,,ae,default,,0.83854,0.68028,0.9981,0.86088,9.34,nan,36.2,32000,1,0.00628,ok
ucr,179_UCR_Anomaly_ltstdbs30791AS_23000_52600_52800,ltstdbs30791AS,,ae,tuned,"{'w': 100, 'hidden': 32, 'latent': 8}",0.84162,0.67518,0.99812,0.86389,10.54,49.57,0.0,32000,1,0.00628,ok
ucr,181_UCR_Anomaly_park3m_60000_72150_72495,park3m,,iforest,default,,0.31308,0.32822,0.87957,0.58158,2.98,nan,17.0,30000,1,0.01153,ok
ucr,181_UCR_Anomaly_park3m_60000_72150_72495,park3m,,iforest,tuned,"{'w': 400, 'n_estimators': 100}",0.82499,0.6634,0.99733,0.86924,5.98,19.52,0.0,30000,1,0.01153,ok
ucr,181_UCR_Anomaly_park3m_60000_72150_72495,park3m,,lof,default,,0.80525,0.64281,0.99646,0.85729,3.46,nan,17.0,30000,1,0.01153,ok
ucr,181_UCR_Anomaly_park3m_60000_72150_72495,park3m,,lof,tuned,"{'w': 100, 'k': 50}",0.80525,0.64281,0.99646,0.85729,4.69,24.68,0.0,30000,1,0.01153,ok
ucr,181_UCR_Anomaly_park3m_60000_72150_72495,park3m,,knn,default,,0.80801,0.6604,0.99638,0.90979,2.02,nan,17.0,30000,1,0.01153,ok
ucr,181_UCR_Anomaly_park3m_60000_72150_72495,park3m,,knn,tuned,"{'w': 100, 'k': 3}",0.83917,0.67679,0.99638,0.91347,3.14,14.66,0.0,30000,1,0.01153,ok
ucr,181_UCR_Anomaly_park3m_60000_72150_72495,park3m,,ae,default,,0.39855,0.24744,0.99691,0.55787,21.25,nan,38.7,30000,1,0.01153,ok
ucr,181_UCR_Anomaly_park3m_60000_72150_72495,park3m,,ae,tuned,"{'w': 50, 'hidden': 64, 'latent': 8}",0.14814,0.1115,0.77791,0.27553,50.96,152.93,0.0,30000,1,0.01153,ok
ucr,183_UCR_Anomaly_qtdbSel100MLII_4000_13400_13800,qtdbSel100MLII,,iforest,default,,0.01052,0.01396,0.64863,0.00231,2.42,nan,17.0,26000,1,0.01542,ok
ucr,183_UCR_Anomaly_qtdbSel100MLII_4000_13400_13800,qtdbSel100MLII,,iforest,tuned,"{'w': 50, 'n_estimators': 200}",0.0117,0.01573,0.663,0.01072,3.17,6.13,0.0,26000,1,0.01542,ok
ucr,183_UCR_Anomaly_qtdbSel100MLII_4000_13400_13800,qtdbSel100MLII,,lof,default,,0.01394,0.01831,0.66702,0.01382,0.72,nan,17.0,26000,1,0.01542,ok
ucr,183_UCR_Anomaly_qtdbSel100MLII_4000_13400_13800,qtdbSel100MLII,,lof,tuned,"{'w': 50, 'k': 30}",0.01222,0.01482,0.65148,0.00289,1.98,1.84,0.0,26000,1,0.01542,ok
ucr,183_UCR_Anomaly_qtdbSel100MLII_4000_13400_13800,qtdbSel100MLII,,knn,default,,0.01328,0.01686,0.65197,0.01059,0.48,nan,17.0,26000,1,0.01542,ok
ucr,183_UCR_Anomaly_qtdbSel100MLII_4000_13400_13800,qtdbSel100MLII,,knn,tuned,"{'w': 50, 'k': 5}",0.01382,0.01826,0.66778,0.01423,1.77,1.35,0.0,26000,1,0.01542,ok
ucr,183_UCR_Anomaly_qtdbSel100MLII_4000_13400_13800,qtdbSel100MLII,,ae,default,,0.01188,0.01525,0.64401,0.00466,3.06,nan,32.0,26000,1,0.01542,ok
ucr,183_UCR_Anomaly_qtdbSel100MLII_4000_13400_13800,qtdbSel100MLII,,ae,tuned,"{'w': 50, 'hidden': 64, 'latent': 8}",0.01328,0.01883,0.65961,0.01438,5.13,10.37,0.0,26000,1,0.01542,ok
ucr,185_UCR_Anomaly_resperation11_58000_110800_110801,resperation11,,iforest,default,,0.00027,0.0005,0.76922,0.00071,9.4,nan,17.0,137000,1,1e-05,ok
ucr,185_UCR_Anomaly_resperation11_58000_110800_110801,resperation11,,iforest,tuned,"{'w': 400, 'n_estimators': 200}",1e-05,3e-05,0.78808,0.0,33.69,21.23,0.0,137000,1,1e-05,ok
ucr,185_UCR_Anomaly_resperation11_58000_110800_110801,resperation11,,lof,default,,0.00467,0.0058,0.84136,0.00525,17.1,nan,17.0,137000,1,1e-05,ok
ucr,185_UCR_Anomaly_resperation11_58000_110800_110801,resperation11,,lof,tuned,"{'w': 100, 'k': 10}",0.33333,0.10184,0.8116,0.05556,18.28,19.78,0.0,137000,1,1e-05,ok
ucr,185_UCR_Anomaly_resperation11_58000_110800_110801,resperation11,,knn,default,,0.5,0.10184,0.98495,0.05556,10.88,nan,17.0,137000,1,1e-05,ok
ucr,185_UCR_Anomaly_resperation11_58000_110800_110801,resperation11,,knn,tuned,"{'w': 200, 'k': 1}",0.0061,0.00578,0.9161,0.00525,8.85,12.45,0.0,137000,1,1e-05,ok
ucr,185_UCR_Anomaly_resperation11_58000_110800_110801,resperation11,,ae,default,,0.5,0.08774,0.99987,0.05634,27.2,nan,80.9,137000,1,1e-05,ok
ucr,185_UCR_Anomaly_resperation11_58000_110800_110801,resperation11,,ae,tuned,"{'w': 100, 'hidden': 32, 'latent': 8}",0.5,0.08774,0.99987,0.05634,31.44,117.82,0.0,137000,1,1e-05,ok
ucr,187_UCR_Anomaly_resperation2_30000_168250_168250,resperation2,,iforest,default,,1e-05,2e-05,0.63901,0.0,10.85,nan,17.0,170051,1,1e-05,ok
ucr,187_UCR_Anomaly_resperation2_30000_168250_168250,resperation2,,iforest,tuned,"{'w': 400, 'n_estimators': 200}",1e-05,2e-05,0.61551,0.0,33.77,12.5,0.0,170051,1,1e-05,ok
ucr,187_UCR_Anomaly_resperation2_30000_168250_168250,resperation2,,lof,default,,1e-05,2e-05,0.51171,0.0,8.16,nan,17.0,170051,1,1e-05,ok
ucr,187_UCR_Anomaly_resperation2_30000_168250_168250,resperation2,,lof,tuned,"{'w': 100, 'k': 30}",1e-05,3e-05,0.51717,0.0,13.15,5.45,0.0,170051,1,1e-05,ok
ucr,187_UCR_Anomaly_resperation2_30000_168250_168250,resperation2,,knn,default,,1e-05,2e-05,0.53315,0.0,6.89,nan,17.0,170051,1,1e-05,ok
ucr,187_UCR_Anomaly_resperation2_30000_168250_168250,resperation2,,knn,tuned,"{'w': 100, 'k': 1}",1e-05,2e-05,0.53561,0.0,12.16,4.15,0.0,170051,1,1e-05,ok
ucr,187_UCR_Anomaly_resperation2_30000_168250_168250,resperation2,,ae,default,,1e-05,2e-05,0.57905,0.0,19.67,nan,91.7,170051,1,1e-05,ok
ucr,187_UCR_Anomaly_resperation2_30000_168250_168250,resperation2,,ae,tuned,"{'w': 100, 'hidden': 32, 'latent': 8}",1e-05,2e-05,0.59759,0.0,25.04,48.43,0.0,170051,1,1e-05,ok
ucr,189_UCR_Anomaly_resperation3_45000_158250_158251,resperation3,,iforest,default,,1e-05,3e-05,0.65418,0.0,9.73,nan,17.0,145100,1,1e-05,ok
ucr,189_UCR_Anomaly_resperation3_45000_158250_158251,resperation3,,iforest,tuned,"{'w': 400, 'n_estimators': 200}",1e-05,3e-05,0.67469,0.0,30.07,16.47,0.0,145100,1,1e-05,ok
ucr,189_UCR_Anomaly_resperation3_45000_158250_158251,resperation3,,lof,default,,2e-05,3e-05,0.53888,0.0,9.94,nan,17.0,145100,1,1e-05,ok
ucr,189_UCR_Anomaly_resperation3_45000_158250_158251,resperation3,,lof,tuned,"{'w': 50, 'k': 10}",2e-05,4e-05,0.59353,0.0,27.88,9.78,0.0,145100,1,1e-05,ok
ucr,189_UCR_Anomaly_resperation3_45000_158250_158251,resperation3,,knn,default,,1e-05,3e-05,0.57527,0.0,7.58,nan,17.0,145100,1,1e-05,ok
ucr,189_UCR_Anomaly_resperation3_45000_158250_158251,resperation3,,knn,tuned,"{'w': 100, 'k': 1}",1e-05,2e-05,0.57438,0.0,11.7,7.05,0.0,145100,1,1e-05,ok
ucr,189_UCR_Anomaly_resperation3_45000_158250_158251,resperation3,,ae,default,,1e-05,3e-05,0.60936,0.0,23.43,nan,83.9,145100,1,1e-05,ok
ucr,189_UCR_Anomaly_resperation3_45000_158250_158251,resperation3,,ae,tuned,"{'w': 200, 'hidden': 32, 'latent': 8}",1e-05,3e-05,0.56575,0.0,28.75,92.54,0.0,145100,1,1e-05,ok
ucr,191_UCR_Anomaly_resperation9_38000_143411_143511,resperation9,,iforest,default,,0.00158,0.00237,0.77078,0.00351,10.14,nan,17.0,157000,1,0.00064,ok
ucr,191_UCR_Anomaly_resperation9_38000_143411_143511,resperation9,,iforest,tuned,"{'w': 400, 'n_estimators': 200}",0.00072,0.00108,0.88798,0.0,32.06,14.73,0.0,157000,1,0.00064,ok
ucr,191_UCR_Anomaly_resperation9_38000_143411_143511,resperation9,,lof,default,,0.17144,0.0925,0.59235,0.17954,8.89,nan,17.0,157000,1,0.00064,ok
ucr,191_UCR_Anomaly_resperation9_38000_143411_143511,resperation9,,lof,tuned,"{'w': 100, 'k': 30}",0.31882,0.1223,0.59691,0.34631,14.46,8.84,0.0,157000,1,0.00064,ok
ucr,191_UCR_Anomaly_resperation9_38000_143411_143511,resperation9,,knn,default,,0.08802,0.07431,0.61134,0.17573,9.01,nan,17.0,157000,1,0.00064,ok
ucr,191_UCR_Anomaly_resperation9_38000_143411_143511,resperation9,,knn,tuned,"{'w': 200, 'k': 5}",0.00665,0.00817,0.59519,0.01921,10.42,6.17,0.0,157000,1,0.00064,ok
ucr,191_UCR_Anomaly_resperation9_38000_143411_143511,resperation9,,ae,default,,0.99548,0.14535,0.99999,0.80195,21.88,nan,88.2,157000,1,0.00064,ok
ucr,191_UCR_Anomaly_resperation9_38000_143411_143511,resperation9,,ae,tuned,"{'w': 100, 'hidden': 32, 'latent': 8}",0.88854,0.12896,0.9587,0.76719,27.72,64.93,0.0,157000,1,0.00064,ok
ucr,193_UCR_Anomaly_s20101m_10000_35774_35874,s20101m,,iforest,default,,0.00286,0.00388,0.58594,0.0,2.76,nan,17.0,30000,1,0.00337,ok
ucr,193_UCR_Anomaly_s20101m_10000_35774_35874,s20101m,,iforest,tuned,"{'w': 100, 'n_estimators': 200}",0.00286,0.00388,0.58594,0.0,3.87,7.91,0.0,30000,1,0.00337,ok
ucr,193_UCR_Anomaly_s20101m_10000_35774_35874,s20101m,,lof,default,,0.99608,0.70074,0.99938,0.8132,0.98,nan,17.0,30000,1,0.00337,ok
ucr,193_UCR_Anomaly_s20101m_10000_35774_35874,s20101m,,lof,tuned,"{'w': 100, 'k': 30}",0.98801,0.68346,0.99939,0.8132,2.0,2.88,0.0,30000,1,0.00337,ok
ucr,193_UCR_Anomaly_s20101m_10000_35774_35874,s20101m,,knn,default,,0.97364,0.68768,0.9994,0.8132,0.8,nan,17.0,30000,1,0.00337,ok
ucr,193_UCR_Anomaly_s20101m_10000_35774_35874,s20101m,,knn,tuned,"{'w': 100, 'k': 5}",0.97364,0.68768,0.9994,0.8132,1.84,2.06,0.0,30000,1,0.00337,ok
ucr,193_UCR_Anomaly_s20101m_10000_35774_35874,s20101m,,ae,default,,0.94093,0.45962,0.99937,0.79389,5.31,nan,34.7,30000,1,0.00337,ok
ucr,193_UCR_Anomaly_s20101m_10000_35774_35874,s20101m,,ae,tuned,"{'w': 100, 'hidden': 64, 'latent': 8}",0.88449,0.41633,0.99937,0.76765,6.14,22.98,0.0,30000,1,0.00337,ok
ucr,195_UCR_Anomaly_sel840mECG1_17000_51370_51740,sel840mECG1,,iforest,default,,0.04858,0.06666,0.8024,0.13196,3.68,nan,17.0,43000,1,0.00863,ok
ucr,195_UCR_Anomaly_sel840mECG1_17000_51370_51740,sel840mECG1,,iforest,tuned,"{'w': 100, 'n_estimators': 100}",0.04311,0.0583,0.77551,0.11527,4.07,9.44,0.0,43000,1,0.00863,ok
ucr,195_UCR_Anomaly_sel840mECG1_17000_51370_51740,sel840mECG1,,lof,default,,0.02982,0.03964,0.80847,0.06525,1.66,nan,17.0,43000,1,0.00863,ok
ucr,195_UCR_Anomaly_sel840mECG1_17000_51370_51740,sel840mECG1,,lof,tuned,"{'w': 100, 'k': 30}",0.04933,0.05763,0.90333,0.12731,3.05,4.43,0.0,43000,1,0.00863,ok
ucr,195_UCR_Anomaly_sel840mECG1_17000_51370_51740,sel840mECG1,,knn,default,,0.13823,0.11128,0.9392,0.30924,1.27,nan,17.0,43000,1,0.00863,ok
ucr,195_UCR_Anomaly_sel840mECG1_17000_51370_51740,sel840mECG1,,knn,tuned,"{'w': 100, 'k': 3}",0.18466,0.12303,0.96937,0.37416,3.11,3.08,0.0,43000,1,0.00863,ok
ucr,195_UCR_Anomaly_sel840mECG1_17000_51370_51740,sel840mECG1,,ae,default,,0.28308,0.12678,0.99784,0.41457,8.23,nan,40.1,43000,1,0.00863,ok
ucr,195_UCR_Anomaly_sel840mECG1_17000_51370_51740,sel840mECG1,,ae,tuned,"{'w': 100, 'hidden': 32, 'latent': 8}",0.12188,0.09379,0.92343,0.26199,9.83,39.13,0.0,43000,1,0.00863,ok
ucr,197_UCR_Anomaly_tiltAPB1_100000_114283_114350,tiltAPB1,,iforest,default,,0.21635,0.16696,0.66075,0.2807,3.14,nan,17.0,30001,1,0.00227,ok
ucr,197_UCR_Anomaly_tiltAPB1_100000_114283_114350,tiltAPB1,,iforest,tuned,"{'w': 400, 'n_estimators': 100}",0.04208,0.07196,0.51056,0.1371,5.97,29.25,0.0,30001,1,0.00227,ok
ucr,197_UCR_Anomaly_tiltAPB1_100000_114283_114350,tiltAPB1,,lof,default,,0.05302,0.06306,0.70256,0.13763,7.33,nan,17.0,30001,1,0.00227,ok
ucr,197_UCR_Anomaly_tiltAPB1_100000_114283_114350,tiltAPB1,,lof,tuned,"{'w': 200, 'k': 30}",0.02255,0.02953,0.66266,0.0624,4.48,32.29,0.0,30001,1,0.00227,ok
ucr,197_UCR_Anomaly_tiltAPB1_100000_114283_114350,tiltAPB1,,knn,default,,0.7138,0.44958,0.99941,0.77273,3.24,nan,17.0,30001,1,0.00227,ok
ucr,197_UCR_Anomaly_tiltAPB1_100000_114283_114350,tiltAPB1,,knn,tuned,"{'w': 200, 'k': 3}",0.98417,0.47932,0.99966,0.78814,2.69,20.87,0.0,30001,1,0.00227,ok
ucr,197_UCR_Anomaly_tiltAPB1_100000_114283_114350,tiltAPB1,,ae,default,,0.53675,0.42351,0.99893,0.6156,35.16,nan,42.4,30001,1,0.00227,ok
ucr,197_UCR_Anomaly_tiltAPB1_100000_114283_114350,tiltAPB1,,ae,tuned,"{'w': 200, 'hidden': 64, 'latent': 8}",0.97647,0.49674,0.99967,0.78936,21.42,171.83,0.0,30001,1,0.00227,ok
ucr,199_UCR_Anomaly_tiltAPB3_40000_114000_114370,tiltAPB3,,iforest,default,,0.00231,0.00308,0.7078,0.0,5.93,nan,17.0,89489,1,0.00415,ok
ucr,199_UCR_Anomaly_tiltAPB3_40000_114000_114370,tiltAPB3,,iforest,tuned,"{'w': 200, 'n_estimators': 200}",0.00209,0.00343,0.72512,0.0,12.07,15.48,0.0,89489,1,0.00415,ok
ucr,199_UCR_Anomaly_tiltAPB3_40000_114000_114370,tiltAPB3,,lof,default,,0.00688,0.00806,0.81732,0.0145,5.84,nan,17.0,89489,1,0.00415,ok
ucr,199_UCR_Anomaly_tiltAPB3_40000_114000_114370,tiltAPB3,,lof,tuned,"{'w': 200, 'k': 30}",0.00745,0.00931,0.82892,0.0164,6.13,8.56,0.0,89489,1,0.00415,ok
ucr,199_UCR_Anomaly_tiltAPB3_40000_114000_114370,tiltAPB3,,knn,default,,0.00642,0.00776,0.83834,0.00843,4.3,nan,17.0,89489,1,0.00415,ok
ucr,199_UCR_Anomaly_tiltAPB3_40000_114000_114370,tiltAPB3,,knn,tuned,"{'w': 200, 'k': 3}",0.00965,0.01168,0.84417,0.02233,5.55,6.14,0.0,89489,1,0.00415,ok
ucr,199_UCR_Anomaly_tiltAPB3_40000_114000_114370,tiltAPB3,,ae,default,,0.00433,0.00579,0.85819,0.0,19.01,nan,61.3,89489,1,0.00415,ok
ucr,199_UCR_Anomaly_tiltAPB3_40000_114000_114370,tiltAPB3,,ae,tuned,"{'w': 100, 'hidden': 64, 'latent': 8}",0.00413,0.00551,0.85262,0.0,22.76,86.67,0.0,89489,1,0.00415,ok
ucr,201_UCR_Anomaly_CHARISfive_10000_17001_17016,CHARISfive,,iforest,default,,0.00375,0.00536,0.50472,0.00891,2.79,nan,17.0,31347,1,0.00051,ok
ucr,201_UCR_Anomaly_CHARISfive_10000_17001_17016,CHARISfive,,iforest,tuned,"{'w': 50, 'n_estimators': 100}",0.92361,0.17657,0.99992,0.89655,2.87,7.96,0.0,31347,1,0.00051,ok
ucr,201_UCR_Anomaly_CHARISfive_10000_17001_17016,CHARISfive,,lof,default,,0.72015,0.20849,0.99979,0.58211,1.01,nan,17.0,31347,1,0.00051,ok
ucr,201_UCR_Anomaly_CHARISfive_10000_17001_17016,CHARISfive,,lof,tuned,"{'w': 50, 'k': 30}",0.66699,0.12608,0.99974,0.41754,2.95,2.79,0.0,31347,1,0.00051,ok
ucr,201_UCR_Anomaly_CHARISfive_10000_17001_17016,CHARISfive,,knn,default,,0.90781,0.18879,0.99993,0.89655,0.74,nan,17.0,31347,1,0.00051,ok
ucr,201_UCR_Anomaly_CHARISfive_10000_17001_17016,CHARISfive,,knn,tuned,"{'w': 50, 'k': 3}",0.92338,0.12631,0.99993,0.89655,2.52,2.3,0.0,31347,1,0.00051,ok
ucr,201_UCR_Anomaly_CHARISfive_10000_17001_17016,CHARISfive,,ae,default,,0.15884,0.10649,0.61058,0.1746,5.17,nan,34.7,31347,1,0.00051,ok
ucr,201_UCR_Anomaly_CHARISfive_10000_17001_17016,CHARISfive,,ae,tuned,"{'w': 50, 'hidden': 64, 'latent': 8}",0.6546,0.15052,0.99974,0.41754,10.66,22.46,0.0,31347,1,0.00051,ok
ucr,203_UCR_Anomaly_CHARISfive_10500_10995_11028,CHARISfive,,iforest,default,,0.00249,0.00402,0.8147,0.00915,2.72,nan,17.0,31112,1,0.00109,ok
ucr,203_UCR_Anomaly_CHARISfive_10500_10995_11028,CHARISfive,,iforest,tuned,"{'w': 100, 'n_estimators': 100}",0.00263,0.00429,0.87382,0.00956,3.06,7.81,0.0,31112,1,0.00109,ok
ucr,203_UCR_Anomaly_CHARISfive_10500_10995_11028,CHARISfive,,lof,default,,0.00079,0.00118,0.5121,0.0,0.99,nan,17.0,31112,1,0.00109,ok
ucr,203_UCR_Anomaly_CHARISfive_10500_10995_11028,CHARISfive,,lof,tuned,"{'w': 50, 'k': 50}",0.02479,0.02097,0.51763,0.05673,3.4,2.99,0.0,31112,1,0.00109,ok
ucr,203_UCR_Anomaly_CHARISfive_10500_10995_11028,CHARISfive,,knn,default,,0.00201,0.00275,0.49442,0.00443,0.76,nan,17.0,31112,1,0.00109,ok
ucr,203_UCR_Anomaly_CHARISfive_10500_10995_11028,CHARISfive,,knn,tuned,"{'w': 50, 'k': 5}",0.01856,0.01641,0.50006,0.04158,2.63,2.36,0.0,31112,1,0.00109,ok
ucr,203_UCR_Anomaly_CHARISfive_10500_10995_11028,CHARISfive,,ae,default,,0.00099,0.00152,0.51379,0.0,5.31,nan,34.7,31112,1,0.00109,ok
ucr,203_UCR_Anomaly_CHARISfive_10500_10995_11028,CHARISfive,,ae,tuned,"{'w': 100, 'hidden': 32, 'latent': 8}",0.00098,0.00156,0.53666,0.0,6.68,23.63,0.0,31112,1,0.00109,ok
ucr,205_UCR_Anomaly_CHARISfive_9812_28995_29085,CHARISfive,,iforest,default,,0.00153,0.00377,0.55631,0.0,2.8,nan,17.0,30058,1,0.00303,ok
ucr,205_UCR_Anomaly_CHARISfive_9812_28995_29085,CHARISfive,,iforest,tuned,"{'w': 400, 'n_estimators': 200}",0.00158,0.0027,0.56002,0.0,6.81,7.49,0.0,30058,1,0.00303,ok
ucr,205_UCR_Anomaly_CHARISfive_9812_28995_29085,CHARISfive,,lof,default,,0.00195,0.00347,0.78139,0.00028,0.97,nan,17.0,30058,1,0.00303,ok
ucr,205_UCR_Anomaly_CHARISfive_9812_28995_29085,CHARISfive,,lof,tuned,"{'w': 100, 'k': 30}",0.00243,0.00421,0.78478,0.00086,2.04,2.92,0.0,30058,1,0.00303,ok
ucr,205_UCR_Anomaly_CHARISfive_9812_28995_29085,CHARISfive,,knn,default,,0.00264,0.00411,0.79633,0.00039,0.75,nan,17.0,30058,1,0.00303,ok
ucr,205_UCR_Anomaly_CHARISfive_9812_28995_29085,CHARISfive,,knn,tuned,"{'w': 100, 'k': 3}",0.00275,0.00431,0.79705,0.00061,2.09,2.05,0.0,30058,1,0.00303,ok
ucr,205_UCR_Anomaly_CHARISfive_9812_28995_29085,CHARISfive,,ae,default,,0.0018,0.00302,0.87058,0.0,5.05,nan,34.7,30058,1,0.00303,ok
ucr,205_UCR_Anomaly_CHARISfive_9812_28995_29085,CHARISfive,,ae,tuned,"{'w': 100, 'hidden': 32, 'latent': 8}",0.00172,0.00291,0.86974,0.0,8.29,23.49,0.0,30058,1,0.00303,ok
ucr,207_UCR_Anomaly_CHARISten_3165_26929_26989,CHARISten,,iforest,default,,0.00252,0.00399,0.59588,0.0,3.23,nan,17.0,36705,1,0.00166,ok
ucr,207_UCR_Anomaly_CHARISten_3165_26929_26989,CHARISten,,iforest,tuned,"{'w': 50, 'n_estimators': 200}",0.00259,0.00385,0.60308,0.00228,3.95,6.01,0.0,36705,1,0.00166,ok
ucr,207_UCR_Anomaly_CHARISten_3165_26929_26989,CHARISten,,lof,default,,0.01327,0.01788,0.60776,0.03743,0.88,nan,17.0,36705,1,0.00166,ok
ucr,207_UCR_Anomaly_CHARISten_3165_26929_26989,CHARISten,,lof,tuned,"{'w': 100, 'k': 50}",0.01327,0.01788,0.60776,0.03743,2.81,1.99,0.0,36705,1,0.00166,ok
ucr,207_UCR_Anomaly_CHARISten_3165_26929_26989,CHARISten,,knn,default,,0.01693,0.02538,0.62648,0.05128,0.95,nan,17.0,36705,1,0.00166,ok
ucr,207_UCR_Anomaly_CHARISten_3165_26929_26989,CHARISten,,knn,tuned,"{'w': 100, 'k': 3}",0.01753,0.02547,0.63196,0.05395,2.38,1.94,0.0,36705,1,0.00166,ok
ucr,207_UCR_Anomaly_CHARISten_3165_26929_26989,CHARISten,,ae,default,,0.00817,0.01085,0.60617,0.0226,3.51,nan,36.2,36705,1,0.00166,ok
ucr,207_UCR_Anomaly_CHARISten_3165_26929_26989,CHARISten,,ae,tuned,"{'w': 100, 'hidden': 32, 'latent': 16}",0.00779,0.0104,0.60619,0.02166,6.33,7.98,0.0,36705,1,0.00166,ok
ucr,209_UCR_Anomaly_Fantasia_19000_26970_27270,Fantasia,,iforest,default,,0.00397,0.00529,0.94551,0.00499,5.53,nan,17.0,73000,1,0.00412,ok
ucr,209_UCR_Anomaly_Fantasia_19000_26970_27270,Fantasia,,iforest,tuned,"{'w': 100, 'n_estimators': 200}",0.00397,0.00529,0.94551,0.00499,9.15,9.77,0.0,73000,1,0.00412,ok
ucr,209_UCR_Anomaly_Fantasia_19000_26970_27270,Fantasia,,lof,default,,0.01025,0.01245,0.77571,0.03042,2.91,nan,17.0,73000,1,0.00412,ok
ucr,209_UCR_Anomaly_Fantasia_19000_26970_27270,Fantasia,,lof,tuned,"{'w': 200, 'k': 10}",0.05722,0.06299,0.77387,0.13793,4.16,5.14,0.0,73000,1,0.00412,ok
ucr,209_UCR_Anomaly_Fantasia_19000_26970_27270,Fantasia,,knn,default,,0.05086,0.05424,0.9454,0.12013,2.39,nan,17.0,73000,1,0.00412,ok
ucr,209_UCR_Anomaly_Fantasia_19000_26970_27270,Fantasia,,knn,tuned,"{'w': 200, 'k': 1}",0.12049,0.15352,0.94516,0.33205,4.13,3.22,0.0,73000,1,0.00412,ok
ucr,209_UCR_Anomaly_Fantasia_19000_26970_27270,Fantasia,,ae,default,,0.45417,0.31909,0.99931,0.53064,10.21,nan,53.0,73000,1,0.00412,ok
ucr,209_UCR_Anomaly_Fantasia_19000_26970_27270,Fantasia,,ae,tuned,"{'w': 200, 'hidden': 32, 'latent': 16}",0.01888,0.02247,0.66874,0.04791,14.38,41.54,0.0,73000,1,0.00412,ok
ucr,211_UCR_Anomaly_Italianpowerdemand_38113_39240_39336,Italianpowerdemand,,iforest,default,,0.00381,0.0058,0.7748,0.01336,5.87,nan,17.0,81467,1,0.00119,ok
ucr,211_UCR_Anomaly_Italianpowerdemand_38113_39240_39336,Italianpowerdemand,,iforest,tuned,"{'w': 400, 'n_estimators': 100}",0.00343,0.00514,0.77411,0.01158,15.19,14.9,0.0,81467,1,0.00119,ok
ucr,211_UCR_Anomaly_Italianpowerdemand_38113_39240_39336,Italianpowerdemand,,lof,default,,0.00066,0.0011,0.71681,0.0,4.76,nan,17.0,81467,1,0.00119,ok
ucr,211_UCR_Anomaly_Italianpowerdemand_38113_39240_39336,Italianpowerdemand,,lof,tuned,"{'w': 200, 'k': 30}",0.00072,0.00111,0.67959,0.0,5.45,7.72,0.0,81467,1,0.00119,ok
ucr,211_UCR_Anomaly_Italianpowerdemand_38113_39240_39336,Italianpowerdemand,,knn,default,,0.00077,0.00123,0.72428,0.0,3.81,nan,17.0,81467,1,0.00119,ok
ucr,211_UCR_Anomaly_Italianpowerdemand_38113_39240_39336,Italianpowerdemand,,knn,tuned,"{'w': 200, 'k': 5}",0.00079,0.00121,0.68303,0.0,4.98,6.05,0.0,81467,1,0.00119,ok
ucr,211_UCR_Anomaly_Italianpowerdemand_38113_39240_39336,Italianpowerdemand,,ae,default,,0.00924,0.01254,0.67649,0.02613,17.22,nan,58.8,81467,1,0.00119,ok
ucr,211_UCR_Anomaly_Italianpowerdemand_38113_39240_39336,Italianpowerdemand,,ae,tuned,"{'w': 100, 'hidden': 64, 'latent': 16}",0.00924,0.01254,0.67649,0.02613,21.99,59.96,0.0,81467,1,0.00119,ok
ucr,213_UCR_Anomaly_STAFFIIIDatabase_33211_126920_127370,STAFFIIIDatabase,,iforest,default,,0.00533,0.00459,0.71043,0.01268,18.21,nan,17.0,266789,1,0.00169,ok
ucr,213_UCR_Anomaly_STAFFIIIDatabase_33211_126920_127370,STAFFIIIDatabase,,iforest,tuned,"{'w': 200, 'n_estimators': 200}",0.0046,0.00476,0.7087,0.00993,36.96,14.06,0.0,266789,1,0.00169,ok
ucr,213_UCR_Anomaly_STAFFIIIDatabase_33211_126920_127370,STAFFIIIDatabase,,lof,default,,0.03113,0.03414,0.73299,0.07598,13.06,nan,17.0,266789,1,0.00169,ok
ucr,213_UCR_Anomaly_STAFFIIIDatabase_33211_126920_127370,STAFFIIIDatabase,,lof,tuned,"{'w': 100, 'k': 10}",0.06285,0.06823,0.75312,0.13536,21.77,5.94,0.0,266789,1,0.00169,ok
ucr,213_UCR_Anomaly_STAFFIIIDatabase_33211_126920_127370,STAFFIIIDatabase,,knn,default,,0.26268,0.04362,0.97733,0.45681,11.63,nan,17.0,266789,1,0.00169,ok
ucr,213_UCR_Anomaly_STAFFIIIDatabase_33211_126920_127370,STAFFIIIDatabase,,knn,tuned,"{'w': 200, 'k': 3}",0.39159,0.11763,0.99951,0.54318,16.74,4.52,0.0,266789,1,0.00169,ok
ucr,213_UCR_Anomaly_STAFFIIIDatabase_33211_126920_127370,STAFFIIIDatabase,,ae,default,,0.31224,0.06251,0.99941,0.47166,26.88,nan,131.0,266789,1,0.00169,ok
ucr,213_UCR_Anomaly_STAFFIIIDatabase_33211_126920_127370,STAFFIIIDatabase,,ae,tuned,"{'w': 200, 'hidden': 32, 'latent': 8}",0.38571,0.08476,0.99949,0.48698,46.38,54.37,0.0,266789,1,0.00169,ok
ucr,215_UCR_Anomaly_STAFFIIIDatabase_36276_106720_107370,STAFFIIIDatabase,,iforest,default,,0.00243,0.0026,0.68384,0.00277,17.98,nan,17.0,263714,1,0.00247,ok
ucr,215_UCR_Anomaly_STAFFIIIDatabase_36276_106720_107370,STAFFIIIDatabase,,iforest,tuned,"{'w': 200, 'n_estimators': 200}",0.0022,0.00241,0.67768,0.00264,41.44,16.78,0.0,263714,1,0.00247,ok
ucr,215_UCR_Anomaly_STAFFIIIDatabase_36276_106720_107370,STAFFIIIDatabase,,lof,default,,0.04236,0.01309,0.8962,0.10691,13.91,nan,17.0,263714,1,0.00247,ok
ucr,215_UCR_Anomaly_STAFFIIIDatabase_36276_106720_107370,STAFFIIIDatabase,,lof,tuned,"{'w': 200, 'k': 30}",0.16797,0.09438,0.6609,0.2469,17.55,11.85,0.0,263714,1,0.00247,ok
ucr,215_UCR_Anomaly_STAFFIIIDatabase_36276_106720_107370,STAFFIIIDatabase,,knn,default,,0.17978,0.02384,0.973,0.24846,12.02,nan,17.0,263714,1,0.00247,ok
ucr,215_UCR_Anomaly_STAFFIIIDatabase_36276_106720_107370,STAFFIIIDatabase,,knn,tuned,"{'w': 100, 'k': 3}",0.19055,0.02578,0.98381,0.27498,22.21,6.43,0.0,263714,1,0.00247,ok
ucr,215_UCR_Anomaly_STAFFIIIDatabase_36276_106720_107370,STAFFIIIDatabase,,ae,default,,0.12011,0.01237,0.89997,0.18407,27.27,nan,130.6,263714,1,0.00247,ok
ucr,215_UCR_Anomaly_STAFFIIIDatabase_36276_106720_107370,STAFFIIIDatabase,,ae,tuned,"{'w': 100, 'hidden': 32, 'latent': 8}",0.00243,0.00282,0.66721,0.00304,37.44,77.68,0.0,263714,1,0.00247,ok
ucr,217_UCR_Anomaly_STAFFIIIDatabase_38211_150720_151370,STAFFIIIDatabase,,iforest,default,,0.0029,0.00326,0.62406,0.00169,15.71,nan,17.0,261479,1,0.00249,ok
ucr,217_UCR_Anomaly_STAFFIIIDatabase_38211_150720_151370,STAFFIIIDatabase,,iforest,tuned,"{'w': 200, 'n_estimators': 200}",0.00251,0.00275,0.62567,0.00047,38.67,14.67,0.0,261479,1,0.00249,ok
ucr,217_UCR_Anomaly_STAFFIIIDatabase_38211_150720_151370,STAFFIIIDatabase,,lof,default,,0.00619,0.00634,0.62626,0.01642,18.97,nan,17.0,261479,1,0.00249,ok
ucr,217_UCR_Anomaly_STAFFIIIDatabase_38211_150720_151370,STAFFIIIDatabase,,lof,tuned,"{'w': 200, 'k': 10}",0.01186,0.01196,0.60063,0.03033,18.91,12.82,0.0,261479,1,0.00249,ok
ucr,217_UCR_Anomaly_STAFFIIIDatabase_38211_150720_151370,STAFFIIIDatabase,,knn,default,,0.00434,0.00441,0.61468,0.01092,15.11,nan,17.0,261479,1,0.00249,ok
ucr,217_UCR_Anomaly_STAFFIIIDatabase_38211_150720_151370,STAFFIIIDatabase,,knn,tuned,"{'w': 200, 'k': 1}",0.00794,0.00776,0.60803,0.01859,16.56,6.82,0.0,261479,1,0.00249,ok
ucr,217_UCR_Anomaly_STAFFIIIDatabase_38211_150720_151370,STAFFIIIDatabase,,ae,default,,0.0049,0.00496,0.67455,0.01458,27.94,nan,130.1,261479,1,0.00249,ok
ucr,217_UCR_Anomaly_STAFFIIIDatabase_38211_150720_151370,STAFFIIIDatabase,,ae,tuned,"{'w': 200, 'hidden': 32, 'latent': 8}",0.00202,0.00222,0.65847,0.00083,46.65,74.7,0.0,261479,1,0.00249,ok
ucr,219_UCR_Anomaly_STAFFIIIDatabase_41612_64632_64852,STAFFIIIDatabase,,iforest,default,,0.00254,0.00268,0.66892,0.00569,15.56,nan,17.0,258228,1,0.00086,ok
ucr,219_UCR_Anomaly_STAFFIIIDatabase_41612_64632_64852,STAFFIIIDatabase,,iforest,tuned,"{'w': 400, 'n_estimators': 100}",0.0018,0.00205,0.66428,0.00503,54.7,14.79,0.0,258228,1,0.00086,ok
ucr,219_UCR_Anomaly_STAFFIIIDatabase_41612_64632_64852,STAFFIIIDatabase,,lof,default,,0.0069,0.01154,0.67713,0.02119,15.86,nan,17.0,258228,1,0.00086,ok
ucr,219_UCR_Anomaly_STAFFIIIDatabase_41612_64632_64852,STAFFIIIDatabase,,lof,tuned,"{'w': 100, 'k': 10}",0.01785,0.02267,0.68031,0.05411,23.19,7.5,0.0,258228,1,0.00086,ok
ucr,219_UCR_Anomaly_STAFFIIIDatabase_41612_64632_64852,STAFFIIIDatabase,,knn,default,,0.11321,0.04218,0.75825,0.17652,13.06,nan,17.0,258228,1,0.00086,ok
ucr,219_UCR_Anomaly_STAFFIIIDatabase_41612_64632_64852,STAFFIIIDatabase,,knn,tuned,"{'w': 200, 'k': 1}",0.0869,0.06991,0.66246,0.16161,16.87,6.21,0.0,258228,1,0.00086,ok
ucr,219_UCR_Anomaly_STAFFIIIDatabase_41612_64632_64852,STAFFIIIDatabase,,ae,default,,0.7637,0.10306,0.99994,0.78039,28.86,nan,128.5,258228,1,0.00086,ok
ucr,219_UCR_Anomaly_STAFFIIIDatabase_41612_64632_64852,STAFFIIIDatabase,,ae,tuned,"{'w': 100, 'hidden': 64, 'latent': 8}",0.773,0.10239,0.99995,0.78039,40.56,70.66,0.0,258228,1,0.00086,ok
ucr,221_UCR_Anomaly_STAFFIIIDatabase_45616_163632_164852,STAFFIIIDatabase,,iforest,default,,0.00487,0.00518,0.66626,0.00623,18.5,nan,17.0,252724,1,0.00483,ok
ucr,221_UCR_Anomaly_STAFFIIIDatabase_45616_163632_164852,STAFFIIIDatabase,,iforest,tuned,"{'w': 200, 'n_estimators': 200}",0.00535,0.00552,0.66462,0.00644,39.34,20.6,0.0,252724,1,0.00483,ok
ucr,221_UCR_Anomaly_STAFFIIIDatabase_45616_163632_164852,STAFFIIIDatabase,,lof,default,,0.16204,0.03833,0.99941,0.28484,15.27,nan,17.0,252724,1,0.00483,ok
ucr,221_UCR_Anomaly_STAFFIIIDatabase_45616_163632_164852,STAFFIIIDatabase,,lof,tuned,"{'w': 100, 'k': 50}",0.16204,0.03833,0.99941,0.28484,24.89,14.19,0.0,252724,1,0.00483,ok
ucr,221_UCR_Anomaly_STAFFIIIDatabase_45616_163632_164852,STAFFIIIDatabase,,knn,default,,0.20367,0.05217,0.99944,0.33414,13.53,nan,17.0,252724,1,0.00483,ok
ucr,221_UCR_Anomaly_STAFFIIIDatabase_45616_163632_164852,STAFFIIIDatabase,,knn,tuned,"{'w': 100, 'k': 1}",0.24166,0.06984,0.99944,0.34656,22.77,8.81,0.0,252724,1,0.00483,ok
ucr,221_UCR_Anomaly_STAFFIIIDatabase_45616_163632_164852,STAFFIIIDatabase,,ae,default,,0.22388,0.05221,0.99943,0.33174,29.99,nan,126.4,252724,1,0.00483,ok
ucr,221_UCR_Anomaly_STAFFIIIDatabase_45616_163632_164852,STAFFIIIDatabase,,ae,tuned,"{'w': 100, 'hidden': 32, 'latent': 8}",0.00721,0.00741,0.67588,0.01075,39.63,112.66,0.0,252724,1,0.00483,ok
ucr,223_UCR_Anomaly_mit14046longtermecg_74123_131200_131700,mit14046longtermecg,,iforest,default,,0.0027,0.00375,0.58268,0.00107,7.21,nan,17.0,106263,1,0.00471,ok
ucr,223_UCR_Anomaly_mit14046longtermecg_74123_131200_131700,mit14046longtermecg,,iforest,tuned,"{'w': 200, 'n_estimators': 200}",0.00257,0.00374,0.55849,0.0,15.23,24.26,0.0,106263,1,0.00471,ok
ucr,223_UCR_Anomaly_mit14046longtermecg_74123_131200_131700,mit14046longtermecg,,lof,default,,0.01213,0.01422,0.72623,0.02805,12.86,nan,17.0,106263,1,0.00471,ok
ucr,223_UCR_Anomaly_mit14046longtermecg_74123_131200_131700,mit14046longtermecg,,lof,tuned,"{'w': 100, 'k': 30}",0.01562,0.01896,0.76947,0.03798,14.33,27.82,0.0,106263,1,0.00471,ok
ucr,223_UCR_Anomaly_mit14046longtermecg_74123_131200_131700,mit14046longtermecg,,knn,default,,0.00713,0.00854,0.58063,0.0081,8.18,nan,17.0,106263,1,0.00471,ok
ucr,223_UCR_Anomaly_mit14046longtermecg_74123_131200_131700,mit14046longtermecg,,knn,tuned,"{'w': 100, 'k': 3}",0.00738,0.00877,0.57807,0.00917,11.93,16.5,0.0,106263,1,0.00471,ok
ucr,223_UCR_Anomaly_mit14046longtermecg_74123_131200_131700,mit14046longtermecg,,ae,default,,0.00485,0.00559,0.57882,0.00903,31.38,nan,70.8,106263,1,0.00471,ok
ucr,223_UCR_Anomaly_mit14046longtermecg_74123_131200_131700,mit14046longtermecg,,ae,tuned,"{'w': 100, 'hidden': 64, 'latent': 16}",0.00485,0.00559,0.57882,0.00903,34.12,151.57,0.0,106263,1,0.00471,ok
ucr,225_UCR_Anomaly_mit14046longtermecg_81214_143000_143300,mit14046longtermecg,,iforest,default,,0.00619,0.00697,0.52335,0.01558,8.23,nan,17.0,118785,1,0.00253,ok
ucr,225_UCR_Anomaly_mit14046longtermecg_81214_143000_143300,mit14046longtermecg,,iforest,tuned,"{'w': 200, 'n_estimators': 100}",0.00497,0.00633,0.517,0.01708,12.99,21.1,0.0,118785,1,0.00253,ok
ucr,225_UCR_Anomaly_mit14046longtermecg_81214_143000_143300,mit14046longtermecg,,lof,default,,0.22076,0.19602,0.64381,0.39133,12.76,nan,17.0,118785,1,0.00253,ok
ucr,225_UCR_Anomaly_mit14046longtermecg_81214_143000_143300,mit14046longtermecg,,lof,tuned,"{'w': 200, 'k': 30}",0.37282,0.33744,0.69838,0.58369,10.14,33.09,0.0,118785,1,0.00253,ok
ucr,225_UCR_Anomaly_mit14046longtermecg_81214_143000_143300,mit14046longtermecg,,knn,default,,0.0457,0.04261,0.51547,0.10314,9.52,nan,17.0,118785,1,0.00253,ok
ucr,225_UCR_Anomaly_mit14046longtermecg_81214_143000_143300,mit14046longtermecg,,knn,tuned,"{'w': 100, 'k': 3}",0.05082,0.04719,0.5144,0.11367,16.42,20.9,0.0,118785,1,0.00253,ok
ucr,225_UCR_Anomaly_mit14046longtermecg_81214_143000_143300,mit14046longtermecg,,ae,default,,0.04603,0.04536,0.51856,0.1116,34.11,nan,76.5,118785,1,0.00253,ok
ucr,225_UCR_Anomaly_mit14046longtermecg_81214_143000_143300,mit14046longtermecg,,ae,tuned,"{'w': 100, 'hidden': 64, 'latent': 16}",0.04603,0.04536,0.51856,0.1116,40.18,175.18,0.0,118785,1,0.00253,ok
ucr,227_UCR_Anomaly_mit14134longtermecg_11231_29000_29100,mit14134longtermecg,,iforest,default,,0.00294,0.00343,0.72377,0.00604,3.65,nan,17.0,48071,1,0.0021,ok
ucr,227_UCR_Anomaly_mit14134longtermecg_11231_29000_29100,mit14134longtermecg,,iforest,tuned,"{'w': 100, 'n_estimators': 100}",0.00287,0.00338,0.72316,0.00592,4.39,8.09,0.0,48071,1,0.0021,ok
ucr,227_UCR_Anomaly_mit14134longtermecg_11231_29000_29100,mit14134longtermecg,,lof,default,,0.05239,0.03914,0.72359,0.11922,1.5,nan,17.0,48071,1,0.0021,ok
ucr,227_UCR_Anomaly_mit14134longtermecg_11231_29000_29100,mit14134longtermecg,,lof,tuned,"{'w': 100, 'k': 50}",0.05239,0.03914,0.72359,0.11922,3.25,2.95,0.0,48071,1,0.0021,ok
ucr,227_UCR_Anomaly_mit14134longtermecg_11231_29000_29100,mit14134longtermecg,,knn,default,,0.76159,0.23163,0.99962,0.68197,1.29,nan,17.0,48071,1,0.0021,ok
ucr,227_UCR_Anomaly_mit14134longtermecg_11231_29000_29100,mit14134longtermecg,,knn,tuned,"{'w': 100, 'k': 3}",0.77616,0.23952,0.99962,0.68565,2.99,2.11,0.0,48071,1,0.0021,ok
ucr,227_UCR_Anomaly_mit14134longtermecg_11231_29000_29100,mit14134longtermecg,,ae,default,,0.01162,0.01059,0.72363,0.02946,6.78,nan,41.6,48071,1,0.0021,ok
ucr,227_UCR_Anomaly_mit14134longtermecg_11231_29000_29100,mit14134longtermecg,,ae,tuned,"{'w': 100, 'hidden': 32, 'latent': 8}",0.0029,0.00333,0.76367,0.00684,8.5,25.93,0.0,48071,1,0.0021,ok
ucr,229_UCR_Anomaly_mit14134longtermecg_16363_57960_57970,mit14134longtermecg,,iforest,default,,0.00063,0.00086,0.63246,0.00192,3.44,nan,17.0,42637,1,0.00026,ok
ucr,229_UCR_Anomaly_mit14134longtermecg_16363_57960_57970,mit14134longtermecg,,iforest,tuned,"{'w': 100, 'n_estimators': 200}",0.00063,0.00086,0.63246,0.00192,6.37,12.22,0.0,42637,1,0.00026,ok
ucr,229_UCR_Anomaly_mit14134longtermecg_16363_57960_57970,mit14134longtermecg,,lof,default,,0.00189,0.00316,0.64202,0.00596,2.15,nan,17.0,42637,1,0.00026,ok
ucr,229_UCR_Anomaly_mit14134longtermecg_16363_57960_57970,mit14134longtermecg,,lof,tuned,"{'w': 50, 'k': 30}",0.99242,0.11528,0.9999,0.66667,7.27,6.71,0.0,42637,1,0.00026,ok
ucr,229_UCR_Anomaly_mit14134longtermecg_16363_57960_57970,mit14134longtermecg,,knn,default,,0.00496,0.00853,0.65417,0.01429,1.84,nan,17.0,42637,1,0.00026,ok
ucr,229_UCR_Anomaly_mit14134longtermecg_16363_57960_57970,mit14134longtermecg,,knn,tuned,"{'w': 100, 'k': 3}",0.00523,0.00949,0.65449,0.01429,3.83,4.12,0.0,42637,1,0.00026,ok
ucr,229_UCR_Anomaly_mit14134longtermecg_16363_57960_57970,mit14134longtermecg,,ae,default,,0.11805,0.07454,0.70361,0.08871,10.03,nan,40.1,42637,1,0.00026,ok
ucr,229_UCR_Anomaly_mit14134longtermecg_16363_57960_57970,mit14134longtermecg,,ae,tuned,"{'w': 100, 'hidden': 64, 'latent': 8}",0.01385,0.0216,0.69661,0.0342,12.24,47.21,0.0,42637,1,0.00026,ok
ucr,231_UCR_Anomaly_mit14134longtermecg_8763_47530_47790,mit14134longtermecg,,iforest,default,,0.00357,0.00784,0.77781,0.00133,4.85,nan,17.0,50237,1,0.0052,ok
ucr,231_UCR_Anomaly_mit14134longtermecg_8763_47530_47790,mit14134longtermecg,,iforest,tuned,"{'w': 100, 'n_estimators': 200}",0.00357,0.00784,0.77781,0.00133,6.77,10.18,0.0,50237,1,0.0052,ok
ucr,231_UCR_Anomaly_mit14134longtermecg_8763_47530_47790,mit14134longtermecg,,lof,default,,0.01465,0.02902,0.77917,0.02754,1.41,nan,17.0,50237,1,0.0052,ok
ucr,231_UCR_Anomaly_mit14134longtermecg_8763_47530_47790,mit14134longtermecg,,lof,tuned,"{'w': 50, 'k': 30}",0.09883,0.10139,0.80076,0.2042,4.21,2.51,0.0,50237,1,0.0052,ok
ucr,231_UCR_Anomaly_mit14134longtermecg_8763_47530_47790,mit14134longtermecg,,knn,default,,0.03197,0.04923,0.81657,0.08534,1.15,nan,17.0,50237,1,0.0052,ok
ucr,231_UCR_Anomaly_mit14134longtermecg_8763_47530_47790,mit14134longtermecg,,knn,tuned,"{'w': 50, 'k': 3}",0.02775,0.0472,0.90695,0.06549,3.76,1.78,0.0,50237,1,0.0052,ok
ucr,231_UCR_Anomaly_mit14134longtermecg_8763_47530_47790,mit14134longtermecg,,ae,default,,0.00298,0.00513,0.67277,0.00037,6.77,nan,43.0,50237,1,0.0052,ok
ucr,231_UCR_Anomaly_mit14134longtermecg_8763_47530_47790,mit14134longtermecg,,ae,tuned,"{'w': 100, 'hidden': 64, 'latent': 8}",0.00302,0.00717,0.77828,0.00084,9.27,23.51,0.0,50237,1,0.0052,ok
ucr,233_UCR_Anomaly_mit14157longtermecg_18913_24500_24501,mit14157longtermecg,,iforest,default,,0.00158,0.00359,0.76831,0.00346,5.5,nan,17.0,73797,1,3e-05,ok
ucr,233_UCR_Anomaly_mit14157longtermecg_18913_24500_24501,mit14157longtermecg,,iforest,tuned,"{'w': 100, 'n_estimators': 100}",0.00158,0.00359,0.76914,0.00346,6.43,12.48,0.0,73797,1,3e-05,ok
ucr,233_UCR_Anomaly_mit14157longtermecg_18913_24500_24501,mit14157longtermecg,,lof,default,,0.00226,0.00532,0.76333,0.0051,4.22,nan,17.0,73797,1,3e-05,ok
ucr,233_UCR_Anomaly_mit14157longtermecg_18913_24500_24501,mit14157longtermecg,,lof,tuned,"{'w': 100, 'k': 30}",0.00236,0.00539,0.76218,0.0051,6.78,7.97,0.0,73797,1,3e-05,ok
ucr,233_UCR_Anomaly_mit14157longtermecg_18913_24500_24501,mit14157longtermecg,,knn,default,,0.00358,0.00539,0.74907,0.0051,3.38,nan,17.0,73797,1,3e-05,ok
ucr,233_UCR_Anomaly_mit14157longtermecg_18913_24500_24501,mit14157longtermecg,,knn,tuned,"{'w': 100, 'k': 3}",0.00346,0.00539,0.73356,0.0051,6.17,4.69,0.0,73797,1,3e-05,ok
ucr,233_UCR_Anomaly_mit14157longtermecg_18913_24500_24501,mit14157longtermecg,,ae,default,,0.00274,0.00539,0.73208,0.0051,13.59,nan,52.7,73797,1,3e-05,ok
ucr,233_UCR_Anomaly_mit14157longtermecg_18913_24500_24501,mit14157longtermecg,,ae,tuned,"{'w': 100, 'hidden': 32, 'latent': 16}",0.00299,0.00539,0.74985,0.0051,17.43,51.57,0.0,73797,1,3e-05,ok
ucr,235_UCR_Anomaly_mit14157longtermecg_18913_75450_75451,mit14157longtermecg,,iforest,default,,0.00189,0.00296,0.9704,0.0048,6.91,nan,17.0,78387,1,3e-05,ok
ucr,235_UCR_Anomaly_mit14157longtermecg_18913_75450_75451,mit14157longtermecg,,iforest,tuned,"{'w': 100, 'n_estimators': 100}",0.00185,0.00291,0.97038,0.0048,8.57,13.07,0.0,78387,1,3e-05,ok
ucr,235_UCR_Anomaly_mit14157longtermecg_18913_75450_75451,mit14157longtermecg,,lof,default,,0.00211,0.00501,0.81315,0.0048,4.62,nan,17.0,78387,1,3e-05,ok
ucr,235_UCR_Anomaly_mit14157longtermecg_18913_75450_75451,mit14157longtermecg,,lof,tuned,"{'w': 100, 'k': 30}",0.00271,0.00508,0.81136,0.0048,7.45,7.62,0.0,78387,1,3e-05,ok
ucr,235_UCR_Anomaly_mit14157longtermecg_18913_75450_75451,mit14157longtermecg,,knn,default,,0.00528,0.01015,0.82582,0.00913,3.87,nan,17.0,78387,1,3e-05,ok
ucr,235_UCR_Anomaly_mit14157longtermecg_18913_75450_75451,mit14157longtermecg,,knn,tuned,"{'w': 100, 'k': 3}",0.0058,0.01015,0.82602,0.00913,7.19,5.23,0.0,78387,1,3e-05,ok
ucr,235_UCR_Anomaly_mit14157longtermecg_18913_75450_75451,mit14157longtermecg,,ae,default,,0.00554,0.01015,0.81919,0.00915,14.02,nan,55.1,78387,1,3e-05,ok
ucr,235_UCR_Anomaly_mit14157longtermecg_18913_75450_75451,mit14157longtermecg,,ae,tuned,"{'w': 100, 'hidden': 32, 'latent': 16}",0.0047,0.01015,0.81847,0.00915,17.13,50.36,0.0,78387,1,3e-05,ok
ucr,237_UCR_Anomaly_mit14157longtermecg_19313_89560_90370,mit14157longtermecg,,iforest,default,,0.05658,0.06,0.65104,0.15414,6.92,nan,17.0,77687,1,0.01044,ok
ucr,237_UCR_Anomaly_mit14157longtermecg_19313_89560_90370,mit14157longtermecg,,iforest,tuned,"{'w': 100, 'n_estimators': 100}",0.05925,0.06352,0.6636,0.16253,8.54,13.37,0.0,77687,1,0.01044,ok
ucr,237_UCR_Anomaly_mit14157longtermecg_19313_89560_90370,mit14157longtermecg,,lof,default,,0.1526,0.15622,0.7177,0.33475,4.56,nan,17.0,77687,1,0.01044,ok
ucr,237_UCR_Anomaly_mit14157longtermecg_19313_89560_90370,mit14157longtermecg,,lof,tuned,"{'w': 100, 'k': 30}",0.16642,0.16424,0.71958,0.35716,8.23,7.72,0.0,77687,1,0.01044,ok
ucr,237_UCR_Anomaly_mit14157longtermecg_19313_89560_90370,mit14157longtermecg,,knn,default,,0.17817,0.17698,0.70687,0.36365,3.62,nan,17.0,77687,1,0.01044,ok
ucr,237_UCR_Anomaly_mit14157longtermecg_19313_89560_90370,mit14157longtermecg,,knn,tuned,"{'w': 100, 'k': 3}",0.18263,0.17991,0.70738,0.36671,7.16,4.79,0.0,77687,1,0.01044,ok
ucr,237_UCR_Anomaly_mit14157longtermecg_19313_89560_90370,mit14157longtermecg,,ae,default,,0.12988,0.13422,0.71002,0.3003,14.57,nan,55.0,77687,1,0.01044,ok
ucr,237_UCR_Anomaly_mit14157longtermecg_19313_89560_90370,mit14157longtermecg,,ae,tuned,"{'w': 100, 'hidden': 32, 'latent': 16}",0.1102,0.11071,0.70368,0.26858,15.93,46.13,0.0,77687,1,0.01044,ok
ucr,239_UCR_Anomaly_taichidbS0715Master_190037_593450_593514,taichidbS0715Master,,iforest,default,,0.00325,0.00348,0.66553,0.00814,48.63,nan,17.0,707630,1,9e-05,ok
ucr,239_UCR_Anomaly_taichidbS0715Master_190037_593450_593514,taichidbS0715Master,,iforest,tuned,"{'w': 400, 'n_estimators': 100}",0.00064,0.00094,0.67065,0.00167,174.42,52.3,0.0,707630,1,9e-05,ok
ucr,239_UCR_Anomaly_taichidbS0715Master_190037_593450_593514,taichidbS0715Master,,lof,default,,0.04922,0.01189,0.79256,0.13516,221.52,nan,17.0,707630,1,9e-05,ok
ucr,239_UCR_Anomaly_taichidbS0715Master_190037_593450_593514,taichidbS0715Master,,lof,tuned,"{'w': 50, 'k': 10}",0.00153,0.0033,0.6562,0.00595,440.36,155.91,0.0,707630,1,9e-05,ok
ucr,239_UCR_Anomaly_taichidbS0715Master_190037_593450_593514,taichidbS0715Master,,knn,default,,0.01392,0.01985,0.70138,0.03257,116.77,nan,17.0,707630,1,9e-05,ok
ucr,239_UCR_Anomaly_taichidbS0715Master_190037_593450_593514,taichidbS0715Master,,knn,tuned,"{'w': 100, 'k': 1}",0.02137,0.01843,0.70024,0.03257,129.46,64.67,0.0,707630,1,9e-05,ok
ucr,239_UCR_Anomaly_taichidbS0715Master_190037_593450_593514,taichidbS0715Master,,ae,default,,0.0014,0.00168,0.6951,0.00336,105.01,nan,319.6,707630,1,9e-05,ok
ucr,239_UCR_Anomaly_taichidbS0715Master_190037_593450_593514,taichidbS0715Master,,ae,tuned,"{'w': 50, 'hidden': 64, 'latent': 16}",0.00056,0.00082,0.66538,0.00151,194.4,452.76,0.0,707630,1,9e-05,ok
ucr,241_UCR_Anomaly_taichidbS0715Master_250000_837400_839100,taichidbS0715Master,,iforest,default,,0.00263,0.00273,0.66835,0.00555,39.2,nan,17.0,650000,1,0.00262,ok
ucr,241_UCR_Anomaly_taichidbS0715Master_250000_837400_839100,taichidbS0715Master,,iforest,tuned,"{'w': 400, 'n_estimators': 100}",0.00238,0.00245,0.66576,0.00272,128.14,59.72,0.0,650000,1,0.00262,ok
ucr,241_UCR_Anomaly_taichidbS0715Master_250000_837400_839100,taichidbS0715Master,,lof,default,,0.00999,0.00998,0.74701,0.03005,168.78,nan,17.0,650000,1,0.00262,ok
ucr,241_UCR_Anomaly_taichidbS0715Master_250000_837400_839100,taichidbS0715Master,,lof,tuned,"{'w': 50, 'k': 10}",0.01335,0.0122,0.71137,0.03952,726.24,195.32,0.0,650000,1,0.00262,ok
ucr,241_UCR_Anomaly_taichidbS0715Master_250000_837400_839100,taichidbS0715Master,,knn,default,,0.00808,0.00884,0.74131,0.01886,147.72,nan,17.0,650000,1,0.00262,ok
ucr,241_UCR_Anomaly_taichidbS0715Master_250000_837400_839100,taichidbS0715Master,,knn,tuned,"{'w': 50, 'k': 1}",0.00975,0.00987,0.7605,0.03118,389.56,80.95,0.0,650000,1,0.00262,ok
ucr,241_UCR_Anomaly_taichidbS0715Master_250000_837400_839100,taichidbS0715Master,,ae,default,,0.0022,0.00235,0.71257,0.00085,126.94,nan,302.3,650000,1,0.00262,ok
ucr,241_UCR_Anomaly_taichidbS0715Master_250000_837400_839100,taichidbS0715Master,,ae,tuned,"{'w': 50, 'hidden': 64, 'latent': 16}",0.00246,0.00262,0.8134,0.00102,249.16,528.34,0.0,650000,1,0.00262,ok
ucr,243_UCR_Anomaly_tilt12744mtable_100000_203355_203400,tilt12744mtable,,iforest,default,,0.00163,0.00241,0.62044,0.00422,10.36,nan,17.0,150001,1,0.00031,ok
ucr,243_UCR_Anomaly_tilt12744mtable_100000_203355_203400,tilt12744mtable,,iforest,tuned,"{'w': 400, 'n_estimators': 100}",0.00078,0.00122,0.56007,0.00263,30.13,30.63,0.0,150001,1,0.00031,ok
ucr,243_UCR_Anomaly_tilt12744mtable_100000_203355_203400,tilt12744mtable,,lof,default,,0.00946,0.01451,0.67828,0.0267,16.05,nan,17.0,150001,1,0.00031,ok
ucr,243_UCR_Anomaly_tilt12744mtable_100000_203355_203400,tilt12744mtable,,lof,tuned,"{'w': 200, 'k': 10}",0.19974,0.04604,0.73983,0.10478,13.43,28.83,0.0,150001,1,0.00031,ok
ucr,243_UCR_Anomaly_tilt12744mtable_100000_203355_203400,tilt12744mtable,,knn,default,,0.01741,0.02863,0.6768,0.04548,13.69,nan,17.0,150001,1,0.00031,ok
ucr,243_UCR_Anomaly_tilt12744mtable_100000_203355_203400,tilt12744mtable,,knn,tuned,"{'w': 200, 'k': 3}",0.01086,0.01564,0.61029,0.03103,12.6,19.46,0.0,150001,1,0.00031,ok
ucr,243_UCR_Anomaly_tilt12744mtable_100000_203355_203400,tilt12744mtable,,ae,default,,0.01436,0.02469,0.61086,0.03846,43.89,nan,90.7,150001,1,0.00031,ok
ucr,243_UCR_Anomaly_tilt12744mtable_100000_203355_203400,tilt12744mtable,,ae,tuned,"{'w': 100, 'hidden': 32, 'latent': 8}",0.01336,0.02773,0.60527,0.03846,50.35,178.25,0.0,150001,1,0.00031,ok
ucr,245_UCR_Anomaly_tilt12754table_100211_270800_271070,tilt12754table,,iforest,default,,0.01432,0.01821,0.58219,0.037,14.09,nan,17.0,198536,1,0.00136,ok
ucr,245_UCR_Anomaly_tilt12754table_100211_270800_271070,tilt12754table,,iforest,tuned,"{'w': 200, 'n_estimators': 200}",0.02163,0.03027,0.52496,0.0634,29.46,28.57,0.0,198536,1,0.00136,ok
ucr,245_UCR_Anomaly_tilt12754table_100211_270800_271070,tilt12754table,,lof,default,,0.00407,0.00468,0.86191,0.01037,20.33,nan,17.0,198536,1,0.00136,ok
ucr,245_UCR_Anomaly_tilt12754table_100211_270800_271070,tilt12754table,,lof,tuned,"{'w': 100, 'k': 10}",0.01027,0.01045,0.82562,0.02786,27.22,41.57,0.0,198536,1,0.00136,ok
ucr,245_UCR_Anomaly_tilt12754table_100211_270800_271070,tilt12754table,,knn,default,,0.06642,0.05578,0.76208,0.11787,17.77,nan,17.0,198536,1,0.00136,ok
ucr,245_UCR_Anomaly_tilt12754table_100211_270800_271070,tilt12754table,,knn,tuned,"{'w': 200, 'k': 3}",0.08674,0.07945,0.67708,0.16029,16.35,25.35,0.0,198536,1,0.00136,ok
ucr,245_UCR_Anomaly_tilt12754table_100211_270800_271070,tilt12754table,,ae,default,,0.05361,0.07039,0.66656,0.13387,46.37,nan,109.6,198536,1,0.00136,ok
ucr,245_UCR_Anomaly_tilt12754table_100211_270800_271070,tilt12754table,,ae,tuned,"{'w': 50, 'hidden': 64, 'latent': 16}",0.03356,0.03679,0.66451,0.09291,100.48,258.68,0.0,198536,1,0.00136,ok
ucr,247_UCR_Anomaly_tilt12755mtable_50211_121900_121980,tilt12755mtable,,iforest,default,,0.00099,0.00159,0.80048,0.00181,10.46,nan,17.0,149789,1,0.00054,ok
ucr,247_UCR_Anomaly_tilt12755mtable_50211_121900_121980,tilt12755mtable,,iforest,tuned,"{'w': 200, 'n_estimators': 200}",0.00114,0.00187,0.82525,0.00436,22.3,16.07,0.0,149789,1,0.00054,ok
ucr,247_UCR_Anomaly_tilt12755mtable_50211_121900_121980,tilt12755mtable,,lof,default,,0.04042,0.05007,0.92224,0.10819,8.74,nan,17.0,149789,1,0.00054,ok
ucr,247_UCR_Anomaly_tilt12755mtable_50211_121900_121980,tilt12755mtable,,lof,tuned,"{'w': 100, 'k': 30}",0.03686,0.06685,0.92764,0.09706,13.99,11.16,0.0,149789,1,0.00054,ok
ucr,247_UCR_Anomaly_tilt12755mtable_50211_121900_121980,tilt12755mtable,,knn,default,,0.00558,0.00603,0.84671,0.01433,8.32,nan,17.0,149789,1,0.00054,ok
ucr,247_UCR_Anomaly_tilt12755mtable_50211_121900_121980,tilt12755mtable,,knn,tuned,"{'w': 200, 'k': 5}",0.00706,0.01258,0.8437,0.02157,9.92,8.48,0.0,149789,1,0.00054,ok
ucr,247_UCR_Anomaly_tilt12755mtable_50211_121900_121980,tilt12755mtable,,ae,default,,0.0039,0.00483,0.8657,0.01236,27.01,nan,86.1,149789,1,0.00054,ok
ucr,247_UCR_Anomaly_tilt12755mtable_50211_121900_121980,tilt12755mtable,,ae,tuned,"{'w': 100, 'hidden': 32, 'latent': 8}",0.00159,0.00208,0.86352,0.00489,31.98,107.62,0.0,149789,1,0.00054,ok
ucr,249_UCR_Anomaly_weallwalk_2753_8285_8315,weallwalk,,iforest,default,,0.00317,0.00506,0.78484,0.0,1.66,nan,17.0,7771,1,0.00399,ok
ucr,249_UCR_Anomaly_weallwalk_2753_8285_8315,weallwalk,,iforest,tuned,"{'w': 50, 'n_estimators': 100}",0.00318,0.00474,0.72401,0.0,1.24,6.2,0.0,7771,1,0.00399,ok
ucr,249_UCR_Anomaly_weallwalk_2753_8285_8315,weallwalk,,lof,default,,0.00328,0.00481,0.7869,0.0,0.23,nan,17.0,7771,1,0.00399,ok
ucr,249_UCR_Anomaly_weallwalk_2753_8285_8315,weallwalk,,lof,tuned,"{'w': 200, 'k': 10}",0.00305,0.00431,0.91517,0.0,0.53,1.39,0.0,7771,1,0.00399,ok
ucr,249_UCR_Anomaly_weallwalk_2753_8285_8315,weallwalk,,knn,default,,0.0084,0.01112,0.79561,0.02315,0.14,nan,17.0,7771,1,0.00399,ok
ucr,249_UCR_Anomaly_weallwalk_2753_8285_8315,weallwalk,,knn,tuned,"{'w': 200, 'k': 1}",0.0033,0.00466,0.91031,0.0,0.52,1.14,0.0,7771,1,0.00399,ok
ucr,249_UCR_Anomaly_weallwalk_2753_8285_8315,weallwalk,,ae,default,,0.00853,0.01222,0.70937,0.02731,1.64,nan,25.4,7771,1,0.00399,ok
ucr,249_UCR_Anomaly_weallwalk_2753_8285_8315,weallwalk,,ae,tuned,"{'w': 200, 'hidden': 32, 'latent': 16}",0.00272,0.00408,0.91056,0.0,1.88,7.42,0.0,7771,1,0.00399,ok
nasa,E-8,smap,point,timesfm_resid,default,,0.07666,0.08782,0.60246,0.08038,57.14,nan,1386.9,8532,25,0.07302,ok
nasa,E-8,smap,point,timesfm_quantile,default,,0.09292,0.10429,0.64987,0.14659,57.14,nan,1386.9,8532,25,0.07302,ok
nasa,E-8,smap,point,tirex_resid,default,,0.08071,0.0917,0.65986,0.08007,46.63,nan,1519.7,8532,25,0.07302,ok
nasa,E-8,smap,point,tirex_quantile,default,,0.08016,0.09085,0.65983,0.08186,46.63,nan,1519.7,8532,25,0.07302,ok
nasa,E-9,smap,point,timesfm_resid,default,,0.04387,0.05486,0.59424,0.04589,34.15,nan,1532.3,8302,25,0.04228,ok
nasa,E-9,smap,point,timesfm_quantile,default,,0.04385,0.05771,0.63867,0.05299,34.15,nan,1532.3,8302,25,0.04228,ok
nasa,E-9,smap,point,tirex_resid,default,,0.05089,0.06054,0.61385,0.05622,44.81,nan,1519.7,8302,25,0.04228,ok
nasa,E-9,smap,point,tirex_quantile,default,,0.04838,0.05893,0.66403,0.04956,44.81,nan,1519.7,8302,25,0.04228,ok
nasa,E-10,smap,contextual,timesfm_resid,default,,0.04144,0.0636,0.82032,0.06382,34.56,nan,1532.3,8505,25,0.03786,ok
nasa,E-10,smap,contextual,timesfm_quantile,default,,0.04042,0.05995,0.80699,0.0783,34.56,nan,1532.3,8505,25,0.03786,ok
nasa,E-10,smap,contextual,tirex_resid,default,,0.04097,0.05949,0.80925,0.03983,44.57,nan,1519.7,8505,25,0.03786,ok
nasa,E-10,smap,contextual,tirex_quantile,default,,0.04553,0.06432,0.78214,0.04545,44.57,nan,1519.7,8505,25,0.03786,ok
nasa,E-11,smap,contextual,chronos_small_resid,default,,0.03958,0.05622,0.80002,0.10435,19.69,nan,1322.8,8514,25,0.03465,ok
nasa,E-11,smap,contextual,chronos_small_quantile,default,,0.0484,0.07289,0.78694,0.08293,19.69,nan,1322.8,8514,25,0.03465,ok
nasa,E-11,smap,contextual,chronos_base_resid,default,,0.05054,0.06367,0.78796,0.18827,4.82,nan,1971.0,8514,25,0.03465,ok
nasa,E-11,smap,contextual,chronos_base_quantile,default,,0.04779,0.07528,0.79589,0.0782,4.82,nan,1971.0,8514,25,0.03465,ok
nasa,E-11,smap,contextual,timesfm_resid,default,,0.04252,0.05561,0.79293,0.12749,38.0,nan,2047.9,8514,25,0.03465,ok
nasa,E-11,smap,contextual,timesfm_quantile,default,,0.03564,0.05566,0.79988,0.06336,38.0,nan,2047.9,8514,25,0.03465,ok
nasa,E-11,smap,contextual,tirex_resid,default,,0.04372,0.06533,0.80311,0.08201,46.7,nan,2034.5,8514,25,0.03465,ok
nasa,E-11,smap,contextual,tirex_quantile,default,,0.04268,0.06051,0.78544,0.03862,46.7,nan,2034.5,8514,25,0.03465,ok
nasa,E-12,smap,contextual,chronos_small_resid,default,,0.06102,0.08054,0.78798,0.0775,1.24,nan,1740.2,8512,25,0.06849,ok
nasa,E-12,smap,contextual,chronos_small_quantile,default,,0.08049,0.10602,0.78772,0.12815,1.24,nan,1740.2,8512,25,0.06849,ok
nasa,E-12,smap,contextual,chronos_base_resid,default,,0.06557,0.08468,0.74689,0.16343,2.06,nan,1971.0,8512,25,0.06849,ok
nasa,E-12,smap,contextual,chronos_base_quantile,default,,0.07579,0.10346,0.79665,0.12052,2.06,nan,1971.0,8512,25,0.06849,ok
nasa,E-12,smap,contextual,timesfm_resid,default,,0.0605,0.07925,0.75375,0.0948,34.91,nan,2047.9,8512,25,0.06849,ok
nasa,E-12,smap,contextual,timesfm_quantile,default,,0.07548,0.09585,0.81423,0.13771,34.91,nan,2047.9,8512,25,0.06849,ok
nasa,E-12,smap,contextual,tirex_resid,default,,0.06992,0.09177,0.74889,0.07987,43.68,nan,2034.5,8512,25,0.06849,ok
nasa,E-12,smap,contextual,tirex_quantile,default,,0.07338,0.09538,0.77839,0.07594,43.68,nan,2034.5,8512,25,0.06849,ok
nasa,E-13,smap,contextual,chronos_small_resid,default,,0.0353,0.05102,0.68459,0.07842,1.37,nan,1740.2,8640,25,0.03056,ok
nasa,E-13,smap,contextual,chronos_small_quantile,default,,0.02763,0.04284,0.71643,0.03115,1.37,nan,1740.2,8640,25,0.03056,ok
nasa,E-13,smap,contextual,chronos_base_resid,default,,0.03161,0.04841,0.68907,0.05139,2.52,nan,1971.0,8640,25,0.03056,ok
nasa,E-13,smap,contextual,chronos_base_quantile,default,,0.02821,0.04279,0.69443,0.04647,2.52,nan,1971.0,8640,25,0.03056,ok
nasa,E-13,smap,contextual,timesfm_resid,default,,0.03163,0.04907,0.72295,0.04213,34.88,nan,2047.9,8640,25,0.03056,ok
nasa,E-13,smap,contextual,timesfm_quantile,default,,0.03232,0.04796,0.69693,0.04396,34.88,nan,2047.9,8640,25,0.03056,ok
nasa,E-13,smap,contextual,tirex_resid,default,,0.02948,0.04709,0.68575,0.03427,43.51,nan,2034.5,8640,25,0.03056,ok
nasa,E-13,smap,contextual,tirex_quantile,default,,0.03484,0.05078,0.73932,0.05177,43.51,nan,2034.5,8640,25,0.03056,ok
nasa,A-1,smap,point,chronos_small_resid,default,,0.01223,0.01707,0.67349,0.01366,1.3,nan,1740.2,8640,25,0.00984,ok
nasa,A-1,smap,point,chronos_small_quantile,default,,0.00843,0.01392,0.75739,0.00806,1.3,nan,1740.2,8640,25,0.00984,ok
nasa,A-1,smap,point,chronos_base_resid,default,,0.01181,0.01685,0.72565,0.01699,2.08,nan,1971.0,8640,25,0.00984,ok
nasa,A-1,smap,point,chronos_base_quantile,default,,0.01406,0.021,0.71601,0.01567,2.08,nan,1971.0,8640,25,0.00984,ok
nasa,A-1,smap,point,timesfm_resid,default,,0.01016,0.01403,0.6822,0.01362,60.44,nan,2047.9,8640,25,0.00984,ok
nasa,A-1,smap,point,timesfm_quantile,default,,0.00922,0.01425,0.76185,0.00675,60.44,nan,2047.9,8640,25,0.00984,ok
nasa,A-1,smap,point,tirex_resid,default,,0.01028,0.01548,0.6772,0.01109,64.08,nan,2034.5,8640,25,0.00984,ok
nasa,A-1,smap,point,tirex_quantile,default,,0.009,0.01365,0.81842,0.00865,64.08,nan,2034.5,8640,25,0.00984,ok
nasa,D-1,smap,point,chronos_small_resid,default,,0.23019,0.23564,0.53679,0.05034,2.17,nan,1740.2,8509,25,0.38301,ok
nasa,D-1,smap,point,chronos_small_quantile,default,,0.30829,0.31374,0.62514,0.11905,2.17,nan,1740.2,8509,25,0.38301,ok
nasa,D-1,smap,point,chronos_base_resid,default,,0.23075,0.23625,0.55113,0.08333,3.2,nan,1971.0,8509,25,0.38301,ok
nasa,D-1,smap,point,chronos_base_quantile,default,,0.31949,0.324,0.5887,0.08333,3.2,nan,1971.0,8509,25,0.38301,ok
nasa,D-1,smap,point,timesfm_resid,default,,0.22921,0.23602,0.50673,0.04564,50.65,nan,2047.9,8509,25,0.38301,ok
nasa,D-1,smap,point,timesfm_quantile,default,,0.33263,0.33797,0.64347,0.11905,50.65,nan,2047.9,8509,25,0.38301,ok
nasa,D-1,smap,point,tirex_resid,default,,0.23003,0.23603,0.53763,0.05556,60.94,nan,2034.5,8509,25,0.38301,ok
nasa,D-1,smap,point,tirex_quantile,default,,0.33371,0.34028,0.73007,0.25544,60.94,nan,2034.5,8509,25,0.38301,ok
nasa,P-2,smap,point,chronos_small_resid,default,,0.10279,0.11296,0.60341,0.03137,1.15,nan,1740.2,8209,25,0.14935,ok
nasa,P-2,smap,point,chronos_small_quantile,default,,0.12686,0.13824,0.58997,0.09601,1.15,nan,1740.2,8209,25,0.14935,ok
nasa,P-2,smap,point,chronos_base_resid,default,,0.10377,0.11431,0.6221,0.03388,2.0,nan,1971.0,8209,25,0.14935,ok
nasa,P-2,smap,point,chronos_base_quantile,default,,0.12898,0.14081,0.62112,0.04328,2.0,nan,1971.0,8209,25,0.14935,ok
nasa,P-2,smap,point,timesfm_resid,default,,0.10797,0.11944,0.6177,0.07407,33.4,nan,2047.9,8209,25,0.14935,ok
nasa,P-2,smap,point,timesfm_quantile,default,,0.137,0.14967,0.62115,0.11667,33.4,nan,2047.9,8209,25,0.14935,ok
nasa,P-2,smap,point,tirex_resid,default,,0.10217,0.11276,0.54996,0.04,42.64,nan,2034.5,8209,25,0.14935,ok
nasa,P-2,smap,point,tirex_quantile,default,,0.13333,0.14579,0.67674,0.12294,42.64,nan,2034.5,8209,25,0.14935,ok
nasa,P-3,smap,point,chronos_small_resid,default,,0.1041,0.11407,0.66388,0.08333,1.71,nan,1740.2,8493,25,0.15731,ok
nasa,P-3,smap,point,chronos_small_quantile,default,,0.12984,0.13939,0.68053,0.06364,1.71,nan,1740.2,8493,25,0.15731,ok
nasa,P-3,smap,point,chronos_base_resid,default,,0.10444,0.11459,0.55713,0.03846,2.81,nan,1971.0,8493,25,0.15731,ok
nasa,P-3,smap,point,chronos_base_quantile,default,,0.1396,0.14892,0.61105,0.10907,2.81,nan,1971.0,8493,25,0.15731,ok
nasa,P-3,smap,point,timesfm_resid,default,,0.11134,0.1222,0.5718,0.02673,48.78,nan,2047.9,8493,25,0.15731,ok
nasa,P-3,smap,point,timesfm_quantile,default,,0.15169,0.16136,0.62967,0.167,48.78,nan,2047.9,8493,25,0.15731,ok
nasa,P-3,smap,point,tirex_resid,default,,0.10781,0.11761,0.5546,0.03204,98.52,nan,2034.5,8493,25,0.15731,ok
nasa,P-3,smap,point,tirex_quantile,default,,0.14236,0.15264,0.67673,0.13061,98.52,nan,2034.5,8493,25,0.15731,ok
nasa,D-2,smap,point,chronos_small_resid,default,,0.49464,0.50279,0.77032,0.33314,3.11,nan,1740.2,8595,25,0.49075,ok
nasa,D-2,smap,point,chronos_small_quantile,default,,0.46922,0.47915,0.77832,0.34436,3.11,nan,1740.2,8595,25,0.49075,ok
nasa,D-2,smap,point,chronos_base_resid,default,,0.48448,0.49226,0.78379,0.33931,5.42,nan,1971.0,8595,25,0.49075,ok
nasa,D-2,smap,point,chronos_base_quantile,default,,0.47646,0.48641,0.76845,0.33108,5.42,nan,1971.0,8595,25,0.49075,ok
nasa,D-2,smap,point,timesfm_resid,default,,0.48931,0.49788,0.76254,0.3283,80.83,nan,2047.9,8595,25,0.49075,ok
nasa,D-2,smap,point,timesfm_quantile,default,,0.49313,0.50212,0.86678,0.3897,80.83,nan,2047.9,8595,25,0.49075,ok
nasa,D-2,smap,point,tirex_resid,default,,0.48322,0.49148,0.77287,0.33017,90.97,nan,2034.5,8595,25,0.49075,ok
nasa,D-2,smap,point,tirex_quantile,default,,0.50034,0.5116,0.78924,0.34744,90.97,nan,2034.5,8595,25,0.49075,ok
nasa,D-3,smap,point,chronos_small_resid,default,,0.35631,0.37072,0.76086,0.28092,1.21,nan,1740.2,8640,25,0.37917,ok
nasa,D-3,smap,point,chronos_small_quantile,default,,0.36498,0.37807,0.74057,0.29158,1.21,nan,1740.2,8640,25,0.37917,ok
nasa,D-3,smap,point,chronos_base_resid,default,,0.35108,0.36525,0.81121,0.31583,2.24,nan,1971.0,8640,25,0.37917,ok
nasa,D-3,smap,point,chronos_base_quantile,default,,0.35295,0.36503,0.75663,0.26054,2.24,nan,1971.0,8640,25,0.37917,ok
nasa,D-3,smap,point,timesfm_resid,default,,0.37247,0.38736,0.73687,0.2737,32.05,nan,2047.9,8640,25,0.37917,ok
nasa,D-3,smap,point,timesfm_quantile,default,,0.38493,0.39844,0.84473,0.33174,32.05,nan,2047.9,8640,25,0.37917,ok
nasa,D-3,smap,point,tirex_resid,default,,0.37564,0.39107,0.74043,0.27661,38.65,nan,2034.5,8640,25,0.37917,ok
nasa,D-3,smap,point,tirex_quantile,default,,0.38592,0.40072,0.76553,0.30238,38.65,nan,2034.5,8640,25,0.37917,ok
nasa,D-4,smap,point,chronos_small_resid,default,,0.37974,0.38581,0.74492,0.2842,1.42,nan,1740.2,8473,25,0.38334,ok
nasa,D-4,smap,point,chronos_small_quantile,default,,0.39578,0.40028,0.81568,0.33078,1.42,nan,1740.2,8473,25,0.38334,ok
nasa,D-4,smap,point,chronos_base_resid,default,,0.37734,0.38393,0.77885,0.28413,2.18,nan,1971.0,8473,25,0.38334,ok
nasa,D-4,smap,point,chronos_base_quantile,default,,0.39656,0.4014,0.81568,0.33229,2.18,nan,1971.0,8473,25,0.38334,ok
nasa,D-4,smap,point,timesfm_resid,default,,0.37888,0.3855,0.73221,0.27504,64.67,nan,2047.9,8473,25,0.38334,ok
nasa,D-4,smap,point,timesfm_quantile,default,,0.38754,0.39272,0.79323,0.33034,64.67,nan,2047.9,8473,25,0.38334,ok
nasa,D-4,smap,point,tirex_resid,default,,0.37924,0.38537,0.73096,0.2837,109.42,nan,2034.5,8473,25,0.38334,ok
nasa,D-4,smap,point,tirex_quantile,default,,0.38681,0.39211,0.83586,0.33317,109.42,nan,2034.5,8473,25,0.38334,ok
nasa,A-2,smap,contextual,chronos_small_resid,default,,0.01421,0.01801,0.72722,0.01878,2.31,nan,1740.2,7914,25,0.01403,ok
nasa,A-2,smap,contextual,chronos_small_quantile,default,,0.01661,0.0226,0.70977,0.0196,2.31,nan,1740.2,7914,25,0.01403,ok
nasa,A-2,smap,contextual,chronos_base_resid,default,,0.01594,0.01964,0.66562,0.02004,4.52,nan,1971.0,7914,25,0.01403,ok
nasa,A-2,smap,contextual,chronos_base_quantile,default,,0.01651,0.02274,0.69216,0.02024,4.52,nan,1971.0,7914,25,0.01403,ok
nasa,A-2,smap,contextual,timesfm_resid,default,,0.02009,0.02199,0.69336,0.02397,76.21,nan,2047.9,7914,25,0.01403,ok
nasa,A-2,smap,contextual,timesfm_quantile,default,,0.02219,0.02905,0.69692,0.04055,76.21,nan,2047.9,7914,25,0.01403,ok
nasa,A-2,smap,contextual,tirex_resid,default,,0.02309,0.02825,0.77801,0.0421,38.41,nan,2034.5,7914,25,0.01403,ok
nasa,A-2,smap,contextual,tirex_quantile,default,,0.02536,0.03292,0.71344,0.05395,38.41,nan,2034.5,7914,25,0.01403,ok
nasa,A-3,smap,contextual,chronos_small_resid,default,,0.02555,0.03494,0.67875,0.02897,1.2,nan,1740.2,8205,25,0.02267,ok
nasa,A-3,smap,contextual,chronos_small_quantile,default,,0.02307,0.03152,0.70137,0.03881,1.2,nan,1740.2,8205,25,0.02267,ok
nasa,A-3,smap,contextual,chronos_base_resid,default,,0.03447,0.04238,0.8413,0.0989,2.14,nan,1971.0,8205,25,0.02267,ok
nasa,A-3,smap,contextual,chronos_base_quantile,default,,0.02255,0.03102,0.71936,0.0396,2.14,nan,1971.0,8205,25,0.02267,ok
nasa,A-3,smap,contextual,timesfm_resid,default,,0.02814,0.0367,0.73435,0.03672,33.02,nan,2047.9,8205,25,0.02267,ok
nasa,A-3,smap,contextual,timesfm_quantile,default,,0.0262,0.03698,0.69956,0.03521,33.02,nan,2047.9,8205,25,0.02267,ok
nasa,A-3,smap,contextual,tirex_resid,default,,0.0308,0.04362,0.67234,0.05717,52.09,nan,2034.5,8205,25,0.02267,ok
nasa,A-3,smap,contextual,tirex_quantile,default,,0.03166,0.0398,0.68032,0.04424,52.09,nan,2034.5,8205,25,0.02267,ok
nasa,A-4,smap,contextual,chronos_small_resid,default,,0.01589,0.02167,0.68488,0.01779,2.67,nan,1740.2,8080,25,0.01374,ok
nasa,A-4,smap,contextual,chronos_small_quantile,default,,0.01614,0.02248,0.68274,0.02331,2.67,nan,1740.2,8080,25,0.01374,ok
nasa,A-4,smap,contextual,chronos_base_resid,default,,0.017,0.02357,0.69385,0.02185,3.32,nan,1971.0,8080,25,0.01374,ok
nasa,A-4,smap,contextual,chronos_base_quantile,default,,0.01765,0.02188,0.6742,0.02761,3.32,nan,1971.0,8080,25,0.01374,ok
nasa,A-4,smap,contextual,timesfm_resid,default,,0.01434,0.02271,0.70851,0.01972,73.93,nan,2047.9,8080,25,0.01374,ok
nasa,A-4,smap,contextual,timesfm_quantile,default,,0.02091,0.02711,0.68987,0.0453,73.93,nan,2047.9,8080,25,0.01374,ok
nasa,A-4,smap,contextual,tirex_resid,default,,0.01518,0.02198,0.69547,0.02146,86.82,nan,2034.5,8080,25,0.01374,ok
nasa,A-4,smap,contextual,tirex_quantile,default,,0.01908,0.01898,0.70036,0.09214,86.82,nan,2034.5,8080,25,0.01374,ok
nasa,G-1,smap,contextual,chronos_small_resid,default,,0.01525,0.02031,0.67277,0.01724,2.91,nan,1740.2,8469,25,0.01429,ok
nasa,G-1,smap,contextual,chronos_small_quantile,default,,0.02216,0.03155,0.78953,0.04505,2.91,nan,1740.2,8469,25,0.01429,ok
nasa,G-1,smap,contextual,chronos_base_resid,default,,0.01757,0.02323,0.74113,0.01727,4.58,nan,1971.0,8469,25,0.01429,ok
nasa,G-1,smap,contextual,chronos_base_quantile,default,,0.02208,0.02999,0.69817,0.04675,4.58,nan,1971.0,8469,25,0.01429,ok
nasa,G-1,smap,contextual,timesfm_resid,default,,0.02325,0.02699,0.67595,0.04466,65.94,nan,2047.9,8469,25,0.01429,ok
nasa,G-1,smap,contextual,timesfm_quantile,default,,0.02668,0.03621,0.73388,0.06066,65.94,nan,2047.9,8469,25,0.01429,ok
nasa,G-1,smap,contextual,tirex_resid,default,,0.01663,0.02098,0.68131,0.02297,42.84,nan,2034.5,8469,25,0.01429,ok
nasa,G-1,smap,contextual,tirex_quantile,default,,0.01327,0.0203,0.65659,0.0098,42.84,nan,2034.5,8469,25,0.01429,ok
nasa,G-2,smap,point,chronos_small_resid,default,,0.00403,0.00594,0.6779,0.00332,1.0,nan,1740.2,7361,25,0.00557,ok
nasa,G-2,smap,point,chronos_small_quantile,default,,0.00488,0.0073,0.70928,0.00379,1.0,nan,1740.2,7361,25,0.00557,ok
nasa,G-2,smap,point,chronos_base_resid,default,,0.00458,0.00655,0.77207,0.00354,1.82,nan,1971.0,7361,25,0.00557,ok
nasa,G-2,smap,point,chronos_base_quantile,default,,0.00589,0.00847,0.69089,0.01028,1.82,nan,1971.0,7361,25,0.00557,ok
nasa,G-2,smap,point,timesfm_resid,default,,0.00604,0.00869,0.68012,0.00379,29.18,nan,2047.9,7361,25,0.00557,ok
nasa,G-2,smap,point,timesfm_quantile,default,,0.00589,0.00806,0.69198,0.00812,29.18,nan,2047.9,7361,25,0.00557,ok
nasa,G-2,smap,point,tirex_resid,default,,0.00634,0.00933,0.69454,0.00379,57.57,nan,2034.5,7361,25,0.00557,ok
nasa,G-2,smap,point,tirex_quantile,default,,0.00422,0.00693,0.69931,0.00266,57.57,nan,2034.5,7361,25,0.00557,ok
nasa,D-5,smap,point,chronos_small_resid,default,,0.02202,0.02365,0.74324,0.0572,1.83,nan,1740.2,7628,25,0.00669,ok
nasa,D-5,smap,point,chronos_small_quantile,default,,0.01225,0.01439,0.69381,0.02273,1.83,nan,1740.2,7628,25,0.00669,ok
nasa,D-5,smap,point,chronos_base_resid,default,,0.05143,0.04124,0.86747,0.12113,3.86,nan,1971.0,7628,25,0.00669,ok
nasa,D-5,smap,point,chronos_base_quantile,default,,0.01342,0.01461,0.70967,0.03018,3.86,nan,1971.0,7628,25,0.00669,ok
nasa,D-5,smap,point,timesfm_resid,default,,0.01231,0.01445,0.73238,0.026,75.56,nan,2047.9,7628,25,0.00669,ok
nasa,D-5,smap,point,timesfm_quantile,default,,0.01191,0.01441,0.80373,0.02135,75.56,nan,2047.9,7628,25,0.00669,ok
nasa,D-5,smap,point,tirex_resid,default,,0.01211,0.01363,0.69108,0.02398,83.79,nan,2034.5,7628,25,0.00669,ok
nasa,D-5,smap,point,tirex_quantile,default,,0.01014,0.01533,0.67817,0.01525,83.79,nan,2034.5,7628,25,0.00669,ok
nasa,D-6,smap,point,chronos_small_resid,default,,0.0203,0.02666,0.69222,0.04616,2.41,nan,1740.2,7884,25,0.01027,ok
nasa,D-6,smap,point,chronos_small_quantile,default,,0.0067,0.01023,0.8068,0.0,2.41,nan,1740.2,7884,25,0.01027,ok
nasa,D-6,smap,point,chronos_base_resid,default,,0.01465,0.02151,0.69286,0.02354,4.43,nan,1971.0,7884,25,0.01027,ok
nasa,D-6,smap,point,chronos_base_quantile,default,,0.0069,0.01058,0.66755,0.0,4.43,nan,1971.0,7884,25,0.01027,ok
nasa,D-6,smap,point,timesfm_resid,default,,0.01413,0.02062,0.68991,0.02795,58.83,nan,2047.9,7884,25,0.01027,ok
nasa,D-6,smap,point,timesfm_quantile,default,,0.0248,0.02846,0.69034,0.05233,58.83,nan,2047.9,7884,25,0.01027,ok
nasa,D-6,smap,point,tirex_resid,default,,0.01338,0.02047,0.69258,0.02552,35.98,nan,2034.5,7884,25,0.01027,ok
nasa,D-6,smap,point,tirex_quantile,default,,0.01676,0.02052,0.67023,0.02915,35.98,nan,2034.5,7884,25,0.01027,ok
nasa,D-7,smap,point,chronos_small_resid,default,,0.3803,0.38684,0.80028,0.30792,1.06,nan,1740.2,7642,25,0.35357,ok
nasa,D-7,smap,point,chronos_small_quantile,default,,0.36508,0.36942,0.73128,0.27383,1.06,nan,1740.2,7642,25,0.35357,ok
nasa,D-7,smap,point,chronos_base_resid,default,,0.38008,0.38773,0.83786,0.30785,1.98,nan,1971.0,7642,25,0.35357,ok
nasa,D-7,smap,point,chronos_base_quantile,default,,0.38362,0.3882,0.80409,0.31055,1.98,nan,1971.0,7642,25,0.35357,ok
nasa,D-7,smap,point,timesfm_resid,default,,0.36365,0.36906,0.74238,0.28049,30.65,nan,2047.9,7642,25,0.35357,ok
nasa,D-7,smap,point,timesfm_quantile,default,,0.35088,0.35647,0.73121,0.27175,30.65,nan,2047.9,7642,25,0.35357,ok
nasa,D-7,smap,point,tirex_resid,default,,0.36516,0.37193,0.74617,0.27577,59.95,nan,2034.5,7642,25,0.35357,ok
nasa,D-7,smap,point,tirex_quantile,default,,0.36095,0.36777,0.76503,0.27772,59.95,nan,2034.5,7642,25,0.35357,ok
nasa,F-1,smap,point,chronos_small_resid,default,,0.00887,0.01323,0.37758,0.00219,2.3,nan,1740.2,8584,25,0.01177,ok
nasa,F-1,smap,point,chronos_small_quantile,default,,0.01054,0.01575,0.48735,0.00427,2.3,nan,1740.2,8584,25,0.01177,ok
nasa,F-1,smap,point,chronos_base_resid,default,,0.00893,0.01318,0.35861,0.00163,4.64,nan,1971.0,8584,25,0.01177,ok
nasa,F-1,smap,point,chronos_base_quantile,default,,0.01079,0.01588,0.57885,0.00568,4.64,nan,1971.0,8584,25,0.01177,ok
nasa,F-1,smap,point,timesfm_resid,default,,0.01006,0.01461,0.38057,0.00221,79.08,nan,2047.9,8584,25,0.01177,ok
nasa,F-1,smap,point,timesfm_quantile,default,,0.01132,0.01669,0.59468,0.00646,79.08,nan,2047.9,8584,25,0.01177,ok
nasa,F-1,smap,point,tirex_resid,default,,0.00856,0.01303,0.37993,0.00176,75.93,nan,2034.5,8584,25,0.01177,ok
nasa,F-1,smap,point,tirex_quantile,default,,0.01083,0.01666,0.67457,0.0111,75.93,nan,2034.5,8584,25,0.01177,ok
nasa,P-4,smap,point,chronos_small_resid,default,,0.06526,0.10013,0.67706,0.16499,1.69,nan,1740.2,7783,25,0.05692,ok
nasa,P-4,smap,point,chronos_small_quantile,default,,0.06577,0.10205,0.41366,0.13079,1.69,nan,1740.2,7783,25,0.05692,ok
nasa,P-4,smap,point,chronos_base_resid,default,,0.06477,0.1002,0.67489,0.16004,2.64,nan,1971.0,7783,25,0.05692,ok
nasa,P-4,smap,point,chronos_base_quantile,default,,0.0568,0.08753,0.40629,0.10568,2.64,nan,1971.0,7783,25,0.05692,ok
nasa,P-4,smap,point,timesfm_resid,default,,0.05841,0.08883,0.40473,0.14653,34.62,nan,2047.9,7783,25,0.05692,ok
nasa,P-4,smap,point,timesfm_quantile,default,,0.0568,0.0847,0.32326,0.00104,34.62,nan,2047.9,7783,25,0.05692,ok
nasa,P-4,smap,point,tirex_resid,default,,0.06515,0.10097,0.67515,0.16094,36.04,nan,2034.5,7783,25,0.05692,ok
nasa,P-4,smap,point,tirex_quantile,default,,0.05653,0.08343,0.65839,0.05918,36.04,nan,2034.5,7783,25,0.05692,ok
nasa,G-3,smap,point,chronos_small_resid,default,,0.01237,0.01285,0.68574,0.02021,0.99,nan,1740.2,7907,25,0.00645,ok
nasa,G-3,smap,point,chronos_small_quantile,default,,0.02593,0.02267,0.82316,0.10558,0.99,nan,1740.2,7907,25,0.00645,ok
nasa,G-3,smap,point,chronos_base_resid,default,,0.00984,0.01304,0.6854,0.01861,2.11,nan,1971.0,7907,25,0.00645,ok
nasa,G-3,smap,point,chronos_base_quantile,default,,0.0262,0.02423,0.93281,0.10509,2.11,nan,1971.0,7907,25,0.00645,ok
nasa,G-3,smap,point,timesfm_resid,default,,0.0083,0.01144,0.75621,0.01446,40.23,nan,2047.9,7907,25,0.00645,ok
nasa,G-3,smap,point,timesfm_quantile,default,,0.02785,0.02565,0.67404,0.10717,40.23,nan,2047.9,7907,25,0.00645,ok
nasa,G-3,smap,point,tirex_resid,default,,0.00854,0.01168,0.67657,0.01944,73.41,nan,2034.5,7907,25,0.00645,ok
nasa,G-3,smap,point,tirex_quantile,default,,0.00719,0.00938,0.74774,0.01006,73.41,nan,2034.5,7907,25,0.00645,ok
nasa,T-1,smap,mixed,chronos_small_resid,default,,0.14652,0.16516,0.60259,0.11056,2.98,nan,1740.2,8612,25,0.17836,ok
nasa,T-1,smap,mixed,chronos_small_quantile,default,,0.1738,0.1987,0.66592,0.14866,2.98,nan,1740.2,8612,25,0.17836,ok
nasa,T-1,smap,mixed,chronos_base_resid,default,,0.14988,0.16847,0.60251,0.11315,4.13,nan,1971.0,8612,25,0.17836,ok
nasa,T-1,smap,mixed,chronos_base_quantile,default,,0.17444,0.19902,0.65924,0.15435,4.13,nan,1971.0,8612,25,0.17836,ok
nasa,T-1,smap,mixed,timesfm_resid,default,,0.1633,0.18908,0.67607,0.24361,87.22,nan,2047.9,8612,25,0.17836,ok
nasa,T-1,smap,mixed,timesfm_quantile,default,,0.17995,0.21518,0.74105,0.24523,87.22,nan,2047.9,8612,25,0.17836,ok
nasa,T-1,smap,mixed,tirex_resid,default,,0.14827,0.16899,0.61716,0.1131,62.03,nan,2034.5,8612,25,0.17836,ok
nasa,T-1,smap,mixed,tirex_quantile,default,,0.1752,0.20057,0.6882,0.21809,62.03,nan,2034.5,8612,25,0.17836,ok
nasa,T-2,smap,point,chronos_small_resid,default,,0.1778,0.18288,0.59094,0.1447,2.04,nan,1740.2,8625,25,0.20696,ok
nasa,T-2,smap,point,chronos_small_quantile,default,,0.19136,0.19806,0.65318,0.1501,2.04,nan,1740.2,8625,25,0.20696,ok
nasa,T-2,smap,point,chronos_base_resid,default,,0.17391,0.17905,0.57353,0.13258,2.99,nan,1971.0,8625,25,0.20696,ok
nasa,T-2,smap,point,chronos_base_quantile,default,,0.19021,0.19676,0.65817,0.15116,2.99,nan,1971.0,8625,25,0.20696,ok
nasa,T-2,smap,point,timesfm_resid,default,,0.19651,0.20328,0.58203,0.1581,35.6,nan,2047.9,8625,25,0.20696,ok
nasa,T-2,smap,point,timesfm_quantile,default,,0.20312,0.21023,0.57545,0.08889,35.6,nan,2047.9,8625,25,0.20696,ok
nasa,T-2,smap,point,tirex_resid,default,,0.17555,0.18089,0.57372,0.13342,52.39,nan,2034.5,8625,25,0.20696,ok
nasa,T-2,smap,point,tirex_quantile,default,,0.20497,0.21097,0.70752,0.181,52.39,nan,2034.5,8625,25,0.20696,ok
nasa,D-8,smap,point,chronos_small_resid,default,,0.00581,0.00801,0.53971,0.00525,1.35,nan,1740.2,7874,25,0.00648,ok
nasa,D-8,smap,point,chronos_small_quantile,default,,0.00648,0.00972,0.08281,0.0,1.35,nan,1740.2,7874,25,0.00648,ok
nasa,D-8,smap,point,chronos_base_resid,default,,0.00602,0.00803,0.54028,0.00569,2.31,nan,1971.0,7874,25,0.00648,ok
nasa,D-8,smap,point,chronos_base_quantile,default,,0.00648,0.00972,0.06709,0.0,2.31,nan,1971.0,7874,25,0.00648,ok
nasa,D-8,smap,point,timesfm_resid,default,,0.00648,0.00972,0.07891,0.0,46.47,nan,2047.9,7874,25,0.00648,ok
nasa,D-8,smap,point,timesfm_quantile,default,,0.00648,0.00972,0.07248,0.0,46.47,nan,2047.9,7874,25,0.00648,ok
nasa,D-8,smap,point,tirex_resid,default,,0.00574,0.00801,0.54054,0.0057,78.47,nan,2034.5,7874,25,0.00648,ok
nasa,D-8,smap,point,tirex_quantile,default,,0.00704,0.00967,0.67967,0.00836,78.47,nan,2034.5,7874,25,0.00648,ok
nasa,D-9,smap,point,chronos_small_resid,default,,0.12864,0.13409,0.544,0.09823,2.63,nan,1740.2,7406,25,0.15609,ok
nasa,D-9,smap,point,chronos_small_quantile,default,,0.15602,0.16273,0.13016,0.01163,2.63,nan,1740.2,7406,25,0.15609,ok
nasa,D-9,smap,point,chronos_base_resid,default,,0.129,0.13432,0.54267,0.09752,3.07,nan,1971.0,7406,25,0.15609,ok
nasa,D-9,smap,point,chronos_base_quantile,default,,0.15624,0.16273,0.38955,0.1,3.07,nan,1971.0,7406,25,0.15609,ok
nasa,D-9,smap,point,timesfm_resid,default,,0.15602,0.16277,0.14495,0.03333,77.61,nan,2047.9,7406,25,0.15609,ok
nasa,D-9,smap,point,timesfm_quantile,default,,0.15603,0.16278,0.15844,0.03846,77.61,nan,2047.9,7406,25,0.15609,ok
nasa,D-9,smap,point,tirex_resid,default,,0.12829,0.13344,0.54289,0.09747,52.43,nan,2034.5,7406,25,0.15609,ok
nasa,D-9,smap,point,tirex_quantile,default,,0.15516,0.16125,0.68889,0.1671,52.43,nan,2034.5,7406,25,0.15609,ok
nasa,F-2,smap,point,chronos_small_resid,default,,0.29464,0.29943,0.62038,0.21871,1.84,nan,1740.2,8626,25,0.3428,ok
nasa,F-2,smap,point,chronos_small_quantile,default,,0.32696,0.33323,0.65559,0.24861,1.84,nan,1740.2,8626,25,0.3428,ok
nasa,F-2,smap,point,chronos_base_resid,default,,0.28876,0.29341,0.60115,0.20263,3.57,nan,1971.0,8626,25,0.3428,ok
nasa,F-2,smap,point,chronos_base_quantile,default,,0.34556,0.35224,0.7137,0.28485,3.57,nan,1971.0,8626,25,0.3428,ok
nasa,F-2,smap,point,timesfm_resid,default,,0.24994,0.25626,0.56801,0.08543,36.4,nan,2047.9,8626,25,0.3428,ok
nasa,F-2,smap,point,timesfm_quantile,default,,0.32869,0.33599,0.67047,0.25059,36.4,nan,2047.9,8626,25,0.3428,ok
nasa,F-2,smap,point,tirex_resid,default,,0.28801,0.29268,0.60149,0.20325,42.58,nan,2034.5,8626,25,0.3428,ok
nasa,F-2,smap,point,tirex_quantile,default,,0.34381,0.3501,0.74591,0.26853,42.58,nan,2034.5,8626,25,0.3428,ok
nasa,G-4,smap,point,chronos_small_resid,default,,0.00391,0.00531,0.57938,0.00484,1.02,nan,1740.2,7632,25,0.00406,ok
nasa,G-4,smap,point,chronos_small_quantile,default,,0.00406,0.00609,0.04031,0.0,1.02,nan,1740.2,7632,25,0.00406,ok
nasa,G-4,smap,point,chronos_base_resid,default,,0.00389,0.00545,0.58048,0.00146,1.61,nan,1971.0,7632,25,0.00406,ok
nasa,G-4,smap,point,chronos_base_quantile,default,,0.00406,0.00609,0.01957,0.0,1.61,nan,1971.0,7632,25,0.00406,ok
nasa,G-4,smap,point,timesfm_resid,default,,0.00406,0.00609,0.06071,0.0,45.16,nan,2047.9,7632,25,0.00406,ok
nasa,G-4,smap,point,timesfm_quantile,default,,0.00406,0.00609,0.02947,0.0,45.16,nan,2047.9,7632,25,0.00406,ok
nasa,G-4,smap,point,tirex_resid,default,,0.00345,0.00515,0.5806,0.00149,80.16,nan,2034.5,7632,25,0.00406,ok
nasa,G-4,smap,point,tirex_quantile,default,,0.0038,0.00581,0.66644,0.00389,80.16,nan,2034.5,7632,25,0.00406,ok
nasa,T-3,smap,point,chronos_small_resid,default,,0.0182,0.02688,0.58313,0.0152,2.74,nan,1740.2,8579,25,0.02145,ok
nasa,T-3,smap,point,chronos_small_quantile,default,,0.02767,0.03734,0.64397,0.04164,2.74,nan,1740.2,8579,25,0.02145,ok
nasa,T-3,smap,point,chronos_base_resid,default,,0.0184,0.02699,0.58278,0.01595,4.09,nan,1971.0,8579,25,0.02145,ok
nasa,T-3,smap,point,chronos_base_quantile,default,,0.02341,0.0349,0.66842,0.02697,4.09,nan,1971.0,8579,25,0.02145,ok
nasa,T-3,smap,point,timesfm_resid,default,,0.01607,0.02566,0.6115,0.01032,63.38,nan,2047.9,8579,25,0.02145,ok
nasa,T-3,smap,point,timesfm_quantile,default,,0.0216,0.03131,0.5815,0.031,63.38,nan,2047.9,8579,25,0.02145,ok
nasa,T-3,smap,point,tirex_resid,default,,0.01701,0.02634,0.5842,0.0146,65.35,nan,2034.5,8579,25,0.02145,ok
nasa,T-3,smap,point,tirex_quantile,default,,0.02178,0.03192,0.6633,0.0244,65.35,nan,2034.5,8579,25,0.02145,ok
nasa,D-11,smap,point,chronos_small_resid,default,,0.06156,0.10012,0.61036,0.15847,1.17,nan,1740.2,7431,25,0.00821,ok
nasa,D-11,smap,point,chronos_small_quantile,default,,0.31206,0.37582,0.99655,0.43184,1.17,nan,1740.2,7431,25,0.00821,ok
nasa,D-11,smap,point,chronos_base_resid,default,,0.06168,0.09129,0.60779,0.15847,1.81,nan,1971.0,7431,25,0.00821,ok
nasa,D-11,smap,point,chronos_base_quantile,default,,0.31125,0.33034,0.99655,0.4305,1.81,nan,1971.0,7431,25,0.00821,ok
nasa,D-11,smap,point,timesfm_resid,default,,0.06059,0.08235,0.59502,0.15847,30.08,nan,2047.9,7431,25,0.00821,ok
nasa,D-11,smap,point,timesfm_quantile,default,,0.07275,0.12126,0.63056,0.19863,30.08,nan,2047.9,7431,25,0.00821,ok
nasa,D-11,smap,point,tirex_resid,default,,0.06489,0.10187,0.62273,0.15847,52.02,nan,2034.5,7431,25,0.00821,ok
nasa,D-11,smap,point,tirex_quantile,default,,0.17321,0.2157,0.76731,0.3129,52.02,nan,2034.5,7431,25,0.00821,ok
nasa,D-12,smap,point,chronos_small_resid,default,,0.28111,0.28645,0.55338,0.09089,1.55,nan,1739.3,7918,25,0.34605,ok
nasa,D-12,smap,point,chronos_small_quantile,default,,0.34605,0.35236,0.08656,0.0,1.55,nan,1739.3,7918,25,0.34605,ok
nasa,D-12,smap,point,chronos_base_resid,default,,0.28453,0.29003,0.57472,0.19046,2.52,nan,1971.2,7918,25,0.34605,ok
nasa,D-12,smap,point,chronos_base_quantile,default,,0.34605,0.35236,0.05967,0.0,2.52,nan,1971.2,7918,25,0.34605,ok
nasa,D-12,smap,point,timesfm_resid,default,,0.34605,0.35236,0.09591,0.0,46.4,nan,2047.9,7918,25,0.34605,ok
nasa,D-12,smap,point,timesfm_quantile,default,,0.34605,0.35236,0.02843,0.0,46.4,nan,2047.9,7918,25,0.34605,ok
nasa,D-12,smap,point,tirex_resid,default,,0.28148,0.28684,0.57218,0.18925,72.75,nan,2034.5,7918,25,0.34605,ok
nasa,D-12,smap,point,tirex_quantile,default,,0.34455,0.35061,0.71588,0.25631,72.75,nan,2034.5,7918,25,0.34605,ok
nasa,B-1,smap,point,chronos_small_resid,default,,0.00704,0.01063,0.51404,0.00256,1.71,nan,1740.2,8044,25,0.00883,ok
nasa,B-1,smap,point,chronos_small_quantile,default,,0.00883,0.01324,0.08669,0.0,1.71,nan,1740.2,8044,25,0.00883,ok
nasa,B-1,smap,point,chronos_base_resid,default,,0.00685,0.01055,0.51305,0.00255,3.61,nan,1971.0,8044,25,0.00883,ok
nasa,B-1,smap,point,chronos_base_quantile,default,,0.00883,0.01324,0.07317,0.0,3.61,nan,1971.0,8044,25,0.00883,ok
nasa,B-1,smap,point,timesfm_resid,default,,0.00883,0.01324,0.08482,0.0,66.24,nan,2047.9,8044,25,0.00883,ok
nasa,B-1,smap,point,timesfm_quantile,default,,0.00883,0.01324,0.07409,0.0,66.24,nan,2047.9,8044,25,0.00883,ok
nasa,B-1,smap,point,tirex_resid,default,,0.00702,0.01066,0.51322,0.00256,58.24,nan,2034.5,8044,25,0.00883,ok
nasa,B-1,smap,point,tirex_quantile,default,,0.0084,0.01287,0.64928,0.00757,58.24,nan,2034.5,8044,25,0.00883,ok
nasa,G-6,smap,point,chronos_small_resid,default,,0.02005,0.0338,0.58392,0.05509,1.78,nan,1740.2,8640,25,0.01169,ok
nasa,G-6,smap,point,chronos_small_quantile,default,,0.42726,0.29612,0.99732,0.48333,1.78,nan,1740.2,8640,25,0.01169,ok
nasa,G-6,smap,point,chronos_base_resid,default,,0.01939,0.03166,0.56943,0.05268,3.01,nan,1971.0,8640,25,0.01169,ok
nasa,G-6,smap,point,chronos_base_quantile,default,,0.29636,0.14867,0.99732,0.44392,3.01,nan,1971.0,8640,25,0.01169,ok
nasa,G-6,smap,point,timesfm_resid,default,,0.0202,0.03387,0.59926,0.05437,49.13,nan,2047.9,8640,25,0.01169,ok
nasa,G-6,smap,point,timesfm_quantile,default,,0.16146,0.14486,0.72474,0.31852,49.13,nan,2047.9,8640,25,0.01169,ok
nasa,G-6,smap,point,tirex_resid,default,,0.02047,0.03077,0.56161,0.05385,67.41,nan,2034.5,8640,25,0.01169,ok
nasa,G-6,smap,point,tirex_quantile,default,,0.16994,0.14792,0.7116,0.33879,67.41,nan,2034.5,8640,25,0.01169,ok
nasa,G-7,smap,mixed,chronos_small_resid,default,,0.3033,0.29833,0.88328,0.56605,1.61,nan,1740.2,8029,25,0.03338,ok
nasa,G-7,smap,mixed,chronos_small_quantile,default,,0.11737,0.10902,0.84394,0.27857,1.61,nan,1740.2,8029,25,0.03338,ok
nasa,G-7,smap,mixed,chronos_base_resid,default,,0.31323,0.30015,0.88508,0.52366,2.91,nan,1971.0,8029,25,0.03338,ok
nasa,G-7,smap,mixed,chronos_base_quantile,default,,0.12401,0.11428,0.79839,0.26648,2.91,nan,1971.0,8029,25,0.03338,ok
nasa,G-7,smap,mixed,timesfm_resid,default,,0.30654,0.29714,0.88792,0.53181,47.47,nan,2047.9,8029,25,0.03338,ok
nasa,G-7,smap,mixed,timesfm_quantile,default,,0.12684,0.11677,0.79723,0.28345,47.47,nan,2047.9,8029,25,0.03338,ok
nasa,G-7,smap,mixed,tirex_resid,default,,0.31298,0.26108,0.8663,0.48482,55.17,nan,2034.5,8029,25,0.03338,ok
nasa,G-7,smap,mixed,tirex_quantile,default,,0.08322,0.09456,0.71422,0.21779,55.17,nan,2034.5,8029,25,0.03338,ok
nasa,P-7,smap,contextual,chronos_small_resid,default,,0.17009,0.17999,0.54438,0.06206,1.64,nan,1740.2,8071,25,0.20456,ok
nasa,P-7,smap,contextual,chronos_small_quantile,default,,0.18475,0.19574,0.61954,0.12887,1.64,nan,1740.2,8071,25,0.20456,ok
nasa,P-7,smap,contextual,chronos_base_resid,default,,0.16977,0.17969,0.55251,0.12556,2.82,nan,1971.0,8071,25,0.20456,ok
nasa,P-7,smap,contextual,chronos_base_quantile,default,,0.1916,0.20314,0.63383,0.14096,2.82,nan,1971.0,8071,25,0.20456,ok
nasa,P-7,smap,contextual,timesfm_resid,default,,0.22895,0.24211,0.6507,0.2163,51.08,nan,2047.9,8071,25,0.20456,ok
nasa,P-7,smap,contextual,timesfm_quantile,default,,0.19777,0.20904,0.65288,0.16614,51.08,nan,2047.9,8071,25,0.20456,ok
nasa,P-7,smap,contextual,tirex_resid,default,,0.19469,0.20703,0.59308,0.16249,74.75,nan,2034.5,8071,25,0.20456,ok
nasa,P-7,smap,contextual,tirex_quantile,default,,0.19682,0.20836,0.68087,0.16432,74.75,nan,2034.5,8071,25,0.20456,ok
nasa,R-1,smap,point,chronos_small_resid,default,,0.01002,0.01423,0.52542,0.0119,1.82,nan,1740.2,7244,25,0.01118,ok
nasa,R-1,smap,point,chronos_small_quantile,default,,0.02339,0.02529,0.40545,0.1,1.82,nan,1740.2,7244,25,0.01118,ok
nasa,R-1,smap,point,chronos_base_resid,default,,0.00918,0.01349,0.56443,0.00641,2.22,nan,1971.0,7244,25,0.01118,ok
nasa,R-1,smap,point,chronos_base_quantile,default,,0.02339,0.02529,0.88947,0.1,2.22,nan,1971.0,7244,25,0.01118,ok
nasa,R-1,smap,point,timesfm_resid,default,,0.01135,0.01602,0.51654,0.0119,44.84,nan,2047.9,7244,25,0.01118,ok
nasa,R-1,smap,point,timesfm_quantile,default,,0.01217,0.01673,0.11428,0.00725,44.84,nan,2047.9,7244,25,0.01118,ok
nasa,R-1,smap,point,tirex_resid,default,,0.01088,0.01565,0.56125,0.01705,53.66,nan,2034.5,7244,25,0.01118,ok
nasa,R-1,smap,point,tirex_quantile,default,,0.0113,0.01691,0.66826,0.01259,53.66,nan,2034.5,7244,25,0.01118,ok
nasa,A-5,smap,point,chronos_small_resid,default,,0.08239,0.10768,0.75797,0.25982,1.02,nan,1740.2,4693,25,0.01087,ok
nasa,A-5,smap,point,chronos_small_quantile,default,,0.82118,0.60577,0.99927,0.82971,1.02,nan,1740.2,4693,25,0.01087,ok
nasa,A-5,smap,point,chronos_base_resid,default,,0.08026,0.10242,0.75837,0.26061,1.71,nan,1971.0,4693,25,0.01087,ok
nasa,A-5,smap,point,chronos_base_quantile,default,,0.82118,0.60558,0.99927,0.82914,1.71,nan,1971.0,4693,25,0.01087,ok
nasa,A-5,smap,point,timesfm_resid,default,,0.11488,0.14002,0.73056,0.33205,30.21,nan,2047.9,4693,25,0.01087,ok
nasa,A-5,smap,point,timesfm_quantile,default,,0.75981,0.66176,0.9763,0.94313,30.21,nan,2047.9,4693,25,0.01087,ok
nasa,A-5,smap,point,tirex_resid,default,,0.217,0.23068,0.73065,0.451,24.59,nan,2034.5,4693,25,0.01087,ok
nasa,A-5,smap,point,tirex_quantile,default,,0.84268,0.68114,0.99913,0.97826,24.59,nan,2034.5,4693,25,0.01087,ok
nasa,A-6,smap,point,chronos_small_resid,default,,0.00926,0.01272,0.6268,0.00892,0.63,nan,1740.2,4453,25,0.00921,ok
nasa,A-6,smap,point,chronos_small_quantile,default,,0.5653,0.40198,0.99896,0.71939,0.63,nan,1740.2,4453,25,0.00921,ok
nasa,A-6,smap,point,chronos_base_resid,default,,0.00893,0.01237,0.6272,0.0099,1.06,nan,1971.0,4453,25,0.00921,ok
nasa,A-6,smap,point,chronos_base_quantile,default,,0.56532,0.40197,0.99896,0.72917,1.06,nan,1971.0,4453,25,0.00921,ok
nasa,A-6,smap,point,timesfm_resid,default,,0.04764,0.06041,0.71934,0.17172,22.84,nan,2047.9,4453,25,0.00921,ok
nasa,A-6,smap,point,timesfm_quantile,default,,0.57119,0.41457,0.99896,0.72917,22.84,nan,2047.9,4453,25,0.00921,ok
nasa,A-6,smap,point,tirex_resid,default,,0.02121,0.02504,0.6432,0.0409,34.22,nan,2034.5,4453,25,0.00921,ok
nasa,A-6,smap,point,tirex_quantile,default,,0.24912,0.11957,0.99775,0.48077,34.22,nan,2034.5,4453,25,0.00921,ok
nasa,A-7,smap,contextual,chronos_small_resid,default,,0.2496,0.25746,0.63852,0.20008,1.72,nan,1740.2,8631,25,0.27818,ok
nasa,A-7,smap,contextual,chronos_small_quantile,default,,0.23361,0.24115,0.60718,0.05498,1.72,nan,1740.2,8631,25,0.27818,ok
nasa,A-7,smap,contextual,chronos_base_resid,default,,0.24311,0.25096,0.62572,0.18738,3.08,nan,1971.0,8631,25,0.27818,ok
nasa,A-7,smap,contextual,chronos_base_quantile,default,,0.24228,0.24997,0.6232,0.06417,3.08,nan,1971.0,8631,25,0.27818,ok
nasa,A-7,smap,contextual,timesfm_resid,default,,0.16399,0.17078,0.41841,0.00607,55.02,nan,2047.9,8631,25,0.27818,ok
nasa,A-7,smap,contextual,timesfm_quantile,default,,0.27214,0.27931,0.68762,0.22106,55.02,nan,2047.9,8631,25,0.27818,ok
nasa,A-7,smap,contextual,tirex_resid,default,,0.21587,0.22279,0.60341,0.17436,100.84,nan,2034.5,8631,25,0.27818,ok
nasa,A-7,smap,contextual,tirex_quantile,default,,0.27586,0.28369,0.71789,0.22465,100.84,nan,2034.5,8631,25,0.27818,ok
nasa,D-13,smap,point,chronos_small_resid,default,,0.01591,0.02377,0.39846,0.00437,1.73,nan,1740.2,7663,25,0.02101,ok
nasa,D-13,smap,point,chronos_small_quantile,default,,0.02101,0.03152,0.18119,0.0,1.73,nan,1740.2,7663,25,0.02101,ok
nasa,D-13,smap,point,chronos_base_resid,default,,0.01583,0.02373,0.37775,0.00329,2.73,nan,1971.0,7663,25,0.02101,ok
nasa,D-13,smap,point,chronos_base_quantile,default,,0.02101,0.03152,0.16077,0.0,2.73,nan,1971.0,7663,25,0.02101,ok
nasa,D-13,smap,point,timesfm_resid,default,,0.02101,0.03152,0.15811,0.0,42.61,nan,2047.9,7663,25,0.02101,ok
nasa,D-13,smap,point,timesfm_quantile,default,,0.02101,0.03152,0.14787,0.0,42.61,nan,2047.9,7663,25,0.02101,ok
nasa,D-13,smap,point,tirex_resid,default,,0.01542,0.02359,0.40748,0.00351,40.52,nan,2034.5,7663,25,0.02101,ok
nasa,D-13,smap,point,tirex_quantile,default,,0.01988,0.03072,0.65526,0.01846,40.52,nan,2034.5,7663,25,0.02101,ok
nasa,A-8,smap,contextual,chronos_small_resid,default,,0.36082,0.36902,0.67705,0.27673,2.3,nan,1740.2,8375,25,0.45445,ok
nasa,A-8,smap,contextual,chronos_small_quantile,default,,0.44114,0.4469,0.74356,0.30535,2.3,nan,1740.2,8375,25,0.45445,ok
nasa,A-8,smap,contextual,chronos_base_resid,default,,0.36865,0.37726,0.67861,0.28503,2.79,nan,1971.0,8375,25,0.45445,ok
nasa,A-8,smap,contextual,chronos_base_quantile,default,,0.46159,0.46803,0.80559,0.33451,2.79,nan,1971.0,8375,25,0.45445,ok
nasa,A-8,smap,contextual,tirex_resid,default,,0.39415,0.40176,0.72191,0.33491,105.22,nan,593.6,8375,25,0.45445,ok
nasa,A-8,smap,contextual,tirex_quantile,default,,0.44639,0.4531,0.74709,0.31899,105.22,nan,593.6,8375,25,0.45445,ok
nasa,A-9,smap,contextual,tirex_resid,default,,0.34811,0.35609,0.4767,0.08292,111.45,nan,593.6,8434,25,0.45826,ok
nasa,A-9,smap,contextual,tirex_quantile,default,,0.44496,0.45179,0.7422,0.3141,111.45,nan,593.6,8434,25,0.45826,ok
nasa,F-3,smap,contextual,tirex_resid,default,,0.0392,0.03323,0.61904,0.10116,81.43,nan,593.6,8376,25,0.00489,ok
nasa,F-3,smap,contextual,tirex_quantile,default,,0.01195,0.0131,0.65602,0.02818,81.43,nan,593.6,8376,25,0.00489,ok
nasa,M-6,msl,point,tirex_resid,default,,0.07731,0.10924,0.70127,0.06809,11.77,nan,593.6,2049,55,0.08834,ok
nasa,M-6,msl,point,tirex_quantile,default,,0.08682,0.1147,0.77383,0.09517,11.77,nan,593.6,2049,55,0.08834,ok
nasa,M-1,msl,contextual,tirex_resid,default,,0.5579,0.58505,0.84604,0.37757,11.49,nan,593.6,2277,55,0.5011,ok
nasa,M-1,msl,contextual,tirex_quantile,default,,0.53067,0.55616,0.91829,0.43065,11.49,nan,593.6,2277,55,0.5011,ok
nasa,M-2,msl,contextual,tirex_resid,default,,0.53455,0.56122,0.81234,0.35235,11.64,nan,593.6,2277,55,0.5011,ok
nasa,M-2,msl,contextual,tirex_quantile,default,,0.52767,0.55417,0.91829,0.42832,11.64,nan,593.6,2277,55,0.5011,ok
nasa,S-2,msl,point,tirex_resid,default,,0.01136,0.01258,0.67281,0.02778,11.45,nan,593.6,1827,55,0.00602,ok
nasa,S-2,msl,point,tirex_quantile,default,,0.01028,0.0125,0.66033,0.02256,11.45,nan,593.6,1827,55,0.00602,ok
nasa,P-10,msl,point,tirex_resid,default,,0.05614,0.05848,0.71949,0.11246,28.92,nan,593.6,6100,55,0.02148,ok
nasa,P-10,msl,point,tirex_quantile,default,,0.04068,0.05214,0.75679,0.09195,28.92,nan,593.6,6100,55,0.02148,ok
nasa,T-4,msl,point,tirex_resid,default,,0.0764,0.07337,0.9927,0.28383,11.72,nan,593.6,2217,55,0.03112,ok
nasa,T-4,msl,point,tirex_quantile,default,,0.02922,0.04232,0.67742,0.04805,11.72,nan,593.6,2217,55,0.03112,ok
nasa,T-5,msl,point,tirex_resid,default,,0.01411,0.01768,0.64942,0.01596,13.9,nan,593.6,2218,55,0.01172,ok
nasa,T-5,msl,point,tirex_quantile,default,,0.01628,0.02063,0.66503,0.02321,13.9,nan,593.6,2218,55,0.01172,ok
nasa,F-7,msl,contextual,tirex_resid,default,,0.06054,0.09539,0.6818,0.0173,43.57,nan,593.6,5054,55,0.0837,ok
nasa,F-7,msl,contextual,tirex_quantile,default,,0.07514,0.11864,0.6827,0.0691,43.57,nan,593.6,5054,55,0.0837,ok
nasa,M-3,msl,contextual,tirex_resid,default,,0.14238,0.18176,0.8284,0.157,29.05,nan,593.6,2127,55,0.11801,ok
nasa,M-3,msl,contextual,tirex_quantile,default,,0.11692,0.16133,0.68247,0.12207,29.05,nan,593.6,2127,55,0.11801,ok
nasa,M-4,msl,contextual,tirex_resid,default,,0.11534,0.1675,0.84077,0.10479,28.99,nan,593.6,2038,55,0.12316,ok
nasa,M-4,msl,contextual,tirex_quantile,default,,0.1261,0.16946,0.68207,0.1269,28.99,nan,593.6,2038,55,0.12316,ok
nasa,M-5,msl,contextual,tirex_resid,default,,0.1747,0.22846,0.77271,0.19169,29.78,nan,593.6,2303,55,0.1307,ok
nasa,M-5,msl,contextual,tirex_quantile,default,,0.12922,0.16769,0.78849,0.21846,29.78,nan,593.6,2303,55,0.1307,ok
nasa,P-15,msl,point,tirex_resid,default,,0.00717,0.0096,0.70107,0.00175,47.03,nan,593.6,2856,55,0.00735,ok
nasa,P-15,msl,point,tirex_quantile,default,,0.0196,0.02073,0.67044,0.05,47.03,nan,593.6,2856,55,0.00735,ok
nasa,C-1,msl,mixed,tirex_resid,default,,0.17356,0.25137,0.85579,0.20783,30.56,nan,593.6,2264,55,0.13781,ok
nasa,C-1,msl,mixed,tirex_quantile,default,,0.12288,0.18986,0.69112,0.1012,30.56,nan,593.6,2264,55,0.13781,ok
nasa,C-2,msl,mixed,tirex_resid,default,,0.12907,0.19358,0.77712,0.31917,33.0,nan,593.6,2051,55,0.0668,ok
nasa,C-2,msl,mixed,tirex_quantile,default,,0.05894,0.09401,0.65201,0.06823,33.0,nan,593.6,2051,55,0.0668,ok
nasa,T-12,msl,contextual,tirex_resid,default,,0.09358,0.12939,0.93371,0.27635,33.3,nan,593.6,2430,55,0.04979,ok
nasa,T-12,msl,contextual,tirex_quantile,default,,0.06923,0.09497,0.94888,0.19882,33.3,nan,593.6,2430,55,0.04979,ok
nasa,T-13,msl,contextual,tirex_resid,default,,0.22186,0.23978,0.86389,0.33783,24.38,nan,593.6,2430,55,0.1037,ok
nasa,T-13,msl,contextual,tirex_quantile,default,,0.13723,0.17097,0.67837,0.18069,24.38,nan,593.6,2430,55,0.1037,ok
nasa,F-4,msl,point,tirex_resid,default,,0.02441,0.03362,0.6542,0.02689,25.59,nan,593.6,3422,55,0.02075,ok
nasa,F-4,msl,point,tirex_quantile,default,,0.04559,0.05431,0.70212,0.08507,25.59,nan,593.6,3422,55,0.02075,ok
nasa,F-5,msl,point,tirex_resid,default,,0.03331,0.05123,0.64352,0.03119,28.13,nan,593.6,3922,55,0.0385,ok
nasa,F-5,msl,point,tirex_quantile,default,,0.04404,0.06466,0.70009,0.05272,28.13,nan,593.6,3922,55,0.0385,ok
nasa,D-14,msl,point,tirex_resid,default,,0.11708,0.18545,0.72675,0.22932,21.07,nan,593.6,2625,55,0.08457,ok
nasa,D-14,msl,point,tirex_quantile,default,,0.08943,0.13195,0.69009,0.13322,21.07,nan,593.6,2625,55,0.08457,ok
nasa,T-9,msl,point,tirex_resid,default,,0.50445,0.4979,0.95208,0.67352,9.45,nan,525.6,1096,55,0.10219,ok
nasa,T-9,msl,point,tirex_quantile,default,,0.17453,0.21939,0.75826,0.26793,9.45,nan,525.6,1096,55,0.10219,ok
nasa,P-14,msl,point,tirex_resid,default,,0.03318,0.04376,0.64101,0.04072,29.23,nan,593.6,6100,55,0.02967,ok
nasa,P-14,msl,point,tirex_quantile,default,,0.06868,0.08075,0.75799,0.15203,29.23,nan,593.6,6100,55,0.02967,ok
nasa,T-8,msl,contextual,tirex_resid,default,,0.10232,0.12437,0.73036,0.19784,11.46,nan,593.6,1519,55,0.06715,ok
nasa,T-8,msl,contextual,tirex_quantile,default,,0.07164,0.10305,0.68821,0.08436,11.46,nan,593.6,1519,55,0.06715,ok
nasa,P-11,msl,point,tirex_resid,default,,0.08008,0.1159,0.67395,0.13319,17.59,nan,593.6,3535,55,0.0645,ok
nasa,P-11,msl,point,tirex_quantile,default,,0.08136,0.11321,0.69577,0.17152,17.59,nan,593.6,3535,55,0.0645,ok
nasa,D-15,msl,point,tirex_resid,default,,0.35344,0.39094,0.76179,0.30038,13.96,nan,593.6,2158,55,0.29703,ok
nasa,D-15,msl,point,tirex_quantile,default,,0.31649,0.34869,0.77185,0.29834,13.96,nan,593.6,2158,55,0.29703,ok
nasa,D-16,msl,contextual,tirex_resid,default,,0.35126,0.386,0.74757,0.30653,20.91,nan,593.6,2191,55,0.29712,ok
nasa,D-16,msl,contextual,tirex_quantile,default,,0.29571,0.33538,0.76635,0.30304,20.91,nan,593.6,2191,55,0.29712,ok
nasa,M-7,msl,point,tirex_resid,default,,0.54531,0.46447,0.99186,0.67612,16.25,nan,593.6,2156,55,0.04685,ok
nasa,M-7,msl,point,tirex_quantile,default,,0.09539,0.09382,0.98363,0.27462,16.25,nan,593.6,2156,55,0.04685,ok
nasa,F-8,msl,contextual,tirex_resid,default,,0.25202,0.29429,0.78808,0.27097,19.82,nan,593.6,2487,55,0.21592,ok
nasa,F-8,msl,contextual,tirex_quantile,default,,0.22365,0.24654,0.89844,0.25238,19.82,nan,593.6,2487,55,0.21592,ok
psm,psm,server_app,,tirex_resid,default,,0.29394,0.40577,0.7457,0.41183,309.28,nan,593.6,40000,25,0.27318,ok
psm,psm,server_app,,tirex_quantile,default,,0.3105,0.3946,0.78956,0.42837,309.28,nan,593.6,40000,25,0.27318,ok
smd,machine-1-1,server,,tirex_resid,default,,0.22634,0.27051,0.78157,0.34735,132.0,nan,593.6,28479,38,0.0946,ok
smd,machine-1-1,server,,tirex_quantile,default,,0.1524,0.19121,0.79314,0.29992,132.0,nan,593.6,28479,38,0.0946,ok
smd,machine-1-2,server,,tirex_resid,default,,0.30225,0.25465,0.8233,0.38695,109.18,nan,593.6,23694,38,0.02287,ok
smd,machine-1-2,server,,tirex_quantile,default,,0.05031,0.05711,0.69524,0.11907,109.18,nan,593.6,23694,38,0.02287,ok
smd,machine-1-3,server,,tirex_resid,default,,0.11206,0.12721,0.77994,0.22875,103.88,nan,593.6,23703,38,0.03447,ok
smd,machine-1-3,server,,tirex_quantile,default,,0.07014,0.07892,0.73161,0.1833,103.88,nan,593.6,23703,38,0.03447,ok
smd,machine-1-4,server,,tirex_resid,default,,0.11705,0.13333,0.79459,0.31201,107.08,nan,593.6,23707,38,0.03037,ok
smd,machine-1-4,server,,tirex_quantile,default,,0.08209,0.09307,0.7625,0.23434,107.08,nan,593.6,23707,38,0.03037,ok
smd,machine-1-5,server,,tirex_resid,default,,0.01643,0.02175,0.77225,0.05214,109.69,nan,593.6,23706,38,0.00422,ok
smd,machine-1-5,server,,tirex_quantile,default,,0.01382,0.0166,0.70542,0.0398,109.69,nan,593.6,23706,38,0.00422,ok
smd,machine-1-6,server,,tirex_resid,default,,0.20949,0.27476,0.63084,0.23994,110.01,nan,593.6,23689,38,0.15653,ok
smd,machine-1-6,server,,tirex_quantile,default,,0.1783,0.26016,0.67984,0.26258,110.01,nan,593.6,23689,38,0.15653,ok
smd,machine-1-7,server,,tirex_resid,default,,0.11257,0.157,0.70434,0.17796,104.37,nan,593.6,23697,38,0.10119,ok
smd,machine-1-7,server,,tirex_quantile,default,,0.1017,0.14207,0.69066,0.15416,104.37,nan,593.6,23697,38,0.10119,ok
smd,machine-1-8,server,,tirex_resid,default,,0.11425,0.11021,0.73399,0.22837,104.4,nan,593.6,23699,38,0.0322,ok
smd,machine-1-8,server,,tirex_quantile,default,,0.05412,0.06785,0.7175,0.11749,104.4,nan,593.6,23699,38,0.0322,ok
smd,machine-2-1,server,,tirex_resid,default,,0.05342,0.08378,0.69113,0.09547,104.67,nan,593.6,23694,38,0.04938,ok
smd,machine-2-1,server,,tirex_quantile,default,,0.06587,0.08943,0.67633,0.15399,104.67,nan,593.6,23694,38,0.04938,ok
smd,machine-2-2,server,,tirex_resid,default,,0.0811,0.12114,0.5976,0.06006,112.51,nan,593.6,23700,38,0.11954,ok
smd,machine-2-2,server,,tirex_quantile,default,,0.10797,0.15885,0.71327,0.18035,112.51,nan,593.6,23700,38,0.11954,ok
smd,machine-2-3,server,,tirex_resid,default,,0.19645,0.14004,0.7143,0.26957,111.65,nan,593.6,23689,38,0.01136,ok
smd,machine-2-3,server,,tirex_quantile,default,,0.12745,0.09594,0.6799,0.22661,111.65,nan,593.6,23689,38,0.01136,ok
smd,machine-2-4,server,,tirex_resid,default,,0.14898,0.16884,0.6814,0.17505,107.68,nan,593.6,23689,38,0.07151,ok
smd,machine-2-4,server,,tirex_quantile,default,,0.10768,0.14428,0.74044,0.17696,107.68,nan,593.6,23689,38,0.07151,ok
smd,machine-2-5,server,,tirex_resid,default,,0.04454,0.05903,0.63362,0.07615,108.86,nan,593.6,23689,38,0.04137,ok
smd,machine-2-5,server,,tirex_quantile,default,,0.07465,0.09709,0.68114,0.17232,108.86,nan,593.6,23689,38,0.04137,ok
smd,machine-2-6,server,,tirex_resid,default,,0.27329,0.18903,0.80418,0.35814,130.7,nan,593.6,28743,38,0.01475,ok
smd,machine-2-6,server,,tirex_quantile,default,,0.06598,0.06339,0.68536,0.19425,130.7,nan,593.6,28743,38,0.01475,ok
smd,machine-2-7,server,,tirex_resid,default,,0.22981,0.15251,0.57374,0.18412,108.12,nan,593.6,23696,38,0.0176,ok
smd,machine-2-7,server,,tirex_quantile,default,,0.02119,0.03144,0.63303,0.07231,108.12,nan,593.6,23696,38,0.0176,ok
smd,machine-2-8,server,,tirex_resid,default,,0.7794,0.58201,0.99878,0.83727,114.53,nan,593.6,23703,38,0.00679,ok
smd,machine-2-8,server,,tirex_quantile,default,,0.08555,0.0271,0.9844,0.24777,114.53,nan,593.6,23703,38,0.00679,ok
smd,machine-2-9,server,,tirex_resid,default,,0.08343,0.11543,0.64291,0.14774,130.34,nan,593.6,28722,38,0.0611,ok
smd,machine-2-9,server,,tirex_quantile,default,,0.068,0.0999,0.72714,0.11199,130.34,nan,593.6,28722,38,0.0611,ok
smd,machine-3-1,server,,tirex_resid,default,,0.31544,0.21378,0.85521,0.46064,163.08,nan,593.6,28700,38,0.01073,ok
smd,machine-3-1,server,,tirex_quantile,default,,0.04605,0.05874,0.77833,0.19148,163.08,nan,593.6,28700,38,0.01073,ok
smd,machine-3-10,server,,tirex_resid,default,,0.1071,0.1333,0.73432,0.19046,103.12,nan,593.6,23693,38,0.04419,ok
smd,machine-3-10,server,,tirex_quantile,default,,0.04552,0.068,0.67138,0.09773,103.12,nan,593.6,23693,38,0.04419,ok
smd,machine-3-11,server,,tirex_resid,default,,0.33908,0.38612,0.78887,0.56076,140.62,nan,593.6,28696,38,0.0069,ok
smd,machine-3-11,server,,tirex_quantile,default,,0.11961,0.10835,0.7651,0.30422,140.62,nan,593.6,28696,38,0.0069,ok
smd,machine-3-2,server,,tirex_resid,default,,0.03677,0.05593,0.68986,0.04777,107.88,nan,593.6,23703,38,0.04679,ok
smd,machine-3-2,server,,tirex_quantile,default,,0.04625,0.06558,0.68947,0.08226,107.88,nan,593.6,23703,38,0.04679,ok
smd,machine-3-3,server,,tirex_resid,default,,0.2269,0.17613,0.72806,0.12087,110.05,nan,593.6,23703,38,0.02666,ok
smd,machine-3-3,server,,tirex_quantile,default,,0.05186,0.05137,0.69245,0.09647,110.05,nan,593.6,23703,38,0.02666,ok
smd,machine-3-4,server,,tirex_resid,default,,0.04632,0.07021,0.7023,0.11455,127.35,nan,593.6,23687,38,0.04125,ok
smd,machine-3-4,server,,tirex_quantile,default,,0.04084,0.06706,0.7488,0.08322,127.35,nan,593.6,23687,38,0.04125,ok
smd,machine-3-5,server,,tirex_resid,default,,0.04183,0.04927,0.75305,0.09964,121.53,nan,593.6,23691,38,0.01798,ok
smd,machine-3-5,server,,tirex_quantile,default,,0.06149,0.05383,0.68742,0.12326,121.53,nan,593.6,23691,38,0.01798,ok
smd,machine-3-6,server,,tirex_resid,default,,0.05881,0.09883,0.75722,0.16277,135.78,nan,593.6,28726,38,0.04157,ok
smd,machine-3-6,server,,tirex_quantile,default,,0.05842,0.08836,0.74076,0.12842,135.78,nan,593.6,28726,38,0.04157,ok
smd,machine-3-7,server,,tirex_resid,default,,0.09801,0.04686,0.68093,0.11644,142.02,nan,593.6,28705,38,0.01512,ok
smd,machine-3-7,server,,tirex_quantile,default,,0.08268,0.03548,0.70567,0.09536,142.02,nan,593.6,28705,38,0.01512,ok
smd,machine-3-8,server,,tirex_resid,default,,0.16376,0.18686,0.78085,0.29336,138.77,nan,593.6,28704,38,0.04776,ok
smd,machine-3-8,server,,tirex_quantile,default,,0.04942,0.06899,0.7435,0.09264,138.77,nan,593.6,28704,38,0.04776,ok
smd,machine-3-9,server,,tirex_resid,default,,0.26188,0.23608,0.71109,0.48107,133.38,nan,593.6,28713,38,0.01055,ok
smd,machine-3-9,server,,tirex_quantile,default,,0.09033,0.07648,0.76631,0.26071,133.38,nan,593.6,28713,38,0.01055,ok
ucr,001_UCR_Anomaly_DISTORTED1sddb40_35000_52000_52620,DISTORTED1sddb40,,tirex_resid,default,,0.018,0.0218,0.66493,0.0227,19.73,nan,593.6,44795,1,0.01386,ok
ucr,001_UCR_Anomaly_DISTORTED1sddb40_35000_52000_52620,DISTORTED1sddb40,,tirex_quantile,default,,0.01314,0.01556,0.69596,0.00587,19.73,nan,593.6,44795,1,0.01386,ok
ucr,002_UCR_Anomaly_DISTORTED2sddb40_35000_56600_56900,DISTORTED2sddb40,,tirex_resid,default,,0.00476,0.00708,0.66491,0.00181,21.12,nan,593.6,45001,1,0.00669,ok
ucr,002_UCR_Anomaly_DISTORTED2sddb40_35000_56600_56900,DISTORTED2sddb40,,tirex_quantile,default,,0.00624,0.00919,0.67909,0.00158,21.12,nan,593.6,45001,1,0.00669,ok
ucr,003_UCR_Anomaly_DISTORTED3sddb40_35000_46600_46900,DISTORTED3sddb40,,tirex_resid,default,,0.0118,0.01315,0.6679,0.03029,19.56,nan,593.6,45000,1,0.00669,ok
ucr,003_UCR_Anomaly_DISTORTED3sddb40_35000_46600_46900,DISTORTED3sddb40,,tirex_quantile,default,,0.00769,0.00968,0.67069,0.01219,19.56,nan,593.6,45000,1,0.00669,ok
ucr,004_UCR_Anomaly_DISTORTEDBIDMC1_2500_5400_5600,DISTORTEDBIDMC1,,tirex_resid,default,,0.1655,0.20708,0.9892,0.27877,7.26,nan,384.6,8500,1,0.02365,ok
ucr,004_UCR_Anomaly_DISTORTEDBIDMC1_2500_5400_5600,DISTORTEDBIDMC1,,tirex_quantile,default,,0.05999,0.09892,0.99433,0.26863,7.26,nan,384.6,8500,1,0.02365,ok
ucr,005_UCR_Anomaly_DISTORTEDCIMIS44AirTemperature1_4000_5391_5392,DISTORTEDCIMIS44AirTemperature1,,tirex_resid,default,,0.00039,0.00159,0.81539,0.0,7.83,nan,271.2,4184,1,0.00048,ok
ucr,005_UCR_Anomaly_DISTORTEDCIMIS44AirTemperature1_4000_5391_5392,DISTORTEDCIMIS44AirTemperature1,,tirex_quantile,default,,0.00048,0.00132,0.64507,0.0,7.83,nan,271.2,4184,1,0.00048,ok
ucr,006_UCR_Anomaly_DISTORTEDCIMIS44AirTemperature2_4000_5703_5727,DISTORTEDCIMIS44AirTemperature2,,tirex_resid,default,,0.15059,0.08698,0.88641,0.26946,8.8,nan,271.2,4184,1,0.00598,ok
ucr,006_UCR_Anomaly_DISTORTEDCIMIS44AirTemperature2_4000_5703_5727,DISTORTEDCIMIS44AirTemperature2,,tirex_quantile,default,,0.04034,0.03265,0.70229,0.09456,8.8,nan,271.2,4184,1,0.00598,ok
ucr,007_UCR_Anomaly_DISTORTEDCIMIS44AirTemperature3_4000_6520_6544,DISTORTEDCIMIS44AirTemperature3,,tirex_resid,default,,0.07884,0.05902,0.68256,0.14509,6.89,nan,271.2,4184,1,0.00598,ok
ucr,007_UCR_Anomaly_DISTORTEDCIMIS44AirTemperature3_4000_6520_6544,DISTORTEDCIMIS44AirTemperature3,,tirex_quantile,default,,0.0716,0.05253,0.72957,0.13914,6.89,nan,271.2,4184,1,0.00598,ok
ucr,008_UCR_Anomaly_DISTORTEDCIMIS44AirTemperature4_4000_5549_5597,DISTORTEDCIMIS44AirTemperature4,,tirex_resid,default,,0.10962,0.0721,0.90536,0.27809,7.09,nan,271.2,4184,1,0.01171,ok
ucr,008_UCR_Anomaly_DISTORTEDCIMIS44AirTemperature4_4000_5549_5597,DISTORTEDCIMIS44AirTemperature4,,tirex_quantile,default,,0.02387,0.02443,0.6816,0.05457,7.09,nan,271.2,4184,1,0.01171,ok
ucr,009_UCR_Anomaly_DISTORTEDCIMIS44AirTemperature5_4000_4852_4900,DISTORTEDCIMIS44AirTemperature5,,tirex_resid,default,,0.05192,0.06181,0.90284,0.11327,6.75,nan,271.2,4184,1,0.01171,ok
ucr,009_UCR_Anomaly_DISTORTEDCIMIS44AirTemperature5_4000_4852_4900,DISTORTEDCIMIS44AirTemperature5,,tirex_quantile,default,,0.01982,0.03042,0.68833,0.0324,6.75,nan,271.2,4184,1,0.01171,ok
ucr,010_UCR_Anomaly_DISTORTEDCIMIS44AirTemperature6_4000_6006_6054,DISTORTEDCIMIS44AirTemperature6,,tirex_resid,default,,0.05174,0.08033,0.79861,0.10594,7.77,nan,271.2,4184,1,0.01171,ok
ucr,010_UCR_Anomaly_DISTORTEDCIMIS44AirTemperature6_4000_6006_6054,DISTORTEDCIMIS44AirTemperature6,,tirex_quantile,default,,0.06236,0.07837,0.90881,0.18757,7.77,nan,271.2,4184,1,0.01171,ok
ucr,011_UCR_Anomaly_DISTORTEDECG1_10000_11800_12100,DISTORTEDECG1,,tirex_resid,default,,0.17533,0.0968,0.99821,0.31909,12.08,nan,593.6,20000,1,0.01505,ok
ucr,011_UCR_Anomaly_DISTORTEDECG1_10000_11800_12100,DISTORTEDECG1,,tirex_quantile,default,,0.02418,0.02769,0.70707,0.05284,12.08,nan,593.6,20000,1,0.01505,ok
ucr,012_UCR_Anomaly_DISTORTEDECG2_15000_16000_16100,DISTORTEDECG2,,tirex_resid,default,,0.01138,0.01536,0.69052,0.02479,6.11,nan,559.5,15000,1,0.00673,ok
ucr,012_UCR_Anomaly_DISTORTEDECG2_15000_16000_16100,DISTORTEDECG2,,tirex_quantile,default,,0.00675,0.00975,0.70993,0.00535,6.11,nan,559.5,15000,1,0.00673,ok
ucr,013_UCR_Anomaly_DISTORTEDECG3_15000_16000_16100,DISTORTEDECG3,,tirex_resid,default,,0.00995,0.01119,0.7242,0.02359,5.9,nan,559.5,15000,1,0.00673,ok
ucr,013_UCR_Anomaly_DISTORTEDECG3_15000_16000_16100,DISTORTEDECG3,,tirex_quantile,default,,0.00655,0.00985,0.70477,0.00131,5.9,nan,559.5,15000,1,0.00673,ok
ucr,014_UCR_Anomaly_DISTORTEDECG3_8000_17000_17100,DISTORTEDECG3,,tirex_resid,default,,0.00915,0.0099,0.67713,0.02033,12.1,nan,593.6,22000,1,0.00459,ok
ucr,014_UCR_Anomaly_DISTORTEDECG3_8000_17000_17100,DISTORTEDECG3,,tirex_quantile,default,,0.00713,0.01008,0.65925,0.01839,12.1,nan,593.6,22000,1,0.00459,ok
ucr,015_UCR_Anomaly_DISTORTEDECG4_5000_16800_17100,DISTORTEDECG4,,tirex_resid,default,,0.00403,0.00921,0.93131,0.00952,73.25,nan,593.6,195000,1,0.00154,ok
ucr,015_UCR_Anomaly_DISTORTEDECG4_5000_16800_17100,DISTORTEDECG4,,tirex_quantile,default,,0.00498,0.00758,0.81766,0.00639,73.25,nan,593.6,195000,1,0.00154,ok
ucr,016_UCR_Anomaly_DISTORTEDECG4_5000_16900_17100,DISTORTEDECG4,,tirex_resid,default,,0.01209,0.01456,0.68059,0.0433,11.89,nan,593.6,25000,1,0.00804,ok
ucr,016_UCR_Anomaly_DISTORTEDECG4_5000_16900_17100,DISTORTEDECG4,,tirex_quantile,default,,0.00982,0.01385,0.67595,0.02162,11.89,nan,593.6,25000,1,0.00804,ok
ucr,017_UCR_Anomaly_DISTORTEDECG4_5000_17000_17100,DISTORTEDECG4,,tirex_resid,default,,0.01139,0.00808,0.68382,0.04347,12.11,nan,593.6,25000,1,0.00404,ok
ucr,017_UCR_Anomaly_DISTORTEDECG4_5000_17000_17100,DISTORTEDECG4,,tirex_quantile,default,,0.0053,0.00664,0.6743,0.00999,12.11,nan,593.6,25000,1,0.00404,ok
ucr,018_UCR_Anomaly_DISTORTEDECG4_8000_17000_17100,DISTORTEDECG4,,tirex_resid,default,,0.0043,0.0059,0.67418,0.00178,11.94,nan,593.6,22000,1,0.00459,ok
ucr,018_UCR_Anomaly_DISTORTEDECG4_8000_17000_17100,DISTORTEDECG4,,tirex_quantile,default,,0.00451,0.0066,0.72581,0.00176,11.94,nan,593.6,22000,1,0.00459,ok
ucr,019_UCR_Anomaly_DISTORTEDGP711MarkerLFM5z1_5000_6168_6212,DISTORTEDGP711MarkerLFM5z1,,tirex_resid,default,,0.15622,0.11048,0.939,0.29677,6.05,nan,346.3,7000,1,0.00643,ok
ucr,019_UCR_Anomaly_DISTORTEDGP711MarkerLFM5z1_5000_6168_6212,DISTORTEDGP711MarkerLFM5z1,,tirex_quantile,default,,0.07473,0.06326,0.939,0.16759,6.05,nan,346.3,7000,1,0.00643,ok
ucr,020_UCR_Anomaly_DISTORTEDGP711MarkerLFM5z2_5000_7175_7388,DISTORTEDGP711MarkerLFM5z2,,tirex_resid,default,,0.28547,0.25999,0.97718,0.49113,6.33,nan,346.3,7000,1,0.03057,ok
ucr,020_UCR_Anomaly_DISTORTEDGP711MarkerLFM5z2_5000_7175_7388,DISTORTEDGP711MarkerLFM5z2,,tirex_quantile,default,,0.20783,0.14866,0.99006,0.37362,6.33,nan,346.3,7000,1,0.03057,ok
ucr,021_UCR_Anomaly_DISTORTEDGP711MarkerLFM5z3_5000_5948_5993,DISTORTEDGP711MarkerLFM5z3,,tirex_resid,default,,0.05223,0.05168,0.91721,0.10605,6.04,nan,346.3,7000,1,0.00657,ok
ucr,021_UCR_Anomaly_DISTORTEDGP711MarkerLFM5z3_5000_5948_5993,DISTORTEDGP711MarkerLFM5z3,,tirex_quantile,default,,0.01437,0.01576,0.67658,0.04032,6.04,nan,346.3,7000,1,0.00657,ok
ucr,022_UCR_Anomaly_DISTORTEDGP711MarkerLFM5z4_4000_6527_6645,DISTORTEDGP711MarkerLFM5z4,,tirex_resid,default,,0.30775,0.19047,0.99607,0.4635,6.29,nan,368.8,8000,1,0.01487,ok
ucr,022_UCR_Anomaly_DISTORTEDGP711MarkerLFM5z4_4000_6527_6645,DISTORTEDGP711MarkerLFM5z4,,tirex_quantile,default,,0.03229,0.03347,0.73984,0.12147,6.29,nan,368.8,8000,1,0.01487,ok
ucr,023_UCR_Anomaly_DISTORTEDGP711MarkerLFM5z5_5000_8612_8716,DISTORTEDGP711MarkerLFM5z5,,tirex_resid,default,,0.18669,0.12091,0.99605,0.30924,6.21,nan,346.3,7000,1,0.015,ok
ucr,023_UCR_Anomaly_DISTORTEDGP711MarkerLFM5z5_5000_8612_8716,DISTORTEDGP711MarkerLFM5z5,,tirex_quantile,default,,0.23401,0.11967,0.99594,0.43033,6.21,nan,346.3,7000,1,0.015,ok
ucr,024_UCR_Anomaly_DISTORTEDInternalBleeding10_3200_4526_4556,DISTORTEDInternalBleeding10,,tirex_resid,default,,0.00639,0.01518,0.73585,0.00626,6.4,nan,271.7,4301,1,0.00721,ok
ucr,024_UCR_Anomaly_DISTORTEDInternalBleeding10_3200_4526_4556,DISTORTEDInternalBleeding10,,tirex_quantile,default,,0.00689,0.01209,0.68358,0.00135,6.4,nan,271.7,4301,1,0.00721,ok
ucr,025_UCR_Anomaly_DISTORTEDInternalBleeding14_2800_5607_5634,DISTORTEDInternalBleeding14,,tirex_resid,default,,0.04923,0.1086,0.99202,0.10821,5.98,nan,284.7,4701,1,0.00596,ok
ucr,025_UCR_Anomaly_DISTORTEDInternalBleeding14_2800_5607_5634,DISTORTEDInternalBleeding14,,tirex_quantile,default,,0.25518,0.13041,0.99849,0.40165,5.98,nan,284.7,4701,1,0.00596,ok
ucr,026_UCR_Anomaly_DISTORTEDInternalBleeding15_1700_5684_5854,DISTORTEDInternalBleeding15,,tirex_resid,default,,0.05194,0.06175,0.89612,0.09091,6.11,nan,314.1,5901,1,0.02898,ok
ucr,026_UCR_Anomaly_DISTORTEDInternalBleeding15_1700_5684_5854,DISTORTEDInternalBleeding15,,tirex_quantile,default,,0.0399,0.05008,0.66111,0.0812,6.11,nan,314.1,5901,1,0.02898,ok
ucr,027_UCR_Anomaly_DISTORTEDInternalBleeding16_1200_4187_4199,DISTORTEDInternalBleeding16,,tirex_resid,default,,0.0117,0.00924,0.74102,0.03169,6.47,nan,326.2,6301,1,0.00206,ok
ucr,027_UCR_Anomaly_DISTORTEDInternalBleeding16_1200_4187_4199,DISTORTEDInternalBleeding16,,tirex_quantile,default,,0.00206,0.00309,0.63418,0.0,6.47,nan,326.2,6301,1,0.00206,ok
ucr,028_UCR_Anomaly_DISTORTEDInternalBleeding17_1600_3198_3309,DISTORTEDInternalBleeding17,,tirex_resid,default,,0.05532,0.05905,0.75333,0.11726,6.66,nan,314.1,5900,1,0.01898,ok
ucr,028_UCR_Anomaly_DISTORTEDInternalBleeding17_1600_3198_3309,DISTORTEDInternalBleeding17,,tirex_quantile,default,,0.02289,0.02871,0.69525,0.02857,6.66,nan,314.1,5900,1,0.01898,ok
ucr,029_UCR_Anomaly_DISTORTEDInternalBleeding18_2300_4485_4587,DISTORTEDInternalBleeding18,,tirex_resid,default,,0.02413,0.03935,0.78961,0.02931,6.74,nan,298.3,5200,1,0.01981,ok
ucr,029_UCR_Anomaly_DISTORTEDInternalBleeding18_2300_4485_4587,DISTORTEDInternalBleeding18,,tirex_quantile,default,,0.01925,0.02927,0.66598,0.00676,6.74,nan,298.3,5200,1,0.01981,ok
ucr,030_UCR_Anomaly_DISTORTEDInternalBleeding19_3000_4187_4197,DISTORTEDInternalBleeding19,,tirex_resid,default,,0.01184,0.01134,0.66437,0.02842,6.53,nan,278.1,4500,1,0.00244,ok
ucr,030_UCR_Anomaly_DISTORTEDInternalBleeding19_3000_4187_4197,DISTORTEDInternalBleeding19,,tirex_quantile,default,,0.00244,0.00367,0.57048,0.0,6.53,nan,278.1,4500,1,0.00244,ok
ucr,031_UCR_Anomaly_DISTORTEDInternalBleeding20_2700_5759_5919,DISTORTEDInternalBleeding20,,tirex_resid,default,,0.07983,0.10291,0.71845,0.15122,6.86,nan,284.9,4800,1,0.03354,ok
ucr,031_UCR_Anomaly_DISTORTEDInternalBleeding20_2700_5759_5919,DISTORTEDInternalBleeding20,,tirex_quantile,default,,0.05487,0.06018,0.59096,0.10646,6.86,nan,284.9,4800,1,0.03354,ok
ucr,032_UCR_Anomaly_DISTORTEDInternalBleeding4_1000_4675_5033,DISTORTEDInternalBleeding4,,tirex_resid,default,,0.4616,0.39616,0.99333,0.60453,6.17,nan,326.2,6321,1,0.05679,ok
ucr,032_UCR_Anomaly_DISTORTEDInternalBleeding4_1000_4675_5033,DISTORTEDInternalBleeding4,,tirex_quantile,default,,0.34051,0.29618,0.99422,0.48529,6.17,nan,326.2,6321,1,0.05679,ok
ucr,033_UCR_Anomaly_DISTORTEDInternalBleeding5_4000_6200_6370,DISTORTEDInternalBleeding5,,tirex_resid,default,,0.28727,0.28763,0.94926,0.45298,7.65,nan,250.0,3415,1,0.05007,ok
ucr,033_UCR_Anomaly_DISTORTEDInternalBleeding5_4000_6200_6370,DISTORTEDInternalBleeding5,,tirex_quantile,default,,0.26771,0.20508,0.97882,0.49835,7.65,nan,250.0,3415,1,0.05007,ok
ucr,034_UCR_Anomaly_DISTORTEDInternalBleeding6_1500_3474_3629,DISTORTEDInternalBleeding6,,tirex_resid,default,,0.14927,0.13111,0.94972,0.30864,6.29,nan,321.8,6154,1,0.02535,ok
ucr,034_UCR_Anomaly_DISTORTEDInternalBleeding6_1500_3474_3629,DISTORTEDInternalBleeding6,,tirex_quantile,default,,0.02386,0.03586,0.79659,0.01023,6.29,nan,321.8,6154,1,0.02535,ok
ucr,035_UCR_Anomaly_DISTORTEDInternalBleeding8_2500_5865_5974,DISTORTEDInternalBleeding8,,tirex_resid,default,,0.05899,0.13184,0.97251,0.13486,7.67,nan,291.7,5001,1,0.022,ok
ucr,035_UCR_Anomaly_DISTORTEDInternalBleeding8_2500_5865_5974,DISTORTEDInternalBleeding8,,tirex_quantile,default,,0.24233,0.25632,0.9851,0.42546,7.67,nan,291.7,5001,1,0.022,ok
ucr,036_UCR_Anomaly_DISTORTEDInternalBleeding9_4200_6599_6681,DISTORTEDInternalBleeding9,,tirex_resid,default,,0.03794,0.05033,0.83035,0.0677,7.31,nan,243.6,3301,1,0.02514,ok
ucr,036_UCR_Anomaly_DISTORTEDInternalBleeding9_4200_6599_6681,DISTORTEDInternalBleeding9,,tirex_quantile,default,,0.03533,0.04842,0.79441,0.07249,7.31,nan,243.6,3301,1,0.02514,ok
ucr,037_UCR_Anomaly_DISTORTEDLab2Cmac011215EPG1_5000_17210_17260,DISTORTEDLab2Cmac011215EPG1,,tirex_resid,default,,0.13464,0.03113,0.7956,0.19662,13.38,nan,593.6,25001,1,0.00204,ok
ucr,037_UCR_Anomaly_DISTORTEDLab2Cmac011215EPG1_5000_17210_17260,DISTORTEDLab2Cmac011215EPG1,,tirex_quantile,default,,0.03283,0.01422,0.6688,0.05535,13.38,nan,593.6,25001,1,0.00204,ok
ucr,038_UCR_Anomaly_DISTORTEDLab2Cmac011215EPG2_5000_27862_27932,DISTORTEDLab2Cmac011215EPG2,,tirex_resid,default,,0.00562,0.00711,0.69191,0.01205,12.45,nan,593.6,24950,1,0.00285,ok
ucr,038_UCR_Anomaly_DISTORTEDLab2Cmac011215EPG2_5000_27862_27932,DISTORTEDLab2Cmac011215EPG2,,tirex_quantile,default,,0.00446,0.00675,0.83207,0.00977,12.45,nan,593.6,24950,1,0.00285,ok
ucr,039_UCR_Anomaly_DISTORTEDLab2Cmac011215EPG3_5000_16390_16420,DISTORTEDLab2Cmac011215EPG3,,tirex_resid,default,,0.00583,0.00528,0.66857,0.01072,12.58,nan,593.6,24950,1,0.00124,ok
ucr,039_UCR_Anomaly_DISTORTEDLab2Cmac011215EPG3_5000_16390_16420,DISTORTEDLab2Cmac011215EPG3,,tirex_quantile,default,,0.00417,0.00452,0.66561,0.01031,12.58,nan,593.6,24950,1,0.00124,ok
ucr,040_UCR_Anomaly_DISTORTEDLab2Cmac011215EPG4_6000_17390_17520,DISTORTEDLab2Cmac011215EPG4,,tirex_resid,default,,0.00612,0.00854,0.66623,0.00789,13.22,nan,593.6,24066,1,0.00544,ok
ucr,040_UCR_Anomaly_DISTORTEDLab2Cmac011215EPG4_6000_17390_17520,DISTORTEDLab2Cmac011215EPG4,,tirex_quantile,default,,0.00612,0.00904,0.68074,0.0089,13.22,nan,593.6,24066,1,0.00544,ok
ucr,041_UCR_Anomaly_DISTORTEDLab2Cmac011215EPG5_7000_17390_17520,DISTORTEDLab2Cmac011215EPG5,,tirex_resid,default,,0.00985,0.01214,0.67141,0.02011,12.49,nan,593.6,22826,1,0.00574,ok
ucr,041_UCR_Anomaly_DISTORTEDLab2Cmac011215EPG5_7000_17390_17520,DISTORTEDLab2Cmac011215EPG5,,tirex_quantile,default,,0.00742,0.00952,0.66222,0.01324,12.49,nan,593.6,22826,1,0.00574,ok
ucr,042_UCR_Anomaly_DISTORTEDLab2Cmac011215EPG6_7000_12190_12420,DISTORTEDLab2Cmac011215EPG6,,tirex_resid,default,,0.00765,0.01146,0.66027,0.0019,14.24,nan,593.6,22859,1,0.01011,ok
ucr,042_UCR_Anomaly_DISTORTEDLab2Cmac011215EPG6_7000_12190_12420,DISTORTEDLab2Cmac011215EPG6,,tirex_quantile,default,,0.00939,0.01415,0.66169,0.01006,14.24,nan,593.6,22859,1,0.01011,ok
ucr,043_UCR_Anomaly_DISTORTEDMesoplodonDensirostris_10000_19280_19440,DISTORTEDMesoplodonDensirostris,,tirex_resid,default,,0.06821,0.03039,0.98027,0.24273,8.35,nan,552.5,14667,1,0.01098,ok
ucr,043_UCR_Anomaly_DISTORTEDMesoplodonDensirostris_10000_19280_19440,DISTORTEDMesoplodonDensirostris,,tirex_quantile,default,,0.01121,0.01615,0.78785,0.00841,8.35,nan,552.5,14667,1,0.01098,ok
ucr,044_UCR_Anomaly_DISTORTEDPowerDemand1_9000_18485_18821,DISTORTEDPowerDemand1,,tirex_resid,default,,0.03077,0.03713,0.72705,0.15391,13.97,nan,593.6,20931,1,0.0161,ok
ucr,044_UCR_Anomaly_DISTORTEDPowerDemand1_9000_18485_18821,DISTORTEDPowerDemand1,,tirex_quantile,default,,0.02796,0.03307,0.81307,0.13333,13.97,nan,593.6,20931,1,0.0161,ok
ucr,045_UCR_Anomaly_DISTORTEDPowerDemand2_14000_23357_23717,DISTORTEDPowerDemand2,,tirex_resid,default,,0.01903,0.02538,0.66376,0.0156,7.69,nan,581.7,15931,1,0.02266,ok
ucr,045_UCR_Anomaly_DISTORTEDPowerDemand2_14000_23357_23717,DISTORTEDPowerDemand2,,tirex_quantile,default,,0.02517,0.03313,0.75012,0.03627,7.69,nan,581.7,15931,1,0.02266,ok
ucr,046_UCR_Anomaly_DISTORTEDPowerDemand3_16000_23405_23477,DISTORTEDPowerDemand3,,tirex_resid,default,,0.0115,0.01723,0.6606,0.02506,5.72,nan,532.2,13931,1,0.00524,ok
ucr,046_UCR_Anomaly_DISTORTEDPowerDemand3_16000_23405_23477,DISTORTEDPowerDemand3,,tirex_quantile,default,,0.01535,0.01531,0.69527,0.03571,5.72,nan,532.2,13931,1,0.00524,ok
ucr,047_UCR_Anomaly_DISTORTEDPowerDemand4_18000_24005_24077,DISTORTEDPowerDemand4,,tirex_resid,default,,0.12975,0.06624,0.96679,0.33046,5.79,nan,476.9,11931,1,0.00612,ok
ucr,047_UCR_Anomaly_DISTORTEDPowerDemand4_18000_24005_24077,DISTORTEDPowerDemand4,,tirex_quantile,default,,0.04896,0.03622,0.7081,0.10005,5.79,nan,476.9,11931,1,0.00612,ok
ucr,048_UCR_Anomaly_DISTORTEDTkeepFifthMARS_3500_5988_6085,DISTORTEDTkeepFifthMARS,,tirex_resid,default,,0.03533,0.08517,0.98187,0.07471,5.73,nan,367.0,7834,1,0.01251,ok
ucr,048_UCR_Anomaly_DISTORTEDTkeepFifthMARS_3500_5988_6085,DISTORTEDTkeepFifthMARS,,tirex_quantile,default,,0.04918,0.13266,0.98213,0.10714,5.73,nan,367.0,7834,1,0.01251,ok
ucr,049_UCR_Anomaly_DISTORTEDTkeepFirstMARS_3500_5365_5380,DISTORTEDTkeepFirstMARS,,tirex_resid,default,,0.00174,0.00316,0.82317,0.00052,6.54,nan,367.1,7906,1,0.00202,ok
ucr,049_UCR_Anomaly_DISTORTEDTkeepFirstMARS_3500_5365_5380,DISTORTEDTkeepFirstMARS,,tirex_quantile,default,,0.00202,0.003,0.75586,0.0,6.54,nan,367.1,7906,1,0.00202,ok
ucr,050_UCR_Anomaly_DISTORTEDTkeepForthMARS_3500_5988_6085,DISTORTEDTkeepForthMARS,,tirex_resid,default,,0.05819,0.06209,0.92045,0.15449,7.15,nan,366.8,7808,1,0.01255,ok
ucr,050_UCR_Anomaly_DISTORTEDTkeepForthMARS_3500_5988_6085,DISTORTEDTkeepForthMARS,,tirex_quantile,default,,0.01828,0.02345,0.84205,0.03317,7.15,nan,366.8,7808,1,0.01255,ok
ucr,051_UCR_Anomaly_DISTORTEDTkeepSecondMARS_3500_9330_9340,DISTORTEDTkeepSecondMARS,,tirex_resid,default,,0.03575,0.03828,0.9768,0.1,6.45,nan,367.1,7888,1,0.00139,ok
ucr,051_UCR_Anomaly_DISTORTEDTkeepSecondMARS_3500_9330_9340,DISTORTEDTkeepSecondMARS,,tirex_quantile,default,,0.05684,0.05302,0.98273,0.13537,6.45,nan,367.1,7888,1,0.00139,ok
ucr,052_UCR_Anomaly_DISTORTEDTkeepThirdMARS_3500_4711_4809,DISTORTEDTkeepThirdMARS,,tirex_resid,default,,0.12659,0.09344,0.99483,0.29069,6.22,nan,366.8,7808,1,0.01268,ok
ucr,052_UCR_Anomaly_DISTORTEDTkeepThirdMARS_3500_4711_4809,DISTORTEDTkeepThirdMARS,,tirex_quantile,default,,0.03005,0.03242,0.69499,0.08336,6.22,nan,366.8,7808,1,0.01268,ok
ucr,053_UCR_Anomaly_DISTORTEDWalkingAceleration1_1500_2764_2995,DISTORTEDWalkingAceleration1,,tirex_resid,default,,0.03911,0.06099,0.65762,0.04424,6.15,nan,293.7,5184,1,0.04475,ok
ucr,053_UCR_Anomaly_DISTORTEDWalkingAceleration1_1500_2764_2995,DISTORTEDWalkingAceleration1,,tirex_quantile,default,,0.04273,0.06142,0.65049,0.02586,6.15,nan,293.7,5184,1,0.04475,ok
ucr,054_UCR_Anomaly_DISTORTEDWalkingAceleration5_2700_5920_5979,DISTORTEDWalkingAceleration5,,tirex_resid,default,,0.13375,0.13754,0.92344,0.24025,6.44,nan,263.8,3984,1,0.01506,ok
ucr,054_UCR_Anomaly_DISTORTEDWalkingAceleration5_2700_5920_5979,DISTORTEDWalkingAceleration5,,tirex_quantile,default,,0.15111,0.14594,0.92344,0.31546,6.44,nan,263.8,3984,1,0.01506,ok
ucr,055_UCR_Anomaly_DISTORTEDapneaecg2_10000_20950_21100,DISTORTEDapneaecg2,,tirex_resid,default,,0.01526,0.01726,0.68385,0.03848,12.83,nan,593.6,28501,1,0.0053,ok
ucr,055_UCR_Anomaly_DISTORTEDapneaecg2_10000_20950_21100,DISTORTEDapneaecg2,,tirex_quantile,default,,0.01426,0.01493,0.75547,0.02759,12.83,nan,593.6,28501,1,0.0053,ok
ucr,056_UCR_Anomaly_DISTORTEDapneaecg3_5000_11111_11211,DISTORTEDapneaecg3,,tirex_resid,default,,0.00432,0.00567,0.67476,0.00574,18.35,nan,593.6,33379,1,0.00303,ok
ucr,056_UCR_Anomaly_DISTORTEDapneaecg3_5000_11111_11211,DISTORTEDapneaecg3,,tirex_quantile,default,,0.00311,0.00442,0.66744,0.00458,18.35,nan,593.6,33379,1,0.00303,ok
ucr,057_UCR_Anomaly_DISTORTEDapneaecg4_6000_16000_16100,DISTORTEDapneaecg4,,tirex_resid,default,,0.00239,0.00372,0.67027,0.00222,12.28,nan,593.6,32269,1,0.00313,ok
ucr,057_UCR_Anomaly_DISTORTEDapneaecg4_6000_16000_16100,DISTORTEDapneaecg4,,tirex_quantile,default,,0.00305,0.00452,0.73457,0.00017,12.28,nan,593.6,32269,1,0.00313,ok
ucr,058_UCR_Anomaly_DISTORTEDapneaecg_10000_12240_12308,DISTORTEDapneaecg,,tirex_resid,default,,0.00266,0.00311,0.67441,0.00383,13.54,nan,593.6,28501,1,0.00242,ok
ucr,058_UCR_Anomaly_DISTORTEDapneaecg_10000_12240_12308,DISTORTEDapneaecg,,tirex_quantile,default,,0.00227,0.0034,0.66622,0.00106,13.54,nan,593.6,28501,1,0.00242,ok
ucr,059_UCR_Anomaly_DISTORTEDgait1_20000_38500_38800,DISTORTEDgait1,,tirex_resid,default,,0.00479,0.00689,0.72497,0.00043,19.79,nan,593.6,45000,1,0.00669,ok
ucr,059_UCR_Anomaly_DISTORTEDgait1_20000_38500_38800,DISTORTEDgait1,,tirex_quantile,default,,0.00638,0.00848,0.6998,0.00063,19.79,nan,593.6,45000,1,0.00669,ok
ucr,060_UCR_Anomaly_DISTORTEDgait2_22000_46500_46800,DISTORTEDgait2,,tirex_resid,default,,0.00745,0.0108,0.66664,0.01,18.9,nan,593.6,43000,1,0.007,ok
ucr,060_UCR_Anomaly_DISTORTEDgait2_22000_46500_46800,DISTORTEDgait2,,tirex_quantile,default,,0.00683,0.00964,0.66345,0.00894,18.9,nan,593.6,43000,1,0.007,ok
ucr,061_UCR_Anomaly_DISTORTEDgait3_24500_59900_60500,DISTORTEDgait3,,tirex_resid,default,,0.03214,0.0452,0.81763,0.08412,18.74,nan,593.6,40500,1,0.01484,ok
ucr,061_UCR_Anomaly_DISTORTEDgait3_24500_59900_60500,DISTORTEDgait3,,tirex_quantile,default,,0.01662,0.02105,0.69077,0.02319,18.74,nan,593.6,40500,1,0.01484,ok
ucr,062_UCR_Anomaly_DISTORTEDgaitHunt1_18500_33070_33180,DISTORTEDgaitHunt1,,tirex_resid,default,,0.00195,0.00302,0.65887,0.00074,18.9,nan,593.6,45500,1,0.00244,ok
ucr,062_UCR_Anomaly_DISTORTEDgaitHunt1_18500_33070_33180,DISTORTEDgaitHunt1,,tirex_quantile,default,,0.00225,0.00339,0.68985,0.00097,18.9,nan,593.6,45500,1,0.00244,ok
ucr,063_UCR_Anomaly_DISTORTEDgaitHunt2_18500_31200_31850,DISTORTEDgaitHunt2,,tirex_resid,default,,0.01352,0.01544,0.66364,0.00467,19.17,nan,593.6,45500,1,0.01431,ok
ucr,063_UCR_Anomaly_DISTORTEDgaitHunt2_18500_31200_31850,DISTORTEDgaitHunt2,,tirex_quantile,default,,0.01274,0.01479,0.68028,0.00516,19.17,nan,593.6,45500,1,0.01431,ok
ucr,064_UCR_Anomaly_DISTORTEDgaitHunt3_23400_38400_39200,DISTORTEDgaitHunt3,,tirex_resid,default,,0.02071,0.02383,0.80137,0.02497,18.58,nan,593.6,40600,1,0.01973,ok
ucr,064_UCR_Anomaly_DISTORTEDgaitHunt3_23400_38400_39200,DISTORTEDgaitHunt3,,tirex_quantile,default,,0.01964,0.02241,0.7142,0.02281,18.58,nan,593.6,40600,1,0.01973,ok
ucr,065_UCR_Anomaly_DISTORTEDinsectEPG1_3000_7000_7030,DISTORTEDinsectEPG1,,tirex_resid,default,,0.00701,0.00919,0.71293,0.01035,6.87,nan,346.3,7001,1,0.00443,ok
ucr,065_UCR_Anomaly_DISTORTEDinsectEPG1_3000_7000_7030,DISTORTEDinsectEPG1,,tirex_quantile,default,,0.00603,0.00873,0.67434,0.01169,6.87,nan,346.3,7001,1,0.00443,ok
ucr,066_UCR_Anomaly_DISTORTEDinsectEPG2_3700_8000_8025,DISTORTEDinsectEPG2,,tirex_resid,default,,0.02496,0.02266,0.6777,0.07721,6.06,nan,326.2,6298,1,0.00413,ok
ucr,066_UCR_Anomaly_DISTORTEDinsectEPG2_3700_8000_8025,DISTORTEDinsectEPG2,,tirex_quantile,default,,0.03535,0.02966,0.66713,0.09197,6.06,nan,326.2,6298,1,0.00413,ok
ucr,067_UCR_Anomaly_DISTORTEDinsectEPG3_5200_7000_7050,DISTORTEDinsectEPG3,,tirex_resid,default,,0.01304,0.01698,0.70299,0.01477,6.5,nan,284.9,4798,1,0.01063,ok
ucr,067_UCR_Anomaly_DISTORTEDinsectEPG3_5200_7000_7050,DISTORTEDinsectEPG3,,tirex_quantile,default,,0.01863,0.02379,0.78201,0.03816,6.5,nan,284.9,4798,1,0.01063,ok
ucr,068_UCR_Anomaly_DISTORTEDinsectEPG4_1300_6508_6558,DISTORTEDinsectEPG4,,tirex_resid,default,,0.0109,0.01291,0.73732,0.02647,6.51,nan,389.2,8698,1,0.00586,ok
ucr,068_UCR_Anomaly_DISTORTEDinsectEPG4_1300_6508_6558,DISTORTEDinsectEPG4,,tirex_quantile,default,,0.00681,0.00926,0.69883,0.01,6.51,nan,389.2,8698,1,0.00586,ok
ucr,069_UCR_Anomaly_DISTORTEDinsectEPG5_3200_8500_8501,DISTORTEDinsectEPG5,,tirex_resid,default,,0.00085,0.00137,0.80711,0.002,6.2,nan,339.5,6828,1,0.00029,ok
ucr,069_UCR_Anomaly_DISTORTEDinsectEPG5_3200_8500_8501,DISTORTEDinsectEPG5,,tirex_quantile,default,,0.00064,0.00076,0.8952,0.00096,6.2,nan,339.5,6828,1,0.00029,ok
ucr,070_UCR_Anomaly_DISTORTEDltstdbs30791AI_17555_52600_52800,DISTORTEDltstdbs30791AI,,tirex_resid,default,,0.02603,0.01637,0.81015,0.10248,21.51,nan,593.6,38568,1,0.00521,ok
ucr,070_UCR_Anomaly_DISTORTEDltstdbs30791AI_17555_52600_52800,DISTORTEDltstdbs30791AI,,tirex_quantile,default,,0.00595,0.00839,0.67543,0.0065,21.51,nan,593.6,38568,1,0.00521,ok
ucr,071_UCR_Anomaly_DISTORTEDltstdbs30791AS_23000_52600_52800,DISTORTEDltstdbs30791AS,,tirex_resid,default,,0.1064,0.04179,0.88762,0.26847,12.47,nan,593.6,32000,1,0.00628,ok
ucr,071_UCR_Anomaly_DISTORTEDltstdbs30791AS_23000_52600_52800,DISTORTEDltstdbs30791AS,,tirex_quantile,default,,0.00837,0.01019,0.67467,0.0183,12.47,nan,593.6,32000,1,0.00628,ok
ucr,072_UCR_Anomaly_DISTORTEDltstdbs30791ES_20000_52600_52800,DISTORTEDltstdbs30791ES,,tirex_resid,default,,0.00788,0.01108,0.68987,0.01197,19.27,nan,593.6,35000,1,0.00574,ok
ucr,072_UCR_Anomaly_DISTORTEDltstdbs30791ES_20000_52600_52800,DISTORTEDltstdbs30791ES,,tirex_quantile,default,,0.00548,0.00832,0.73515,0.00181,19.27,nan,593.6,35000,1,0.00574,ok
ucr,073_UCR_Anomaly_DISTORTEDpark3m_60000_72150_72495,DISTORTEDpark3m,,tirex_resid,default,,0.0153,0.01665,0.68392,0.03592,13.05,nan,593.6,30000,1,0.01153,ok
ucr,073_UCR_Anomaly_DISTORTEDpark3m_60000_72150_72495,DISTORTEDpark3m,,tirex_quantile,default,,0.01121,0.01418,0.69689,0.01251,13.05,nan,593.6,30000,1,0.01153,ok
ucr,074_UCR_Anomaly_DISTORTEDqtdbSel1005V_4000_12400_12800,DISTORTEDqtdbSel1005V,,tirex_resid,default,,0.0118,0.01554,0.66232,0.01131,12.11,nan,593.6,32001,1,0.01253,ok
ucr,074_UCR_Anomaly_DISTORTEDqtdbSel1005V_4000_12400_12800,DISTORTEDqtdbSel1005V,,tirex_quantile,default,,0.0134,0.01755,0.67793,0.01857,12.11,nan,593.6,32001,1,0.01253,ok
ucr,075_UCR_Anomaly_DISTORTEDqtdbSel100MLII_4000_13400_13800,DISTORTEDqtdbSel100MLII,,tirex_resid,default,,0.01209,0.0167,0.67286,0.00617,12.23,nan,593.6,26000,1,0.01542,ok
ucr,075_UCR_Anomaly_DISTORTEDqtdbSel100MLII_4000_13400_13800,DISTORTEDqtdbSel100MLII,,tirex_quantile,default,,0.01564,0.01967,0.67946,0.01667,12.23,nan,593.6,26000,1,0.01542,ok
ucr,076_UCR_Anomaly_DISTORTEDresperation10_48000_130700_131880,DISTORTEDresperation10,,tirex_resid,default,,0.0145,0.01362,0.73879,0.0349,56.14,nan,593.6,147000,1,0.00803,ok
ucr,076_UCR_Anomaly_DISTORTEDresperation10_48000_130700_131880,DISTORTEDresperation10,,tirex_quantile,default,,0.00932,0.00979,0.69678,0.01573,56.14,nan,593.6,147000,1,0.00803,ok
ucr,077_UCR_Anomaly_DISTORTEDresperation11_58000_110800_110801,DISTORTEDresperation11,,tirex_resid,default,,0.01958,0.0046,0.80291,0.00525,57.66,nan,593.6,137000,1,1e-05,ok
ucr,077_UCR_Anomaly_DISTORTEDresperation11_58000_110800_110801,DISTORTEDresperation11,,tirex_quantile,default,,0.05572,0.00057,0.80751,0.0146,57.66,nan,593.6,137000,1,1e-05,ok
ucr,078_UCR_Anomaly_DISTORTEDresperation1_100000_110260_110412,DISTORTEDresperation1,,tirex_resid,default,,0.00104,0.00165,0.75863,0.0,43.46,nan,593.6,100000,1,0.00153,ok
ucr,078_UCR_Anomaly_DISTORTEDresperation1_100000_110260_110412,DISTORTEDresperation1,,tirex_quantile,default,,0.00151,0.0022,0.70052,8e-05,43.46,nan,593.6,100000,1,0.00153,ok
ucr,079_UCR_Anomaly_DISTORTEDresperation2_30000_168250_168250,DISTORTEDresperation2,,tirex_resid,default,,1e-05,1e-05,0.639,0.0,71.29,nan,593.6,170051,1,1e-05,ok
ucr,079_UCR_Anomaly_DISTORTEDresperation2_30000_168250_168250,DISTORTEDresperation2,,tirex_quantile,default,,1e-05,2e-05,0.65213,0.0,71.29,nan,593.6,170051,1,1e-05,ok
ucr,080_UCR_Anomaly_DISTORTEDresperation2_30000_168250_168251,DISTORTEDresperation2,,tirex_resid,default,,1e-05,2e-05,0.64028,0.0,60.97,nan,593.6,160050,1,1e-05,ok
ucr,080_UCR_Anomaly_DISTORTEDresperation2_30000_168250_168251,DISTORTEDresperation2,,tirex_quantile,default,,1e-05,3e-05,0.6569,0.0,60.97,nan,593.6,160050,1,1e-05,ok
ucr,081_UCR_Anomaly_DISTORTEDresperation3_45000_158250_158251,DISTORTEDresperation3,,tirex_resid,default,,2e-05,2e-05,0.65611,0.0,57.13,nan,593.6,145100,1,1e-05,ok
ucr,081_UCR_Anomaly_DISTORTEDresperation3_45000_158250_158251,DISTORTEDresperation3,,tirex_quantile,default,,1e-05,3e-05,0.66374,0.0,57.13,nan,593.6,145100,1,1e-05,ok
ucr,082_UCR_Anomaly_DISTORTEDresperation4_70000_128430_128431,DISTORTEDresperation4,,tirex_resid,default,,2e-05,3e-05,0.86786,0.0,50.5,nan,593.6,125250,1,2e-05,ok
ucr,082_UCR_Anomaly_DISTORTEDresperation4_70000_128430_128431,DISTORTEDresperation4,,tirex_quantile,default,,2e-05,3e-05,0.86328,0.0,50.5,nan,593.6,125250,1,2e-05,ok
ucr,083_UCR_Anomaly_DISTORTEDresperation9_38000_143411_143511,DISTORTEDresperation9,,tirex_resid,default,,0.0013,0.00158,0.6501,0.00259,63.03,nan,593.6,157000,1,0.00064,ok
ucr,083_UCR_Anomaly_DISTORTEDresperation9_38000_143411_143511,DISTORTEDresperation9,,tirex_quantile,default,,0.00098,0.00127,0.67717,0.00155,63.03,nan,593.6,157000,1,0.00064,ok
ucr,084_UCR_Anomaly_DISTORTEDs20101mML2_12000_35774_35874,DISTORTEDs20101mML2,,tirex_resid,default,,0.03586,0.02442,0.68076,0.09916,13.83,nan,593.6,28000,1,0.00361,ok
ucr,084_UCR_Anomaly_DISTORTEDs20101mML2_12000_35774_35874,DISTORTEDs20101mML2,,tirex_quantile,default,,0.0964,0.04681,0.66659,0.20197,13.83,nan,593.6,28000,1,0.00361,ok
ucr,085_UCR_Anomaly_DISTORTEDs20101m_10000_35774_35874,DISTORTEDs20101m,,tirex_resid,default,,0.01216,0.00919,0.64431,0.0656,12.84,nan,593.6,30000,1,0.00337,ok
ucr,085_UCR_Anomaly_DISTORTEDs20101m_10000_35774_35874,DISTORTEDs20101m,,tirex_quantile,default,,0.01503,0.00821,0.6376,0.06724,12.84,nan,593.6,30000,1,0.00337,ok
ucr,086_UCR_Anomaly_DISTORTEDsddb49_20000_67950_68200,DISTORTEDsddb49,,tirex_resid,default,,0.12619,0.03685,0.95809,0.28863,24.22,nan,593.6,60000,1,0.00418,ok
ucr,086_UCR_Anomaly_DISTORTEDsddb49_20000_67950_68200,DISTORTEDsddb49,,tirex_quantile,default,,0.0127,0.01316,0.65068,0.03623,24.22,nan,593.6,60000,1,0.00418,ok
ucr,087_UCR_Anomaly_DISTORTEDsel840mECG1_17000_51370_51740,DISTORTEDsel840mECG1,,tirex_resid,default,,0.01331,0.01659,0.81259,0.02005,17.95,nan,593.6,43000,1,0.00863,ok
ucr,087_UCR_Anomaly_DISTORTEDsel840mECG1_17000_51370_51740,DISTORTEDsel840mECG1,,tirex_quantile,default,,0.00918,0.0121,0.73142,0.0139,17.95,nan,593.6,43000,1,0.00863,ok
ucr,088_UCR_Anomaly_DISTORTEDsel840mECG2_20000_49370_49740,DISTORTEDsel840mECG2,,tirex_resid,default,,0.01301,0.01557,0.67073,0.02774,21.08,nan,593.6,37001,1,0.01003,ok
ucr,088_UCR_Anomaly_DISTORTEDsel840mECG2_20000_49370_49740,DISTORTEDsel840mECG2,,tirex_quantile,default,,0.00946,0.01217,0.6667,0.00508,21.08,nan,593.6,37001,1,0.01003,ok
ucr,089_UCR_Anomaly_DISTORTEDtiltAPB1_100000_114283_114350,DISTORTEDtiltAPB1,,tirex_resid,default,,0.07005,0.04387,0.66721,0.13125,12.46,nan,593.6,30001,1,0.00227,ok
ucr,089_UCR_Anomaly_DISTORTEDtiltAPB1_100000_114283_114350,DISTORTEDtiltAPB1,,tirex_quantile,default,,0.04054,0.02957,0.66677,0.09982,12.46,nan,593.6,30001,1,0.00227,ok
ucr,090_UCR_Anomaly_DISTORTEDtiltAPB2_50000_124159_124985,DISTORTEDtiltAPB2,,tirex_resid,default,,0.01051,0.01187,0.61676,0.01606,29.11,nan,593.6,78767,1,0.0105,ok
ucr,090_UCR_Anomaly_DISTORTEDtiltAPB2_50000_124159_124985,DISTORTEDtiltAPB2,,tirex_quantile,default,,0.01003,0.01126,0.66207,0.00479,29.11,nan,593.6,78767,1,0.0105,ok
ucr,091_UCR_Anomaly_DISTORTEDtiltAPB3_40000_114000_114370,DISTORTEDtiltAPB3,,tirex_resid,default,,0.00319,0.00399,0.60974,0.00082,38.48,nan,593.6,89489,1,0.00415,ok
ucr,091_UCR_Anomaly_DISTORTEDtiltAPB3_40000_114000_114370,DISTORTEDtiltAPB3,,tirex_quantile,default,,0.00391,0.00496,0.64996,0.00104,38.48,nan,593.6,89489,1,0.00415,ok
ucr,092_UCR_Anomaly_DISTORTEDtiltAPB4_20000_67995_67996,DISTORTEDtiltAPB4,,tirex_resid,default,,0.00073,0.00126,0.8875,0.00179,44.09,nan,593.6,108001,1,2e-05,ok
ucr,092_UCR_Anomaly_DISTORTEDtiltAPB4_20000_67995_67996,DISTORTEDtiltAPB4,,tirex_quantile,default,,0.00048,0.00082,0.78247,0.0012,44.09,nan,593.6,108001,1,2e-05,ok
ucr,093_UCR_Anomaly_NOISE1sddb40_35000_52000_52620,NOISE1sddb40,,tirex_resid,default,,0.01677,0.02111,0.67284,0.02868,18.62,nan,593.6,44795,1,0.01386,ok
ucr,093_UCR_Anomaly_NOISE1sddb40_35000_52000_52620,NOISE1sddb40,,tirex_quantile,default,,0.0148,0.01837,0.67828,0.01932,18.62,nan,593.6,44795,1,0.01386,ok
ucr,094_UCR_Anomaly_NOISEBIDMC1_2500_5400_5600,NOISEBIDMC1,,tirex_resid,default,,0.20289,0.2482,0.98954,0.37473,5.96,nan,384.6,8500,1,0.02365,ok
ucr,094_UCR_Anomaly_NOISEBIDMC1_2500_5400_5600,NOISEBIDMC1,,tirex_quantile,default,,0.12247,0.15673,0.92969,0.25883,5.96,nan,384.6,8500,1,0.02365,ok
ucr,095_UCR_Anomaly_NOISECIMIS44AirTemperature4_4000_5549_5597,NOISECIMIS44AirTemperature4,,tirex_resid,default,,0.20406,0.12142,0.99871,0.39396,5.87,nan,271.2,4184,1,0.01171,ok
ucr,095_UCR_Anomaly_NOISECIMIS44AirTemperature4_4000_5549_5597,NOISECIMIS44AirTemperature4,,tirex_quantile,default,,0.05979,0.04892,0.68544,0.17603,5.87,nan,271.2,4184,1,0.01171,ok
ucr,096_UCR_Anomaly_NOISEECG4_5000_16900_17100,NOISEECG4,,tirex_resid,default,,0.01374,0.01801,0.68805,0.05143,12.45,nan,593.6,25000,1,0.00804,ok
ucr,096_UCR_Anomaly_NOISEECG4_5000_16900_17100,NOISEECG4,,tirex_quantile,default,,0.01011,0.01406,0.73251,0.01818,12.45,nan,593.6,25000,1,0.00804,ok
ucr,097_UCR_Anomaly_NOISEGP711MarkerLFM5z3_5000_5948_5993,NOISEGP711MarkerLFM5z3,,tirex_resid,default,,0.06683,0.07965,0.97458,0.14167,6.33,nan,346.3,7000,1,0.00657,ok
ucr,097_UCR_Anomaly_NOISEGP711MarkerLFM5z3_5000_5948_5993,NOISEGP711MarkerLFM5z3,,tirex_quantile,default,,0.01354,0.01443,0.80861,0.03684,6.33,nan,346.3,7000,1,0.00657,ok
ucr,098_UCR_Anomaly_NOISEInternalBleeding16_1200_4187_4199,NOISEInternalBleeding16,,tirex_resid,default,,0.00652,0.00581,0.65288,0.01499,7.51,nan,326.2,6301,1,0.00206,ok
ucr,098_UCR_Anomaly_NOISEInternalBleeding16_1200_4187_4199,NOISEInternalBleeding16,,tirex_quantile,default,,0.00339,0.00376,0.66689,0.00689,7.51,nan,326.2,6301,1,0.00206,ok
ucr,099_UCR_Anomaly_NOISEInternalBleeding6_1500_3474_3629,NOISEInternalBleeding6,,tirex_resid,default,,0.28126,0.20072,0.99274,0.46583,7.35,nan,321.8,6154,1,0.02535,ok
ucr,099_UCR_Anomaly_NOISEInternalBleeding6_1500_3474_3629,NOISEInternalBleeding6,,tirex_quantile,default,,0.1972,0.13433,0.99302,0.37977,7.35,nan,321.8,6154,1,0.02535,ok
ucr,100_UCR_Anomaly_NOISELab2Cmac011215EPG1_5000_17210_17260,NOISELab2Cmac011215EPG1,,tirex_resid,default,,0.12637,0.03054,0.78392,0.17639,12.53,nan,593.6,25001,1,0.00204,ok
ucr,100_UCR_Anomaly_NOISELab2Cmac011215EPG1_5000_17210_17260,NOISELab2Cmac011215EPG1,,tirex_quantile,default,,0.05554,0.02797,0.66644,0.11775,12.53,nan,593.6,25001,1,0.00204,ok
ucr,101_UCR_Anomaly_NOISELab2Cmac011215EPG4_6000_17390_17520,NOISELab2Cmac011215EPG4,,tirex_resid,default,,0.00598,0.00857,0.6654,0.00758,12.53,nan,593.6,24066,1,0.00544,ok
ucr,101_UCR_Anomaly_NOISELab2Cmac011215EPG4_6000_17390_17520,NOISELab2Cmac011215EPG4,,tirex_quantile,default,,0.00569,0.00837,0.66488,0.00739,12.53,nan,593.6,24066,1,0.00544,ok
ucr,102_UCR_Anomaly_NOISEMesoplodonDensirostris_10000_19280_19440,NOISEMesoplodonDensirostris,,tirex_resid,default,,0.04444,0.02585,0.91345,0.17616,5.89,nan,552.5,14667,1,0.01098,ok
ucr,102_UCR_Anomaly_NOISEMesoplodonDensirostris_10000_19280_19440,NOISEMesoplodonDensirostris,,tirex_quantile,default,,0.01221,0.01658,0.71896,0.01881,5.89,nan,552.5,14667,1,0.01098,ok
ucr,103_UCR_Anomaly_NOISETkeepThirdMARS_3500_4711_4809,NOISETkeepThirdMARS,,tirex_resid,default,,0.11725,0.14382,0.96529,0.2609,6.06,nan,366.8,7808,1,0.01268,ok
ucr,103_UCR_Anomaly_NOISETkeepThirdMARS_3500_4711_4809,NOISETkeepThirdMARS,,tirex_quantile,default,,0.07893,0.05995,0.9798,0.23122,6.06,nan,366.8,7808,1,0.01268,ok
ucr,104_UCR_Anomaly_NOISEapneaecg4_6000_16000_16100,NOISEapneaecg4,,tirex_resid,default,,0.00256,0.00389,0.67151,0.00089,11.67,nan,593.6,32269,1,0.00313,ok
ucr,104_UCR_Anomaly_NOISEapneaecg4_6000_16000_16100,NOISEapneaecg4,,tirex_quantile,default,,0.0031,0.00457,0.6726,0.00015,11.67,nan,593.6,32269,1,0.00313,ok
ucr,105_UCR_Anomaly_NOISEgait3_24500_59900_60500,NOISEgait3,,tirex_resid,default,,0.01723,0.02476,0.72546,0.0246,19.03,nan,593.6,40500,1,0.01484,ok
ucr,105_UCR_Anomaly_NOISEgait3_24500_59900_60500,NOISEgait3,,tirex_quantile,default,,0.01331,0.0158,0.66526,0.01081,19.03,nan,593.6,40500,1,0.01484,ok
ucr,106_UCR_Anomaly_NOISEgaitHunt2_18500_31200_31850,NOISEgaitHunt2,,tirex_resid,default,,0.01128,0.01337,0.64774,0.00406,20.58,nan,593.6,45500,1,0.01431,ok
ucr,106_UCR_Anomaly_NOISEgaitHunt2_18500_31200_31850,NOISEgaitHunt2,,tirex_quantile,default,,0.01345,0.01556,0.82184,0.01369,20.58,nan,593.6,45500,1,0.01431,ok
ucr,107_UCR_Anomaly_NOISEinsectEPG3_5200_7000_7050,NOISEinsectEPG3,,tirex_resid,default,,0.01212,0.01596,0.67412,0.01226,6.01,nan,284.9,4798,1,0.01063,ok
ucr,107_UCR_Anomaly_NOISEinsectEPG3_5200_7000_7050,NOISEinsectEPG3,,tirex_quantile,default,,0.01374,0.01915,0.73795,0.02078,6.01,nan,284.9,4798,1,0.01063,ok
ucr,108_UCR_Anomaly_NOISEresperation2_30000_168250_168250,NOISEresperation2,,tirex_resid,default,,1e-05,1e-05,0.64656,0.0,67.94,nan,593.6,170051,1,1e-05,ok
ucr,108_UCR_Anomaly_NOISEresperation2_30000_168250_168250,NOISEresperation2,,tirex_quantile,default,,1e-05,2e-05,0.745,0.0,67.94,nan,593.6,170051,1,1e-05,ok
ucr,109_UCR_Anomaly_1sddb40_35000_52000_52620,1sddb40,,tirex_resid,default,,0.01226,0.01523,0.66996,0.01371,17.84,nan,593.6,44795,1,0.01386,ok
ucr,109_UCR_Anomaly_1sddb40_35000_52000_52620,1sddb40,,tirex_quantile,default,,0.01411,0.01626,0.70199,0.01603,17.84,nan,593.6,44795,1,0.01386,ok
ucr,110_UCR_Anomaly_2sddb40_35000_56600_56900,2sddb40,,tirex_resid,default,,0.00419,0.00637,0.66892,0.00423,18.67,nan,593.6,45001,1,0.00669,ok
ucr,110_UCR_Anomaly_2sddb40_35000_56600_56900,2sddb40,,tirex_quantile,default,,0.00641,0.00936,0.67676,0.00217,18.67,nan,593.6,45001,1,0.00669,ok
ucr,111_UCR_Anomaly_3sddb40_35000_46600_46900,3sddb40,,tirex_resid,default,,0.01311,0.01392,0.67369,0.03036,19.46,nan,593.6,45000,1,0.00669,ok
ucr,111_UCR_Anomaly_3sddb40_35000_46600_46900,3sddb40,,tirex_quantile,default,,0.00697,0.0089,0.67585,0.00907,19.46,nan,593.6,45000,1,0.00669,ok
ucr,112_UCR_Anomaly_BIDMC1_2500_5400_5600,BIDMC1,,tirex_resid,default,,0.20043,0.25199,0.98931,0.33898,6.15,nan,384.6,8500,1,0.02365,ok
ucr,112_UCR_Anomaly_BIDMC1_2500_5400_5600,BIDMC1,,tirex_quantile,default,,0.04902,0.13035,0.97512,0.11486,6.15,nan,384.6,8500,1,0.02365,ok
ucr,113_UCR_Anomaly_CIMIS44AirTemperature1_4000_5391_5392,CIMIS44AirTemperature1,,tirex_resid,default,,0.0007,0.00151,0.79246,0.0,6.02,nan,271.2,4184,1,0.00048,ok
ucr,113_UCR_Anomaly_CIMIS44AirTemperature1_4000_5391_5392,CIMIS44AirTemperature1,,tirex_quantile,default,,0.00048,0.00109,0.65925,0.0,6.02,nan,271.2,4184,1,0.00048,ok
ucr,114_UCR_Anomaly_CIMIS44AirTemperature2_4000_5703_5727,CIMIS44AirTemperature2,,tirex_resid,default,,0.07552,0.06583,0.80038,0.16711,6.07,nan,271.2,4184,1,0.00598,ok
ucr,114_UCR_Anomaly_CIMIS44AirTemperature2_4000_5703_5727,CIMIS44AirTemperature2,,tirex_quantile,default,,0.04076,0.03845,0.66715,0.10168,6.07,nan,271.2,4184,1,0.00598,ok
ucr,115_UCR_Anomaly_CIMIS44AirTemperature3_4000_6520_6544,CIMIS44AirTemperature3,,tirex_resid,default,,0.17286,0.09011,0.86822,0.29352,6.12,nan,271.2,4184,1,0.00598,ok
ucr,115_UCR_Anomaly_CIMIS44AirTemperature3_4000_6520_6544,CIMIS44AirTemperature3,,tirex_quantile,default,,0.31857,0.11725,0.99883,0.38248,6.12,nan,271.2,4184,1,0.00598,ok
ucr,116_UCR_Anomaly_CIMIS44AirTemperature4_4000_5549_5597,CIMIS44AirTemperature4,,tirex_resid,default,,0.15884,0.09363,0.95781,0.32725,6.1,nan,271.2,4184,1,0.01171,ok
ucr,116_UCR_Anomaly_CIMIS44AirTemperature4_4000_5549_5597,CIMIS44AirTemperature4,,tirex_quantile,default,,0.03574,0.03248,0.67138,0.07921,6.1,nan,271.2,4184,1,0.01171,ok
ucr,117_UCR_Anomaly_CIMIS44AirTemperature5_4000_4852_4900,CIMIS44AirTemperature5,,tirex_resid,default,,0.06238,0.06331,0.83304,0.13799,6.36,nan,271.2,4184,1,0.01171,ok
ucr,117_UCR_Anomaly_CIMIS44AirTemperature5_4000_4852_4900,CIMIS44AirTemperature5,,tirex_quantile,default,,0.02652,0.03464,0.70103,0.0578,6.36,nan,271.2,4184,1,0.01171,ok
ucr,118_UCR_Anomaly_CIMIS44AirTemperature6_4000_6006_6054,CIMIS44AirTemperature6,,tirex_resid,default,,0.03369,0.06668,0.79739,0.07634,5.87,nan,271.2,4184,1,0.01171,ok
ucr,118_UCR_Anomaly_CIMIS44AirTemperature6_4000_6006_6054,CIMIS44AirTemperature6,,tirex_quantile,default,,0.04238,0.06504,0.82234,0.09661,5.87,nan,271.2,4184,1,0.01171,ok
ucr,119_UCR_Anomaly_ECG1_10000_11800_12100,ECG1,,tirex_resid,default,,0.16423,0.09509,0.99821,0.32339,13.36,nan,593.6,20000,1,0.01505,ok
ucr,119_UCR_Anomaly_ECG1_10000_11800_12100,ECG1,,tirex_quantile,default,,0.02563,0.0281,0.69202,0.04645,13.36,nan,593.6,20000,1,0.01505,ok
ucr,120_UCR_Anomaly_ECG2_15000_16000_16100,ECG2,,tirex_resid,default,,0.01412,0.0175,0.69822,0.065,8.56,nan,559.5,15000,1,0.00673,ok
ucr,120_UCR_Anomaly_ECG2_15000_16000_16100,ECG2,,tirex_quantile,default,,0.00665,0.01025,0.85076,0.00405,8.56,nan,559.5,15000,1,0.00673,ok
ucr,121_UCR_Anomaly_ECG3_15000_16000_16100,ECG3,,tirex_resid,default,,0.01258,0.01306,0.78588,0.03089,5.99,nan,559.5,15000,1,0.00673,ok
ucr,121_UCR_Anomaly_ECG3_15000_16000_16100,ECG3,,tirex_quantile,default,,0.00646,0.00966,0.71908,0.00158,5.99,nan,559.5,15000,1,0.00673,ok
ucr,122_UCR_Anomaly_ECG3_8000_17000_17100,ECG3,,tirex_resid,default,,0.01056,0.01081,0.69099,0.02832,12.51,nan,593.6,22000,1,0.00459,ok
ucr,122_UCR_Anomaly_ECG3_8000_17000_17100,ECG3,,tirex_quantile,default,,0.00638,0.00796,0.67433,0.01182,12.51,nan,593.6,22000,1,0.00459,ok
ucr,123_UCR_Anomaly_ECG4_5000_16800_17100,ECG4,,tirex_resid,default,,0.00639,0.01108,0.96087,0.00877,74.79,nan,593.6,195000,1,0.00154,ok
ucr,123_UCR_Anomaly_ECG4_5000_16800_17100,ECG4,,tirex_quantile,default,,0.00477,0.00701,0.82932,0.00505,74.79,nan,593.6,195000,1,0.00154,ok
ucr,124_UCR_Anomaly_ECG4_5000_16900_17100,ECG4,,tirex_resid,default,,0.01312,0.0158,0.68235,0.05055,12.38,nan,593.6,25000,1,0.00804,ok
ucr,124_UCR_Anomaly_ECG4_5000_16900_17100,ECG4,,tirex_quantile,default,,0.00998,0.01408,0.68597,0.01671,12.38,nan,593.6,25000,1,0.00804,ok
ucr,125_UCR_Anomaly_ECG4_5000_17000_17100,ECG4,,tirex_resid,default,,0.0155,0.00985,0.6835,0.04917,12.87,nan,593.6,25000,1,0.00404,ok
ucr,125_UCR_Anomaly_ECG4_5000_17000_17100,ECG4,,tirex_quantile,default,,0.00702,0.00792,0.68539,0.0151,12.87,nan,593.6,25000,1,0.00404,ok
ucr,126_UCR_Anomaly_ECG4_8000_17000_17100,ECG4,,tirex_resid,default,,0.00732,0.00846,0.68803,0.01181,12.45,nan,593.6,22000,1,0.00459,ok
ucr,126_UCR_Anomaly_ECG4_8000_17000_17100,ECG4,,tirex_quantile,default,,0.00807,0.00908,0.68271,0.01712,12.45,nan,593.6,22000,1,0.00459,ok
ucr,127_UCR_Anomaly_GP711MarkerLFM5z1_5000_6168_6212,GP711MarkerLFM5z1,,tirex_resid,default,,0.18726,0.09522,0.9986,0.37333,6.45,nan,346.3,7000,1,0.00643,ok
ucr,127_UCR_Anomaly_GP711MarkerLFM5z1_5000_6168_6212,GP711MarkerLFM5z1,,tirex_quantile,default,,0.12682,0.09255,0.939,0.24251,6.45,nan,346.3,7000,1,0.00643,ok
ucr,128_UCR_Anomaly_GP711MarkerLFM5z2_5000_7175_7388,GP711MarkerLFM5z2,,tirex_resid,default,,0.38156,0.33064,0.98452,0.56709,6.43,nan,346.3,7000,1,0.03057,ok
ucr,128_UCR_Anomaly_GP711MarkerLFM5z2_5000_7175_7388,GP711MarkerLFM5z2,,tirex_quantile,default,,0.34625,0.35949,0.9903,0.60115,6.43,nan,346.3,7000,1,0.03057,ok
ucr,129_UCR_Anomaly_GP711MarkerLFM5z3_5000_5948_5993,GP711MarkerLFM5z3,,tirex_resid,default,,0.0421,0.04406,0.74672,0.09438,6.61,nan,346.3,7000,1,0.00657,ok
ucr,129_UCR_Anomaly_GP711MarkerLFM5z3_5000_5948_5993,GP711MarkerLFM5z3,,tirex_quantile,default,,0.01474,0.01759,0.91343,0.04091,6.61,nan,346.3,7000,1,0.00657,ok
ucr,130_UCR_Anomaly_GP711MarkerLFM5z4_4000_6527_6645,GP711MarkerLFM5z4,,tirex_resid,default,,0.293,0.16089,0.99615,0.4494,6.08,nan,368.8,8000,1,0.01487,ok
ucr,130_UCR_Anomaly_GP711MarkerLFM5z4_4000_6527_6645,GP711MarkerLFM5z4,,tirex_quantile,default,,0.02605,0.03081,0.75535,0.05936,6.08,nan,368.8,8000,1,0.01487,ok
ucr,131_UCR_Anomaly_GP711MarkerLFM5z5_5000_8612_8716,GP711MarkerLFM5z5,,tirex_resid,default,,0.23275,0.15453,0.99605,0.39657,6.05,nan,346.3,7000,1,0.015,ok
ucr,131_UCR_Anomaly_GP711MarkerLFM5z5_5000_8612_8716,GP711MarkerLFM5z5,,tirex_quantile,default,,0.29147,0.19212,0.996,0.46324,6.05,nan,346.3,7000,1,0.015,ok
ucr,132_UCR_Anomaly_InternalBleeding10_3200_4526_4556,InternalBleeding10,,tirex_resid,default,,0.00975,0.03727,0.73512,0.01316,6.05,nan,271.7,4301,1,0.00721,ok
ucr,132_UCR_Anomaly_InternalBleeding10_3200_4526_4556,InternalBleeding10,,tirex_quantile,default,,0.01028,0.02555,0.7377,0.02805,6.05,nan,271.7,4301,1,0.00721,ok
ucr,133_UCR_Anomaly_InternalBleeding14_2800_5607_5634,InternalBleeding14,,tirex_resid,default,,0.15517,0.2814,0.99202,0.30029,6.41,nan,284.7,4701,1,0.00596,ok
ucr,133_UCR_Anomaly_InternalBleeding14_2800_5607_5634,InternalBleeding14,,tirex_quantile,default,,0.31194,0.13105,0.99838,0.38276,6.41,nan,284.7,4701,1,0.00596,ok
ucr,134_UCR_Anomaly_InternalBleeding15_1700_5684_5854,InternalBleeding15,,tirex_resid,default,,0.11328,0.12099,0.90235,0.26025,6.89,nan,314.1,5901,1,0.02898,ok
ucr,134_UCR_Anomaly_InternalBleeding15_1700_5684_5854,InternalBleeding15,,tirex_quantile,default,,0.06024,0.06847,0.92671,0.11949,6.89,nan,314.1,5901,1,0.02898,ok
ucr,135_UCR_Anomaly_InternalBleeding16_1200_4187_4199,InternalBleeding16,,tirex_resid,default,,0.02047,0.01557,0.6646,0.05274,6.41,nan,326.2,6301,1,0.00206,ok
ucr,135_UCR_Anomaly_InternalBleeding16_1200_4187_4199,InternalBleeding16,,tirex_quantile,default,,0.00582,0.00525,0.6958,0.01407,6.41,nan,326.2,6301,1,0.00206,ok
ucr,136_UCR_Anomaly_InternalBleeding17_1600_3198_3309,InternalBleeding17,,tirex_resid,default,,0.36542,0.23938,0.99409,0.565,6.45,nan,314.1,5900,1,0.01898,ok
ucr,136_UCR_Anomaly_InternalBleeding17_1600_3198_3309,InternalBleeding17,,tirex_quantile,default,,0.02588,0.03125,0.76665,0.0437,6.45,nan,314.1,5900,1,0.01898,ok
ucr,137_UCR_Anomaly_InternalBleeding18_2300_4485_4587,InternalBleeding18,,tirex_resid,default,,0.02572,0.03463,0.8026,0.03221,5.97,nan,298.3,5200,1,0.01981,ok
ucr,137_UCR_Anomaly_InternalBleeding18_2300_4485_4587,InternalBleeding18,,tirex_quantile,default,,0.01916,0.02806,0.84901,0.00216,5.97,nan,298.3,5200,1,0.01981,ok
ucr,138_UCR_Anomaly_InternalBleeding19_3000_4187_4197,InternalBleeding19,,tirex_resid,default,,0.6211,0.19875,0.9996,0.64753,5.87,nan,278.1,4500,1,0.00244,ok
ucr,138_UCR_Anomaly_InternalBleeding19_3000_4187_4197,InternalBleeding19,,tirex_quantile,default,,0.33429,0.12116,0.81208,0.33333,5.87,nan,278.1,4500,1,0.00244,ok
ucr,139_UCR_Anomaly_InternalBleeding20_2700_5759_5919,InternalBleeding20,,tirex_resid,default,,0.17789,0.20018,0.96754,0.33571,6.3,nan,284.9,4800,1,0.03354,ok
ucr,139_UCR_Anomaly_InternalBleeding20_2700_5759_5919,InternalBleeding20,,tirex_quantile,default,,0.07426,0.07197,0.99183,0.27236,6.3,nan,284.9,4800,1,0.03354,ok
ucr,140_UCR_Anomaly_InternalBleeding4_1000_4675_5033,InternalBleeding4,,tirex_resid,default,,0.51743,0.44956,0.99348,0.61974,5.78,nan,326.2,6321,1,0.05679,ok
ucr,140_UCR_Anomaly_InternalBleeding4_1000_4675_5033,InternalBleeding4,,tirex_quantile,default,,0.38189,0.32396,0.98725,0.48387,5.78,nan,326.2,6321,1,0.05679,ok
ucr,141_UCR_Anomaly_InternalBleeding5_4000_6200_6370,InternalBleeding5,,tirex_resid,default,,0.247,0.27199,0.94936,0.48937,7.2,nan,250.0,3415,1,0.05007,ok
ucr,141_UCR_Anomaly_InternalBleeding5_4000_6200_6370,InternalBleeding5,,tirex_quantile,default,,0.21436,0.18148,0.97932,0.3038,7.2,nan,250.0,3415,1,0.05007,ok
ucr,142_UCR_Anomaly_InternalBleeding6_1500_3474_3629,InternalBleeding6,,tirex_resid,default,,0.18611,0.16552,0.95687,0.37257,8.31,nan,321.8,6154,1,0.02535,ok
ucr,142_UCR_Anomaly_InternalBleeding6_1500_3474_3629,InternalBleeding6,,tirex_quantile,default,,0.03076,0.03895,0.76782,0.04776,8.31,nan,321.8,6154,1,0.02535,ok
ucr,143_UCR_Anomaly_InternalBleeding8_2500_5865_5974,InternalBleeding8,,tirex_resid,default,,0.0262,0.08175,0.97057,0.03597,8.26,nan,291.7,5001,1,0.022,ok
ucr,143_UCR_Anomaly_InternalBleeding8_2500_5865_5974,InternalBleeding8,,tirex_quantile,default,,0.0356,0.0871,0.97331,0.0625,8.26,nan,291.7,5001,1,0.022,ok
ucr,144_UCR_Anomaly_InternalBleeding9_4200_6599_6681,InternalBleeding9,,tirex_resid,default,,0.03663,0.04485,0.8272,0.05104,8.65,nan,243.6,3301,1,0.02514,ok
ucr,144_UCR_Anomaly_InternalBleeding9_4200_6599_6681,InternalBleeding9,,tirex_quantile,default,,0.02514,0.03755,0.68692,0.0,8.65,nan,243.6,3301,1,0.02514,ok
ucr,145_UCR_Anomaly_Lab2Cmac011215EPG1_5000_17210_17260,Lab2Cmac011215EPG1,,tirex_resid,default,,0.12971,0.03105,0.78392,0.18378,14.01,nan,593.6,25001,1,0.00204,ok
ucr,145_UCR_Anomaly_Lab2Cmac011215EPG1_5000_17210_17260,Lab2Cmac011215EPG1,,tirex_quantile,default,,0.03562,0.01422,0.66601,0.08617,14.01,nan,593.6,25001,1,0.00204,ok
ucr,146_UCR_Anomaly_Lab2Cmac011215EPG2_5000_27862_27932,Lab2Cmac011215EPG2,,tirex_resid,default,,0.00569,0.00699,0.68848,0.01207,12.76,nan,593.6,24950,1,0.00285,ok
ucr,146_UCR_Anomaly_Lab2Cmac011215EPG2_5000_27862_27932,Lab2Cmac011215EPG2,,tirex_quantile,default,,0.00469,0.00697,0.87451,0.00949,12.76,nan,593.6,24950,1,0.00285,ok
ucr,147_UCR_Anomaly_Lab2Cmac011215EPG3_5000_16390_16420,Lab2Cmac011215EPG3,,tirex_resid,default,,0.00669,0.00579,0.66637,0.01221,12.64,nan,593.6,24950,1,0.00124,ok
ucr,147_UCR_Anomaly_Lab2Cmac011215EPG3_5000_16390_16420,Lab2Cmac011215EPG3,,tirex_quantile,default,,0.00387,0.00424,0.668,0.00887,12.64,nan,593.6,24950,1,0.00124,ok
ucr,148_UCR_Anomaly_Lab2Cmac011215EPG4_6000_17390_17520,Lab2Cmac011215EPG4,,tirex_resid,default,,0.0059,0.00845,0.66677,0.0076,12.44,nan,593.6,24066,1,0.00544,ok
ucr,148_UCR_Anomaly_Lab2Cmac011215EPG4_6000_17390_17520,Lab2Cmac011215EPG4,,tirex_quantile,default,,0.00566,0.00837,0.66757,0.00729,12.44,nan,593.6,24066,1,0.00544,ok
ucr,149_UCR_Anomaly_Lab2Cmac011215EPG5_7000_17390_17520,Lab2Cmac011215EPG5,,tirex_resid,default,,0.01031,0.01264,0.6736,0.02068,12.69,nan,593.6,22826,1,0.00574,ok
ucr,149_UCR_Anomaly_Lab2Cmac011215EPG5_7000_17390_17520,Lab2Cmac011215EPG5,,tirex_quantile,default,,0.00772,0.00986,0.66125,0.01313,12.69,nan,593.6,22826,1,0.00574,ok
ucr,150_UCR_Anomaly_Lab2Cmac011215EPG6_7000_12190_12420,Lab2Cmac011215EPG6,,tirex_resid,default,,0.00691,0.01076,0.65419,0.00082,14.44,nan,593.6,22859,1,0.01011,ok
ucr,150_UCR_Anomaly_Lab2Cmac011215EPG6_7000_12190_12420,Lab2Cmac011215EPG6,,tirex_quantile,default,,0.00949,0.01652,0.67611,0.00508,14.44,nan,593.6,22859,1,0.01011,ok
ucr,151_UCR_Anomaly_MesoplodonDensirostris_10000_19280_19440,MesoplodonDensirostris,,tirex_resid,default,,0.06419,0.03082,0.92396,0.23407,6.51,nan,552.5,14667,1,0.01098,ok
ucr,151_UCR_Anomaly_MesoplodonDensirostris_10000_19280_19440,MesoplodonDensirostris,,tirex_quantile,default,,0.01082,0.01592,0.8362,0.00596,6.51,nan,552.5,14667,1,0.01098,ok
ucr,152_UCR_Anomaly_PowerDemand1_9000_18485_18821,PowerDemand1,,tirex_resid,default,,0.0351,0.04777,0.70639,0.06651,12.47,nan,593.6,20931,1,0.0161,ok
ucr,152_UCR_Anomaly_PowerDemand1_9000_18485_18821,PowerDemand1,,tirex_quantile,default,,0.08755,0.07958,0.94805,0.23373,12.47,nan,593.6,20931,1,0.0161,ok
ucr,153_UCR_Anomaly_PowerDemand2_14000_23357_23717,PowerDemand2,,tirex_resid,default,,0.01951,0.02621,0.65104,0.01851,6.08,nan,581.7,15931,1,0.02266,ok
ucr,153_UCR_Anomaly_PowerDemand2_14000_23357_23717,PowerDemand2,,tirex_quantile,default,,0.04383,0.05683,0.75875,0.09244,6.08,nan,581.7,15931,1,0.02266,ok
ucr,154_UCR_Anomaly_PowerDemand3_16000_23405_23477,PowerDemand3,,tirex_resid,default,,0.0139,0.02285,0.65001,0.03127,6.21,nan,532.2,13931,1,0.00524,ok
ucr,154_UCR_Anomaly_PowerDemand3_16000_23405_23477,PowerDemand3,,tirex_quantile,default,,0.03034,0.01848,0.81986,0.15,6.21,nan,532.2,13931,1,0.00524,ok
ucr,155_UCR_Anomaly_PowerDemand4_18000_24005_24077,PowerDemand4,,tirex_resid,default,,0.13971,0.07707,0.94063,0.31652,6.25,nan,476.9,11931,1,0.00612,ok
ucr,155_UCR_Anomaly_PowerDemand4_18000_24005_24077,PowerDemand4,,tirex_quantile,default,,0.07489,0.04279,0.84012,0.2038,6.25,nan,476.9,11931,1,0.00612,ok
ucr,156_UCR_Anomaly_TkeepFifthMARS_3500_5988_6085,TkeepFifthMARS,,tirex_resid,default,,0.05024,0.09601,0.97208,0.13394,5.99,nan,367.0,7834,1,0.01251,ok
ucr,156_UCR_Anomaly_TkeepFifthMARS_3500_5988_6085,TkeepFifthMARS,,tirex_quantile,default,,0.05163,0.10893,0.98187,0.12992,5.99,nan,367.0,7834,1,0.01251,ok
ucr,157_UCR_Anomaly_TkeepFirstMARS_3500_5365_5380,TkeepFirstMARS,,tirex_resid,default,,0.00785,0.0072,0.96719,0.01452,6.21,nan,367.1,7906,1,0.00202,ok
ucr,157_UCR_Anomaly_TkeepFirstMARS_3500_5365_5380,TkeepFirstMARS,,tirex_quantile,default,,0.00452,0.00446,0.75322,0.0109,6.21,nan,367.1,7906,1,0.00202,ok
ucr,158_UCR_Anomaly_TkeepForthMARS_3500_5988_6085,TkeepForthMARS,,tirex_resid,default,,0.04268,0.05844,0.85202,0.1044,6.33,nan,366.8,7808,1,0.01255,ok
ucr,158_UCR_Anomaly_TkeepForthMARS_3500_5988_6085,TkeepForthMARS,,tirex_quantile,default,,0.0603,0.07932,0.92078,0.20417,6.33,nan,366.8,7808,1,0.01255,ok
ucr,159_UCR_Anomaly_TkeepSecondMARS_3500_9330_9340,TkeepSecondMARS,,tirex_resid,default,,0.03365,0.03412,0.9806,0.10194,6.2,nan,367.1,7888,1,0.00139,ok
ucr,159_UCR_Anomaly_TkeepSecondMARS_3500_9330_9340,TkeepSecondMARS,,tirex_quantile,default,,0.06291,0.05895,0.98365,0.13537,6.2,nan,367.1,7888,1,0.00139,ok
ucr,160_UCR_Anomaly_TkeepThirdMARS_3500_4711_4809,TkeepThirdMARS,,tirex_resid,default,,0.13958,0.12567,0.99493,0.34709,5.95,nan,366.8,7808,1,0.01268,ok
ucr,160_UCR_Anomaly_TkeepThirdMARS_3500_4711_4809,TkeepThirdMARS,,tirex_quantile,default,,0.078,0.07097,0.93993,0.12079,5.95,nan,366.8,7808,1,0.01268,ok
ucr,161_UCR_Anomaly_WalkingAceleration1_1500_2764_2995,WalkingAceleration1,,tirex_resid,default,,0.03458,0.05305,0.66106,0.01765,6.99,nan,293.7,5184,1,0.04475,ok
ucr,161_UCR_Anomaly_WalkingAceleration1_1500_2764_2995,WalkingAceleration1,,tirex_quantile,default,,0.043,0.06134,0.64899,0.03226,6.99,nan,293.7,5184,1,0.04475,ok
ucr,162_UCR_Anomaly_WalkingAceleration5_2700_5920_5979,WalkingAceleration5,,tirex_resid,default,,0.14556,0.15005,0.92344,0.26039,6.21,nan,263.8,3984,1,0.01506,ok
ucr,162_UCR_Anomaly_WalkingAceleration5_2700_5920_5979,WalkingAceleration5,,tirex_quantile,default,,0.12355,0.12314,0.92344,0.28695,6.21,nan,263.8,3984,1,0.01506,ok
ucr,163_UCR_Anomaly_apneaecg2_10000_20950_21100,apneaecg2,,tirex_resid,default,,0.01766,0.01977,0.68114,0.03569,13.84,nan,593.6,28501,1,0.0053,ok
ucr,163_UCR_Anomaly_apneaecg2_10000_20950_21100,apneaecg2,,tirex_quantile,default,,0.01892,0.018,0.80889,0.04037,13.84,nan,593.6,28501,1,0.0053,ok
ucr,164_UCR_Anomaly_apneaecg3_5000_11111_11211,apneaecg3,,tirex_resid,default,,0.00492,0.00606,0.67705,0.00992,18.99,nan,593.6,33379,1,0.00303,ok
ucr,164_UCR_Anomaly_apneaecg3_5000_11111_11211,apneaecg3,,tirex_quantile,default,,0.0036,0.00477,0.69137,0.00588,18.99,nan,593.6,33379,1,0.00303,ok
ucr,165_UCR_Anomaly_apneaecg4_6000_16000_16100,apneaecg4,,tirex_resid,default,,0.00265,0.00399,0.67173,0.00084,15.69,nan,593.6,32269,1,0.00313,ok
ucr,165_UCR_Anomaly_apneaecg4_6000_16000_16100,apneaecg4,,tirex_quantile,default,,0.00313,0.00459,0.66901,0.0,15.69,nan,593.6,32269,1,0.00313,ok
ucr,166_UCR_Anomaly_apneaecg_10000_12240_12308,apneaecg,,tirex_resid,default,,0.00317,0.00352,0.67413,0.00459,13.91,nan,593.6,28501,1,0.00242,ok
ucr,166_UCR_Anomaly_apneaecg_10000_12240_12308,apneaecg,,tirex_quantile,default,,0.00239,0.00345,0.66709,0.00325,13.91,nan,593.6,28501,1,0.00242,ok
ucr,167_UCR_Anomaly_gait1_20000_38500_38800,gait1,,tirex_resid,default,,0.00544,0.00803,0.74879,0.0016,26.99,nan,593.6,45000,1,0.00669,ok
ucr,167_UCR_Anomaly_gait1_20000_38500_38800,gait1,,tirex_quantile,default,,0.00622,0.00873,0.69565,0.00766,26.99,nan,593.6,45000,1,0.00669,ok
ucr,168_UCR_Anomaly_gait2_22000_46500_46800,gait2,,tirex_resid,default,,0.00815,0.01143,0.70852,0.01122,22.41,nan,593.6,43000,1,0.007,ok
ucr,168_UCR_Anomaly_gait2_22000_46500_46800,gait2,,tirex_quantile,default,,0.00731,0.01144,0.66572,0.01111,22.41,nan,593.6,43000,1,0.007,ok
ucr,169_UCR_Anomaly_gait3_24500_59900_60500,gait3,,tirex_resid,default,,0.0971,0.05446,0.98384,0.26741,23.04,nan,593.6,40500,1,0.01484,ok
ucr,169_UCR_Anomaly_gait3_24500_59900_60500,gait3,,tirex_quantile,default,,0.01739,0.02014,0.69796,0.02413,23.04,nan,593.6,40500,1,0.01484,ok
ucr,170_UCR_Anomaly_gaitHunt1_18500_33070_33180,gaitHunt1,,tirex_resid,default,,0.00198,0.00311,0.65202,0.00022,19.37,nan,593.6,45500,1,0.00244,ok
ucr,170_UCR_Anomaly_gaitHunt1_18500_33070_33180,gaitHunt1,,tirex_quantile,default,,0.00236,0.0035,0.6595,0.00306,19.37,nan,593.6,45500,1,0.00244,ok
ucr,171_UCR_Anomaly_gaitHunt2_18500_31200_31850,gaitHunt2,,tirex_resid,default,,0.01078,0.01248,0.64814,0.00366,17.99,nan,593.6,45500,1,0.01431,ok
ucr,171_UCR_Anomaly_gaitHunt2_18500_31200_31850,gaitHunt2,,tirex_quantile,default,,0.01304,0.01491,0.65633,0.01143,17.99,nan,593.6,45500,1,0.01431,ok
ucr,172_UCR_Anomaly_gaitHunt3_23400_38400_39200,gaitHunt3,,tirex_resid,default,,0.01957,0.02232,0.72888,0.02015,18.58,nan,593.6,40600,1,0.01973,ok
ucr,172_UCR_Anomaly_gaitHunt3_23400_38400_39200,gaitHunt3,,tirex_quantile,default,,0.01952,0.02241,0.77233,0.02185,18.58,nan,593.6,40600,1,0.01973,ok
ucr,173_UCR_Anomaly_insectEPG1_3000_7000_7030,insectEPG1,,tirex_resid,default,,0.01042,0.0141,0.70089,0.02261,6.35,nan,346.3,7001,1,0.00443,ok
ucr,173_UCR_Anomaly_insectEPG1_3000_7000_7030,insectEPG1,,tirex_quantile,default,,0.00997,0.01445,0.67901,0.02416,6.35,nan,346.3,7001,1,0.00443,ok
ucr,174_UCR_Anomaly_insectEPG2_3700_8000_8025,insectEPG2,,tirex_resid,default,,0.02962,0.02751,0.68203,0.09336,5.99,nan,326.2,6298,1,0.00413,ok
ucr,174_UCR_Anomaly_insectEPG2_3700_8000_8025,insectEPG2,,tirex_quantile,default,,0.05473,0.04393,0.69686,0.13241,5.99,nan,326.2,6298,1,0.00413,ok
ucr,175_UCR_Anomaly_insectEPG3_5200_7000_7050,insectEPG3,,tirex_resid,default,,0.01758,0.02092,0.67632,0.0347,6.15,nan,284.9,4798,1,0.01063,ok
ucr,175_UCR_Anomaly_insectEPG3_5200_7000_7050,insectEPG3,,tirex_quantile,default,,0.01928,0.02284,0.75104,0.03618,6.15,nan,284.9,4798,1,0.01063,ok
ucr,176_UCR_Anomaly_insectEPG4_1300_6508_6558,insectEPG4,,tirex_resid,default,,0.01537,0.01517,0.7207,0.03529,6.24,nan,389.2,8698,1,0.00586,ok
ucr,176_UCR_Anomaly_insectEPG4_1300_6508_6558,insectEPG4,,tirex_quantile,default,,0.00631,0.00884,0.67049,0.01289,6.24,nan,389.2,8698,1,0.00586,ok
ucr,177_UCR_Anomaly_insectEPG5_3200_8500_8501,insectEPG5,,tirex_resid,default,,0.00028,0.00043,0.99766,0.0,6.37,nan,339.5,6828,1,0.00029,ok
ucr,177_UCR_Anomaly_insectEPG5_3200_8500_8501,insectEPG5,,tirex_quantile,default,,0.00029,0.00058,0.7609,0.0,6.37,nan,339.5,6828,1,0.00029,ok
ucr,178_UCR_Anomaly_ltstdbs30791AI_17555_52600_52800,ltstdbs30791AI,,tirex_resid,default,,0.02771,0.01727,0.74598,0.10311,18.45,nan,593.6,38568,1,0.00521,ok
ucr,178_UCR_Anomaly_ltstdbs30791AI_17555_52600_52800,ltstdbs30791AI,,tirex_quantile,default,,0.0055,0.00793,0.66516,0.00472,18.45,nan,593.6,38568,1,0.00521,ok
ucr,179_UCR_Anomaly_ltstdbs30791AS_23000_52600_52800,ltstdbs30791AS,,tirex_resid,default,,0.09125,0.03946,0.87439,0.24843,12.49,nan,593.6,32000,1,0.00628,ok
ucr,179_UCR_Anomaly_ltstdbs30791AS_23000_52600_52800,ltstdbs30791AS,,tirex_quantile,default,,0.00712,0.00972,0.67607,0.01099,12.49,nan,593.6,32000,1,0.00628,ok
ucr,180_UCR_Anomaly_ltstdbs30791ES_20000_52600_52800,ltstdbs30791ES,,tirex_resid,default,,0.00876,0.01207,0.67463,0.01526,18.59,nan,593.6,35000,1,0.00574,ok
ucr,180_UCR_Anomaly_ltstdbs30791ES_20000_52600_52800,ltstdbs30791ES,,tirex_quantile,default,,0.0054,0.00815,0.69701,0.00166,18.59,nan,593.6,35000,1,0.00574,ok
ucr,181_UCR_Anomaly_park3m_60000_72150_72495,park3m,,tirex_resid,default,,0.01163,0.01492,0.67868,0.01904,13.65,nan,593.6,30000,1,0.01153,ok
ucr,181_UCR_Anomaly_park3m_60000_72150_72495,park3m,,tirex_quantile,default,,0.01063,0.01408,0.67441,0.00405,13.65,nan,593.6,30000,1,0.01153,ok
ucr,182_UCR_Anomaly_qtdbSel1005V_4000_12400_12800,qtdbSel1005V,,tirex_resid,default,,0.01104,0.01442,0.66263,0.00699,15.52,nan,593.6,32001,1,0.01253,ok
ucr,182_UCR_Anomaly_qtdbSel1005V_4000_12400_12800,qtdbSel1005V,,tirex_quantile,default,,0.01306,0.01741,0.75964,0.01635,15.52,nan,593.6,32001,1,0.01253,ok
ucr,183_UCR_Anomaly_qtdbSel100MLII_4000_13400_13800,qtdbSel100MLII,,tirex_resid,default,,0.01165,0.01569,0.67521,0.00642,14.77,nan,593.6,26000,1,0.01542,ok
ucr,183_UCR_Anomaly_qtdbSel100MLII_4000_13400_13800,qtdbSel100MLII,,tirex_quantile,default,,0.01547,0.01947,0.67832,0.01342,14.77,nan,593.6,26000,1,0.01542,ok
ucr,184_UCR_Anomaly_resperation10_48000_130700_131880,resperation10,,tirex_resid,default,,0.03248,0.01924,0.75002,0.13497,56.42,nan,593.6,147000,1,0.00803,ok
ucr,184_UCR_Anomaly_resperation10_48000_130700_131880,resperation10,,tirex_quantile,default,,0.00952,0.00991,0.66011,0.02056,56.42,nan,593.6,147000,1,0.00803,ok
ucr,185_UCR_Anomaly_resperation11_58000_110800_110801,resperation11,,tirex_resid,default,,0.04738,0.00466,0.88308,0.05634,60.54,nan,593.6,137000,1,1e-05,ok
ucr,185_UCR_Anomaly_resperation11_58000_110800_110801,resperation11,,tirex_quantile,default,,0.50935,0.29092,0.73052,0.01691,60.54,nan,593.6,137000,1,1e-05,ok
ucr,186_UCR_Anomaly_resperation1_100000_110260_110412,resperation1,,tirex_resid,default,,0.00271,0.00326,0.83327,0.00747,42.78,nan,593.6,100000,1,0.00153,ok
ucr,186_UCR_Anomaly_resperation1_100000_110260_110412,resperation1,,tirex_quantile,default,,0.00399,0.00489,0.82707,0.01304,42.78,nan,593.6,100000,1,0.00153,ok
ucr,187_UCR_Anomaly_resperation2_30000_168250_168250,resperation2,,tirex_resid,default,,1e-05,1e-05,0.62768,0.0,68.76,nan,593.6,170051,1,1e-05,ok
ucr,187_UCR_Anomaly_resperation2_30000_168250_168250,resperation2,,tirex_quantile,default,,1e-05,2e-05,0.64162,0.0,68.76,nan,593.6,170051,1,1e-05,ok
ucr,188_UCR_Anomaly_resperation2_30000_168250_168251,resperation2,,tirex_resid,default,,1e-05,2e-05,0.63018,0.0,71.03,nan,593.6,160050,1,1e-05,ok
ucr,188_UCR_Anomaly_resperation2_30000_168250_168251,resperation2,,tirex_quantile,default,,1e-05,2e-05,0.6428,0.0,71.03,nan,593.6,160050,1,1e-05,ok
ucr,189_UCR_Anomaly_resperation3_45000_158250_158251,resperation3,,tirex_resid,default,,1e-05,2e-05,0.63596,0.0,92.89,nan,593.6,145100,1,1e-05,ok
ucr,189_UCR_Anomaly_resperation3_45000_158250_158251,resperation3,,tirex_quantile,default,,1e-05,3e-05,0.6548,0.0,92.89,nan,593.6,145100,1,1e-05,ok
ucr,190_UCR_Anomaly_resperation4_70000_128430_128431,resperation4,,tirex_resid,default,,2e-05,3e-05,0.91999,0.0,49.67,nan,593.6,125250,1,2e-05,ok
ucr,190_UCR_Anomaly_resperation4_70000_128430_128431,resperation4,,tirex_quantile,default,,2e-05,3e-05,0.68163,0.0,49.67,nan,593.6,125250,1,2e-05,ok
ucr,191_UCR_Anomaly_resperation9_38000_143411_143511,resperation9,,tirex_resid,default,,0.00081,0.00106,0.74168,0.001,61.1,nan,593.6,157000,1,0.00064,ok
ucr,191_UCR_Anomaly_resperation9_38000_143411_143511,resperation9,,tirex_quantile,default,,0.00097,0.00112,0.65052,0.00229,61.1,nan,593.6,157000,1,0.00064,ok
ucr,192_UCR_Anomaly_s20101mML2_12000_35774_35874,s20101mML2,,tirex_resid,default,,0.03774,0.02501,0.68003,0.10263,12.14,nan,593.6,28000,1,0.00361,ok
ucr,192_UCR_Anomaly_s20101mML2_12000_35774_35874,s20101mML2,,tirex_quantile,default,,0.09494,0.04598,0.68583,0.19668,12.14,nan,593.6,28000,1,0.00361,ok
ucr,193_UCR_Anomaly_s20101m_10000_35774_35874,s20101m,,tirex_resid,default,,0.01355,0.00842,0.65328,0.06507,12.33,nan,593.6,30000,1,0.00337,ok
ucr,193_UCR_Anomaly_s20101m_10000_35774_35874,s20101m,,tirex_quantile,default,,0.02976,0.01662,0.63962,0.07206,12.33,nan,593.6,30000,1,0.00337,ok
ucr,194_UCR_Anomaly_sddb49_20000_67950_68200,sddb49,,tirex_resid,default,,0.09148,0.03191,0.90053,0.22799,24.6,nan,593.6,60000,1,0.00418,ok
ucr,194_UCR_Anomaly_sddb49_20000_67950_68200,sddb49,,tirex_quantile,default,,0.00819,0.00875,0.65503,0.02221,24.6,nan,593.6,60000,1,0.00418,ok
ucr,195_UCR_Anomaly_sel840mECG1_17000_51370_51740,sel840mECG1,,tirex_resid,default,,0.01199,0.01569,0.85445,0.01716,19.11,nan,593.6,43000,1,0.00863,ok
ucr,195_UCR_Anomaly_sel840mECG1_17000_51370_51740,sel840mECG1,,tirex_quantile,default,,0.00882,0.0116,0.74058,0.01194,19.11,nan,593.6,43000,1,0.00863,ok
ucr,196_UCR_Anomaly_sel840mECG2_20000_49370_49740,sel840mECG2,,tirex_resid,default,,0.01435,0.0168,0.66179,0.03609,18.58,nan,593.6,37001,1,0.01003,ok
ucr,196_UCR_Anomaly_sel840mECG2_20000_49370_49740,sel840mECG2,,tirex_quantile,default,,0.00983,0.01257,0.66714,0.01209,18.58,nan,593.6,37001,1,0.01003,ok
ucr,197_UCR_Anomaly_tiltAPB1_100000_114283_114350,tiltAPB1,,tirex_resid,default,,0.10752,0.04881,0.66375,0.19534,14.64,nan,593.6,30001,1,0.00227,ok
ucr,197_UCR_Anomaly_tiltAPB1_100000_114283_114350,tiltAPB1,,tirex_quantile,default,,0.03599,0.02697,0.6541,0.08295,14.64,nan,593.6,30001,1,0.00227,ok
ucr,198_UCR_Anomaly_tiltAPB2_50000_124159_124985,tiltAPB2,,tirex_resid,default,,0.01122,0.01276,0.63053,0.01471,34.2,nan,593.6,78767,1,0.0105,ok
ucr,198_UCR_Anomaly_tiltAPB2_50000_124159_124985,tiltAPB2,,tirex_quantile,default,,0.00979,0.01104,0.65957,0.00414,34.2,nan,593.6,78767,1,0.0105,ok
ucr,199_UCR_Anomaly_tiltAPB3_40000_114000_114370,tiltAPB3,,tirex_resid,default,,0.00352,0.00448,0.62346,0.00136,37.72,nan,593.6,89489,1,0.00415,ok
ucr,199_UCR_Anomaly_tiltAPB3_40000_114000_114370,tiltAPB3,,tirex_quantile,default,,0.0039,0.00494,0.6511,0.00094,37.72,nan,593.6,89489,1,0.00415,ok
ucr,200_UCR_Anomaly_tiltAPB4_20000_67995_67996,tiltAPB4,,tirex_resid,default,,0.00051,0.00084,0.87085,0.0012,43.78,nan,593.6,108001,1,2e-05,ok
ucr,200_UCR_Anomaly_tiltAPB4_20000_67995_67996,tiltAPB4,,tirex_quantile,default,,0.00038,0.00058,0.74353,0.00091,43.78,nan,593.6,108001,1,2e-05,ok
ucr,201_UCR_Anomaly_CHARISfive_10000_17001_17016,CHARISfive,,tirex_resid,default,,0.0107,0.0069,0.80539,0.0219,12.25,nan,593.6,31347,1,0.00051,ok
ucr,201_UCR_Anomaly_CHARISfive_10000_17001_17016,CHARISfive,,tirex_quantile,default,,0.00213,0.00179,0.68428,0.00586,12.25,nan,593.6,31347,1,0.00051,ok
ucr,202_UCR_Anomaly_CHARISfive_10411_10998_11028,CHARISfive,,tirex_resid,default,,0.01143,0.01348,0.83505,0.04106,11.69,nan,593.6,31379,1,0.00099,ok
ucr,202_UCR_Anomaly_CHARISfive_10411_10998_11028,CHARISfive,,tirex_quantile,default,,0.11335,0.03256,0.87843,0.17007,11.69,nan,593.6,31379,1,0.00099,ok
ucr,203_UCR_Anomaly_CHARISfive_10500_10995_11028,CHARISfive,,tirex_resid,default,,0.00263,0.00324,0.76022,0.00552,13.27,nan,593.6,31112,1,0.00109,ok
ucr,203_UCR_Anomaly_CHARISfive_10500_10995_11028,CHARISfive,,tirex_quantile,default,,0.00192,0.00224,0.70623,0.00457,13.27,nan,593.6,31112,1,0.00109,ok
ucr,204_UCR_Anomaly_CHARISfive_12412_15000_15070,CHARISfive,,tirex_resid,default,,0.35943,0.11072,0.97186,0.39064,13.11,nan,593.6,29587,1,0.0024,ok
ucr,204_UCR_Anomaly_CHARISfive_12412_15000_15070,CHARISfive,,tirex_quantile,default,,0.12142,0.06907,0.80432,0.21165,13.11,nan,593.6,29587,1,0.0024,ok
ucr,205_UCR_Anomaly_CHARISfive_9812_28995_29085,CHARISfive,,tirex_resid,default,,0.00217,0.0035,0.65364,0.00087,13.25,nan,593.6,30058,1,0.00303,ok
ucr,205_UCR_Anomaly_CHARISfive_9812_28995_29085,CHARISfive,,tirex_quantile,default,,0.00312,0.00457,0.66327,0.00298,13.25,nan,593.6,30058,1,0.00303,ok
ucr,206_UCR_Anomaly_CHARISten_25130_29080_29140,CHARISten,,tirex_resid,default,,0.04731,0.04835,0.80524,0.12381,18.79,nan,593.6,16870,1,0.00362,ok
ucr,206_UCR_Anomaly_CHARISten_25130_29080_29140,CHARISten,,tirex_quantile,default,,0.11484,0.09296,0.68668,0.19627,18.79,nan,593.6,16870,1,0.00362,ok
ucr,207_UCR_Anomaly_CHARISten_3165_26929_26989,CHARISten,,tirex_resid,default,,0.10435,0.04243,0.99837,0.13728,20.55,nan,593.6,36705,1,0.00166,ok
ucr,207_UCR_Anomaly_CHARISten_3165_26929_26989,CHARISten,,tirex_quantile,default,,0.13154,0.04216,0.99866,0.16338,20.55,nan,593.6,36705,1,0.00166,ok
ucr,208_UCR_Anomaly_CHARISten_5130_27929_27989,CHARISten,,tirex_resid,default,,0.00688,0.00486,0.69443,0.02778,20.11,nan,593.6,35740,1,0.00171,ok
ucr,208_UCR_Anomaly_CHARISten_5130_27929_27989,CHARISten,,tirex_quantile,default,,0.02209,0.01734,0.68051,0.02824,20.11,nan,593.6,35740,1,0.00171,ok
ucr,209_UCR_Anomaly_Fantasia_19000_26970_27270,Fantasia,,tirex_resid,default,,0.01002,0.00864,0.67495,0.04291,33.51,nan,593.6,73000,1,0.00412,ok
ucr,209_UCR_Anomaly_Fantasia_19000_26970_27270,Fantasia,,tirex_quantile,default,,0.00469,0.00578,0.66347,0.00501,33.51,nan,593.6,73000,1,0.00412,ok
ucr,210_UCR_Anomaly_Italianpowerdemand_36123_74900_74996,Italianpowerdemand,,tirex_resid,default,,0.00072,0.00112,0.6856,2e-05,37.11,nan,593.6,83696,1,0.00116,ok
ucr,210_UCR_Anomaly_Italianpowerdemand_36123_74900_74996,Italianpowerdemand,,tirex_quantile,default,,0.00115,0.0017,0.83492,3e-05,37.11,nan,593.6,83696,1,0.00116,ok
ucr,211_UCR_Anomaly_Italianpowerdemand_38113_39240_39336,Italianpowerdemand,,tirex_resid,default,,0.00112,0.00147,0.71608,0.00119,30.17,nan,593.6,81467,1,0.00119,ok
ucr,211_UCR_Anomaly_Italianpowerdemand_38113_39240_39336,Italianpowerdemand,,tirex_quantile,default,,0.00113,0.0017,0.75897,0.00049,30.17,nan,593.6,81467,1,0.00119,ok
ucr,212_UCR_Anomaly_Italianpowerdemand_8913_29480_29504,Italianpowerdemand,,tirex_resid,default,,0.00555,0.0051,0.68477,0.01397,12.63,nan,593.6,21018,1,0.00119,ok
ucr,212_UCR_Anomaly_Italianpowerdemand_8913_29480_29504,Italianpowerdemand,,tirex_quantile,default,,0.02139,0.01566,0.66054,0.04535,12.63,nan,593.6,21018,1,0.00119,ok
ucr,213_UCR_Anomaly_STAFFIIIDatabase_33211_126920_127370,STAFFIIIDatabase,,tirex_resid,default,,0.01236,0.00507,0.68055,0.02023,116.6,nan,593.6,266789,1,0.00169,ok
ucr,213_UCR_Anomaly_STAFFIIIDatabase_33211_126920_127370,STAFFIIIDatabase,,tirex_quantile,default,,0.00193,0.00229,0.66817,0.00295,116.6,nan,593.6,266789,1,0.00169,ok
ucr,214_UCR_Anomaly_STAFFIIIDatabase_34211_125720_126370,STAFFIIIDatabase,,tirex_resid,default,,0.00808,0.0056,0.71879,0.03717,103.2,nan,593.6,265479,1,0.00245,ok
ucr,214_UCR_Anomaly_STAFFIIIDatabase_34211_125720_126370,STAFFIIIDatabase,,tirex_quantile,default,,0.00301,0.00347,0.68422,0.00514,103.2,nan,593.6,265479,1,0.00245,ok
ucr,215_UCR_Anomaly_STAFFIIIDatabase_36276_106720_107370,STAFFIIIDatabase,,tirex_resid,default,,0.00248,0.00279,0.67172,0.00342,107.69,nan,593.6,263714,1,0.00247,ok
ucr,215_UCR_Anomaly_STAFFIIIDatabase_36276_106720_107370,STAFFIIIDatabase,,tirex_quantile,default,,0.00262,0.00307,0.66689,0.00292,107.69,nan,593.6,263714,1,0.00247,ok
ucr,216_UCR_Anomaly_STAFFIIIDatabase_37216_160720_161370,STAFFIIIDatabase,,tirex_resid,default,,0.00353,0.00391,0.67273,0.00506,118.28,nan,593.6,262674,1,0.00248,ok
ucr,216_UCR_Anomaly_STAFFIIIDatabase_37216_160720_161370,STAFFIIIDatabase,,tirex_quantile,default,,0.0043,0.00359,0.6687,0.03131,118.28,nan,593.6,262674,1,0.00248,ok
ucr,217_UCR_Anomaly_STAFFIIIDatabase_38211_150720_151370,STAFFIIIDatabase,,tirex_resid,default,,0.00229,0.00255,0.67498,0.0022,101.93,nan,593.6,261479,1,0.00249,ok
ucr,217_UCR_Anomaly_STAFFIIIDatabase_38211_150720_151370,STAFFIIIDatabase,,tirex_quantile,default,,0.00228,0.00265,0.67589,0.00086,101.93,nan,593.6,261479,1,0.00249,ok
ucr,218_UCR_Anomaly_STAFFIIIDatabase_41117_210720_211370,STAFFIIIDatabase,,tirex_resid,default,,0.00287,0.00303,0.67497,0.00425,98.77,nan,593.6,258823,1,0.00252,ok
ucr,218_UCR_Anomaly_STAFFIIIDatabase_41117_210720_211370,STAFFIIIDatabase,,tirex_quantile,default,,0.00275,0.0031,0.67279,0.00413,98.77,nan,593.6,258823,1,0.00252,ok
ucr,219_UCR_Anomaly_STAFFIIIDatabase_41612_64632_64852,STAFFIIIDatabase,,tirex_resid,default,,0.0014,0.00225,0.73737,0.00282,105.99,nan,593.6,258228,1,0.00086,ok
ucr,219_UCR_Anomaly_STAFFIIIDatabase_41612_64632_64852,STAFFIIIDatabase,,tirex_quantile,default,,0.00104,0.0016,0.85012,0.00172,105.99,nan,593.6,258228,1,0.00086,ok
ucr,220_UCR_Anomaly_STAFFIIIDatabase_43217_250720_251370,STAFFIIIDatabase,,tirex_resid,default,,0.00321,0.00368,0.67593,0.00365,102.73,nan,593.6,256573,1,0.00254,ok
ucr,220_UCR_Anomaly_STAFFIIIDatabase_43217_250720_251370,STAFFIIIDatabase,,tirex_quantile,default,,0.00239,0.00277,0.67231,0.00099,102.73,nan,593.6,256573,1,0.00254,ok
ucr,221_UCR_Anomaly_STAFFIIIDatabase_45616_163632_164852,STAFFIIIDatabase,,tirex_resid,default,,0.00514,0.00554,0.69484,0.00743,102.2,nan,593.6,252724,1,0.00483,ok
ucr,221_UCR_Anomaly_STAFFIIIDatabase_45616_163632_164852,STAFFIIIDatabase,,tirex_quantile,default,,0.00488,0.00526,0.68074,0.00585,102.2,nan,593.6,252724,1,0.00483,ok
ucr,222_UCR_Anomaly_mit14046longtermecg_56123_91200_91700,mit14046longtermecg,,tirex_resid,default,,0.00501,0.00551,0.79535,0.00999,71.29,nan,593.6,155379,1,0.00322,ok
ucr,222_UCR_Anomaly_mit14046longtermecg_56123_91200_91700,mit14046longtermecg,,tirex_quantile,default,,0.00334,0.00393,0.691,0.00429,71.29,nan,593.6,155379,1,0.00322,ok
ucr,223_UCR_Anomaly_mit14046longtermecg_74123_131200_131700,mit14046longtermecg,,tirex_resid,default,,0.00364,0.00425,0.62639,0.00115,42.58,nan,593.6,106263,1,0.00471,ok
ucr,223_UCR_Anomaly_mit14046longtermecg_74123_131200_131700,mit14046longtermecg,,tirex_quantile,default,,0.00698,0.00768,0.6809,0.01248,42.58,nan,593.6,106263,1,0.00471,ok
ucr,224_UCR_Anomaly_mit14046longtermecg_76123_191200_191700,mit14046longtermecg,,tirex_resid,default,,0.00362,0.0043,0.68868,0.00389,48.89,nan,593.6,123630,1,0.00405,ok
ucr,224_UCR_Anomaly_mit14046longtermecg_76123_191200_191700,mit14046longtermecg,,tirex_quantile,default,,0.00482,0.00523,0.70094,0.01813,48.89,nan,593.6,123630,1,0.00405,ok
ucr,225_UCR_Anomaly_mit14046longtermecg_81214_143000_143300,mit14046longtermecg,,tirex_resid,default,,0.00357,0.00432,0.61371,0.00646,52.88,nan,593.6,118785,1,0.00253,ok
ucr,225_UCR_Anomaly_mit14046longtermecg_81214_143000_143300,mit14046longtermecg,,tirex_quantile,default,,0.00363,0.00428,0.72944,0.00703,52.88,nan,593.6,118785,1,0.00253,ok
ucr,226_UCR_Anomaly_mit14046longtermecg_96123_123000_123300,mit14046longtermecg,,tirex_resid,default,,0.0226,0.01674,0.65524,0.05392,36.79,nan,593.6,93878,1,0.00321,ok
ucr,226_UCR_Anomaly_mit14046longtermecg_96123_123000_123300,mit14046longtermecg,,tirex_quantile,default,,0.00752,0.00696,0.74916,0.01761,36.79,nan,593.6,93878,1,0.00321,ok
ucr,227_UCR_Anomaly_mit14134longtermecg_11231_29000_29100,mit14134longtermecg,,tirex_resid,default,,0.00264,0.00322,0.72562,0.0046,22.06,nan,593.6,48071,1,0.0021,ok
ucr,227_UCR_Anomaly_mit14134longtermecg_11231_29000_29100,mit14134longtermecg,,tirex_quantile,default,,0.00358,0.00403,0.77689,0.00711,22.06,nan,593.6,48071,1,0.0021,ok
ucr,228_UCR_Anomaly_mit14134longtermecg_11361_47830_47850,mit14134longtermecg,,tirex_resid,default,,0.00165,0.00183,0.78281,0.00505,21.78,nan,593.6,47639,1,0.00044,ok
ucr,228_UCR_Anomaly_mit14134longtermecg_11361_47830_47850,mit14134longtermecg,,tirex_quantile,default,,0.0013,0.00141,0.69139,0.00358,21.78,nan,593.6,47639,1,0.00044,ok
ucr,229_UCR_Anomaly_mit14134longtermecg_16363_57960_57970,mit14134longtermecg,,tirex_resid,default,,0.00169,0.00182,0.66581,0.0037,19.71,nan,593.6,42637,1,0.00026,ok
ucr,229_UCR_Anomaly_mit14134longtermecg_16363_57960_57970,mit14134longtermecg,,tirex_quantile,default,,0.0007,0.00086,0.70247,0.00209,19.71,nan,593.6,42637,1,0.00026,ok
ucr,230_UCR_Anomaly_mit14134longtermecg_19363_19510_19610,mit14134longtermecg,,tirex_resid,default,,0.00779,0.00518,0.72666,0.02895,18.68,nan,593.6,39637,1,0.00255,ok
ucr,230_UCR_Anomaly_mit14134longtermecg_19363_19510_19610,mit14134longtermecg,,tirex_quantile,default,,0.00343,0.00444,0.65277,0.00717,18.68,nan,593.6,39637,1,0.00255,ok
ucr,231_UCR_Anomaly_mit14134longtermecg_8763_47530_47790,mit14134longtermecg,,tirex_resid,default,,0.00617,0.00866,0.65799,0.00736,26.11,nan,593.6,50237,1,0.0052,ok
ucr,231_UCR_Anomaly_mit14134longtermecg_8763_47530_47790,mit14134longtermecg,,tirex_quantile,default,,0.00521,0.00745,0.66456,0.00708,26.11,nan,593.6,50237,1,0.0052,ok
ucr,232_UCR_Anomaly_mit14134longtermecg_8763_57530_57790,mit14134longtermecg,,tirex_resid,default,,0.00484,0.00703,0.66638,0.00488,29.34,nan,593.6,50237,1,0.0052,ok
ucr,232_UCR_Anomaly_mit14134longtermecg_8763_57530_57790,mit14134longtermecg,,tirex_quantile,default,,0.00509,0.00754,0.66319,0.00287,29.34,nan,593.6,50237,1,0.0052,ok
ucr,233_UCR_Anomaly_mit14157longtermecg_18913_24500_24501,mit14157longtermecg,,tirex_resid,default,,0.00079,0.00137,0.75166,0.00152,33.16,nan,593.6,73797,1,3e-05,ok
ucr,233_UCR_Anomaly_mit14157longtermecg_18913_24500_24501,mit14157longtermecg,,tirex_quantile,default,,0.00796,0.00429,0.8245,0.00374,33.16,nan,593.6,73797,1,3e-05,ok
ucr,234_UCR_Anomaly_mit14157longtermecg_18913_24600_24601,mit14157longtermecg,,tirex_resid,default,,0.00352,0.00286,0.67124,0.00899,30.07,nan,593.6,79797,1,3e-05,ok
ucr,234_UCR_Anomaly_mit14157longtermecg_18913_24600_24601,mit14157longtermecg,,tirex_quantile,default,,0.00159,0.00129,0.6849,0.0032,30.07,nan,593.6,79797,1,3e-05,ok
ucr,235_UCR_Anomaly_mit14157longtermecg_18913_75450_75451,mit14157longtermecg,,tirex_resid,default,,0.00618,0.00954,0.75384,0.00915,29.27,nan,593.6,78387,1,3e-05,ok
ucr,235_UCR_Anomaly_mit14157longtermecg_18913_75450_75451,mit14157longtermecg,,tirex_quantile,default,,0.00216,0.0044,0.67519,0.0048,29.27,nan,593.6,78387,1,3e-05,ok
ucr,236_UCR_Anomaly_mit14157longtermecg_19313_46350_46390,mit14157longtermecg,,tirex_resid,default,,0.00126,0.0015,0.77169,0.00286,30.17,nan,593.6,77687,1,0.00053,ok
ucr,236_UCR_Anomaly_mit14157longtermecg_19313_46350_46390,mit14157longtermecg,,tirex_quantile,default,,0.00208,0.00252,0.75792,0.00499,30.17,nan,593.6,77687,1,0.00053,ok
ucr,237_UCR_Anomaly_mit14157longtermecg_19313_89560_90370,mit14157longtermecg,,tirex_resid,default,,0.0203,0.0227,0.64207,0.03502,36.01,nan,593.6,77687,1,0.01044,ok
ucr,237_UCR_Anomaly_mit14157longtermecg_19313_89560_90370,mit14157longtermecg,,tirex_quantile,default,,0.01086,0.0138,0.70221,0.0134,36.01,nan,593.6,77687,1,0.01044,ok
ucr,238_UCR_Anomaly_mit14157longtermecg_21311_72600_72780,mit14157longtermecg,,tirex_resid,default,,0.00542,0.0061,0.82605,0.01228,37.67,nan,593.6,77689,1,0.00233,ok
ucr,238_UCR_Anomaly_mit14157longtermecg_21311_72600_72780,mit14157longtermecg,,tirex_quantile,default,,0.00494,0.00578,0.71865,0.01267,37.67,nan,593.6,77689,1,0.00233,ok
ucr,239_UCR_Anomaly_taichidbS0715Master_190037_593450_593514,taichidbS0715Master,,tirex_resid,default,,0.00024,0.00524,0.69486,0.00075,284.77,nan,593.6,707630,1,9e-05,ok
ucr,239_UCR_Anomaly_taichidbS0715Master_190037_593450_593514,taichidbS0715Master,,tirex_quantile,default,,0.00028,0.00043,0.67625,0.00102,284.77,nan,593.6,707630,1,9e-05,ok
ucr,240_UCR_Anomaly_taichidbS0715Master_240030_884100_884200,taichidbS0715Master,,tirex_resid,default,,0.00049,0.00066,0.67282,0.00148,272.56,nan,593.6,659970,1,0.00015,ok
ucr,240_UCR_Anomaly_taichidbS0715Master_240030_884100_884200,taichidbS0715Master,,tirex_quantile,default,,0.0002,0.00035,0.66964,0.0006,272.56,nan,593.6,659970,1,0.00015,ok
ucr,241_UCR_Anomaly_taichidbS0715Master_250000_837400_839100,taichidbS0715Master,,tirex_resid,default,,0.01491,0.00318,0.68105,0.03295,261.53,nan,593.6,650000,1,0.00262,ok
ucr,241_UCR_Anomaly_taichidbS0715Master_250000_837400_839100,taichidbS0715Master,,tirex_quantile,default,,0.00253,0.00269,0.67054,0.00122,261.53,nan,593.6,650000,1,0.00262,ok
ucr,242_UCR_Anomaly_tilt12744mtable_100000_104630_104890,tilt12744mtable,,tirex_resid,default,,0.00158,0.00196,0.69078,0.00232,91.44,nan,593.6,186667,1,0.0014,ok
ucr,242_UCR_Anomaly_tilt12744mtable_100000_104630_104890,tilt12744mtable,,tirex_quantile,default,,0.00197,0.00242,0.66916,0.00375,91.44,nan,593.6,186667,1,0.0014,ok
ucr,243_UCR_Anomaly_tilt12744mtable_100000_203355_203400,tilt12744mtable,,tirex_resid,default,,0.00049,0.00071,0.7811,0.00095,75.2,nan,593.6,150001,1,0.00031,ok
ucr,243_UCR_Anomaly_tilt12744mtable_100000_203355_203400,tilt12744mtable,,tirex_quantile,default,,0.00029,0.00043,0.79211,9e-05,75.2,nan,593.6,150001,1,0.00031,ok
ucr,244_UCR_Anomaly_tilt12754table_100013_104630_104890,tilt12754table,,tirex_resid,default,,0.00165,0.00217,0.70761,0.00343,79.26,nan,593.6,200249,1,0.0013,ok
ucr,244_UCR_Anomaly_tilt12754table_100013_104630_104890,tilt12754table,,tirex_quantile,default,,0.00123,0.00169,0.71359,0.00117,79.26,nan,593.6,200249,1,0.0013,ok
ucr,245_UCR_Anomaly_tilt12754table_100211_270800_271070,tilt12754table,,tirex_resid,default,,0.01198,0.01242,0.64936,0.02935,80.42,nan,593.6,198536,1,0.00136,ok
ucr,245_UCR_Anomaly_tilt12754table_100211_270800_271070,tilt12754table,,tirex_quantile,default,,0.0025,0.00315,0.67693,0.00535,80.42,nan,593.6,198536,1,0.00136,ok
ucr,246_UCR_Anomaly_tilt12755mtable_100211_270800_271070,tilt12755mtable,,tirex_resid,default,,0.00685,0.00674,0.63379,0.01946,94.26,nan,593.6,199656,1,0.00136,ok
ucr,246_UCR_Anomaly_tilt12755mtable_100211_270800_271070,tilt12755mtable,,tirex_quantile,default,,0.00336,0.00327,0.65505,0.00812,94.26,nan,593.6,199656,1,0.00136,ok
ucr,247_UCR_Anomaly_tilt12755mtable_50211_121900_121980,tilt12755mtable,,tirex_resid,default,,0.00165,0.00207,0.80339,0.00419,67.87,nan,593.6,149789,1,0.00054,ok
ucr,247_UCR_Anomaly_tilt12755mtable_50211_121900_121980,tilt12755mtable,,tirex_quantile,default,,0.00113,0.00239,0.77471,0.00243,67.87,nan,593.6,149789,1,0.00054,ok
ucr,248_UCR_Anomaly_weallwalk_2000_4702_4707,weallwalk,,tirex_resid,default,,0.00521,0.00621,0.67892,0.01407,6.13,nan,328.1,6432,1,0.00093,ok
ucr,248_UCR_Anomaly_weallwalk_2000_4702_4707,weallwalk,,tirex_quantile,default,,0.00152,0.00187,0.79183,0.00409,6.13,nan,328.1,6432,1,0.00093,ok
ucr,249_UCR_Anomaly_weallwalk_2753_8285_8315,weallwalk,,tirex_resid,default,,0.0047,0.00728,0.79367,0.00451,6.08,nan,366.8,7771,1,0.00399,ok
ucr,249_UCR_Anomaly_weallwalk_2753_8285_8315,weallwalk,,tirex_quantile,default,,0.00378,0.00562,0.72748,0.00115,6.08,nan,366.8,7771,1,0.00399,ok
ucr,250_UCR_Anomaly_weallwalk_2951_7290_7296,weallwalk,,tirex_resid,default,,0.00508,0.00575,0.68476,0.01079,6.34,nan,360.0,7517,1,0.00093,ok
ucr,250_UCR_Anomaly_weallwalk_2951_7290_7296,weallwalk,,tirex_quantile,default,,0.00258,0.00345,0.70188,0.00542,6.34,nan,360.0,7517,1,0.00093,ok
nasa,A-8,smap,contextual,timesfm_resid,default,,0.3903,0.39853,0.72126,0.32691,90.59,nan,1386.9,8375,25,0.45445,ok
nasa,A-8,smap,contextual,timesfm_quantile,default,,0.46794,0.47453,0.80549,0.36085,90.59,nan,1386.9,8375,25,0.45445,ok
nasa,A-9,smap,contextual,chronos_small_resid,default,,0.32584,0.33325,0.42781,0.05862,49.06,nan,1176.6,8434,25,0.45826,ok
nasa,A-9,smap,contextual,chronos_small_quantile,default,,0.41058,0.41781,0.62065,0.1148,49.06,nan,1176.6,8434,25,0.45826,ok
nasa,A-9,smap,contextual,chronos_base_resid,default,,0.33474,0.34244,0.45495,0.0714,9.21,nan,1824.4,8434,25,0.45826,ok
nasa,A-9,smap,contextual,chronos_base_quantile,default,,0.4382,0.44859,0.72229,0.29607,9.21,nan,1824.4,8434,25,0.45826,ok
nasa,A-9,smap,contextual,timesfm_resid,default,,0.35396,0.36187,0.50865,0.09146,75.48,nan,1901.4,8434,25,0.45826,ok
nasa,A-9,smap,contextual,timesfm_quantile,default,,0.4318,0.44098,0.72325,0.29784,75.48,nan,1901.4,8434,25,0.45826,ok
nasa,F-3,smap,contextual,chronos_small_resid,default,,0.05754,0.03901,0.75253,0.17477,2.86,nan,1593.6,8376,25,0.00489,ok
nasa,F-3,smap,contextual,chronos_small_quantile,default,,0.01558,0.01613,0.61255,0.03617,2.86,nan,1593.6,8376,25,0.00489,ok
nasa,F-3,smap,contextual,chronos_base_resid,default,,0.02059,0.02094,0.71555,0.04883,3.93,nan,1824.4,8376,25,0.00489,ok
nasa,F-3,smap,contextual,chronos_base_quantile,default,,0.01758,0.01778,0.64658,0.04598,3.93,nan,1824.4,8376,25,0.00489,ok
nasa,F-3,smap,contextual,timesfm_resid,default,,0.01919,0.01974,0.61846,0.04686,53.59,nan,1901.4,8376,25,0.00489,ok
nasa,F-3,smap,contextual,timesfm_quantile,default,,0.02046,0.02085,0.66003,0.05478,53.59,nan,1901.4,8376,25,0.00489,ok
nasa,M-6,msl,point,chronos_small_resid,default,,0.10135,0.13521,0.78239,0.10867,0.32,nan,1593.6,2049,55,0.08834,ok
nasa,M-6,msl,point,chronos_small_quantile,default,,0.07685,0.10169,0.6657,0.08974,0.32,nan,1593.6,2049,55,0.08834,ok
nasa,M-6,msl,point,chronos_base_resid,default,,0.09,0.12867,0.74178,0.05833,0.66,nan,1824.4,2049,55,0.08834,ok
nasa,M-6,msl,point,chronos_base_quantile,default,,0.08553,0.11231,0.6576,0.10247,0.66,nan,1824.4,2049,55,0.08834,ok
nasa,M-6,msl,point,timesfm_resid,default,,0.10598,0.15232,0.75451,0.10644,9.04,nan,1901.4,2049,55,0.08834,ok
nasa,M-6,msl,point,timesfm_quantile,default,,0.08511,0.11027,0.66165,0.10774,9.04,nan,1901.4,2049,55,0.08834,ok
nasa,M-1,msl,contextual,chronos_small_resid,default,,0.61292,0.63311,0.94486,0.45353,0.35,nan,1593.6,2277,55,0.5011,ok
nasa,M-1,msl,contextual,chronos_small_quantile,default,,0.52056,0.55028,0.86905,0.37866,0.35,nan,1593.6,2277,55,0.5011,ok
nasa,M-1,msl,contextual,chronos_base_resid,default,,0.63336,0.66645,0.90789,0.46025,0.7,nan,1824.4,2277,55,0.5011,ok
nasa,M-1,msl,contextual,chronos_base_quantile,default,,0.50989,0.54316,0.8487,0.38356,0.7,nan,1824.4,2277,55,0.5011,ok
nasa,M-1,msl,contextual,timesfm_resid,default,,0.45241,0.47343,0.83206,0.32779,9.29,nan,1901.4,2277,55,0.5011,ok
nasa,M-1,msl,contextual,timesfm_quantile,default,,0.49028,0.5205,0.80631,0.36093,9.29,nan,1901.4,2277,55,0.5011,ok
nasa,M-2,msl,contextual,chronos_small_resid,default,,0.60817,0.62856,0.90654,0.45372,0.33,nan,1593.6,2277,55,0.5011,ok
nasa,M-2,msl,contextual,chronos_small_quantile,default,,0.52523,0.55546,0.82906,0.36766,0.33,nan,1593.6,2277,55,0.5011,ok
nasa,M-2,msl,contextual,chronos_base_resid,default,,0.62601,0.65881,0.90789,0.45854,0.68,nan,1824.4,2277,55,0.5011,ok
nasa,M-2,msl,contextual,chronos_base_quantile,default,,0.51487,0.54862,0.82703,0.37418,0.68,nan,1824.4,2277,55,0.5011,ok
nasa,M-2,msl,contextual,timesfm_resid,default,,0.44924,0.47035,0.83513,0.3268,8.96,nan,1901.4,2277,55,0.5011,ok
nasa,M-2,msl,contextual,timesfm_quantile,default,,0.49211,0.5212,0.80393,0.34836,8.96,nan,1901.4,2277,55,0.5011,ok
nasa,S-2,msl,point,chronos_small_resid,default,,0.01346,0.01551,0.71865,0.02654,0.31,nan,1593.6,1827,55,0.00602,ok
nasa,S-2,msl,point,chronos_small_quantile,default,,0.01005,0.01226,0.92255,0.02098,0.31,nan,1593.6,1827,55,0.00602,ok
nasa,S-2,msl,point,chronos_base_resid,default,,0.02941,0.02633,0.75795,0.09091,0.61,nan,1824.4,1827,55,0.00602,ok
nasa,S-2,msl,point,chronos_base_quantile,default,,0.00992,0.01272,0.68333,0.02256,0.61,nan,1824.4,1827,55,0.00602,ok
nasa,S-2,msl,point,timesfm_resid,default,,0.00589,0.00789,0.72791,0.01124,7.69,nan,1901.4,1827,55,0.00602,ok
nasa,S-2,msl,point,timesfm_quantile,default,,0.01107,0.01348,0.67118,0.02419,7.69,nan,1901.4,1827,55,0.00602,ok
nasa,P-10,msl,point,chronos_small_resid,default,,0.06765,0.07185,0.75909,0.16438,0.83,nan,1593.6,6100,55,0.02148,ok
nasa,P-10,msl,point,chronos_small_quantile,default,,0.0384,0.05097,0.75193,0.08907,0.83,nan,1593.6,6100,55,0.02148,ok
nasa,P-10,msl,point,chronos_base_resid,default,,0.06095,0.0698,0.76171,0.14166,2.1,nan,1824.4,6100,55,0.02148,ok
nasa,P-10,msl,point,chronos_base_quantile,default,,0.03715,0.04647,0.83116,0.08929,2.1,nan,1824.4,6100,55,0.02148,ok
nasa,P-10,msl,point,timesfm_resid,default,,0.06789,0.07138,0.81685,0.15324,23.17,nan,1901.4,6100,55,0.02148,ok
nasa,P-10,msl,point,timesfm_quantile,default,,0.03508,0.04493,0.7672,0.07658,23.17,nan,1901.4,6100,55,0.02148,ok
nasa,T-4,msl,point,chronos_small_resid,default,,0.06774,0.07962,0.96388,0.1957,0.35,nan,1593.6,2217,55,0.03112,ok
nasa,T-4,msl,point,chronos_small_quantile,default,,0.03538,0.04593,0.80406,0.05264,0.35,nan,1593.6,2217,55,0.03112,ok
nasa,T-4,msl,point,chronos_base_resid,default,,0.04037,0.04409,0.97221,0.18661,0.55,nan,1824.4,2217,55,0.03112,ok
nasa,T-4,msl,point,chronos_base_quantile,default,,0.03914,0.05334,0.68628,0.05089,0.55,nan,1824.4,2217,55,0.03112,ok
nasa,T-4,msl,point,timesfm_resid,default,,0.08484,0.08376,0.99079,0.28947,9.95,nan,1901.4,2217,55,0.03112,ok
nasa,T-4,msl,point,timesfm_quantile,default,,0.03404,0.04661,0.72821,0.05603,9.95,nan,1901.4,2217,55,0.03112,ok
nasa,T-5,msl,point,chronos_small_resid,default,,0.01308,0.01684,0.67875,0.01587,0.51,nan,1593.6,2218,55,0.01172,ok
nasa,T-5,msl,point,chronos_small_quantile,default,,0.01825,0.02271,0.80151,0.02474,0.51,nan,1593.6,2218,55,0.01172,ok
nasa,T-5,msl,point,chronos_base_resid,default,,0.02207,0.02725,0.65459,0.05021,1.11,nan,1824.4,2218,55,0.01172,ok
nasa,T-5,msl,point,chronos_base_quantile,default,,0.01604,0.02288,0.67017,0.02428,1.11,nan,1824.4,2218,55,0.01172,ok
nasa,T-5,msl,point,timesfm_resid,default,,0.00902,0.0128,0.86113,0.00702,16.06,nan,1901.4,2218,55,0.01172,ok
nasa,T-5,msl,point,timesfm_quantile,default,,0.01482,0.02041,0.72419,0.03172,16.06,nan,1901.4,2218,55,0.01172,ok
nasa,F-7,msl,contextual,chronos_small_resid,default,,0.08081,0.12615,0.69177,0.07244,1.05,nan,1593.6,5054,55,0.0837,ok
nasa,F-7,msl,contextual,chronos_small_quantile,default,,0.09844,0.14721,0.71404,0.16134,1.05,nan,1593.6,5054,55,0.0837,ok
nasa,F-7,msl,contextual,chronos_base_resid,default,,0.06294,0.0959,0.66875,0.01699,1.55,nan,1824.4,5054,55,0.0837,ok
nasa,F-7,msl,contextual,chronos_base_quantile,default,,0.09561,0.13399,0.72673,0.13301,1.55,nan,1824.4,5054,55,0.0837,ok
nasa,F-7,msl,contextual,timesfm_resid,default,,0.05458,0.09073,0.66367,0.01247,47.57,nan,1901.4,5054,55,0.0837,ok
nasa,F-7,msl,contextual,timesfm_quantile,default,,0.09318,0.13277,0.73103,0.12687,47.57,nan,1901.4,5054,55,0.0837,ok
nasa,M-3,msl,contextual,chronos_small_resid,default,,0.11569,0.15604,0.6866,0.14737,0.9,nan,1593.6,2127,55,0.11801,ok
nasa,M-3,msl,contextual,chronos_small_quantile,default,,0.09917,0.14371,0.68555,0.05224,0.9,nan,1593.6,2127,55,0.11801,ok
nasa,M-3,msl,contextual,chronos_base_resid,default,,0.14584,0.18284,0.71385,0.23746,1.07,nan,1824.4,2127,55,0.11801,ok
nasa,M-3,msl,contextual,chronos_base_quantile,default,,0.10882,0.15339,0.71122,0.11742,1.07,nan,1824.4,2127,55,0.11801,ok
nasa,M-3,msl,contextual,timesfm_resid,default,,0.14269,0.19504,0.7069,0.25195,23.78,nan,1901.4,2127,55,0.11801,ok
nasa,M-3,msl,contextual,timesfm_quantile,default,,0.10452,0.14833,0.75291,0.08929,23.78,nan,1901.4,2127,55,0.11801,ok
nasa,M-4,msl,contextual,chronos_small_resid,default,,0.10018,0.13934,0.66886,0.04839,0.93,nan,1593.6,2038,55,0.12316,ok
nasa,M-4,msl,contextual,chronos_small_quantile,default,,0.11856,0.15613,0.70046,0.12371,0.93,nan,1593.6,2038,55,0.12316,ok
nasa,M-4,msl,contextual,chronos_base_resid,default,,0.11263,0.16061,0.85941,0.11559,1.49,nan,1824.4,2038,55,0.12316,ok
nasa,M-4,msl,contextual,chronos_base_quantile,default,,0.11434,0.15468,0.72557,0.11291,1.49,nan,1824.4,2038,55,0.12316,ok
nasa,M-4,msl,contextual,timesfm_resid,default,,0.10127,0.14809,0.71489,0.09556,18.5,nan,1901.4,2038,55,0.12316,ok
nasa,M-4,msl,contextual,timesfm_quantile,default,,0.11481,0.15649,0.70342,0.10766,18.5,nan,1901.4,2038,55,0.12316,ok
nasa,M-5,msl,contextual,chronos_small_resid,default,,0.11621,0.1496,0.68555,0.14203,0.83,nan,1593.6,2303,55,0.1307,ok
nasa,M-5,msl,contextual,chronos_small_quantile,default,,0.12493,0.16393,0.76402,0.21469,0.83,nan,1593.6,2303,55,0.1307,ok
nasa,M-5,msl,contextual,chronos_base_resid,default,,0.14674,0.17925,0.91144,0.22704,1.3,nan,1824.4,2303,55,0.1307,ok
nasa,M-5,msl,contextual,chronos_base_quantile,default,,0.12251,0.16133,0.81497,0.12121,1.3,nan,1824.4,2303,55,0.1307,ok
nasa,M-5,msl,contextual,timesfm_resid,default,,0.1513,0.18245,0.75627,0.24183,26.21,nan,1901.4,2303,55,0.1307,ok
nasa,M-5,msl,contextual,timesfm_quantile,default,,0.14178,0.18369,0.7972,0.22056,26.21,nan,1901.4,2303,55,0.1307,ok
nasa,P-15,msl,point,chronos_small_resid,default,,0.00684,0.00927,0.71494,0.00592,0.92,nan,1593.6,2856,55,0.00735,ok
nasa,P-15,msl,point,chronos_small_quantile,default,,0.02343,0.03043,0.688,0.07205,0.92,nan,1593.6,2856,55,0.00735,ok
nasa,P-15,msl,point,chronos_base_resid,default,,0.00471,0.00697,0.68479,0.0,1.94,nan,1824.4,2856,55,0.00735,ok
nasa,P-15,msl,point,chronos_base_quantile,default,,0.01954,0.02694,0.8645,0.07205,1.94,nan,1824.4,2856,55,0.00735,ok
nasa,P-15,msl,point,timesfm_resid,default,,0.00442,0.00677,0.71355,0.0,32.16,nan,1901.4,2856,55,0.00735,ok
nasa,P-15,msl,point,timesfm_quantile,default,,0.02066,0.02687,0.66328,0.0825,32.16,nan,1901.4,2856,55,0.00735,ok
nasa,C-1,msl,mixed,chronos_small_resid,default,,0.19871,0.27559,0.81414,0.26709,0.61,nan,1593.6,2264,55,0.13781,ok
nasa,C-1,msl,mixed,chronos_small_quantile,default,,0.13449,0.20113,0.69128,0.11666,0.61,nan,1593.6,2264,55,0.13781,ok
nasa,C-1,msl,mixed,chronos_base_resid,default,,0.18653,0.25871,0.81945,0.26924,1.02,nan,1824.4,2264,55,0.13781,ok
nasa,C-1,msl,mixed,chronos_base_quantile,default,,0.12188,0.18317,0.6603,0.09438,1.02,nan,1824.4,2264,55,0.13781,ok
nasa,C-1,msl,mixed,timesfm_resid,default,,0.17076,0.25023,0.85833,0.19506,24.99,nan,1901.4,2264,55,0.13781,ok
nasa,C-1,msl,mixed,timesfm_quantile,default,,0.13438,0.19996,0.67287,0.11864,24.99,nan,1901.4,2264,55,0.13781,ok
nasa,C-2,msl,mixed,chronos_small_resid,default,,0.16326,0.22291,0.87166,0.35936,0.98,nan,1593.6,2051,55,0.0668,ok
nasa,C-2,msl,mixed,chronos_small_quantile,default,,0.05795,0.09056,0.64086,0.04445,0.98,nan,1593.6,2051,55,0.0668,ok
nasa,C-2,msl,mixed,chronos_base_resid,default,,0.17864,0.24147,0.84413,0.38979,1.21,nan,1824.4,2051,55,0.0668,ok
nasa,C-2,msl,mixed,chronos_base_quantile,default,,0.09214,0.12854,0.68414,0.14663,1.21,nan,1824.4,2051,55,0.0668,ok
nasa,C-2,msl,mixed,timesfm_resid,default,,0.09613,0.13831,0.7522,0.21131,25.91,nan,1901.4,2051,55,0.0668,ok
nasa,C-2,msl,mixed,timesfm_quantile,default,,0.06266,0.09689,0.74093,0.06565,25.91,nan,1901.4,2051,55,0.0668,ok
nasa,T-12,msl,contextual,chronos_small_resid,default,,0.12768,0.15963,0.96281,0.30496,0.89,nan,1593.6,2430,55,0.04979,ok
nasa,T-12,msl,contextual,chronos_small_quantile,default,,0.10612,0.1383,0.69241,0.25936,0.89,nan,1593.6,2430,55,0.04979,ok
nasa,T-12,msl,contextual,chronos_base_resid,default,,0.1076,0.13911,0.97377,0.24074,1.02,nan,1824.4,2430,55,0.04979,ok
nasa,T-12,msl,contextual,chronos_base_quantile,default,,0.12013,0.14915,0.74841,0.37292,1.02,nan,1824.4,2430,55,0.04979,ok
nasa,T-12,msl,contextual,timesfm_resid,default,,0.04821,0.07076,0.75116,0.07462,21.27,nan,1901.4,2430,55,0.04979,ok
nasa,T-12,msl,contextual,timesfm_quantile,default,,0.14099,0.15884,0.72166,0.39747,21.27,nan,1901.4,2430,55,0.04979,ok
nasa,T-13,msl,contextual,chronos_small_resid,default,,0.18159,0.20443,0.78142,0.39551,0.59,nan,1593.6,2430,55,0.1037,ok
nasa,T-13,msl,contextual,chronos_small_quantile,default,,0.12086,0.15648,0.71435,0.2072,0.59,nan,1593.6,2430,55,0.1037,ok
nasa,T-13,msl,contextual,chronos_base_resid,default,,0.18734,0.22363,0.78334,0.34952,0.72,nan,1824.4,2430,55,0.1037,ok
nasa,T-13,msl,contextual,chronos_base_quantile,default,,0.15713,0.19386,0.9498,0.41173,0.72,nan,1824.4,2430,55,0.1037,ok
nasa,T-13,msl,contextual,timesfm_resid,default,,0.13936,0.18784,0.75309,0.23174,15.32,nan,1901.4,2430,55,0.1037,ok
nasa,T-13,msl,contextual,timesfm_quantile,default,,0.17448,0.20498,0.76559,0.28998,15.32,nan,1901.4,2430,55,0.1037,ok
nasa,F-4,msl,point,chronos_small_resid,default,,0.03673,0.04618,0.67259,0.0799,0.57,nan,1593.6,3422,55,0.02075,ok
nasa,F-4,msl,point,chronos_small_quantile,default,,0.05093,0.05512,0.69573,0.07499,0.57,nan,1593.6,3422,55,0.02075,ok
nasa,F-4,msl,point,chronos_base_resid,default,,0.02669,0.03773,0.64837,0.04124,1.48,nan,1824.4,3422,55,0.02075,ok
nasa,F-4,msl,point,chronos_base_quantile,default,,0.04414,0.0495,0.70724,0.05995,1.48,nan,1824.4,3422,55,0.02075,ok
nasa,F-4,msl,point,timesfm_resid,default,,0.0181,0.02884,0.73776,0.01907,21.27,nan,1901.4,3422,55,0.02075,ok
nasa,F-4,msl,point,timesfm_quantile,default,,0.06372,0.06324,0.6969,0.21778,21.27,nan,1901.4,3422,55,0.02075,ok
nasa,F-5,msl,point,chronos_small_resid,default,,0.0298,0.05077,0.65337,0.01847,0.79,nan,1593.6,3922,55,0.0385,ok
nasa,F-5,msl,point,chronos_small_quantile,default,,0.05819,0.0804,0.74919,0.11851,0.79,nan,1593.6,3922,55,0.0385,ok
nasa,F-5,msl,point,chronos_base_resid,default,,0.02911,0.04921,0.64343,0.02273,1.49,nan,1824.4,3922,55,0.0385,ok
nasa,F-5,msl,point,chronos_base_quantile,default,,0.05023,0.07645,0.70588,0.10169,1.49,nan,1824.4,3922,55,0.0385,ok
nasa,F-5,msl,point,timesfm_resid,default,,0.0365,0.06358,0.65568,0.04124,27.3,nan,1901.4,3922,55,0.0385,ok
nasa,F-5,msl,point,timesfm_quantile,default,,0.04969,0.07449,0.74143,0.09615,27.3,nan,1901.4,3922,55,0.0385,ok
nasa,D-14,msl,point,chronos_small_resid,default,,0.12515,0.22293,0.77896,0.25411,0.56,nan,1593.6,2625,55,0.08457,ok
nasa,D-14,msl,point,chronos_small_quantile,default,,0.08929,0.13739,0.71783,0.13424,0.56,nan,1593.6,2625,55,0.08457,ok
nasa,D-14,msl,point,chronos_base_resid,default,,0.09388,0.16688,0.70916,0.1432,0.89,nan,1824.4,2625,55,0.08457,ok
nasa,D-14,msl,point,chronos_base_quantile,default,,0.08432,0.13329,0.7395,0.15185,0.89,nan,1824.4,2625,55,0.08457,ok
nasa,D-14,msl,point,timesfm_resid,default,,0.09378,0.15864,0.73428,0.24021,10.61,nan,1901.4,2625,55,0.08457,ok
nasa,D-14,msl,point,timesfm_quantile,default,,0.11763,0.16546,0.83771,0.22837,10.61,nan,1901.4,2625,55,0.08457,ok
nasa,T-9,msl,point,chronos_small_resid,default,,0.50842,0.50568,0.95208,0.67532,0.2,nan,1569.7,1096,55,0.10219,ok
nasa,T-9,msl,point,chronos_small_quantile,default,,0.15653,0.22929,0.81195,0.3422,0.2,nan,1569.7,1096,55,0.10219,ok
nasa,T-9,msl,point,chronos_base_resid,default,,0.51444,0.51799,0.95208,0.71189,0.37,nan,1765.9,1096,55,0.10219,ok
nasa,T-9,msl,point,chronos_base_quantile,default,,0.19564,0.25022,0.79445,0.40759,0.37,nan,1765.9,1096,55,0.10219,ok
nasa,T-9,msl,point,timesfm_resid,default,,0.51987,0.51261,0.95208,0.71335,5.18,nan,1901.4,1096,55,0.10219,ok
nasa,T-9,msl,point,timesfm_quantile,default,,0.17231,0.23719,0.73932,0.27136,5.18,nan,1901.4,1096,55,0.10219,ok
nasa,P-14,msl,point,chronos_small_resid,default,,0.03141,0.04643,0.70816,0.04455,0.87,nan,1593.6,6100,55,0.02967,ok
nasa,P-14,msl,point,chronos_small_quantile,default,,0.07431,0.08561,0.84185,0.18197,0.87,nan,1593.6,6100,55,0.02967,ok
nasa,P-14,msl,point,chronos_base_resid,default,,0.03046,0.04391,0.69908,0.05297,1.68,nan,1824.4,6100,55,0.02967,ok
nasa,P-14,msl,point,chronos_base_quantile,default,,0.07618,0.08333,0.80759,0.22259,1.68,nan,1824.4,6100,55,0.02967,ok
nasa,P-14,msl,point,timesfm_resid,default,,0.03634,0.0483,0.70782,0.04749,23.3,nan,1901.4,6100,55,0.02967,ok
nasa,P-14,msl,point,timesfm_quantile,default,,0.11494,0.1128,0.80857,0.27108,23.3,nan,1901.4,6100,55,0.02967,ok
nasa,T-8,msl,contextual,chronos_small_resid,default,,0.11373,0.14913,0.73188,0.21056,0.31,nan,1593.6,1519,55,0.06715,ok
nasa,T-8,msl,contextual,chronos_small_quantile,default,,0.0709,0.10391,0.6791,0.09863,0.31,nan,1593.6,1519,55,0.06715,ok
nasa,T-8,msl,contextual,chronos_base_resid,default,,0.12487,0.17341,0.75305,0.21938,0.63,nan,1824.4,1519,55,0.06715,ok
nasa,T-8,msl,contextual,chronos_base_quantile,default,,0.07731,0.11265,0.73313,0.08951,0.63,nan,1824.4,1519,55,0.06715,ok
nasa,T-8,msl,contextual,timesfm_resid,default,,0.0973,0.13407,0.7497,0.2037,6.42,nan,1901.4,1519,55,0.06715,ok
nasa,T-8,msl,contextual,timesfm_quantile,default,,0.06783,0.09897,0.66879,0.07224,6.42,nan,1901.4,1519,55,0.06715,ok
nasa,P-11,msl,point,chronos_small_resid,default,,0.07818,0.11228,0.66512,0.14707,0.51,nan,1593.6,3535,55,0.0645,ok
nasa,P-11,msl,point,chronos_small_quantile,default,,0.08915,0.12765,0.71601,0.16767,0.51,nan,1593.6,3535,55,0.0645,ok
nasa,P-11,msl,point,chronos_base_resid,default,,0.09701,0.12851,0.67462,0.23786,1.12,nan,1824.4,3535,55,0.0645,ok
nasa,P-11,msl,point,chronos_base_quantile,default,,0.11058,0.13933,0.7234,0.22426,1.12,nan,1824.4,3535,55,0.0645,ok
nasa,P-11,msl,point,timesfm_resid,default,,0.06933,0.11168,0.68504,0.09203,21.46,nan,1901.4,3535,55,0.0645,ok
nasa,P-11,msl,point,timesfm_quantile,default,,0.09312,0.12446,0.71727,0.15281,21.46,nan,1901.4,3535,55,0.0645,ok
nasa,D-15,msl,point,chronos_small_resid,default,,0.36467,0.39426,0.78666,0.33413,0.56,nan,1593.6,2158,55,0.29703,ok
nasa,D-15,msl,point,chronos_small_quantile,default,,0.30844,0.34378,0.77185,0.29541,0.56,nan,1593.6,2158,55,0.29703,ok
nasa,D-15,msl,point,chronos_base_resid,default,,0.36851,0.39045,0.77581,0.32615,0.99,nan,1824.4,2158,55,0.29703,ok
nasa,D-15,msl,point,chronos_base_quantile,default,,0.32722,0.36206,0.76733,0.29365,0.99,nan,1824.4,2158,55,0.29703,ok
nasa,D-15,msl,point,timesfm_resid,default,,0.34196,0.37222,0.78913,0.28064,11.35,nan,1901.4,2158,55,0.29703,ok
nasa,D-15,msl,point,timesfm_quantile,default,,0.31818,0.35876,0.77781,0.29725,11.35,nan,1901.4,2158,55,0.29703,ok
nasa,D-16,msl,contextual,chronos_small_resid,default,,0.23709,0.27739,0.67179,0.11588,0.52,nan,1593.6,2191,55,0.29712,ok
nasa,D-16,msl,contextual,chronos_small_quantile,default,,0.36042,0.38844,0.92501,0.35979,0.52,nan,1593.6,2191,55,0.29712,ok
nasa,D-16,msl,contextual,chronos_base_resid,default,,0.27096,0.30342,0.67851,0.12397,0.72,nan,1824.4,2191,55,0.29712,ok
nasa,D-16,msl,contextual,chronos_base_quantile,default,,0.35773,0.38362,0.92501,0.35838,0.72,nan,1824.4,2191,55,0.29712,ok
nasa,D-16,msl,contextual,timesfm_resid,default,,0.26667,0.30039,0.67528,0.19987,14.85,nan,1901.4,2191,55,0.29712,ok
nasa,D-16,msl,contextual,timesfm_quantile,default,,0.36582,0.39418,0.94759,0.36164,14.85,nan,1901.4,2191,55,0.29712,ok
nasa,M-7,msl,point,chronos_small_resid,default,,0.21141,0.20512,0.90774,0.39139,0.57,nan,1593.6,2156,55,0.04685,ok
nasa,M-7,msl,point,chronos_small_quantile,default,,0.07345,0.07052,0.98402,0.25,0.57,nan,1593.6,2156,55,0.04685,ok
nasa,M-7,msl,point,chronos_base_resid,default,,0.25049,0.24832,0.90774,0.50319,0.69,nan,1824.4,2156,55,0.04685,ok
nasa,M-7,msl,point,chronos_base_quantile,default,,0.076,0.07029,0.98402,0.25,0.69,nan,1824.4,2156,55,0.04685,ok
nasa,M-7,msl,point,timesfm_resid,default,,0.34058,0.28809,0.99307,0.55175,14.46,nan,1901.4,2156,55,0.04685,ok
nasa,M-7,msl,point,timesfm_quantile,default,,0.14152,0.16069,0.98402,0.31863,14.46,nan,1901.4,2156,55,0.04685,ok
nasa,F-8,msl,contextual,chronos_small_resid,default,,0.24015,0.28632,0.80753,0.20642,0.7,nan,1593.6,2487,55,0.21592,ok
nasa,F-8,msl,contextual,chronos_small_quantile,default,,0.23334,0.25344,0.73015,0.2463,0.7,nan,1593.6,2487,55,0.21592,ok
nasa,F-8,msl,contextual,chronos_base_resid,default,,0.20062,0.23618,0.68162,0.14871,0.91,nan,1824.4,2487,55,0.21592,ok
nasa,F-8,msl,contextual,chronos_base_quantile,default,,0.23207,0.25196,0.73974,0.23408,0.91,nan,1824.4,2487,55,0.21592,ok
nasa,F-8,msl,contextual,timesfm_resid,default,,0.20458,0.23781,0.68464,0.1432,17.59,nan,1901.4,2487,55,0.21592,ok
nasa,F-8,msl,contextual,timesfm_quantile,default,,0.21891,0.24022,0.78229,0.26803,17.59,nan,1901.4,2487,55,0.21592,ok
psm,psm,server_app,,chronos_small_resid,default,,0.28372,0.39356,0.72145,0.38198,8.54,nan,1593.6,40000,25,0.27318,ok
psm,psm,server_app,,chronos_small_quantile,default,,0.28964,0.35281,0.53408,0.24969,8.54,nan,1593.6,40000,25,0.27318,ok
psm,psm,server_app,,chronos_base_resid,default,,0.2786,0.38425,0.73307,0.37084,16.79,nan,1824.4,40000,25,0.27318,ok
psm,psm,server_app,,chronos_base_quantile,default,,0.29276,0.35478,0.55231,0.27497,16.79,nan,1824.4,40000,25,0.27318,ok
psm,psm,server_app,,timesfm_resid,default,,0.2925,0.40024,0.74743,0.40399,212.05,nan,1901.4,40000,25,0.27318,ok
psm,psm,server_app,,timesfm_quantile,default,,0.30134,0.38597,0.79504,0.41282,212.05,nan,1901.4,40000,25,0.27318,ok
smd,machine-1-1,server,,chronos_small_resid,default,,0.20754,0.25166,0.79974,0.3102,3.77,nan,1593.6,28479,38,0.0946,ok
smd,machine-1-1,server,,chronos_small_quantile,default,,0.16541,0.20344,0.82325,0.32438,3.77,nan,1593.6,28479,38,0.0946,ok
smd,machine-1-1,server,,chronos_base_resid,default,,0.20558,0.25475,0.77017,0.30861,8.14,nan,1824.4,28479,38,0.0946,ok
smd,machine-1-1,server,,chronos_base_quantile,default,,0.16798,0.20227,0.82925,0.33222,8.14,nan,1824.4,28479,38,0.0946,ok
smd,machine-1-1,server,,timesfm_resid,default,,0.23619,0.27536,0.78332,0.34783,111.91,nan,1901.4,28479,38,0.0946,ok
smd,machine-1-1,server,,timesfm_quantile,default,,0.18277,0.22477,0.84442,0.35499,111.91,nan,1901.4,28479,38,0.0946,ok
smd,machine-1-2,server,,chronos_small_resid,default,,0.29923,0.25237,0.82906,0.44971,2.94,nan,1593.6,23694,38,0.02287,ok
smd,machine-1-2,server,,chronos_small_quantile,default,,0.1092,0.06902,0.72086,0.14337,2.94,nan,1593.6,23694,38,0.02287,ok
smd,machine-1-2,server,,chronos_base_resid,default,,0.29159,0.24477,0.82829,0.40972,6.68,nan,1824.4,23694,38,0.02287,ok
smd,machine-1-2,server,,chronos_base_quantile,default,,0.1357,0.08156,0.72206,0.17301,6.68,nan,1824.4,23694,38,0.02287,ok
smd,machine-1-2,server,,timesfm_resid,default,,0.30158,0.24051,0.83902,0.42003,95.25,nan,1901.4,23694,38,0.02287,ok
smd,machine-1-2,server,,timesfm_quantile,default,,0.1346,0.08574,0.70442,0.17521,95.25,nan,1901.4,23694,38,0.02287,ok
smd,machine-1-3,server,,chronos_small_resid,default,,0.1012,0.12507,0.7877,0.20181,3.03,nan,1593.6,23703,38,0.03447,ok
smd,machine-1-3,server,,chronos_small_quantile,default,,0.08504,0.10875,0.73902,0.19073,3.03,nan,1593.6,23703,38,0.03447,ok
smd,machine-1-3,server,,chronos_base_resid,default,,0.10075,0.12307,0.78539,0.21523,6.71,nan,1824.4,23703,38,0.03447,ok
smd,machine-1-3,server,,chronos_base_quantile,default,,0.08875,0.11423,0.79203,0.21039,6.71,nan,1824.4,23703,38,0.03447,ok
smd,machine-1-3,server,,timesfm_resid,default,,0.11379,0.14324,0.77131,0.25158,91.89,nan,1901.4,23703,38,0.03447,ok
smd,machine-1-3,server,,timesfm_quantile,default,,0.08643,0.0958,0.75134,0.19143,91.89,nan,1901.4,23703,38,0.03447,ok
smd,machine-1-4,server,,chronos_small_resid,default,,0.11172,0.12919,0.78002,0.28608,3.22,nan,1593.6,23707,38,0.03037,ok
smd,machine-1-4,server,,chronos_small_quantile,default,,0.07885,0.09292,0.80278,0.21423,3.22,nan,1593.6,23707,38,0.03037,ok
smd,machine-1-4,server,,chronos_base_resid,default,,0.11627,0.13636,0.77858,0.31443,6.89,nan,1824.4,23707,38,0.03037,ok
smd,machine-1-4,server,,chronos_base_quantile,default,,0.09173,0.10524,0.78983,0.28785,6.89,nan,1824.4,23707,38,0.03037,ok
smd,machine-1-4,server,,timesfm_resid,default,,0.11586,0.13257,0.75666,0.28401,94.69,nan,1901.4,23707,38,0.03037,ok
smd,machine-1-4,server,,timesfm_quantile,default,,0.08541,0.09319,0.76964,0.22502,94.69,nan,1901.4,23707,38,0.03037,ok
smd,machine-1-5,server,,chronos_small_resid,default,,0.01811,0.02417,0.78573,0.04819,3.14,nan,1593.6,23706,38,0.00422,ok
smd,machine-1-5,server,,chronos_small_quantile,default,,0.00521,0.00743,0.64974,0.01527,3.14,nan,1593.6,23706,38,0.00422,ok
smd,machine-1-5,server,,chronos_base_resid,default,,0.02151,0.02723,0.77669,0.06802,6.04,nan,1824.4,23706,38,0.00422,ok
smd,machine-1-5,server,,chronos_base_quantile,default,,0.0056,0.00796,0.65331,0.01667,6.04,nan,1824.4,23706,38,0.00422,ok
smd,machine-1-5,server,,timesfm_resid,default,,0.01784,0.0248,0.76415,0.04957,96.85,nan,1901.4,23706,38,0.00422,ok
smd,machine-1-5,server,,timesfm_quantile,default,,0.01369,0.01775,0.72084,0.04283,96.85,nan,1901.4,23706,38,0.00422,ok
smd,machine-1-6,server,,chronos_small_resid,default,,0.13905,0.21155,0.53156,0.15998,3.02,nan,1593.6,23689,38,0.15653,ok
smd,machine-1-6,server,,chronos_small_quantile,default,,0.12889,0.20192,0.59203,0.0765,3.02,nan,1593.6,23689,38,0.15653,ok
smd,machine-1-6,server,,chronos_base_resid,default,,0.13247,0.21313,0.52993,0.16749,5.29,nan,1824.4,23689,38,0.15653,ok
smd,machine-1-6,server,,chronos_base_quantile,default,,0.12825,0.20311,0.59954,0.07651,5.29,nan,1824.4,23689,38,0.15653,ok
smd,machine-1-6,server,,timesfm_resid,default,,0.13832,0.20928,0.55295,0.17312,92.1,nan,1901.4,23689,38,0.15653,ok
smd,machine-1-6,server,,timesfm_quantile,default,,0.19634,0.27314,0.66417,0.31114,92.1,nan,1901.4,23689,38,0.15653,ok
smd,machine-1-7,server,,chronos_small_resid,default,,0.10983,0.15338,0.6956,0.17351,2.85,nan,1593.6,23697,38,0.10119,ok
smd,machine-1-7,server,,chronos_small_quantile,default,,0.10231,0.14185,0.69792,0.157,2.85,nan,1593.6,23697,38,0.10119,ok
smd,machine-1-7,server,,chronos_base_resid,default,,0.12053,0.16438,0.68707,0.20094,5.76,nan,1824.4,23697,38,0.10119,ok
smd,machine-1-7,server,,chronos_base_quantile,default,,0.10537,0.14619,0.68821,0.16222,5.76,nan,1824.4,23697,38,0.10119,ok
smd,machine-1-7,server,,timesfm_resid,default,,0.11488,0.15737,0.69445,0.2004,90.92,nan,1901.4,23697,38,0.10119,ok
smd,machine-1-7,server,,timesfm_quantile,default,,0.10022,0.14189,0.69021,0.14873,90.92,nan,1901.4,23697,38,0.10119,ok
smd,machine-1-8,server,,chronos_small_resid,default,,0.07154,0.09645,0.72328,0.19248,3.14,nan,1593.6,23699,38,0.0322,ok
smd,machine-1-8,server,,chronos_small_quantile,default,,0.07798,0.07497,0.73014,0.13598,3.14,nan,1593.6,23699,38,0.0322,ok
smd,machine-1-8,server,,chronos_base_resid,default,,0.05974,0.08192,0.71539,0.18701,6.66,nan,1824.4,23699,38,0.0322,ok
smd,machine-1-8,server,,chronos_base_quantile,default,,0.05956,0.0689,0.72291,0.1395,6.66,nan,1824.4,23699,38,0.0322,ok
smd,machine-1-8,server,,timesfm_resid,default,,0.09926,0.11952,0.7287,0.24086,91.11,nan,1901.4,23699,38,0.0322,ok
smd,machine-1-8,server,,timesfm_quantile,default,,0.0488,0.06405,0.71154,0.12146,91.11,nan,1901.4,23699,38,0.0322,ok
smd,machine-2-1,server,,chronos_small_resid,default,,0.05439,0.08409,0.68147,0.09728,3.41,nan,1593.6,23694,38,0.04938,ok
smd,machine-2-1,server,,chronos_small_quantile,default,,0.06162,0.08722,0.67273,0.12787,3.41,nan,1593.6,23694,38,0.04938,ok
smd,machine-2-1,server,,chronos_base_resid,default,,0.05333,0.08307,0.69854,0.09548,7.16,nan,1824.4,23694,38,0.04938,ok
smd,machine-2-1,server,,chronos_base_quantile,default,,0.06492,0.091,0.67792,0.12607,7.16,nan,1824.4,23694,38,0.04938,ok
smd,machine-2-1,server,,timesfm_resid,default,,0.05434,0.08612,0.69435,0.08781,97.47,nan,1901.4,23694,38,0.04938,ok
smd,machine-2-1,server,,timesfm_quantile,default,,0.0692,0.09552,0.67306,0.15028,97.47,nan,1901.4,23694,38,0.04938,ok
smd,machine-2-2,server,,chronos_small_resid,default,,0.08073,0.11911,0.62795,0.07116,3.18,nan,1593.6,23700,38,0.11954,ok
smd,machine-2-2,server,,chronos_small_quantile,default,,0.11924,0.17511,0.71536,0.21557,3.18,nan,1593.6,23700,38,0.11954,ok
smd,machine-2-2,server,,chronos_base_resid,default,,0.08243,0.12072,0.5892,0.07338,7.14,nan,1824.4,23700,38,0.11954,ok
smd,machine-2-2,server,,chronos_base_quantile,default,,0.11654,0.17399,0.68914,0.20159,7.14,nan,1824.4,23700,38,0.11954,ok
smd,machine-2-2,server,,timesfm_resid,default,,0.0802,0.11804,0.61278,0.05701,95.27,nan,1901.4,23700,38,0.11954,ok
smd,machine-2-2,server,,timesfm_quantile,default,,0.10785,0.16058,0.71716,0.16756,95.27,nan,1901.4,23700,38,0.11954,ok
smd,machine-2-3,server,,chronos_small_resid,default,,0.19221,0.13859,0.72541,0.27368,3.12,nan,1593.6,23689,38,0.01136,ok
smd,machine-2-3,server,,chronos_small_quantile,default,,0.13003,0.09857,0.6763,0.22281,3.12,nan,1593.6,23689,38,0.01136,ok
smd,machine-2-3,server,,chronos_base_resid,default,,0.17964,0.12777,0.74156,0.26245,6.82,nan,1824.4,23689,38,0.01136,ok
smd,machine-2-3,server,,chronos_base_quantile,default,,0.13457,0.10331,0.67471,0.22316,6.82,nan,1824.4,23689,38,0.01136,ok
smd,machine-2-3,server,,timesfm_resid,default,,0.17809,0.13495,0.70529,0.25855,93.9,nan,1901.4,23689,38,0.01136,ok
smd,machine-2-3,server,,timesfm_quantile,default,,0.09674,0.07916,0.67755,0.19239,93.9,nan,1901.4,23689,38,0.01136,ok
smd,machine-2-4,server,,chronos_small_resid,default,,0.16473,0.17163,0.65507,0.16231,3.07,nan,1593.6,23689,38,0.07151,ok
smd,machine-2-4,server,,chronos_small_quantile,default,,0.10819,0.131,0.70191,0.15049,3.07,nan,1593.6,23689,38,0.07151,ok
smd,machine-2-4,server,,chronos_base_resid,default,,0.18695,0.19492,0.66149,0.16994,6.61,nan,1824.4,23689,38,0.07151,ok
smd,machine-2-4,server,,chronos_base_quantile,default,,0.10792,0.13724,0.71807,0.15905,6.61,nan,1824.4,23689,38,0.07151,ok
smd,machine-2-4,server,,timesfm_resid,default,,0.15956,0.17872,0.67339,0.18205,92.71,nan,1901.4,23689,38,0.07151,ok
smd,machine-2-4,server,,timesfm_quantile,default,,0.12859,0.14909,0.73255,0.17486,92.71,nan,1901.4,23689,38,0.07151,ok
smd,machine-2-5,server,,chronos_small_resid,default,,0.05547,0.07133,0.6175,0.12589,3.28,nan,1593.6,23689,38,0.04137,ok
smd,machine-2-5,server,,chronos_small_quantile,default,,0.09929,0.10819,0.64266,0.21262,3.28,nan,1593.6,23689,38,0.04137,ok
smd,machine-2-5,server,,chronos_base_resid,default,,0.05141,0.06839,0.62628,0.11878,7.81,nan,1824.4,23689,38,0.04137,ok
smd,machine-2-5,server,,chronos_base_quantile,default,,0.09274,0.10493,0.65989,0.19743,7.81,nan,1824.4,23689,38,0.04137,ok
smd,machine-2-5,server,,timesfm_resid,default,,0.04706,0.06239,0.61238,0.10517,89.87,nan,1901.4,23689,38,0.04137,ok
smd,machine-2-5,server,,timesfm_quantile,default,,0.11319,0.13093,0.68714,0.24085,89.87,nan,1901.4,23689,38,0.04137,ok
smd,machine-2-6,server,,chronos_small_resid,default,,0.27275,0.20352,0.85542,0.35544,4.33,nan,1593.6,28743,38,0.01475,ok
smd,machine-2-6,server,,chronos_small_quantile,default,,0.10572,0.06722,0.68891,0.2055,4.33,nan,1593.6,28743,38,0.01475,ok
smd,machine-2-6,server,,chronos_base_resid,default,,0.28068,0.19781,0.80563,0.34479,8.22,nan,1824.4,28743,38,0.01475,ok
smd,machine-2-6,server,,chronos_base_quantile,default,,0.09982,0.06742,0.68395,0.20147,8.22,nan,1824.4,28743,38,0.01475,ok
smd,machine-2-6,server,,timesfm_resid,default,,0.26496,0.18132,0.72891,0.34421,122.92,nan,1901.4,28743,38,0.01475,ok
smd,machine-2-6,server,,timesfm_quantile,default,,0.06711,0.06798,0.68674,0.18799,122.92,nan,1901.4,28743,38,0.01475,ok
smd,machine-2-7,server,,chronos_small_resid,default,,0.20223,0.12556,0.57919,0.12084,3.06,nan,1593.6,23696,38,0.0176,ok
smd,machine-2-7,server,,chronos_small_quantile,default,,0.06577,0.07476,0.67689,0.17612,3.06,nan,1593.6,23696,38,0.0176,ok
smd,machine-2-7,server,,chronos_base_resid,default,,0.18326,0.11981,0.58075,0.11843,6.83,nan,1824.4,23696,38,0.0176,ok
smd,machine-2-7,server,,chronos_base_quantile,default,,0.06318,0.07343,0.62377,0.16195,6.83,nan,1824.4,23696,38,0.0176,ok
smd,machine-2-7,server,,timesfm_resid,default,,0.21841,0.13613,0.57103,0.17521,91.86,nan,1901.4,23696,38,0.0176,ok
smd,machine-2-7,server,,timesfm_quantile,default,,0.04157,0.05788,0.67517,0.15885,91.86,nan,1901.4,23696,38,0.0176,ok
smd,machine-2-8,server,,chronos_small_resid,default,,0.65717,0.51455,0.99912,0.74535,3.07,nan,1593.6,23703,38,0.00679,ok
smd,machine-2-8,server,,chronos_small_quantile,default,,0.25403,0.09075,0.99735,0.37308,3.07,nan,1593.6,23703,38,0.00679,ok
smd,machine-2-8,server,,chronos_base_resid,default,,0.763,0.61849,0.99949,0.80173,6.48,nan,1824.4,23703,38,0.00679,ok
smd,machine-2-8,server,,chronos_base_quantile,default,,0.29942,0.12638,0.9988,0.3987,6.48,nan,1824.4,23703,38,0.00679,ok
smd,machine-2-8,server,,timesfm_resid,default,,0.67984,0.49838,0.99878,0.76071,126.65,nan,1901.4,23703,38,0.00679,ok
smd,machine-2-8,server,,timesfm_quantile,default,,0.12229,0.08248,0.95822,0.22939,126.65,nan,1901.4,23703,38,0.00679,ok
smd,machine-2-9,server,,chronos_small_resid,default,,0.08534,0.11648,0.60457,0.16202,3.91,nan,1593.6,28722,38,0.0611,ok
smd,machine-2-9,server,,chronos_small_quantile,default,,0.06524,0.1015,0.74084,0.06262,3.91,nan,1593.6,28722,38,0.0611,ok
smd,machine-2-9,server,,chronos_base_resid,default,,0.09327,0.1359,0.68374,0.17178,9.8,nan,1824.4,28722,38,0.0611,ok
smd,machine-2-9,server,,chronos_base_quantile,default,,0.06616,0.10209,0.73635,0.11265,9.8,nan,1824.4,28722,38,0.0611,ok
smd,machine-2-9,server,,timesfm_resid,default,,0.09232,0.11963,0.69198,0.19413,108.41,nan,1901.4,28722,38,0.0611,ok
smd,machine-2-9,server,,timesfm_quantile,default,,0.07094,0.10259,0.75219,0.11689,108.41,nan,1901.4,28722,38,0.0611,ok
smd,machine-3-1,server,,chronos_small_resid,default,,0.27491,0.20814,0.81038,0.42248,3.73,nan,1593.6,28700,38,0.01073,ok
smd,machine-3-1,server,,chronos_small_quantile,default,,0.10642,0.09618,0.86576,0.33081,3.73,nan,1593.6,28700,38,0.01073,ok
smd,machine-3-1,server,,chronos_base_resid,default,,0.21651,0.20436,0.80734,0.4161,8.36,nan,1824.4,28700,38,0.01073,ok
smd,machine-3-1,server,,chronos_base_quantile,default,,0.08654,0.09571,0.82735,0.29299,8.36,nan,1824.4,28700,38,0.01073,ok
smd,machine-3-1,server,,timesfm_resid,default,,0.35578,0.25466,0.86017,0.53419,121.14,nan,1901.4,28700,38,0.01073,ok
smd,machine-3-1,server,,timesfm_quantile,default,,0.08459,0.09721,0.85015,0.28449,121.14,nan,1901.4,28700,38,0.01073,ok
smd,machine-3-10,server,,chronos_small_resid,default,,0.37078,0.40928,0.73353,0.37325,2.94,nan,1593.6,23693,38,0.04419,ok
smd,machine-3-10,server,,chronos_small_quantile,default,,0.03556,0.06394,0.67243,0.11376,2.94,nan,1593.6,23693,38,0.04419,ok
smd,machine-3-10,server,,chronos_base_resid,default,,0.35025,0.3885,0.74067,0.34417,6.68,nan,1824.4,23693,38,0.04419,ok
smd,machine-3-10,server,,chronos_base_quantile,default,,0.0411,0.06552,0.69178,0.12057,6.68,nan,1824.4,23693,38,0.04419,ok
smd,machine-3-10,server,,timesfm_resid,default,,0.31319,0.34079,0.74327,0.2923,96.53,nan,1901.4,23693,38,0.04419,ok
smd,machine-3-10,server,,timesfm_quantile,default,,0.08471,0.11296,0.67393,0.20694,96.53,nan,1901.4,23693,38,0.04419,ok
smd,machine-3-11,server,,chronos_small_resid,default,,0.32224,0.36238,0.80068,0.53008,3.78,nan,1593.6,28696,38,0.0069,ok
smd,machine-3-11,server,,chronos_small_quantile,default,,0.40419,0.29502,0.79663,0.51719,3.78,nan,1593.6,28696,38,0.0069,ok
smd,machine-3-11,server,,chronos_base_resid,default,,0.36364,0.40189,0.81983,0.55176,7.97,nan,1824.4,28696,38,0.0069,ok
smd,machine-3-11,server,,chronos_base_quantile,default,,0.46459,0.38074,0.75141,0.54476,7.97,nan,1824.4,28696,38,0.0069,ok
smd,machine-3-11,server,,timesfm_resid,default,,0.34778,0.36565,0.90288,0.52236,120.84,nan,1901.4,28696,38,0.0069,ok
smd,machine-3-11,server,,timesfm_quantile,default,,0.26127,0.23214,0.88431,0.45284,120.84,nan,1901.4,28696,38,0.0069,ok
smd,machine-3-2,server,,chronos_small_resid,default,,0.03643,0.05715,0.70384,0.04296,4.43,nan,1593.6,23703,38,0.04679,ok
smd,machine-3-2,server,,chronos_small_quantile,default,,0.03933,0.05891,0.65206,0.05061,4.43,nan,1593.6,23703,38,0.04679,ok
smd,machine-3-2,server,,chronos_base_resid,default,,0.03674,0.0577,0.71573,0.04425,8.37,nan,1824.4,23703,38,0.04679,ok
smd,machine-3-2,server,,chronos_base_quantile,default,,0.03781,0.05695,0.67342,0.04244,8.37,nan,1824.4,23703,38,0.04679,ok
smd,machine-3-2,server,,timesfm_resid,default,,0.03636,0.05614,0.73317,0.04722,100.51,nan,1901.4,23703,38,0.04679,ok
smd,machine-3-2,server,,timesfm_quantile,default,,0.05358,0.06996,0.69272,0.10349,100.51,nan,1901.4,23703,38,0.04679,ok
smd,machine-3-3,server,,chronos_small_resid,default,,0.17276,0.14244,0.70783,0.11226,3.18,nan,1593.6,23703,38,0.02666,ok
smd,machine-3-3,server,,chronos_small_quantile,default,,0.03937,0.04448,0.71371,0.07955,3.18,nan,1593.6,23703,38,0.02666,ok
smd,machine-3-3,server,,chronos_base_resid,default,,0.1719,0.13835,0.72517,0.11235,6.87,nan,1824.4,23703,38,0.02666,ok
smd,machine-3-3,server,,chronos_base_quantile,default,,0.04352,0.04717,0.71815,0.08271,6.87,nan,1824.4,23703,38,0.02666,ok
smd,machine-3-3,server,,timesfm_resid,default,,0.18236,0.15114,0.70978,0.13642,106.91,nan,1901.4,23703,38,0.02666,ok
smd,machine-3-3,server,,timesfm_quantile,default,,0.05209,0.05491,0.72798,0.09809,106.91,nan,1901.4,23703,38,0.02666,ok
smd,machine-3-4,server,,chronos_small_resid,default,,0.04453,0.06778,0.71276,0.10972,3.21,nan,1593.6,23687,38,0.04125,ok
smd,machine-3-4,server,,chronos_small_quantile,default,,0.04092,0.06567,0.73933,0.079,3.21,nan,1593.6,23687,38,0.04125,ok
smd,machine-3-4,server,,chronos_base_resid,default,,0.04395,0.06861,0.72668,0.07765,6.76,nan,1824.4,23687,38,0.04125,ok
smd,machine-3-4,server,,chronos_base_quantile,default,,0.03914,0.06455,0.74985,0.07146,6.76,nan,1824.4,23687,38,0.04125,ok
smd,machine-3-4,server,,timesfm_resid,default,,0.05252,0.07522,0.74639,0.10222,95.21,nan,1901.4,23687,38,0.04125,ok
smd,machine-3-4,server,,timesfm_quantile,default,,0.042,0.06775,0.73188,0.08893,95.21,nan,1901.4,23687,38,0.04125,ok
smd,machine-3-5,server,,chronos_small_resid,default,,0.04394,0.05153,0.73445,0.0999,3.25,nan,1593.6,23691,38,0.01798,ok
smd,machine-3-5,server,,chronos_small_quantile,default,,0.08081,0.06876,0.71858,0.11724,3.25,nan,1593.6,23691,38,0.01798,ok
smd,machine-3-5,server,,chronos_base_resid,default,,0.04259,0.0492,0.7069,0.09874,6.77,nan,1824.4,23691,38,0.01798,ok
smd,machine-3-5,server,,chronos_base_quantile,default,,0.06873,0.06038,0.71599,0.1071,6.77,nan,1824.4,23691,38,0.01798,ok
smd,machine-3-5,server,,timesfm_resid,default,,0.05789,0.06543,0.75627,0.12522,102.1,nan,1901.4,23691,38,0.01798,ok
smd,machine-3-5,server,,timesfm_quantile,default,,0.07672,0.06476,0.72031,0.12673,102.1,nan,1901.4,23691,38,0.01798,ok
smd,machine-3-6,server,,chronos_small_resid,default,,0.05091,0.08852,0.74855,0.11811,3.96,nan,1593.6,28726,38,0.04157,ok
smd,machine-3-6,server,,chronos_small_quantile,default,,0.04471,0.06746,0.68821,0.10122,3.96,nan,1593.6,28726,38,0.04157,ok
smd,machine-3-6,server,,chronos_base_resid,default,,0.0531,0.09097,0.74266,0.11243,8.49,nan,1824.4,28726,38,0.04157,ok
smd,machine-3-6,server,,chronos_base_quantile,default,,0.04837,0.07116,0.68728,0.11498,8.49,nan,1824.4,28726,38,0.04157,ok
smd,machine-3-6,server,,timesfm_resid,default,,0.05646,0.09448,0.74238,0.14794,118.03,nan,1901.4,28726,38,0.04157,ok
smd,machine-3-6,server,,timesfm_quantile,default,,0.05779,0.08522,0.74502,0.12289,118.03,nan,1901.4,28726,38,0.04157,ok
smd,machine-3-7,server,,chronos_small_resid,default,,0.13664,0.07522,0.71785,0.15096,3.9,nan,1593.6,28705,38,0.01512,ok
smd,machine-3-7,server,,chronos_small_quantile,default,,0.06734,0.0366,0.70406,0.09324,3.9,nan,1593.6,28705,38,0.01512,ok
smd,machine-3-7,server,,chronos_base_resid,default,,0.19696,0.11796,0.76317,0.20442,8.47,nan,1824.4,28705,38,0.01512,ok
smd,machine-3-7,server,,chronos_base_quantile,default,,0.09396,0.04252,0.751,0.12083,8.47,nan,1824.4,28705,38,0.01512,ok
smd,machine-3-7,server,,timesfm_resid,default,,0.10758,0.08345,0.67304,0.17093,116.03,nan,1901.4,28705,38,0.01512,ok
smd,machine-3-7,server,,timesfm_quantile,default,,0.03117,0.03303,0.67596,0.08182,116.03,nan,1901.4,28705,38,0.01512,ok
smd,machine-3-8,server,,chronos_small_resid,default,,0.15752,0.17573,0.76901,0.26995,4.63,nan,1593.6,28704,38,0.04776,ok
smd,machine-3-8,server,,chronos_small_quantile,default,,0.05139,0.07088,0.70298,0.09863,4.63,nan,1593.6,28704,38,0.04776,ok
smd,machine-3-8,server,,chronos_base_resid,default,,0.20675,0.22364,0.77496,0.34958,8.18,nan,1824.4,28704,38,0.04776,ok
smd,machine-3-8,server,,chronos_base_quantile,default,,0.04996,0.07181,0.74925,0.08448,8.18,nan,1824.4,28704,38,0.04776,ok
smd,machine-3-8,server,,timesfm_resid,default,,0.18057,0.18146,0.78243,0.32042,125.68,nan,1901.4,28704,38,0.04776,ok
smd,machine-3-8,server,,timesfm_quantile,default,,0.04726,0.06582,0.72412,0.08176,125.68,nan,1901.4,28704,38,0.04776,ok
smd,machine-3-9,server,,chronos_small_resid,default,,0.20706,0.20931,0.78063,0.42018,3.85,nan,1593.6,28713,38,0.01055,ok
smd,machine-3-9,server,,chronos_small_quantile,default,,0.08729,0.06917,0.71386,0.24912,3.85,nan,1593.6,28713,38,0.01055,ok
smd,machine-3-9,server,,chronos_base_resid,default,,0.21522,0.21812,0.70968,0.47008,8.4,nan,1824.4,28713,38,0.01055,ok
smd,machine-3-9,server,,chronos_base_quantile,default,,0.1335,0.08988,0.75394,0.28787,8.4,nan,1824.4,28713,38,0.01055,ok
smd,machine-3-9,server,,timesfm_resid,default,,0.24003,0.19566,0.70745,0.46934,115.16,nan,1901.4,28713,38,0.01055,ok
smd,machine-3-9,server,,timesfm_quantile,default,,0.08799,0.07583,0.79789,0.25236,115.16,nan,1901.4,28713,38,0.01055,ok
ucr,001_UCR_Anomaly_DISTORTED1sddb40_35000_52000_52620,DISTORTED1sddb40,,chronos_small_resid,default,,0.02096,0.02398,0.67275,0.03093,0.5,nan,1593.6,44795,1,0.01386,ok
ucr,001_UCR_Anomaly_DISTORTED1sddb40_35000_52000_52620,DISTORTED1sddb40,,chronos_small_quantile,default,,0.01437,0.01631,0.6632,0.02245,0.5,nan,1593.6,44795,1,0.01386,ok
ucr,001_UCR_Anomaly_DISTORTED1sddb40_35000_52000_52620,DISTORTED1sddb40,,chronos_base_resid,default,,0.02255,0.0252,0.67395,0.04819,1.0,nan,1824.4,44795,1,0.01386,ok
ucr,001_UCR_Anomaly_DISTORTED1sddb40_35000_52000_52620,DISTORTED1sddb40,,chronos_base_quantile,default,,0.01399,0.01615,0.66088,0.02173,1.0,nan,1824.4,44795,1,0.01386,ok
ucr,001_UCR_Anomaly_DISTORTED1sddb40_35000_52000_52620,DISTORTED1sddb40,,timesfm_resid,default,,0.02338,0.02804,0.68928,0.04942,14.46,nan,1901.4,44795,1,0.01386,ok
ucr,001_UCR_Anomaly_DISTORTED1sddb40_35000_52000_52620,DISTORTED1sddb40,,timesfm_quantile,default,,0.01639,0.01844,0.676,0.02358,14.46,nan,1901.4,44795,1,0.01386,ok
ucr,002_UCR_Anomaly_DISTORTED2sddb40_35000_56600_56900,DISTORTED2sddb40,,chronos_small_resid,default,,0.00526,0.00744,0.66699,4e-05,0.49,nan,1593.6,45001,1,0.00669,ok
ucr,002_UCR_Anomaly_DISTORTED2sddb40_35000_56600_56900,DISTORTED2sddb40,,chronos_small_quantile,default,,0.00647,0.00892,0.67582,0.0012,0.49,nan,1593.6,45001,1,0.00669,ok
ucr,002_UCR_Anomaly_DISTORTED2sddb40_35000_56600_56900,DISTORTED2sddb40,,chronos_base_resid,default,,0.00517,0.00737,0.83324,0.00063,0.95,nan,1824.4,45001,1,0.00669,ok
ucr,002_UCR_Anomaly_DISTORTED2sddb40_35000_56600_56900,DISTORTED2sddb40,,chronos_base_quantile,default,,0.00639,0.00904,0.67464,0.00239,0.95,nan,1824.4,45001,1,0.00669,ok
ucr,002_UCR_Anomaly_DISTORTED2sddb40_35000_56600_56900,DISTORTED2sddb40,,timesfm_resid,default,,0.00773,0.01138,0.67732,0.01026,15.97,nan,1901.4,45001,1,0.00669,ok
ucr,002_UCR_Anomaly_DISTORTED2sddb40_35000_56600_56900,DISTORTED2sddb40,,timesfm_quantile,default,,0.00712,0.01025,0.67021,0.00909,15.97,nan,1901.4,45001,1,0.00669,ok
ucr,003_UCR_Anomaly_DISTORTED3sddb40_35000_46600_46900,DISTORTED3sddb40,,chronos_small_resid,default,,0.00815,0.01025,0.67198,0.01223,0.67,nan,1593.6,45000,1,0.00669,ok
ucr,003_UCR_Anomaly_DISTORTED3sddb40_35000_46600_46900,DISTORTED3sddb40,,chronos_small_quantile,default,,0.00675,0.00909,0.66788,0.00435,0.67,nan,1593.6,45000,1,0.00669,ok
ucr,003_UCR_Anomaly_DISTORTED3sddb40_35000_46600_46900,DISTORTED3sddb40,,chronos_base_resid,default,,0.00923,0.01111,0.67459,0.01308,1.0,nan,1824.4,45000,1,0.00669,ok
ucr,003_UCR_Anomaly_DISTORTED3sddb40_35000_46600_46900,DISTORTED3sddb40,,chronos_base_quantile,default,,0.00673,0.00927,0.67599,0.00418,1.0,nan,1824.4,45000,1,0.00669,ok
ucr,003_UCR_Anomaly_DISTORTED3sddb40_35000_46600_46900,DISTORTED3sddb40,,timesfm_resid,default,,0.01322,0.0139,0.68803,0.03462,15.79,nan,1901.4,45000,1,0.00669,ok
ucr,003_UCR_Anomaly_DISTORTED3sddb40_35000_46600_46900,DISTORTED3sddb40,,timesfm_quantile,default,,0.00842,0.00987,0.65755,0.01281,15.79,nan,1901.4,45000,1,0.00669,ok
ucr,004_UCR_Anomaly_DISTORTEDBIDMC1_2500_5400_5600,DISTORTEDBIDMC1,,chronos_small_resid,default,,0.11665,0.08515,0.98942,0.27564,0.19,nan,1525.3,8500,1,0.02365,ok
ucr,004_UCR_Anomaly_DISTORTEDBIDMC1_2500_5400_5600,DISTORTEDBIDMC1,,chronos_small_quantile,default,,0.08019,0.064,0.95077,0.21218,0.19,nan,1525.3,8500,1,0.02365,ok
ucr,004_UCR_Anomaly_DISTORTEDBIDMC1_2500_5400_5600,DISTORTEDBIDMC1,,chronos_base_resid,default,,0.1094,0.08265,0.98942,0.27993,0.24,nan,1646.5,8500,1,0.02365,ok
ucr,004_UCR_Anomaly_DISTORTEDBIDMC1_2500_5400_5600,DISTORTEDBIDMC1,,chronos_base_quantile,default,,0.03668,0.04501,0.72673,0.08133,0.24,nan,1646.5,8500,1,0.02365,ok
ucr,004_UCR_Anomaly_DISTORTEDBIDMC1_2500_5400_5600,DISTORTEDBIDMC1,,timesfm_resid,default,,0.16363,0.19349,0.98931,0.29654,4.51,nan,1901.4,8500,1,0.02365,ok
ucr,004_UCR_Anomaly_DISTORTEDBIDMC1_2500_5400_5600,DISTORTEDBIDMC1,,timesfm_quantile,default,,0.08739,0.07721,0.99433,0.25,4.51,nan,1901.4,8500,1,0.02365,ok
ucr,005_UCR_Anomaly_DISTORTEDCIMIS44AirTemperature1_4000_5391_5392,DISTORTEDCIMIS44AirTemperature1,,chronos_small_resid,default,,0.0004,0.0044,0.72356,0.0,0.14,nan,1485.1,4184,1,0.00048,ok
ucr,005_UCR_Anomaly_DISTORTEDCIMIS44AirTemperature1_4000_5391_5392,DISTORTEDCIMIS44AirTemperature1,,chronos_small_quantile,default,,0.00048,0.00161,0.6972,0.0,0.14,nan,1485.1,4184,1,0.00048,ok
ucr,005_UCR_Anomaly_DISTORTEDCIMIS44AirTemperature1_4000_5391_5392,DISTORTEDCIMIS44AirTemperature1,,chronos_base_resid,default,,0.00045,0.00264,0.71635,0.0,0.33,nan,1546.7,4184,1,0.00048,ok
ucr,005_UCR_Anomaly_DISTORTEDCIMIS44AirTemperature1_4000_5391_5392,DISTORTEDCIMIS44AirTemperature1,,chronos_base_quantile,default,,0.00048,0.00161,0.68247,0.0,0.33,nan,1546.7,4184,1,0.00048,ok
ucr,005_UCR_Anomaly_DISTORTEDCIMIS44AirTemperature1_4000_5391_5392,DISTORTEDCIMIS44AirTemperature1,,timesfm_resid,default,,0.00084,0.00512,0.74067,0.0,2.85,nan,1901.4,4184,1,0.00048,ok
ucr,005_UCR_Anomaly_DISTORTEDCIMIS44AirTemperature1_4000_5391_5392,DISTORTEDCIMIS44AirTemperature1,,timesfm_quantile,default,,0.00048,0.00274,0.80849,0.0,2.85,nan,1901.4,4184,1,0.00048,ok
ucr,006_UCR_Anomaly_DISTORTEDCIMIS44AirTemperature2_4000_5703_5727,DISTORTEDCIMIS44AirTemperature2,,chronos_small_resid,default,,0.12652,0.09228,0.80997,0.22863,0.09,nan,1485.1,4184,1,0.00598,ok
ucr,006_UCR_Anomaly_DISTORTEDCIMIS44AirTemperature2_4000_5703_5727,DISTORTEDCIMIS44AirTemperature2,,chronos_small_quantile,default,,0.43834,0.16941,0.99883,0.41664,0.09,nan,1485.1,4184,1,0.00598,ok
ucr,006_UCR_Anomaly_DISTORTEDCIMIS44AirTemperature2_4000_5703_5727,DISTORTEDCIMIS44AirTemperature2,,chronos_base_resid,default,,0.1303,0.08808,0.786,0.2447,0.23,nan,1546.7,4184,1,0.00598,ok
ucr,006_UCR_Anomaly_DISTORTEDCIMIS44AirTemperature2_4000_5703_5727,DISTORTEDCIMIS44AirTemperature2,,chronos_base_quantile,default,,0.40012,0.1859,0.99883,0.42956,0.23,nan,1546.7,4184,1,0.00598,ok
ucr,006_UCR_Anomaly_DISTORTEDCIMIS44AirTemperature2_4000_5703_5727,DISTORTEDCIMIS44AirTemperature2,,timesfm_resid,default,,0.22556,0.16195,0.92259,0.37929,2.77,nan,1901.4,4184,1,0.00598,ok
ucr,006_UCR_Anomaly_DISTORTEDCIMIS44AirTemperature2_4000_5703_5727,DISTORTEDCIMIS44AirTemperature2,,timesfm_quantile,default,,0.46625,0.19125,0.99894,0.47214,2.77,nan,1901.4,4184,1,0.00598,ok
ucr,007_UCR_Anomaly_DISTORTEDCIMIS44AirTemperature3_4000_6520_6544,DISTORTEDCIMIS44AirTemperature3,,chronos_small_resid,default,,0.1604,0.09096,0.70163,0.26768,0.13,nan,1485.1,4184,1,0.00598,ok
ucr,007_UCR_Anomaly_DISTORTEDCIMIS44AirTemperature3_4000_6520_6544,DISTORTEDCIMIS44AirTemperature3,,chronos_small_quantile,default,,0.36798,0.15639,0.99884,0.41053,0.13,nan,1485.1,4184,1,0.00598,ok
ucr,007_UCR_Anomaly_DISTORTEDCIMIS44AirTemperature3_4000_6520_6544,DISTORTEDCIMIS44AirTemperature3,,chronos_base_resid,default,,0.12673,0.07573,0.69364,0.23218,0.34,nan,1546.7,4184,1,0.00598,ok
ucr,007_UCR_Anomaly_DISTORTEDCIMIS44AirTemperature3_4000_6520_6544,DISTORTEDCIMIS44AirTemperature3,,chronos_base_quantile,default,,0.37258,0.15549,0.99883,0.41257,0.34,nan,1546.7,4184,1,0.00598,ok
ucr,007_UCR_Anomaly_DISTORTEDCIMIS44AirTemperature3_4000_6520_6544,DISTORTEDCIMIS44AirTemperature3,,timesfm_resid,default,,0.1607,0.07286,0.88306,0.27404,2.62,nan,1901.4,4184,1,0.00598,ok
ucr,007_UCR_Anomaly_DISTORTEDCIMIS44AirTemperature3_4000_6520_6544,DISTORTEDCIMIS44AirTemperature3,,timesfm_quantile,default,,0.29282,0.12014,0.99884,0.38621,2.62,nan,1901.4,4184,1,0.00598,ok
ucr,008_UCR_Anomaly_DISTORTEDCIMIS44AirTemperature4_4000_5549_5597,DISTORTEDCIMIS44AirTemperature4,,chronos_small_resid,default,,0.06777,0.05115,0.79167,0.19855,0.14,nan,1485.1,4184,1,0.01171,ok
ucr,008_UCR_Anomaly_DISTORTEDCIMIS44AirTemperature4_4000_5549_5597,DISTORTEDCIMIS44AirTemperature4,,chronos_small_quantile,default,,0.0668,0.05859,0.8115,0.18721,0.14,nan,1485.1,4184,1,0.01171,ok
ucr,008_UCR_Anomaly_DISTORTEDCIMIS44AirTemperature4_4000_5549_5597,DISTORTEDCIMIS44AirTemperature4,,chronos_base_resid,default,,0.04366,0.03744,0.7132,0.09128,0.25,nan,1546.7,4184,1,0.01171,ok
ucr,008_UCR_Anomaly_DISTORTEDCIMIS44AirTemperature4_4000_5549_5597,DISTORTEDCIMIS44AirTemperature4,,chronos_base_quantile,default,,0.04056,0.0339,0.77885,0.16968,0.25,nan,1546.7,4184,1,0.01171,ok
ucr,008_UCR_Anomaly_DISTORTEDCIMIS44AirTemperature4_4000_5549_5597,DISTORTEDCIMIS44AirTemperature4,,timesfm_resid,default,,0.25658,0.13563,0.99871,0.42598,2.63,nan,1901.4,4184,1,0.01171,ok
ucr,008_UCR_Anomaly_DISTORTEDCIMIS44AirTemperature4_4000_5549_5597,DISTORTEDCIMIS44AirTemperature4,,timesfm_quantile,default,,0.23743,0.2062,0.83239,0.44052,2.63,nan,1901.4,4184,1,0.01171,ok
ucr,009_UCR_Anomaly_DISTORTEDCIMIS44AirTemperature5_4000_4852_4900,DISTORTEDCIMIS44AirTemperature5,,chronos_small_resid,default,,0.08544,0.07932,0.88002,0.18304,0.13,nan,1485.1,4184,1,0.01171,ok
ucr,009_UCR_Anomaly_DISTORTEDCIMIS44AirTemperature5_4000_4852_4900,DISTORTEDCIMIS44AirTemperature5,,chronos_small_quantile,default,,0.07116,0.07457,0.9366,0.15007,0.13,nan,1485.1,4184,1,0.01171,ok
ucr,009_UCR_Anomaly_DISTORTEDCIMIS44AirTemperature5_4000_4852_4900,DISTORTEDCIMIS44AirTemperature5,,chronos_base_resid,default,,0.04828,0.06344,0.89139,0.10808,0.23,nan,1546.7,4184,1,0.01171,ok
ucr,009_UCR_Anomaly_DISTORTEDCIMIS44AirTemperature5_4000_4852_4900,DISTORTEDCIMIS44AirTemperature5,,chronos_base_quantile,default,,0.03907,0.05337,0.78571,0.09225,0.23,nan,1546.7,4184,1,0.01171,ok
ucr,009_UCR_Anomaly_DISTORTEDCIMIS44AirTemperature5_4000_4852_4900,DISTORTEDCIMIS44AirTemperature5,,timesfm_resid,default,,0.08742,0.07389,0.82876,0.21034,2.68,nan,1901.4,4184,1,0.01171,ok
ucr,009_UCR_Anomaly_DISTORTEDCIMIS44AirTemperature5_4000_4852_4900,DISTORTEDCIMIS44AirTemperature5,,timesfm_quantile,default,,0.03804,0.03822,0.75253,0.09597,2.68,nan,1901.4,4184,1,0.01171,ok
ucr,010_UCR_Anomaly_DISTORTEDCIMIS44AirTemperature6_4000_6006_6054,DISTORTEDCIMIS44AirTemperature6,,chronos_small_resid,default,,0.07272,0.11177,0.82917,0.16398,0.15,nan,1485.1,4184,1,0.01171,ok
ucr,010_UCR_Anomaly_DISTORTEDCIMIS44AirTemperature6_4000_6006_6054,DISTORTEDCIMIS44AirTemperature6,,chronos_small_quantile,default,,0.13561,0.13667,0.99543,0.3185,0.15,nan,1485.1,4184,1,0.01171,ok
ucr,010_UCR_Anomaly_DISTORTEDCIMIS44AirTemperature6_4000_6006_6054,DISTORTEDCIMIS44AirTemperature6,,chronos_base_resid,default,,0.04325,0.09115,0.84706,0.09101,0.23,nan,1546.7,4184,1,0.01171,ok
ucr,010_UCR_Anomaly_DISTORTEDCIMIS44AirTemperature6_4000_6006_6054,DISTORTEDCIMIS44AirTemperature6,,chronos_base_quantile,default,,0.06571,0.10675,0.84199,0.17505,0.23,nan,1546.7,4184,1,0.01171,ok
ucr,010_UCR_Anomaly_DISTORTEDCIMIS44AirTemperature6_4000_6006_6054,DISTORTEDCIMIS44AirTemperature6,,timesfm_resid,default,,0.05073,0.08047,0.78511,0.11632,2.62,nan,1901.4,4184,1,0.01171,ok
ucr,010_UCR_Anomaly_DISTORTEDCIMIS44AirTemperature6_4000_6006_6054,DISTORTEDCIMIS44AirTemperature6,,timesfm_quantile,default,,0.05915,0.05969,0.80391,0.12941,2.62,nan,1901.4,4184,1,0.01171,ok
ucr,011_UCR_Anomaly_DISTORTEDECG1_10000_11800_12100,DISTORTEDECG1,,chronos_small_resid,default,,0.06583,0.03992,0.99901,0.28226,0.3,nan,1593.6,20000,1,0.01505,ok
ucr,011_UCR_Anomaly_DISTORTEDECG1_10000_11800_12100,DISTORTEDECG1,,chronos_small_quantile,default,,0.01773,0.02205,0.81452,0.02708,0.3,nan,1593.6,20000,1,0.01505,ok
ucr,011_UCR_Anomaly_DISTORTEDECG1_10000_11800_12100,DISTORTEDECG1,,chronos_base_resid,default,,0.05802,0.04438,0.8735,0.22443,0.79,nan,1824.4,20000,1,0.01505,ok
ucr,011_UCR_Anomaly_DISTORTEDECG1_10000_11800_12100,DISTORTEDECG1,,chronos_base_quantile,default,,0.03263,0.02769,0.8129,0.16003,0.79,nan,1824.4,20000,1,0.01505,ok
ucr,011_UCR_Anomaly_DISTORTEDECG1_10000_11800_12100,DISTORTEDECG1,,timesfm_resid,default,,0.15195,0.09258,0.99639,0.30254,6.83,nan,1901.4,20000,1,0.01505,ok
ucr,011_UCR_Anomaly_DISTORTEDECG1_10000_11800_12100,DISTORTEDECG1,,timesfm_quantile,default,,0.02477,0.02673,0.68149,0.06259,6.83,nan,1901.4,20000,1,0.01505,ok
ucr,012_UCR_Anomaly_DISTORTEDECG2_15000_16000_16100,DISTORTEDECG2,,chronos_small_resid,default,,0.03734,0.01896,0.85879,0.14058,0.19,nan,1579.8,15000,1,0.00673,ok
ucr,012_UCR_Anomaly_DISTORTEDECG2_15000_16000_16100,DISTORTEDECG2,,chronos_small_quantile,default,,0.0062,0.00932,0.85784,0.00228,0.19,nan,1579.8,15000,1,0.00673,ok
ucr,012_UCR_Anomaly_DISTORTEDECG2_15000_16000_16100,DISTORTEDECG2,,chronos_base_resid,default,,0.03664,0.01878,0.83126,0.14054,0.47,nan,1803.1,15000,1,0.00673,ok
ucr,012_UCR_Anomaly_DISTORTEDECG2_15000_16000_16100,DISTORTEDECG2,,chronos_base_quantile,default,,0.00808,0.01078,0.76849,0.01724,0.47,nan,1803.1,15000,1,0.00673,ok
ucr,012_UCR_Anomaly_DISTORTEDECG2_15000_16000_16100,DISTORTEDECG2,,timesfm_resid,default,,0.00902,0.01397,0.6949,0.01548,5.63,nan,1901.4,15000,1,0.00673,ok
ucr,012_UCR_Anomaly_DISTORTEDECG2_15000_16000_16100,DISTORTEDECG2,,timesfm_quantile,default,,0.00644,0.00956,0.88525,0.00624,5.63,nan,1901.4,15000,1,0.00673,ok
ucr,013_UCR_Anomaly_DISTORTEDECG3_15000_16000_16100,DISTORTEDECG3,,chronos_small_resid,default,,0.02099,0.02188,0.67215,0.06647,0.19,nan,1579.8,15000,1,0.00673,ok
ucr,013_UCR_Anomaly_DISTORTEDECG3_15000_16000_16100,DISTORTEDECG3,,chronos_small_quantile,default,,0.01826,0.01814,0.83555,0.04918,0.19,nan,1579.8,15000,1,0.00673,ok
ucr,013_UCR_Anomaly_DISTORTEDECG3_15000_16000_16100,DISTORTEDECG3,,chronos_base_resid,default,,0.02409,0.02193,0.67635,0.06886,0.39,nan,1803.1,15000,1,0.00673,ok
ucr,013_UCR_Anomaly_DISTORTEDECG3_15000_16000_16100,DISTORTEDECG3,,chronos_base_quantile,default,,0.03383,0.02936,0.94899,0.08333,0.39,nan,1803.1,15000,1,0.00673,ok
ucr,013_UCR_Anomaly_DISTORTEDECG3_15000_16000_16100,DISTORTEDECG3,,timesfm_resid,default,,0.02887,0.02606,0.89349,0.08117,5.32,nan,1901.4,15000,1,0.00673,ok
ucr,013_UCR_Anomaly_DISTORTEDECG3_15000_16000_16100,DISTORTEDECG3,,timesfm_quantile,default,,0.03127,0.02954,0.90786,0.08858,5.32,nan,1901.4,15000,1,0.00673,ok
ucr,014_UCR_Anomaly_DISTORTEDECG3_8000_17000_17100,DISTORTEDECG3,,chronos_small_resid,default,,0.01558,0.01653,0.69243,0.04909,0.31,nan,1593.6,22000,1,0.00459,ok
ucr,014_UCR_Anomaly_DISTORTEDECG3_8000_17000_17100,DISTORTEDECG3,,chronos_small_quantile,default,,0.01177,0.01318,0.66168,0.02669,0.31,nan,1593.6,22000,1,0.00459,ok
ucr,014_UCR_Anomaly_DISTORTEDECG3_8000_17000_17100,DISTORTEDECG3,,chronos_base_resid,default,,0.01663,0.01767,0.68023,0.05512,0.57,nan,1824.4,22000,1,0.00459,ok
ucr,014_UCR_Anomaly_DISTORTEDECG3_8000_17000_17100,DISTORTEDECG3,,chronos_base_quantile,default,,0.01042,0.01324,0.69393,0.0235,0.57,nan,1824.4,22000,1,0.00459,ok
ucr,014_UCR_Anomaly_DISTORTEDECG3_8000_17000_17100,DISTORTEDECG3,,timesfm_resid,default,,0.01894,0.01842,0.89509,0.05162,9.31,nan,1901.4,22000,1,0.00459,ok
ucr,014_UCR_Anomaly_DISTORTEDECG3_8000_17000_17100,DISTORTEDECG3,,timesfm_quantile,default,,0.0092,0.01234,0.80365,0.02321,9.31,nan,1901.4,22000,1,0.00459,ok
ucr,015_UCR_Anomaly_DISTORTEDECG4_5000_16800_17100,DISTORTEDECG4,,chronos_small_resid,default,,0.00289,0.00669,0.80528,0.00855,2.01,nan,1593.6,195000,1,0.00154,ok
ucr,015_UCR_Anomaly_DISTORTEDECG4_5000_16800_17100,DISTORTEDECG4,,chronos_small_quantile,default,,0.00486,0.00684,0.79729,0.00596,2.01,nan,1593.6,195000,1,0.00154,ok
ucr,015_UCR_Anomaly_DISTORTEDECG4_5000_16800_17100,DISTORTEDECG4,,chronos_base_resid,default,,0.00314,0.00791,0.90247,0.00827,4.41,nan,1824.4,195000,1,0.00154,ok
ucr,015_UCR_Anomaly_DISTORTEDECG4_5000_16800_17100,DISTORTEDECG4,,chronos_base_quantile,default,,0.00484,0.00736,0.74186,0.00615,4.41,nan,1824.4,195000,1,0.00154,ok
ucr,015_UCR_Anomaly_DISTORTEDECG4_5000_16800_17100,DISTORTEDECG4,,timesfm_resid,default,,0.00389,0.0083,0.92158,0.00985,66.69,nan,1901.4,195000,1,0.00154,ok
ucr,015_UCR_Anomaly_DISTORTEDECG4_5000_16800_17100,DISTORTEDECG4,,timesfm_quantile,default,,0.00354,0.00604,0.89337,0.00672,66.69,nan,1901.4,195000,1,0.00154,ok
ucr,016_UCR_Anomaly_DISTORTEDECG4_5000_16900_17100,DISTORTEDECG4,,chronos_small_resid,default,,0.02578,0.02341,0.68675,0.097,0.33,nan,1593.6,25000,1,0.00804,ok
ucr,016_UCR_Anomaly_DISTORTEDECG4_5000_16900_17100,DISTORTEDECG4,,chronos_small_quantile,default,,0.01451,0.01655,0.69122,0.04563,0.33,nan,1593.6,25000,1,0.00804,ok
ucr,016_UCR_Anomaly_DISTORTEDECG4_5000_16900_17100,DISTORTEDECG4,,chronos_base_resid,default,,0.02295,0.02402,0.68668,0.06673,0.68,nan,1824.4,25000,1,0.00804,ok
ucr,016_UCR_Anomaly_DISTORTEDECG4_5000_16900_17100,DISTORTEDECG4,,chronos_base_quantile,default,,0.01039,0.0137,0.71426,0.02676,0.68,nan,1824.4,25000,1,0.00804,ok
ucr,016_UCR_Anomaly_DISTORTEDECG4_5000_16900_17100,DISTORTEDECG4,,timesfm_resid,default,,0.04347,0.03046,0.86673,0.15273,9.34,nan,1901.4,25000,1,0.00804,ok
ucr,016_UCR_Anomaly_DISTORTEDECG4_5000_16900_17100,DISTORTEDECG4,,timesfm_quantile,default,,0.04222,0.0231,0.96076,0.18357,9.34,nan,1901.4,25000,1,0.00804,ok
ucr,017_UCR_Anomaly_DISTORTEDECG4_5000_17000_17100,DISTORTEDECG4,,chronos_small_resid,default,,0.03662,0.02262,0.70363,0.11383,0.3,nan,1593.6,25000,1,0.00404,ok
ucr,017_UCR_Anomaly_DISTORTEDECG4_5000_17000_17100,DISTORTEDECG4,,chronos_small_quantile,default,,0.01789,0.01413,0.68189,0.04051,0.3,nan,1593.6,25000,1,0.00404,ok
ucr,017_UCR_Anomaly_DISTORTEDECG4_5000_17000_17100,DISTORTEDECG4,,chronos_base_resid,default,,0.06054,0.02911,0.69414,0.16311,0.6,nan,1824.4,25000,1,0.00404,ok
ucr,017_UCR_Anomaly_DISTORTEDECG4_5000_17000_17100,DISTORTEDECG4,,chronos_base_quantile,default,,0.01513,0.01322,0.69585,0.03909,0.6,nan,1824.4,25000,1,0.00404,ok
ucr,017_UCR_Anomaly_DISTORTEDECG4_5000_17000_17100,DISTORTEDECG4,,timesfm_resid,default,,0.06518,0.03238,0.87153,0.16822,9.82,nan,1901.4,25000,1,0.00404,ok
ucr,017_UCR_Anomaly_DISTORTEDECG4_5000_17000_17100,DISTORTEDECG4,,timesfm_quantile,default,,0.02146,0.01293,0.81149,0.1128,9.82,nan,1901.4,25000,1,0.00404,ok
ucr,018_UCR_Anomaly_DISTORTEDECG4_8000_17000_17100,DISTORTEDECG4,,chronos_small_resid,default,,0.01192,0.01252,0.68429,0.02933,0.33,nan,1593.6,22000,1,0.00459,ok
ucr,018_UCR_Anomaly_DISTORTEDECG4_8000_17000_17100,DISTORTEDECG4,,chronos_small_quantile,default,,0.01609,0.0157,0.65906,0.03992,0.33,nan,1593.6,22000,1,0.00459,ok
ucr,018_UCR_Anomaly_DISTORTEDECG4_8000_17000_17100,DISTORTEDECG4,,chronos_base_resid,default,,0.01101,0.01155,0.67446,0.02377,0.82,nan,1824.4,22000,1,0.00459,ok
ucr,018_UCR_Anomaly_DISTORTEDECG4_8000_17000_17100,DISTORTEDECG4,,chronos_base_quantile,default,,0.01085,0.01115,0.66064,0.02447,0.82,nan,1824.4,22000,1,0.00459,ok
ucr,018_UCR_Anomaly_DISTORTEDECG4_8000_17000_17100,DISTORTEDECG4,,timesfm_resid,default,,0.00971,0.01005,0.79777,0.01814,8.97,nan,1901.4,22000,1,0.00459,ok
ucr,018_UCR_Anomaly_DISTORTEDECG4_8000_17000_17100,DISTORTEDECG4,,timesfm_quantile,default,,0.02166,0.01776,0.70782,0.05525,8.97,nan,1901.4,22000,1,0.00459,ok
ucr,019_UCR_Anomaly_DISTORTEDGP711MarkerLFM5z1_5000_6168_6212,DISTORTEDGP711MarkerLFM5z1,,chronos_small_resid,default,,0.00711,0.00918,0.76857,0.00096,0.18,nan,1509.7,7000,1,0.00643,ok
ucr,019_UCR_Anomaly_DISTORTEDGP711MarkerLFM5z1_5000_6168_6212,DISTORTEDGP711MarkerLFM5z1,,chronos_small_quantile,default,,0.00643,0.00941,0.79613,0.0,0.18,nan,1509.7,7000,1,0.00643,ok
ucr,019_UCR_Anomaly_DISTORTEDGP711MarkerLFM5z1_5000_6168_6212,DISTORTEDGP711MarkerLFM5z1,,chronos_base_resid,default,,0.00669,0.00863,0.6979,0.00146,0.24,nan,1612.4,7000,1,0.00643,ok
ucr,019_UCR_Anomaly_DISTORTEDGP711MarkerLFM5z1_5000_6168_6212,DISTORTEDGP711MarkerLFM5z1,,chronos_base_quantile,default,,0.00643,0.00944,0.67661,0.0,0.24,nan,1612.4,7000,1,0.00643,ok
ucr,019_UCR_Anomaly_DISTORTEDGP711MarkerLFM5z1_5000_6168_6212,DISTORTEDGP711MarkerLFM5z1,,timesfm_resid,default,,0.05251,0.04217,0.939,0.12776,2.89,nan,1901.4,7000,1,0.00643,ok
ucr,019_UCR_Anomaly_DISTORTEDGP711MarkerLFM5z1_5000_6168_6212,DISTORTEDGP711MarkerLFM5z1,,timesfm_quantile,default,,0.07003,0.0582,0.939,0.16201,2.89,nan,1901.4,7000,1,0.00643,ok
ucr,020_UCR_Anomaly_DISTORTEDGP711MarkerLFM5z2_5000_7175_7388,DISTORTEDGP711MarkerLFM5z2,,chronos_small_resid,default,,0.03475,0.04763,0.68623,0.03934,0.15,nan,1509.7,7000,1,0.03057,ok
ucr,020_UCR_Anomaly_DISTORTEDGP711MarkerLFM5z2_5000_7175_7388,DISTORTEDGP711MarkerLFM5z2,,chronos_small_quantile,default,,0.03103,0.04685,0.89452,0.04494,0.15,nan,1509.7,7000,1,0.03057,ok
ucr,020_UCR_Anomaly_DISTORTEDGP711MarkerLFM5z2_5000_7175_7388,DISTORTEDGP711MarkerLFM5z2,,chronos_base_resid,default,,0.03491,0.0482,0.68634,0.04339,0.35,nan,1612.4,7000,1,0.03057,ok
ucr,020_UCR_Anomaly_DISTORTEDGP711MarkerLFM5z2_5000_7175_7388,DISTORTEDGP711MarkerLFM5z2,,chronos_base_quantile,default,,0.0318,0.04443,0.89564,0.04766,0.35,nan,1612.4,7000,1,0.03057,ok
ucr,020_UCR_Anomaly_DISTORTEDGP711MarkerLFM5z2_5000_7175_7388,DISTORTEDGP711MarkerLFM5z2,,timesfm_resid,default,,0.2611,0.24564,0.97594,0.44144,2.75,nan,1901.4,7000,1,0.03057,ok
ucr,020_UCR_Anomaly_DISTORTEDGP711MarkerLFM5z2_5000_7175_7388,DISTORTEDGP711MarkerLFM5z2,,timesfm_quantile,default,,0.12756,0.1126,0.81717,0.242,2.75,nan,1901.4,7000,1,0.03057,ok
ucr,021_UCR_Anomaly_DISTORTEDGP711MarkerLFM5z3_5000_5948_5993,DISTORTEDGP711MarkerLFM5z3,,chronos_small_resid,default,,0.00609,0.01379,0.67235,0.00643,0.14,nan,1509.7,7000,1,0.00657,ok
ucr,021_UCR_Anomaly_DISTORTEDGP711MarkerLFM5z3_5000_5948_5993,DISTORTEDGP711MarkerLFM5z3,,chronos_small_quantile,default,,0.00621,0.00935,0.64866,0.00176,0.14,nan,1509.7,7000,1,0.00657,ok
ucr,021_UCR_Anomaly_DISTORTEDGP711MarkerLFM5z3_5000_5948_5993,DISTORTEDGP711MarkerLFM5z3,,chronos_base_resid,default,,0.00526,0.01149,0.67548,0.00477,0.24,nan,1612.4,7000,1,0.00657,ok
ucr,021_UCR_Anomaly_DISTORTEDGP711MarkerLFM5z3_5000_5948_5993,DISTORTEDGP711MarkerLFM5z3,,chronos_base_quantile,default,,0.00626,0.00943,0.66116,0.00128,0.24,nan,1612.4,7000,1,0.00657,ok
ucr,021_UCR_Anomaly_DISTORTEDGP711MarkerLFM5z3_5000_5948_5993,DISTORTEDGP711MarkerLFM5z3,,timesfm_resid,default,,0.46451,0.22644,0.9981,0.52698,2.64,nan,1901.4,7000,1,0.00657,ok
ucr,021_UCR_Anomaly_DISTORTEDGP711MarkerLFM5z3_5000_5948_5993,DISTORTEDGP711MarkerLFM5z3,,timesfm_quantile,default,,0.24619,0.09891,0.99812,0.39568,2.64,nan,1901.4,7000,1,0.00657,ok
ucr,022_UCR_Anomaly_DISTORTEDGP711MarkerLFM5z4_4000_6527_6645,DISTORTEDGP711MarkerLFM5z4,,chronos_small_resid,default,,0.03371,0.03796,0.81458,0.06442,0.15,nan,1518.2,8000,1,0.01487,ok
ucr,022_UCR_Anomaly_DISTORTEDGP711MarkerLFM5z4_4000_6527_6645,DISTORTEDGP711MarkerLFM5z4,,chronos_small_quantile,default,,0.02042,0.02476,0.66799,0.03953,0.15,nan,1518.2,8000,1,0.01487,ok
ucr,022_UCR_Anomaly_DISTORTEDGP711MarkerLFM5z4_4000_6527_6645,DISTORTEDGP711MarkerLFM5z4,,chronos_base_resid,default,,0.03755,0.04095,0.68727,0.07291,0.26,nan,1631.4,8000,1,0.01487,ok
ucr,022_UCR_Anomaly_DISTORTEDGP711MarkerLFM5z4_4000_6527_6645,DISTORTEDGP711MarkerLFM5z4,,chronos_base_quantile,default,,0.0225,0.02626,0.68862,0.04042,0.26,nan,1631.4,8000,1,0.01487,ok
ucr,022_UCR_Anomaly_DISTORTEDGP711MarkerLFM5z4_4000_6527_6645,DISTORTEDGP711MarkerLFM5z4,,timesfm_resid,default,,0.13156,0.10721,0.97315,0.29321,2.8,nan,1901.4,8000,1,0.01487,ok
ucr,022_UCR_Anomaly_DISTORTEDGP711MarkerLFM5z4_4000_6527_6645,DISTORTEDGP711MarkerLFM5z4,,timesfm_quantile,default,,0.03304,0.03373,0.7309,0.08064,2.8,nan,1901.4,8000,1,0.01487,ok
ucr,023_UCR_Anomaly_DISTORTEDGP711MarkerLFM5z5_5000_8612_8716,DISTORTEDGP711MarkerLFM5z5,,chronos_small_resid,default,,0.02057,0.0346,0.68173,0.02538,0.15,nan,1509.7,7000,1,0.015,ok
ucr,023_UCR_Anomaly_DISTORTEDGP711MarkerLFM5z5_5000_8612_8716,DISTORTEDGP711MarkerLFM5z5,,chronos_small_quantile,default,,0.01409,0.04248,0.97525,0.0061,0.15,nan,1509.7,7000,1,0.015,ok
ucr,023_UCR_Anomaly_DISTORTEDGP711MarkerLFM5z5_5000_8612_8716,DISTORTEDGP711MarkerLFM5z5,,chronos_base_resid,default,,0.0215,0.03362,0.68942,0.04097,0.24,nan,1612.4,7000,1,0.015,ok
ucr,023_UCR_Anomaly_DISTORTEDGP711MarkerLFM5z5_5000_8612_8716,DISTORTEDGP711MarkerLFM5z5,,chronos_base_quantile,default,,0.01513,0.02458,0.67923,0.0125,0.24,nan,1612.4,7000,1,0.015,ok
ucr,023_UCR_Anomaly_DISTORTEDGP711MarkerLFM5z5_5000_8612_8716,DISTORTEDGP711MarkerLFM5z5,,timesfm_resid,default,,0.17758,0.10959,0.99605,0.31896,2.6,nan,1901.4,7000,1,0.015,ok
ucr,023_UCR_Anomaly_DISTORTEDGP711MarkerLFM5z5_5000_8612_8716,DISTORTEDGP711MarkerLFM5z5,,timesfm_quantile,default,,0.25043,0.1359,0.99604,0.44048,2.6,nan,1901.4,7000,1,0.015,ok
ucr,024_UCR_Anomaly_DISTORTEDInternalBleeding10_3200_4526_4556,DISTORTEDInternalBleeding10,,chronos_small_resid,default,,0.00833,0.0141,0.67366,0.01079,0.14,nan,1487.0,4301,1,0.00721,ok
ucr,024_UCR_Anomaly_DISTORTEDInternalBleeding10_3200_4526_4556,DISTORTEDInternalBleeding10,,chronos_small_quantile,default,,0.00832,0.01412,0.64947,0.0107,0.14,nan,1487.0,4301,1,0.00721,ok
ucr,024_UCR_Anomaly_DISTORTEDInternalBleeding10_3200_4526_4556,DISTORTEDInternalBleeding10,,chronos_base_resid,default,,0.00751,0.01191,0.67183,0.01136,0.22,nan,1551.1,4301,1,0.00721,ok
ucr,024_UCR_Anomaly_DISTORTEDInternalBleeding10_3200_4526_4556,DISTORTEDInternalBleeding10,,chronos_base_quantile,default,,0.00667,0.01045,0.67567,0.00121,0.22,nan,1551.1,4301,1,0.00721,ok
ucr,024_UCR_Anomaly_DISTORTEDInternalBleeding10_3200_4526_4556,DISTORTEDInternalBleeding10,,timesfm_resid,default,,0.00831,0.01936,0.81469,0.01372,2.68,nan,1901.4,4301,1,0.00721,ok
ucr,024_UCR_Anomaly_DISTORTEDInternalBleeding10_3200_4526_4556,DISTORTEDInternalBleeding10,,timesfm_quantile,default,,0.00721,0.01072,0.63146,0.0,2.68,nan,1901.4,4301,1,0.00721,ok
ucr,025_UCR_Anomaly_DISTORTEDInternalBleeding14_2800_5607_5634,DISTORTEDInternalBleeding14,,chronos_small_resid,default,,0.0037,0.00726,0.84397,0.0,0.14,nan,1489.8,4701,1,0.00596,ok
ucr,025_UCR_Anomaly_DISTORTEDInternalBleeding14_2800_5607_5634,DISTORTEDInternalBleeding14,,chronos_small_quantile,default,,0.00596,0.00798,0.68183,0.0,0.14,nan,1489.8,4701,1,0.00596,ok
ucr,025_UCR_Anomaly_DISTORTEDInternalBleeding14_2800_5607_5634,DISTORTEDInternalBleeding14,,chronos_base_resid,default,,0.00388,0.00728,0.71171,0.00107,0.22,nan,1556.6,4701,1,0.00596,ok
ucr,025_UCR_Anomaly_DISTORTEDInternalBleeding14_2800_5607_5634,DISTORTEDInternalBleeding14,,chronos_base_quantile,default,,0.00596,0.00823,0.6916,0.0,0.22,nan,1556.6,4701,1,0.00596,ok
ucr,025_UCR_Anomaly_DISTORTEDInternalBleeding14_2800_5607_5634,DISTORTEDInternalBleeding14,,timesfm_resid,default,,0.19527,0.10653,0.99849,0.35294,2.6,nan,1901.4,4701,1,0.00596,ok
ucr,025_UCR_Anomaly_DISTORTEDInternalBleeding14_2800_5607_5634,DISTORTEDInternalBleeding14,,timesfm_quantile,default,,0.02775,0.02344,0.76664,0.06987,2.6,nan,1901.4,4701,1,0.00596,ok
ucr,026_UCR_Anomaly_DISTORTEDInternalBleeding15_1700_5684_5854,DISTORTEDInternalBleeding15,,chronos_small_resid,default,,0.04444,0.05319,0.92671,0.06144,0.15,nan,1500.7,5901,1,0.02898,ok
ucr,026_UCR_Anomaly_DISTORTEDInternalBleeding15_1700_5684_5854,DISTORTEDInternalBleeding15,,chronos_small_quantile,default,,0.04629,0.05723,0.72177,0.08111,0.15,nan,1500.7,5901,1,0.02898,ok
ucr,026_UCR_Anomaly_DISTORTEDInternalBleeding15_1700_5684_5854,DISTORTEDInternalBleeding15,,chronos_base_resid,default,,0.04065,0.04764,0.92671,0.06268,0.24,nan,1584.5,5901,1,0.02898,ok
ucr,026_UCR_Anomaly_DISTORTEDInternalBleeding15_1700_5684_5854,DISTORTEDInternalBleeding15,,chronos_base_quantile,default,,0.03363,0.04472,0.65846,0.05459,0.24,nan,1584.5,5901,1,0.02898,ok
ucr,026_UCR_Anomaly_DISTORTEDInternalBleeding15_1700_5684_5854,DISTORTEDInternalBleeding15,,timesfm_resid,default,,0.0559,0.07187,0.92671,0.11577,2.76,nan,1901.4,5901,1,0.02898,ok
ucr,026_UCR_Anomaly_DISTORTEDInternalBleeding15_1700_5684_5854,DISTORTEDInternalBleeding15,,timesfm_quantile,default,,0.09432,0.07326,0.9918,0.28608,2.76,nan,1901.4,5901,1,0.02898,ok
ucr,027_UCR_Anomaly_DISTORTEDInternalBleeding16_1200_4187_4199,DISTORTEDInternalBleeding16,,chronos_small_resid,default,,0.00208,0.00288,0.67515,0.00174,0.14,nan,1503.6,6301,1,0.00206,ok
ucr,027_UCR_Anomaly_DISTORTEDInternalBleeding16_1200_4187_4199,DISTORTEDInternalBleeding16,,chronos_small_quantile,default,,0.00197,0.00283,0.63767,0.00188,0.14,nan,1503.6,6301,1,0.00206,ok
ucr,027_UCR_Anomaly_DISTORTEDInternalBleeding16_1200_4187_4199,DISTORTEDInternalBleeding16,,chronos_base_resid,default,,0.00415,0.00556,0.71447,0.00819,0.24,nan,1598.6,6301,1,0.00206,ok
ucr,027_UCR_Anomaly_DISTORTEDInternalBleeding16_1200_4187_4199,DISTORTEDInternalBleeding16,,chronos_base_quantile,default,,0.0019,0.00288,0.70237,0.00064,0.24,nan,1598.6,6301,1,0.00206,ok
ucr,027_UCR_Anomaly_DISTORTEDInternalBleeding16_1200_4187_4199,DISTORTEDInternalBleeding16,,timesfm_resid,default,,0.21203,0.09508,0.79089,0.2542,2.64,nan,1901.4,6301,1,0.00206,ok
ucr,027_UCR_Anomaly_DISTORTEDInternalBleeding16_1200_4187_4199,DISTORTEDInternalBleeding16,,timesfm_quantile,default,,0.02529,0.02014,0.73149,0.06166,2.64,nan,1901.4,6301,1,0.00206,ok
ucr,028_UCR_Anomaly_DISTORTEDInternalBleeding17_1600_3198_3309,DISTORTEDInternalBleeding17,,chronos_small_resid,default,,0.01826,0.03137,0.87297,0.01732,0.13,nan,1500.7,5900,1,0.01898,ok
ucr,028_UCR_Anomaly_DISTORTEDInternalBleeding17_1600_3198_3309,DISTORTEDInternalBleeding17,,chronos_small_quantile,default,,0.01783,0.03268,0.66189,0.02192,0.13,nan,1500.7,5900,1,0.01898,ok
ucr,028_UCR_Anomaly_DISTORTEDInternalBleeding17_1600_3198_3309,DISTORTEDInternalBleeding17,,chronos_base_resid,default,,0.0192,0.02915,0.87285,0.02166,0.24,nan,1584.5,5900,1,0.01898,ok
ucr,028_UCR_Anomaly_DISTORTEDInternalBleeding17_1600_3198_3309,DISTORTEDInternalBleeding17,,chronos_base_quantile,default,,0.02041,0.03039,0.6669,0.0264,0.24,nan,1584.5,5900,1,0.01898,ok
ucr,028_UCR_Anomaly_DISTORTEDInternalBleeding17_1600_3198_3309,DISTORTEDInternalBleeding17,,timesfm_resid,default,,0.0886,0.08438,0.75502,0.18467,2.65,nan,1901.4,5900,1,0.01898,ok
ucr,028_UCR_Anomaly_DISTORTEDInternalBleeding17_1600_3198_3309,DISTORTEDInternalBleeding17,,timesfm_quantile,default,,0.08926,0.07546,0.9103,0.27877,2.65,nan,1901.4,5900,1,0.01898,ok
ucr,029_UCR_Anomaly_DISTORTEDInternalBleeding18_2300_4485_4587,DISTORTEDInternalBleeding18,,chronos_small_resid,default,,0.02495,0.03874,0.66869,0.03546,0.14,nan,1494.0,5200,1,0.01981,ok
ucr,029_UCR_Anomaly_DISTORTEDInternalBleeding18_2300_4485_4587,DISTORTEDInternalBleeding18,,chronos_small_quantile,default,,0.01823,0.03255,0.84452,0.02145,0.14,nan,1494.0,5200,1,0.01981,ok
ucr,029_UCR_Anomaly_DISTORTEDInternalBleeding18_2300_4485_4587,DISTORTEDInternalBleeding18,,chronos_base_resid,default,,0.07422,0.07138,0.70485,0.16552,0.23,nan,1569.4,5200,1,0.01981,ok
ucr,029_UCR_Anomaly_DISTORTEDInternalBleeding18_2300_4485_4587,DISTORTEDInternalBleeding18,,chronos_base_quantile,default,,0.02632,0.03242,0.88067,0.03744,0.23,nan,1569.4,5200,1,0.01981,ok
ucr,029_UCR_Anomaly_DISTORTEDInternalBleeding18_2300_4485_4587,DISTORTEDInternalBleeding18,,timesfm_resid,default,,0.15471,0.09926,0.99573,0.34796,2.65,nan,1901.4,5200,1,0.01981,ok
ucr,029_UCR_Anomaly_DISTORTEDInternalBleeding18_2300_4485_4587,DISTORTEDInternalBleeding18,,timesfm_quantile,default,,0.01856,0.02759,0.74172,0.00731,2.65,nan,1901.4,5200,1,0.01981,ok
ucr,030_UCR_Anomaly_DISTORTEDInternalBleeding19_3000_4187_4197,DISTORTEDInternalBleeding19,,chronos_small_resid,default,,0.00267,0.00348,0.66951,0.00292,0.15,nan,1488.6,4500,1,0.00244,ok
ucr,030_UCR_Anomaly_DISTORTEDInternalBleeding19_3000_4187_4197,DISTORTEDInternalBleeding19,,chronos_small_quantile,default,,0.00777,0.0081,0.71032,0.01924,0.15,nan,1488.6,4500,1,0.00244,ok
ucr,030_UCR_Anomaly_DISTORTEDInternalBleeding19_3000_4187_4197,DISTORTEDInternalBleeding19,,chronos_base_resid,default,,0.00426,0.00492,0.68804,0.00833,0.24,nan,1553.0,4500,1,0.00244,ok
ucr,030_UCR_Anomaly_DISTORTEDInternalBleeding19_3000_4187_4197,DISTORTEDInternalBleeding19,,chronos_base_quantile,default,,0.00574,0.0057,0.80256,0.01424,0.24,nan,1553.0,4500,1,0.00244,ok
ucr,030_UCR_Anomaly_DISTORTEDInternalBleeding19_3000_4187_4197,DISTORTEDInternalBleeding19,,timesfm_resid,default,,0.04662,0.03111,0.69015,0.08714,2.72,nan,1901.4,4500,1,0.00244,ok
ucr,030_UCR_Anomaly_DISTORTEDInternalBleeding19_3000_4187_4197,DISTORTEDInternalBleeding19,,timesfm_quantile,default,,0.00938,0.00784,0.68376,0.02253,2.72,nan,1901.4,4500,1,0.00244,ok
ucr,031_UCR_Anomaly_DISTORTEDInternalBleeding20_2700_5759_5919,DISTORTEDInternalBleeding20,,chronos_small_resid,default,,0.03894,0.05593,0.68643,0.05874,0.15,nan,1490.2,4800,1,0.03354,ok
ucr,031_UCR_Anomaly_DISTORTEDInternalBleeding20_2700_5759_5919,DISTORTEDInternalBleeding20,,chronos_small_quantile,default,,0.02893,0.04429,0.71788,0.01009,0.15,nan,1490.2,4800,1,0.03354,ok
ucr,031_UCR_Anomaly_DISTORTEDInternalBleeding20_2700_5759_5919,DISTORTEDInternalBleeding20,,chronos_base_resid,default,,0.04512,0.05937,0.67909,0.06471,0.24,nan,1558.1,4800,1,0.03354,ok
ucr,031_UCR_Anomaly_DISTORTEDInternalBleeding20_2700_5759_5919,DISTORTEDInternalBleeding20,,chronos_base_quantile,default,,0.03182,0.04785,0.63964,0.00426,0.24,nan,1558.1,4800,1,0.03354,ok
ucr,031_UCR_Anomaly_DISTORTEDInternalBleeding20_2700_5759_5919,DISTORTEDInternalBleeding20,,timesfm_resid,default,,0.11052,0.14356,0.96098,0.21401,2.69,nan,1901.4,4800,1,0.03354,ok
ucr,031_UCR_Anomaly_DISTORTEDInternalBleeding20_2700_5759_5919,DISTORTEDInternalBleeding20,,timesfm_quantile,default,,0.03788,0.05506,0.68996,0.05809,2.69,nan,1901.4,4800,1,0.03354,ok
ucr,032_UCR_Anomaly_DISTORTEDInternalBleeding4_1000_4675_5033,DISTORTEDInternalBleeding4,,chronos_small_resid,default,,0.33978,0.29105,0.98896,0.51959,0.15,nan,1503.6,6321,1,0.05679,ok
ucr,032_UCR_Anomaly_DISTORTEDInternalBleeding4_1000_4675_5033,DISTORTEDInternalBleeding4,,chronos_small_quantile,default,,0.10861,0.10965,0.98298,0.28947,0.15,nan,1503.6,6321,1,0.05679,ok
ucr,032_UCR_Anomaly_DISTORTEDInternalBleeding4_1000_4675_5033,DISTORTEDInternalBleeding4,,chronos_base_resid,default,,0.35468,0.30872,0.98298,0.5262,0.24,nan,1598.6,6321,1,0.05679,ok
ucr,032_UCR_Anomaly_DISTORTEDInternalBleeding4_1000_4675_5033,DISTORTEDInternalBleeding4,,chronos_base_quantile,default,,0.1086,0.11529,0.89438,0.20923,0.24,nan,1598.6,6321,1,0.05679,ok
ucr,032_UCR_Anomaly_DISTORTEDInternalBleeding4_1000_4675_5033,DISTORTEDInternalBleeding4,,timesfm_resid,default,,0.48698,0.44361,0.99314,0.61042,2.64,nan,1901.4,6321,1,0.05679,ok
ucr,032_UCR_Anomaly_DISTORTEDInternalBleeding4_1000_4675_5033,DISTORTEDInternalBleeding4,,timesfm_quantile,default,,0.13716,0.12471,0.98298,0.33645,2.64,nan,1901.4,6321,1,0.05679,ok
ucr,033_UCR_Anomaly_DISTORTEDInternalBleeding5_4000_6200_6370,DISTORTEDInternalBleeding5,,chronos_small_resid,default,,0.17087,0.16213,0.81955,0.29538,0.13,nan,1478.5,3415,1,0.05007,ok
ucr,033_UCR_Anomaly_DISTORTEDInternalBleeding5_4000_6200_6370,DISTORTEDInternalBleeding5,,chronos_small_quantile,default,,0.09332,0.11094,0.72768,0.1451,0.13,nan,1478.5,3415,1,0.05007,ok
ucr,033_UCR_Anomaly_DISTORTEDInternalBleeding5_4000_6200_6370,DISTORTEDInternalBleeding5,,chronos_base_resid,default,,0.1338,0.13217,0.83223,0.25071,0.23,nan,1527.3,3415,1,0.05007,ok
ucr,033_UCR_Anomaly_DISTORTEDInternalBleeding5_4000_6200_6370,DISTORTEDInternalBleeding5,,chronos_base_quantile,default,,0.11872,0.12194,0.79153,0.26894,0.23,nan,1527.3,3415,1,0.05007,ok
ucr,033_UCR_Anomaly_DISTORTEDInternalBleeding5_4000_6200_6370,DISTORTEDInternalBleeding5,,timesfm_resid,default,,0.33697,0.26692,0.98444,0.53938,1.3,nan,1901.4,3415,1,0.05007,ok
ucr,033_UCR_Anomaly_DISTORTEDInternalBleeding5_4000_6200_6370,DISTORTEDInternalBleeding5,,timesfm_quantile,default,,0.39639,0.30271,0.99573,0.56611,1.3,nan,1901.4,3415,1,0.05007,ok
ucr,034_UCR_Anomaly_DISTORTEDInternalBleeding6_1500_3474_3629,DISTORTEDInternalBleeding6,,chronos_small_resid,default,,0.02495,0.03096,0.69089,0.02636,0.14,nan,1502.4,6154,1,0.02535,ok
ucr,034_UCR_Anomaly_DISTORTEDInternalBleeding6_1500_3474_3629,DISTORTEDInternalBleeding6,,chronos_small_quantile,default,,0.03184,0.04072,0.69364,0.05371,0.14,nan,1502.4,6154,1,0.02535,ok
ucr,034_UCR_Anomaly_DISTORTEDInternalBleeding6_1500_3474_3629,DISTORTEDInternalBleeding6,,chronos_base_resid,default,,0.03366,0.03706,0.75707,0.07533,0.25,nan,1590.3,6154,1,0.02535,ok
ucr,034_UCR_Anomaly_DISTORTEDInternalBleeding6_1500_3474_3629,DISTORTEDInternalBleeding6,,chronos_base_quantile,default,,0.03965,0.04473,0.76958,0.06385,0.25,nan,1590.3,6154,1,0.02535,ok
ucr,034_UCR_Anomaly_DISTORTEDInternalBleeding6_1500_3474_3629,DISTORTEDInternalBleeding6,,timesfm_resid,default,,0.34823,0.25352,0.99229,0.55215,2.78,nan,1901.4,6154,1,0.02535,ok
ucr,034_UCR_Anomaly_DISTORTEDInternalBleeding6_1500_3474_3629,DISTORTEDInternalBleeding6,,timesfm_quantile,default,,0.09388,0.09065,0.85904,0.19356,2.78,nan,1901.4,6154,1,0.02535,ok
ucr,035_UCR_Anomaly_DISTORTEDInternalBleeding8_2500_5865_5974,DISTORTEDInternalBleeding8,,chronos_small_resid,default,,0.0221,0.03473,0.76335,0.0257,0.12,nan,1492.5,5001,1,0.022,ok
ucr,035_UCR_Anomaly_DISTORTEDInternalBleeding8_2500_5865_5974,DISTORTEDInternalBleeding8,,chronos_small_quantile,default,,0.04601,0.05559,0.76135,0.09716,0.12,nan,1492.5,5001,1,0.022,ok
ucr,035_UCR_Anomaly_DISTORTEDInternalBleeding8_2500_5865_5974,DISTORTEDInternalBleeding8,,chronos_base_resid,default,,0.03885,0.05892,0.76295,0.07764,0.24,nan,1568.8,5001,1,0.022,ok
ucr,035_UCR_Anomaly_DISTORTEDInternalBleeding8_2500_5865_5974,DISTORTEDInternalBleeding8,,chronos_base_quantile,default,,0.04115,0.04939,0.76215,0.09195,0.24,nan,1568.8,5001,1,0.022,ok
ucr,035_UCR_Anomaly_DISTORTEDInternalBleeding8_2500_5865_5974,DISTORTEDInternalBleeding8,,timesfm_resid,default,,0.04121,0.06258,0.69523,0.08103,2.61,nan,1901.4,5001,1,0.022,ok
ucr,035_UCR_Anomaly_DISTORTEDInternalBleeding8_2500_5865_5974,DISTORTEDInternalBleeding8,,timesfm_quantile,default,,0.10575,0.09783,0.65891,0.2201,2.61,nan,1901.4,5001,1,0.022,ok
ucr,036_UCR_Anomaly_DISTORTEDInternalBleeding9_4200_6599_6681,DISTORTEDInternalBleeding9,,chronos_small_resid,default,,0.01586,0.02758,0.70661,0.0,0.13,nan,1477.9,3301,1,0.02514,ok
ucr,036_UCR_Anomaly_DISTORTEDInternalBleeding9_4200_6599_6681,DISTORTEDInternalBleeding9,,chronos_small_quantile,default,,0.02208,0.03871,0.66923,0.00701,0.13,nan,1477.9,3301,1,0.02514,ok
ucr,036_UCR_Anomaly_DISTORTEDInternalBleeding9_4200_6599_6681,DISTORTEDInternalBleeding9,,chronos_base_resid,default,,0.01515,0.02636,0.81763,0.0,0.22,nan,1524.8,3301,1,0.02514,ok
ucr,036_UCR_Anomaly_DISTORTEDInternalBleeding9_4200_6599_6681,DISTORTEDInternalBleeding9,,chronos_base_quantile,default,,0.02356,0.03813,0.93027,0.00109,0.22,nan,1524.8,3301,1,0.02514,ok
ucr,036_UCR_Anomaly_DISTORTEDInternalBleeding9_4200_6599_6681,DISTORTEDInternalBleeding9,,timesfm_resid,default,,0.02001,0.02928,0.73447,0.00461,1.33,nan,1901.4,3301,1,0.02514,ok
ucr,036_UCR_Anomaly_DISTORTEDInternalBleeding9_4200_6599_6681,DISTORTEDInternalBleeding9,,timesfm_quantile,default,,0.02759,0.04242,0.63195,0.03559,1.33,nan,1901.4,3301,1,0.02514,ok
ucr,037_UCR_Anomaly_DISTORTEDLab2Cmac011215EPG1_5000_17210_17260,DISTORTEDLab2Cmac011215EPG1,,chronos_small_resid,default,,0.14953,0.02919,0.90372,0.19159,0.31,nan,1593.6,25001,1,0.00204,ok
ucr,037_UCR_Anomaly_DISTORTEDLab2Cmac011215EPG1_5000_17210_17260,DISTORTEDLab2Cmac011215EPG1,,chronos_small_quantile,default,,0.13387,0.03594,0.89555,0.20176,0.31,nan,1593.6,25001,1,0.00204,ok
ucr,037_UCR_Anomaly_DISTORTEDLab2Cmac011215EPG1_5000_17210_17260,DISTORTEDLab2Cmac011215EPG1,,chronos_base_resid,default,,0.15632,0.03318,0.8881,0.20416,0.68,nan,1824.4,25001,1,0.00204,ok
ucr,037_UCR_Anomaly_DISTORTEDLab2Cmac011215EPG1_5000_17210_17260,DISTORTEDLab2Cmac011215EPG1,,chronos_base_quantile,default,,0.25805,0.0663,0.93286,0.28736,0.68,nan,1824.4,25001,1,0.00204,ok
ucr,037_UCR_Anomaly_DISTORTEDLab2Cmac011215EPG1_5000_17210_17260,DISTORTEDLab2Cmac011215EPG1,,timesfm_resid,default,,0.16186,0.03733,0.78074,0.21887,9.28,nan,1901.4,25001,1,0.00204,ok
ucr,037_UCR_Anomaly_DISTORTEDLab2Cmac011215EPG1_5000_17210_17260,DISTORTEDLab2Cmac011215EPG1,,timesfm_quantile,default,,0.09316,0.02966,0.70556,0.19364,9.28,nan,1901.4,25001,1,0.00204,ok
ucr,038_UCR_Anomaly_DISTORTEDLab2Cmac011215EPG2_5000_27862_27932,DISTORTEDLab2Cmac011215EPG2,,chronos_small_resid,default,,0.00271,0.00432,0.66791,0.00281,0.31,nan,1593.6,24950,1,0.00285,ok
ucr,038_UCR_Anomaly_DISTORTEDLab2Cmac011215EPG2_5000_27862_27932,DISTORTEDLab2Cmac011215EPG2,,chronos_small_quantile,default,,0.00273,0.00423,0.65872,0.00291,0.31,nan,1593.6,24950,1,0.00285,ok
ucr,038_UCR_Anomaly_DISTORTEDLab2Cmac011215EPG2_5000_27862_27932,DISTORTEDLab2Cmac011215EPG2,,chronos_base_resid,default,,0.00285,0.00462,0.67312,0.0034,0.93,nan,1824.4,24950,1,0.00285,ok
ucr,038_UCR_Anomaly_DISTORTEDLab2Cmac011215EPG2_5000_27862_27932,DISTORTEDLab2Cmac011215EPG2,,chronos_base_quantile,default,,0.00274,0.00427,0.67039,0.00307,0.93,nan,1824.4,24950,1,0.00285,ok
ucr,038_UCR_Anomaly_DISTORTEDLab2Cmac011215EPG2_5000_27862_27932,DISTORTEDLab2Cmac011215EPG2,,timesfm_resid,default,,0.0087,0.00739,0.66948,0.0379,9.35,nan,1901.4,24950,1,0.00285,ok
ucr,038_UCR_Anomaly_DISTORTEDLab2Cmac011215EPG2_5000_27862_27932,DISTORTEDLab2Cmac011215EPG2,,timesfm_quantile,default,,0.01064,0.00902,0.68491,0.0383,9.35,nan,1901.4,24950,1,0.00285,ok
ucr,039_UCR_Anomaly_DISTORTEDLab2Cmac011215EPG3_5000_16390_16420,DISTORTEDLab2Cmac011215EPG3,,chronos_small_resid,default,,0.00302,0.00373,0.7187,0.0074,0.31,nan,1593.6,24950,1,0.00124,ok
ucr,039_UCR_Anomaly_DISTORTEDLab2Cmac011215EPG3_5000_16390_16420,DISTORTEDLab2Cmac011215EPG3,,chronos_small_quantile,default,,0.00633,0.00522,0.74503,0.01145,0.31,nan,1593.6,24950,1,0.00124,ok
ucr,039_UCR_Anomaly_DISTORTEDLab2Cmac011215EPG3_5000_16390_16420,DISTORTEDLab2Cmac011215EPG3,,chronos_base_resid,default,,0.00253,0.00348,0.81474,0.00518,0.61,nan,1824.4,24950,1,0.00124,ok
ucr,039_UCR_Anomaly_DISTORTEDLab2Cmac011215EPG3_5000_16390_16420,DISTORTEDLab2Cmac011215EPG3,,chronos_base_quantile,default,,0.00425,0.00528,0.81223,0.01011,0.61,nan,1824.4,24950,1,0.00124,ok
ucr,039_UCR_Anomaly_DISTORTEDLab2Cmac011215EPG3_5000_16390_16420,DISTORTEDLab2Cmac011215EPG3,,timesfm_resid,default,,0.00582,0.00605,0.67419,0.01309,9.68,nan,1901.4,24950,1,0.00124,ok
ucr,039_UCR_Anomaly_DISTORTEDLab2Cmac011215EPG3_5000_16390_16420,DISTORTEDLab2Cmac011215EPG3,,timesfm_quantile,default,,0.00562,0.00614,0.66396,0.01569,9.68,nan,1901.4,24950,1,0.00124,ok
ucr,040_UCR_Anomaly_DISTORTEDLab2Cmac011215EPG4_6000_17390_17520,DISTORTEDLab2Cmac011215EPG4,,chronos_small_resid,default,,0.00494,0.00734,0.71835,0.00528,0.33,nan,1593.6,24066,1,0.00544,ok
ucr,040_UCR_Anomaly_DISTORTEDLab2Cmac011215EPG4_6000_17390_17520,DISTORTEDLab2Cmac011215EPG4,,chronos_small_quantile,default,,0.00514,0.00776,0.72316,0.00603,0.33,nan,1593.6,24066,1,0.00544,ok
ucr,040_UCR_Anomaly_DISTORTEDLab2Cmac011215EPG4_6000_17390_17520,DISTORTEDLab2Cmac011215EPG4,,chronos_base_resid,default,,0.00501,0.00753,0.73549,0.00461,0.59,nan,1824.4,24066,1,0.00544,ok
ucr,040_UCR_Anomaly_DISTORTEDLab2Cmac011215EPG4_6000_17390_17520,DISTORTEDLab2Cmac011215EPG4,,chronos_base_quantile,default,,0.00484,0.00751,0.85279,0.00181,0.59,nan,1824.4,24066,1,0.00544,ok
ucr,040_UCR_Anomaly_DISTORTEDLab2Cmac011215EPG4_6000_17390_17520,DISTORTEDLab2Cmac011215EPG4,,timesfm_resid,default,,0.00614,0.00822,0.66757,0.00718,8.54,nan,1901.4,24066,1,0.00544,ok
ucr,040_UCR_Anomaly_DISTORTEDLab2Cmac011215EPG4_6000_17390_17520,DISTORTEDLab2Cmac011215EPG4,,timesfm_quantile,default,,0.00541,0.00788,0.66562,0.00607,8.54,nan,1901.4,24066,1,0.00544,ok
ucr,041_UCR_Anomaly_DISTORTEDLab2Cmac011215EPG5_7000_17390_17520,DISTORTEDLab2Cmac011215EPG5,,chronos_small_resid,default,,0.00931,0.01099,0.74804,0.02095,0.31,nan,1593.6,22826,1,0.00574,ok
ucr,041_UCR_Anomaly_DISTORTEDLab2Cmac011215EPG5_7000_17390_17520,DISTORTEDLab2Cmac011215EPG5,,chronos_small_quantile,default,,0.01813,0.01147,0.72644,0.0748,0.31,nan,1593.6,22826,1,0.00574,ok
ucr,041_UCR_Anomaly_DISTORTEDLab2Cmac011215EPG5_7000_17390_17520,DISTORTEDLab2Cmac011215EPG5,,chronos_base_resid,default,,0.00861,0.01071,0.74573,0.01724,0.63,nan,1824.4,22826,1,0.00574,ok
ucr,041_UCR_Anomaly_DISTORTEDLab2Cmac011215EPG5_7000_17390_17520,DISTORTEDLab2Cmac011215EPG5,,chronos_base_quantile,default,,0.00636,0.00867,0.75708,0.01063,0.63,nan,1824.4,22826,1,0.00574,ok
ucr,041_UCR_Anomaly_DISTORTEDLab2Cmac011215EPG5_7000_17390_17520,DISTORTEDLab2Cmac011215EPG5,,timesfm_resid,default,,0.00928,0.01173,0.68314,0.01788,8.09,nan,1901.4,22826,1,0.00574,ok
ucr,041_UCR_Anomaly_DISTORTEDLab2Cmac011215EPG5_7000_17390_17520,DISTORTEDLab2Cmac011215EPG5,,timesfm_quantile,default,,0.00692,0.00951,0.66571,0.01088,8.09,nan,1901.4,22826,1,0.00574,ok
ucr,042_UCR_Anomaly_DISTORTEDLab2Cmac011215EPG6_7000_12190_12420,DISTORTEDLab2Cmac011215EPG6,,chronos_small_resid,default,,0.00694,0.01035,0.67254,0.00112,0.32,nan,1593.6,22859,1,0.01011,ok
ucr,042_UCR_Anomaly_DISTORTEDLab2Cmac011215EPG6_7000_12190_12420,DISTORTEDLab2Cmac011215EPG6,,chronos_small_quantile,default,,0.00912,0.01309,0.65852,0.00208,0.32,nan,1593.6,22859,1,0.01011,ok
ucr,042_UCR_Anomaly_DISTORTEDLab2Cmac011215EPG6_7000_12190_12420,DISTORTEDLab2Cmac011215EPG6,,chronos_base_resid,default,,0.00716,0.01072,0.65158,0.00051,0.64,nan,1824.4,22859,1,0.01011,ok
ucr,042_UCR_Anomaly_DISTORTEDLab2Cmac011215EPG6_7000_12190_12420,DISTORTEDLab2Cmac011215EPG6,,chronos_base_quantile,default,,0.00986,0.01366,0.70166,0.00046,0.64,nan,1824.4,22859,1,0.01011,ok
ucr,042_UCR_Anomaly_DISTORTEDLab2Cmac011215EPG6_7000_12190_12420,DISTORTEDLab2Cmac011215EPG6,,timesfm_resid,default,,0.00728,0.01109,0.66065,0.00134,8.09,nan,1901.4,22859,1,0.01011,ok
ucr,042_UCR_Anomaly_DISTORTEDLab2Cmac011215EPG6_7000_12190_12420,DISTORTEDLab2Cmac011215EPG6,,timesfm_quantile,default,,0.01011,0.01399,0.65449,0.0,8.09,nan,1901.4,22859,1,0.01011,ok
ucr,043_UCR_Anomaly_DISTORTEDMesoplodonDensirostris_10000_19280_19440,DISTORTEDMesoplodonDensirostris,,chronos_small_resid,default,,0.03105,0.0265,0.85808,0.10991,0.18,nan,1578.1,14667,1,0.01098,ok
ucr,043_UCR_Anomaly_DISTORTEDMesoplodonDensirostris_10000_19280_19440,DISTORTEDMesoplodonDensirostris,,chronos_small_quantile,default,,0.01232,0.01706,0.84609,0.01163,0.18,nan,1578.1,14667,1,0.01098,ok
ucr,043_UCR_Anomaly_DISTORTEDMesoplodonDensirostris_10000_19280_19440,DISTORTEDMesoplodonDensirostris,,chronos_base_resid,default,,0.0257,0.02491,0.88571,0.10908,0.29,nan,1797.3,14667,1,0.01098,ok
ucr,043_UCR_Anomaly_DISTORTEDMesoplodonDensirostris_10000_19280_19440,DISTORTEDMesoplodonDensirostris,,chronos_base_quantile,default,,0.01229,0.01696,0.77277,0.01769,0.29,nan,1797.3,14667,1,0.01098,ok
ucr,043_UCR_Anomaly_DISTORTEDMesoplodonDensirostris_10000_19280_19440,DISTORTEDMesoplodonDensirostris,,timesfm_resid,default,,0.06294,0.03708,0.9046,0.21875,5.38,nan,1901.4,14667,1,0.01098,ok
ucr,043_UCR_Anomaly_DISTORTEDMesoplodonDensirostris_10000_19280_19440,DISTORTEDMesoplodonDensirostris,,timesfm_quantile,default,,0.02168,0.02892,0.74214,0.04473,5.38,nan,1901.4,14667,1,0.01098,ok
ucr,044_UCR_Anomaly_DISTORTEDPowerDemand1_9000_18485_18821,DISTORTEDPowerDemand1,,chronos_small_resid,default,,0.0326,0.03694,0.75334,0.15517,0.3,nan,1593.6,20931,1,0.0161,ok
ucr,044_UCR_Anomaly_DISTORTEDPowerDemand1_9000_18485_18821,DISTORTEDPowerDemand1,,chronos_small_quantile,default,,0.04195,0.02713,0.95502,0.225,0.3,nan,1593.6,20931,1,0.0161,ok
ucr,044_UCR_Anomaly_DISTORTEDPowerDemand1_9000_18485_18821,DISTORTEDPowerDemand1,,chronos_base_resid,default,,0.03284,0.03765,0.75062,0.15255,0.68,nan,1824.4,20931,1,0.0161,ok
ucr,044_UCR_Anomaly_DISTORTEDPowerDemand1_9000_18485_18821,DISTORTEDPowerDemand1,,chronos_base_quantile,default,,0.03071,0.02496,0.90098,0.17647,0.68,nan,1824.4,20931,1,0.0161,ok
ucr,044_UCR_Anomaly_DISTORTEDPowerDemand1_9000_18485_18821,DISTORTEDPowerDemand1,,timesfm_resid,default,,0.0286,0.03722,0.82835,0.04476,8.12,nan,1901.4,20931,1,0.0161,ok
ucr,044_UCR_Anomaly_DISTORTEDPowerDemand1_9000_18485_18821,DISTORTEDPowerDemand1,,timesfm_quantile,default,,0.03667,0.02786,0.86431,0.1855,8.12,nan,1901.4,20931,1,0.0161,ok
ucr,045_UCR_Anomaly_DISTORTEDPowerDemand2_14000_23357_23717,DISTORTEDPowerDemand2,,chronos_small_resid,default,,0.02207,0.03007,0.69435,0.02379,0.2,nan,1587.6,15931,1,0.02266,ok
ucr,045_UCR_Anomaly_DISTORTEDPowerDemand2_14000_23357_23717,DISTORTEDPowerDemand2,,chronos_small_quantile,default,,0.0225,0.03062,0.76601,0.02683,0.2,nan,1587.6,15931,1,0.02266,ok
ucr,045_UCR_Anomaly_DISTORTEDPowerDemand2_14000_23357_23717,DISTORTEDPowerDemand2,,chronos_base_resid,default,,0.02213,0.03015,0.67813,0.02254,0.44,nan,1813.2,15931,1,0.02266,ok
ucr,045_UCR_Anomaly_DISTORTEDPowerDemand2_14000_23357_23717,DISTORTEDPowerDemand2,,chronos_base_quantile,default,,0.02362,0.03337,0.739,0.02903,0.44,nan,1813.2,15931,1,0.02266,ok
ucr,045_UCR_Anomaly_DISTORTEDPowerDemand2_14000_23357_23717,DISTORTEDPowerDemand2,,timesfm_resid,default,,0.01974,0.02573,0.66661,0.01932,5.36,nan,1901.4,15931,1,0.02266,ok
ucr,045_UCR_Anomaly_DISTORTEDPowerDemand2_14000_23357_23717,DISTORTEDPowerDemand2,,timesfm_quantile,default,,0.02104,0.02775,0.72695,0.01968,5.36,nan,1901.4,15931,1,0.02266,ok
ucr,046_UCR_Anomaly_DISTORTEDPowerDemand3_16000_23405_23477,DISTORTEDPowerDemand3,,chronos_small_resid,default,,0.01294,0.02004,0.6813,0.03106,0.16,nan,1570.2,13931,1,0.00524,ok
ucr,046_UCR_Anomaly_DISTORTEDPowerDemand3_16000_23405_23477,DISTORTEDPowerDemand3,,chronos_small_quantile,default,,0.0339,0.01478,0.82418,0.15,0.16,nan,1570.2,13931,1,0.00524,ok
ucr,046_UCR_Anomaly_DISTORTEDPowerDemand3_16000_23405_23477,DISTORTEDPowerDemand3,,chronos_base_resid,default,,0.01457,0.02195,0.67831,0.03469,0.35,nan,1767.7,13931,1,0.00524,ok
ucr,046_UCR_Anomaly_DISTORTEDPowerDemand3_16000_23405_23477,DISTORTEDPowerDemand3,,chronos_base_quantile,default,,0.01549,0.0115,0.73756,0.0625,0.35,nan,1767.7,13931,1,0.00524,ok
ucr,046_UCR_Anomaly_DISTORTEDPowerDemand3_16000_23405_23477,DISTORTEDPowerDemand3,,timesfm_resid,default,,0.01312,0.01958,0.65758,0.03051,5.43,nan,1901.4,13931,1,0.00524,ok
ucr,046_UCR_Anomaly_DISTORTEDPowerDemand3_16000_23405_23477,DISTORTEDPowerDemand3,,timesfm_quantile,default,,0.01266,0.01302,0.69638,0.0294,5.43,nan,1901.4,13931,1,0.00524,ok
ucr,047_UCR_Anomaly_DISTORTEDPowerDemand4_18000_24005_24077,DISTORTEDPowerDemand4,,chronos_small_resid,default,,0.14781,0.06989,0.89759,0.31737,0.15,nan,1552.9,11931,1,0.00612,ok
ucr,047_UCR_Anomaly_DISTORTEDPowerDemand4_18000_24005_24077,DISTORTEDPowerDemand4,,chronos_small_quantile,default,,0.09686,0.06029,0.82913,0.24525,0.15,nan,1552.9,11931,1,0.00612,ok
ucr,047_UCR_Anomaly_DISTORTEDPowerDemand4_18000_24005_24077,DISTORTEDPowerDemand4,,chronos_base_resid,default,,0.15549,0.08411,0.89759,0.33133,0.33,nan,1722.2,11931,1,0.00612,ok
ucr,047_UCR_Anomaly_DISTORTEDPowerDemand4_18000_24005_24077,DISTORTEDPowerDemand4,,chronos_base_quantile,default,,0.05158,0.03476,0.72104,0.13243,0.33,nan,1722.2,11931,1,0.00612,ok
ucr,047_UCR_Anomaly_DISTORTEDPowerDemand4_18000_24005_24077,DISTORTEDPowerDemand4,,timesfm_resid,default,,0.06917,0.0465,0.82015,0.17233,3.9,nan,1901.4,11931,1,0.00612,ok
ucr,047_UCR_Anomaly_DISTORTEDPowerDemand4_18000_24005_24077,DISTORTEDPowerDemand4,,timesfm_quantile,default,,0.02354,0.01416,0.69665,0.08239,3.9,nan,1901.4,11931,1,0.00612,ok
ucr,048_UCR_Anomaly_DISTORTEDTkeepFifthMARS_3500_5988_6085,DISTORTEDTkeepFifthMARS,,chronos_small_resid,default,,0.05557,0.10029,0.98187,0.12933,0.14,nan,1517.7,7834,1,0.01251,ok
ucr,048_UCR_Anomaly_DISTORTEDTkeepFifthMARS_3500_5988_6085,DISTORTEDTkeepFifthMARS,,chronos_small_quantile,default,,0.043,0.08581,0.98187,0.10696,0.14,nan,1517.7,7834,1,0.01251,ok
ucr,048_UCR_Anomaly_DISTORTEDTkeepFifthMARS_3500_5988_6085,DISTORTEDTkeepFifthMARS,,chronos_base_resid,default,,0.05237,0.09839,0.98187,0.11859,0.24,nan,1629.6,7834,1,0.01251,ok
ucr,048_UCR_Anomaly_DISTORTEDTkeepFifthMARS_3500_5988_6085,DISTORTEDTkeepFifthMARS,,chronos_base_quantile,default,,0.02334,0.05334,0.88115,0.05598,0.24,nan,1629.6,7834,1,0.01251,ok
ucr,048_UCR_Anomaly_DISTORTEDTkeepFifthMARS_3500_5988_6085,DISTORTEDTkeepFifthMARS,,timesfm_resid,default,,0.0574,0.11146,0.98187,0.11037,3.26,nan,1901.4,7834,1,0.01251,ok
ucr,048_UCR_Anomaly_DISTORTEDTkeepFifthMARS_3500_5988_6085,DISTORTEDTkeepFifthMARS,,timesfm_quantile,default,,0.05766,0.15284,0.98286,0.12712,3.26,nan,1901.4,7834,1,0.01251,ok
ucr,049_UCR_Anomaly_DISTORTEDTkeepFirstMARS_3500_5365_5380,DISTORTEDTkeepFirstMARS,,chronos_small_resid,default,,0.00336,0.00434,0.83447,0.00481,0.18,nan,1517.8,7906,1,0.00202,ok
ucr,049_UCR_Anomaly_DISTORTEDTkeepFirstMARS_3500_5365_5380,DISTORTEDTkeepFirstMARS,,chronos_small_quantile,default,,0.00256,0.00351,0.69403,0.00368,0.18,nan,1517.8,7906,1,0.00202,ok
ucr,049_UCR_Anomaly_DISTORTEDTkeepFirstMARS_3500_5365_5380,DISTORTEDTkeepFirstMARS,,chronos_base_resid,default,,0.00299,0.00406,0.72919,0.00527,0.44,nan,1630.1,7906,1,0.00202,ok
ucr,049_UCR_Anomaly_DISTORTEDTkeepFirstMARS_3500_5365_5380,DISTORTEDTkeepFirstMARS,,chronos_base_quantile,default,,0.00267,0.00372,0.65464,0.00435,0.44,nan,1630.1,7906,1,0.00202,ok
ucr,049_UCR_Anomaly_DISTORTEDTkeepFirstMARS_3500_5365_5380,DISTORTEDTkeepFirstMARS,,timesfm_resid,default,,0.00171,0.00356,0.70528,0.00053,3.23,nan,1901.4,7906,1,0.00202,ok
ucr,049_UCR_Anomaly_DISTORTEDTkeepFirstMARS_3500_5365_5380,DISTORTEDTkeepFirstMARS,,timesfm_quantile,default,,0.00195,0.00402,0.79679,0.00038,3.23,nan,1901.4,7906,1,0.00202,ok
ucr,050_UCR_Anomaly_DISTORTEDTkeepForthMARS_3500_5988_6085,DISTORTEDTkeepForthMARS,,chronos_small_resid,default,,0.02108,0.03408,0.86082,0.11037,0.15,nan,1517.7,7808,1,0.01255,ok
ucr,050_UCR_Anomaly_DISTORTEDTkeepForthMARS_3500_5988_6085,DISTORTEDTkeepForthMARS,,chronos_small_quantile,default,,0.01343,0.02047,0.67121,0.01901,0.15,nan,1517.7,7808,1,0.01255,ok
ucr,050_UCR_Anomaly_DISTORTEDTkeepForthMARS_3500_5988_6085,DISTORTEDTkeepForthMARS,,chronos_base_resid,default,,0.02041,0.02936,0.71499,0.10969,0.31,nan,1628.6,7808,1,0.01255,ok
ucr,050_UCR_Anomaly_DISTORTEDTkeepForthMARS_3500_5988_6085,DISTORTEDTkeepForthMARS,,chronos_base_quantile,default,,0.01427,0.01998,0.73642,0.02097,0.31,nan,1628.6,7808,1,0.01255,ok
ucr,050_UCR_Anomaly_DISTORTEDTkeepForthMARS_3500_5988_6085,DISTORTEDTkeepForthMARS,,timesfm_resid,default,,0.02834,0.03931,0.83299,0.06553,2.75,nan,1901.4,7808,1,0.01255,ok
ucr,050_UCR_Anomaly_DISTORTEDTkeepForthMARS_3500_5988_6085,DISTORTEDTkeepForthMARS,,timesfm_quantile,default,,0.02142,0.02428,0.82015,0.0432,2.75,nan,1901.4,7808,1,0.01255,ok
ucr,051_UCR_Anomaly_DISTORTEDTkeepSecondMARS_3500_9330_9340,DISTORTEDTkeepSecondMARS,,chronos_small_resid,default,,0.00403,0.00407,0.97807,0.00874,0.14,nan,1517.8,7888,1,0.00139,ok
ucr,051_UCR_Anomaly_DISTORTEDTkeepSecondMARS_3500_9330_9340,DISTORTEDTkeepSecondMARS,,chronos_small_quantile,default,,0.00555,0.00525,0.77176,0.01242,0.14,nan,1517.8,7888,1,0.00139,ok
ucr,051_UCR_Anomaly_DISTORTEDTkeepSecondMARS_3500_9330_9340,DISTORTEDTkeepSecondMARS,,chronos_base_resid,default,,0.00319,0.00321,0.97807,0.00803,0.24,nan,1630.1,7888,1,0.00139,ok
ucr,051_UCR_Anomaly_DISTORTEDTkeepSecondMARS_3500_9330_9340,DISTORTEDTkeepSecondMARS,,chronos_base_quantile,default,,0.00493,0.00465,0.9839,0.01443,0.24,nan,1630.1,7888,1,0.00139,ok
ucr,051_UCR_Anomaly_DISTORTEDTkeepSecondMARS_3500_9330_9340,DISTORTEDTkeepSecondMARS,,timesfm_resid,default,,0.01974,0.01548,0.97705,0.04486,2.75,nan,1901.4,7888,1,0.00139,ok
ucr,051_UCR_Anomaly_DISTORTEDTkeepSecondMARS_3500_9330_9340,DISTORTEDTkeepSecondMARS,,timesfm_quantile,default,,0.02621,0.01895,0.98279,0.07196,2.75,nan,1901.4,7888,1,0.00139,ok
ucr,052_UCR_Anomaly_DISTORTEDTkeepThirdMARS_3500_4711_4809,DISTORTEDTkeepThirdMARS,,chronos_small_resid,default,,0.04648,0.04802,0.70373,0.11649,0.15,nan,1517.7,7808,1,0.01268,ok
ucr,052_UCR_Anomaly_DISTORTEDTkeepThirdMARS_3500_4711_4809,DISTORTEDTkeepThirdMARS,,chronos_small_quantile,default,,0.01946,0.02613,0.68269,0.02817,0.15,nan,1517.7,7808,1,0.01268,ok
ucr,052_UCR_Anomaly_DISTORTEDTkeepThirdMARS_3500_4711_4809,DISTORTEDTkeepThirdMARS,,chronos_base_resid,default,,0.40991,0.27047,0.94853,0.59322,0.26,nan,1628.6,7808,1,0.01268,ok
ucr,052_UCR_Anomaly_DISTORTEDTkeepThirdMARS_3500_4711_4809,DISTORTEDTkeepThirdMARS,,chronos_base_quantile,default,,0.03407,0.03482,0.69432,0.08152,0.26,nan,1628.6,7808,1,0.01268,ok
ucr,052_UCR_Anomaly_DISTORTEDTkeepThirdMARS_3500_4711_4809,DISTORTEDTkeepThirdMARS,,timesfm_resid,default,,0.05711,0.06805,0.96452,0.16252,2.7,nan,1901.4,7808,1,0.01268,ok
ucr,052_UCR_Anomaly_DISTORTEDTkeepThirdMARS_3500_4711_4809,DISTORTEDTkeepThirdMARS,,timesfm_quantile,default,,0.03655,0.03373,0.72326,0.12108,2.7,nan,1901.4,7808,1,0.01268,ok
ucr,053_UCR_Anomaly_DISTORTEDWalkingAceleration1_1500_2764_2995,DISTORTEDWalkingAceleration1,,chronos_small_resid,default,,0.03894,0.05973,0.66643,0.03342,0.14,nan,1493.5,5184,1,0.04475,ok
ucr,053_UCR_Anomaly_DISTORTEDWalkingAceleration1_1500_2764_2995,DISTORTEDWalkingAceleration1,,chronos_small_quantile,default,,0.04376,0.06267,0.66459,0.04333,0.14,nan,1493.5,5184,1,0.04475,ok
ucr,053_UCR_Anomaly_DISTORTEDWalkingAceleration1_1500_2764_2995,DISTORTEDWalkingAceleration1,,chronos_base_resid,default,,0.03881,0.05824,0.64822,0.01786,0.23,nan,1569.2,5184,1,0.04475,ok
ucr,053_UCR_Anomaly_DISTORTEDWalkingAceleration1_1500_2764_2995,DISTORTEDWalkingAceleration1,,chronos_base_quantile,default,,0.04706,0.06793,0.66881,0.03304,0.23,nan,1569.2,5184,1,0.04475,ok
ucr,053_UCR_Anomaly_DISTORTEDWalkingAceleration1_1500_2764_2995,DISTORTEDWalkingAceleration1,,timesfm_resid,default,,0.04247,0.06472,0.6595,0.05126,2.51,nan,1901.4,5184,1,0.04475,ok
ucr,053_UCR_Anomaly_DISTORTEDWalkingAceleration1_1500_2764_2995,DISTORTEDWalkingAceleration1,,timesfm_quantile,default,,0.04295,0.06293,0.66954,0.02586,2.51,nan,1901.4,5184,1,0.04475,ok
ucr,054_UCR_Anomaly_DISTORTEDWalkingAceleration5_2700_5920_5979,DISTORTEDWalkingAceleration5,,chronos_small_resid,default,,0.1601,0.17468,0.94448,0.30442,0.13,nan,1483.4,3984,1,0.01506,ok
ucr,054_UCR_Anomaly_DISTORTEDWalkingAceleration5_2700_5920_5979,DISTORTEDWalkingAceleration5,,chronos_small_quantile,default,,0.22253,0.17981,0.92344,0.38692,0.13,nan,1483.4,3984,1,0.01506,ok
ucr,054_UCR_Anomaly_DISTORTEDWalkingAceleration5_2700_5920_5979,DISTORTEDWalkingAceleration5,,chronos_base_resid,default,,0.15964,0.17864,0.94448,0.32961,0.22,nan,1540.7,3984,1,0.01506,ok
ucr,054_UCR_Anomaly_DISTORTEDWalkingAceleration5_2700_5920_5979,DISTORTEDWalkingAceleration5,,chronos_base_quantile,default,,0.13167,0.12046,0.92344,0.31204,0.22,nan,1540.7,3984,1,0.01506,ok
ucr,054_UCR_Anomaly_DISTORTEDWalkingAceleration5_2700_5920_5979,DISTORTEDWalkingAceleration5,,timesfm_resid,default,,0.20334,0.20714,0.92344,0.38079,1.34,nan,1901.4,3984,1,0.01506,ok
ucr,054_UCR_Anomaly_DISTORTEDWalkingAceleration5_2700_5920_5979,DISTORTEDWalkingAceleration5,,timesfm_quantile,default,,0.35683,0.29155,0.96219,0.5525,1.34,nan,1901.4,3984,1,0.01506,ok
ucr,055_UCR_Anomaly_DISTORTEDapneaecg2_10000_20950_21100,DISTORTEDapneaecg2,,chronos_small_resid,default,,0.01164,0.01629,0.91645,0.02735,0.34,nan,1593.6,28501,1,0.0053,ok
ucr,055_UCR_Anomaly_DISTORTEDapneaecg2_10000_20950_21100,DISTORTEDapneaecg2,,chronos_small_quantile,default,,0.01916,0.01859,0.88212,0.0513,0.34,nan,1593.6,28501,1,0.0053,ok
ucr,055_UCR_Anomaly_DISTORTEDapneaecg2_10000_20950_21100,DISTORTEDapneaecg2,,chronos_base_resid,default,,0.01124,0.01504,0.93313,0.02752,0.68,nan,1824.4,28501,1,0.0053,ok
ucr,055_UCR_Anomaly_DISTORTEDapneaecg2_10000_20950_21100,DISTORTEDapneaecg2,,chronos_base_quantile,default,,0.03121,0.02659,0.78906,0.07973,0.68,nan,1824.4,28501,1,0.0053,ok
ucr,055_UCR_Anomaly_DISTORTEDapneaecg2_10000_20950_21100,DISTORTEDapneaecg2,,timesfm_resid,default,,0.01295,0.01493,0.88426,0.03434,9.35,nan,1901.4,28501,1,0.0053,ok
ucr,055_UCR_Anomaly_DISTORTEDapneaecg2_10000_20950_21100,DISTORTEDapneaecg2,,timesfm_quantile,default,,0.01375,0.01529,0.66998,0.03673,9.35,nan,1901.4,28501,1,0.0053,ok
ucr,056_UCR_Anomaly_DISTORTEDapneaecg3_5000_11111_11211,DISTORTEDapneaecg3,,chronos_small_resid,default,,0.00374,0.00479,0.66071,0.00484,0.46,nan,1593.6,33379,1,0.00303,ok
ucr,056_UCR_Anomaly_DISTORTEDapneaecg3_5000_11111_11211,DISTORTEDapneaecg3,,chronos_small_quantile,default,,0.00334,0.00456,0.68257,0.00491,0.46,nan,1593.6,33379,1,0.00303,ok
ucr,056_UCR_Anomaly_DISTORTEDapneaecg3_5000_11111_11211,DISTORTEDapneaecg3,,chronos_base_resid,default,,0.00375,0.00486,0.66091,0.00466,1.07,nan,1824.4,33379,1,0.00303,ok
ucr,056_UCR_Anomaly_DISTORTEDapneaecg3_5000_11111_11211,DISTORTEDapneaecg3,,chronos_base_quantile,default,,0.00316,0.00453,0.68292,0.00431,1.07,nan,1824.4,33379,1,0.00303,ok
ucr,056_UCR_Anomaly_DISTORTEDapneaecg3_5000_11111_11211,DISTORTEDapneaecg3,,timesfm_resid,default,,0.00407,0.00517,0.66496,0.00525,12.5,nan,1901.4,33379,1,0.00303,ok
ucr,056_UCR_Anomaly_DISTORTEDapneaecg3_5000_11111_11211,DISTORTEDapneaecg3,,timesfm_quantile,default,,0.00493,0.00571,0.6806,0.01208,12.5,nan,1901.4,33379,1,0.00303,ok
ucr,057_UCR_Anomaly_DISTORTEDapneaecg4_6000_16000_16100,DISTORTEDapneaecg4,,chronos_small_resid,default,,0.00225,0.00351,0.67069,0.00096,0.37,nan,1593.6,32269,1,0.00313,ok
ucr,057_UCR_Anomaly_DISTORTEDapneaecg4_6000_16000_16100,DISTORTEDapneaecg4,,chronos_small_quantile,default,,0.0029,0.00439,0.68874,0.00078,0.37,nan,1593.6,32269,1,0.00313,ok
ucr,057_UCR_Anomaly_DISTORTEDapneaecg4_6000_16000_16100,DISTORTEDapneaecg4,,chronos_base_resid,default,,0.00235,0.00374,0.66574,0.00093,0.76,nan,1824.4,32269,1,0.00313,ok
ucr,057_UCR_Anomaly_DISTORTEDapneaecg4_6000_16000_16100,DISTORTEDapneaecg4,,chronos_base_quantile,default,,0.00299,0.0045,0.67959,0.00054,0.76,nan,1824.4,32269,1,0.00313,ok
ucr,057_UCR_Anomaly_DISTORTEDapneaecg4_6000_16000_16100,DISTORTEDapneaecg4,,timesfm_resid,default,,0.00217,0.00341,0.6688,0.0,10.59,nan,1901.4,32269,1,0.00313,ok
ucr,057_UCR_Anomaly_DISTORTEDapneaecg4_6000_16000_16100,DISTORTEDapneaecg4,,timesfm_quantile,default,,0.00313,0.00456,0.76761,0.0,10.59,nan,1901.4,32269,1,0.00313,ok
ucr,058_UCR_Anomaly_DISTORTEDapneaecg_10000_12240_12308,DISTORTEDapneaecg,,chronos_small_resid,default,,0.00241,0.0029,0.70558,0.00318,0.31,nan,1593.6,28501,1,0.00242,ok
ucr,058_UCR_Anomaly_DISTORTEDapneaecg_10000_12240_12308,DISTORTEDapneaecg,,chronos_small_quantile,default,,0.00231,0.00349,0.67585,0.00037,0.31,nan,1593.6,28501,1,0.00242,ok
ucr,058_UCR_Anomaly_DISTORTEDapneaecg_10000_12240_12308,DISTORTEDapneaecg,,chronos_base_resid,default,,0.0024,0.00302,0.72045,0.00311,0.67,nan,1824.4,28501,1,0.00242,ok
ucr,058_UCR_Anomaly_DISTORTEDapneaecg_10000_12240_12308,DISTORTEDapneaecg,,chronos_base_quantile,default,,0.00234,0.0035,0.68021,0.00086,0.67,nan,1824.4,28501,1,0.00242,ok
ucr,058_UCR_Anomaly_DISTORTEDapneaecg_10000_12240_12308,DISTORTEDapneaecg,,timesfm_resid,default,,0.00293,0.00347,0.71666,0.00409,9.74,nan,1901.4,28501,1,0.00242,ok
ucr,058_UCR_Anomaly_DISTORTEDapneaecg_10000_12240_12308,DISTORTEDapneaecg,,timesfm_quantile,default,,0.00229,0.00347,0.68413,0.00055,9.74,nan,1901.4,28501,1,0.00242,ok
ucr,059_UCR_Anomaly_DISTORTEDgait1_20000_38500_38800,DISTORTEDgait1,,chronos_small_resid,default,,0.00549,0.00847,0.68902,0.00208,0.51,nan,1593.6,45000,1,0.00669,ok
ucr,059_UCR_Anomaly_DISTORTEDgait1_20000_38500_38800,DISTORTEDgait1,,chronos_small_quantile,default,,0.00597,0.00808,0.71262,0.00037,0.51,nan,1593.6,45000,1,0.00669,ok
ucr,059_UCR_Anomaly_DISTORTEDgait1_20000_38500_38800,DISTORTEDgait1,,chronos_base_resid,default,,0.00566,0.00818,0.6764,0.00212,1.05,nan,1824.4,45000,1,0.00669,ok
ucr,059_UCR_Anomaly_DISTORTEDgait1_20000_38500_38800,DISTORTEDgait1,,chronos_base_quantile,default,,0.00657,0.00833,0.86926,0.00041,1.05,nan,1824.4,45000,1,0.00669,ok
ucr,059_UCR_Anomaly_DISTORTEDgait1_20000_38500_38800,DISTORTEDgait1,,timesfm_resid,default,,0.00675,0.0087,0.83496,0.01123,16.2,nan,1901.4,45000,1,0.00669,ok
ucr,059_UCR_Anomaly_DISTORTEDgait1_20000_38500_38800,DISTORTEDgait1,,timesfm_quantile,default,,0.00685,0.00887,0.86434,0.00565,16.2,nan,1901.4,45000,1,0.00669,ok
ucr,060_UCR_Anomaly_DISTORTEDgait2_22000_46500_46800,DISTORTEDgait2,,chronos_small_resid,default,,0.00677,0.0097,0.84105,0.00764,0.58,nan,1593.6,43000,1,0.007,ok
ucr,060_UCR_Anomaly_DISTORTEDgait2_22000_46500_46800,DISTORTEDgait2,,chronos_small_quantile,default,,0.00658,0.00921,0.77576,0.00737,0.58,nan,1593.6,43000,1,0.007,ok
ucr,060_UCR_Anomaly_DISTORTEDgait2_22000_46500_46800,DISTORTEDgait2,,chronos_base_resid,default,,0.00736,0.01069,0.68091,0.00736,1.05,nan,1824.4,43000,1,0.007,ok
ucr,060_UCR_Anomaly_DISTORTEDgait2_22000_46500_46800,DISTORTEDgait2,,chronos_base_quantile,default,,0.00758,0.01051,0.65291,0.01086,1.05,nan,1824.4,43000,1,0.007,ok
ucr,060_UCR_Anomaly_DISTORTEDgait2_22000_46500_46800,DISTORTEDgait2,,timesfm_resid,default,,0.01234,0.01675,0.77267,0.03037,14.9,nan,1901.4,43000,1,0.007,ok
ucr,060_UCR_Anomaly_DISTORTEDgait2_22000_46500_46800,DISTORTEDgait2,,timesfm_quantile,default,,0.00877,0.01238,0.71376,0.01754,14.9,nan,1901.4,43000,1,0.007,ok
ucr,061_UCR_Anomaly_DISTORTEDgait3_24500_59900_60500,DISTORTEDgait3,,chronos_small_resid,default,,0.04143,0.04632,0.73355,0.10411,0.5,nan,1593.6,40500,1,0.01484,ok
ucr,061_UCR_Anomaly_DISTORTEDgait3_24500_59900_60500,DISTORTEDgait3,,chronos_small_quantile,default,,0.0199,0.02407,0.67574,0.03907,0.5,nan,1593.6,40500,1,0.01484,ok
ucr,061_UCR_Anomaly_DISTORTEDgait3_24500_59900_60500,DISTORTEDgait3,,chronos_base_resid,default,,0.0176,0.02131,0.83295,0.05298,0.9,nan,1824.4,40500,1,0.01484,ok
ucr,061_UCR_Anomaly_DISTORTEDgait3_24500_59900_60500,DISTORTEDgait3,,chronos_base_quantile,default,,0.0226,0.02644,0.68489,0.04085,0.9,nan,1824.4,40500,1,0.01484,ok
ucr,061_UCR_Anomaly_DISTORTEDgait3_24500_59900_60500,DISTORTEDgait3,,timesfm_resid,default,,0.01313,0.01691,0.72281,0.01472,13.6,nan,1901.4,40500,1,0.01484,ok
ucr,061_UCR_Anomaly_DISTORTEDgait3_24500_59900_60500,DISTORTEDgait3,,timesfm_quantile,default,,0.01401,0.01646,0.82544,0.00305,13.6,nan,1901.4,40500,1,0.01484,ok
ucr,062_UCR_Anomaly_DISTORTEDgaitHunt1_18500_33070_33180,DISTORTEDgaitHunt1,,chronos_small_resid,default,,0.00198,0.00286,0.65884,0.00079,0.54,nan,1593.6,45500,1,0.00244,ok
ucr,062_UCR_Anomaly_DISTORTEDgaitHunt1_18500_33070_33180,DISTORTEDgaitHunt1,,chronos_small_quantile,default,,0.00248,0.00361,0.72374,0.00214,0.54,nan,1593.6,45500,1,0.00244,ok
ucr,062_UCR_Anomaly_DISTORTEDgaitHunt1_18500_33070_33180,DISTORTEDgaitHunt1,,chronos_base_resid,default,,0.00239,0.00332,0.65585,0.00329,1.11,nan,1824.4,45500,1,0.00244,ok
ucr,062_UCR_Anomaly_DISTORTEDgaitHunt1_18500_33070_33180,DISTORTEDgaitHunt1,,chronos_base_quantile,default,,0.00228,0.00346,0.79383,0.00081,1.11,nan,1824.4,45500,1,0.00244,ok
ucr,062_UCR_Anomaly_DISTORTEDgaitHunt1_18500_33070_33180,DISTORTEDgaitHunt1,,timesfm_resid,default,,0.00244,0.00343,0.65298,0.00303,15.75,nan,1901.4,45500,1,0.00244,ok
ucr,062_UCR_Anomaly_DISTORTEDgaitHunt1_18500_33070_33180,DISTORTEDgaitHunt1,,timesfm_quantile,default,,0.00231,0.00345,0.80382,0.00114,15.75,nan,1901.4,45500,1,0.00244,ok
ucr,063_UCR_Anomaly_DISTORTEDgaitHunt2_18500_31200_31850,DISTORTEDgaitHunt2,,chronos_small_resid,default,,0.01413,0.01621,0.67011,0.01295,0.49,nan,1593.6,45500,1,0.01431,ok
ucr,063_UCR_Anomaly_DISTORTEDgaitHunt2_18500_31200_31850,DISTORTEDgaitHunt2,,chronos_small_quantile,default,,0.01271,0.01478,0.6492,0.01067,0.49,nan,1593.6,45500,1,0.01431,ok
ucr,063_UCR_Anomaly_DISTORTEDgaitHunt2_18500_31200_31850,DISTORTEDgaitHunt2,,chronos_base_resid,default,,0.01348,0.01537,0.67329,0.01021,1.09,nan,1824.4,45500,1,0.01431,ok
ucr,063_UCR_Anomaly_DISTORTEDgaitHunt2_18500_31200_31850,DISTORTEDgaitHunt2,,chronos_base_quantile,default,,0.01305,0.01506,0.65356,0.00355,1.09,nan,1824.4,45500,1,0.01431,ok
ucr,063_UCR_Anomaly_DISTORTEDgaitHunt2_18500_31200_31850,DISTORTEDgaitHunt2,,timesfm_resid,default,,0.01424,0.0164,0.67061,0.01553,16.08,nan,1901.4,45500,1,0.01431,ok
ucr,063_UCR_Anomaly_DISTORTEDgaitHunt2_18500_31200_31850,DISTORTEDgaitHunt2,,timesfm_quantile,default,,0.01314,0.01519,0.79739,0.00436,16.08,nan,1901.4,45500,1,0.01431,ok
ucr,064_UCR_Anomaly_DISTORTEDgaitHunt3_23400_38400_39200,DISTORTEDgaitHunt3,,chronos_small_resid,default,,0.02208,0.02567,0.73488,0.02732,0.7,nan,1593.6,40600,1,0.01973,ok
ucr,064_UCR_Anomaly_DISTORTEDgaitHunt3_23400_38400_39200,DISTORTEDgaitHunt3,,chronos_small_quantile,default,,0.01854,0.02122,0.72365,0.02098,0.7,nan,1593.6,40600,1,0.01973,ok
ucr,064_UCR_Anomaly_DISTORTEDgaitHunt3_23400_38400_39200,DISTORTEDgaitHunt3,,chronos_base_resid,default,,0.02125,0.02467,0.84242,0.02472,1.14,nan,1824.4,40600,1,0.01973,ok
ucr,064_UCR_Anomaly_DISTORTEDgaitHunt3_23400_38400_39200,DISTORTEDgaitHunt3,,chronos_base_quantile,default,,0.01851,0.02147,0.7559,0.01639,1.14,nan,1824.4,40600,1,0.01973,ok
ucr,064_UCR_Anomaly_DISTORTEDgaitHunt3_23400_38400_39200,DISTORTEDgaitHunt3,,timesfm_resid,default,,0.02499,0.02911,0.81693,0.04908,13.65,nan,1901.4,40600,1,0.01973,ok
ucr,064_UCR_Anomaly_DISTORTEDgaitHunt3_23400_38400_39200,DISTORTEDgaitHunt3,,timesfm_quantile,default,,0.01892,0.02189,0.75726,0.02181,13.65,nan,1901.4,40600,1,0.01973,ok
ucr,065_UCR_Anomaly_DISTORTEDinsectEPG1_3000_7000_7030,DISTORTEDinsectEPG1,,chronos_small_resid,default,,0.00433,0.00662,0.71474,0.00571,0.13,nan,1509.7,7001,1,0.00443,ok
ucr,065_UCR_Anomaly_DISTORTEDinsectEPG1_3000_7000_7030,DISTORTEDinsectEPG1,,chronos_small_quantile,default,,0.00439,0.0063,0.69393,0.00533,0.13,nan,1509.7,7001,1,0.00443,ok
ucr,065_UCR_Anomaly_DISTORTEDinsectEPG1_3000_7000_7030,DISTORTEDinsectEPG1,,chronos_base_resid,default,,0.00486,0.00688,0.70595,0.00648,0.25,nan,1612.4,7001,1,0.00443,ok
ucr,065_UCR_Anomaly_DISTORTEDinsectEPG1_3000_7000_7030,DISTORTEDinsectEPG1,,chronos_base_quantile,default,,0.0045,0.00682,0.79832,0.00299,0.25,nan,1612.4,7001,1,0.00443,ok
ucr,065_UCR_Anomaly_DISTORTEDinsectEPG1_3000_7000_7030,DISTORTEDinsectEPG1,,timesfm_resid,default,,0.00649,0.00802,0.72303,0.00891,2.63,nan,1901.4,7001,1,0.00443,ok
ucr,065_UCR_Anomaly_DISTORTEDinsectEPG1_3000_7000_7030,DISTORTEDinsectEPG1,,timesfm_quantile,default,,0.00471,0.0066,0.67415,0.00757,2.63,nan,1901.4,7001,1,0.00443,ok
ucr,066_UCR_Anomaly_DISTORTEDinsectEPG2_3700_8000_8025,DISTORTEDinsectEPG2,,chronos_small_resid,default,,0.01051,0.01456,0.94216,0.024,0.15,nan,1503.6,6298,1,0.00413,ok
ucr,066_UCR_Anomaly_DISTORTEDinsectEPG2_3700_8000_8025,DISTORTEDinsectEPG2,,chronos_small_quantile,default,,0.04203,0.04084,0.7632,0.07847,0.15,nan,1503.6,6298,1,0.00413,ok
ucr,066_UCR_Anomaly_DISTORTEDinsectEPG2_3700_8000_8025,DISTORTEDinsectEPG2,,chronos_base_resid,default,,0.01473,0.01512,0.78356,0.03711,0.23,nan,1598.6,6298,1,0.00413,ok
ucr,066_UCR_Anomaly_DISTORTEDinsectEPG2_3700_8000_8025,DISTORTEDinsectEPG2,,chronos_base_quantile,default,,0.01675,0.0167,0.66814,0.04149,0.23,nan,1598.6,6298,1,0.00413,ok
ucr,066_UCR_Anomaly_DISTORTEDinsectEPG2_3700_8000_8025,DISTORTEDinsectEPG2,,timesfm_resid,default,,0.01698,0.01565,0.68521,0.03885,2.68,nan,1901.4,6298,1,0.00413,ok
ucr,066_UCR_Anomaly_DISTORTEDinsectEPG2_3700_8000_8025,DISTORTEDinsectEPG2,,timesfm_quantile,default,,0.0124,0.01182,0.67156,0.03211,2.68,nan,1901.4,6298,1,0.00413,ok
ucr,067_UCR_Anomaly_DISTORTEDinsectEPG3_5200_7000_7050,DISTORTEDinsectEPG3,,chronos_small_resid,default,,0.01028,0.01365,0.63795,0.00372,0.12,nan,1490.2,4798,1,0.01063,ok
ucr,067_UCR_Anomaly_DISTORTEDinsectEPG3_5200_7000_7050,DISTORTEDinsectEPG3,,chronos_small_quantile,default,,0.00947,0.01405,0.68348,0.00948,0.12,nan,1490.2,4798,1,0.01063,ok
ucr,067_UCR_Anomaly_DISTORTEDinsectEPG3_5200_7000_7050,DISTORTEDinsectEPG3,,chronos_base_resid,default,,0.01171,0.01546,0.69393,0.01328,0.23,nan,1558.1,4798,1,0.01063,ok
ucr,067_UCR_Anomaly_DISTORTEDinsectEPG3_5200_7000_7050,DISTORTEDinsectEPG3,,chronos_base_quantile,default,,0.01095,0.01546,0.70924,0.01486,0.23,nan,1558.1,4798,1,0.01063,ok
ucr,067_UCR_Anomaly_DISTORTEDinsectEPG3_5200_7000_7050,DISTORTEDinsectEPG3,,timesfm_resid,default,,0.00998,0.01411,0.76899,0.01119,2.66,nan,1901.4,4798,1,0.01063,ok
ucr,067_UCR_Anomaly_DISTORTEDinsectEPG3_5200_7000_7050,DISTORTEDinsectEPG3,,timesfm_quantile,default,,0.01006,0.01499,0.82261,0.00522,2.66,nan,1901.4,4798,1,0.01063,ok
ucr,068_UCR_Anomaly_DISTORTEDinsectEPG4_1300_6508_6558,DISTORTEDinsectEPG4,,chronos_small_resid,default,,0.00669,0.0091,0.68721,0.00922,0.15,nan,1525.8,8698,1,0.00586,ok
ucr,068_UCR_Anomaly_DISTORTEDinsectEPG4_1300_6508_6558,DISTORTEDinsectEPG4,,chronos_small_quantile,default,,0.01097,0.01115,0.69274,0.02464,0.15,nan,1525.8,8698,1,0.00586,ok
ucr,068_UCR_Anomaly_DISTORTEDinsectEPG4_1300_6508_6558,DISTORTEDinsectEPG4,,chronos_base_resid,default,,0.0084,0.01038,0.71684,0.02038,0.27,nan,1648.6,8698,1,0.00586,ok
ucr,068_UCR_Anomaly_DISTORTEDinsectEPG4_1300_6508_6558,DISTORTEDinsectEPG4,,chronos_base_quantile,default,,0.03462,0.02439,0.80278,0.08333,0.27,nan,1648.6,8698,1,0.00586,ok
ucr,068_UCR_Anomaly_DISTORTEDinsectEPG4_1300_6508_6558,DISTORTEDinsectEPG4,,timesfm_resid,default,,0.01084,0.01059,0.74647,0.03335,3.95,nan,1901.4,8698,1,0.00586,ok
ucr,068_UCR_Anomaly_DISTORTEDinsectEPG4_1300_6508_6558,DISTORTEDinsectEPG4,,timesfm_quantile,default,,0.00741,0.00978,0.67563,0.01857,3.95,nan,1901.4,8698,1,0.00586,ok
ucr,069_UCR_Anomaly_DISTORTEDinsectEPG5_3200_8500_8501,DISTORTEDinsectEPG5,,chronos_small_resid,default,,0.00029,0.00058,0.85237,0.0,0.19,nan,1508.7,6828,1,0.00029,ok
ucr,069_UCR_Anomaly_DISTORTEDinsectEPG5_3200_8500_8501,DISTORTEDinsectEPG5,,chronos_small_quantile,default,,0.00029,0.00057,0.97528,0.0,0.19,nan,1508.7,6828,1,0.00029,ok
ucr,069_UCR_Anomaly_DISTORTEDinsectEPG5_3200_8500_8501,DISTORTEDinsectEPG5,,chronos_base_resid,default,,0.0004,0.00061,0.73735,0.0,0.29,nan,1605.0,6828,1,0.00029,ok
ucr,069_UCR_Anomaly_DISTORTEDinsectEPG5_3200_8500_8501,DISTORTEDinsectEPG5,,chronos_base_quantile,default,,0.00029,0.00059,0.67973,0.0,0.29,nan,1605.0,6828,1,0.00029,ok
ucr,069_UCR_Anomaly_DISTORTEDinsectEPG5_3200_8500_8501,DISTORTEDinsectEPG5,,timesfm_resid,default,,0.00121,0.00132,0.91318,0.00282,2.8,nan,1901.4,6828,1,0.00029,ok
ucr,069_UCR_Anomaly_DISTORTEDinsectEPG5_3200_8500_8501,DISTORTEDinsectEPG5,,timesfm_quantile,default,,0.00122,0.00117,0.66665,0.00304,2.8,nan,1901.4,6828,1,0.00029,ok
ucr,070_UCR_Anomaly_DISTORTEDltstdbs30791AI_17555_52600_52800,DISTORTEDltstdbs30791AI,,chronos_small_resid,default,,0.01446,0.01565,0.75468,0.03478,0.51,nan,1593.6,38568,1,0.00521,ok
ucr,070_UCR_Anomaly_DISTORTEDltstdbs30791AI_17555_52600_52800,DISTORTEDltstdbs30791AI,,chronos_small_quantile,default,,0.00542,0.00796,0.73726,0.00471,0.51,nan,1593.6,38568,1,0.00521,ok
ucr,070_UCR_Anomaly_DISTORTEDltstdbs30791AI_17555_52600_52800,DISTORTEDltstdbs30791AI,,chronos_base_resid,default,,0.01598,0.01855,0.72016,0.03866,1.04,nan,1824.4,38568,1,0.00521,ok
ucr,070_UCR_Anomaly_DISTORTEDltstdbs30791AI_17555_52600_52800,DISTORTEDltstdbs30791AI,,chronos_base_quantile,default,,0.00606,0.00844,0.68319,0.00982,1.04,nan,1824.4,38568,1,0.00521,ok
ucr,070_UCR_Anomaly_DISTORTEDltstdbs30791AI_17555_52600_52800,DISTORTEDltstdbs30791AI,,timesfm_resid,default,,0.0582,0.03617,0.81997,0.15761,13.41,nan,1901.4,38568,1,0.00521,ok
ucr,070_UCR_Anomaly_DISTORTEDltstdbs30791AI_17555_52600_52800,DISTORTEDltstdbs30791AI,,timesfm_quantile,default,,0.00977,0.01114,0.67739,0.02391,13.41,nan,1901.4,38568,1,0.00521,ok
ucr,071_UCR_Anomaly_DISTORTEDltstdbs30791AS_23000_52600_52800,DISTORTEDltstdbs30791AS,,chronos_small_resid,default,,0.24288,0.09454,0.99898,0.38265,0.36,nan,1593.6,32000,1,0.00628,ok
ucr,071_UCR_Anomaly_DISTORTEDltstdbs30791AS_23000_52600_52800,DISTORTEDltstdbs30791AS,,chronos_small_quantile,default,,0.0077,0.00995,0.7359,0.03274,0.36,nan,1593.6,32000,1,0.00628,ok
ucr,071_UCR_Anomaly_DISTORTEDltstdbs30791AS_23000_52600_52800,DISTORTEDltstdbs30791AS,,chronos_base_resid,default,,0.27574,0.09402,0.99897,0.38236,0.74,nan,1824.4,32000,1,0.00628,ok
ucr,071_UCR_Anomaly_DISTORTEDltstdbs30791AS_23000_52600_52800,DISTORTEDltstdbs30791AS,,chronos_base_quantile,default,,0.00814,0.01036,0.70084,0.01627,0.74,nan,1824.4,32000,1,0.00628,ok
ucr,071_UCR_Anomaly_DISTORTEDltstdbs30791AS_23000_52600_52800,DISTORTEDltstdbs30791AS,,timesfm_resid,default,,0.09804,0.04697,0.85537,0.24079,10.55,nan,1901.4,32000,1,0.00628,ok
ucr,071_UCR_Anomaly_DISTORTEDltstdbs30791AS_23000_52600_52800,DISTORTEDltstdbs30791AS,,timesfm_quantile,default,,0.07923,0.02842,0.96478,0.18584,10.55,nan,1901.4,32000,1,0.00628,ok
ucr,072_UCR_Anomaly_DISTORTEDltstdbs30791ES_20000_52600_52800,DISTORTEDltstdbs30791ES,,chronos_small_resid,default,,0.0075,0.00997,0.7578,0.01569,0.47,nan,1593.6,35000,1,0.00574,ok
ucr,072_UCR_Anomaly_DISTORTEDltstdbs30791ES_20000_52600_52800,DISTORTEDltstdbs30791ES,,chronos_small_quantile,default,,0.00546,0.00819,0.67562,0.00208,0.47,nan,1593.6,35000,1,0.00574,ok
ucr,072_UCR_Anomaly_DISTORTEDltstdbs30791ES_20000_52600_52800,DISTORTEDltstdbs30791ES,,chronos_base_resid,default,,0.00766,0.01034,0.77686,0.01739,0.97,nan,1824.4,35000,1,0.00574,ok
ucr,072_UCR_Anomaly_DISTORTEDltstdbs30791ES_20000_52600_52800,DISTORTEDltstdbs30791ES,,chronos_base_quantile,default,,0.0056,0.0084,0.66528,0.0028,0.97,nan,1824.4,35000,1,0.00574,ok
ucr,072_UCR_Anomaly_DISTORTEDltstdbs30791ES_20000_52600_52800,DISTORTEDltstdbs30791ES,,timesfm_resid,default,,0.01372,0.0185,0.728,0.03032,12.22,nan,1901.4,35000,1,0.00574,ok
ucr,072_UCR_Anomaly_DISTORTEDltstdbs30791ES_20000_52600_52800,DISTORTEDltstdbs30791ES,,timesfm_quantile,default,,0.0134,0.01508,0.74745,0.02935,12.22,nan,1901.4,35000,1,0.00574,ok
ucr,073_UCR_Anomaly_DISTORTEDpark3m_60000_72150_72495,DISTORTEDpark3m,,chronos_small_resid,default,,0.01639,0.01848,0.69998,0.04044,0.36,nan,1593.6,30000,1,0.01153,ok
ucr,073_UCR_Anomaly_DISTORTEDpark3m_60000_72150_72495,DISTORTEDpark3m,,chronos_small_quantile,default,,0.01218,0.01531,0.72929,0.01652,0.36,nan,1593.6,30000,1,0.01153,ok
ucr,073_UCR_Anomaly_DISTORTEDpark3m_60000_72150_72495,DISTORTEDpark3m,,chronos_base_resid,default,,0.04304,0.01919,0.92747,0.20679,0.74,nan,1824.4,30000,1,0.01153,ok
ucr,073_UCR_Anomaly_DISTORTEDpark3m_60000_72150_72495,DISTORTEDpark3m,,chronos_base_quantile,default,,0.01097,0.01402,0.74964,0.00485,0.74,nan,1824.4,30000,1,0.01153,ok
ucr,073_UCR_Anomaly_DISTORTEDpark3m_60000_72150_72495,DISTORTEDpark3m,,timesfm_resid,default,,0.01778,0.01781,0.71694,0.04197,11.75,nan,1901.4,30000,1,0.01153,ok
ucr,073_UCR_Anomaly_DISTORTEDpark3m_60000_72150_72495,DISTORTEDpark3m,,timesfm_quantile,default,,0.01206,0.01495,0.69492,0.01487,11.75,nan,1901.4,30000,1,0.01153,ok
ucr,074_UCR_Anomaly_DISTORTEDqtdbSel1005V_4000_12400_12800,DISTORTEDqtdbSel1005V,,chronos_small_resid,default,,0.01129,0.01474,0.65324,0.01006,0.36,nan,1593.6,32001,1,0.01253,ok
ucr,074_UCR_Anomaly_DISTORTEDqtdbSel1005V_4000_12400_12800,DISTORTEDqtdbSel1005V,,chronos_small_quantile,default,,0.01332,0.01785,0.66822,0.01818,0.36,nan,1593.6,32001,1,0.01253,ok
ucr,074_UCR_Anomaly_DISTORTEDqtdbSel1005V_4000_12400_12800,DISTORTEDqtdbSel1005V,,chronos_base_resid,default,,0.01092,0.01464,0.65269,0.00495,0.81,nan,1824.4,32001,1,0.01253,ok
ucr,074_UCR_Anomaly_DISTORTEDqtdbSel1005V_4000_12400_12800,DISTORTEDqtdbSel1005V,,chronos_base_quantile,default,,0.01489,0.02024,0.76188,0.02322,0.81,nan,1824.4,32001,1,0.01253,ok
ucr,074_UCR_Anomaly_DISTORTEDqtdbSel1005V_4000_12400_12800,DISTORTEDqtdbSel1005V,,timesfm_resid,default,,0.01327,0.01738,0.67237,0.01545,10.62,nan,1901.4,32001,1,0.01253,ok
ucr,074_UCR_Anomaly_DISTORTEDqtdbSel1005V_4000_12400_12800,DISTORTEDqtdbSel1005V,,timesfm_quantile,default,,0.01395,0.01723,0.67544,0.02502,10.62,nan,1901.4,32001,1,0.01253,ok
ucr,075_UCR_Anomaly_DISTORTEDqtdbSel100MLII_4000_13400_13800,DISTORTEDqtdbSel100MLII,,chronos_small_resid,default,,0.01247,0.01688,0.66212,0.00539,0.33,nan,1593.6,26000,1,0.01542,ok
ucr,075_UCR_Anomaly_DISTORTEDqtdbSel100MLII_4000_13400_13800,DISTORTEDqtdbSel100MLII,,chronos_small_quantile,default,,0.01528,0.01968,0.68483,0.01064,0.33,nan,1593.6,26000,1,0.01542,ok
ucr,075_UCR_Anomaly_DISTORTEDqtdbSel100MLII_4000_13400_13800,DISTORTEDqtdbSel100MLII,,chronos_base_resid,default,,0.01209,0.01639,0.67421,0.00617,0.57,nan,1824.4,26000,1,0.01542,ok
ucr,075_UCR_Anomaly_DISTORTEDqtdbSel100MLII_4000_13400_13800,DISTORTEDqtdbSel100MLII,,chronos_base_quantile,default,,0.01532,0.0195,0.68793,0.0089,0.57,nan,1824.4,26000,1,0.01542,ok
ucr,075_UCR_Anomaly_DISTORTEDqtdbSel100MLII_4000_13400_13800,DISTORTEDqtdbSel100MLII,,timesfm_resid,default,,0.01409,0.0207,0.69153,0.01544,9.96,nan,1901.4,26000,1,0.01542,ok
ucr,075_UCR_Anomaly_DISTORTEDqtdbSel100MLII_4000_13400_13800,DISTORTEDqtdbSel100MLII,,timesfm_quantile,default,,0.0157,0.02048,0.73452,0.01667,9.96,nan,1901.4,26000,1,0.01542,ok
ucr,076_UCR_Anomaly_DISTORTEDresperation10_48000_130700_131880,DISTORTEDresperation10,,chronos_small_resid,default,,0.01056,0.01088,0.79916,0.01608,1.57,nan,1593.6,147000,1,0.00803,ok
ucr,076_UCR_Anomaly_DISTORTEDresperation10_48000_130700_131880,DISTORTEDresperation10,,chronos_small_quantile,default,,0.00814,0.00868,0.68464,0.01079,1.57,nan,1593.6,147000,1,0.00803,ok
ucr,076_UCR_Anomaly_DISTORTEDresperation10_48000_130700_131880,DISTORTEDresperation10,,chronos_base_resid,default,,0.01074,0.01095,0.68078,0.02531,3.45,nan,1824.4,147000,1,0.00803,ok
ucr,076_UCR_Anomaly_DISTORTEDresperation10_48000_130700_131880,DISTORTEDresperation10,,chronos_base_quantile,default,,0.00962,0.01006,0.67407,0.02289,3.45,nan,1824.4,147000,1,0.00803,ok
ucr,076_UCR_Anomaly_DISTORTEDresperation10_48000_130700_131880,DISTORTEDresperation10,,timesfm_resid,default,,0.01182,0.01178,0.66973,0.02975,49.93,nan,1901.4,147000,1,0.00803,ok
ucr,076_UCR_Anomaly_DISTORTEDresperation10_48000_130700_131880,DISTORTEDresperation10,,timesfm_quantile,default,,0.0161,0.01375,0.67072,0.03318,49.93,nan,1901.4,147000,1,0.00803,ok
ucr,077_UCR_Anomaly_DISTORTEDresperation11_58000_110800_110801,DISTORTEDresperation11,,chronos_small_resid,default,,0.01702,0.00343,0.85455,0.00525,1.53,nan,1593.6,137000,1,1e-05,ok
ucr,077_UCR_Anomaly_DISTORTEDresperation11_58000_110800_110801,DISTORTEDresperation11,,chronos_small_quantile,default,,0.83333,0.29193,0.77811,0.05634,1.53,nan,1593.6,137000,1,1e-05,ok
ucr,077_UCR_Anomaly_DISTORTEDresperation11_58000_110800_110801,DISTORTEDresperation11,,chronos_base_resid,default,,0.02017,0.00344,0.80807,0.01691,2.75,nan,1824.4,137000,1,1e-05,ok
ucr,077_UCR_Anomaly_DISTORTEDresperation11_58000_110800_110801,DISTORTEDresperation11,,chronos_base_quantile,default,,0.64286,0.2922,0.67365,0.05634,2.75,nan,1824.4,137000,1,1e-05,ok
ucr,077_UCR_Anomaly_DISTORTEDresperation11_58000_110800_110801,DISTORTEDresperation11,,timesfm_resid,default,,0.00218,0.0016,0.72852,0.00275,46.06,nan,1901.4,137000,1,1e-05,ok
ucr,077_UCR_Anomaly_DISTORTEDresperation11_58000_110800_110801,DISTORTEDresperation11,,timesfm_quantile,default,,0.00011,0.00021,0.83121,0.00021,46.06,nan,1901.4,137000,1,1e-05,ok
ucr,078_UCR_Anomaly_DISTORTEDresperation1_100000_110260_110412,DISTORTEDresperation1,,chronos_small_resid,default,,0.00113,0.00169,0.67268,0.00035,1.17,nan,1593.6,100000,1,0.00153,ok
ucr,078_UCR_Anomaly_DISTORTEDresperation1_100000_110260_110412,DISTORTEDresperation1,,chronos_small_quantile,default,,0.00151,0.00218,0.68381,0.00019,1.17,nan,1593.6,100000,1,0.00153,ok
ucr,078_UCR_Anomaly_DISTORTEDresperation1_100000_110260_110412,DISTORTEDresperation1,,chronos_base_resid,default,,0.00114,0.0017,0.74674,0.00141,2.59,nan,1824.4,100000,1,0.00153,ok
ucr,078_UCR_Anomaly_DISTORTEDresperation1_100000_110260_110412,DISTORTEDresperation1,,chronos_base_quantile,default,,0.0015,0.00219,0.71467,0.00047,2.59,nan,1824.4,100000,1,0.00153,ok
ucr,078_UCR_Anomaly_DISTORTEDresperation1_100000_110260_110412,DISTORTEDresperation1,,timesfm_resid,default,,0.00104,0.00163,0.71929,0.0,34.22,nan,1901.4,100000,1,0.00153,ok
ucr,078_UCR_Anomaly_DISTORTEDresperation1_100000_110260_110412,DISTORTEDresperation1,,timesfm_quantile,default,,0.00151,0.00222,0.7184,8e-05,34.22,nan,1901.4,100000,1,0.00153,ok
ucr,079_UCR_Anomaly_DISTORTEDresperation2_30000_168250_168250,DISTORTEDresperation2,,chronos_small_resid,default,,1e-05,1e-05,0.65402,0.0,1.86,nan,1593.6,170051,1,1e-05,ok
ucr,079_UCR_Anomaly_DISTORTEDresperation2_30000_168250_168250,DISTORTEDresperation2,,chronos_small_quantile,default,,1e-05,2e-05,0.65665,0.0,1.86,nan,1593.6,170051,1,1e-05,ok
ucr,079_UCR_Anomaly_DISTORTEDresperation2_30000_168250_168250,DISTORTEDresperation2,,chronos_base_resid,default,,1e-05,1e-05,0.65188,0.0,3.41,nan,1824.4,170051,1,1e-05,ok
ucr,079_UCR_Anomaly_DISTORTEDresperation2_30000_168250_168250,DISTORTEDresperation2,,chronos_base_quantile,default,,1e-05,2e-05,0.65626,0.0,3.41,nan,1824.4,170051,1,1e-05,ok
ucr,079_UCR_Anomaly_DISTORTEDresperation2_30000_168250_168250,DISTORTEDresperation2,,timesfm_resid,default,,1e-05,2e-05,0.63429,0.0,56.53,nan,1901.4,170051,1,1e-05,ok
ucr,079_UCR_Anomaly_DISTORTEDresperation2_30000_168250_168250,DISTORTEDresperation2,,timesfm_quantile,default,,1e-05,2e-05,0.63864,0.0,56.53,nan,1901.4,170051,1,1e-05,ok
ucr,080_UCR_Anomaly_DISTORTEDresperation2_30000_168250_168251,DISTORTEDresperation2,,chronos_small_resid,default,,1e-05,2e-05,0.65698,0.0,2.26,nan,1593.6,160050,1,1e-05,ok
ucr,080_UCR_Anomaly_DISTORTEDresperation2_30000_168250_168251,DISTORTEDresperation2,,chronos_small_quantile,default,,1e-05,2e-05,0.65815,0.0,2.26,nan,1593.6,160050,1,1e-05,ok
ucr,080_UCR_Anomaly_DISTORTEDresperation2_30000_168250_168251,DISTORTEDresperation2,,chronos_base_resid,default,,1e-05,2e-05,0.64667,0.0,3.55,nan,1824.4,160050,1,1e-05,ok
ucr,080_UCR_Anomaly_DISTORTEDresperation2_30000_168250_168251,DISTORTEDresperation2,,chronos_base_quantile,default,,1e-05,2e-05,0.64844,0.0,3.55,nan,1824.4,160050,1,1e-05,ok
ucr,080_UCR_Anomaly_DISTORTEDresperation2_30000_168250_168251,DISTORTEDresperation2,,timesfm_resid,default,,1e-05,2e-05,0.63756,0.0,54.35,nan,1901.4,160050,1,1e-05,ok
ucr,080_UCR_Anomaly_DISTORTEDresperation2_30000_168250_168251,DISTORTEDresperation2,,timesfm_quantile,default,,1e-05,2e-05,0.64555,0.0,54.35,nan,1901.4,160050,1,1e-05,ok
ucr,081_UCR_Anomaly_DISTORTEDresperation3_45000_158250_158251,DISTORTEDresperation3,,chronos_small_resid,default,,2e-05,3e-05,0.66741,0.0,1.6,nan,1593.6,145100,1,1e-05,ok
ucr,081_UCR_Anomaly_DISTORTEDresperation3_45000_158250_158251,DISTORTEDresperation3,,chronos_small_quantile,default,,1e-05,3e-05,0.66381,0.0,1.6,nan,1593.6,145100,1,1e-05,ok
ucr,081_UCR_Anomaly_DISTORTEDresperation3_45000_158250_158251,DISTORTEDresperation3,,chronos_base_resid,default,,2e-05,3e-05,0.65993,0.0,3.53,nan,1824.4,145100,1,1e-05,ok
ucr,081_UCR_Anomaly_DISTORTEDresperation3_45000_158250_158251,DISTORTEDresperation3,,chronos_base_quantile,default,,1e-05,3e-05,0.65791,0.0,3.53,nan,1824.4,145100,1,1e-05,ok
ucr,081_UCR_Anomaly_DISTORTEDresperation3_45000_158250_158251,DISTORTEDresperation3,,timesfm_resid,default,,2e-05,3e-05,0.64807,0.0,48.12,nan,1901.4,145100,1,1e-05,ok
ucr,081_UCR_Anomaly_DISTORTEDresperation3_45000_158250_158251,DISTORTEDresperation3,,timesfm_quantile,default,,1e-05,3e-05,0.64711,0.0,48.12,nan,1901.4,145100,1,1e-05,ok
ucr,082_UCR_Anomaly_DISTORTEDresperation4_70000_128430_128431,DISTORTEDresperation4,,chronos_small_resid,default,,2e-05,2e-05,0.81816,0.0,1.58,nan,1593.6,125250,1,2e-05,ok
ucr,082_UCR_Anomaly_DISTORTEDresperation4_70000_128430_128431,DISTORTEDresperation4,,chronos_small_quantile,default,,2e-05,3e-05,0.7314,0.0,1.58,nan,1593.6,125250,1,2e-05,ok
ucr,082_UCR_Anomaly_DISTORTEDresperation4_70000_128430_128431,DISTORTEDresperation4,,chronos_base_resid,default,,2e-05,3e-05,0.85973,0.0,2.9,nan,1824.4,125250,1,2e-05,ok
ucr,082_UCR_Anomaly_DISTORTEDresperation4_70000_128430_128431,DISTORTEDresperation4,,chronos_base_quantile,default,,2e-05,3e-05,0.72818,0.0,2.9,nan,1824.4,125250,1,2e-05,ok
ucr,082_UCR_Anomaly_DISTORTEDresperation4_70000_128430_128431,DISTORTEDresperation4,,timesfm_resid,default,,2e-05,3e-05,0.82122,0.0,44.38,nan,1901.4,125250,1,2e-05,ok
ucr,082_UCR_Anomaly_DISTORTEDresperation4_70000_128430_128431,DISTORTEDresperation4,,timesfm_quantile,default,,2e-05,3e-05,0.86476,0.0,44.38,nan,1901.4,125250,1,2e-05,ok
ucr,083_UCR_Anomaly_DISTORTEDresperation9_38000_143411_143511,DISTORTEDresperation9,,chronos_small_resid,default,,0.00121,0.00157,0.66131,0.00253,1.75,nan,1593.6,157000,1,0.00064,ok
ucr,083_UCR_Anomaly_DISTORTEDresperation9_38000_143411_143511,DISTORTEDresperation9,,chronos_small_quantile,default,,0.00111,0.00134,0.68241,0.00182,1.75,nan,1593.6,157000,1,0.00064,ok
ucr,083_UCR_Anomaly_DISTORTEDresperation9_38000_143411_143511,DISTORTEDresperation9,,chronos_base_resid,default,,0.00098,0.00149,0.7306,0.00149,3.76,nan,1824.4,157000,1,0.00064,ok
ucr,083_UCR_Anomaly_DISTORTEDresperation9_38000_143411_143511,DISTORTEDresperation9,,chronos_base_quantile,default,,0.00113,0.00144,0.68286,0.00252,3.76,nan,1824.4,157000,1,0.00064,ok
ucr,083_UCR_Anomaly_DISTORTEDresperation9_38000_143411_143511,DISTORTEDresperation9,,timesfm_resid,default,,0.00114,0.00146,0.74,0.00233,51.84,nan,1901.4,157000,1,0.00064,ok
ucr,083_UCR_Anomaly_DISTORTEDresperation9_38000_143411_143511,DISTORTEDresperation9,,timesfm_quantile,default,,0.0033,0.00235,0.64746,0.01398,51.84,nan,1901.4,157000,1,0.00064,ok
ucr,084_UCR_Anomaly_DISTORTEDs20101mML2_12000_35774_35874,DISTORTEDs20101mML2,,chronos_small_resid,default,,0.01505,0.01693,0.68622,0.07997,0.6,nan,1593.6,28000,1,0.00361,ok
ucr,084_UCR_Anomaly_DISTORTEDs20101mML2_12000_35774_35874,DISTORTEDs20101mML2,,chronos_small_quantile,default,,0.00896,0.00985,0.6766,0.02275,0.6,nan,1593.6,28000,1,0.00361,ok
ucr,084_UCR_Anomaly_DISTORTEDs20101mML2_12000_35774_35874,DISTORTEDs20101mML2,,chronos_base_resid,default,,0.01308,0.01521,0.67522,0.03172,0.93,nan,1824.4,28000,1,0.00361,ok
ucr,084_UCR_Anomaly_DISTORTEDs20101mML2_12000_35774_35874,DISTORTEDs20101mML2,,chronos_base_quantile,default,,0.01607,0.01465,0.66781,0.03573,0.93,nan,1824.4,28000,1,0.00361,ok
ucr,084_UCR_Anomaly_DISTORTEDs20101mML2_12000_35774_35874,DISTORTEDs20101mML2,,timesfm_resid,default,,0.03514,0.02306,0.67852,0.09525,9.57,nan,1901.4,28000,1,0.00361,ok
ucr,084_UCR_Anomaly_DISTORTEDs20101mML2_12000_35774_35874,DISTORTEDs20101mML2,,timesfm_quantile,default,,0.13432,0.05711,0.77103,0.2497,9.57,nan,1901.4,28000,1,0.00361,ok
ucr,085_UCR_Anomaly_DISTORTEDs20101m_10000_35774_35874,DISTORTEDs20101m,,chronos_small_resid,default,,0.00604,0.00674,0.67467,0.03422,0.33,nan,1593.6,30000,1,0.00337,ok
ucr,085_UCR_Anomaly_DISTORTEDs20101m_10000_35774_35874,DISTORTEDs20101m,,chronos_small_quantile,default,,0.00376,0.00579,0.6717,0.00602,0.33,nan,1593.6,30000,1,0.00337,ok
ucr,085_UCR_Anomaly_DISTORTEDs20101m_10000_35774_35874,DISTORTEDs20101m,,chronos_base_resid,default,,0.00852,0.00586,0.67592,0.06143,0.69,nan,1824.4,30000,1,0.00337,ok
ucr,085_UCR_Anomaly_DISTORTEDs20101m_10000_35774_35874,DISTORTEDs20101m,,chronos_base_quantile,default,,0.0037,0.0055,0.84094,0.00793,0.69,nan,1824.4,30000,1,0.00337,ok
ucr,085_UCR_Anomaly_DISTORTEDs20101m_10000_35774_35874,DISTORTEDs20101m,,timesfm_resid,default,,0.0127,0.00869,0.64856,0.06633,10.94,nan,1901.4,30000,1,0.00337,ok
ucr,085_UCR_Anomaly_DISTORTEDs20101m_10000_35774_35874,DISTORTEDs20101m,,timesfm_quantile,default,,0.03122,0.01769,0.70789,0.06993,10.94,nan,1901.4,30000,1,0.00337,ok
ucr,086_UCR_Anomaly_DISTORTEDsddb49_20000_67950_68200,DISTORTEDsddb49,,chronos_small_resid,default,,0.01636,0.01569,0.82979,0.04799,0.68,nan,1593.6,60000,1,0.00418,ok
ucr,086_UCR_Anomaly_DISTORTEDsddb49_20000_67950_68200,DISTORTEDsddb49,,chronos_small_quantile,default,,0.00914,0.0096,0.68126,0.02297,0.68,nan,1593.6,60000,1,0.00418,ok
ucr,086_UCR_Anomaly_DISTORTEDsddb49_20000_67950_68200,DISTORTEDsddb49,,chronos_base_resid,default,,0.04183,0.02253,0.88297,0.06225,1.51,nan,1824.4,60000,1,0.00418,ok
ucr,086_UCR_Anomaly_DISTORTEDsddb49_20000_67950_68200,DISTORTEDsddb49,,chronos_base_quantile,default,,0.01137,0.01132,0.67611,0.03121,1.51,nan,1824.4,60000,1,0.00418,ok
ucr,086_UCR_Anomaly_DISTORTEDsddb49_20000_67950_68200,DISTORTEDsddb49,,timesfm_resid,default,,0.04565,0.02577,0.71044,0.13576,20.14,nan,1901.4,60000,1,0.00418,ok
ucr,086_UCR_Anomaly_DISTORTEDsddb49_20000_67950_68200,DISTORTEDsddb49,,timesfm_quantile,default,,0.02092,0.018,0.64654,0.05854,20.14,nan,1901.4,60000,1,0.00418,ok
ucr,087_UCR_Anomaly_DISTORTEDsel840mECG1_17000_51370_51740,DISTORTEDsel840mECG1,,chronos_small_resid,default,,0.02107,0.01758,0.80312,0.0982,0.51,nan,1593.6,43000,1,0.00863,ok
ucr,087_UCR_Anomaly_DISTORTEDsel840mECG1_17000_51370_51740,DISTORTEDsel840mECG1,,chronos_small_quantile,default,,0.0081,0.01043,0.84496,0.00203,0.51,nan,1593.6,43000,1,0.00863,ok
ucr,087_UCR_Anomaly_DISTORTEDsel840mECG1_17000_51370_51740,DISTORTEDsel840mECG1,,chronos_base_resid,default,,0.03836,0.03076,0.79602,0.12729,1.08,nan,1824.4,43000,1,0.00863,ok
ucr,087_UCR_Anomaly_DISTORTEDsel840mECG1_17000_51370_51740,DISTORTEDsel840mECG1,,chronos_base_quantile,default,,0.00868,0.01115,0.74174,0.00602,1.08,nan,1824.4,43000,1,0.00863,ok
ucr,087_UCR_Anomaly_DISTORTEDsel840mECG1_17000_51370_51740,DISTORTEDsel840mECG1,,timesfm_resid,default,,0.01364,0.01764,0.76026,0.02666,16.54,nan,1901.4,43000,1,0.00863,ok
ucr,087_UCR_Anomaly_DISTORTEDsel840mECG1_17000_51370_51740,DISTORTEDsel840mECG1,,timesfm_quantile,default,,0.01008,0.01346,0.6597,0.01405,16.54,nan,1901.4,43000,1,0.00863,ok
ucr,088_UCR_Anomaly_DISTORTEDsel840mECG2_20000_49370_49740,DISTORTEDsel840mECG2,,chronos_small_resid,default,,0.01459,0.01681,0.67727,0.03191,0.68,nan,1593.6,37001,1,0.01003,ok
ucr,088_UCR_Anomaly_DISTORTEDsel840mECG2_20000_49370_49740,DISTORTEDsel840mECG2,,chronos_small_quantile,default,,0.00932,0.01206,0.68365,0.00441,0.68,nan,1593.6,37001,1,0.01003,ok
ucr,088_UCR_Anomaly_DISTORTEDsel840mECG2_20000_49370_49740,DISTORTEDsel840mECG2,,chronos_base_resid,default,,0.01298,0.01551,0.67568,0.0193,1.02,nan,1824.4,37001,1,0.01003,ok
ucr,088_UCR_Anomaly_DISTORTEDsel840mECG2_20000_49370_49740,DISTORTEDsel840mECG2,,chronos_base_quantile,default,,0.00945,0.01212,0.6689,0.00334,1.02,nan,1824.4,37001,1,0.01003,ok
ucr,088_UCR_Anomaly_DISTORTEDsel840mECG2_20000_49370_49740,DISTORTEDsel840mECG2,,timesfm_resid,default,,0.01783,0.02056,0.67442,0.03934,13.34,nan,1901.4,37001,1,0.01003,ok
ucr,088_UCR_Anomaly_DISTORTEDsel840mECG2_20000_49370_49740,DISTORTEDsel840mECG2,,timesfm_quantile,default,,0.01182,0.01509,0.67056,0.02062,13.34,nan,1901.4,37001,1,0.01003,ok
ucr,089_UCR_Anomaly_DISTORTEDtiltAPB1_100000_114283_114350,DISTORTEDtiltAPB1,,chronos_small_resid,default,,0.00385,0.0054,0.69048,0.00652,0.41,nan,1593.6,30001,1,0.00227,ok
ucr,089_UCR_Anomaly_DISTORTEDtiltAPB1_100000_114283_114350,DISTORTEDtiltAPB1,,chronos_small_quantile,default,,0.0025,0.00337,0.66752,0.00361,0.41,nan,1593.6,30001,1,0.00227,ok
ucr,089_UCR_Anomaly_DISTORTEDtiltAPB1_100000_114283_114350,DISTORTEDtiltAPB1,,chronos_base_resid,default,,0.00906,0.01161,0.69122,0.02311,0.83,nan,1824.4,30001,1,0.00227,ok
ucr,089_UCR_Anomaly_DISTORTEDtiltAPB1_100000_114283_114350,DISTORTEDtiltAPB1,,chronos_base_quantile,default,,0.01162,0.01182,0.67832,0.03055,0.83,nan,1824.4,30001,1,0.00227,ok
ucr,089_UCR_Anomaly_DISTORTEDtiltAPB1_100000_114283_114350,DISTORTEDtiltAPB1,,timesfm_resid,default,,0.01749,0.01646,0.65828,0.05411,10.64,nan,1901.4,30001,1,0.00227,ok
ucr,089_UCR_Anomaly_DISTORTEDtiltAPB1_100000_114283_114350,DISTORTEDtiltAPB1,,timesfm_quantile,default,,0.00636,0.00739,0.65695,0.0182,10.64,nan,1901.4,30001,1,0.00227,ok
ucr,090_UCR_Anomaly_DISTORTEDtiltAPB2_50000_124159_124985,DISTORTEDtiltAPB2,,chronos_small_resid,default,,0.01148,0.01246,0.69771,0.01235,0.87,nan,1593.6,78767,1,0.0105,ok
ucr,090_UCR_Anomaly_DISTORTEDtiltAPB2_50000_124159_124985,DISTORTEDtiltAPB2,,chronos_small_quantile,default,,0.0127,0.01342,0.78528,0.01641,0.87,nan,1593.6,78767,1,0.0105,ok
ucr,090_UCR_Anomaly_DISTORTEDtiltAPB2_50000_124159_124985,DISTORTEDtiltAPB2,,chronos_base_resid,default,,0.01117,0.01231,0.6364,0.01368,1.73,nan,1824.4,78767,1,0.0105,ok
ucr,090_UCR_Anomaly_DISTORTEDtiltAPB2_50000_124159_124985,DISTORTEDtiltAPB2,,chronos_base_quantile,default,,0.01014,0.01124,0.75929,0.01139,1.73,nan,1824.4,78767,1,0.0105,ok
ucr,090_UCR_Anomaly_DISTORTEDtiltAPB2_50000_124159_124985,DISTORTEDtiltAPB2,,timesfm_resid,default,,0.01696,0.01865,0.66283,0.02467,26.51,nan,1901.4,78767,1,0.0105,ok
ucr,090_UCR_Anomaly_DISTORTEDtiltAPB2_50000_124159_124985,DISTORTEDtiltAPB2,,timesfm_quantile,default,,0.01087,0.01247,0.73002,0.0128,26.51,nan,1901.4,78767,1,0.0105,ok
ucr,091_UCR_Anomaly_DISTORTEDtiltAPB3_40000_114000_114370,DISTORTEDtiltAPB3,,chronos_small_resid,default,,0.00349,0.00459,0.71407,0.00324,1.12,nan,1593.6,89489,1,0.00415,ok
ucr,091_UCR_Anomaly_DISTORTEDtiltAPB3_40000_114000_114370,DISTORTEDtiltAPB3,,chronos_small_quantile,default,,0.0037,0.00474,0.78278,0.00146,1.12,nan,1593.6,89489,1,0.00415,ok
ucr,091_UCR_Anomaly_DISTORTEDtiltAPB3_40000_114000_114370,DISTORTEDtiltAPB3,,chronos_base_resid,default,,0.00308,0.00398,0.64689,0.00108,1.94,nan,1824.4,89489,1,0.00415,ok
ucr,091_UCR_Anomaly_DISTORTEDtiltAPB3_40000_114000_114370,DISTORTEDtiltAPB3,,chronos_base_quantile,default,,0.00414,0.0053,0.76404,0.00513,1.94,nan,1824.4,89489,1,0.00415,ok
ucr,091_UCR_Anomaly_DISTORTEDtiltAPB3_40000_114000_114370,DISTORTEDtiltAPB3,,timesfm_resid,default,,0.00389,0.00497,0.65195,0.0037,28.64,nan,1901.4,89489,1,0.00415,ok
ucr,091_UCR_Anomaly_DISTORTEDtiltAPB3_40000_114000_114370,DISTORTEDtiltAPB3,,timesfm_quantile,default,,0.00378,0.00499,0.70054,0.00331,28.64,nan,1901.4,89489,1,0.00415,ok
ucr,092_UCR_Anomaly_DISTORTEDtiltAPB4_20000_67995_67996,DISTORTEDtiltAPB4,,chronos_small_resid,default,,0.00191,0.00193,0.8254,0.00349,1.35,nan,1593.6,108001,1,2e-05,ok
ucr,092_UCR_Anomaly_DISTORTEDtiltAPB4_20000_67995_67996,DISTORTEDtiltAPB4,,chronos_small_quantile,default,,0.00018,0.00024,0.80968,0.00046,1.35,nan,1593.6,108001,1,2e-05,ok
ucr,092_UCR_Anomaly_DISTORTEDtiltAPB4_20000_67995_67996,DISTORTEDtiltAPB4,,chronos_base_resid,default,,0.00159,0.00186,0.8334,0.00349,3.39,nan,1824.4,108001,1,2e-05,ok
ucr,092_UCR_Anomaly_DISTORTEDtiltAPB4_20000_67995_67996,DISTORTEDtiltAPB4,,chronos_base_quantile,default,,0.00027,0.00032,0.76472,0.00066,3.39,nan,1824.4,108001,1,2e-05,ok
ucr,092_UCR_Anomaly_DISTORTEDtiltAPB4_20000_67995_67996,DISTORTEDtiltAPB4,,timesfm_resid,default,,0.00045,0.00083,0.74135,0.00103,41.08,nan,1901.4,108001,1,2e-05,ok
ucr,092_UCR_Anomaly_DISTORTEDtiltAPB4_20000_67995_67996,DISTORTEDtiltAPB4,,timesfm_quantile,default,,0.00034,0.00063,0.69774,0.00073,41.08,nan,1901.4,108001,1,2e-05,ok
ucr,093_UCR_Anomaly_NOISE1sddb40_35000_52000_52620,NOISE1sddb40,,chronos_small_resid,default,,0.01767,0.02103,0.67414,0.02368,0.51,nan,1593.6,44795,1,0.01386,ok
ucr,093_UCR_Anomaly_NOISE1sddb40_35000_52000_52620,NOISE1sddb40,,chronos_small_quantile,default,,0.01345,0.01549,0.66604,0.00745,0.51,nan,1593.6,44795,1,0.01386,ok
ucr,093_UCR_Anomaly_NOISE1sddb40_35000_52000_52620,NOISE1sddb40,,chronos_base_resid,default,,0.01877,0.02149,0.6738,0.02298,1.4,nan,1824.4,44795,1,0.01386,ok
ucr,093_UCR_Anomaly_NOISE1sddb40_35000_52000_52620,NOISE1sddb40,,chronos_base_quantile,default,,0.01436,0.01649,0.67132,0.02106,1.4,nan,1824.4,44795,1,0.01386,ok
ucr,093_UCR_Anomaly_NOISE1sddb40_35000_52000_52620,NOISE1sddb40,,timesfm_resid,default,,0.02461,0.0301,0.68372,0.0491,14.48,nan,1901.4,44795,1,0.01386,ok
ucr,093_UCR_Anomaly_NOISE1sddb40_35000_52000_52620,NOISE1sddb40,,timesfm_quantile,default,,0.01712,0.02092,0.71105,0.02966,14.48,nan,1901.4,44795,1,0.01386,ok
ucr,094_UCR_Anomaly_NOISEBIDMC1_2500_5400_5600,NOISEBIDMC1,,chronos_small_resid,default,,0.12276,0.08938,0.98954,0.28248,0.15,nan,1525.3,8500,1,0.02365,ok
ucr,094_UCR_Anomaly_NOISEBIDMC1_2500_5400_5600,NOISEBIDMC1,,chronos_small_quantile,default,,0.13943,0.13684,0.98985,0.27966,0.15,nan,1525.3,8500,1,0.02365,ok
ucr,094_UCR_Anomaly_NOISEBIDMC1_2500_5400_5600,NOISEBIDMC1,,chronos_base_resid,default,,0.13135,0.10275,0.98954,0.29745,0.25,nan,1646.5,8500,1,0.02365,ok
ucr,094_UCR_Anomaly_NOISEBIDMC1_2500_5400_5600,NOISEBIDMC1,,chronos_base_quantile,default,,0.1443,0.12649,0.98975,0.28462,0.25,nan,1646.5,8500,1,0.02365,ok
ucr,094_UCR_Anomaly_NOISEBIDMC1_2500_5400_5600,NOISEBIDMC1,,timesfm_resid,default,,0.17696,0.21094,0.99571,0.3086,4.22,nan,1901.4,8500,1,0.02365,ok
ucr,094_UCR_Anomaly_NOISEBIDMC1_2500_5400_5600,NOISEBIDMC1,,timesfm_quantile,default,,0.1406,0.12484,0.99433,0.25,4.22,nan,1901.4,8500,1,0.02365,ok
ucr,095_UCR_Anomaly_NOISECIMIS44AirTemperature4_4000_5549_5597,NOISECIMIS44AirTemperature4,,chronos_small_resid,default,,0.08655,0.07358,0.78902,0.20057,0.17,nan,1485.1,4184,1,0.01171,ok
ucr,095_UCR_Anomaly_NOISECIMIS44AirTemperature4_4000_5549_5597,NOISECIMIS44AirTemperature4,,chronos_small_quantile,default,,0.09194,0.07387,0.79201,0.21474,0.17,nan,1485.1,4184,1,0.01171,ok
ucr,095_UCR_Anomaly_NOISECIMIS44AirTemperature4_4000_5549_5597,NOISECIMIS44AirTemperature4,,chronos_base_resid,default,,0.06649,0.05478,0.74226,0.14951,0.23,nan,1546.7,4184,1,0.01171,ok
ucr,095_UCR_Anomaly_NOISECIMIS44AirTemperature4_4000_5549_5597,NOISECIMIS44AirTemperature4,,chronos_base_quantile,default,,0.09382,0.06625,0.81936,0.2036,0.23,nan,1546.7,4184,1,0.01171,ok
ucr,095_UCR_Anomaly_NOISECIMIS44AirTemperature4_4000_5549_5597,NOISECIMIS44AirTemperature4,,timesfm_resid,default,,0.21316,0.13078,0.99752,0.45522,3.0,nan,1901.4,4184,1,0.01171,ok
ucr,095_UCR_Anomaly_NOISECIMIS44AirTemperature4_4000_5549_5597,NOISECIMIS44AirTemperature4,,timesfm_quantile,default,,0.32718,0.18745,0.99842,0.5002,3.0,nan,1901.4,4184,1,0.01171,ok
ucr,096_UCR_Anomaly_NOISEECG4_5000_16900_17100,NOISEECG4,,chronos_small_resid,default,,0.03203,0.02896,0.74252,0.12353,0.4,nan,1593.6,25000,1,0.00804,ok
ucr,096_UCR_Anomaly_NOISEECG4_5000_16900_17100,NOISEECG4,,chronos_small_quantile,default,,0.01169,0.01451,0.73219,0.02857,0.4,nan,1593.6,25000,1,0.00804,ok
ucr,096_UCR_Anomaly_NOISEECG4_5000_16900_17100,NOISEECG4,,chronos_base_resid,default,,0.02799,0.0286,0.68886,0.06488,0.73,nan,1824.4,25000,1,0.00804,ok
ucr,096_UCR_Anomaly_NOISEECG4_5000_16900_17100,NOISEECG4,,chronos_base_quantile,default,,0.00948,0.01303,0.76793,0.0199,0.73,nan,1824.4,25000,1,0.00804,ok
ucr,096_UCR_Anomaly_NOISEECG4_5000_16900_17100,NOISEECG4,,timesfm_resid,default,,0.03108,0.03087,0.89325,0.13215,9.65,nan,1901.4,25000,1,0.00804,ok
ucr,096_UCR_Anomaly_NOISEECG4_5000_16900_17100,NOISEECG4,,timesfm_quantile,default,,0.01698,0.01776,0.92601,0.04282,9.65,nan,1901.4,25000,1,0.00804,ok
ucr,097_UCR_Anomaly_NOISEGP711MarkerLFM5z3_5000_5948_5993,NOISEGP711MarkerLFM5z3,,chronos_small_resid,default,,0.00719,0.01402,0.70009,0.00619,0.14,nan,1509.7,7000,1,0.00657,ok
ucr,097_UCR_Anomaly_NOISEGP711MarkerLFM5z3_5000_5948_5993,NOISEGP711MarkerLFM5z3,,chronos_small_quantile,default,,0.00602,0.00905,0.682,0.00229,0.14,nan,1509.7,7000,1,0.00657,ok
ucr,097_UCR_Anomaly_NOISEGP711MarkerLFM5z3_5000_5948_5993,NOISEGP711MarkerLFM5z3,,chronos_base_resid,default,,0.00769,0.01563,0.69633,0.00822,0.23,nan,1612.4,7000,1,0.00657,ok
ucr,097_UCR_Anomaly_NOISEGP711MarkerLFM5z3_5000_5948_5993,NOISEGP711MarkerLFM5z3,,chronos_base_quantile,default,,0.00619,0.0092,0.68121,0.0035,0.23,nan,1612.4,7000,1,0.00657,ok
ucr,097_UCR_Anomaly_NOISEGP711MarkerLFM5z3_5000_5948_5993,NOISEGP711MarkerLFM5z3,,timesfm_resid,default,,0.08043,0.05292,0.7704,0.18827,2.6,nan,1901.4,7000,1,0.00657,ok
ucr,097_UCR_Anomaly_NOISEGP711MarkerLFM5z3_5000_5948_5993,NOISEGP711MarkerLFM5z3,,timesfm_quantile,default,,0.03597,0.02859,0.71249,0.11775,2.6,nan,1901.4,7000,1,0.00657,ok
ucr,098_UCR_Anomaly_NOISEInternalBleeding16_1200_4187_4199,NOISEInternalBleeding16,,chronos_small_resid,default,,0.00182,0.00241,0.68997,0.00068,0.14,nan,1503.6,6301,1,0.00206,ok
ucr,098_UCR_Anomaly_NOISEInternalBleeding16_1200_4187_4199,NOISEInternalBleeding16,,chronos_small_quantile,default,,0.0028,0.0033,0.69734,0.00452,0.14,nan,1503.6,6301,1,0.00206,ok
ucr,098_UCR_Anomaly_NOISEInternalBleeding16_1200_4187_4199,NOISEInternalBleeding16,,chronos_base_resid,default,,0.00223,0.00297,0.79321,0.00248,0.23,nan,1598.6,6301,1,0.00206,ok
ucr,098_UCR_Anomaly_NOISEInternalBleeding16_1200_4187_4199,NOISEInternalBleeding16,,chronos_base_quantile,default,,0.00192,0.00285,0.71237,0.00159,0.23,nan,1598.6,6301,1,0.00206,ok
ucr,098_UCR_Anomaly_NOISEInternalBleeding16_1200_4187_4199,NOISEInternalBleeding16,,timesfm_resid,default,,0.01034,0.00874,0.77172,0.0248,2.68,nan,1901.4,6301,1,0.00206,ok
ucr,098_UCR_Anomaly_NOISEInternalBleeding16_1200_4187_4199,NOISEInternalBleeding16,,timesfm_quantile,default,,0.00349,0.00377,0.72049,0.00664,2.68,nan,1901.4,6301,1,0.00206,ok
ucr,099_UCR_Anomaly_NOISEInternalBleeding6_1500_3474_3629,NOISEInternalBleeding6,,chronos_small_resid,default,,0.04034,0.04568,0.69344,0.06246,0.14,nan,1502.4,6154,1,0.02535,ok
ucr,099_UCR_Anomaly_NOISEInternalBleeding6_1500_3474_3629,NOISEInternalBleeding6,,chronos_small_quantile,default,,0.0444,0.0482,0.68654,0.10493,0.14,nan,1502.4,6154,1,0.02535,ok
ucr,099_UCR_Anomaly_NOISEInternalBleeding6_1500_3474_3629,NOISEInternalBleeding6,,chronos_base_resid,default,,0.15566,0.10724,0.90802,0.31677,0.24,nan,1590.3,6154,1,0.02535,ok
ucr,099_UCR_Anomaly_NOISEInternalBleeding6_1500_3474_3629,NOISEInternalBleeding6,,chronos_base_quantile,default,,0.06622,0.06623,0.71261,0.15929,0.24,nan,1590.3,6154,1,0.02535,ok
ucr,099_UCR_Anomaly_NOISEInternalBleeding6_1500_3474_3629,NOISEInternalBleeding6,,timesfm_resid,default,,0.32667,0.23407,0.99274,0.48787,2.68,nan,1901.4,6154,1,0.02535,ok
ucr,099_UCR_Anomaly_NOISEInternalBleeding6_1500_3474_3629,NOISEInternalBleeding6,,timesfm_quantile,default,,0.34435,0.24297,0.99264,0.49638,2.68,nan,1901.4,6154,1,0.02535,ok
ucr,100_UCR_Anomaly_NOISELab2Cmac011215EPG1_5000_17210_17260,NOISELab2Cmac011215EPG1,,chronos_small_resid,default,,0.14717,0.02837,0.89706,0.19047,0.32,nan,1593.6,25001,1,0.00204,ok
ucr,100_UCR_Anomaly_NOISELab2Cmac011215EPG1_5000_17210_17260,NOISELab2Cmac011215EPG1,,chronos_small_quantile,default,,0.12862,0.03091,0.87435,0.18345,0.32,nan,1593.6,25001,1,0.00204,ok
ucr,100_UCR_Anomaly_NOISELab2Cmac011215EPG1_5000_17210_17260,NOISELab2Cmac011215EPG1,,chronos_base_resid,default,,0.15284,0.03142,0.90995,0.20073,0.67,nan,1824.4,25001,1,0.00204,ok
ucr,100_UCR_Anomaly_NOISELab2Cmac011215EPG1_5000_17210_17260,NOISELab2Cmac011215EPG1,,chronos_base_quantile,default,,0.21862,0.06164,0.95037,0.27581,0.67,nan,1824.4,25001,1,0.00204,ok
ucr,100_UCR_Anomaly_NOISELab2Cmac011215EPG1_5000_17210_17260,NOISELab2Cmac011215EPG1,,timesfm_resid,default,,0.15548,0.03592,0.77946,0.2184,9.58,nan,1901.4,25001,1,0.00204,ok
ucr,100_UCR_Anomaly_NOISELab2Cmac011215EPG1_5000_17210_17260,NOISELab2Cmac011215EPG1,,timesfm_quantile,default,,0.1071,0.04352,0.73454,0.21202,9.58,nan,1901.4,25001,1,0.00204,ok
ucr,101_UCR_Anomaly_NOISELab2Cmac011215EPG4_6000_17390_17520,NOISELab2Cmac011215EPG4,,chronos_small_resid,default,,0.00499,0.00755,0.72266,0.00507,0.32,nan,1593.6,24066,1,0.00544,ok
ucr,101_UCR_Anomaly_NOISELab2Cmac011215EPG4_6000_17390_17520,NOISELab2Cmac011215EPG4,,chronos_small_quantile,default,,0.00535,0.00822,0.75129,0.00623,0.32,nan,1593.6,24066,1,0.00544,ok
ucr,101_UCR_Anomaly_NOISELab2Cmac011215EPG4_6000_17390_17520,NOISELab2Cmac011215EPG4,,chronos_base_resid,default,,0.00482,0.00758,0.71183,0.00437,0.6,nan,1824.4,24066,1,0.00544,ok
ucr,101_UCR_Anomaly_NOISELab2Cmac011215EPG4_6000_17390_17520,NOISELab2Cmac011215EPG4,,chronos_base_quantile,default,,0.0048,0.00769,0.83813,0.00402,0.6,nan,1824.4,24066,1,0.00544,ok
ucr,101_UCR_Anomaly_NOISELab2Cmac011215EPG4_6000_17390_17520,NOISELab2Cmac011215EPG4,,timesfm_resid,default,,0.00616,0.0083,0.67678,0.00731,7.7,nan,1901.4,24066,1,0.00544,ok
ucr,101_UCR_Anomaly_NOISELab2Cmac011215EPG4_6000_17390_17520,NOISELab2Cmac011215EPG4,,timesfm_quantile,default,,0.00538,0.00786,0.67615,0.00628,7.7,nan,1901.4,24066,1,0.00544,ok
ucr,102_UCR_Anomaly_NOISEMesoplodonDensirostris_10000_19280_19440,NOISEMesoplodonDensirostris,,chronos_small_resid,default,,0.05358,0.02974,0.92791,0.17565,0.3,nan,1578.1,14667,1,0.01098,ok
ucr,102_UCR_Anomaly_NOISEMesoplodonDensirostris_10000_19280_19440,NOISEMesoplodonDensirostris,,chronos_small_quantile,default,,0.01375,0.01782,0.78527,0.02874,0.3,nan,1578.1,14667,1,0.01098,ok
ucr,102_UCR_Anomaly_NOISEMesoplodonDensirostris_10000_19280_19440,NOISEMesoplodonDensirostris,,chronos_base_resid,default,,0.0431,0.02586,0.94462,0.17701,0.5,nan,1797.3,14667,1,0.01098,ok
ucr,102_UCR_Anomaly_NOISEMesoplodonDensirostris_10000_19280_19440,NOISEMesoplodonDensirostris,,chronos_base_quantile,default,,0.01316,0.01737,0.7509,0.03077,0.5,nan,1797.3,14667,1,0.01098,ok
ucr,102_UCR_Anomaly_NOISEMesoplodonDensirostris_10000_19280_19440,NOISEMesoplodonDensirostris,,timesfm_resid,default,,0.05507,0.02977,0.97526,0.22603,5.15,nan,1901.4,14667,1,0.01098,ok
ucr,102_UCR_Anomaly_NOISEMesoplodonDensirostris_10000_19280_19440,NOISEMesoplodonDensirostris,,timesfm_quantile,default,,0.06392,0.0337,0.97407,0.22182,5.15,nan,1901.4,14667,1,0.01098,ok
ucr,103_UCR_Anomaly_NOISETkeepThirdMARS_3500_4711_4809,NOISETkeepThirdMARS,,chronos_small_resid,default,,0.12076,0.07472,0.94226,0.26921,0.13,nan,1517.7,7808,1,0.01268,ok
ucr,103_UCR_Anomaly_NOISETkeepThirdMARS_3500_4711_4809,NOISETkeepThirdMARS,,chronos_small_quantile,default,,0.02702,0.03493,0.66716,0.05984,0.13,nan,1517.7,7808,1,0.01268,ok
ucr,103_UCR_Anomaly_NOISETkeepThirdMARS_3500_4711_4809,NOISETkeepThirdMARS,,chronos_base_resid,default,,0.52385,0.34056,0.99726,0.69247,0.26,nan,1628.6,7808,1,0.01268,ok
ucr,103_UCR_Anomaly_NOISETkeepThirdMARS_3500_4711_4809,NOISETkeepThirdMARS,,chronos_base_quantile,default,,0.04295,0.03835,0.71914,0.1325,0.26,nan,1628.6,7808,1,0.01268,ok
ucr,103_UCR_Anomaly_NOISETkeepThirdMARS_3500_4711_4809,NOISETkeepThirdMARS,,timesfm_resid,default,,0.10813,0.13256,0.9643,0.26294,3.18,nan,1901.4,7808,1,0.01268,ok
ucr,103_UCR_Anomaly_NOISETkeepThirdMARS_3500_4711_4809,NOISETkeepThirdMARS,,timesfm_quantile,default,,0.06,0.05449,0.96529,0.15495,3.18,nan,1901.4,7808,1,0.01268,ok
ucr,104_UCR_Anomaly_NOISEapneaecg4_6000_16000_16100,NOISEapneaecg4,,chronos_small_resid,default,,0.0022,0.00347,0.66319,0.00064,0.47,nan,1593.6,32269,1,0.00313,ok
ucr,104_UCR_Anomaly_NOISEapneaecg4_6000_16000_16100,NOISEapneaecg4,,chronos_small_quantile,default,,0.00307,0.00456,0.68764,0.00015,0.47,nan,1593.6,32269,1,0.00313,ok
ucr,104_UCR_Anomaly_NOISEapneaecg4_6000_16000_16100,NOISEapneaecg4,,chronos_base_resid,default,,0.0023,0.00361,0.66229,0.00066,0.75,nan,1824.4,32269,1,0.00313,ok
ucr,104_UCR_Anomaly_NOISEapneaecg4_6000_16000_16100,NOISEapneaecg4,,chronos_base_quantile,default,,0.00305,0.00456,0.67665,0.00029,0.75,nan,1824.4,32269,1,0.00313,ok
ucr,104_UCR_Anomaly_NOISEapneaecg4_6000_16000_16100,NOISEapneaecg4,,timesfm_resid,default,,0.00227,0.00354,0.66613,0.00027,11.0,nan,1901.4,32269,1,0.00313,ok
ucr,104_UCR_Anomaly_NOISEapneaecg4_6000_16000_16100,NOISEapneaecg4,,timesfm_quantile,default,,0.00307,0.00453,0.68237,0.00017,11.0,nan,1901.4,32269,1,0.00313,ok
ucr,105_UCR_Anomaly_NOISEgait3_24500_59900_60500,NOISEgait3,,chronos_small_resid,default,,0.02384,0.02481,0.79606,0.07282,0.51,nan,1593.6,40500,1,0.01484,ok
ucr,105_UCR_Anomaly_NOISEgait3_24500_59900_60500,NOISEgait3,,chronos_small_quantile,default,,0.01799,0.02063,0.71665,0.02536,0.51,nan,1593.6,40500,1,0.01484,ok
ucr,105_UCR_Anomaly_NOISEgait3_24500_59900_60500,NOISEgait3,,chronos_base_resid,default,,0.01899,0.02033,0.7817,0.0528,1.04,nan,1824.4,40500,1,0.01484,ok
ucr,105_UCR_Anomaly_NOISEgait3_24500_59900_60500,NOISEgait3,,chronos_base_quantile,default,,0.02152,0.02493,0.70841,0.0492,1.04,nan,1824.4,40500,1,0.01484,ok
ucr,105_UCR_Anomaly_NOISEgait3_24500_59900_60500,NOISEgait3,,timesfm_resid,default,,0.01372,0.01709,0.78767,0.01531,16.51,nan,1901.4,40500,1,0.01484,ok
ucr,105_UCR_Anomaly_NOISEgait3_24500_59900_60500,NOISEgait3,,timesfm_quantile,default,,0.01378,0.01614,0.72208,0.00622,16.51,nan,1901.4,40500,1,0.01484,ok
ucr,106_UCR_Anomaly_NOISEgaitHunt2_18500_31200_31850,NOISEgaitHunt2,,chronos_small_resid,default,,0.02092,0.02325,0.74701,0.03628,0.73,nan,1593.6,45500,1,0.01431,ok
ucr,106_UCR_Anomaly_NOISEgaitHunt2_18500_31200_31850,NOISEgaitHunt2,,chronos_small_quantile,default,,0.01637,0.01861,0.73831,0.02348,0.73,nan,1593.6,45500,1,0.01431,ok
ucr,106_UCR_Anomaly_NOISEgaitHunt2_18500_31200_31850,NOISEgaitHunt2,,chronos_base_resid,default,,0.02815,0.0284,0.70636,0.05026,1.29,nan,1824.4,45500,1,0.01431,ok
ucr,106_UCR_Anomaly_NOISEgaitHunt2_18500_31200_31850,NOISEgaitHunt2,,chronos_base_quantile,default,,0.01504,0.0171,0.67412,0.01905,1.29,nan,1824.4,45500,1,0.01431,ok
ucr,106_UCR_Anomaly_NOISEgaitHunt2_18500_31200_31850,NOISEgaitHunt2,,timesfm_resid,default,,0.01321,0.01656,0.66587,0.01309,22.07,nan,1901.4,45500,1,0.01431,ok
ucr,106_UCR_Anomaly_NOISEgaitHunt2_18500_31200_31850,NOISEgaitHunt2,,timesfm_quantile,default,,0.01392,0.01771,0.88092,0.0072,22.07,nan,1901.4,45500,1,0.01431,ok
ucr,107_UCR_Anomaly_NOISEinsectEPG3_5200_7000_7050,NOISEinsectEPG3,,chronos_small_resid,default,,0.00817,0.01199,0.62761,0.00248,0.13,nan,1490.2,4798,1,0.01063,ok
ucr,107_UCR_Anomaly_NOISEinsectEPG3_5200_7000_7050,NOISEinsectEPG3,,chronos_small_quantile,default,,0.0093,0.01399,0.6197,0.00183,0.13,nan,1490.2,4798,1,0.01063,ok
ucr,107_UCR_Anomaly_NOISEinsectEPG3_5200_7000_7050,NOISEinsectEPG3,,chronos_base_resid,default,,0.00952,0.01348,0.66896,0.00353,0.27,nan,1558.1,4798,1,0.01063,ok
ucr,107_UCR_Anomaly_NOISEinsectEPG3_5200_7000_7050,NOISEinsectEPG3,,chronos_base_quantile,default,,0.00979,0.0147,0.64844,0.00386,0.27,nan,1558.1,4798,1,0.01063,ok
ucr,107_UCR_Anomaly_NOISEinsectEPG3_5200_7000_7050,NOISEinsectEPG3,,timesfm_resid,default,,0.00852,0.01255,0.70454,0.00899,3.43,nan,1901.4,4798,1,0.01063,ok
ucr,107_UCR_Anomaly_NOISEinsectEPG3_5200_7000_7050,NOISEinsectEPG3,,timesfm_quantile,default,,0.00985,0.01473,0.75627,0.00348,3.43,nan,1901.4,4798,1,0.01063,ok
ucr,108_UCR_Anomaly_NOISEresperation2_30000_168250_168250,NOISEresperation2,,chronos_small_resid,default,,1e-05,1e-05,0.65493,0.0,2.5,nan,1593.6,170051,1,1e-05,ok
ucr,108_UCR_Anomaly_NOISEresperation2_30000_168250_168250,NOISEresperation2,,chronos_small_quantile,default,,1e-05,2e-05,0.67019,0.0,2.5,nan,1593.6,170051,1,1e-05,ok
ucr,108_UCR_Anomaly_NOISEresperation2_30000_168250_168250,NOISEresperation2,,chronos_base_resid,default,,1e-05,1e-05,0.68422,0.0,4.41,nan,1824.4,170051,1,1e-05,ok
ucr,108_UCR_Anomaly_NOISEresperation2_30000_168250_168250,NOISEresperation2,,chronos_base_quantile,default,,1e-05,2e-05,0.6754,0.0,4.41,nan,1824.4,170051,1,1e-05,ok
ucr,108_UCR_Anomaly_NOISEresperation2_30000_168250_168250,NOISEresperation2,,timesfm_resid,default,,1e-05,1e-05,0.68467,0.0,56.96,nan,1901.4,170051,1,1e-05,ok
ucr,108_UCR_Anomaly_NOISEresperation2_30000_168250_168250,NOISEresperation2,,timesfm_quantile,default,,1e-05,2e-05,0.70797,0.0,56.96,nan,1901.4,170051,1,1e-05,ok
ucr,109_UCR_Anomaly_1sddb40_35000_52000_52620,1sddb40,,chronos_small_resid,default,,0.01908,0.02265,0.67478,0.02814,0.5,nan,1593.6,44795,1,0.01386,ok
ucr,109_UCR_Anomaly_1sddb40_35000_52000_52620,1sddb40,,chronos_small_quantile,default,,0.01339,0.01551,0.65896,0.00672,0.5,nan,1593.6,44795,1,0.01386,ok
ucr,109_UCR_Anomaly_1sddb40_35000_52000_52620,1sddb40,,chronos_base_resid,default,,0.0198,0.0232,0.67547,0.03156,1.26,nan,1824.4,44795,1,0.01386,ok
ucr,109_UCR_Anomaly_1sddb40_35000_52000_52620,1sddb40,,chronos_base_quantile,default,,0.01334,0.01559,0.66023,0.00712,1.26,nan,1824.4,44795,1,0.01386,ok
ucr,109_UCR_Anomaly_1sddb40_35000_52000_52620,1sddb40,,timesfm_resid,default,,0.02147,0.02645,0.74971,0.03319,14.52,nan,1901.4,44795,1,0.01386,ok
ucr,109_UCR_Anomaly_1sddb40_35000_52000_52620,1sddb40,,timesfm_quantile,default,,0.01943,0.0225,0.7502,0.03279,14.52,nan,1901.4,44795,1,0.01386,ok
ucr,110_UCR_Anomaly_2sddb40_35000_56600_56900,2sddb40,,chronos_small_resid,default,,0.00391,0.00583,0.66981,0.0,0.52,nan,1593.6,45001,1,0.00669,ok
ucr,110_UCR_Anomaly_2sddb40_35000_56600_56900,2sddb40,,chronos_small_quantile,default,,0.00669,0.00921,0.66864,0.0,0.52,nan,1593.6,45001,1,0.00669,ok
ucr,110_UCR_Anomaly_2sddb40_35000_56600_56900,2sddb40,,chronos_base_resid,default,,0.00396,0.00592,0.79932,0.0,1.15,nan,1824.4,45001,1,0.00669,ok
ucr,110_UCR_Anomaly_2sddb40_35000_56600_56900,2sddb40,,chronos_base_quantile,default,,0.00661,0.00957,0.67659,0.00044,1.15,nan,1824.4,45001,1,0.00669,ok
ucr,110_UCR_Anomaly_2sddb40_35000_56600_56900,2sddb40,,timesfm_resid,default,,0.00592,0.00891,0.66897,0.00965,15.03,nan,1901.4,45001,1,0.00669,ok
ucr,110_UCR_Anomaly_2sddb40_35000_56600_56900,2sddb40,,timesfm_quantile,default,,0.00699,0.01112,0.67681,0.00955,15.03,nan,1901.4,45001,1,0.00669,ok
ucr,111_UCR_Anomaly_3sddb40_35000_46600_46900,3sddb40,,chronos_small_resid,default,,0.00854,0.01063,0.67073,0.01267,0.5,nan,1593.6,45000,1,0.00669,ok
ucr,111_UCR_Anomaly_3sddb40_35000_46600_46900,3sddb40,,chronos_small_quantile,default,,0.00651,0.00881,0.66184,0.00374,0.5,nan,1593.6,45000,1,0.00669,ok
ucr,111_UCR_Anomaly_3sddb40_35000_46600_46900,3sddb40,,chronos_base_resid,default,,0.00935,0.0111,0.67075,0.01715,1.13,nan,1824.4,45000,1,0.00669,ok
ucr,111_UCR_Anomaly_3sddb40_35000_46600_46900,3sddb40,,chronos_base_quantile,default,,0.00658,0.00903,0.67256,0.00343,1.13,nan,1824.4,45000,1,0.00669,ok
ucr,111_UCR_Anomaly_3sddb40_35000_46600_46900,3sddb40,,timesfm_resid,default,,0.01324,0.0141,0.69055,0.0329,18.22,nan,1901.4,45000,1,0.00669,ok
ucr,111_UCR_Anomaly_3sddb40_35000_46600_46900,3sddb40,,timesfm_quantile,default,,0.00806,0.00964,0.66734,0.01143,18.22,nan,1901.4,45000,1,0.00669,ok
ucr,112_UCR_Anomaly_BIDMC1_2500_5400_5600,BIDMC1,,chronos_small_resid,default,,0.12497,0.09709,0.98931,0.27518,0.15,nan,1525.3,8500,1,0.02365,ok
ucr,112_UCR_Anomaly_BIDMC1_2500_5400_5600,BIDMC1,,chronos_small_quantile,default,,0.14085,0.0984,0.99005,0.27172,0.15,nan,1525.3,8500,1,0.02365,ok
ucr,112_UCR_Anomaly_BIDMC1_2500_5400_5600,BIDMC1,,chronos_base_resid,default,,0.12046,0.09167,0.98931,0.27801,0.34,nan,1646.5,8500,1,0.02365,ok
ucr,112_UCR_Anomaly_BIDMC1_2500_5400_5600,BIDMC1,,chronos_base_quantile,default,,0.06562,0.05938,0.8555,0.18671,0.34,nan,1646.5,8500,1,0.02365,ok
ucr,112_UCR_Anomaly_BIDMC1_2500_5400_5600,BIDMC1,,timesfm_resid,default,,0.17798,0.21807,0.98931,0.31237,5.37,nan,1901.4,8500,1,0.02365,ok
ucr,112_UCR_Anomaly_BIDMC1_2500_5400_5600,BIDMC1,,timesfm_quantile,default,,0.15254,0.12282,0.99576,0.26952,5.37,nan,1901.4,8500,1,0.02365,ok
ucr,113_UCR_Anomaly_CIMIS44AirTemperature1_4000_5391_5392,CIMIS44AirTemperature1,,chronos_small_resid,default,,0.00051,0.00205,0.78609,0.0,0.13,nan,1485.1,4184,1,0.00048,ok
ucr,113_UCR_Anomaly_CIMIS44AirTemperature1_4000_5391_5392,CIMIS44AirTemperature1,,chronos_small_quantile,default,,0.00048,0.00115,0.75427,0.0,0.13,nan,1485.1,4184,1,0.00048,ok
ucr,113_UCR_Anomaly_CIMIS44AirTemperature1_4000_5391_5392,CIMIS44AirTemperature1,,chronos_base_resid,default,,0.00038,0.00254,0.74606,0.0,0.23,nan,1546.7,4184,1,0.00048,ok
ucr,113_UCR_Anomaly_CIMIS44AirTemperature1_4000_5391_5392,CIMIS44AirTemperature1,,chronos_base_quantile,default,,0.00048,0.00122,0.69935,0.0,0.23,nan,1546.7,4184,1,0.00048,ok
ucr,113_UCR_Anomaly_CIMIS44AirTemperature1_4000_5391_5392,CIMIS44AirTemperature1,,timesfm_resid,default,,0.00052,0.00275,0.77382,0.0,2.91,nan,1901.4,4184,1,0.00048,ok
ucr,113_UCR_Anomaly_CIMIS44AirTemperature1_4000_5391_5392,CIMIS44AirTemperature1,,timesfm_quantile,default,,0.00048,0.00132,0.78067,0.0,2.91,nan,1901.4,4184,1,0.00048,ok
ucr,114_UCR_Anomaly_CIMIS44AirTemperature2_4000_5703_5727,CIMIS44AirTemperature2,,chronos_small_resid,default,,0.11839,0.0885,0.802,0.25419,0.13,nan,1485.1,4184,1,0.00598,ok
ucr,114_UCR_Anomaly_CIMIS44AirTemperature2_4000_5703_5727,CIMIS44AirTemperature2,,chronos_small_quantile,default,,0.42412,0.1676,0.99883,0.4119,0.13,nan,1485.1,4184,1,0.00598,ok
ucr,114_UCR_Anomaly_CIMIS44AirTemperature2_4000_5703_5727,CIMIS44AirTemperature2,,chronos_base_resid,default,,0.1283,0.09658,0.74763,0.24339,0.24,nan,1546.7,4184,1,0.00598,ok
ucr,114_UCR_Anomaly_CIMIS44AirTemperature2_4000_5703_5727,CIMIS44AirTemperature2,,chronos_base_quantile,default,,0.39381,0.18432,0.9988,0.42692,0.24,nan,1546.7,4184,1,0.00598,ok
ucr,114_UCR_Anomaly_CIMIS44AirTemperature2_4000_5703_5727,CIMIS44AirTemperature2,,timesfm_resid,default,,0.25059,0.13849,0.90936,0.32645,3.14,nan,1901.4,4184,1,0.00598,ok
ucr,114_UCR_Anomaly_CIMIS44AirTemperature2_4000_5703_5727,CIMIS44AirTemperature2,,timesfm_quantile,default,,0.45222,0.21302,0.99883,0.49895,3.14,nan,1901.4,4184,1,0.00598,ok
ucr,115_UCR_Anomaly_CIMIS44AirTemperature3_4000_6520_6544,CIMIS44AirTemperature3,,chronos_small_resid,default,,0.20702,0.10978,0.82717,0.37016,0.21,nan,1485.1,4184,1,0.00598,ok
ucr,115_UCR_Anomaly_CIMIS44AirTemperature3_4000_6520_6544,CIMIS44AirTemperature3,,chronos_small_quantile,default,,0.39455,0.15474,0.99884,0.41947,0.21,nan,1485.1,4184,1,0.00598,ok
ucr,115_UCR_Anomaly_CIMIS44AirTemperature3_4000_6520_6544,CIMIS44AirTemperature3,,chronos_base_resid,default,,0.20706,0.10613,0.82716,0.35507,0.26,nan,1546.7,4184,1,0.00598,ok
ucr,115_UCR_Anomaly_CIMIS44AirTemperature3_4000_6520_6544,CIMIS44AirTemperature3,,chronos_base_quantile,default,,0.41597,0.17358,0.99884,0.43131,0.26,nan,1546.7,4184,1,0.00598,ok
ucr,115_UCR_Anomaly_CIMIS44AirTemperature3_4000_6520_6544,CIMIS44AirTemperature3,,timesfm_resid,default,,0.17527,0.0873,0.97421,0.28255,3.27,nan,1901.4,4184,1,0.00598,ok
ucr,115_UCR_Anomaly_CIMIS44AirTemperature3_4000_6520_6544,CIMIS44AirTemperature3,,timesfm_quantile,default,,0.40335,0.14739,0.99884,0.4106,3.27,nan,1901.4,4184,1,0.00598,ok
ucr,116_UCR_Anomaly_CIMIS44AirTemperature4_4000_5549_5597,CIMIS44AirTemperature4,,chronos_small_resid,default,,0.10511,0.07312,0.81135,0.22128,0.11,nan,1485.1,4184,1,0.01171,ok
ucr,116_UCR_Anomaly_CIMIS44AirTemperature4_4000_5549_5597,CIMIS44AirTemperature4,,chronos_small_quantile,default,,0.09834,0.07608,0.8015,0.21857,0.11,nan,1485.1,4184,1,0.01171,ok
ucr,116_UCR_Anomaly_CIMIS44AirTemperature4_4000_5549_5597,CIMIS44AirTemperature4,,chronos_base_resid,default,,0.08533,0.06031,0.79167,0.20589,0.22,nan,1546.7,4184,1,0.01171,ok
ucr,116_UCR_Anomaly_CIMIS44AirTemperature4_4000_5549_5597,CIMIS44AirTemperature4,,chronos_base_quantile,default,,0.0712,0.05324,0.72249,0.199,0.22,nan,1546.7,4184,1,0.01171,ok
ucr,116_UCR_Anomaly_CIMIS44AirTemperature4_4000_5549_5597,CIMIS44AirTemperature4,,timesfm_resid,default,,0.18657,0.11171,0.94341,0.33691,2.68,nan,1901.4,4184,1,0.01171,ok
ucr,116_UCR_Anomaly_CIMIS44AirTemperature4_4000_5549_5597,CIMIS44AirTemperature4,,timesfm_quantile,default,,0.20295,0.16326,0.89643,0.40179,2.68,nan,1901.4,4184,1,0.01171,ok
ucr,117_UCR_Anomaly_CIMIS44AirTemperature5_4000_4852_4900,CIMIS44AirTemperature5,,chronos_small_resid,default,,0.09459,0.09587,0.90369,0.23237,0.14,nan,1485.1,4184,1,0.01171,ok
ucr,117_UCR_Anomaly_CIMIS44AirTemperature5_4000_4852_4900,CIMIS44AirTemperature5,,chronos_small_quantile,default,,0.09268,0.07892,0.96898,0.20757,0.14,nan,1485.1,4184,1,0.01171,ok
ucr,117_UCR_Anomaly_CIMIS44AirTemperature5_4000_4852_4900,CIMIS44AirTemperature5,,chronos_base_resid,default,,0.06755,0.0762,0.83996,0.15116,0.23,nan,1546.7,4184,1,0.01171,ok
ucr,117_UCR_Anomaly_CIMIS44AirTemperature5_4000_4852_4900,CIMIS44AirTemperature5,,chronos_base_quantile,default,,0.06533,0.05657,0.79209,0.14336,0.23,nan,1546.7,4184,1,0.01171,ok
ucr,117_UCR_Anomaly_CIMIS44AirTemperature5_4000_4852_4900,CIMIS44AirTemperature5,,timesfm_resid,default,,0.14394,0.08996,0.99737,0.35057,2.69,nan,1901.4,4184,1,0.01171,ok
ucr,117_UCR_Anomaly_CIMIS44AirTemperature5_4000_4852_4900,CIMIS44AirTemperature5,,timesfm_quantile,default,,0.04278,0.04372,0.77175,0.11547,2.69,nan,1901.4,4184,1,0.01171,ok
ucr,118_UCR_Anomaly_CIMIS44AirTemperature6_4000_6006_6054,CIMIS44AirTemperature6,,chronos_small_resid,default,,0.04634,0.08908,0.82504,0.10664,0.13,nan,1485.1,4184,1,0.01171,ok
ucr,118_UCR_Anomaly_CIMIS44AirTemperature6_4000_6006_6054,CIMIS44AirTemperature6,,chronos_small_quantile,default,,0.10141,0.12384,0.86552,0.21661,0.13,nan,1485.1,4184,1,0.01171,ok
ucr,118_UCR_Anomaly_CIMIS44AirTemperature6_4000_6006_6054,CIMIS44AirTemperature6,,chronos_base_resid,default,,0.0338,0.07282,0.75945,0.07444,0.23,nan,1546.7,4184,1,0.01171,ok
ucr,118_UCR_Anomaly_CIMIS44AirTemperature6_4000_6006_6054,CIMIS44AirTemperature6,,chronos_base_quantile,default,,0.08858,0.1266,0.91678,0.25666,0.23,nan,1546.7,4184,1,0.01171,ok
ucr,118_UCR_Anomaly_CIMIS44AirTemperature6_4000_6006_6054,CIMIS44AirTemperature6,,timesfm_resid,default,,0.03161,0.05363,0.77723,0.06265,2.72,nan,1901.4,4184,1,0.01171,ok
ucr,118_UCR_Anomaly_CIMIS44AirTemperature6_4000_6006_6054,CIMIS44AirTemperature6,,timesfm_quantile,default,,0.0457,0.05139,0.83739,0.11434,2.72,nan,1901.4,4184,1,0.01171,ok
ucr,119_UCR_Anomaly_ECG1_10000_11800_12100,ECG1,,chronos_small_resid,default,,0.06941,0.04327,0.99901,0.28608,0.32,nan,1593.6,20000,1,0.01505,ok
ucr,119_UCR_Anomaly_ECG1_10000_11800_12100,ECG1,,chronos_small_quantile,default,,0.01652,0.02164,0.82527,0.02391,0.32,nan,1593.6,20000,1,0.01505,ok
ucr,119_UCR_Anomaly_ECG1_10000_11800_12100,ECG1,,chronos_base_resid,default,,0.05289,0.04037,0.85143,0.2218,0.59,nan,1824.4,20000,1,0.01505,ok
ucr,119_UCR_Anomaly_ECG1_10000_11800_12100,ECG1,,chronos_base_quantile,default,,0.02957,0.02734,0.77406,0.13072,0.59,nan,1824.4,20000,1,0.01505,ok
ucr,119_UCR_Anomaly_ECG1_10000_11800_12100,ECG1,,timesfm_resid,default,,0.16737,0.09689,0.99639,0.29971,6.83,nan,1901.4,20000,1,0.01505,ok
ucr,119_UCR_Anomaly_ECG1_10000_11800_12100,ECG1,,timesfm_quantile,default,,0.03062,0.03019,0.72315,0.06751,6.83,nan,1901.4,20000,1,0.01505,ok
ucr,120_UCR_Anomaly_ECG2_15000_16000_16100,ECG2,,chronos_small_resid,default,,0.03843,0.02029,0.86558,0.14134,0.17,nan,1579.8,15000,1,0.00673,ok
ucr,120_UCR_Anomaly_ECG2_15000_16000_16100,ECG2,,chronos_small_quantile,default,,0.00622,0.00936,0.85077,0.00217,0.17,nan,1579.8,15000,1,0.00673,ok
ucr,120_UCR_Anomaly_ECG2_15000_16000_16100,ECG2,,chronos_base_resid,default,,0.03676,0.01952,0.77578,0.14113,0.37,nan,1803.1,15000,1,0.00673,ok
ucr,120_UCR_Anomaly_ECG2_15000_16000_16100,ECG2,,chronos_base_quantile,default,,0.00788,0.0105,0.87572,0.01724,0.37,nan,1803.1,15000,1,0.00673,ok
ucr,120_UCR_Anomaly_ECG2_15000_16000_16100,ECG2,,timesfm_resid,default,,0.01053,0.01667,0.69598,0.0184,5.26,nan,1901.4,15000,1,0.00673,ok
ucr,120_UCR_Anomaly_ECG2_15000_16000_16100,ECG2,,timesfm_quantile,default,,0.00743,0.01077,0.87679,0.01007,5.26,nan,1901.4,15000,1,0.00673,ok
ucr,121_UCR_Anomaly_ECG3_15000_16000_16100,ECG3,,chronos_small_resid,default,,0.02139,0.02087,0.67671,0.06363,0.17,nan,1579.8,15000,1,0.00673,ok
ucr,121_UCR_Anomaly_ECG3_15000_16000_16100,ECG3,,chronos_small_quantile,default,,0.02296,0.02141,0.78732,0.06109,0.17,nan,1579.8,15000,1,0.00673,ok
ucr,121_UCR_Anomaly_ECG3_15000_16000_16100,ECG3,,chronos_base_resid,default,,0.02455,0.02072,0.67357,0.06603,0.39,nan,1803.1,15000,1,0.00673,ok
ucr,121_UCR_Anomaly_ECG3_15000_16000_16100,ECG3,,chronos_base_quantile,default,,0.02975,0.02537,0.82251,0.071,0.39,nan,1803.1,15000,1,0.00673,ok
ucr,121_UCR_Anomaly_ECG3_15000_16000_16100,ECG3,,timesfm_resid,default,,0.03459,0.02889,0.93751,0.0905,5.49,nan,1901.4,15000,1,0.00673,ok
ucr,121_UCR_Anomaly_ECG3_15000_16000_16100,ECG3,,timesfm_quantile,default,,0.05858,0.04684,0.89172,0.13841,5.49,nan,1901.4,15000,1,0.00673,ok
ucr,122_UCR_Anomaly_ECG3_8000_17000_17100,ECG3,,chronos_small_resid,default,,0.015,0.0147,0.68429,0.04371,0.53,nan,1593.6,22000,1,0.00459,ok
ucr,122_UCR_Anomaly_ECG3_8000_17000_17100,ECG3,,chronos_small_quantile,default,,0.0163,0.01522,0.65269,0.04368,0.53,nan,1593.6,22000,1,0.00459,ok
ucr,122_UCR_Anomaly_ECG3_8000_17000_17100,ECG3,,chronos_base_resid,default,,0.01562,0.01527,0.67644,0.04476,0.66,nan,1824.4,22000,1,0.00459,ok
ucr,122_UCR_Anomaly_ECG3_8000_17000_17100,ECG3,,chronos_base_quantile,default,,0.00991,0.01009,0.65365,0.02314,0.66,nan,1824.4,22000,1,0.00459,ok
ucr,122_UCR_Anomaly_ECG3_8000_17000_17100,ECG3,,timesfm_resid,default,,0.01665,0.01632,0.92426,0.04886,7.64,nan,1901.4,22000,1,0.00459,ok
ucr,122_UCR_Anomaly_ECG3_8000_17000_17100,ECG3,,timesfm_quantile,default,,0.01312,0.01276,0.8323,0.03832,7.64,nan,1901.4,22000,1,0.00459,ok
ucr,123_UCR_Anomaly_ECG4_5000_16800_17100,ECG4,,chronos_small_resid,default,,0.00208,0.00439,0.81773,0.00773,2.09,nan,1593.6,195000,1,0.00154,ok
ucr,123_UCR_Anomaly_ECG4_5000_16800_17100,ECG4,,chronos_small_quantile,default,,0.00154,0.00255,0.79069,0.00505,2.09,nan,1593.6,195000,1,0.00154,ok
ucr,123_UCR_Anomaly_ECG4_5000_16800_17100,ECG4,,chronos_base_resid,default,,0.00225,0.00501,0.70722,0.00633,4.49,nan,1824.4,195000,1,0.00154,ok
ucr,123_UCR_Anomaly_ECG4_5000_16800_17100,ECG4,,chronos_base_quantile,default,,0.00479,0.00539,0.76118,0.00505,4.49,nan,1824.4,195000,1,0.00154,ok
ucr,123_UCR_Anomaly_ECG4_5000_16800_17100,ECG4,,timesfm_resid,default,,0.01321,0.01918,0.95548,0.04009,67.04,nan,1901.4,195000,1,0.00154,ok
ucr,123_UCR_Anomaly_ECG4_5000_16800_17100,ECG4,,timesfm_quantile,default,,0.00187,0.00645,0.85364,0.00505,67.04,nan,1901.4,195000,1,0.00154,ok
ucr,124_UCR_Anomaly_ECG4_5000_16900_17100,ECG4,,chronos_small_resid,default,,0.02602,0.02376,0.68758,0.09496,0.34,nan,1593.6,25000,1,0.00804,ok
ucr,124_UCR_Anomaly_ECG4_5000_16900_17100,ECG4,,chronos_small_quantile,default,,0.01447,0.01715,0.68917,0.0373,0.34,nan,1593.6,25000,1,0.00804,ok
ucr,124_UCR_Anomaly_ECG4_5000_16900_17100,ECG4,,chronos_base_resid,default,,0.02426,0.02433,0.68704,0.06404,0.66,nan,1824.4,25000,1,0.00804,ok
ucr,124_UCR_Anomaly_ECG4_5000_16900_17100,ECG4,,chronos_base_quantile,default,,0.00995,0.01308,0.7198,0.01985,0.66,nan,1824.4,25000,1,0.00804,ok
ucr,124_UCR_Anomaly_ECG4_5000_16900_17100,ECG4,,timesfm_resid,default,,0.04783,0.03776,0.87573,0.16143,9.42,nan,1901.4,25000,1,0.00804,ok
ucr,124_UCR_Anomaly_ECG4_5000_16900_17100,ECG4,,timesfm_quantile,default,,0.0257,0.01957,0.90987,0.10445,9.42,nan,1901.4,25000,1,0.00804,ok
ucr,125_UCR_Anomaly_ECG4_5000_17000_17100,ECG4,,chronos_small_resid,default,,0.04305,0.02971,0.68773,0.11112,0.33,nan,1593.6,25000,1,0.00404,ok
ucr,125_UCR_Anomaly_ECG4_5000_17000_17100,ECG4,,chronos_small_quantile,default,,0.02431,0.01937,0.6801,0.05936,0.33,nan,1593.6,25000,1,0.00404,ok
ucr,125_UCR_Anomaly_ECG4_5000_17000_17100,ECG4,,chronos_base_resid,default,,0.06206,0.0276,0.72047,0.16108,0.64,nan,1824.4,25000,1,0.00404,ok
ucr,125_UCR_Anomaly_ECG4_5000_17000_17100,ECG4,,chronos_base_quantile,default,,0.01333,0.01236,0.7148,0.03742,0.64,nan,1824.4,25000,1,0.00404,ok
ucr,125_UCR_Anomaly_ECG4_5000_17000_17100,ECG4,,timesfm_resid,default,,0.0807,0.03455,0.87682,0.19085,9.34,nan,1901.4,25000,1,0.00404,ok
ucr,125_UCR_Anomaly_ECG4_5000_17000_17100,ECG4,,timesfm_quantile,default,,0.01887,0.01234,0.82276,0.08489,9.34,nan,1901.4,25000,1,0.00404,ok
ucr,126_UCR_Anomaly_ECG4_8000_17000_17100,ECG4,,chronos_small_resid,default,,0.01406,0.01389,0.68429,0.03714,0.39,nan,1593.6,22000,1,0.00459,ok
ucr,126_UCR_Anomaly_ECG4_8000_17000_17100,ECG4,,chronos_small_quantile,default,,0.03146,0.02482,0.66639,0.07784,0.39,nan,1593.6,22000,1,0.00459,ok
ucr,126_UCR_Anomaly_ECG4_8000_17000_17100,ECG4,,chronos_base_resid,default,,0.0137,0.01338,0.67687,0.03447,0.78,nan,1824.4,22000,1,0.00459,ok
ucr,126_UCR_Anomaly_ECG4_8000_17000_17100,ECG4,,chronos_base_quantile,default,,0.02201,0.01863,0.6545,0.05192,0.78,nan,1824.4,22000,1,0.00459,ok
ucr,126_UCR_Anomaly_ECG4_8000_17000_17100,ECG4,,timesfm_resid,default,,0.01811,0.01624,0.74515,0.04241,8.44,nan,1901.4,22000,1,0.00459,ok
ucr,126_UCR_Anomaly_ECG4_8000_17000_17100,ECG4,,timesfm_quantile,default,,0.04414,0.03258,0.73907,0.10102,8.44,nan,1901.4,22000,1,0.00459,ok
ucr,127_UCR_Anomaly_GP711MarkerLFM5z1_5000_6168_6212,GP711MarkerLFM5z1,,chronos_small_resid,default,,0.00902,0.01166,0.6898,0.01986,0.14,nan,1509.7,7000,1,0.00643,ok
ucr,127_UCR_Anomaly_GP711MarkerLFM5z1_5000_6168_6212,GP711MarkerLFM5z1,,chronos_small_quantile,default,,0.00643,0.00944,0.68499,0.0,0.14,nan,1509.7,7000,1,0.00643,ok
ucr,127_UCR_Anomaly_GP711MarkerLFM5z1_5000_6168_6212,GP711MarkerLFM5z1,,chronos_base_resid,default,,0.00846,0.01074,0.69085,0.00808,0.23,nan,1612.4,7000,1,0.00643,ok
ucr,127_UCR_Anomaly_GP711MarkerLFM5z1_5000_6168_6212,GP711MarkerLFM5z1,,chronos_base_quantile,default,,0.00643,0.00945,0.68435,0.0,0.23,nan,1612.4,7000,1,0.00643,ok
ucr,127_UCR_Anomaly_GP711MarkerLFM5z1_5000_6168_6212,GP711MarkerLFM5z1,,timesfm_resid,default,,0.22201,0.16207,0.93929,0.39999,2.67,nan,1901.4,7000,1,0.00643,ok
ucr,127_UCR_Anomaly_GP711MarkerLFM5z1_5000_6168_6212,GP711MarkerLFM5z1,,timesfm_quantile,default,,0.10757,0.09098,0.93871,0.24397,2.67,nan,1901.4,7000,1,0.00643,ok
ucr,128_UCR_Anomaly_GP711MarkerLFM5z2_5000_7175_7388,GP711MarkerLFM5z2,,chronos_small_resid,default,,0.03061,0.04451,0.68357,0.0464,0.13,nan,1509.7,7000,1,0.03057,ok
ucr,128_UCR_Anomaly_GP711MarkerLFM5z2_5000_7175_7388,GP711MarkerLFM5z2,,chronos_small_quantile,default,,0.02964,0.04563,0.958,0.04061,0.13,nan,1509.7,7000,1,0.03057,ok
ucr,128_UCR_Anomaly_GP711MarkerLFM5z2_5000_7175_7388,GP711MarkerLFM5z2,,chronos_base_resid,default,,0.03351,0.04804,0.70963,0.0557,0.24,nan,1612.4,7000,1,0.03057,ok
ucr,128_UCR_Anomaly_GP711MarkerLFM5z2_5000_7175_7388,GP711MarkerLFM5z2,,chronos_base_quantile,default,,0.03157,0.05017,0.958,0.04959,0.24,nan,1612.4,7000,1,0.03057,ok
ucr,128_UCR_Anomaly_GP711MarkerLFM5z2_5000_7175_7388,GP711MarkerLFM5z2,,timesfm_resid,default,,0.4408,0.37116,0.99442,0.62018,2.71,nan,1901.4,7000,1,0.03057,ok
ucr,128_UCR_Anomaly_GP711MarkerLFM5z2_5000_7175_7388,GP711MarkerLFM5z2,,timesfm_quantile,default,,0.37417,0.34919,0.99317,0.56611,2.71,nan,1901.4,7000,1,0.03057,ok
ucr,129_UCR_Anomaly_GP711MarkerLFM5z3_5000_5948_5993,GP711MarkerLFM5z3,,chronos_small_resid,default,,0.00581,0.01317,0.68563,0.00542,0.14,nan,1509.7,7000,1,0.00657,ok
ucr,129_UCR_Anomaly_GP711MarkerLFM5z3_5000_5948_5993,GP711MarkerLFM5z3,,chronos_small_quantile,default,,0.00634,0.00963,0.67417,0.00088,0.14,nan,1509.7,7000,1,0.00657,ok
ucr,129_UCR_Anomaly_GP711MarkerLFM5z3_5000_5948_5993,GP711MarkerLFM5z3,,chronos_base_resid,default,,0.00534,0.01149,0.69347,0.00542,0.24,nan,1612.4,7000,1,0.00657,ok
ucr,129_UCR_Anomaly_GP711MarkerLFM5z3_5000_5948_5993,GP711MarkerLFM5z3,,chronos_base_quantile,default,,0.00635,0.00952,0.67736,0.00097,0.24,nan,1612.4,7000,1,0.00657,ok
ucr,129_UCR_Anomaly_GP711MarkerLFM5z3_5000_5948_5993,GP711MarkerLFM5z3,,timesfm_resid,default,,0.05406,0.046,0.95543,0.13861,2.73,nan,1901.4,7000,1,0.00657,ok
ucr,129_UCR_Anomaly_GP711MarkerLFM5z3_5000_5948_5993,GP711MarkerLFM5z3,,timesfm_quantile,default,,0.03717,0.03079,0.6952,0.09416,2.73,nan,1901.4,7000,1,0.00657,ok
ucr,130_UCR_Anomaly_GP711MarkerLFM5z4_4000_6527_6645,GP711MarkerLFM5z4,,chronos_small_resid,default,,0.0296,0.03454,0.68185,0.06411,0.14,nan,1518.2,8000,1,0.01487,ok
ucr,130_UCR_Anomaly_GP711MarkerLFM5z4_4000_6527_6645,GP711MarkerLFM5z4,,chronos_small_quantile,default,,0.02107,0.02524,0.71616,0.04057,0.14,nan,1518.2,8000,1,0.01487,ok
ucr,130_UCR_Anomaly_GP711MarkerLFM5z4_4000_6527_6645,GP711MarkerLFM5z4,,chronos_base_resid,default,,0.03281,0.03835,0.69045,0.07348,0.24,nan,1631.4,8000,1,0.01487,ok
ucr,130_UCR_Anomaly_GP711MarkerLFM5z4_4000_6527_6645,GP711MarkerLFM5z4,,chronos_base_quantile,default,,0.01758,0.02376,0.69948,0.0324,0.24,nan,1631.4,8000,1,0.01487,ok
ucr,130_UCR_Anomaly_GP711MarkerLFM5z4_4000_6527_6645,GP711MarkerLFM5z4,,timesfm_resid,default,,0.29573,0.1606,0.99619,0.45781,2.52,nan,1901.4,8000,1,0.01487,ok
ucr,130_UCR_Anomaly_GP711MarkerLFM5z4_4000_6527_6645,GP711MarkerLFM5z4,,timesfm_quantile,default,,0.03516,0.03677,0.93534,0.08632,2.52,nan,1901.4,8000,1,0.01487,ok
ucr,131_UCR_Anomaly_GP711MarkerLFM5z5_5000_8612_8716,GP711MarkerLFM5z5,,chronos_small_resid,default,,0.02049,0.03653,0.68273,0.02678,0.15,nan,1509.7,7000,1,0.015,ok
ucr,131_UCR_Anomaly_GP711MarkerLFM5z5_5000_8612_8716,GP711MarkerLFM5z5,,chronos_small_quantile,default,,0.01397,0.02509,0.77421,0.00508,0.15,nan,1509.7,7000,1,0.015,ok
ucr,131_UCR_Anomaly_GP711MarkerLFM5z5_5000_8612_8716,GP711MarkerLFM5z5,,chronos_base_resid,default,,0.02038,0.03404,0.68901,0.04058,0.23,nan,1612.4,7000,1,0.015,ok
ucr,131_UCR_Anomaly_GP711MarkerLFM5z5_5000_8612_8716,GP711MarkerLFM5z5,,chronos_base_quantile,default,,0.01411,0.05234,0.97757,0.00696,0.23,nan,1612.4,7000,1,0.015,ok
ucr,131_UCR_Anomaly_GP711MarkerLFM5z5_5000_8612_8716,GP711MarkerLFM5z5,,timesfm_resid,default,,0.28918,0.23374,0.99605,0.45626,2.53,nan,1901.4,7000,1,0.015,ok
ucr,131_UCR_Anomaly_GP711MarkerLFM5z5_5000_8612_8716,GP711MarkerLFM5z5,,timesfm_quantile,default,,0.28256,0.1716,0.99605,0.45455,2.53,nan,1901.4,7000,1,0.015,ok
ucr,132_UCR_Anomaly_InternalBleeding10_3200_4526_4556,InternalBleeding10,,chronos_small_resid,default,,0.00773,0.01301,0.66989,0.01056,0.2,nan,1487.0,4301,1,0.00721,ok
ucr,132_UCR_Anomaly_InternalBleeding10_3200_4526_4556,InternalBleeding10,,chronos_small_quantile,default,,0.00631,0.01076,0.72871,0.00552,0.2,nan,1487.0,4301,1,0.00721,ok
ucr,132_UCR_Anomaly_InternalBleeding10_3200_4526_4556,InternalBleeding10,,chronos_base_resid,default,,0.00825,0.01316,0.67266,0.02148,0.31,nan,1551.1,4301,1,0.00721,ok
ucr,132_UCR_Anomaly_InternalBleeding10_3200_4526_4556,InternalBleeding10,,chronos_base_quantile,default,,0.00681,0.01017,0.68492,0.0,0.31,nan,1551.1,4301,1,0.00721,ok
ucr,132_UCR_Anomaly_InternalBleeding10_3200_4526_4556,InternalBleeding10,,timesfm_resid,default,,0.01821,0.03435,0.9571,0.04517,4.06,nan,1901.4,4301,1,0.00721,ok
ucr,132_UCR_Anomaly_InternalBleeding10_3200_4526_4556,InternalBleeding10,,timesfm_quantile,default,,0.00732,0.01266,0.71548,0.01059,4.06,nan,1901.4,4301,1,0.00721,ok
ucr,133_UCR_Anomaly_InternalBleeding14_2800_5607_5634,InternalBleeding14,,chronos_small_resid,default,,0.00357,0.00705,0.6976,0.0,0.21,nan,1489.8,4701,1,0.00596,ok
ucr,133_UCR_Anomaly_InternalBleeding14_2800_5607_5634,InternalBleeding14,,chronos_small_quantile,default,,0.00596,0.00813,0.69465,0.0,0.21,nan,1489.8,4701,1,0.00596,ok
ucr,133_UCR_Anomaly_InternalBleeding14_2800_5607_5634,InternalBleeding14,,chronos_base_resid,default,,0.00445,0.00806,0.70309,0.00198,0.22,nan,1556.6,4701,1,0.00596,ok
ucr,133_UCR_Anomaly_InternalBleeding14_2800_5607_5634,InternalBleeding14,,chronos_base_quantile,default,,0.00546,0.00782,0.68871,0.0,0.22,nan,1556.6,4701,1,0.00596,ok
ucr,133_UCR_Anomaly_InternalBleeding14_2800_5607_5634,InternalBleeding14,,timesfm_resid,default,,0.27508,0.1541,0.99849,0.4068,2.54,nan,1901.4,4701,1,0.00596,ok
ucr,133_UCR_Anomaly_InternalBleeding14_2800_5607_5634,InternalBleeding14,,timesfm_quantile,default,,0.22297,0.08106,0.99849,0.35294,2.54,nan,1901.4,4701,1,0.00596,ok
ucr,134_UCR_Anomaly_InternalBleeding15_1700_5684_5854,InternalBleeding15,,chronos_small_resid,default,,0.06966,0.07425,0.86762,0.14465,0.12,nan,1500.7,5901,1,0.02898,ok
ucr,134_UCR_Anomaly_InternalBleeding15_1700_5684_5854,InternalBleeding15,,chronos_small_quantile,default,,0.05865,0.06512,0.69278,0.12774,0.12,nan,1500.7,5901,1,0.02898,ok
ucr,134_UCR_Anomaly_InternalBleeding15_1700_5684_5854,InternalBleeding15,,chronos_base_resid,default,,0.08031,0.08517,0.8674,0.16177,0.4,nan,1584.5,5901,1,0.02898,ok
ucr,134_UCR_Anomaly_InternalBleeding15_1700_5684_5854,InternalBleeding15,,chronos_base_quantile,default,,0.05841,0.06525,0.67724,0.12381,0.4,nan,1584.5,5901,1,0.02898,ok
ucr,134_UCR_Anomaly_InternalBleeding15_1700_5684_5854,InternalBleeding15,,timesfm_resid,default,,0.15798,0.17275,0.92184,0.30367,4.59,nan,1901.4,5901,1,0.02898,ok
ucr,134_UCR_Anomaly_InternalBleeding15_1700_5684_5854,InternalBleeding15,,timesfm_quantile,default,,0.12035,0.10774,0.71818,0.24328,4.59,nan,1901.4,5901,1,0.02898,ok
ucr,135_UCR_Anomaly_InternalBleeding16_1200_4187_4199,InternalBleeding16,,chronos_small_resid,default,,0.00208,0.00291,0.66984,0.00212,0.15,nan,1503.6,6301,1,0.00206,ok
ucr,135_UCR_Anomaly_InternalBleeding16_1200_4187_4199,InternalBleeding16,,chronos_small_quantile,default,,0.00874,0.00691,0.73701,0.01887,0.15,nan,1503.6,6301,1,0.00206,ok
ucr,135_UCR_Anomaly_InternalBleeding16_1200_4187_4199,InternalBleeding16,,chronos_base_resid,default,,0.00282,0.00351,0.72681,0.00382,0.27,nan,1598.6,6301,1,0.00206,ok
ucr,135_UCR_Anomaly_InternalBleeding16_1200_4187_4199,InternalBleeding16,,chronos_base_quantile,default,,0.00194,0.00286,0.75648,0.00092,0.27,nan,1598.6,6301,1,0.00206,ok
ucr,135_UCR_Anomaly_InternalBleeding16_1200_4187_4199,InternalBleeding16,,timesfm_resid,default,,0.01882,0.01411,0.75794,0.04185,3.03,nan,1901.4,6301,1,0.00206,ok
ucr,135_UCR_Anomaly_InternalBleeding16_1200_4187_4199,InternalBleeding16,,timesfm_quantile,default,,0.13772,0.06467,0.80406,0.19161,3.03,nan,1901.4,6301,1,0.00206,ok
ucr,136_UCR_Anomaly_InternalBleeding17_1600_3198_3309,InternalBleeding17,,chronos_small_resid,default,,0.02115,0.03394,0.73819,0.02223,0.2,nan,1500.7,5900,1,0.01898,ok
ucr,136_UCR_Anomaly_InternalBleeding17_1600_3198_3309,InternalBleeding17,,chronos_small_quantile,default,,0.02366,0.0481,0.78755,0.13231,0.2,nan,1500.7,5900,1,0.01898,ok
ucr,136_UCR_Anomaly_InternalBleeding17_1600_3198_3309,InternalBleeding17,,chronos_base_resid,default,,0.02158,0.02821,0.66715,0.02802,0.35,nan,1584.5,5900,1,0.01898,ok
ucr,136_UCR_Anomaly_InternalBleeding17_1600_3198_3309,InternalBleeding17,,chronos_base_quantile,default,,0.03942,0.03468,0.90301,0.20901,0.35,nan,1584.5,5900,1,0.01898,ok
ucr,136_UCR_Anomaly_InternalBleeding17_1600_3198_3309,InternalBleeding17,,timesfm_resid,default,,0.40648,0.28139,0.99547,0.57647,3.14,nan,1901.4,5900,1,0.01898,ok
ucr,136_UCR_Anomaly_InternalBleeding17_1600_3198_3309,InternalBleeding17,,timesfm_quantile,default,,0.29798,0.18508,0.99528,0.50088,3.14,nan,1901.4,5900,1,0.01898,ok
ucr,137_UCR_Anomaly_InternalBleeding18_2300_4485_4587,InternalBleeding18,,chronos_small_resid,default,,0.02389,0.03532,0.67922,0.02773,0.22,nan,1494.0,5200,1,0.01981,ok
ucr,137_UCR_Anomaly_InternalBleeding18_2300_4485_4587,InternalBleeding18,,chronos_small_quantile,default,,0.01609,0.02572,0.7368,0.00326,0.22,nan,1494.0,5200,1,0.01981,ok
ucr,137_UCR_Anomaly_InternalBleeding18_2300_4485_4587,InternalBleeding18,,chronos_base_resid,default,,0.02446,0.02983,0.70982,0.03062,0.39,nan,1569.4,5200,1,0.01981,ok
ucr,137_UCR_Anomaly_InternalBleeding18_2300_4485_4587,InternalBleeding18,,chronos_base_quantile,default,,0.01725,0.02661,0.91208,0.00479,0.39,nan,1569.4,5200,1,0.01981,ok
ucr,137_UCR_Anomaly_InternalBleeding18_2300_4485_4587,InternalBleeding18,,timesfm_resid,default,,0.27329,0.16879,0.99573,0.45031,3.4,nan,1901.4,5200,1,0.01981,ok
ucr,137_UCR_Anomaly_InternalBleeding18_2300_4485_4587,InternalBleeding18,,timesfm_quantile,default,,0.05916,0.05371,0.79419,0.15771,3.4,nan,1901.4,5200,1,0.01981,ok
ucr,138_UCR_Anomaly_InternalBleeding19_3000_4187_4197,InternalBleeding19,,chronos_small_resid,default,,0.00473,0.00507,0.67158,0.00955,0.13,nan,1488.6,4500,1,0.00244,ok
ucr,138_UCR_Anomaly_InternalBleeding19_3000_4187_4197,InternalBleeding19,,chronos_small_quantile,default,,0.03383,0.02457,0.77055,0.07504,0.13,nan,1488.6,4500,1,0.00244,ok
ucr,138_UCR_Anomaly_InternalBleeding19_3000_4187_4197,InternalBleeding19,,chronos_base_resid,default,,0.00794,0.00791,0.68096,0.01561,0.39,nan,1553.0,4500,1,0.00244,ok
ucr,138_UCR_Anomaly_InternalBleeding19_3000_4187_4197,InternalBleeding19,,chronos_base_quantile,default,,0.00635,0.00615,0.74493,0.01306,0.39,nan,1553.0,4500,1,0.00244,ok
ucr,138_UCR_Anomaly_InternalBleeding19_3000_4187_4197,InternalBleeding19,,timesfm_resid,default,,0.67045,0.20218,0.99966,0.66563,7.11,nan,1901.4,4500,1,0.00244,ok
ucr,138_UCR_Anomaly_InternalBleeding19_3000_4187_4197,InternalBleeding19,,timesfm_quantile,default,,0.69319,0.2372,0.99966,0.70016,7.11,nan,1901.4,4500,1,0.00244,ok
ucr,139_UCR_Anomaly_InternalBleeding20_2700_5759_5919,InternalBleeding20,,chronos_small_resid,default,,0.04702,0.06888,0.66852,0.0926,0.35,nan,1490.2,4800,1,0.03354,ok
ucr,139_UCR_Anomaly_InternalBleeding20_2700_5759_5919,InternalBleeding20,,chronos_small_quantile,default,,0.03,0.04713,0.65568,0.01569,0.35,nan,1490.2,4800,1,0.03354,ok
ucr,139_UCR_Anomaly_InternalBleeding20_2700_5759_5919,InternalBleeding20,,chronos_base_resid,default,,0.19077,0.14193,0.99183,0.38398,0.56,nan,1558.1,4800,1,0.03354,ok
ucr,139_UCR_Anomaly_InternalBleeding20_2700_5759_5919,InternalBleeding20,,chronos_base_quantile,default,,0.03231,0.04633,0.64913,0.03318,0.56,nan,1558.1,4800,1,0.03354,ok
ucr,139_UCR_Anomaly_InternalBleeding20_2700_5759_5919,InternalBleeding20,,timesfm_resid,default,,0.20212,0.20636,0.97112,0.41544,3.95,nan,1901.4,4800,1,0.03354,ok
ucr,139_UCR_Anomaly_InternalBleeding20_2700_5759_5919,InternalBleeding20,,timesfm_quantile,default,,0.07842,0.07668,0.99183,0.3125,3.95,nan,1901.4,4800,1,0.03354,ok
ucr,140_UCR_Anomaly_InternalBleeding4_1000_4675_5033,InternalBleeding4,,chronos_small_resid,default,,0.38072,0.3267,0.99293,0.54239,0.22,nan,1503.6,6321,1,0.05679,ok
ucr,140_UCR_Anomaly_InternalBleeding4_1000_4675_5033,InternalBleeding4,,chronos_small_quantile,default,,0.1023,0.09233,0.98298,0.27478,0.22,nan,1503.6,6321,1,0.05679,ok
ucr,140_UCR_Anomaly_InternalBleeding4_1000_4675_5033,InternalBleeding4,,chronos_base_resid,default,,0.36414,0.30469,0.98298,0.53062,0.34,nan,1598.6,6321,1,0.05679,ok
ucr,140_UCR_Anomaly_InternalBleeding4_1000_4675_5033,InternalBleeding4,,chronos_base_quantile,default,,0.07941,0.08589,0.87351,0.14374,0.34,nan,1598.6,6321,1,0.05679,ok
ucr,140_UCR_Anomaly_InternalBleeding4_1000_4675_5033,InternalBleeding4,,timesfm_resid,default,,0.53494,0.47285,0.99445,0.66081,4.29,nan,1901.4,6321,1,0.05679,ok
ucr,140_UCR_Anomaly_InternalBleeding4_1000_4675_5033,InternalBleeding4,,timesfm_quantile,default,,0.22101,0.19553,0.98589,0.34217,4.29,nan,1901.4,6321,1,0.05679,ok
ucr,141_UCR_Anomaly_InternalBleeding5_4000_6200_6370,InternalBleeding5,,chronos_small_resid,default,,0.22497,0.20455,0.81048,0.35708,0.2,nan,1478.5,3415,1,0.05007,ok
ucr,141_UCR_Anomaly_InternalBleeding5_4000_6200_6370,InternalBleeding5,,chronos_small_quantile,default,,0.09147,0.1045,0.71229,0.15244,0.2,nan,1478.5,3415,1,0.05007,ok
ucr,141_UCR_Anomaly_InternalBleeding5_4000_6200_6370,InternalBleeding5,,chronos_base_resid,default,,0.2896,0.23821,0.98429,0.48985,0.36,nan,1527.3,3415,1,0.05007,ok
ucr,141_UCR_Anomaly_InternalBleeding5_4000_6200_6370,InternalBleeding5,,chronos_base_quantile,default,,0.11534,0.11715,0.71584,0.23148,0.36,nan,1527.3,3415,1,0.05007,ok
ucr,141_UCR_Anomaly_InternalBleeding5_4000_6200_6370,InternalBleeding5,,timesfm_resid,default,,0.48575,0.39576,0.98429,0.72338,2.57,nan,1901.4,3415,1,0.05007,ok
ucr,141_UCR_Anomaly_InternalBleeding5_4000_6200_6370,InternalBleeding5,,timesfm_quantile,default,,0.27521,0.21929,0.98381,0.45257,2.57,nan,1901.4,3415,1,0.05007,ok
ucr,142_UCR_Anomaly_InternalBleeding6_1500_3474_3629,InternalBleeding6,,chronos_small_resid,default,,0.0225,0.02971,0.68025,0.02342,0.21,nan,1502.4,6154,1,0.02535,ok
ucr,142_UCR_Anomaly_InternalBleeding6_1500_3474_3629,InternalBleeding6,,chronos_small_quantile,default,,0.02361,0.03451,0.8804,0.02673,0.21,nan,1502.4,6154,1,0.02535,ok
ucr,142_UCR_Anomaly_InternalBleeding6_1500_3474_3629,InternalBleeding6,,chronos_base_resid,default,,0.03424,0.03771,0.73832,0.04567,0.35,nan,1590.3,6154,1,0.02535,ok
ucr,142_UCR_Anomaly_InternalBleeding6_1500_3474_3629,InternalBleeding6,,chronos_base_quantile,default,,0.0251,0.03611,0.70067,0.03362,0.35,nan,1590.3,6154,1,0.02535,ok
ucr,142_UCR_Anomaly_InternalBleeding6_1500_3474_3629,InternalBleeding6,,timesfm_resid,default,,0.35035,0.25519,0.99238,0.53568,3.31,nan,1901.4,6154,1,0.02535,ok
ucr,142_UCR_Anomaly_InternalBleeding6_1500_3474_3629,InternalBleeding6,,timesfm_quantile,default,,0.34426,0.24283,0.99144,0.5,3.31,nan,1901.4,6154,1,0.02535,ok
ucr,143_UCR_Anomaly_InternalBleeding8_2500_5865_5974,InternalBleeding8,,chronos_small_resid,default,,0.01972,0.03282,0.6807,0.00541,0.19,nan,1492.5,5001,1,0.022,ok
ucr,143_UCR_Anomaly_InternalBleeding8_2500_5865_5974,InternalBleeding8,,chronos_small_quantile,default,,0.02181,0.03178,0.69616,0.0007,0.19,nan,1492.5,5001,1,0.022,ok
ucr,143_UCR_Anomaly_InternalBleeding8_2500_5865_5974,InternalBleeding8,,chronos_base_resid,default,,0.02574,0.04543,0.6863,0.027,0.52,nan,1568.8,5001,1,0.022,ok
ucr,143_UCR_Anomaly_InternalBleeding8_2500_5865_5974,InternalBleeding8,,chronos_base_quantile,default,,0.02567,0.03951,0.69334,0.03625,0.52,nan,1568.8,5001,1,0.022,ok
ucr,143_UCR_Anomaly_InternalBleeding8_2500_5865_5974,InternalBleeding8,,timesfm_resid,default,,0.02305,0.06851,0.97291,0.03503,6.52,nan,1901.4,5001,1,0.022,ok
ucr,143_UCR_Anomaly_InternalBleeding8_2500_5865_5974,InternalBleeding8,,timesfm_quantile,default,,0.02242,0.05645,0.97331,0.01663,6.52,nan,1901.4,5001,1,0.022,ok
ucr,144_UCR_Anomaly_InternalBleeding9_4200_6599_6681,InternalBleeding9,,chronos_small_resid,default,,0.01909,0.0324,0.74068,0.00103,0.19,nan,1477.9,3301,1,0.02514,ok
ucr,144_UCR_Anomaly_InternalBleeding9_4200_6599_6681,InternalBleeding9,,chronos_small_quantile,default,,0.02918,0.04782,0.65132,0.03245,0.19,nan,1477.9,3301,1,0.02514,ok
ucr,144_UCR_Anomaly_InternalBleeding9_4200_6599_6681,InternalBleeding9,,chronos_base_resid,default,,0.02181,0.03653,0.74008,0.00066,0.22,nan,1524.8,3301,1,0.02514,ok
ucr,144_UCR_Anomaly_InternalBleeding9_4200_6599_6681,InternalBleeding9,,chronos_base_quantile,default,,0.02839,0.04863,0.72942,0.03233,0.22,nan,1524.8,3301,1,0.02514,ok
ucr,144_UCR_Anomaly_InternalBleeding9_4200_6599_6681,InternalBleeding9,,timesfm_resid,default,,0.01831,0.02766,0.68523,0.00682,1.3,nan,1901.4,3301,1,0.02514,ok
ucr,144_UCR_Anomaly_InternalBleeding9_4200_6599_6681,InternalBleeding9,,timesfm_quantile,default,,0.02393,0.03579,0.65967,0.00943,1.3,nan,1901.4,3301,1,0.02514,ok
ucr,145_UCR_Anomaly_Lab2Cmac011215EPG1_5000_17210_17260,Lab2Cmac011215EPG1,,chronos_small_resid,default,,0.14813,0.02852,0.8861,0.19135,0.31,nan,1593.6,25001,1,0.00204,ok
ucr,145_UCR_Anomaly_Lab2Cmac011215EPG1_5000_17210_17260,Lab2Cmac011215EPG1,,chronos_small_quantile,default,,0.13231,0.03091,0.88671,0.18463,0.31,nan,1593.6,25001,1,0.00204,ok
ucr,145_UCR_Anomaly_Lab2Cmac011215EPG1_5000_17210_17260,Lab2Cmac011215EPG1,,chronos_base_resid,default,,0.15556,0.03411,0.8967,0.21574,0.7,nan,1824.4,25001,1,0.00204,ok
ucr,145_UCR_Anomaly_Lab2Cmac011215EPG1_5000_17210_17260,Lab2Cmac011215EPG1,,chronos_base_quantile,default,,0.22209,0.0614,0.93255,0.26098,0.7,nan,1824.4,25001,1,0.00204,ok
ucr,145_UCR_Anomaly_Lab2Cmac011215EPG1_5000_17210_17260,Lab2Cmac011215EPG1,,timesfm_resid,default,,0.16383,0.03662,0.77946,0.22147,12.13,nan,1901.4,25001,1,0.00204,ok
ucr,145_UCR_Anomaly_Lab2Cmac011215EPG1_5000_17210_17260,Lab2Cmac011215EPG1,,timesfm_quantile,default,,0.09271,0.02938,0.77045,0.21139,12.13,nan,1901.4,25001,1,0.00204,ok
ucr,146_UCR_Anomaly_Lab2Cmac011215EPG2_5000_27862_27932,Lab2Cmac011215EPG2,,chronos_small_resid,default,,0.0025,0.00416,0.66724,0.0014,0.49,nan,1593.6,24950,1,0.00285,ok
ucr,146_UCR_Anomaly_Lab2Cmac011215EPG2_5000_27862_27932,Lab2Cmac011215EPG2,,chronos_small_quantile,default,,0.00317,0.00469,0.66143,0.00482,0.49,nan,1593.6,24950,1,0.00285,ok
ucr,146_UCR_Anomaly_Lab2Cmac011215EPG2_5000_27862_27932,Lab2Cmac011215EPG2,,chronos_base_resid,default,,0.00247,0.00413,0.67497,0.00196,0.68,nan,1824.4,24950,1,0.00285,ok
ucr,146_UCR_Anomaly_Lab2Cmac011215EPG2_5000_27862_27932,Lab2Cmac011215EPG2,,chronos_base_quantile,default,,0.00277,0.0042,0.67409,0.00172,0.68,nan,1824.4,24950,1,0.00285,ok
ucr,146_UCR_Anomaly_Lab2Cmac011215EPG2_5000_27862_27932,Lab2Cmac011215EPG2,,timesfm_resid,default,,0.00518,0.00598,0.70893,0.03788,9.54,nan,1901.4,24950,1,0.00285,ok
ucr,146_UCR_Anomaly_Lab2Cmac011215EPG2_5000_27862_27932,Lab2Cmac011215EPG2,,timesfm_quantile,default,,0.0052,0.00654,0.67131,0.01001,9.54,nan,1901.4,24950,1,0.00285,ok
ucr,147_UCR_Anomaly_Lab2Cmac011215EPG3_5000_16390_16420,Lab2Cmac011215EPG3,,chronos_small_resid,default,,0.00299,0.00378,0.71464,0.00664,0.3,nan,1593.6,24950,1,0.00124,ok
ucr,147_UCR_Anomaly_Lab2Cmac011215EPG3_5000_16390_16420,Lab2Cmac011215EPG3,,chronos_small_quantile,default,,0.00439,0.005,0.73363,0.01179,0.3,nan,1593.6,24950,1,0.00124,ok
ucr,147_UCR_Anomaly_Lab2Cmac011215EPG3_5000_16390_16420,Lab2Cmac011215EPG3,,chronos_base_resid,default,,0.0026,0.00357,0.80868,0.00503,0.66,nan,1824.4,24950,1,0.00124,ok
ucr,147_UCR_Anomaly_Lab2Cmac011215EPG3_5000_16390_16420,Lab2Cmac011215EPG3,,chronos_base_quantile,default,,0.00372,0.00469,0.76893,0.00836,0.66,nan,1824.4,24950,1,0.00124,ok
ucr,147_UCR_Anomaly_Lab2Cmac011215EPG3_5000_16390_16420,Lab2Cmac011215EPG3,,timesfm_resid,default,,0.00585,0.00596,0.67247,0.01305,9.38,nan,1901.4,24950,1,0.00124,ok
ucr,147_UCR_Anomaly_Lab2Cmac011215EPG3_5000_16390_16420,Lab2Cmac011215EPG3,,timesfm_quantile,default,,0.00557,0.00569,0.668,0.01161,9.38,nan,1901.4,24950,1,0.00124,ok
ucr,148_UCR_Anomaly_Lab2Cmac011215EPG4_6000_17390_17520,Lab2Cmac011215EPG4,,chronos_small_resid,default,,0.00489,0.00741,0.74983,0.00511,0.33,nan,1593.6,24066,1,0.00544,ok
ucr,148_UCR_Anomaly_Lab2Cmac011215EPG4_6000_17390_17520,Lab2Cmac011215EPG4,,chronos_small_quantile,default,,0.0052,0.00798,0.74026,0.00581,0.33,nan,1593.6,24066,1,0.00544,ok
ucr,148_UCR_Anomaly_Lab2Cmac011215EPG4_6000_17390_17520,Lab2Cmac011215EPG4,,chronos_base_resid,default,,0.00484,0.00749,0.7223,0.00451,0.69,nan,1824.4,24066,1,0.00544,ok
ucr,148_UCR_Anomaly_Lab2Cmac011215EPG4_6000_17390_17520,Lab2Cmac011215EPG4,,chronos_base_quantile,default,,0.00479,0.00759,0.83802,0.00409,0.69,nan,1824.4,24066,1,0.00544,ok
ucr,148_UCR_Anomaly_Lab2Cmac011215EPG4_6000_17390_17520,Lab2Cmac011215EPG4,,timesfm_resid,default,,0.00627,0.0083,0.67496,0.00735,8.06,nan,1901.4,24066,1,0.00544,ok
ucr,148_UCR_Anomaly_Lab2Cmac011215EPG4_6000_17390_17520,Lab2Cmac011215EPG4,,timesfm_quantile,default,,0.00536,0.00785,0.66765,0.00567,8.06,nan,1901.4,24066,1,0.00544,ok
ucr,149_UCR_Anomaly_Lab2Cmac011215EPG5_7000_17390_17520,Lab2Cmac011215EPG5,,chronos_small_resid,default,,0.00906,0.01092,0.7284,0.01737,0.32,nan,1593.6,22826,1,0.00574,ok
ucr,149_UCR_Anomaly_Lab2Cmac011215EPG5_7000_17390_17520,Lab2Cmac011215EPG5,,chronos_small_quantile,default,,0.00922,0.01026,0.72004,0.0257,0.32,nan,1593.6,22826,1,0.00574,ok
ucr,149_UCR_Anomaly_Lab2Cmac011215EPG5_7000_17390_17520,Lab2Cmac011215EPG5,,chronos_base_resid,default,,0.00815,0.0104,0.73068,0.01394,0.76,nan,1824.4,22826,1,0.00574,ok
ucr,149_UCR_Anomaly_Lab2Cmac011215EPG5_7000_17390_17520,Lab2Cmac011215EPG5,,chronos_base_quantile,default,,0.00553,0.00804,0.75304,0.00642,0.76,nan,1824.4,22826,1,0.00574,ok
ucr,149_UCR_Anomaly_Lab2Cmac011215EPG5_7000_17390_17520,Lab2Cmac011215EPG5,,timesfm_resid,default,,0.01006,0.01241,0.68095,0.01972,7.9,nan,1901.4,22826,1,0.00574,ok
ucr,149_UCR_Anomaly_Lab2Cmac011215EPG5_7000_17390_17520,Lab2Cmac011215EPG5,,timesfm_quantile,default,,0.0072,0.0098,0.66604,0.01085,7.9,nan,1901.4,22826,1,0.00574,ok
ucr,150_UCR_Anomaly_Lab2Cmac011215EPG6_7000_12190_12420,Lab2Cmac011215EPG6,,chronos_small_resid,default,,0.00674,0.01013,0.6676,0.00116,0.31,nan,1593.6,22859,1,0.01011,ok
ucr,150_UCR_Anomaly_Lab2Cmac011215EPG6_7000_12190_12420,Lab2Cmac011215EPG6,,chronos_small_quantile,default,,0.00901,0.01301,0.68829,0.0019,0.31,nan,1593.6,22859,1,0.01011,ok
ucr,150_UCR_Anomaly_Lab2Cmac011215EPG6_7000_12190_12420,Lab2Cmac011215EPG6,,chronos_base_resid,default,,0.00696,0.01066,0.65325,0.00045,0.63,nan,1824.4,22859,1,0.01011,ok
ucr,150_UCR_Anomaly_Lab2Cmac011215EPG6_7000_12190_12420,Lab2Cmac011215EPG6,,chronos_base_quantile,default,,0.00982,0.01346,0.65534,0.00038,0.63,nan,1824.4,22859,1,0.01011,ok
ucr,150_UCR_Anomaly_Lab2Cmac011215EPG6_7000_12190_12420,Lab2Cmac011215EPG6,,timesfm_resid,default,,0.00693,0.01073,0.65462,0.0006,8.39,nan,1901.4,22859,1,0.01011,ok
ucr,150_UCR_Anomaly_Lab2Cmac011215EPG6_7000_12190_12420,Lab2Cmac011215EPG6,,timesfm_quantile,default,,0.01011,0.01416,0.65545,0.0,8.39,nan,1901.4,22859,1,0.01011,ok
ucr,151_UCR_Anomaly_MesoplodonDensirostris_10000_19280_19440,MesoplodonDensirostris,,chronos_small_resid,default,,0.02649,0.02748,0.75125,0.06699,0.45,nan,1578.1,14667,1,0.01098,ok
ucr,151_UCR_Anomaly_MesoplodonDensirostris_10000_19280_19440,MesoplodonDensirostris,,chronos_small_quantile,default,,0.01278,0.01726,0.74049,0.02059,0.45,nan,1578.1,14667,1,0.01098,ok
ucr,151_UCR_Anomaly_MesoplodonDensirostris_10000_19280_19440,MesoplodonDensirostris,,chronos_base_resid,default,,0.02805,0.02609,0.75608,0.05529,0.38,nan,1797.3,14667,1,0.01098,ok
ucr,151_UCR_Anomaly_MesoplodonDensirostris_10000_19280_19440,MesoplodonDensirostris,,chronos_base_quantile,default,,0.01176,0.01663,0.73531,0.01724,0.38,nan,1797.3,14667,1,0.01098,ok
ucr,151_UCR_Anomaly_MesoplodonDensirostris_10000_19280_19440,MesoplodonDensirostris,,timesfm_resid,default,,0.07124,0.03524,0.96617,0.23915,5.32,nan,1901.4,14667,1,0.01098,ok
ucr,151_UCR_Anomaly_MesoplodonDensirostris_10000_19280_19440,MesoplodonDensirostris,,timesfm_quantile,default,,0.08605,0.0445,0.86498,0.23357,5.32,nan,1901.4,14667,1,0.01098,ok
ucr,152_UCR_Anomaly_PowerDemand1_9000_18485_18821,PowerDemand1,,chronos_small_resid,default,,0.05684,0.06418,0.7332,0.12675,0.32,nan,1593.6,20931,1,0.0161,ok
ucr,152_UCR_Anomaly_PowerDemand1_9000_18485_18821,PowerDemand1,,chronos_small_quantile,default,,0.04523,0.03029,0.95502,0.225,0.32,nan,1593.6,20931,1,0.0161,ok
ucr,152_UCR_Anomaly_PowerDemand1_9000_18485_18821,PowerDemand1,,chronos_base_resid,default,,0.05046,0.05986,0.72591,0.11117,0.67,nan,1824.4,20931,1,0.0161,ok
ucr,152_UCR_Anomaly_PowerDemand1_9000_18485_18821,PowerDemand1,,chronos_base_quantile,default,,0.04268,0.02774,0.95502,0.225,0.67,nan,1824.4,20931,1,0.0161,ok
ucr,152_UCR_Anomaly_PowerDemand1_9000_18485_18821,PowerDemand1,,timesfm_resid,default,,0.04516,0.05285,0.69518,0.10325,8.26,nan,1901.4,20931,1,0.0161,ok
ucr,152_UCR_Anomaly_PowerDemand1_9000_18485_18821,PowerDemand1,,timesfm_quantile,default,,0.02263,0.02677,0.68216,0.04594,8.26,nan,1901.4,20931,1,0.0161,ok
ucr,153_UCR_Anomaly_PowerDemand2_14000_23357_23717,PowerDemand2,,chronos_small_resid,default,,0.02245,0.03112,0.66322,0.0237,0.2,nan,1587.6,15931,1,0.02266,ok
ucr,153_UCR_Anomaly_PowerDemand2_14000_23357_23717,PowerDemand2,,chronos_small_quantile,default,,0.0235,0.03392,0.71697,0.01578,0.2,nan,1587.6,15931,1,0.02266,ok
ucr,153_UCR_Anomaly_PowerDemand2_14000_23357_23717,PowerDemand2,,chronos_base_resid,default,,0.0223,0.03087,0.67273,0.02062,0.4,nan,1813.2,15931,1,0.02266,ok
ucr,153_UCR_Anomaly_PowerDemand2_14000_23357_23717,PowerDemand2,,chronos_base_quantile,default,,0.02325,0.03307,0.71904,0.01413,0.4,nan,1813.2,15931,1,0.02266,ok
ucr,153_UCR_Anomaly_PowerDemand2_14000_23357_23717,PowerDemand2,,timesfm_resid,default,,0.02201,0.0284,0.66645,0.02195,5.13,nan,1901.4,15931,1,0.02266,ok
ucr,153_UCR_Anomaly_PowerDemand2_14000_23357_23717,PowerDemand2,,timesfm_quantile,default,,0.02292,0.03192,0.72734,0.02577,5.13,nan,1901.4,15931,1,0.02266,ok
ucr,154_UCR_Anomaly_PowerDemand3_16000_23405_23477,PowerDemand3,,chronos_small_resid,default,,0.01414,0.02436,0.66242,0.03528,0.18,nan,1570.2,13931,1,0.00524,ok
ucr,154_UCR_Anomaly_PowerDemand3_16000_23405_23477,PowerDemand3,,chronos_small_quantile,default,,0.03188,0.01387,0.81536,0.15,0.18,nan,1570.2,13931,1,0.00524,ok
ucr,154_UCR_Anomaly_PowerDemand3_16000_23405_23477,PowerDemand3,,chronos_base_resid,default,,0.02417,0.03653,0.6726,0.06356,0.35,nan,1767.7,13931,1,0.00524,ok
ucr,154_UCR_Anomaly_PowerDemand3_16000_23405_23477,PowerDemand3,,chronos_base_quantile,default,,0.03157,0.01357,0.81991,0.15458,0.35,nan,1767.7,13931,1,0.00524,ok
ucr,154_UCR_Anomaly_PowerDemand3_16000_23405_23477,PowerDemand3,,timesfm_resid,default,,0.01302,0.01987,0.64985,0.02925,5.35,nan,1901.4,13931,1,0.00524,ok
ucr,154_UCR_Anomaly_PowerDemand3_16000_23405_23477,PowerDemand3,,timesfm_quantile,default,,0.02367,0.01693,0.768,0.11912,5.35,nan,1901.4,13931,1,0.00524,ok
ucr,155_UCR_Anomaly_PowerDemand4_18000_24005_24077,PowerDemand4,,chronos_small_resid,default,,0.16068,0.08302,0.89759,0.33169,0.2,nan,1552.9,11931,1,0.00612,ok
ucr,155_UCR_Anomaly_PowerDemand4_18000_24005_24077,PowerDemand4,,chronos_small_quantile,default,,0.10756,0.06667,0.84016,0.24962,0.2,nan,1552.9,11931,1,0.00612,ok
ucr,155_UCR_Anomaly_PowerDemand4_18000_24005_24077,PowerDemand4,,chronos_base_resid,default,,0.17157,0.09327,0.89791,0.35243,0.63,nan,1722.2,11931,1,0.00612,ok
ucr,155_UCR_Anomaly_PowerDemand4_18000_24005_24077,PowerDemand4,,chronos_base_quantile,default,,0.06148,0.03913,0.76601,0.1572,0.63,nan,1722.2,11931,1,0.00612,ok
ucr,155_UCR_Anomaly_PowerDemand4_18000_24005_24077,PowerDemand4,,timesfm_resid,default,,0.0734,0.04879,0.74202,0.19619,3.99,nan,1901.4,11931,1,0.00612,ok
ucr,155_UCR_Anomaly_PowerDemand4_18000_24005_24077,PowerDemand4,,timesfm_quantile,default,,0.06096,0.03434,0.87315,0.18996,3.99,nan,1901.4,11931,1,0.00612,ok
ucr,156_UCR_Anomaly_TkeepFifthMARS_3500_5988_6085,TkeepFifthMARS,,chronos_small_resid,default,,0.06601,0.10907,0.97851,0.16993,0.15,nan,1517.7,7834,1,0.01251,ok
ucr,156_UCR_Anomaly_TkeepFifthMARS_3500_5988_6085,TkeepFifthMARS,,chronos_small_quantile,default,,0.06013,0.10555,0.98203,0.13817,0.15,nan,1517.7,7834,1,0.01251,ok
ucr,156_UCR_Anomaly_TkeepFifthMARS_3500_5988_6085,TkeepFifthMARS,,chronos_base_resid,default,,0.09009,0.1272,0.97539,0.22421,0.26,nan,1629.6,7834,1,0.01251,ok
ucr,156_UCR_Anomaly_TkeepFifthMARS_3500_5988_6085,TkeepFifthMARS,,chronos_base_quantile,default,,0.046,0.09862,0.98363,0.15493,0.26,nan,1629.6,7834,1,0.01251,ok
ucr,156_UCR_Anomaly_TkeepFifthMARS_3500_5988_6085,TkeepFifthMARS,,timesfm_resid,default,,0.09301,0.15519,0.98946,0.20833,2.65,nan,1901.4,7834,1,0.01251,ok
ucr,156_UCR_Anomaly_TkeepFifthMARS_3500_5988_6085,TkeepFifthMARS,,timesfm_quantile,default,,0.04912,0.14112,0.98162,0.14531,2.65,nan,1901.4,7834,1,0.01251,ok
ucr,157_UCR_Anomaly_TkeepFirstMARS_3500_5365_5380,TkeepFirstMARS,,chronos_small_resid,default,,0.00419,0.00507,0.71399,0.00722,0.15,nan,1517.8,7906,1,0.00202,ok
ucr,157_UCR_Anomaly_TkeepFirstMARS_3500_5365_5380,TkeepFirstMARS,,chronos_small_quantile,default,,0.00351,0.00466,0.68507,0.00632,0.15,nan,1517.8,7906,1,0.00202,ok
ucr,157_UCR_Anomaly_TkeepFirstMARS_3500_5365_5380,TkeepFirstMARS,,chronos_base_resid,default,,0.004,0.00475,0.72701,0.00722,0.24,nan,1630.1,7906,1,0.00202,ok
ucr,157_UCR_Anomaly_TkeepFirstMARS_3500_5365_5380,TkeepFirstMARS,,chronos_base_quantile,default,,0.0056,0.00669,0.72018,0.01424,0.24,nan,1630.1,7906,1,0.00202,ok
ucr,157_UCR_Anomaly_TkeepFirstMARS_3500_5365_5380,TkeepFirstMARS,,timesfm_resid,default,,0.0047,0.00626,0.79863,0.01029,3.09,nan,1901.4,7906,1,0.00202,ok
ucr,157_UCR_Anomaly_TkeepFirstMARS_3500_5365_5380,TkeepFirstMARS,,timesfm_quantile,default,,0.00702,0.00775,0.83515,0.01419,3.09,nan,1901.4,7906,1,0.00202,ok
ucr,158_UCR_Anomaly_TkeepForthMARS_3500_5988_6085,TkeepForthMARS,,chronos_small_resid,default,,0.01802,0.02643,0.9413,0.01762,0.17,nan,1517.7,7808,1,0.01255,ok
ucr,158_UCR_Anomaly_TkeepForthMARS_3500_5988_6085,TkeepForthMARS,,chronos_small_quantile,default,,0.01295,0.02101,0.66072,0.01772,0.17,nan,1517.7,7808,1,0.01255,ok
ucr,158_UCR_Anomaly_TkeepForthMARS_3500_5988_6085,TkeepForthMARS,,chronos_base_resid,default,,0.01628,0.02619,0.96007,0.10519,0.25,nan,1628.6,7808,1,0.01255,ok
ucr,158_UCR_Anomaly_TkeepForthMARS_3500_5988_6085,TkeepForthMARS,,chronos_base_quantile,default,,0.01377,0.02012,0.65429,0.0198,0.25,nan,1628.6,7808,1,0.01255,ok
ucr,158_UCR_Anomaly_TkeepForthMARS_3500_5988_6085,TkeepForthMARS,,timesfm_resid,default,,0.0511,0.05977,0.96311,0.1313,2.54,nan,1901.4,7808,1,0.01255,ok
ucr,158_UCR_Anomaly_TkeepForthMARS_3500_5988_6085,TkeepForthMARS,,timesfm_quantile,default,,0.07465,0.06195,0.87127,0.1541,2.54,nan,1901.4,7808,1,0.01255,ok
ucr,159_UCR_Anomaly_TkeepSecondMARS_3500_9330_9340,TkeepSecondMARS,,chronos_small_resid,default,,0.00415,0.00443,0.90393,0.0086,0.13,nan,1517.8,7888,1,0.00139,ok
ucr,159_UCR_Anomaly_TkeepSecondMARS_3500_9330_9340,TkeepSecondMARS,,chronos_small_quantile,default,,0.00488,0.00494,0.98365,0.01039,0.13,nan,1517.8,7888,1,0.00139,ok
ucr,159_UCR_Anomaly_TkeepSecondMARS_3500_9330_9340,TkeepSecondMARS,,chronos_base_resid,default,,0.00318,0.00327,0.98085,0.00508,0.25,nan,1630.1,7888,1,0.00139,ok
ucr,159_UCR_Anomaly_TkeepSecondMARS_3500_9330_9340,TkeepSecondMARS,,chronos_base_quantile,default,,0.00481,0.00467,0.9839,0.01245,0.25,nan,1630.1,7888,1,0.00139,ok
ucr,159_UCR_Anomaly_TkeepSecondMARS_3500_9330_9340,TkeepSecondMARS,,timesfm_resid,default,,0.03303,0.02826,0.98136,0.08039,2.82,nan,1901.4,7888,1,0.00139,ok
ucr,159_UCR_Anomaly_TkeepSecondMARS_3500_9330_9340,TkeepSecondMARS,,timesfm_quantile,default,,0.07522,0.05808,0.98365,0.18,2.82,nan,1901.4,7888,1,0.00139,ok
ucr,160_UCR_Anomaly_TkeepThirdMARS_3500_4711_4809,TkeepThirdMARS,,chronos_small_resid,default,,0.11269,0.06749,0.94214,0.27831,0.14,nan,1517.7,7808,1,0.01268,ok
ucr,160_UCR_Anomaly_TkeepThirdMARS_3500_4711_4809,TkeepThirdMARS,,chronos_small_quantile,default,,0.02661,0.03219,0.69041,0.0512,0.14,nan,1517.7,7808,1,0.01268,ok
ucr,160_UCR_Anomaly_TkeepThirdMARS_3500_4711_4809,TkeepThirdMARS,,chronos_base_resid,default,,0.60958,0.41763,0.99732,0.71876,0.22,nan,1628.6,7808,1,0.01268,ok
ucr,160_UCR_Anomaly_TkeepThirdMARS_3500_4711_4809,TkeepThirdMARS,,chronos_base_quantile,default,,0.06224,0.04241,0.96039,0.24485,0.22,nan,1628.6,7808,1,0.01268,ok
ucr,160_UCR_Anomaly_TkeepThirdMARS_3500_4711_4809,TkeepThirdMARS,,timesfm_resid,default,,0.07195,0.09446,0.96299,0.18397,2.53,nan,1901.4,7808,1,0.01268,ok
ucr,160_UCR_Anomaly_TkeepThirdMARS_3500_4711_4809,TkeepThirdMARS,,timesfm_quantile,default,,0.02422,0.03045,0.87593,0.06281,2.53,nan,1901.4,7808,1,0.01268,ok
ucr,161_UCR_Anomaly_WalkingAceleration1_1500_2764_2995,WalkingAceleration1,,chronos_small_resid,default,,0.03306,0.05118,0.6521,0.01786,0.14,nan,1493.5,5184,1,0.04475,ok
ucr,161_UCR_Anomaly_WalkingAceleration1_1500_2764_2995,WalkingAceleration1,,chronos_small_quantile,default,,0.0421,0.05979,0.65902,0.01754,0.14,nan,1493.5,5184,1,0.04475,ok
ucr,161_UCR_Anomaly_WalkingAceleration1_1500_2764_2995,WalkingAceleration1,,chronos_base_resid,default,,0.03523,0.05312,0.64585,0.01786,0.28,nan,1569.2,5184,1,0.04475,ok
ucr,161_UCR_Anomaly_WalkingAceleration1_1500_2764_2995,WalkingAceleration1,,chronos_base_quantile,default,,0.04432,0.06337,0.65668,0.03226,0.28,nan,1569.2,5184,1,0.04475,ok
ucr,161_UCR_Anomaly_WalkingAceleration1_1500_2764_2995,WalkingAceleration1,,timesfm_resid,default,,0.03892,0.05788,0.65292,0.03226,2.62,nan,1901.4,5184,1,0.04475,ok
ucr,161_UCR_Anomaly_WalkingAceleration1_1500_2764_2995,WalkingAceleration1,,timesfm_quantile,default,,0.04244,0.0606,0.66509,0.03226,2.62,nan,1901.4,5184,1,0.04475,ok
ucr,162_UCR_Anomaly_WalkingAceleration5_2700_5920_5979,WalkingAceleration5,,chronos_small_resid,default,,0.20173,0.20942,0.92344,0.37058,0.19,nan,1483.4,3984,1,0.01506,ok
ucr,162_UCR_Anomaly_WalkingAceleration5_2700_5920_5979,WalkingAceleration5,,chronos_small_quantile,default,,0.12685,0.10631,0.92344,0.29293,0.19,nan,1483.4,3984,1,0.01506,ok
ucr,162_UCR_Anomaly_WalkingAceleration5_2700_5920_5979,WalkingAceleration5,,chronos_base_resid,default,,0.19271,0.19755,0.92567,0.37908,0.37,nan,1540.7,3984,1,0.01506,ok
ucr,162_UCR_Anomaly_WalkingAceleration5_2700_5920_5979,WalkingAceleration5,,chronos_base_quantile,default,,0.08875,0.07941,0.92344,0.19645,0.37,nan,1540.7,3984,1,0.01506,ok
ucr,162_UCR_Anomaly_WalkingAceleration5_2700_5920_5979,WalkingAceleration5,,timesfm_resid,default,,0.20828,0.20505,0.92344,0.38242,1.47,nan,1901.4,3984,1,0.01506,ok
ucr,162_UCR_Anomaly_WalkingAceleration5_2700_5920_5979,WalkingAceleration5,,timesfm_quantile,default,,0.3341,0.28083,0.95888,0.54622,1.47,nan,1901.4,3984,1,0.01506,ok
ucr,163_UCR_Anomaly_apneaecg2_10000_20950_21100,apneaecg2,,chronos_small_resid,default,,0.01288,0.01668,0.89523,0.02504,0.31,nan,1593.6,28501,1,0.0053,ok
ucr,163_UCR_Anomaly_apneaecg2_10000_20950_21100,apneaecg2,,chronos_small_quantile,default,,0.02434,0.02216,0.80509,0.05513,0.31,nan,1593.6,28501,1,0.0053,ok
ucr,163_UCR_Anomaly_apneaecg2_10000_20950_21100,apneaecg2,,chronos_base_resid,default,,0.01338,0.01633,0.93313,0.02787,0.69,nan,1824.4,28501,1,0.0053,ok
ucr,163_UCR_Anomaly_apneaecg2_10000_20950_21100,apneaecg2,,chronos_base_quantile,default,,0.04041,0.03391,0.77651,0.09382,0.69,nan,1824.4,28501,1,0.0053,ok
ucr,163_UCR_Anomaly_apneaecg2_10000_20950_21100,apneaecg2,,timesfm_resid,default,,0.01473,0.01615,0.73872,0.03111,11.32,nan,1901.4,28501,1,0.0053,ok
ucr,163_UCR_Anomaly_apneaecg2_10000_20950_21100,apneaecg2,,timesfm_quantile,default,,0.01617,0.01643,0.72479,0.03433,11.32,nan,1901.4,28501,1,0.0053,ok
ucr,164_UCR_Anomaly_apneaecg3_5000_11111_11211,apneaecg3,,chronos_small_resid,default,,0.0042,0.0055,0.66947,0.00474,0.47,nan,1593.6,33379,1,0.00303,ok
ucr,164_UCR_Anomaly_apneaecg3_5000_11111_11211,apneaecg3,,chronos_small_quantile,default,,0.00531,0.00616,0.67753,0.01215,0.47,nan,1593.6,33379,1,0.00303,ok
ucr,164_UCR_Anomaly_apneaecg3_5000_11111_11211,apneaecg3,,chronos_base_resid,default,,0.00426,0.0055,0.67056,0.00772,1.05,nan,1824.4,33379,1,0.00303,ok
ucr,164_UCR_Anomaly_apneaecg3_5000_11111_11211,apneaecg3,,chronos_base_quantile,default,,0.00378,0.00505,0.68191,0.00647,1.05,nan,1824.4,33379,1,0.00303,ok
ucr,164_UCR_Anomaly_apneaecg3_5000_11111_11211,apneaecg3,,timesfm_resid,default,,0.0044,0.00542,0.66839,0.00827,13.47,nan,1901.4,33379,1,0.00303,ok
ucr,164_UCR_Anomaly_apneaecg3_5000_11111_11211,apneaecg3,,timesfm_quantile,default,,0.00497,0.00575,0.67574,0.01245,13.47,nan,1901.4,33379,1,0.00303,ok
ucr,165_UCR_Anomaly_apneaecg4_6000_16000_16100,apneaecg4,,chronos_small_resid,default,,0.00215,0.00345,0.66794,0.00067,0.34,nan,1593.6,32269,1,0.00313,ok
ucr,165_UCR_Anomaly_apneaecg4_6000_16000_16100,apneaecg4,,chronos_small_quantile,default,,0.00313,0.00457,0.68436,0.0,0.34,nan,1593.6,32269,1,0.00313,ok
ucr,165_UCR_Anomaly_apneaecg4_6000_16000_16100,apneaecg4,,chronos_base_resid,default,,0.00211,0.00351,0.66421,0.00081,0.77,nan,1824.4,32269,1,0.00313,ok
ucr,165_UCR_Anomaly_apneaecg4_6000_16000_16100,apneaecg4,,chronos_base_quantile,default,,0.00313,0.00459,0.67913,0.0,0.77,nan,1824.4,32269,1,0.00313,ok
ucr,165_UCR_Anomaly_apneaecg4_6000_16000_16100,apneaecg4,,timesfm_resid,default,,0.00212,0.00344,0.67037,7e-05,10.26,nan,1901.4,32269,1,0.00313,ok
ucr,165_UCR_Anomaly_apneaecg4_6000_16000_16100,apneaecg4,,timesfm_quantile,default,,0.00313,0.00449,0.72003,0.0,10.26,nan,1901.4,32269,1,0.00313,ok
ucr,166_UCR_Anomaly_apneaecg_10000_12240_12308,apneaecg,,chronos_small_resid,default,,0.00269,0.00309,0.72465,0.00374,0.33,nan,1593.6,28501,1,0.00242,ok
ucr,166_UCR_Anomaly_apneaecg_10000_12240_12308,apneaecg,,chronos_small_quantile,default,,0.00231,0.00349,0.67267,0.00036,0.33,nan,1593.6,28501,1,0.00242,ok
ucr,166_UCR_Anomaly_apneaecg_10000_12240_12308,apneaecg,,chronos_base_resid,default,,0.00258,0.003,0.71953,0.00358,0.74,nan,1824.4,28501,1,0.00242,ok
ucr,166_UCR_Anomaly_apneaecg_10000_12240_12308,apneaecg,,chronos_base_quantile,default,,0.00231,0.00346,0.74651,0.00077,0.74,nan,1824.4,28501,1,0.00242,ok
ucr,166_UCR_Anomaly_apneaecg_10000_12240_12308,apneaecg,,timesfm_resid,default,,0.00329,0.0035,0.69425,0.00506,10.79,nan,1901.4,28501,1,0.00242,ok
ucr,166_UCR_Anomaly_apneaecg_10000_12240_12308,apneaecg,,timesfm_quantile,default,,0.0027,0.0036,0.79312,0.00431,10.79,nan,1901.4,28501,1,0.00242,ok
ucr,167_UCR_Anomaly_gait1_20000_38500_38800,gait1,,chronos_small_resid,default,,0.00647,0.00943,0.78397,0.0065,0.54,nan,1593.6,45000,1,0.00669,ok
ucr,167_UCR_Anomaly_gait1_20000_38500_38800,gait1,,chronos_small_quantile,default,,0.00611,0.00876,0.70312,0.00703,0.54,nan,1593.6,45000,1,0.00669,ok
ucr,167_UCR_Anomaly_gait1_20000_38500_38800,gait1,,chronos_base_resid,default,,0.00612,0.00857,0.71484,0.00551,1.07,nan,1824.4,45000,1,0.00669,ok
ucr,167_UCR_Anomaly_gait1_20000_38500_38800,gait1,,chronos_base_quantile,default,,0.00632,0.0083,0.67889,0.00067,1.07,nan,1824.4,45000,1,0.00669,ok
ucr,167_UCR_Anomaly_gait1_20000_38500_38800,gait1,,timesfm_resid,default,,0.00707,0.00897,0.66482,0.01178,14.82,nan,1901.4,45000,1,0.00669,ok
ucr,167_UCR_Anomaly_gait1_20000_38500_38800,gait1,,timesfm_quantile,default,,0.00677,0.00883,0.70184,0.00846,14.82,nan,1901.4,45000,1,0.00669,ok
ucr,168_UCR_Anomaly_gait2_22000_46500_46800,gait2,,chronos_small_resid,default,,0.00686,0.0095,0.6874,0.00589,0.48,nan,1593.6,43000,1,0.007,ok
ucr,168_UCR_Anomaly_gait2_22000_46500_46800,gait2,,chronos_small_quantile,default,,0.00658,0.00873,0.74431,0.00703,0.48,nan,1593.6,43000,1,0.007,ok
ucr,168_UCR_Anomaly_gait2_22000_46500_46800,gait2,,chronos_base_resid,default,,0.00686,0.00972,0.78828,0.00891,1.04,nan,1824.4,43000,1,0.007,ok
ucr,168_UCR_Anomaly_gait2_22000_46500_46800,gait2,,chronos_base_quantile,default,,0.00907,0.01142,0.67832,0.02149,1.04,nan,1824.4,43000,1,0.007,ok
ucr,168_UCR_Anomaly_gait2_22000_46500_46800,gait2,,timesfm_resid,default,,0.0106,0.01549,0.78468,0.02165,14.65,nan,1901.4,43000,1,0.007,ok
ucr,168_UCR_Anomaly_gait2_22000_46500_46800,gait2,,timesfm_quantile,default,,0.00951,0.01391,0.76898,0.01477,14.65,nan,1901.4,43000,1,0.007,ok
ucr,169_UCR_Anomaly_gait3_24500_59900_60500,gait3,,chronos_small_resid,default,,0.02946,0.02288,0.89112,0.15524,0.51,nan,1593.6,40500,1,0.01484,ok
ucr,169_UCR_Anomaly_gait3_24500_59900_60500,gait3,,chronos_small_quantile,default,,0.0161,0.01821,0.69486,0.02049,0.51,nan,1593.6,40500,1,0.01484,ok
ucr,169_UCR_Anomaly_gait3_24500_59900_60500,gait3,,chronos_base_resid,default,,0.01802,0.02051,0.72715,0.02941,0.84,nan,1824.4,40500,1,0.01484,ok
ucr,169_UCR_Anomaly_gait3_24500_59900_60500,gait3,,chronos_base_quantile,default,,0.02371,0.02634,0.69332,0.04034,0.84,nan,1824.4,40500,1,0.01484,ok
ucr,169_UCR_Anomaly_gait3_24500_59900_60500,gait3,,timesfm_resid,default,,0.02251,0.02456,0.89469,0.04851,13.24,nan,1901.4,40500,1,0.01484,ok
ucr,169_UCR_Anomaly_gait3_24500_59900_60500,gait3,,timesfm_quantile,default,,0.01618,0.01912,0.79323,0.02288,13.24,nan,1901.4,40500,1,0.01484,ok
ucr,170_UCR_Anomaly_gaitHunt1_18500_33070_33180,gaitHunt1,,chronos_small_resid,default,,0.00334,0.00448,0.70338,0.00638,0.65,nan,1593.6,45500,1,0.00244,ok
ucr,170_UCR_Anomaly_gaitHunt1_18500_33070_33180,gaitHunt1,,chronos_small_quantile,default,,0.00272,0.0044,0.99387,0.00498,0.65,nan,1593.6,45500,1,0.00244,ok
ucr,170_UCR_Anomaly_gaitHunt1_18500_33070_33180,gaitHunt1,,chronos_base_resid,default,,0.00457,0.00531,0.8516,0.01005,1.09,nan,1824.4,45500,1,0.00244,ok
ucr,170_UCR_Anomaly_gaitHunt1_18500_33070_33180,gaitHunt1,,chronos_base_quantile,default,,0.00331,0.00415,0.65472,0.00522,1.09,nan,1824.4,45500,1,0.00244,ok
ucr,170_UCR_Anomaly_gaitHunt1_18500_33070_33180,gaitHunt1,,timesfm_resid,default,,0.00314,0.00391,0.65609,0.00534,17.19,nan,1901.4,45500,1,0.00244,ok
ucr,170_UCR_Anomaly_gaitHunt1_18500_33070_33180,gaitHunt1,,timesfm_quantile,default,,0.00294,0.00395,0.64778,0.0048,17.19,nan,1901.4,45500,1,0.00244,ok
ucr,171_UCR_Anomaly_gaitHunt2_18500_31200_31850,gaitHunt2,,chronos_small_resid,default,,0.01941,0.02143,0.72269,0.03275,0.51,nan,1593.6,45500,1,0.01431,ok
ucr,171_UCR_Anomaly_gaitHunt2_18500_31200_31850,gaitHunt2,,chronos_small_quantile,default,,0.01519,0.01737,0.68557,0.01928,0.51,nan,1593.6,45500,1,0.01431,ok
ucr,171_UCR_Anomaly_gaitHunt2_18500_31200_31850,gaitHunt2,,chronos_base_resid,default,,0.02152,0.02332,0.75271,0.03908,1.38,nan,1824.4,45500,1,0.01431,ok
ucr,171_UCR_Anomaly_gaitHunt2_18500_31200_31850,gaitHunt2,,chronos_base_quantile,default,,0.01383,0.01612,0.66341,0.00735,1.38,nan,1824.4,45500,1,0.01431,ok
ucr,171_UCR_Anomaly_gaitHunt2_18500_31200_31850,gaitHunt2,,timesfm_resid,default,,0.01357,0.01549,0.65724,0.01625,17.69,nan,1901.4,45500,1,0.01431,ok
ucr,171_UCR_Anomaly_gaitHunt2_18500_31200_31850,gaitHunt2,,timesfm_quantile,default,,0.01417,0.0161,0.65501,0.01656,17.69,nan,1901.4,45500,1,0.01431,ok
ucr,172_UCR_Anomaly_gaitHunt3_23400_38400_39200,gaitHunt3,,chronos_small_resid,default,,0.02491,0.02678,0.74588,0.03133,0.7,nan,1593.6,40600,1,0.01973,ok
ucr,172_UCR_Anomaly_gaitHunt3_23400_38400_39200,gaitHunt3,,chronos_small_quantile,default,,0.01992,0.02201,0.8595,0.02064,0.7,nan,1593.6,40600,1,0.01973,ok
ucr,172_UCR_Anomaly_gaitHunt3_23400_38400_39200,gaitHunt3,,chronos_base_resid,default,,0.02636,0.0283,0.699,0.03545,1.3,nan,1824.4,40600,1,0.01973,ok
ucr,172_UCR_Anomaly_gaitHunt3_23400_38400_39200,gaitHunt3,,chronos_base_quantile,default,,0.0193,0.02165,0.75724,0.01291,1.3,nan,1824.4,40600,1,0.01973,ok
ucr,172_UCR_Anomaly_gaitHunt3_23400_38400_39200,gaitHunt3,,timesfm_resid,default,,0.02277,0.02628,0.69333,0.03004,16.38,nan,1901.4,40600,1,0.01973,ok
ucr,172_UCR_Anomaly_gaitHunt3_23400_38400_39200,gaitHunt3,,timesfm_quantile,default,,0.01935,0.02199,0.72532,0.01043,16.38,nan,1901.4,40600,1,0.01973,ok
ucr,173_UCR_Anomaly_insectEPG1_3000_7000_7030,insectEPG1,,chronos_small_resid,default,,0.00464,0.0066,0.70785,0.0066,0.15,nan,1509.7,7001,1,0.00443,ok
ucr,173_UCR_Anomaly_insectEPG1_3000_7000_7030,insectEPG1,,chronos_small_quantile,default,,0.00451,0.00626,0.71371,0.0053,0.15,nan,1509.7,7001,1,0.00443,ok
ucr,173_UCR_Anomaly_insectEPG1_3000_7000_7030,insectEPG1,,chronos_base_resid,default,,0.00571,0.00768,0.71387,0.00932,0.23,nan,1612.4,7001,1,0.00443,ok
ucr,173_UCR_Anomaly_insectEPG1_3000_7000_7030,insectEPG1,,chronos_base_quantile,default,,0.0051,0.00712,0.68431,0.00662,0.23,nan,1612.4,7001,1,0.00443,ok
ucr,173_UCR_Anomaly_insectEPG1_3000_7000_7030,insectEPG1,,timesfm_resid,default,,0.00786,0.0092,0.71693,0.01627,2.85,nan,1901.4,7001,1,0.00443,ok
ucr,173_UCR_Anomaly_insectEPG1_3000_7000_7030,insectEPG1,,timesfm_quantile,default,,0.00535,0.0071,0.67501,0.00898,2.85,nan,1901.4,7001,1,0.00443,ok
ucr,174_UCR_Anomaly_insectEPG2_3700_8000_8025,insectEPG2,,chronos_small_resid,default,,0.0103,0.01481,0.96951,0.02219,0.15,nan,1503.6,6298,1,0.00413,ok
ucr,174_UCR_Anomaly_insectEPG2_3700_8000_8025,insectEPG2,,chronos_small_quantile,default,,0.01808,0.02209,0.75981,0.03522,0.15,nan,1503.6,6298,1,0.00413,ok
ucr,174_UCR_Anomaly_insectEPG2_3700_8000_8025,insectEPG2,,chronos_base_resid,default,,0.02088,0.01969,0.73617,0.05546,0.49,nan,1598.6,6298,1,0.00413,ok
ucr,174_UCR_Anomaly_insectEPG2_3700_8000_8025,insectEPG2,,chronos_base_quantile,default,,0.01663,0.01611,0.66493,0.03884,0.49,nan,1598.6,6298,1,0.00413,ok
ucr,174_UCR_Anomaly_insectEPG2_3700_8000_8025,insectEPG2,,timesfm_resid,default,,0.0205,0.01854,0.72478,0.04805,2.54,nan,1901.4,6298,1,0.00413,ok
ucr,174_UCR_Anomaly_insectEPG2_3700_8000_8025,insectEPG2,,timesfm_quantile,default,,0.01411,0.0129,0.66833,0.03755,2.54,nan,1901.4,6298,1,0.00413,ok
ucr,175_UCR_Anomaly_insectEPG3_5200_7000_7050,insectEPG3,,chronos_small_resid,default,,0.00902,0.01259,0.63123,0.00293,0.13,nan,1490.2,4798,1,0.01063,ok
ucr,175_UCR_Anomaly_insectEPG3_5200_7000_7050,insectEPG3,,chronos_small_quantile,default,,0.00895,0.01354,0.61412,0.00228,0.13,nan,1490.2,4798,1,0.01063,ok
ucr,175_UCR_Anomaly_insectEPG3_5200_7000_7050,insectEPG3,,chronos_base_resid,default,,0.01089,0.01453,0.72043,0.01124,0.24,nan,1558.1,4798,1,0.01063,ok
ucr,175_UCR_Anomaly_insectEPG3_5200_7000_7050,insectEPG3,,chronos_base_quantile,default,,0.01014,0.01464,0.65327,0.01253,0.24,nan,1558.1,4798,1,0.01063,ok
ucr,175_UCR_Anomaly_insectEPG3_5200_7000_7050,insectEPG3,,timesfm_resid,default,,0.0101,0.01399,0.73707,0.01164,2.88,nan,1901.4,4798,1,0.01063,ok
ucr,175_UCR_Anomaly_insectEPG3_5200_7000_7050,insectEPG3,,timesfm_quantile,default,,0.01004,0.01484,0.74867,0.00997,2.88,nan,1901.4,4798,1,0.01063,ok
ucr,176_UCR_Anomaly_insectEPG4_1300_6508_6558,insectEPG4,,chronos_small_resid,default,,0.0074,0.00958,0.6896,0.01013,0.14,nan,1525.8,8698,1,0.00586,ok
ucr,176_UCR_Anomaly_insectEPG4_1300_6508_6558,insectEPG4,,chronos_small_quantile,default,,0.00748,0.00953,0.67757,0.01539,0.14,nan,1525.8,8698,1,0.00586,ok
ucr,176_UCR_Anomaly_insectEPG4_1300_6508_6558,insectEPG4,,chronos_base_resid,default,,0.0105,0.01165,0.70188,0.02124,0.26,nan,1648.6,8698,1,0.00586,ok
ucr,176_UCR_Anomaly_insectEPG4_1300_6508_6558,insectEPG4,,chronos_base_quantile,default,,0.01541,0.01102,0.85616,0.08593,0.26,nan,1648.6,8698,1,0.00586,ok
ucr,176_UCR_Anomaly_insectEPG4_1300_6508_6558,insectEPG4,,timesfm_resid,default,,0.01469,0.01269,0.69376,0.03481,4.1,nan,1901.4,8698,1,0.00586,ok
ucr,176_UCR_Anomaly_insectEPG4_1300_6508_6558,insectEPG4,,timesfm_quantile,default,,0.00765,0.00944,0.65857,0.01485,4.1,nan,1901.4,8698,1,0.00586,ok
ucr,177_UCR_Anomaly_insectEPG5_3200_8500_8501,insectEPG5,,chronos_small_resid,default,,0.0005,0.00087,0.8524,0.0,0.17,nan,1508.7,6828,1,0.00029,ok
ucr,177_UCR_Anomaly_insectEPG5_3200_8500_8501,insectEPG5,,chronos_small_quantile,default,,0.00035,0.0007,0.83144,0.0,0.17,nan,1508.7,6828,1,0.00029,ok
ucr,177_UCR_Anomaly_insectEPG5_3200_8500_8501,insectEPG5,,chronos_base_resid,default,,0.00026,0.00045,0.94944,0.0,0.21,nan,1605.0,6828,1,0.00029,ok
ucr,177_UCR_Anomaly_insectEPG5_3200_8500_8501,insectEPG5,,chronos_base_quantile,default,,0.00029,0.00057,0.67463,0.0,0.21,nan,1605.0,6828,1,0.00029,ok
ucr,177_UCR_Anomaly_insectEPG5_3200_8500_8501,insectEPG5,,timesfm_resid,default,,0.00088,0.001,0.99593,0.00078,2.61,nan,1901.4,6828,1,0.00029,ok
ucr,177_UCR_Anomaly_insectEPG5_3200_8500_8501,insectEPG5,,timesfm_quantile,default,,0.00054,0.00069,0.81932,0.00078,2.61,nan,1901.4,6828,1,0.00029,ok
ucr,178_UCR_Anomaly_ltstdbs30791AI_17555_52600_52800,ltstdbs30791AI,,chronos_small_resid,default,,0.01596,0.01707,0.75456,0.03414,0.46,nan,1593.6,38568,1,0.00521,ok
ucr,178_UCR_Anomaly_ltstdbs30791AI_17555_52600_52800,ltstdbs30791AI,,chronos_small_quantile,default,,0.00523,0.0077,0.69957,0.00409,0.46,nan,1593.6,38568,1,0.00521,ok
ucr,178_UCR_Anomaly_ltstdbs30791AI_17555_52600_52800,ltstdbs30791AI,,chronos_base_resid,default,,0.01864,0.02121,0.73151,0.04358,1.01,nan,1824.4,38568,1,0.00521,ok
ucr,178_UCR_Anomaly_ltstdbs30791AI_17555_52600_52800,ltstdbs30791AI,,chronos_base_quantile,default,,0.00595,0.00838,0.67523,0.0086,1.01,nan,1824.4,38568,1,0.00521,ok
ucr,178_UCR_Anomaly_ltstdbs30791AI_17555_52600_52800,ltstdbs30791AI,,timesfm_resid,default,,0.05951,0.04446,0.80047,0.14879,14.42,nan,1901.4,38568,1,0.00521,ok
ucr,178_UCR_Anomaly_ltstdbs30791AI_17555_52600_52800,ltstdbs30791AI,,timesfm_quantile,default,,0.01077,0.01272,0.67004,0.02493,14.42,nan,1901.4,38568,1,0.00521,ok
ucr,179_UCR_Anomaly_ltstdbs30791AS_23000_52600_52800,ltstdbs30791AS,,chronos_small_resid,default,,0.21305,0.09433,0.96961,0.3603,0.63,nan,1593.6,32000,1,0.00628,ok
ucr,179_UCR_Anomaly_ltstdbs30791AS_23000_52600_52800,ltstdbs30791AS,,chronos_small_quantile,default,,0.00631,0.00903,0.72069,0.01358,0.63,nan,1593.6,32000,1,0.00628,ok
ucr,179_UCR_Anomaly_ltstdbs30791AS_23000_52600_52800,ltstdbs30791AS,,chronos_base_resid,default,,0.25367,0.09585,0.99898,0.38357,0.81,nan,1824.4,32000,1,0.00628,ok
ucr,179_UCR_Anomaly_ltstdbs30791AS_23000_52600_52800,ltstdbs30791AS,,chronos_base_quantile,default,,0.00741,0.0098,0.67624,0.01293,0.81,nan,1824.4,32000,1,0.00628,ok
ucr,179_UCR_Anomaly_ltstdbs30791AS_23000_52600_52800,ltstdbs30791AS,,timesfm_resid,default,,0.11416,0.05698,0.8873,0.27372,11.43,nan,1901.4,32000,1,0.00628,ok
ucr,179_UCR_Anomaly_ltstdbs30791AS_23000_52600_52800,ltstdbs30791AS,,timesfm_quantile,default,,0.07656,0.03073,0.90687,0.19028,11.43,nan,1901.4,32000,1,0.00628,ok
ucr,180_UCR_Anomaly_ltstdbs30791ES_20000_52600_52800,ltstdbs30791ES,,chronos_small_resid,default,,0.00854,0.01095,0.82261,0.01837,0.49,nan,1593.6,35000,1,0.00574,ok
ucr,180_UCR_Anomaly_ltstdbs30791ES_20000_52600_52800,ltstdbs30791ES,,chronos_small_quantile,default,,0.00538,0.00809,0.66528,0.00222,0.49,nan,1593.6,35000,1,0.00574,ok
ucr,180_UCR_Anomaly_ltstdbs30791ES_20000_52600_52800,ltstdbs30791ES,,chronos_base_resid,default,,0.00873,0.01156,0.80107,0.01952,1.0,nan,1824.4,35000,1,0.00574,ok
ucr,180_UCR_Anomaly_ltstdbs30791ES_20000_52600_52800,ltstdbs30791ES,,chronos_base_quantile,default,,0.00552,0.0083,0.66337,0.0028,1.0,nan,1824.4,35000,1,0.00574,ok
ucr,180_UCR_Anomaly_ltstdbs30791ES_20000_52600_52800,ltstdbs30791ES,,timesfm_resid,default,,0.01646,0.02257,0.693,0.04029,11.79,nan,1901.4,35000,1,0.00574,ok
ucr,180_UCR_Anomaly_ltstdbs30791ES_20000_52600_52800,ltstdbs30791ES,,timesfm_quantile,default,,0.02149,0.02178,0.77603,0.05606,11.79,nan,1901.4,35000,1,0.00574,ok
ucr,181_UCR_Anomaly_park3m_60000_72150_72495,park3m,,chronos_small_resid,default,,0.01168,0.01434,0.71383,0.01747,0.5,nan,1593.6,30000,1,0.01153,ok
ucr,181_UCR_Anomaly_park3m_60000_72150_72495,park3m,,chronos_small_quantile,default,,0.01245,0.01559,0.74673,0.01791,0.5,nan,1593.6,30000,1,0.01153,ok
ucr,181_UCR_Anomaly_park3m_60000_72150_72495,park3m,,chronos_base_resid,default,,0.01334,0.0158,0.73499,0.02995,0.74,nan,1824.4,30000,1,0.01153,ok
ucr,181_UCR_Anomaly_park3m_60000_72150_72495,park3m,,chronos_base_quantile,default,,0.0121,0.01497,0.75705,0.01678,0.74,nan,1824.4,30000,1,0.01153,ok
ucr,181_UCR_Anomaly_park3m_60000_72150_72495,park3m,,timesfm_resid,default,,0.01813,0.02094,0.72935,0.04221,10.68,nan,1901.4,30000,1,0.01153,ok
ucr,181_UCR_Anomaly_park3m_60000_72150_72495,park3m,,timesfm_quantile,default,,0.01391,0.01722,0.71081,0.02263,10.68,nan,1901.4,30000,1,0.01153,ok
ucr,182_UCR_Anomaly_qtdbSel1005V_4000_12400_12800,qtdbSel1005V,,chronos_small_resid,default,,0.01032,0.01376,0.65541,0.00429,0.36,nan,1593.6,32001,1,0.01253,ok
ucr,182_UCR_Anomaly_qtdbSel1005V_4000_12400_12800,qtdbSel1005V,,chronos_small_quantile,default,,0.01253,0.0169,0.66596,0.00745,0.36,nan,1593.6,32001,1,0.01253,ok
ucr,182_UCR_Anomaly_qtdbSel1005V_4000_12400_12800,qtdbSel1005V,,chronos_base_resid,default,,0.01028,0.01393,0.65583,0.00443,0.79,nan,1824.4,32001,1,0.01253,ok
ucr,182_UCR_Anomaly_qtdbSel1005V_4000_12400_12800,qtdbSel1005V,,chronos_base_quantile,default,,0.0137,0.0191,0.80871,0.01144,0.79,nan,1824.4,32001,1,0.01253,ok
ucr,182_UCR_Anomaly_qtdbSel1005V_4000_12400_12800,qtdbSel1005V,,timesfm_resid,default,,0.01398,0.01788,0.6683,0.01756,10.45,nan,1901.4,32001,1,0.01253,ok
ucr,182_UCR_Anomaly_qtdbSel1005V_4000_12400_12800,qtdbSel1005V,,timesfm_quantile,default,,0.01706,0.01887,0.69002,0.0611,10.45,nan,1901.4,32001,1,0.01253,ok
ucr,183_UCR_Anomaly_qtdbSel100MLII_4000_13400_13800,qtdbSel100MLII,,chronos_small_resid,default,,0.0118,0.01578,0.67508,0.00617,0.31,nan,1593.6,26000,1,0.01542,ok
ucr,183_UCR_Anomaly_qtdbSel100MLII_4000_13400_13800,qtdbSel100MLII,,chronos_small_quantile,default,,0.01552,0.02013,0.70693,0.01064,0.31,nan,1593.6,26000,1,0.01542,ok
ucr,183_UCR_Anomaly_qtdbSel100MLII_4000_13400_13800,qtdbSel100MLII,,chronos_base_resid,default,,0.01157,0.01573,0.67404,0.00615,0.71,nan,1824.4,26000,1,0.01542,ok
ucr,183_UCR_Anomaly_qtdbSel100MLII_4000_13400_13800,qtdbSel100MLII,,chronos_base_quantile,default,,0.01563,0.01995,0.68067,0.01342,0.71,nan,1824.4,26000,1,0.01542,ok
ucr,183_UCR_Anomaly_qtdbSel100MLII_4000_13400_13800,qtdbSel100MLII,,timesfm_resid,default,,0.01631,0.02227,0.68002,0.01947,9.33,nan,1901.4,26000,1,0.01542,ok
ucr,183_UCR_Anomaly_qtdbSel100MLII_4000_13400_13800,qtdbSel100MLII,,timesfm_quantile,default,,0.01988,0.02453,0.71453,0.03275,9.33,nan,1901.4,26000,1,0.01542,ok
ucr,184_UCR_Anomaly_resperation10_48000_130700_131880,resperation10,,chronos_small_resid,default,,0.01135,0.01178,0.67663,0.01774,1.57,nan,1593.6,147000,1,0.00803,ok
ucr,184_UCR_Anomaly_resperation10_48000_130700_131880,resperation10,,chronos_small_quantile,default,,0.00722,0.00784,0.66369,0.00619,1.57,nan,1593.6,147000,1,0.00803,ok
ucr,184_UCR_Anomaly_resperation10_48000_130700_131880,resperation10,,chronos_base_resid,default,,0.00952,0.00991,0.6858,0.01321,3.67,nan,1824.4,147000,1,0.00803,ok
ucr,184_UCR_Anomaly_resperation10_48000_130700_131880,resperation10,,chronos_base_quantile,default,,0.00783,0.00843,0.67541,0.00792,3.67,nan,1824.4,147000,1,0.00803,ok
ucr,184_UCR_Anomaly_resperation10_48000_130700_131880,resperation10,,timesfm_resid,default,,0.03112,0.03112,0.67671,0.08276,52.9,nan,1901.4,147000,1,0.00803,ok
ucr,184_UCR_Anomaly_resperation10_48000_130700_131880,resperation10,,timesfm_quantile,default,,0.00869,0.00917,0.67429,0.01371,52.9,nan,1901.4,147000,1,0.00803,ok
ucr,185_UCR_Anomaly_resperation11_58000_110800_110801,resperation11,,chronos_small_resid,default,,0.00247,0.00346,0.77611,0.00524,1.5,nan,1593.6,137000,1,1e-05,ok
ucr,185_UCR_Anomaly_resperation11_58000_110800_110801,resperation11,,chronos_small_quantile,default,,0.00202,0.00118,0.75017,0.00275,1.5,nan,1593.6,137000,1,1e-05,ok
ucr,185_UCR_Anomaly_resperation11_58000_110800_110801,resperation11,,chronos_base_resid,default,,0.00242,0.00349,0.81708,0.00524,3.12,nan,1824.4,137000,1,1e-05,ok
ucr,185_UCR_Anomaly_resperation11_58000_110800_110801,resperation11,,chronos_base_quantile,default,,0.02991,0.00336,0.65152,0.01691,3.12,nan,1824.4,137000,1,1e-05,ok
ucr,185_UCR_Anomaly_resperation11_58000_110800_110801,resperation11,,timesfm_resid,default,,0.26786,0.0318,0.7562,0.05634,46.14,nan,1901.4,137000,1,1e-05,ok
ucr,185_UCR_Anomaly_resperation11_58000_110800_110801,resperation11,,timesfm_quantile,default,,0.0002,0.00032,0.71728,0.00041,46.14,nan,1901.4,137000,1,1e-05,ok
ucr,186_UCR_Anomaly_resperation1_100000_110260_110412,resperation1,,chronos_small_resid,default,,0.00148,0.00213,0.67019,0.00162,1.14,nan,1593.6,100000,1,0.00153,ok
ucr,186_UCR_Anomaly_resperation1_100000_110260_110412,resperation1,,chronos_small_quantile,default,,0.00149,0.00216,0.89865,8e-05,1.14,nan,1593.6,100000,1,0.00153,ok
ucr,186_UCR_Anomaly_resperation1_100000_110260_110412,resperation1,,chronos_base_resid,default,,0.00101,0.00159,0.67396,0.00024,2.54,nan,1824.4,100000,1,0.00153,ok
ucr,186_UCR_Anomaly_resperation1_100000_110260_110412,resperation1,,chronos_base_quantile,default,,0.00146,0.00218,0.6437,0.00019,2.54,nan,1824.4,100000,1,0.00153,ok
ucr,186_UCR_Anomaly_resperation1_100000_110260_110412,resperation1,,timesfm_resid,default,,0.00364,0.00428,0.83471,0.01092,33.16,nan,1901.4,100000,1,0.00153,ok
ucr,186_UCR_Anomaly_resperation1_100000_110260_110412,resperation1,,timesfm_quantile,default,,0.00328,0.00317,0.78339,0.01359,33.16,nan,1901.4,100000,1,0.00153,ok
ucr,187_UCR_Anomaly_resperation2_30000_168250_168250,resperation2,,chronos_small_resid,default,,1e-05,1e-05,0.66885,0.0,1.84,nan,1593.6,170051,1,1e-05,ok
ucr,187_UCR_Anomaly_resperation2_30000_168250_168250,resperation2,,chronos_small_quantile,default,,1e-05,2e-05,0.67412,0.0,1.84,nan,1593.6,170051,1,1e-05,ok
ucr,187_UCR_Anomaly_resperation2_30000_168250_168250,resperation2,,chronos_base_resid,default,,1e-05,1e-05,0.72834,0.0,3.43,nan,1824.4,170051,1,1e-05,ok
ucr,187_UCR_Anomaly_resperation2_30000_168250_168250,resperation2,,chronos_base_quantile,default,,1e-05,2e-05,0.71979,0.0,3.43,nan,1824.4,170051,1,1e-05,ok
ucr,187_UCR_Anomaly_resperation2_30000_168250_168250,resperation2,,timesfm_resid,default,,1e-05,1e-05,0.61007,0.0,56.43,nan,1901.4,170051,1,1e-05,ok
ucr,187_UCR_Anomaly_resperation2_30000_168250_168250,resperation2,,timesfm_quantile,default,,1e-05,2e-05,0.6656,0.0,56.43,nan,1901.4,170051,1,1e-05,ok
ucr,188_UCR_Anomaly_resperation2_30000_168250_168251,resperation2,,chronos_small_resid,default,,1e-05,2e-05,0.66824,0.0,2.3,nan,1593.6,160050,1,1e-05,ok
ucr,188_UCR_Anomaly_resperation2_30000_168250_168251,resperation2,,chronos_small_quantile,default,,1e-05,2e-05,0.67032,0.0,2.3,nan,1593.6,160050,1,1e-05,ok
ucr,188_UCR_Anomaly_resperation2_30000_168250_168251,resperation2,,chronos_base_resid,default,,1e-05,2e-05,0.7271,0.0,3.95,nan,1824.4,160050,1,1e-05,ok
ucr,188_UCR_Anomaly_resperation2_30000_168250_168251,resperation2,,chronos_base_quantile,default,,1e-05,2e-05,0.7132,0.0,3.95,nan,1824.4,160050,1,1e-05,ok
ucr,188_UCR_Anomaly_resperation2_30000_168250_168251,resperation2,,timesfm_resid,default,,1e-05,2e-05,0.61269,0.0,54.43,nan,1901.4,160050,1,1e-05,ok
ucr,188_UCR_Anomaly_resperation2_30000_168250_168251,resperation2,,timesfm_quantile,default,,1e-05,2e-05,0.66773,0.0,54.43,nan,1901.4,160050,1,1e-05,ok
ucr,189_UCR_Anomaly_resperation3_45000_158250_158251,resperation3,,chronos_small_resid,default,,1e-05,2e-05,0.6819,0.0,1.57,nan,1593.6,145100,1,1e-05,ok
ucr,189_UCR_Anomaly_resperation3_45000_158250_158251,resperation3,,chronos_small_quantile,default,,1e-05,3e-05,0.67162,0.0,1.57,nan,1593.6,145100,1,1e-05,ok
ucr,189_UCR_Anomaly_resperation3_45000_158250_158251,resperation3,,chronos_base_resid,default,,1e-05,2e-05,0.71889,0.0,4.02,nan,1824.4,145100,1,1e-05,ok
ucr,189_UCR_Anomaly_resperation3_45000_158250_158251,resperation3,,chronos_base_quantile,default,,1e-05,3e-05,0.73105,0.0,4.02,nan,1824.4,145100,1,1e-05,ok
ucr,189_UCR_Anomaly_resperation3_45000_158250_158251,resperation3,,timesfm_resid,default,,1e-05,2e-05,0.61606,0.0,58.54,nan,1901.4,145100,1,1e-05,ok
ucr,189_UCR_Anomaly_resperation3_45000_158250_158251,resperation3,,timesfm_quantile,default,,1e-05,3e-05,0.66346,0.0,58.54,nan,1901.4,145100,1,1e-05,ok
ucr,190_UCR_Anomaly_resperation4_70000_128430_128431,resperation4,,chronos_small_resid,default,,3e-05,4e-05,0.73428,0.0,1.47,nan,1593.6,125250,1,2e-05,ok
ucr,190_UCR_Anomaly_resperation4_70000_128430_128431,resperation4,,chronos_small_quantile,default,,2e-05,3e-05,0.70064,0.0,1.47,nan,1593.6,125250,1,2e-05,ok
ucr,190_UCR_Anomaly_resperation4_70000_128430_128431,resperation4,,chronos_base_resid,default,,1e-05,2e-05,0.68182,0.0,3.02,nan,1824.4,125250,1,2e-05,ok
ucr,190_UCR_Anomaly_resperation4_70000_128430_128431,resperation4,,chronos_base_quantile,default,,2e-05,3e-05,0.75764,0.0,3.02,nan,1824.4,125250,1,2e-05,ok
ucr,190_UCR_Anomaly_resperation4_70000_128430_128431,resperation4,,timesfm_resid,default,,1e-05,2e-05,0.74707,0.0,44.12,nan,1901.4,125250,1,2e-05,ok
ucr,190_UCR_Anomaly_resperation4_70000_128430_128431,resperation4,,timesfm_quantile,default,,2e-05,3e-05,0.7332,0.0,44.12,nan,1901.4,125250,1,2e-05,ok
ucr,191_UCR_Anomaly_resperation9_38000_143411_143511,resperation9,,chronos_small_resid,default,,0.00074,0.001,0.70493,0.00078,1.96,nan,1593.6,157000,1,0.00064,ok
ucr,191_UCR_Anomaly_resperation9_38000_143411_143511,resperation9,,chronos_small_quantile,default,,0.0006,0.00091,0.66876,0.00011,1.96,nan,1593.6,157000,1,0.00064,ok
ucr,191_UCR_Anomaly_resperation9_38000_143411_143511,resperation9,,chronos_base_resid,default,,0.00076,0.00105,0.80212,0.00088,3.71,nan,1824.4,157000,1,0.00064,ok
ucr,191_UCR_Anomaly_resperation9_38000_143411_143511,resperation9,,chronos_base_quantile,default,,0.0006,0.00089,0.69218,0.00021,3.71,nan,1824.4,157000,1,0.00064,ok
ucr,191_UCR_Anomaly_resperation9_38000_143411_143511,resperation9,,timesfm_resid,default,,0.0012,0.00136,0.62413,0.00229,53.07,nan,1901.4,157000,1,0.00064,ok
ucr,191_UCR_Anomaly_resperation9_38000_143411_143511,resperation9,,timesfm_quantile,default,,0.00077,0.001,0.66312,0.00113,53.07,nan,1901.4,157000,1,0.00064,ok
ucr,192_UCR_Anomaly_s20101mML2_12000_35774_35874,s20101mML2,,chronos_small_resid,default,,0.01546,0.01753,0.68405,0.07994,0.34,nan,1593.6,28000,1,0.00361,ok
ucr,192_UCR_Anomaly_s20101mML2_12000_35774_35874,s20101mML2,,chronos_small_quantile,default,,0.00977,0.00986,0.66501,0.02277,0.34,nan,1593.6,28000,1,0.00361,ok
ucr,192_UCR_Anomaly_s20101mML2_12000_35774_35874,s20101mML2,,chronos_base_resid,default,,0.01379,0.01618,0.68545,0.03311,0.7,nan,1824.4,28000,1,0.00361,ok
ucr,192_UCR_Anomaly_s20101mML2_12000_35774_35874,s20101mML2,,chronos_base_quantile,default,,0.0178,0.01625,0.67891,0.04288,0.7,nan,1824.4,28000,1,0.00361,ok
ucr,192_UCR_Anomaly_s20101mML2_12000_35774_35874,s20101mML2,,timesfm_resid,default,,0.04353,0.03064,0.69263,0.09986,9.21,nan,1901.4,28000,1,0.00361,ok
ucr,192_UCR_Anomaly_s20101mML2_12000_35774_35874,s20101mML2,,timesfm_quantile,default,,0.21798,0.06704,0.91762,0.31541,9.21,nan,1901.4,28000,1,0.00361,ok
ucr,193_UCR_Anomaly_s20101m_10000_35774_35874,s20101m,,chronos_small_resid,default,,0.00675,0.00567,0.67458,0.06162,0.33,nan,1593.6,30000,1,0.00337,ok
ucr,193_UCR_Anomaly_s20101m_10000_35774_35874,s20101m,,chronos_small_quantile,default,,0.00389,0.0057,0.64169,0.00632,0.33,nan,1593.6,30000,1,0.00337,ok
ucr,193_UCR_Anomaly_s20101m_10000_35774_35874,s20101m,,chronos_base_resid,default,,0.01348,0.00666,0.67971,0.06209,0.73,nan,1824.4,30000,1,0.00337,ok
ucr,193_UCR_Anomaly_s20101m_10000_35774_35874,s20101m,,chronos_base_quantile,default,,0.02437,0.01407,0.83405,0.06218,0.73,nan,1824.4,30000,1,0.00337,ok
ucr,193_UCR_Anomaly_s20101m_10000_35774_35874,s20101m,,timesfm_resid,default,,0.01376,0.009,0.65165,0.06668,11.14,nan,1901.4,30000,1,0.00337,ok
ucr,193_UCR_Anomaly_s20101m_10000_35774_35874,s20101m,,timesfm_quantile,default,,0.03399,0.02005,0.67334,0.07206,11.14,nan,1901.4,30000,1,0.00337,ok
ucr,194_UCR_Anomaly_sddb49_20000_67950_68200,sddb49,,chronos_small_resid,default,,0.01388,0.01399,0.83921,0.03403,0.65,nan,1593.6,60000,1,0.00418,ok
ucr,194_UCR_Anomaly_sddb49_20000_67950_68200,sddb49,,chronos_small_quantile,default,,0.00725,0.00806,0.74518,0.01535,0.65,nan,1593.6,60000,1,0.00418,ok
ucr,194_UCR_Anomaly_sddb49_20000_67950_68200,sddb49,,chronos_base_resid,default,,0.05012,0.02487,0.82303,0.13201,1.44,nan,1824.4,60000,1,0.00418,ok
ucr,194_UCR_Anomaly_sddb49_20000_67950_68200,sddb49,,chronos_base_quantile,default,,0.01231,0.01171,0.68133,0.03428,1.44,nan,1824.4,60000,1,0.00418,ok
ucr,194_UCR_Anomaly_sddb49_20000_67950_68200,sddb49,,timesfm_resid,default,,0.10554,0.0369,0.77422,0.20984,21.47,nan,1901.4,60000,1,0.00418,ok
ucr,194_UCR_Anomaly_sddb49_20000_67950_68200,sddb49,,timesfm_quantile,default,,0.10225,0.03193,0.67785,0.20446,21.47,nan,1901.4,60000,1,0.00418,ok
ucr,195_UCR_Anomaly_sel840mECG1_17000_51370_51740,sel840mECG1,,chronos_small_resid,default,,0.01879,0.01666,0.82337,0.09723,0.48,nan,1593.6,43000,1,0.00863,ok
ucr,195_UCR_Anomaly_sel840mECG1_17000_51370_51740,sel840mECG1,,chronos_small_quantile,default,,0.00822,0.0105,0.84389,0.00145,0.48,nan,1593.6,43000,1,0.00863,ok
ucr,195_UCR_Anomaly_sel840mECG1_17000_51370_51740,sel840mECG1,,chronos_base_resid,default,,0.03755,0.03,0.82095,0.12247,1.05,nan,1824.4,43000,1,0.00863,ok
ucr,195_UCR_Anomaly_sel840mECG1_17000_51370_51740,sel840mECG1,,chronos_base_quantile,default,,0.00846,0.01089,0.82896,0.00492,1.05,nan,1824.4,43000,1,0.00863,ok
ucr,195_UCR_Anomaly_sel840mECG1_17000_51370_51740,sel840mECG1,,timesfm_resid,default,,0.01318,0.01759,0.78425,0.02602,16.13,nan,1901.4,43000,1,0.00863,ok
ucr,195_UCR_Anomaly_sel840mECG1_17000_51370_51740,sel840mECG1,,timesfm_quantile,default,,0.011,0.01495,0.71683,0.01814,16.13,nan,1901.4,43000,1,0.00863,ok
ucr,196_UCR_Anomaly_sel840mECG2_20000_49370_49740,sel840mECG2,,chronos_small_resid,default,,0.0138,0.01601,0.6758,0.029,0.66,nan,1593.6,37001,1,0.01003,ok
ucr,196_UCR_Anomaly_sel840mECG2_20000_49370_49740,sel840mECG2,,chronos_small_quantile,default,,0.00948,0.01228,0.76803,0.00453,0.66,nan,1593.6,37001,1,0.01003,ok
ucr,196_UCR_Anomaly_sel840mECG2_20000_49370_49740,sel840mECG2,,chronos_base_resid,default,,0.01313,0.0157,0.68449,0.02883,1.03,nan,1824.4,37001,1,0.01003,ok
ucr,196_UCR_Anomaly_sel840mECG2_20000_49370_49740,sel840mECG2,,chronos_base_quantile,default,,0.00956,0.01224,0.80608,0.00421,1.03,nan,1824.4,37001,1,0.01003,ok
ucr,196_UCR_Anomaly_sel840mECG2_20000_49370_49740,sel840mECG2,,timesfm_resid,default,,0.01872,0.02203,0.67173,0.04119,13.57,nan,1901.4,37001,1,0.01003,ok
ucr,196_UCR_Anomaly_sel840mECG2_20000_49370_49740,sel840mECG2,,timesfm_quantile,default,,0.01243,0.01559,0.65982,0.0205,13.57,nan,1901.4,37001,1,0.01003,ok
ucr,197_UCR_Anomaly_tiltAPB1_100000_114283_114350,tiltAPB1,,chronos_small_resid,default,,0.00552,0.00739,0.68116,0.01245,0.35,nan,1593.6,30001,1,0.00227,ok
ucr,197_UCR_Anomaly_tiltAPB1_100000_114283_114350,tiltAPB1,,chronos_small_quantile,default,,0.35599,0.07115,0.99968,0.51238,0.35,nan,1593.6,30001,1,0.00227,ok
ucr,197_UCR_Anomaly_tiltAPB1_100000_114283_114350,tiltAPB1,,chronos_base_resid,default,,0.01621,0.027,0.70561,0.03951,0.7,nan,1824.4,30001,1,0.00227,ok
ucr,197_UCR_Anomaly_tiltAPB1_100000_114283_114350,tiltAPB1,,chronos_base_quantile,default,,0.27961,0.07745,0.93594,0.49871,0.7,nan,1824.4,30001,1,0.00227,ok
ucr,197_UCR_Anomaly_tiltAPB1_100000_114283_114350,tiltAPB1,,timesfm_resid,default,,0.02633,0.02247,0.65309,0.06441,10.27,nan,1901.4,30001,1,0.00227,ok
ucr,197_UCR_Anomaly_tiltAPB1_100000_114283_114350,tiltAPB1,,timesfm_quantile,default,,0.03329,0.02741,0.67577,0.08321,10.27,nan,1901.4,30001,1,0.00227,ok
ucr,198_UCR_Anomaly_tiltAPB2_50000_124159_124985,tiltAPB2,,chronos_small_resid,default,,0.01113,0.01298,0.71497,0.01283,0.85,nan,1593.6,78767,1,0.0105,ok
ucr,198_UCR_Anomaly_tiltAPB2_50000_124159_124985,tiltAPB2,,chronos_small_quantile,default,,0.01097,0.01226,0.78682,0.01397,0.85,nan,1593.6,78767,1,0.0105,ok
ucr,198_UCR_Anomaly_tiltAPB2_50000_124159_124985,tiltAPB2,,chronos_base_resid,default,,0.01185,0.01326,0.65643,0.01665,2.27,nan,1824.4,78767,1,0.0105,ok
ucr,198_UCR_Anomaly_tiltAPB2_50000_124159_124985,tiltAPB2,,chronos_base_quantile,default,,0.01037,0.01157,0.76408,0.0116,2.27,nan,1824.4,78767,1,0.0105,ok
ucr,198_UCR_Anomaly_tiltAPB2_50000_124159_124985,tiltAPB2,,timesfm_resid,default,,0.01582,0.01771,0.65221,0.02419,28.64,nan,1901.4,78767,1,0.0105,ok
ucr,198_UCR_Anomaly_tiltAPB2_50000_124159_124985,tiltAPB2,,timesfm_quantile,default,,0.01074,0.01297,0.74851,0.013,28.64,nan,1901.4,78767,1,0.0105,ok
ucr,199_UCR_Anomaly_tiltAPB3_40000_114000_114370,tiltAPB3,,chronos_small_resid,default,,0.00416,0.00547,0.72881,0.0047,1.43,nan,1593.6,89489,1,0.00415,ok
ucr,199_UCR_Anomaly_tiltAPB3_40000_114000_114370,tiltAPB3,,chronos_small_quantile,default,,0.00397,0.00521,0.78452,0.00555,1.43,nan,1593.6,89489,1,0.00415,ok
ucr,199_UCR_Anomaly_tiltAPB3_40000_114000_114370,tiltAPB3,,chronos_base_resid,default,,0.00348,0.00448,0.6684,0.00334,2.12,nan,1824.4,89489,1,0.00415,ok
ucr,199_UCR_Anomaly_tiltAPB3_40000_114000_114370,tiltAPB3,,chronos_base_quantile,default,,0.0043,0.00554,0.76935,0.00572,2.12,nan,1824.4,89489,1,0.00415,ok
ucr,199_UCR_Anomaly_tiltAPB3_40000_114000_114370,tiltAPB3,,timesfm_resid,default,,0.00399,0.00521,0.64356,0.00435,30.33,nan,1901.4,89489,1,0.00415,ok
ucr,199_UCR_Anomaly_tiltAPB3_40000_114000_114370,tiltAPB3,,timesfm_quantile,default,,0.00587,0.00688,0.68632,0.01381,30.33,nan,1901.4,89489,1,0.00415,ok
ucr,200_UCR_Anomaly_tiltAPB4_20000_67995_67996,tiltAPB4,,chronos_small_resid,default,,0.00131,0.00137,0.76872,0.00236,1.21,nan,1593.6,108001,1,2e-05,ok
ucr,200_UCR_Anomaly_tiltAPB4_20000_67995_67996,tiltAPB4,,chronos_small_quantile,default,,0.00016,0.00022,0.75302,0.00041,1.21,nan,1593.6,108001,1,2e-05,ok
ucr,200_UCR_Anomaly_tiltAPB4_20000_67995_67996,tiltAPB4,,chronos_base_resid,default,,0.00092,0.00109,0.76883,0.00236,2.57,nan,1824.4,108001,1,2e-05,ok
ucr,200_UCR_Anomaly_tiltAPB4_20000_67995_67996,tiltAPB4,,chronos_base_quantile,default,,0.00014,0.00022,0.75769,0.00036,2.57,nan,1824.4,108001,1,2e-05,ok
ucr,200_UCR_Anomaly_tiltAPB4_20000_67995_67996,tiltAPB4,,timesfm_resid,default,,0.00026,0.00051,0.80361,0.00066,36.95,nan,1901.4,108001,1,2e-05,ok
ucr,200_UCR_Anomaly_tiltAPB4_20000_67995_67996,tiltAPB4,,timesfm_quantile,default,,0.00012,0.00032,0.7425,0.00027,36.95,nan,1901.4,108001,1,2e-05,ok
ucr,201_UCR_Anomaly_CHARISfive_10000_17001_17016,CHARISfive,,chronos_small_resid,default,,0.00119,0.00146,0.71504,0.00247,0.36,nan,1593.6,31347,1,0.00051,ok
ucr,201_UCR_Anomaly_CHARISfive_10000_17001_17016,CHARISfive,,chronos_small_quantile,default,,0.00261,0.00198,0.80756,0.00743,0.36,nan,1593.6,31347,1,0.00051,ok
ucr,201_UCR_Anomaly_CHARISfive_10000_17001_17016,CHARISfive,,chronos_base_resid,default,,0.00202,0.00236,0.70888,0.00454,0.77,nan,1824.4,31347,1,0.00051,ok
ucr,201_UCR_Anomaly_CHARISfive_10000_17001_17016,CHARISfive,,chronos_base_quantile,default,,0.00167,0.00157,0.65456,0.00363,0.77,nan,1824.4,31347,1,0.00051,ok
ucr,201_UCR_Anomaly_CHARISfive_10000_17001_17016,CHARISfive,,timesfm_resid,default,,0.00511,0.0034,0.76325,0.0119,10.18,nan,1901.4,31347,1,0.00051,ok
ucr,201_UCR_Anomaly_CHARISfive_10000_17001_17016,CHARISfive,,timesfm_quantile,default,,0.0009,0.00096,0.61584,0.00164,10.18,nan,1901.4,31347,1,0.00051,ok
ucr,202_UCR_Anomaly_CHARISfive_10411_10998_11028,CHARISfive,,chronos_small_resid,default,,0.00471,0.00485,0.72171,0.01029,0.36,nan,1593.6,31379,1,0.00099,ok
ucr,202_UCR_Anomaly_CHARISfive_10411_10998_11028,CHARISfive,,chronos_small_quantile,default,,0.0174,0.01494,0.68777,0.03592,0.36,nan,1593.6,31379,1,0.00099,ok
ucr,202_UCR_Anomaly_CHARISfive_10411_10998_11028,CHARISfive,,chronos_base_resid,default,,0.00686,0.00603,0.74795,0.01688,0.76,nan,1824.4,31379,1,0.00099,ok
ucr,202_UCR_Anomaly_CHARISfive_10411_10998_11028,CHARISfive,,chronos_base_quantile,default,,0.01298,0.01043,0.67401,0.03269,0.76,nan,1824.4,31379,1,0.00099,ok
ucr,202_UCR_Anomaly_CHARISfive_10411_10998_11028,CHARISfive,,timesfm_resid,default,,0.0054,0.00792,0.72296,0.01743,10.66,nan,1901.4,31379,1,0.00099,ok
ucr,202_UCR_Anomaly_CHARISfive_10411_10998_11028,CHARISfive,,timesfm_quantile,default,,0.00507,0.00644,0.6825,0.01516,10.66,nan,1901.4,31379,1,0.00099,ok
ucr,203_UCR_Anomaly_CHARISfive_10500_10995_11028,CHARISfive,,chronos_small_resid,default,,0.00193,0.00276,0.77323,0.00361,0.34,nan,1593.6,31112,1,0.00109,ok
ucr,203_UCR_Anomaly_CHARISfive_10500_10995_11028,CHARISfive,,chronos_small_quantile,default,,0.00141,0.00205,0.68515,0.00168,0.34,nan,1593.6,31112,1,0.00109,ok
ucr,203_UCR_Anomaly_CHARISfive_10500_10995_11028,CHARISfive,,chronos_base_resid,default,,0.00195,0.00267,0.73432,0.00392,0.74,nan,1824.4,31112,1,0.00109,ok
ucr,203_UCR_Anomaly_CHARISfive_10500_10995_11028,CHARISfive,,chronos_base_quantile,default,,0.00139,0.0018,0.66066,0.00205,0.74,nan,1824.4,31112,1,0.00109,ok
ucr,203_UCR_Anomaly_CHARISfive_10500_10995_11028,CHARISfive,,timesfm_resid,default,,0.00239,0.00281,0.89847,0.00557,11.53,nan,1901.4,31112,1,0.00109,ok
ucr,203_UCR_Anomaly_CHARISfive_10500_10995_11028,CHARISfive,,timesfm_quantile,default,,0.00231,0.00256,0.66606,0.00451,11.53,nan,1901.4,31112,1,0.00109,ok
ucr,204_UCR_Anomaly_CHARISfive_12412_15000_15070,CHARISfive,,chronos_small_resid,default,,0.22439,0.05062,0.90207,0.27756,0.33,nan,1593.6,29587,1,0.0024,ok
ucr,204_UCR_Anomaly_CHARISfive_12412_15000_15070,CHARISfive,,chronos_small_quantile,default,,0.03587,0.02884,0.72215,0.0964,0.33,nan,1593.6,29587,1,0.0024,ok
ucr,204_UCR_Anomaly_CHARISfive_12412_15000_15070,CHARISfive,,chronos_base_resid,default,,0.13488,0.05083,0.8946,0.19195,0.64,nan,1824.4,29587,1,0.0024,ok
ucr,204_UCR_Anomaly_CHARISfive_12412_15000_15070,CHARISfive,,chronos_base_quantile,default,,0.14849,0.06297,0.82759,0.24323,0.64,nan,1824.4,29587,1,0.0024,ok
ucr,204_UCR_Anomaly_CHARISfive_12412_15000_15070,CHARISfive,,timesfm_resid,default,,0.26626,0.09229,0.91392,0.30928,13.83,nan,1901.4,29587,1,0.0024,ok
ucr,204_UCR_Anomaly_CHARISfive_12412_15000_15070,CHARISfive,,timesfm_quantile,default,,0.06855,0.05141,0.74719,0.1449,13.83,nan,1901.4,29587,1,0.0024,ok
ucr,205_UCR_Anomaly_CHARISfive_9812_28995_29085,CHARISfive,,chronos_small_resid,default,,0.00195,0.00303,0.81851,0.0,0.53,nan,1593.6,30058,1,0.00303,ok
ucr,205_UCR_Anomaly_CHARISfive_9812_28995_29085,CHARISfive,,chronos_small_quantile,default,,0.00267,0.00502,0.90715,0.00298,0.53,nan,1593.6,30058,1,0.00303,ok
ucr,205_UCR_Anomaly_CHARISfive_9812_28995_29085,CHARISfive,,chronos_base_resid,default,,0.00214,0.0034,0.66276,0.00012,0.72,nan,1824.4,30058,1,0.00303,ok
ucr,205_UCR_Anomaly_CHARISfive_9812_28995_29085,CHARISfive,,chronos_base_quantile,default,,0.00275,0.00483,0.89327,0.00298,0.72,nan,1824.4,30058,1,0.00303,ok
ucr,205_UCR_Anomaly_CHARISfive_9812_28995_29085,CHARISfive,,timesfm_resid,default,,0.00239,0.00389,0.69037,0.00116,13.77,nan,1901.4,30058,1,0.00303,ok
ucr,205_UCR_Anomaly_CHARISfive_9812_28995_29085,CHARISfive,,timesfm_quantile,default,,0.00311,0.00469,0.69096,0.00298,13.77,nan,1901.4,30058,1,0.00303,ok
ucr,206_UCR_Anomaly_CHARISten_25130_29080_29140,CHARISten,,chronos_small_resid,default,,0.00319,0.0061,0.71718,0.00319,0.3,nan,1593.6,16870,1,0.00362,ok
ucr,206_UCR_Anomaly_CHARISten_25130_29080_29140,CHARISten,,chronos_small_quantile,default,,0.00388,0.00601,0.74535,0.00588,0.3,nan,1593.6,16870,1,0.00362,ok
ucr,206_UCR_Anomaly_CHARISten_25130_29080_29140,CHARISten,,chronos_base_resid,default,,0.0051,0.00752,0.73271,0.00912,0.61,nan,1824.4,16870,1,0.00362,ok
ucr,206_UCR_Anomaly_CHARISten_25130_29080_29140,CHARISten,,chronos_base_quantile,default,,0.00969,0.01092,0.78901,0.02842,0.61,nan,1824.4,16870,1,0.00362,ok
ucr,206_UCR_Anomaly_CHARISten_25130_29080_29140,CHARISten,,timesfm_resid,default,,0.03112,0.03284,0.77292,0.08329,8.04,nan,1901.4,16870,1,0.00362,ok
ucr,206_UCR_Anomaly_CHARISten_25130_29080_29140,CHARISten,,timesfm_quantile,default,,0.05811,0.0511,0.73049,0.11458,8.04,nan,1901.4,16870,1,0.00362,ok
ucr,207_UCR_Anomaly_CHARISten_3165_26929_26989,CHARISten,,chronos_small_resid,default,,0.00264,0.00321,0.78163,0.00392,0.52,nan,1593.6,36705,1,0.00166,ok
ucr,207_UCR_Anomaly_CHARISten_3165_26929_26989,CHARISten,,chronos_small_quantile,default,,0.00229,0.00276,0.72209,0.00279,0.52,nan,1593.6,36705,1,0.00166,ok
ucr,207_UCR_Anomaly_CHARISten_3165_26929_26989,CHARISten,,chronos_base_resid,default,,0.00235,0.00308,0.70106,0.0032,1.01,nan,1824.4,36705,1,0.00166,ok
ucr,207_UCR_Anomaly_CHARISten_3165_26929_26989,CHARISten,,chronos_base_quantile,default,,0.00204,0.00266,0.70369,0.00309,1.01,nan,1824.4,36705,1,0.00166,ok
ucr,207_UCR_Anomaly_CHARISten_3165_26929_26989,CHARISten,,timesfm_resid,default,,0.10225,0.04229,0.99841,0.13543,14.41,nan,1901.4,36705,1,0.00166,ok
ucr,207_UCR_Anomaly_CHARISten_3165_26929_26989,CHARISten,,timesfm_quantile,default,,0.12988,0.0405,0.99866,0.16245,14.41,nan,1901.4,36705,1,0.00166,ok
ucr,208_UCR_Anomaly_CHARISten_5130_27929_27989,CHARISten,,chronos_small_resid,default,,0.002,0.00263,0.75355,0.00381,0.8,nan,1593.6,35740,1,0.00171,ok
ucr,208_UCR_Anomaly_CHARISten_5130_27929_27989,CHARISten,,chronos_small_quantile,default,,0.00189,0.0026,0.72426,0.00316,0.8,nan,1593.6,35740,1,0.00171,ok
ucr,208_UCR_Anomaly_CHARISten_5130_27929_27989,CHARISten,,chronos_base_resid,default,,0.00191,0.00259,0.69983,0.00371,1.02,nan,1824.4,35740,1,0.00171,ok
ucr,208_UCR_Anomaly_CHARISten_5130_27929_27989,CHARISten,,chronos_base_quantile,default,,0.0019,0.00265,0.69987,0.00312,1.02,nan,1824.4,35740,1,0.00171,ok
ucr,208_UCR_Anomaly_CHARISten_5130_27929_27989,CHARISten,,timesfm_resid,default,,0.00314,0.00406,0.68051,0.00466,11.62,nan,1901.4,35740,1,0.00171,ok
ucr,208_UCR_Anomaly_CHARISten_5130_27929_27989,CHARISten,,timesfm_quantile,default,,0.01949,0.01502,0.77628,0.02769,11.62,nan,1901.4,35740,1,0.00171,ok
ucr,209_UCR_Anomaly_Fantasia_19000_26970_27270,Fantasia,,chronos_small_resid,default,,0.00642,0.00781,0.68334,0.00984,0.84,nan,1593.6,73000,1,0.00412,ok
ucr,209_UCR_Anomaly_Fantasia_19000_26970_27270,Fantasia,,chronos_small_quantile,default,,0.0044,0.00553,0.67093,0.0036,0.84,nan,1593.6,73000,1,0.00412,ok
ucr,209_UCR_Anomaly_Fantasia_19000_26970_27270,Fantasia,,chronos_base_resid,default,,0.006,0.0075,0.68451,0.01712,1.7,nan,1824.4,73000,1,0.00412,ok
ucr,209_UCR_Anomaly_Fantasia_19000_26970_27270,Fantasia,,chronos_base_quantile,default,,0.00462,0.0057,0.6751,0.00734,1.7,nan,1824.4,73000,1,0.00412,ok
ucr,209_UCR_Anomaly_Fantasia_19000_26970_27270,Fantasia,,timesfm_resid,default,,0.00926,0.00981,0.69872,0.0253,23.64,nan,1901.4,73000,1,0.00412,ok
ucr,209_UCR_Anomaly_Fantasia_19000_26970_27270,Fantasia,,timesfm_quantile,default,,0.00459,0.00568,0.67637,0.00703,23.64,nan,1901.4,73000,1,0.00412,ok
ucr,210_UCR_Anomaly_Italianpowerdemand_36123_74900_74996,Italianpowerdemand,,chronos_small_resid,default,,0.00083,0.00124,0.66724,0.00016,0.99,nan,1593.6,83696,1,0.00116,ok
ucr,210_UCR_Anomaly_Italianpowerdemand_36123_74900_74996,Italianpowerdemand,,chronos_small_quantile,default,,0.00115,0.00169,0.71933,3e-05,0.99,nan,1593.6,83696,1,0.00116,ok
ucr,210_UCR_Anomaly_Italianpowerdemand_36123_74900_74996,Italianpowerdemand,,chronos_base_resid,default,,0.0008,0.00122,0.67139,0.00026,2.02,nan,1824.4,83696,1,0.00116,ok
ucr,210_UCR_Anomaly_Italianpowerdemand_36123_74900_74996,Italianpowerdemand,,chronos_base_quantile,default,,0.00114,0.00168,0.70196,6e-05,2.02,nan,1824.4,83696,1,0.00116,ok
ucr,210_UCR_Anomaly_Italianpowerdemand_36123_74900_74996,Italianpowerdemand,,timesfm_resid,default,,0.00079,0.00118,0.67342,8e-05,30.61,nan,1901.4,83696,1,0.00116,ok
ucr,210_UCR_Anomaly_Italianpowerdemand_36123_74900_74996,Italianpowerdemand,,timesfm_quantile,default,,0.00108,0.00164,0.69368,0.00027,30.61,nan,1901.4,83696,1,0.00116,ok
ucr,211_UCR_Anomaly_Italianpowerdemand_38113_39240_39336,Italianpowerdemand,,chronos_small_resid,default,,0.00141,0.00186,0.73222,0.0018,1.07,nan,1593.6,81467,1,0.00119,ok
ucr,211_UCR_Anomaly_Italianpowerdemand_38113_39240_39336,Italianpowerdemand,,chronos_small_quantile,default,,0.00132,0.0018,0.70128,0.00207,1.07,nan,1593.6,81467,1,0.00119,ok
ucr,211_UCR_Anomaly_Italianpowerdemand_38113_39240_39336,Italianpowerdemand,,chronos_base_resid,default,,0.00127,0.00171,0.69928,0.00148,1.97,nan,1824.4,81467,1,0.00119,ok
ucr,211_UCR_Anomaly_Italianpowerdemand_38113_39240_39336,Italianpowerdemand,,chronos_base_quantile,default,,0.00146,0.0019,0.67743,0.00256,1.97,nan,1824.4,81467,1,0.00119,ok
ucr,211_UCR_Anomaly_Italianpowerdemand_38113_39240_39336,Italianpowerdemand,,timesfm_resid,default,,0.00091,0.00128,0.79338,0.00031,27.92,nan,1901.4,81467,1,0.00119,ok
ucr,211_UCR_Anomaly_Italianpowerdemand_38113_39240_39336,Italianpowerdemand,,timesfm_quantile,default,,0.0011,0.00166,0.72783,0.00039,27.92,nan,1901.4,81467,1,0.00119,ok
ucr,212_UCR_Anomaly_Italianpowerdemand_8913_29480_29504,Italianpowerdemand,,chronos_small_resid,default,,0.00879,0.00713,0.7169,0.02123,0.3,nan,1593.6,21018,1,0.00119,ok
ucr,212_UCR_Anomaly_Italianpowerdemand_8913_29480_29504,Italianpowerdemand,,chronos_small_quantile,default,,0.01422,0.01049,0.66162,0.03039,0.3,nan,1593.6,21018,1,0.00119,ok
ucr,212_UCR_Anomaly_Italianpowerdemand_8913_29480_29504,Italianpowerdemand,,chronos_base_resid,default,,0.00844,0.00722,0.68379,0.02251,0.61,nan,1824.4,21018,1,0.00119,ok
ucr,212_UCR_Anomaly_Italianpowerdemand_8913_29480_29504,Italianpowerdemand,,chronos_base_quantile,default,,0.02296,0.01551,0.66509,0.04956,0.61,nan,1824.4,21018,1,0.00119,ok
ucr,212_UCR_Anomaly_Italianpowerdemand_8913_29480_29504,Italianpowerdemand,,timesfm_resid,default,,0.00421,0.00399,0.68435,0.01056,7.86,nan,1901.4,21018,1,0.00119,ok
ucr,212_UCR_Anomaly_Italianpowerdemand_8913_29480_29504,Italianpowerdemand,,timesfm_quantile,default,,0.05304,0.01735,0.73773,0.10483,7.86,nan,1901.4,21018,1,0.00119,ok
ucr,213_UCR_Anomaly_STAFFIIIDatabase_33211_126920_127370,STAFFIIIDatabase,,chronos_small_resid,default,,0.01651,0.00673,0.68097,0.02819,2.96,nan,1593.6,266789,1,0.00169,ok
ucr,213_UCR_Anomaly_STAFFIIIDatabase_33211_126920_127370,STAFFIIIDatabase,,chronos_small_quantile,default,,0.00174,0.00231,0.74393,0.00243,2.96,nan,1593.6,266789,1,0.00169,ok
ucr,213_UCR_Anomaly_STAFFIIIDatabase_33211_126920_127370,STAFFIIIDatabase,,chronos_base_resid,default,,0.09955,0.00854,0.80142,0.12733,5.78,nan,1824.4,266789,1,0.00169,ok
ucr,213_UCR_Anomaly_STAFFIIIDatabase_33211_126920_127370,STAFFIIIDatabase,,chronos_base_quantile,default,,0.00177,0.00232,0.7623,0.00263,5.78,nan,1824.4,266789,1,0.00169,ok
ucr,213_UCR_Anomaly_STAFFIIIDatabase_33211_126920_127370,STAFFIIIDatabase,,timesfm_resid,default,,0.01168,0.00449,0.68841,0.01958,98.47,nan,1901.4,266789,1,0.00169,ok
ucr,213_UCR_Anomaly_STAFFIIIDatabase_33211_126920_127370,STAFFIIIDatabase,,timesfm_quantile,default,,0.00208,0.0025,0.70739,0.00398,98.47,nan,1901.4,266789,1,0.00169,ok
ucr,214_UCR_Anomaly_STAFFIIIDatabase_34211_125720_126370,STAFFIIIDatabase,,chronos_small_resid,default,,0.00255,0.00294,0.67874,0.00309,2.89,nan,1593.6,265479,1,0.00245,ok
ucr,214_UCR_Anomaly_STAFFIIIDatabase_34211_125720_126370,STAFFIIIDatabase,,chronos_small_quantile,default,,0.0028,0.00328,0.68107,0.00452,2.89,nan,1593.6,265479,1,0.00245,ok
ucr,214_UCR_Anomaly_STAFFIIIDatabase_34211_125720_126370,STAFFIIIDatabase,,chronos_base_resid,default,,0.0033,0.00364,0.67625,0.00476,6.6,nan,1824.4,265479,1,0.00245,ok
ucr,214_UCR_Anomaly_STAFFIIIDatabase_34211_125720_126370,STAFFIIIDatabase,,chronos_base_quantile,default,,0.00279,0.00325,0.68207,0.00459,6.6,nan,1824.4,265479,1,0.00245,ok
ucr,214_UCR_Anomaly_STAFFIIIDatabase_34211_125720_126370,STAFFIIIDatabase,,timesfm_resid,default,,0.00688,0.00428,0.7359,0.0346,86.31,nan,1901.4,265479,1,0.00245,ok
ucr,214_UCR_Anomaly_STAFFIIIDatabase_34211_125720_126370,STAFFIIIDatabase,,timesfm_quantile,default,,0.00346,0.00379,0.68917,0.00631,86.31,nan,1901.4,265479,1,0.00245,ok
ucr,215_UCR_Anomaly_STAFFIIIDatabase_36276_106720_107370,STAFFIIIDatabase,,chronos_small_resid,default,,0.00253,0.00276,0.6669,0.00285,2.92,nan,1593.6,263714,1,0.00247,ok
ucr,215_UCR_Anomaly_STAFFIIIDatabase_36276_106720_107370,STAFFIIIDatabase,,chronos_small_quantile,default,,0.00263,0.00305,0.79595,0.00289,2.92,nan,1593.6,263714,1,0.00247,ok
ucr,215_UCR_Anomaly_STAFFIIIDatabase_36276_106720_107370,STAFFIIIDatabase,,chronos_base_resid,default,,0.00262,0.00283,0.6655,0.00354,6.11,nan,1824.4,263714,1,0.00247,ok
ucr,215_UCR_Anomaly_STAFFIIIDatabase_36276_106720_107370,STAFFIIIDatabase,,chronos_base_quantile,default,,0.00278,0.00325,0.82176,0.00498,6.11,nan,1824.4,263714,1,0.00247,ok
ucr,215_UCR_Anomaly_STAFFIIIDatabase_36276_106720_107370,STAFFIIIDatabase,,timesfm_resid,default,,0.00291,0.00318,0.66375,0.00411,104.18,nan,1901.4,263714,1,0.00247,ok
ucr,215_UCR_Anomaly_STAFFIIIDatabase_36276_106720_107370,STAFFIIIDatabase,,timesfm_quantile,default,,0.00296,0.00343,0.76066,0.00505,104.18,nan,1901.4,263714,1,0.00247,ok
ucr,216_UCR_Anomaly_STAFFIIIDatabase_37216_160720_161370,STAFFIIIDatabase,,chronos_small_resid,default,,0.00485,0.00478,0.66539,0.01298,2.9,nan,1593.6,262674,1,0.00248,ok
ucr,216_UCR_Anomaly_STAFFIIIDatabase_37216_160720_161370,STAFFIIIDatabase,,chronos_small_quantile,default,,0.00448,0.00373,0.73427,0.02768,2.9,nan,1593.6,262674,1,0.00248,ok
ucr,216_UCR_Anomaly_STAFFIIIDatabase_37216_160720_161370,STAFFIIIDatabase,,chronos_base_resid,default,,0.00297,0.00321,0.67738,0.00414,6.26,nan,1824.4,262674,1,0.00248,ok
ucr,216_UCR_Anomaly_STAFFIIIDatabase_37216_160720_161370,STAFFIIIDatabase,,chronos_base_quantile,default,,0.00353,0.00347,0.71851,0.02038,6.26,nan,1824.4,262674,1,0.00248,ok
ucr,216_UCR_Anomaly_STAFFIIIDatabase_37216_160720_161370,STAFFIIIDatabase,,timesfm_resid,default,,0.00362,0.00381,0.67387,0.0062,88.13,nan,1901.4,262674,1,0.00248,ok
ucr,216_UCR_Anomaly_STAFFIIIDatabase_37216_160720_161370,STAFFIIIDatabase,,timesfm_quantile,default,,0.00513,0.00359,0.67724,0.03744,88.13,nan,1901.4,262674,1,0.00248,ok
ucr,217_UCR_Anomaly_STAFFIIIDatabase_38211_150720_151370,STAFFIIIDatabase,,chronos_small_resid,default,,0.00233,0.00259,0.81009,0.00324,2.72,nan,1593.6,261479,1,0.00249,ok
ucr,217_UCR_Anomaly_STAFFIIIDatabase_38211_150720_151370,STAFFIIIDatabase,,chronos_small_quantile,default,,0.00255,0.00288,0.70049,0.00322,2.72,nan,1593.6,261479,1,0.00249,ok
ucr,217_UCR_Anomaly_STAFFIIIDatabase_38211_150720_151370,STAFFIIIDatabase,,chronos_base_resid,default,,0.00229,0.0025,0.92296,0.00309,5.27,nan,1824.4,261479,1,0.00249,ok
ucr,217_UCR_Anomaly_STAFFIIIDatabase_38211_150720_151370,STAFFIIIDatabase,,chronos_base_quantile,default,,0.00259,0.00291,0.66381,0.00345,5.27,nan,1824.4,261479,1,0.00249,ok
ucr,217_UCR_Anomaly_STAFFIIIDatabase_38211_150720_151370,STAFFIIIDatabase,,timesfm_resid,default,,0.00233,0.00274,0.67858,0.00398,113.16,nan,1901.4,261479,1,0.00249,ok
ucr,217_UCR_Anomaly_STAFFIIIDatabase_38211_150720_151370,STAFFIIIDatabase,,timesfm_quantile,default,,0.0023,0.00266,0.65923,0.00102,113.16,nan,1901.4,261479,1,0.00249,ok
ucr,218_UCR_Anomaly_STAFFIIIDatabase_41117_210720_211370,STAFFIIIDatabase,,chronos_small_resid,default,,0.0032,0.00326,0.67021,0.01315,2.79,nan,1593.6,258823,1,0.00252,ok
ucr,218_UCR_Anomaly_STAFFIIIDatabase_41117_210720_211370,STAFFIIIDatabase,,chronos_small_quantile,default,,0.00286,0.00318,0.67275,0.00455,2.79,nan,1593.6,258823,1,0.00252,ok
ucr,218_UCR_Anomaly_STAFFIIIDatabase_41117_210720_211370,STAFFIIIDatabase,,chronos_base_resid,default,,0.00276,0.00298,0.67208,0.00413,6.04,nan,1824.4,258823,1,0.00252,ok
ucr,218_UCR_Anomaly_STAFFIIIDatabase_41117_210720_211370,STAFFIIIDatabase,,chronos_base_quantile,default,,0.00277,0.00314,0.6758,0.00414,6.04,nan,1824.4,258823,1,0.00252,ok
ucr,218_UCR_Anomaly_STAFFIIIDatabase_41117_210720_211370,STAFFIIIDatabase,,timesfm_resid,default,,0.00302,0.00326,0.67875,0.00442,86.27,nan,1901.4,258823,1,0.00252,ok
ucr,218_UCR_Anomaly_STAFFIIIDatabase_41117_210720_211370,STAFFIIIDatabase,,timesfm_quantile,default,,0.00345,0.00369,0.67558,0.00622,86.27,nan,1901.4,258823,1,0.00252,ok
ucr,219_UCR_Anomaly_STAFFIIIDatabase_41612_64632_64852,STAFFIIIDatabase,,chronos_small_resid,default,,0.00206,0.00265,0.79556,0.00467,2.76,nan,1593.6,258228,1,0.00086,ok
ucr,219_UCR_Anomaly_STAFFIIIDatabase_41612_64632_64852,STAFFIIIDatabase,,chronos_small_quantile,default,,0.00113,0.00167,0.89543,0.00209,2.76,nan,1593.6,258228,1,0.00086,ok
ucr,219_UCR_Anomaly_STAFFIIIDatabase_41612_64632_64852,STAFFIIIDatabase,,chronos_base_resid,default,,0.01051,0.00375,0.82179,0.05212,4.82,nan,1824.4,258228,1,0.00086,ok
ucr,219_UCR_Anomaly_STAFFIIIDatabase_41612_64632_64852,STAFFIIIDatabase,,chronos_base_quantile,default,,0.00117,0.0017,0.89214,0.00208,4.82,nan,1824.4,258228,1,0.00086,ok
ucr,219_UCR_Anomaly_STAFFIIIDatabase_41612_64632_64852,STAFFIIIDatabase,,timesfm_resid,default,,0.001,0.00161,0.77612,0.00177,103.7,nan,1901.4,258228,1,0.00086,ok
ucr,219_UCR_Anomaly_STAFFIIIDatabase_41612_64632_64852,STAFFIIIDatabase,,timesfm_quantile,default,,0.00099,0.00175,0.87183,0.00171,103.7,nan,1901.4,258228,1,0.00086,ok
ucr,220_UCR_Anomaly_STAFFIIIDatabase_43217_250720_251370,STAFFIIIDatabase,,chronos_small_resid,default,,0.00314,0.00341,0.67971,0.00433,3.23,nan,1593.6,256573,1,0.00254,ok
ucr,220_UCR_Anomaly_STAFFIIIDatabase_43217_250720_251370,STAFFIIIDatabase,,chronos_small_quantile,default,,0.00246,0.00281,0.67054,0.00242,3.23,nan,1593.6,256573,1,0.00254,ok
ucr,220_UCR_Anomaly_STAFFIIIDatabase_43217_250720_251370,STAFFIIIDatabase,,chronos_base_resid,default,,0.00312,0.00337,0.67253,0.00396,6.26,nan,1824.4,256573,1,0.00254,ok
ucr,220_UCR_Anomaly_STAFFIIIDatabase_43217_250720_251370,STAFFIIIDatabase,,chronos_base_quantile,default,,0.00238,0.00273,0.67149,0.00103,6.26,nan,1824.4,256573,1,0.00254,ok
ucr,220_UCR_Anomaly_STAFFIIIDatabase_43217_250720_251370,STAFFIIIDatabase,,timesfm_resid,default,,0.00334,0.00396,0.68656,0.00426,83.87,nan,1901.4,256573,1,0.00254,ok
ucr,220_UCR_Anomaly_STAFFIIIDatabase_43217_250720_251370,STAFFIIIDatabase,,timesfm_quantile,default,,0.00241,0.00281,0.68013,0.0027,83.87,nan,1901.4,256573,1,0.00254,ok
ucr,221_UCR_Anomaly_STAFFIIIDatabase_45616_163632_164852,STAFFIIIDatabase,,chronos_small_resid,default,,0.00389,0.00426,0.74596,0.00407,2.88,nan,1593.6,252724,1,0.00483,ok
ucr,221_UCR_Anomaly_STAFFIIIDatabase_45616_163632_164852,STAFFIIIDatabase,,chronos_small_quantile,default,,0.00526,0.00568,0.68027,0.00728,2.88,nan,1593.6,252724,1,0.00483,ok
ucr,221_UCR_Anomaly_STAFFIIIDatabase_45616_163632_164852,STAFFIIIDatabase,,chronos_base_resid,default,,0.0039,0.00426,0.67304,0.00191,5.09,nan,1824.4,252724,1,0.00483,ok
ucr,221_UCR_Anomaly_STAFFIIIDatabase_45616_163632_164852,STAFFIIIDatabase,,chronos_base_quantile,default,,0.00506,0.00545,0.68014,0.00404,5.09,nan,1824.4,252724,1,0.00483,ok
ucr,221_UCR_Anomaly_STAFFIIIDatabase_45616_163632_164852,STAFFIIIDatabase,,timesfm_resid,default,,0.00465,0.00497,0.82746,0.00306,100.58,nan,1901.4,252724,1,0.00483,ok
ucr,221_UCR_Anomaly_STAFFIIIDatabase_45616_163632_164852,STAFFIIIDatabase,,timesfm_quantile,default,,0.00457,0.00494,0.67971,0.0051,100.58,nan,1901.4,252724,1,0.00483,ok
ucr,222_UCR_Anomaly_mit14046longtermecg_56123_91200_91700,mit14046longtermecg,,chronos_small_resid,default,,0.00414,0.00483,0.89247,0.00732,1.79,nan,1593.6,155379,1,0.00322,ok
ucr,222_UCR_Anomaly_mit14046longtermecg_56123_91200_91700,mit14046longtermecg,,chronos_small_quantile,default,,0.00307,0.00367,0.70138,0.00199,1.79,nan,1593.6,155379,1,0.00322,ok
ucr,222_UCR_Anomaly_mit14046longtermecg_56123_91200_91700,mit14046longtermecg,,chronos_base_resid,default,,0.00556,0.00582,0.84137,0.01137,3.65,nan,1824.4,155379,1,0.00322,ok
ucr,222_UCR_Anomaly_mit14046longtermecg_56123_91200_91700,mit14046longtermecg,,chronos_base_quantile,default,,0.00308,0.00372,0.72061,0.00199,3.65,nan,1824.4,155379,1,0.00322,ok
ucr,222_UCR_Anomaly_mit14046longtermecg_56123_91200_91700,mit14046longtermecg,,timesfm_resid,default,,0.00557,0.00602,0.71679,0.01072,51.21,nan,1901.4,155379,1,0.00322,ok
ucr,222_UCR_Anomaly_mit14046longtermecg_56123_91200_91700,mit14046longtermecg,,timesfm_quantile,default,,0.00318,0.00379,0.68106,0.00361,51.21,nan,1901.4,155379,1,0.00322,ok
ucr,223_UCR_Anomaly_mit14046longtermecg_74123_131200_131700,mit14046longtermecg,,chronos_small_resid,default,,0.00373,0.00423,0.63608,0.00117,1.11,nan,1593.6,106263,1,0.00471,ok
ucr,223_UCR_Anomaly_mit14046longtermecg_74123_131200_131700,mit14046longtermecg,,chronos_small_quantile,default,,0.00509,0.00585,0.68926,0.00783,1.11,nan,1593.6,106263,1,0.00471,ok
ucr,223_UCR_Anomaly_mit14046longtermecg_74123_131200_131700,mit14046longtermecg,,chronos_base_resid,default,,0.00354,0.00406,0.63306,0.00123,2.23,nan,1824.4,106263,1,0.00471,ok
ucr,223_UCR_Anomaly_mit14046longtermecg_74123_131200_131700,mit14046longtermecg,,chronos_base_quantile,default,,0.00509,0.00591,0.6608,0.01041,2.23,nan,1824.4,106263,1,0.00471,ok
ucr,223_UCR_Anomaly_mit14046longtermecg_74123_131200_131700,mit14046longtermecg,,timesfm_resid,default,,0.00402,0.00458,0.62375,0.00343,34.71,nan,1901.4,106263,1,0.00471,ok
ucr,223_UCR_Anomaly_mit14046longtermecg_74123_131200_131700,mit14046longtermecg,,timesfm_quantile,default,,0.00496,0.00573,0.67013,0.00716,34.71,nan,1901.4,106263,1,0.00471,ok
ucr,224_UCR_Anomaly_mit14046longtermecg_76123_191200_191700,mit14046longtermecg,,chronos_small_resid,default,,0.00354,0.0042,0.67503,0.00283,1.76,nan,1593.6,123630,1,0.00405,ok
ucr,224_UCR_Anomaly_mit14046longtermecg_76123_191200_191700,mit14046longtermecg,,chronos_small_quantile,default,,0.00507,0.00564,0.79733,0.01148,1.76,nan,1593.6,123630,1,0.00405,ok
ucr,224_UCR_Anomaly_mit14046longtermecg_76123_191200_191700,mit14046longtermecg,,chronos_base_resid,default,,0.00349,0.00416,0.71241,0.00257,2.52,nan,1824.4,123630,1,0.00405,ok
ucr,224_UCR_Anomaly_mit14046longtermecg_76123_191200_191700,mit14046longtermecg,,chronos_base_quantile,default,,0.00536,0.00587,0.68268,0.01278,2.52,nan,1824.4,123630,1,0.00405,ok
ucr,224_UCR_Anomaly_mit14046longtermecg_76123_191200_191700,mit14046longtermecg,,timesfm_resid,default,,0.00369,0.00444,0.69548,0.00519,42.04,nan,1901.4,123630,1,0.00405,ok
ucr,224_UCR_Anomaly_mit14046longtermecg_76123_191200_191700,mit14046longtermecg,,timesfm_quantile,default,,0.00493,0.00524,0.72623,0.01157,42.04,nan,1901.4,123630,1,0.00405,ok
ucr,225_UCR_Anomaly_mit14046longtermecg_81214_143000_143300,mit14046longtermecg,,chronos_small_resid,default,,0.00605,0.006,0.61034,0.0148,1.73,nan,1593.6,118785,1,0.00253,ok
ucr,225_UCR_Anomaly_mit14046longtermecg_81214_143000_143300,mit14046longtermecg,,chronos_small_quantile,default,,0.00461,0.00409,0.80643,0.03373,1.73,nan,1593.6,118785,1,0.00253,ok
ucr,225_UCR_Anomaly_mit14046longtermecg_81214_143000_143300,mit14046longtermecg,,chronos_base_resid,default,,0.00571,0.00587,0.6147,0.01425,3.19,nan,1824.4,118785,1,0.00253,ok
ucr,225_UCR_Anomaly_mit14046longtermecg_81214_143000_143300,mit14046longtermecg,,chronos_base_quantile,default,,0.0036,0.00415,0.74977,0.00682,3.19,nan,1824.4,118785,1,0.00253,ok
ucr,225_UCR_Anomaly_mit14046longtermecg_81214_143000_143300,mit14046longtermecg,,timesfm_resid,default,,0.00392,0.00485,0.61245,0.00808,48.89,nan,1901.4,118785,1,0.00253,ok
ucr,225_UCR_Anomaly_mit14046longtermecg_81214_143000_143300,mit14046longtermecg,,timesfm_quantile,default,,0.00348,0.00418,0.7055,0.00717,48.89,nan,1901.4,118785,1,0.00253,ok
ucr,226_UCR_Anomaly_mit14046longtermecg_96123_123000_123300,mit14046longtermecg,,chronos_small_resid,default,,0.02052,0.01584,0.65519,0.08598,1.01,nan,1593.6,93878,1,0.00321,ok
ucr,226_UCR_Anomaly_mit14046longtermecg_96123_123000_123300,mit14046longtermecg,,chronos_small_quantile,default,,0.00421,0.005,0.67403,0.00769,1.01,nan,1593.6,93878,1,0.00321,ok
ucr,226_UCR_Anomaly_mit14046longtermecg_96123_123000_123300,mit14046longtermecg,,chronos_base_resid,default,,0.01779,0.0175,0.65588,0.04426,2.33,nan,1824.4,93878,1,0.00321,ok
ucr,226_UCR_Anomaly_mit14046longtermecg_96123_123000_123300,mit14046longtermecg,,chronos_base_quantile,default,,0.00438,0.00516,0.67652,0.00876,2.33,nan,1824.4,93878,1,0.00321,ok
ucr,226_UCR_Anomaly_mit14046longtermecg_96123_123000_123300,mit14046longtermecg,,timesfm_resid,default,,0.02703,0.02124,0.65557,0.04861,31.32,nan,1901.4,93878,1,0.00321,ok
ucr,226_UCR_Anomaly_mit14046longtermecg_96123_123000_123300,mit14046longtermecg,,timesfm_quantile,default,,0.00765,0.0078,0.66319,0.01773,31.32,nan,1901.4,93878,1,0.00321,ok
ucr,227_UCR_Anomaly_mit14134longtermecg_11231_29000_29100,mit14134longtermecg,,chronos_small_resid,default,,0.00255,0.00329,0.72862,0.00429,0.72,nan,1593.6,48071,1,0.0021,ok
ucr,227_UCR_Anomaly_mit14134longtermecg_11231_29000_29100,mit14134longtermecg,,chronos_small_quantile,default,,0.00221,0.00317,0.68957,0.00183,0.72,nan,1593.6,48071,1,0.0021,ok
ucr,227_UCR_Anomaly_mit14134longtermecg_11231_29000_29100,mit14134longtermecg,,chronos_base_resid,default,,0.00267,0.00358,0.73654,0.00429,1.09,nan,1824.4,48071,1,0.0021,ok
ucr,227_UCR_Anomaly_mit14134longtermecg_11231_29000_29100,mit14134longtermecg,,chronos_base_quantile,default,,0.00241,0.00331,0.75246,0.003,1.09,nan,1824.4,48071,1,0.0021,ok
ucr,227_UCR_Anomaly_mit14134longtermecg_11231_29000_29100,mit14134longtermecg,,timesfm_resid,default,,0.00288,0.00365,0.75858,0.00486,17.99,nan,1901.4,48071,1,0.0021,ok
ucr,227_UCR_Anomaly_mit14134longtermecg_11231_29000_29100,mit14134longtermecg,,timesfm_quantile,default,,0.00347,0.00429,0.72845,0.00851,17.99,nan,1901.4,48071,1,0.0021,ok
ucr,228_UCR_Anomaly_mit14134longtermecg_11361_47830_47850,mit14134longtermecg,,chronos_small_resid,default,,0.00151,0.00168,0.75361,0.00408,0.7,nan,1593.6,47639,1,0.00044,ok
ucr,228_UCR_Anomaly_mit14134longtermecg_11361_47830_47850,mit14134longtermecg,,chronos_small_quantile,default,,0.00085,0.001,0.70431,0.00228,0.7,nan,1593.6,47639,1,0.00044,ok
ucr,228_UCR_Anomaly_mit14134longtermecg_11361_47830_47850,mit14134longtermecg,,chronos_base_resid,default,,0.00214,0.00246,0.71273,0.00504,1.11,nan,1824.4,47639,1,0.00044,ok
ucr,228_UCR_Anomaly_mit14134longtermecg_11361_47830_47850,mit14134longtermecg,,chronos_base_quantile,default,,0.0012,0.0014,0.6745,0.0035,1.11,nan,1824.4,47639,1,0.00044,ok
ucr,228_UCR_Anomaly_mit14134longtermecg_11361_47830_47850,mit14134longtermecg,,timesfm_resid,default,,0.00191,0.00209,0.7377,0.00473,16.04,nan,1901.4,47639,1,0.00044,ok
ucr,228_UCR_Anomaly_mit14134longtermecg_11361_47830_47850,mit14134longtermecg,,timesfm_quantile,default,,0.00082,0.00106,0.68041,0.00206,16.04,nan,1901.4,47639,1,0.00044,ok
ucr,229_UCR_Anomaly_mit14134longtermecg_16363_57960_57970,mit14134longtermecg,,chronos_small_resid,default,,0.00156,0.00187,0.66376,0.00401,0.74,nan,1593.6,42637,1,0.00026,ok
ucr,229_UCR_Anomaly_mit14134longtermecg_16363_57960_57970,mit14134longtermecg,,chronos_small_quantile,default,,0.00045,0.00059,0.68508,0.00082,0.74,nan,1593.6,42637,1,0.00026,ok
ucr,229_UCR_Anomaly_mit14134longtermecg_16363_57960_57970,mit14134longtermecg,,chronos_base_resid,default,,0.00145,0.0017,0.66291,0.00386,1.01,nan,1824.4,42637,1,0.00026,ok
ucr,229_UCR_Anomaly_mit14134longtermecg_16363_57960_57970,mit14134longtermecg,,chronos_base_quantile,default,,0.00043,0.0006,0.66514,0.00099,1.01,nan,1824.4,42637,1,0.00026,ok
ucr,229_UCR_Anomaly_mit14134longtermecg_16363_57960_57970,mit14134longtermecg,,timesfm_resid,default,,0.00166,0.00182,0.66409,0.00373,13.99,nan,1901.4,42637,1,0.00026,ok
ucr,229_UCR_Anomaly_mit14134longtermecg_16363_57960_57970,mit14134longtermecg,,timesfm_quantile,default,,0.00062,0.00079,0.69655,0.0018,13.99,nan,1901.4,42637,1,0.00026,ok
ucr,230_UCR_Anomaly_mit14134longtermecg_19363_19510_19610,mit14134longtermecg,,chronos_small_resid,default,,0.00429,0.00453,0.72431,0.02608,0.64,nan,1593.6,39637,1,0.00255,ok
ucr,230_UCR_Anomaly_mit14134longtermecg_19363_19510_19610,mit14134longtermecg,,chronos_small_quantile,default,,0.00301,0.00409,0.66083,0.00488,0.64,nan,1593.6,39637,1,0.00255,ok
ucr,230_UCR_Anomaly_mit14134longtermecg_19363_19510_19610,mit14134longtermecg,,chronos_base_resid,default,,0.00392,0.00436,0.71236,0.00653,1.03,nan,1824.4,39637,1,0.00255,ok
ucr,230_UCR_Anomaly_mit14134longtermecg_19363_19510_19610,mit14134longtermecg,,chronos_base_quantile,default,,0.00316,0.00419,0.65915,0.00577,1.03,nan,1824.4,39637,1,0.00255,ok
ucr,230_UCR_Anomaly_mit14134longtermecg_19363_19510_19610,mit14134longtermecg,,timesfm_resid,default,,0.00482,0.00501,0.68321,0.01141,13.98,nan,1901.4,39637,1,0.00255,ok
ucr,230_UCR_Anomaly_mit14134longtermecg_19363_19510_19610,mit14134longtermecg,,timesfm_quantile,default,,0.00319,0.00423,0.66198,0.00576,13.98,nan,1901.4,39637,1,0.00255,ok
ucr,231_UCR_Anomaly_mit14134longtermecg_8763_47530_47790,mit14134longtermecg,,chronos_small_resid,default,,0.00446,0.00662,0.66347,0.00419,1.01,nan,1593.6,50237,1,0.0052,ok
ucr,231_UCR_Anomaly_mit14134longtermecg_8763_47530_47790,mit14134longtermecg,,chronos_small_quantile,default,,0.00503,0.00697,0.69275,0.00161,1.01,nan,1593.6,50237,1,0.0052,ok
ucr,231_UCR_Anomaly_mit14134longtermecg_8763_47530_47790,mit14134longtermecg,,chronos_base_resid,default,,0.00471,0.00713,0.66603,0.00525,1.41,nan,1824.4,50237,1,0.0052,ok
ucr,231_UCR_Anomaly_mit14134longtermecg_8763_47530_47790,mit14134longtermecg,,chronos_base_quantile,default,,0.00503,0.00702,0.67267,0.0023,1.41,nan,1824.4,50237,1,0.0052,ok
ucr,231_UCR_Anomaly_mit14134longtermecg_8763_47530_47790,mit14134longtermecg,,timesfm_resid,default,,0.00595,0.00845,0.65382,0.00837,17.45,nan,1901.4,50237,1,0.0052,ok
ucr,231_UCR_Anomaly_mit14134longtermecg_8763_47530_47790,mit14134longtermecg,,timesfm_quantile,default,,0.00481,0.00672,0.64601,0.00449,17.45,nan,1901.4,50237,1,0.0052,ok
ucr,232_UCR_Anomaly_mit14134longtermecg_8763_57530_57790,mit14134longtermecg,,chronos_small_resid,default,,0.00437,0.00652,0.6699,0.00193,0.89,nan,1593.6,50237,1,0.0052,ok
ucr,232_UCR_Anomaly_mit14134longtermecg_8763_57530_57790,mit14134longtermecg,,chronos_small_quantile,default,,0.00533,0.0076,0.68677,0.00532,0.89,nan,1593.6,50237,1,0.0052,ok
ucr,232_UCR_Anomaly_mit14134longtermecg_8763_57530_57790,mit14134longtermecg,,chronos_base_resid,default,,0.00429,0.00648,0.67305,0.00241,1.51,nan,1824.4,50237,1,0.0052,ok
ucr,232_UCR_Anomaly_mit14134longtermecg_8763_57530_57790,mit14134longtermecg,,chronos_base_quantile,default,,0.00519,0.00786,0.67251,0.00372,1.51,nan,1824.4,50237,1,0.0052,ok
ucr,232_UCR_Anomaly_mit14134longtermecg_8763_57530_57790,mit14134longtermecg,,timesfm_resid,default,,0.00518,0.00736,0.66588,0.00711,20.71,nan,1901.4,50237,1,0.0052,ok
ucr,232_UCR_Anomaly_mit14134longtermecg_8763_57530_57790,mit14134longtermecg,,timesfm_quantile,default,,0.00541,0.00823,0.64915,0.00791,20.71,nan,1901.4,50237,1,0.0052,ok
ucr,233_UCR_Anomaly_mit14157longtermecg_18913_24500_24501,mit14157longtermecg,,chronos_small_resid,default,,0.00014,0.00027,0.68092,0.00027,1.4,nan,1593.6,73797,1,3e-05,ok
ucr,233_UCR_Anomaly_mit14157longtermecg_18913_24500_24501,mit14157longtermecg,,chronos_small_quantile,default,,0.0002,0.00035,0.72144,0.00038,1.4,nan,1593.6,73797,1,3e-05,ok
ucr,233_UCR_Anomaly_mit14157longtermecg_18913_24500_24501,mit14157longtermecg,,chronos_base_resid,default,,0.00018,0.00035,0.67813,0.00027,2.16,nan,1824.4,73797,1,3e-05,ok
ucr,233_UCR_Anomaly_mit14157longtermecg_18913_24500_24501,mit14157longtermecg,,chronos_base_quantile,default,,0.00157,0.00334,0.82075,0.0026,2.16,nan,1824.4,73797,1,3e-05,ok
ucr,233_UCR_Anomaly_mit14157longtermecg_18913_24500_24501,mit14157longtermecg,,timesfm_resid,default,,0.00063,0.00117,0.79329,0.00105,32.68,nan,1901.4,73797,1,3e-05,ok
ucr,233_UCR_Anomaly_mit14157longtermecg_18913_24500_24501,mit14157longtermecg,,timesfm_quantile,default,,0.00579,0.00482,0.84445,0.00319,32.68,nan,1901.4,73797,1,3e-05,ok
ucr,234_UCR_Anomaly_mit14157longtermecg_18913_24600_24601,mit14157longtermecg,,chronos_small_resid,default,,0.00036,0.00052,0.64802,0.00089,1.1,nan,1593.6,79797,1,3e-05,ok
ucr,234_UCR_Anomaly_mit14157longtermecg_18913_24600_24601,mit14157longtermecg,,chronos_small_quantile,default,,3e-05,5e-05,0.7603,0.0,1.1,nan,1593.6,79797,1,3e-05,ok
ucr,234_UCR_Anomaly_mit14157longtermecg_18913_24600_24601,mit14157longtermecg,,chronos_base_resid,default,,0.0005,0.00072,0.65902,0.00123,1.71,nan,1824.4,79797,1,3e-05,ok
ucr,234_UCR_Anomaly_mit14157longtermecg_18913_24600_24601,mit14157longtermecg,,chronos_base_quantile,default,,0.00016,0.00021,0.64794,0.00041,1.71,nan,1824.4,79797,1,3e-05,ok
ucr,234_UCR_Anomaly_mit14157longtermecg_18913_24600_24601,mit14157longtermecg,,timesfm_resid,default,,0.00249,0.00278,0.64472,0.00472,26.54,nan,1901.4,79797,1,3e-05,ok
ucr,234_UCR_Anomaly_mit14157longtermecg_18913_24600_24601,mit14157longtermecg,,timesfm_quantile,default,,0.00303,0.0027,0.67039,0.00472,26.54,nan,1901.4,79797,1,3e-05,ok
ucr,235_UCR_Anomaly_mit14157longtermecg_18913_75450_75451,mit14157longtermecg,,chronos_small_resid,default,,0.00087,0.00146,0.68344,0.00198,0.96,nan,1593.6,78387,1,3e-05,ok
ucr,235_UCR_Anomaly_mit14157longtermecg_18913_75450_75451,mit14157longtermecg,,chronos_small_quantile,default,,0.00036,0.00065,0.76291,0.00084,0.96,nan,1593.6,78387,1,3e-05,ok
ucr,235_UCR_Anomaly_mit14157longtermecg_18913_75450_75451,mit14157longtermecg,,chronos_base_resid,default,,0.00128,0.00169,0.69035,0.00203,1.68,nan,1824.4,78387,1,3e-05,ok
ucr,235_UCR_Anomaly_mit14157longtermecg_18913_75450_75451,mit14157longtermecg,,chronos_base_quantile,default,,0.0005,0.00078,0.66378,0.00111,1.68,nan,1824.4,78387,1,3e-05,ok
ucr,235_UCR_Anomaly_mit14157longtermecg_18913_75450_75451,mit14157longtermecg,,timesfm_resid,default,,0.00612,0.00585,0.73654,0.0048,27.57,nan,1901.4,78387,1,3e-05,ok
ucr,235_UCR_Anomaly_mit14157longtermecg_18913_75450_75451,mit14157longtermecg,,timesfm_quantile,default,,0.00157,0.00293,0.69535,0.00326,27.57,nan,1901.4,78387,1,3e-05,ok
ucr,236_UCR_Anomaly_mit14157longtermecg_19313_46350_46390,mit14157longtermecg,,chronos_small_resid,default,,0.00105,0.00135,0.66088,0.00357,1.1,nan,1593.6,77687,1,0.00053,ok
ucr,236_UCR_Anomaly_mit14157longtermecg_19313_46350_46390,mit14157longtermecg,,chronos_small_quantile,default,,0.00069,0.00097,0.73042,0.00205,1.1,nan,1593.6,77687,1,0.00053,ok
ucr,236_UCR_Anomaly_mit14157longtermecg_19313_46350_46390,mit14157longtermecg,,chronos_base_resid,default,,0.00119,0.00144,0.67008,0.00393,1.67,nan,1824.4,77687,1,0.00053,ok
ucr,236_UCR_Anomaly_mit14157longtermecg_19313_46350_46390,mit14157longtermecg,,chronos_base_quantile,default,,0.00058,0.00085,0.64982,0.0011,1.67,nan,1824.4,77687,1,0.00053,ok
ucr,236_UCR_Anomaly_mit14157longtermecg_19313_46350_46390,mit14157longtermecg,,timesfm_resid,default,,0.00115,0.00162,0.78669,0.00283,24.68,nan,1901.4,77687,1,0.00053,ok
ucr,236_UCR_Anomaly_mit14157longtermecg_19313_46350_46390,mit14157longtermecg,,timesfm_quantile,default,,0.0011,0.00169,0.798,0.00238,24.68,nan,1901.4,77687,1,0.00053,ok
ucr,237_UCR_Anomaly_mit14157longtermecg_19313_89560_90370,mit14157longtermecg,,chronos_small_resid,default,,0.01193,0.01344,0.67674,0.0178,0.99,nan,1593.6,77687,1,0.01044,ok
ucr,237_UCR_Anomaly_mit14157longtermecg_19313_89560_90370,mit14157longtermecg,,chronos_small_quantile,default,,0.00963,0.01101,0.77678,0.00318,0.99,nan,1593.6,77687,1,0.01044,ok
ucr,237_UCR_Anomaly_mit14157longtermecg_19313_89560_90370,mit14157longtermecg,,chronos_base_resid,default,,0.01482,0.01626,0.66595,0.02053,1.51,nan,1824.4,77687,1,0.01044,ok
ucr,237_UCR_Anomaly_mit14157longtermecg_19313_89560_90370,mit14157longtermecg,,chronos_base_quantile,default,,0.00983,0.01124,0.77606,0.00302,1.51,nan,1824.4,77687,1,0.01044,ok
ucr,237_UCR_Anomaly_mit14157longtermecg_19313_89560_90370,mit14157longtermecg,,timesfm_resid,default,,0.02242,0.02489,0.64174,0.04354,27.24,nan,1901.4,77687,1,0.01044,ok
ucr,237_UCR_Anomaly_mit14157longtermecg_19313_89560_90370,mit14157longtermecg,,timesfm_quantile,default,,0.01207,0.01536,0.66367,0.01991,27.24,nan,1901.4,77687,1,0.01044,ok
ucr,238_UCR_Anomaly_mit14157longtermecg_21311_72600_72780,mit14157longtermecg,,chronos_small_resid,default,,0.00687,0.00694,0.72518,0.01748,1.18,nan,1593.6,77689,1,0.00233,ok
ucr,238_UCR_Anomaly_mit14157longtermecg_21311_72600_72780,mit14157longtermecg,,chronos_small_quantile,default,,0.00358,0.00423,0.67519,0.00684,1.18,nan,1593.6,77689,1,0.00233,ok
ucr,238_UCR_Anomaly_mit14157longtermecg_21311_72600_72780,mit14157longtermecg,,chronos_base_resid,default,,0.00708,0.00744,0.76556,0.0166,1.84,nan,1824.4,77689,1,0.00233,ok
ucr,238_UCR_Anomaly_mit14157longtermecg_21311_72600_72780,mit14157longtermecg,,chronos_base_quantile,default,,0.00365,0.00429,0.67216,0.00744,1.84,nan,1824.4,77689,1,0.00233,ok
ucr,238_UCR_Anomaly_mit14157longtermecg_21311_72600_72780,mit14157longtermecg,,timesfm_resid,default,,0.00633,0.00713,0.77846,0.01315,26.64,nan,1901.4,77689,1,0.00233,ok
ucr,238_UCR_Anomaly_mit14157longtermecg_21311_72600_72780,mit14157longtermecg,,timesfm_quantile,default,,0.00623,0.00628,0.70471,0.01545,26.64,nan,1901.4,77689,1,0.00233,ok
ucr,239_UCR_Anomaly_taichidbS0715Master_190037_593450_593514,taichidbS0715Master,,chronos_small_resid,default,,0.00061,0.00148,0.69019,0.00169,7.71,nan,1593.6,707630,1,9e-05,ok
ucr,239_UCR_Anomaly_taichidbS0715Master_190037_593450_593514,taichidbS0715Master,,chronos_small_quantile,default,,0.00017,0.00032,0.70034,0.00059,7.71,nan,1593.6,707630,1,9e-05,ok
ucr,239_UCR_Anomaly_taichidbS0715Master_190037_593450_593514,taichidbS0715Master,,chronos_base_resid,default,,0.00053,0.00112,0.7394,0.00135,13.19,nan,1824.4,707630,1,9e-05,ok
ucr,239_UCR_Anomaly_taichidbS0715Master_190037_593450_593514,taichidbS0715Master,,chronos_base_quantile,default,,0.00017,0.00031,0.69634,0.00057,13.19,nan,1824.4,707630,1,9e-05,ok
ucr,239_UCR_Anomaly_taichidbS0715Master_190037_593450_593514,taichidbS0715Master,,timesfm_resid,default,,0.00028,0.00784,0.6679,0.0009,323.84,nan,1901.4,707630,1,9e-05,ok
ucr,239_UCR_Anomaly_taichidbS0715Master_190037_593450_593514,taichidbS0715Master,,timesfm_quantile,default,,0.00022,0.00033,0.7029,0.00078,323.84,nan,1901.4,707630,1,9e-05,ok
ucr,240_UCR_Anomaly_taichidbS0715Master_240030_884100_884200,taichidbS0715Master,,chronos_small_resid,default,,0.00036,0.00068,0.69127,0.00086,11.17,nan,1593.6,659970,1,0.00015,ok
ucr,240_UCR_Anomaly_taichidbS0715Master_240030_884100_884200,taichidbS0715Master,,chronos_small_quantile,default,,0.00015,0.00029,0.68923,0.00027,11.17,nan,1593.6,659970,1,0.00015,ok
ucr,240_UCR_Anomaly_taichidbS0715Master_240030_884100_884200,taichidbS0715Master,,chronos_base_resid,default,,0.00051,0.00076,0.67864,0.00142,14.07,nan,1824.4,659970,1,0.00015,ok
ucr,240_UCR_Anomaly_taichidbS0715Master_240030_884100_884200,taichidbS0715Master,,chronos_base_quantile,default,,0.00015,0.00032,0.67852,0.00026,14.07,nan,1824.4,659970,1,0.00015,ok
ucr,240_UCR_Anomaly_taichidbS0715Master_240030_884100_884200,taichidbS0715Master,,timesfm_resid,default,,0.00029,0.00051,0.67941,0.00079,301.13,nan,1901.4,659970,1,0.00015,ok
ucr,240_UCR_Anomaly_taichidbS0715Master_240030_884100_884200,taichidbS0715Master,,timesfm_quantile,default,,0.00023,0.00038,0.72238,0.0005,301.13,nan,1901.4,659970,1,0.00015,ok
ucr,241_UCR_Anomaly_taichidbS0715Master_250000_837400_839100,taichidbS0715Master,,chronos_small_resid,default,,0.0025,0.00268,0.71298,0.00305,9.37,nan,1593.6,650000,1,0.00262,ok
ucr,241_UCR_Anomaly_taichidbS0715Master_250000_837400_839100,taichidbS0715Master,,chronos_small_quantile,default,,0.00253,0.00271,0.65986,0.00129,9.37,nan,1593.6,650000,1,0.00262,ok
ucr,241_UCR_Anomaly_taichidbS0715Master_250000_837400_839100,taichidbS0715Master,,chronos_base_resid,default,,0.00253,0.00272,0.70419,0.00282,14.98,nan,1824.4,650000,1,0.00262,ok
ucr,241_UCR_Anomaly_taichidbS0715Master_250000_837400_839100,taichidbS0715Master,,chronos_base_quantile,default,,0.00253,0.00269,0.65939,0.00127,14.98,nan,1824.4,650000,1,0.00262,ok
ucr,241_UCR_Anomaly_taichidbS0715Master_250000_837400_839100,taichidbS0715Master,,timesfm_resid,default,,0.00216,0.00227,0.67661,0.00091,407.64,nan,1901.4,650000,1,0.00262,ok
ucr,241_UCR_Anomaly_taichidbS0715Master_250000_837400_839100,taichidbS0715Master,,timesfm_quantile,default,,0.0025,0.00264,0.67967,0.00137,407.64,nan,1901.4,650000,1,0.00262,ok
ucr,242_UCR_Anomaly_tilt12744mtable_100000_104630_104890,tilt12744mtable,,chronos_small_resid,default,,0.00215,0.00255,0.75805,0.00434,2.82,nan,1593.6,186667,1,0.0014,ok
ucr,242_UCR_Anomaly_tilt12744mtable_100000_104630_104890,tilt12744mtable,,chronos_small_quantile,default,,0.00159,0.00205,0.73131,0.00281,2.82,nan,1593.6,186667,1,0.0014,ok
ucr,242_UCR_Anomaly_tilt12744mtable_100000_104630_104890,tilt12744mtable,,chronos_base_resid,default,,0.00217,0.00261,0.75594,0.00301,4.43,nan,1824.4,186667,1,0.0014,ok
ucr,242_UCR_Anomaly_tilt12744mtable_100000_104630_104890,tilt12744mtable,,chronos_base_quantile,default,,0.00169,0.0021,0.75128,0.00267,4.43,nan,1824.4,186667,1,0.0014,ok
ucr,242_UCR_Anomaly_tilt12744mtable_100000_104630_104890,tilt12744mtable,,timesfm_resid,default,,0.00243,0.00286,0.68554,0.00481,86.6,nan,1901.4,186667,1,0.0014,ok
ucr,242_UCR_Anomaly_tilt12744mtable_100000_104630_104890,tilt12744mtable,,timesfm_quantile,default,,0.00259,0.00286,0.6763,0.00668,86.6,nan,1901.4,186667,1,0.0014,ok
ucr,243_UCR_Anomaly_tilt12744mtable_100000_203355_203400,tilt12744mtable,,chronos_small_resid,default,,0.00046,0.00067,0.65937,0.00093,2.37,nan,1593.6,150001,1,0.00031,ok
ucr,243_UCR_Anomaly_tilt12744mtable_100000_203355_203400,tilt12744mtable,,chronos_small_quantile,default,,0.00038,0.00049,0.68199,0.0007,2.37,nan,1593.6,150001,1,0.00031,ok
ucr,243_UCR_Anomaly_tilt12744mtable_100000_203355_203400,tilt12744mtable,,chronos_base_resid,default,,0.00035,0.00063,0.65363,0.00035,3.87,nan,1824.4,150001,1,0.00031,ok
ucr,243_UCR_Anomaly_tilt12744mtable_100000_203355_203400,tilt12744mtable,,chronos_base_quantile,default,,0.00031,0.00046,0.70539,0.0,3.87,nan,1824.4,150001,1,0.00031,ok
ucr,243_UCR_Anomaly_tilt12744mtable_100000_203355_203400,tilt12744mtable,,timesfm_resid,default,,0.00154,0.00173,0.80163,0.00434,69.74,nan,1901.4,150001,1,0.00031,ok
ucr,243_UCR_Anomaly_tilt12744mtable_100000_203355_203400,tilt12744mtable,,timesfm_quantile,default,,0.0003,0.00045,0.71994,2e-05,69.74,nan,1901.4,150001,1,0.00031,ok
ucr,244_UCR_Anomaly_tilt12754table_100013_104630_104890,tilt12754table,,chronos_small_resid,default,,0.00244,0.00271,0.81739,0.00466,3.17,nan,1593.6,200249,1,0.0013,ok
ucr,244_UCR_Anomaly_tilt12754table_100013_104630_104890,tilt12754table,,chronos_small_quantile,default,,0.00211,0.00233,0.7323,0.00471,3.17,nan,1593.6,200249,1,0.0013,ok
ucr,244_UCR_Anomaly_tilt12754table_100013_104630_104890,tilt12754table,,chronos_base_resid,default,,0.0029,0.00327,0.79541,0.00514,4.98,nan,1824.4,200249,1,0.0013,ok
ucr,244_UCR_Anomaly_tilt12754table_100013_104630_104890,tilt12754table,,chronos_base_quantile,default,,0.00302,0.00313,0.8181,0.00696,4.98,nan,1824.4,200249,1,0.0013,ok
ucr,244_UCR_Anomaly_tilt12754table_100013_104630_104890,tilt12754table,,timesfm_resid,default,,0.00541,0.00555,0.73386,0.013,86.44,nan,1901.4,200249,1,0.0013,ok
ucr,244_UCR_Anomaly_tilt12754table_100013_104630_104890,tilt12754table,,timesfm_quantile,default,,0.00408,0.00386,0.69055,0.01073,86.44,nan,1901.4,200249,1,0.0013,ok
ucr,245_UCR_Anomaly_tilt12754table_100211_270800_271070,tilt12754table,,chronos_small_resid,default,,0.00822,0.00792,0.63887,0.01951,3.26,nan,1593.6,198536,1,0.00136,ok
ucr,245_UCR_Anomaly_tilt12754table_100211_270800_271070,tilt12754table,,chronos_small_quantile,default,,0.00228,0.00257,0.67969,0.00558,3.26,nan,1593.6,198536,1,0.00136,ok
ucr,245_UCR_Anomaly_tilt12754table_100211_270800_271070,tilt12754table,,chronos_base_resid,default,,0.00884,0.00888,0.64737,0.02135,4.05,nan,1824.4,198536,1,0.00136,ok
ucr,245_UCR_Anomaly_tilt12754table_100211_270800_271070,tilt12754table,,chronos_base_quantile,default,,0.00279,0.00295,0.68397,0.00678,4.05,nan,1824.4,198536,1,0.00136,ok
ucr,245_UCR_Anomaly_tilt12754table_100211_270800_271070,tilt12754table,,timesfm_resid,default,,0.01205,0.01124,0.66112,0.03196,87.32,nan,1901.4,198536,1,0.00136,ok
ucr,245_UCR_Anomaly_tilt12754table_100211_270800_271070,tilt12754table,,timesfm_quantile,default,,0.00352,0.0031,0.67384,0.00926,87.32,nan,1901.4,198536,1,0.00136,ok
ucr,246_UCR_Anomaly_tilt12755mtable_100211_270800_271070,tilt12755mtable,,chronos_small_resid,default,,0.0025,0.00296,0.64325,0.00505,3.14,nan,1593.6,199656,1,0.00136,ok
ucr,246_UCR_Anomaly_tilt12755mtable_100211_270800_271070,tilt12755mtable,,chronos_small_quantile,default,,0.00307,0.00334,0.68878,0.0094,3.14,nan,1593.6,199656,1,0.00136,ok
ucr,246_UCR_Anomaly_tilt12755mtable_100211_270800_271070,tilt12755mtable,,chronos_base_resid,default,,0.00256,0.00307,0.64081,0.00464,5.01,nan,1824.4,199656,1,0.00136,ok
ucr,246_UCR_Anomaly_tilt12755mtable_100211_270800_271070,tilt12755mtable,,chronos_base_quantile,default,,0.00891,0.00675,0.70057,0.02573,5.01,nan,1824.4,199656,1,0.00136,ok
ucr,246_UCR_Anomaly_tilt12755mtable_100211_270800_271070,tilt12755mtable,,timesfm_resid,default,,0.00741,0.00781,0.65332,0.01703,68.82,nan,1901.4,199656,1,0.00136,ok
ucr,246_UCR_Anomaly_tilt12755mtable_100211_270800_271070,tilt12755mtable,,timesfm_quantile,default,,0.00472,0.00431,0.65935,0.01305,68.82,nan,1901.4,199656,1,0.00136,ok
ucr,247_UCR_Anomaly_tilt12755mtable_50211_121900_121980,tilt12755mtable,,chronos_small_resid,default,,0.00065,0.00098,0.80094,0.00095,1.96,nan,1593.6,149789,1,0.00054,ok
ucr,247_UCR_Anomaly_tilt12755mtable_50211_121900_121980,tilt12755mtable,,chronos_small_quantile,default,,0.00049,0.00074,0.70866,0.00013,1.96,nan,1593.6,149789,1,0.00054,ok
ucr,247_UCR_Anomaly_tilt12755mtable_50211_121900_121980,tilt12755mtable,,chronos_base_resid,default,,0.00084,0.00115,0.80235,0.00157,3.02,nan,1824.4,149789,1,0.00054,ok
ucr,247_UCR_Anomaly_tilt12755mtable_50211_121900_121980,tilt12755mtable,,chronos_base_quantile,default,,0.00049,0.00075,0.8746,0.00026,3.02,nan,1824.4,149789,1,0.00054,ok
ucr,247_UCR_Anomaly_tilt12755mtable_50211_121900_121980,tilt12755mtable,,timesfm_resid,default,,0.00253,0.00266,0.79862,0.00726,52.09,nan,1901.4,149789,1,0.00054,ok
ucr,247_UCR_Anomaly_tilt12755mtable_50211_121900_121980,tilt12755mtable,,timesfm_quantile,default,,0.00316,0.00391,0.74988,0.00933,52.09,nan,1901.4,149789,1,0.00054,ok
ucr,248_UCR_Anomaly_weallwalk_2000_4702_4707,weallwalk,,chronos_small_resid,default,,0.01266,0.00958,0.67358,0.02529,0.27,nan,1507.8,6432,1,0.00093,ok
ucr,248_UCR_Anomaly_weallwalk_2000_4702_4707,weallwalk,,chronos_small_quantile,default,,0.0012,0.00146,0.82695,0.00204,0.27,nan,1507.8,6432,1,0.00093,ok
ucr,248_UCR_Anomaly_weallwalk_2000_4702_4707,weallwalk,,chronos_base_resid,default,,0.0138,0.01114,0.67388,0.0291,0.32,nan,1599.1,6432,1,0.00093,ok
ucr,248_UCR_Anomaly_weallwalk_2000_4702_4707,weallwalk,,chronos_base_quantile,default,,0.00121,0.00138,0.81465,0.00157,0.32,nan,1599.1,6432,1,0.00093,ok
ucr,248_UCR_Anomaly_weallwalk_2000_4702_4707,weallwalk,,timesfm_resid,default,,0.00918,0.00956,0.67537,0.0232,2.78,nan,1901.4,6432,1,0.00093,ok
ucr,248_UCR_Anomaly_weallwalk_2000_4702_4707,weallwalk,,timesfm_quantile,default,,0.0045,0.00485,0.76384,0.01262,2.78,nan,1901.4,6432,1,0.00093,ok
ucr,249_UCR_Anomaly_weallwalk_2753_8285_8315,weallwalk,,chronos_small_resid,default,,0.00523,0.00813,0.69086,0.00914,0.16,nan,1517.7,7771,1,0.00399,ok
ucr,249_UCR_Anomaly_weallwalk_2753_8285_8315,weallwalk,,chronos_small_quantile,default,,0.00373,0.00565,0.88624,0.0037,0.16,nan,1517.7,7771,1,0.00399,ok
ucr,249_UCR_Anomaly_weallwalk_2753_8285_8315,weallwalk,,chronos_base_resid,default,,0.00491,0.0072,0.71823,0.00707,0.41,nan,1628.6,7771,1,0.00399,ok
ucr,249_UCR_Anomaly_weallwalk_2753_8285_8315,weallwalk,,chronos_base_quantile,default,,0.00377,0.00565,0.72221,0.00169,0.41,nan,1628.6,7771,1,0.00399,ok
ucr,249_UCR_Anomaly_weallwalk_2753_8285_8315,weallwalk,,timesfm_resid,default,,0.0046,0.00745,0.78132,0.00456,2.75,nan,1901.4,7771,1,0.00399,ok
ucr,249_UCR_Anomaly_weallwalk_2753_8285_8315,weallwalk,,timesfm_quantile,default,,0.00377,0.00593,0.89627,0.00195,2.75,nan,1901.4,7771,1,0.00399,ok
ucr,250_UCR_Anomaly_weallwalk_2951_7290_7296,weallwalk,,chronos_small_resid,default,,0.00384,0.00475,0.67942,0.00812,0.15,nan,1517.4,7517,1,0.00093,ok
ucr,250_UCR_Anomaly_weallwalk_2951_7290_7296,weallwalk,,chronos_small_quantile,default,,0.00238,0.0032,0.68326,0.00517,0.15,nan,1517.4,7517,1,0.00093,ok
ucr,250_UCR_Anomaly_weallwalk_2951_7290_7296,weallwalk,,chronos_base_resid,default,,0.00427,0.00531,0.6871,0.00897,0.38,nan,1621.8,7517,1,0.00093,ok
ucr,250_UCR_Anomaly_weallwalk_2951_7290_7296,weallwalk,,chronos_base_quantile,default,,0.003,0.00407,0.70735,0.00676,0.38,nan,1621.8,7517,1,0.00093,ok
ucr,250_UCR_Anomaly_weallwalk_2951_7290_7296,weallwalk,,timesfm_resid,default,,0.00671,0.00746,0.68525,0.016,2.79,nan,1901.4,7517,1,0.00093,ok
ucr,250_UCR_Anomaly_weallwalk_2951_7290_7296,weallwalk,,timesfm_quantile,default,,0.00196,0.00261,0.70128,0.00476,2.79,nan,1901.4,7517,1,0.00093,ok
nasa,P-1,smap,contextual,chronos_small_resid,default,,0.09195,0.12407,0.67478,0.09221,29.81,nan,249.5,8505,25,0.0883,ok
nasa,P-1,smap,contextual,chronos_small_quantile,default,,0.10039,0.13347,0.70305,0.15357,29.81,nan,249.5,8505,25,0.0883,ok
nasa,P-1,smap,contextual,chronos_base_resid,default,,0.09298,0.12365,0.68387,0.11022,4.28,nan,892.2,8505,25,0.0883,ok
nasa,P-1,smap,contextual,chronos_base_quantile,default,,0.08986,0.11734,0.67348,0.10087,4.28,nan,892.2,8505,25,0.0883,ok
nasa,P-1,smap,contextual,timesfm_resid,default,,0.09218,0.1252,0.71131,0.09587,42.1,nan,1894.7,8505,25,0.0883,ok
nasa,P-1,smap,contextual,timesfm_quantile,default,,0.09146,0.12345,0.69722,0.10527,42.1,nan,1894.7,8505,25,0.0883,ok
nasa,P-1,smap,contextual,tirex_resid,default,,0.09582,0.12677,0.68507,0.1473,120.38,nan,2025.3,8505,25,0.0883,ok
nasa,P-1,smap,contextual,tirex_quantile,default,,0.08717,0.11834,0.68218,0.09487,120.38,nan,2025.3,8505,25,0.0883,ok
nasa,P-1,smap,contextual,iforest,default,,0.08359,0.10954,0.5949,0.1214,1.78,nan,1585.6,8505,25,0.0883,ok
nasa,P-1,smap,contextual,iforest,tuned,"{'w': 50, 'n_estimators': 100}",0.08328,0.11014,0.63465,0.1125,1.36,5.65,0.0,8505,25,0.0883,ok
nasa,P-1,smap,contextual,lof,default,,0.10072,0.12927,0.59972,0.18554,1.3,nan,1585.6,8505,25,0.0883,ok
nasa,P-1,smap,contextual,lof,tuned,"{'w': 100, 'k': 30}",0.09396,0.12317,0.59756,0.17439,1.4,2.38,0.0,8505,25,0.0883,ok
nasa,P-1,smap,contextual,knn,default,,0.0919,0.11938,0.60057,0.17066,0.64,nan,1585.6,8505,25,0.0883,ok
nasa,P-1,smap,contextual,knn,tuned,"{'w': 50, 'k': 3}",0.09101,0.1178,0.78491,0.13086,1.87,1.78,0.0,8505,25,0.0883,ok
nasa,P-1,smap,contextual,ae,default,,0.15354,0.14927,0.63446,0.27189,2.38,nan,1773.2,8505,25,0.0883,ok
nasa,P-1,smap,contextual,ae,tuned,"{'w': 50, 'hidden': 32, 'latent': 16}",0.12911,0.13517,0.65344,0.20744,2.93,7.42,0.0,8505,25,0.0883,ok
nasa,E-2,smap,point,chronos_small_resid,default,,0.09945,0.10817,0.53137,0.01114,1.29,nan,1738.6,8532,25,0.16385,ok
nasa,E-2,smap,point,chronos_small_quantile,default,,0.13273,0.14349,0.62889,0.0487,1.29,nan,1738.6,8532,25,0.16385,ok
nasa,E-2,smap,point,chronos_base_resid,default,,0.10036,0.10971,0.53746,0.01688,2.83,nan,1970.5,8532,25,0.16385,ok
nasa,E-2,smap,point,chronos_base_quantile,default,,0.13556,0.14682,0.64055,0.04955,2.83,nan,1970.5,8532,25,0.16385,ok
nasa,E-2,smap,point,timesfm_resid,default,,0.10216,0.11121,0.53371,0.01597,42.28,nan,2046.7,8532,25,0.16385,ok
nasa,E-2,smap,point,timesfm_quantile,default,,0.14017,0.15072,0.60906,0.05556,42.28,nan,2046.7,8532,25,0.16385,ok
nasa,E-2,smap,point,tirex_resid,default,,0.1001,0.10906,0.53096,0.02,464.53,nan,2033.8,8532,25,0.16385,ok
nasa,E-2,smap,point,tirex_quantile,default,,0.14342,0.15345,0.6641,0.12307,464.53,nan,2033.8,8532,25,0.16385,ok
nasa,E-2,smap,point,iforest,default,,0.09801,0.10892,0.80524,0.00564,1.81,nan,1594.1,8532,25,0.16385,ok
nasa,E-2,smap,point,iforest,tuned,"{'w': 50, 'n_estimators': 200}",0.09881,0.10821,0.66716,0.0,4.44,12.45,0.0,8532,25,0.16385,ok
nasa,E-2,smap,point,lof,default,,0.09738,0.10877,0.80438,0.0008,2.57,nan,1594.1,8532,25,0.16385,ok
nasa,E-2,smap,point,lof,tuned,"{'w': 200, 'k': 10}",0.1195,0.12931,0.80591,0.00118,0.92,5.59,0.0,8532,25,0.16385,ok
nasa,E-2,smap,point,knn,default,,0.09004,0.10036,0.80524,0.00118,0.62,nan,1594.1,8532,25,0.16385,ok
nasa,E-2,smap,point,knn,tuned,"{'w': 50, 'k': 3}",0.09338,0.1033,0.67988,0.01759,1.69,1.9,0.0,8532,25,0.16385,ok
nasa,E-2,smap,point,ae,default,,0.14042,0.15996,0.91337,0.25,2.84,nan,1773.6,8532,25,0.16385,ok
nasa,E-2,smap,point,ae,tuned,"{'w': 50, 'hidden': 32, 'latent': 16}",0.13103,0.14738,0.91337,0.25,2.34,6.42,0.0,8532,25,0.16385,ok
nasa,E-5,smap,point,chronos_small_resid,default,,0.04728,0.05092,0.77568,0.21057,1.12,nan,1738.6,8294,25,0.0387,ok
nasa,E-5,smap,point,chronos_small_quantile,default,,0.04992,0.06149,0.65999,0.05869,1.12,nan,1738.6,8294,25,0.0387,ok
nasa,E-5,smap,point,chronos_base_resid,default,,0.04254,0.04992,0.82683,0.16452,1.76,nan,1970.5,8294,25,0.0387,ok
nasa,E-5,smap,point,chronos_base_quantile,default,,0.05126,0.06395,0.70053,0.05322,1.76,nan,1970.5,8294,25,0.0387,ok
nasa,E-5,smap,point,timesfm_resid,default,,0.04004,0.04882,0.66114,0.15985,32.91,nan,2046.7,8294,25,0.0387,ok
nasa,E-5,smap,point,timesfm_quantile,default,,0.03877,0.0538,0.67809,0.06804,32.91,nan,2046.7,8294,25,0.0387,ok
nasa,E-5,smap,point,tirex_resid,default,,0.0445,0.05165,0.81914,0.16474,63.84,nan,2033.8,8294,25,0.0387,ok
nasa,E-5,smap,point,tirex_quantile,default,,0.03905,0.0493,0.64994,0.03812,63.84,nan,2033.8,8294,25,0.0387,ok
nasa,E-5,smap,point,iforest,default,,0.0269,0.0555,0.64328,0.02365,1.89,nan,1594.1,8294,25,0.0387,ok
nasa,E-5,smap,point,iforest,tuned,"{'w': 50, 'n_estimators': 200}",0.09318,0.07625,0.98299,0.25,2.08,5.94,0.0,8294,25,0.0387,ok
nasa,E-5,smap,point,lof,default,,0.16814,0.23336,0.98243,0.30357,0.89,nan,1594.1,8294,25,0.0387,ok
nasa,E-5,smap,point,lof,tuned,"{'w': 200, 'k': 10}",0.12196,0.2464,0.97173,0.28112,1.13,2.2,0.0,8294,25,0.0387,ok
nasa,E-5,smap,point,knn,default,,0.1203,0.18087,0.98243,0.25,0.57,nan,1594.1,8294,25,0.0387,ok
nasa,E-5,smap,point,knn,tuned,"{'w': 50, 'k': 3}",0.15412,0.1473,0.98265,0.25,1.47,1.53,0.0,8294,25,0.0387,ok
nasa,E-5,smap,point,ae,default,,0.28778,0.33159,0.98242,0.44626,2.12,nan,1771.2,8294,25,0.0387,ok
nasa,E-5,smap,point,ae,tuned,"{'w': 200, 'hidden': 32, 'latent': 16}",0.42372,0.49052,0.98292,0.62163,3.05,7.73,0.0,8294,25,0.0387,ok
nasa,E-8,smap,point,chronos_small_resid,default,,0.07172,0.08273,0.60533,0.06831,1.69,nan,1738.6,8532,25,0.07302,ok
nasa,E-8,smap,point,chronos_small_quantile,default,,0.10134,0.11408,0.65689,0.11123,1.69,nan,1738.6,8532,25,0.07302,ok
nasa,E-8,smap,point,chronos_base_resid,default,,0.07218,0.08294,0.60673,0.06098,2.08,nan,1970.5,8532,25,0.07302,ok
nasa,E-8,smap,point,chronos_base_quantile,default,,0.0918,0.10291,0.66821,0.094,2.08,nan,1970.5,8532,25,0.07302,ok
nasa,S-1,smap,point,chronos_small_resid,default,,0.0448,0.05696,0.59337,0.02326,31.36,nan,249.5,7331,25,0.06111,ok
nasa,S-1,smap,point,chronos_small_quantile,default,,0.07437,0.08974,0.63225,0.09174,31.36,nan,249.5,7331,25,0.06111,ok
nasa,S-1,smap,point,chronos_base_resid,default,,0.04586,0.05874,0.66791,0.03409,3.75,nan,892.2,7331,25,0.06111,ok
nasa,S-1,smap,point,chronos_base_quantile,default,,0.05503,0.0668,0.62798,0.05249,3.75,nan,892.2,7331,25,0.06111,ok
nasa,S-1,smap,point,timesfm_resid,default,,0.04714,0.05988,0.59622,0.01637,38.24,nan,1894.7,7331,25,0.06111,ok
nasa,S-1,smap,point,timesfm_quantile,default,,0.05844,0.07214,0.6613,0.09115,38.24,nan,1894.7,7331,25,0.06111,ok
nasa,S-1,smap,point,tirex_resid,default,,0.04711,0.05886,0.67365,0.03409,102.38,nan,2025.3,7331,25,0.06111,ok
nasa,S-1,smap,point,tirex_quantile,default,,0.06094,0.07312,0.66873,0.06261,102.38,nan,2025.3,7331,25,0.06111,ok
nasa,S-1,smap,point,iforest,default,,0.03567,0.04849,0.5597,0.0061,1.68,nan,1585.6,7331,25,0.06111,ok
nasa,S-1,smap,point,iforest,tuned,"{'w': 50, 'n_estimators': 100}",0.03546,0.04727,0.83522,0.00838,1.18,4.9,0.0,7331,25,0.06111,ok
nasa,S-1,smap,point,lof,default,,0.03568,0.04785,0.56491,0.00688,1.23,nan,1585.6,7331,25,0.06111,ok
nasa,S-1,smap,point,lof,tuned,"{'w': 200, 'k': 10}",0.03489,0.04571,0.51901,0.0,0.69,2.55,0.0,7331,25,0.06111,ok
nasa,S-1,smap,point,knn,default,,0.0387,0.05124,0.55745,0.00552,0.55,nan,1585.6,7331,25,0.06111,ok
nasa,S-1,smap,point,knn,tuned,"{'w': 200, 'k': 1}",0.04121,0.05148,0.51608,0.0,0.53,1.38,0.0,7331,25,0.06111,ok
nasa,S-1,smap,point,ae,default,,0.04038,0.05387,0.56376,0.01292,2.21,nan,1761.3,7331,25,0.06111,ok
nasa,S-1,smap,point,ae,tuned,"{'w': 200, 'hidden': 32, 'latent': 16}",0.04796,0.0617,0.53825,0.01379,2.88,7.36,0.0,7331,25,0.06111,ok
nasa,E-3,smap,point,chronos_small_resid,default,,0.23963,0.24612,0.54146,0.06314,1.48,nan,1738.6,8307,25,0.38678,ok
nasa,E-3,smap,point,chronos_small_quantile,default,,0.31865,0.3257,0.61562,0.09564,1.48,nan,1738.6,8307,25,0.38678,ok
nasa,E-3,smap,point,chronos_base_resid,default,,0.24239,0.249,0.54057,0.06324,2.94,nan,1970.5,8307,25,0.38678,ok
nasa,E-3,smap,point,chronos_base_quantile,default,,0.32371,0.33001,0.63556,0.09313,2.94,nan,1970.5,8307,25,0.38678,ok
nasa,E-3,smap,point,timesfm_resid,default,,0.24173,0.24886,0.55321,0.07237,34.97,nan,2046.7,8307,25,0.38678,ok
nasa,E-3,smap,point,timesfm_quantile,default,,0.33378,0.33976,0.65222,0.24579,34.97,nan,2046.7,8307,25,0.38678,ok
nasa,E-3,smap,point,tirex_resid,default,,0.24252,0.24859,0.58254,0.08333,488.66,nan,2033.8,8307,25,0.38678,ok
nasa,E-3,smap,point,tirex_quantile,default,,0.33275,0.33851,0.71747,0.25583,488.66,nan,2033.8,8307,25,0.38678,ok
nasa,E-3,smap,point,iforest,default,,0.26638,0.27028,0.86871,0.25,1.79,nan,1594.1,8307,25,0.38678,ok
nasa,E-3,smap,point,iforest,tuned,"{'w': 50, 'n_estimators': 200}",0.26508,0.27113,0.88119,0.25,6.43,8.13,0.0,8307,25,0.38678,ok
nasa,E-3,smap,point,lof,default,,0.30637,0.31216,0.88665,0.25,1.23,nan,1594.1,8307,25,0.38678,ok
nasa,E-3,smap,point,lof,tuned,"{'w': 200, 'k': 10}",0.32831,0.33244,0.88675,0.25,2.05,8.83,0.0,8307,25,0.38678,ok
nasa,E-3,smap,point,knn,default,,0.30966,0.31511,0.88585,0.25,0.7,nan,1594.1,8307,25,0.38678,ok
nasa,E-3,smap,point,knn,tuned,"{'w': 50, 'k': 3}",0.27628,0.2854,0.88077,0.25,1.52,1.67,0.0,8307,25,0.38678,ok
nasa,E-3,smap,point,ae,default,,0.29713,0.30193,0.88899,0.25,2.77,nan,1771.3,8307,25,0.38678,ok
nasa,E-3,smap,point,ae,tuned,"{'w': 200, 'hidden': 32, 'latent': 16}",0.34955,0.35287,0.89601,0.25,2.26,6.94,0.0,8307,25,0.38678,ok
nasa,E-6,smap,point,chronos_small_resid,default,,0.03723,0.02681,0.65232,0.15929,0.92,nan,1738.6,8300,25,0.00795,ok
nasa,E-6,smap,point,chronos_small_quantile,default,,0.02043,0.02533,0.63778,0.05009,0.92,nan,1738.6,8300,25,0.00795,ok
nasa,E-6,smap,point,chronos_base_resid,default,,0.02259,0.02749,0.61587,0.05284,1.64,nan,1970.5,8300,25,0.00795,ok
nasa,E-6,smap,point,chronos_base_quantile,default,,0.01689,0.02285,0.65402,0.03253,1.64,nan,1970.5,8300,25,0.00795,ok
nasa,E-6,smap,point,timesfm_resid,default,,0.01889,0.02398,0.64798,0.03674,32.58,nan,2046.7,8300,25,0.00795,ok
nasa,E-6,smap,point,timesfm_quantile,default,,0.01369,0.01592,0.66742,0.02631,32.58,nan,2046.7,8300,25,0.00795,ok
nasa,E-6,smap,point,tirex_resid,default,,0.02663,0.02683,0.61762,0.06652,62.48,nan,2033.8,8300,25,0.00795,ok
nasa,E-6,smap,point,tirex_quantile,default,,0.01193,0.01501,0.65903,0.01722,62.48,nan,2033.8,8300,25,0.00795,ok
nasa,E-6,smap,point,iforest,default,,0.01509,0.0272,0.65109,0.03072,1.8,nan,1594.1,8300,25,0.00795,ok
nasa,E-6,smap,point,iforest,tuned,"{'w': 50, 'n_estimators': 200}",0.12076,0.11797,0.85078,0.27662,1.95,6.07,0.0,8300,25,0.00795,ok
nasa,E-6,smap,point,lof,default,,0.67718,0.65429,0.99711,0.76234,0.81,nan,1594.1,8300,25,0.00795,ok
nasa,E-6,smap,point,lof,tuned,"{'w': 200, 'k': 10}",0.49829,0.54768,0.99713,0.6721,1.04,2.19,0.0,8300,25,0.00795,ok
nasa,E-6,smap,point,knn,default,,0.49665,0.46047,0.99711,0.58763,0.64,nan,1594.1,8300,25,0.00795,ok
nasa,E-6,smap,point,knn,tuned,"{'w': 50, 'k': 3}",0.55301,0.47518,0.99737,0.60878,1.48,1.78,0.0,8300,25,0.00795,ok
nasa,E-6,smap,point,ae,default,,0.77898,0.78264,0.99755,0.83653,2.24,nan,1771.2,8300,25,0.00795,ok
nasa,E-6,smap,point,ae,tuned,"{'w': 200, 'hidden': 32, 'latent': 16}",0.75917,0.77931,0.99742,0.80661,3.06,7.55,0.0,8300,25,0.00795,ok
nasa,E-9,smap,point,chronos_small_resid,default,,0.04422,0.05585,0.60846,0.05368,1.38,nan,1738.6,8302,25,0.04228,ok
nasa,E-9,smap,point,chronos_small_quantile,default,,0.0511,0.06284,0.63775,0.05243,1.38,nan,1738.6,8302,25,0.04228,ok
nasa,E-9,smap,point,chronos_base_resid,default,,0.04521,0.05513,0.60095,0.06863,2.6,nan,1970.5,8302,25,0.04228,ok
nasa,E-9,smap,point,chronos_base_quantile,default,,0.04233,0.05338,0.64426,0.03766,2.6,nan,1970.5,8302,25,0.04228,ok
nasa,E-1,smap,contextual,chronos_small_resid,default,,0.05744,0.08218,0.79248,0.10917,30.86,nan,249.5,8516,25,0.05965,ok
nasa,E-1,smap,contextual,chronos_small_quantile,default,,0.0726,0.09656,0.75131,0.12675,30.86,nan,249.5,8516,25,0.05965,ok
nasa,E-1,smap,contextual,chronos_base_resid,default,,0.06212,0.08883,0.75724,0.13722,4.4,nan,892.2,8516,25,0.05965,ok
nasa,E-1,smap,contextual,chronos_base_quantile,default,,0.07106,0.10031,0.75907,0.12584,4.4,nan,892.2,8516,25,0.05965,ok
nasa,E-1,smap,contextual,timesfm_resid,default,,0.05529,0.08048,0.7553,0.12195,51.46,nan,1894.7,8516,25,0.05965,ok
nasa,E-1,smap,contextual,timesfm_quantile,default,,0.06743,0.08847,0.81296,0.13796,51.46,nan,1894.7,8516,25,0.05965,ok
nasa,E-1,smap,contextual,tirex_resid,default,,0.06167,0.08902,0.7545,0.10943,105.25,nan,2025.3,8516,25,0.05965,ok
nasa,E-1,smap,contextual,tirex_quantile,default,,0.06459,0.08595,0.77141,0.06692,105.25,nan,2025.3,8516,25,0.05965,ok
nasa,E-1,smap,contextual,iforest,default,,0.04068,0.06676,0.75313,0.04173,1.85,nan,1585.6,8516,25,0.05965,ok
nasa,E-1,smap,contextual,iforest,tuned,"{'w': 50, 'n_estimators': 100}",0.05166,0.07419,0.80722,0.19252,1.52,6.04,0.0,8516,25,0.05965,ok
nasa,E-1,smap,contextual,lof,default,,0.49566,0.43937,0.79574,0.46648,1.59,nan,1585.6,8516,25,0.05965,ok
nasa,E-1,smap,contextual,lof,tuned,"{'w': 200, 'k': 10}",0.55378,0.49953,0.83065,0.48804,1.37,2.27,0.0,8516,25,0.05965,ok
nasa,E-1,smap,contextual,knn,default,,0.52611,0.4758,0.8159,0.59159,0.65,nan,1585.6,8516,25,0.05965,ok
nasa,E-1,smap,contextual,knn,tuned,"{'w': 50, 'k': 3}",0.5769,0.50222,0.98851,0.84537,1.5,1.63,0.0,8516,25,0.05965,ok
nasa,E-1,smap,contextual,ae,default,,0.10835,0.15424,0.75026,0.1949,2.15,nan,1773.4,8516,25,0.05965,ok
nasa,E-1,smap,contextual,ae,tuned,"{'w': 200, 'hidden': 32, 'latent': 16}",0.1255,0.19143,0.76025,0.23459,3.12,7.32,0.0,8516,25,0.05965,ok
nasa,E-4,smap,point,chronos_small_resid,default,,0.19966,0.20711,0.7896,0.22222,1.31,nan,1738.6,8354,25,0.33661,ok
nasa,E-4,smap,point,chronos_small_quantile,default,,0.27252,0.28272,0.6409,0.08428,1.31,nan,1738.6,8354,25,0.33661,ok
nasa,E-4,smap,point,chronos_base_resid,default,,0.19799,0.20626,0.50676,0.03597,2.76,nan,1970.5,8354,25,0.33661,ok
nasa,E-4,smap,point,chronos_base_quantile,default,,0.27621,0.28707,0.65003,0.08205,2.76,nan,1970.5,8354,25,0.33661,ok
nasa,E-4,smap,point,timesfm_resid,default,,0.1969,0.20651,0.52356,0.04514,40.87,nan,2046.7,8354,25,0.33661,ok
nasa,E-4,smap,point,timesfm_quantile,default,,0.29486,0.30514,0.63041,0.14925,40.87,nan,2046.7,8354,25,0.33661,ok
nasa,E-4,smap,point,tirex_resid,default,,0.19757,0.20705,0.5367,0.08333,471.47,nan,2033.8,8354,25,0.33661,ok
nasa,E-4,smap,point,tirex_quantile,default,,0.28808,0.2997,0.70261,0.22188,471.47,nan,2033.8,8354,25,0.33661,ok
nasa,E-4,smap,point,iforest,default,,0.21649,0.23057,0.85365,0.25,4.63,nan,1594.1,8354,25,0.33661,ok
nasa,E-4,smap,point,iforest,tuned,"{'w': 50, 'n_estimators': 200}",0.20691,0.22081,0.79765,0.18667,2.3,13.23,0.0,8354,25,0.33661,ok
nasa,E-4,smap,point,lof,default,,0.25845,0.27219,0.87318,0.25,1.03,nan,1594.1,8354,25,0.33661,ok
nasa,E-4,smap,point,lof,tuned,"{'w': 200, 'k': 10}",0.36964,0.37776,0.87306,0.25,0.78,2.59,0.0,8354,25,0.33661,ok
nasa,E-4,smap,point,knn,default,,0.24677,0.25922,0.87298,0.25,0.45,nan,1594.1,8354,25,0.33661,ok
nasa,E-4,smap,point,knn,tuned,"{'w': 50, 'k': 3}",0.2215,0.23157,0.87053,0.25,1.2,1.3,0.0,8354,25,0.33661,ok
nasa,E-4,smap,point,ae,default,,0.25365,0.26229,0.87879,0.25,1.49,nan,1771.8,8354,25,0.33661,ok
nasa,E-4,smap,point,ae,tuned,"{'w': 200, 'hidden': 32, 'latent': 16}",0.30537,0.31498,0.88589,0.25,2.35,5.46,0.0,8354,25,0.33661,ok
nasa,E-7,smap,point,chronos_small_resid,default,,0.03459,0.04812,0.79261,0.03203,0.97,nan,1738.6,8310,25,0.03381,ok
nasa,E-7,smap,point,chronos_small_quantile,default,,0.04359,0.05227,0.62174,0.08363,0.97,nan,1738.6,8310,25,0.03381,ok
nasa,E-7,smap,point,chronos_base_resid,default,,0.03775,0.05153,0.61856,0.03448,2.68,nan,1970.5,8310,25,0.03381,ok
nasa,E-7,smap,point,chronos_base_quantile,default,,0.03716,0.04768,0.6121,0.04282,2.68,nan,1970.5,8310,25,0.03381,ok
nasa,E-7,smap,point,timesfm_resid,default,,0.03329,0.04671,0.5961,0.03585,33.64,nan,2046.7,8310,25,0.03381,ok
nasa,E-7,smap,point,timesfm_quantile,default,,0.03615,0.05086,0.64164,0.04866,33.64,nan,2046.7,8310,25,0.03381,ok
nasa,E-7,smap,point,tirex_resid,default,,0.0394,0.05236,0.59864,0.03812,73.83,nan,2033.8,8310,25,0.03381,ok
nasa,E-7,smap,point,tirex_quantile,default,,0.04766,0.06062,0.68957,0.10023,73.83,nan,2033.8,8310,25,0.03381,ok
nasa,E-7,smap,point,iforest,default,,0.02662,0.05358,0.94232,0.00578,2.09,nan,1594.1,8310,25,0.03381,ok
nasa,E-7,smap,point,iforest,tuned,"{'w': 50, 'n_estimators': 200}",0.02682,0.03971,0.83857,0.00141,2.04,5.91,0.0,8310,25,0.03381,ok
nasa,E-7,smap,point,lof,default,,0.02097,0.04545,0.9424,0.00608,0.79,nan,1594.1,8310,25,0.03381,ok
nasa,E-7,smap,point,lof,tuned,"{'w': 200, 'k': 10}",0.02108,0.04149,0.63634,0.00547,0.94,2.22,0.0,8310,25,0.03381,ok
nasa,E-7,smap,point,knn,default,,0.02651,0.05728,0.94312,0.00677,0.59,nan,1594.1,8310,25,0.03381,ok
nasa,E-7,smap,point,knn,tuned,"{'w': 200, 'k': 1}",0.02748,0.0515,0.94212,0.00688,0.76,1.86,0.0,8310,25,0.03381,ok
nasa,E-7,smap,point,ae,default,,0.43541,0.38749,0.99152,0.61592,2.03,nan,1770.9,8310,25,0.03381,ok
nasa,E-7,smap,point,ae,tuned,"{'w': 50, 'hidden': 32, 'latent': 16}",0.43558,0.35514,0.98783,0.67624,13.02,8.67,0.0,8310,25,0.03381,ok
nasa,E-10,smap,contextual,chronos_small_resid,default,,0.04154,0.06134,0.82624,0.1083,335.56,nan,1738.6,8505,25,0.03786,ok
nasa,E-10,smap,contextual,chronos_small_quantile,default,,0.05848,0.08098,0.78874,0.10128,335.56,nan,1738.6,8505,25,0.03786,ok
nasa,E-10,smap,contextual,chronos_base_resid,default,,0.04968,0.07202,0.83136,0.11779,385.43,nan,1970.5,8505,25,0.03786,ok
nasa,E-10,smap,contextual,chronos_base_quantile,default,,0.05549,0.08247,0.79755,0.08406,385.43,nan,1970.5,8505,25,0.03786,ok
