detectors=['iforest', 'lof', 'knn', 'ae']
tiers=['default', 'tuned']
datasets=['nasa', 'psm', 'smd', 'ucr']
shard=0/2
out=F:\CS\Paper\that\results\full_results_cpu0.csv
already done: 1089 keys
[smd] machine-3-5                        lof                      tuned    vus=0.16379 affil=0.7137 (81.06s)
[smd] machine-3-5                        knn                      default  vus=0.23651 affil=0.77785 (19.44s)
[smd] machine-3-5                        knn                      tuned    vus=0.23781 affil=0.77729 (22.34s)
[smd] machine-3-5                        ae                       default  vus=0.40265 affil=0.69961 (28.43s)
[smd] machine-3-5                        ae                       tuned    vus=0.39918 affil=0.71313 (22.33s)
[smd] machine-3-7                        iforest                  default  vus=0.26909 affil=0.75328 (4.79s)
[smd] machine-3-7                        iforest                  tuned    vus=0.34928 affil=0.69157 (6.64s)
[smd] machine-3-7                        lof                      default  vus=0.26883 affil=0.73694 (29.06s)
[smd] machine-3-7                        lof                      tuned    vus=0.70486 affil=0.94827 (44.38s)
[smd] machine-3-7                        knn                      default  vus=0.73876 affil=0.99388 (30.86s)
[smd] machine-3-7                        knn                      tuned    vus=0.73306 affil=0.99377 (28.77s)
[smd] machine-3-7                        ae                       default  vus=0.61522 affil=0.93512 (21.3s)
[smd] machine-3-7                        ae                       tuned    vus=0.6133 affil=0.93497 (15.11s)
[smd] machine-3-9                        iforest                  default  vus=0.25826 affil=0.46855 (4.67s)
[smd] machine-3-9                        iforest                  tuned    vus=0.2254 affil=0.473 (6.4s)
[smd] machine-3-9                        lof                      default  vus=0.32813 affil=0.71121 (29.22s)
[smd] machine-3-9                        lof                      tuned    vus=0.32813 affil=0.71121 (31.87s)
[smd] machine-3-9                        knn                      default  vus=0.31276 affil=0.72284 (31.34s)
[smd] machine-3-9                        knn                      tuned    vus=0.31276 affil=0.72284 (29.55s)
[smd] machine-3-9                        ae                       default  vus=0.64286 affil=0.9014 (22.58s)
[smd] machine-3-9                        ae                       tuned    vus=0.50366 affil=0.84837 (15.86s)
[ucr] 002_UCR_Anomaly_DISTORTED2sddb40_3 iforest                  default  vus=0.00611 affil=0.62515 (3.56s)
[ucr] 002_UCR_Anomaly_DISTORTED2sddb40_3 iforest                  tuned    vus=0.00611 affil=0.62515 (5.34s)
[ucr] 002_UCR_Anomaly_DISTORTED2sddb40_3 lof                      default  vus=0.01804 affil=0.64535 (3.01s)
[ucr] 002_UCR_Anomaly_DISTORTED2sddb40_3 lof                      tuned    vus=0.02006 affil=0.67077 (3.16s)
[ucr] 002_UCR_Anomaly_DISTORTED2sddb40_3 knn                      default  vus=0.01038 affil=0.64946 (2.15s)
[ucr] 002_UCR_Anomaly_DISTORTED2sddb40_3 knn                      tuned    vus=0.02588 affil=0.66403 (2.75s)
[ucr] 002_UCR_Anomaly_DISTORTED2sddb40_3 ae                       default  vus=0.00863 affil=0.66057 (14.26s)
[ucr] 002_UCR_Anomaly_DISTORTED2sddb40_3 ae                       tuned    vus=0.01047 affil=0.67835 (11.76s)
[ucr] 004_UCR_Anomaly_DISTORTEDBIDMC1_25 iforest                  default  vus=0.50065 affil=0.9966 (1.47s)
[ucr] 004_UCR_Anomaly_DISTORTEDBIDMC1_25 lof                      default  vus=0.75152 affil=0.99821 (0.23s)
[ucr] 004_UCR_Anomaly_DISTORTEDBIDMC1_25 knn                      default  vus=0.74443 affil=0.99844 (0.15s)
[ucr] 004_UCR_Anomaly_DISTORTEDBIDMC1_25 ae                       default  vus=0.73317 affil=0.99816 (1.33s)
[ucr] 006_UCR_Anomaly_DISTORTEDCIMIS44Ai iforest                  default  vus=0.02115 affil=0.76813 (1.23s)
[ucr] 006_UCR_Anomaly_DISTORTEDCIMIS44Ai iforest                  tuned    vus=0.02294 affil=0.77795 (1.47s)
[ucr] 006_UCR_Anomaly_DISTORTEDCIMIS44Ai lof                      default  vus=0.04788 affil=0.83676 (0.19s)
[ucr] 006_UCR_Anomaly_DISTORTEDCIMIS44Ai lof                      tuned    vus=0.04788 affil=0.83676 (0.44s)
[ucr] 006_UCR_Anomaly_DISTORTEDCIMIS44Ai knn                      default  vus=0.42329 affil=0.99894 (0.09s)
[ucr] 006_UCR_Anomaly_DISTORTEDCIMIS44Ai knn                      tuned    vus=0.88688 affil=0.99884 (0.39s)
[ucr] 006_UCR_Anomaly_DISTORTEDCIMIS44Ai ae                       default  vus=0.89454 affil=0.99884 (1.98s)
[ucr] 006_UCR_Anomaly_DISTORTEDCIMIS44Ai ae                       tuned    vus=0.89952 affil=0.99884 (1.93s)
[ucr] 008_UCR_Anomaly_DISTORTEDCIMIS44Ai iforest                  default  vus=0.03305 affil=0.76604 (1.28s)
[ucr] 008_UCR_Anomaly_DISTORTEDCIMIS44Ai iforest                  tuned    vus=0.04983 affil=0.80461 (1.51s)
[ucr] 008_UCR_Anomaly_DISTORTEDCIMIS44Ai lof                      default  vus=0.05536 affil=0.82603 (0.19s)
[ucr] 008_UCR_Anomaly_DISTORTEDCIMIS44Ai lof                      tuned    vus=0.05536 affil=0.82603 (0.42s)
[ucr] 008_UCR_Anomaly_DISTORTEDCIMIS44Ai knn                      default  vus=0.07104 affil=0.84449 (0.09s)
[ucr] 008_UCR_Anomaly_DISTORTEDCIMIS44Ai knn                      tuned    vus=0.12202 affil=0.85682 (0.37s)
[ucr] 008_UCR_Anomaly_DISTORTEDCIMIS44Ai ae                       default  vus=0.30912 affil=0.92249 (1.67s)
[ucr] 008_UCR_Anomaly_DISTORTEDCIMIS44Ai ae                       tuned    vus=0.117 affil=0.85321 (1.91s)
[ucr] 010_UCR_Anomaly_DISTORTEDCIMIS44Ai iforest                  default  vus=0.03282 affil=0.76514 (1.26s)
[ucr] 010_UCR_Anomaly_DISTORTEDCIMIS44Ai iforest                  tuned    vus=0.02568 affil=0.73286 (1.49s)
[ucr] 010_UCR_Anomaly_DISTORTEDCIMIS44Ai lof                      default  vus=0.20093 affil=0.82955 (0.18s)
[ucr] 010_UCR_Anomaly_DISTORTEDCIMIS44Ai lof                      tuned    vus=0.66531 affil=0.9957 (0.5s)
[ucr] 010_UCR_Anomaly_DISTORTEDCIMIS44Ai knn                      default  vus=0.63727 affil=0.99566 (0.09s)
[ucr] 010_UCR_Anomaly_DISTORTEDCIMIS44Ai knn                      tuned    vus=0.67588 affil=0.99674 (0.37s)
[ucr] 010_UCR_Anomaly_DISTORTEDCIMIS44Ai ae                       default  vus=0.82646 affil=0.99661 (1.7s)
[ucr] 010_UCR_Anomaly_DISTORTEDCIMIS44Ai ae                       tuned    vus=0.77513 affil=0.99602 (3.01s)
[ucr] 012_UCR_Anomaly_DISTORTEDECG2_1500 iforest                  default  vus=0.0545 affil=0.75177 (1.84s)
[ucr] 012_UCR_Anomaly_DISTORTEDECG2_1500 iforest                  tuned    vus=0.0545 affil=0.75177 (2.98s)
[ucr] 012_UCR_Anomaly_DISTORTEDECG2_1500 lof                      default  vus=0.07976 affil=0.79178 (0.75s)
[ucr] 012_UCR_Anomaly_DISTORTEDECG2_1500 lof                      tuned    vus=0.07976 affil=0.79178 (1.41s)
[ucr] 012_UCR_Anomaly_DISTORTEDECG2_1500 knn                      default  vus=0.11518 affil=0.81197 (0.47s)
[ucr] 012_UCR_Anomaly_DISTORTEDECG2_1500 knn                      tuned    vus=0.15212 affil=0.83746 (1.0s)
[ucr] 012_UCR_Anomaly_DISTORTEDECG2_1500 ae                       default  vus=0.09507 affil=0.79489 (5.87s)
[ucr] 012_UCR_Anomaly_DISTORTEDECG2_1500 ae                       tuned    vus=0.08412 affil=0.78798 (6.42s)
[ucr] 014_UCR_Anomaly_DISTORTEDECG3_8000 iforest                  default  vus=0.00495 affil=0.73185 (2.2s)
[ucr] 014_UCR_Anomaly_DISTORTEDECG3_8000 iforest                  tuned    vus=0.00495 affil=0.73185 (3.13s)
[ucr] 014_UCR_Anomaly_DISTORTEDECG3_8000 lof                      default  vus=0.64239 affil=0.99874 (0.67s)
[ucr] 014_UCR_Anomaly_DISTORTEDECG3_8000 lof                      tuned    vus=0.34065 affil=0.99868 (1.96s)
[ucr] 014_UCR_Anomaly_DISTORTEDECG3_8000 knn                      default  vus=0.27417 affil=0.99874 (0.51s)
[ucr] 014_UCR_Anomaly_DISTORTEDECG3_8000 knn                      tuned    vus=0.2273 affil=0.99876 (1.66s)
[ucr] 014_UCR_Anomaly_DISTORTEDECG3_8000 ae                       default  vus=0.09116 affil=0.68669 (3.84s)
[ucr] 014_UCR_Anomaly_DISTORTEDECG3_8000 ae                       tuned    vus=0.27963 affil=0.99876 (7.76s)
[ucr] 016_UCR_Anomaly_DISTORTEDECG4_5000 iforest                  default  vus=0.01107 affil=0.83936 (2.39s)
[ucr] 016_UCR_Anomaly_DISTORTEDECG4_5000 iforest                  tuned    vus=0.01107 affil=0.83936 (3.54s)
[ucr] 016_UCR_Anomaly_DISTORTEDECG4_5000 lof                      default  vus=0.82621 affil=0.99932 (0.63s)
[ucr] 016_UCR_Anomaly_DISTORTEDECG4_5000 lof                      tuned    vus=0.62631 affil=0.99809 (1.9s)
[ucr] 016_UCR_Anomaly_DISTORTEDECG4_5000 knn                      default  vus=0.81148 affil=0.99908 (0.45s)
[ucr] 016_UCR_Anomaly_DISTORTEDECG4_5000 knn                      tuned    vus=0.81789 affil=0.99913 (1.37s)
[ucr] 016_UCR_Anomaly_DISTORTEDECG4_5000 ae                       default  vus=0.74692 affil=0.99875 (3.0s)
[ucr] 016_UCR_Anomaly_DISTORTEDECG4_5000 ae                       tuned    vus=0.40318 affil=0.99811 (5.54s)
[ucr] 018_UCR_Anomaly_DISTORTEDECG4_8000 iforest                  default  vus=0.005 affil=0.74149 (2.37s)
[ucr] 018_UCR_Anomaly_DISTORTEDECG4_8000 iforest                  tuned    vus=0.005 affil=0.74149 (2.93s)
[ucr] 018_UCR_Anomaly_DISTORTEDECG4_8000 lof                      default  vus=0.73193 affil=0.99879 (0.65s)
[ucr] 018_UCR_Anomaly_DISTORTEDECG4_8000 lof                      tuned    vus=0.81288 affil=0.99884 (1.21s)
[ucr] 018_UCR_Anomaly_DISTORTEDECG4_8000 knn                      default  vus=0.46834 affil=0.99879 (0.47s)
[ucr] 018_UCR_Anomaly_DISTORTEDECG4_8000 knn                      tuned    vus=0.26089 affil=0.99873 (1.7s)
[ucr] 018_UCR_Anomaly_DISTORTEDECG4_8000 ae                       default  vus=0.00916 affil=0.72719 (4.03s)
[ucr] 018_UCR_Anomaly_DISTORTEDECG4_8000 ae                       tuned    vus=0.23518 affil=0.99868 (8.5s)
[ucr] 020_UCR_Anomaly_DISTORTEDGP711Mark iforest                  default  vus=0.19946 affil=0.98906 (1.52s)
[ucr] 020_UCR_Anomaly_DISTORTEDGP711Mark iforest                  tuned    vus=0.04888 affil=0.66899 (1.81s)
[ucr] 020_UCR_Anomaly_DISTORTEDGP711Mark lof                      default  vus=0.88992 affil=0.99812 (0.26s)
[ucr] 020_UCR_Anomaly_DISTORTEDGP711Mark lof                      tuned    vus=0.44749 affil=0.99241 (0.7s)
[ucr] 020_UCR_Anomaly_DISTORTEDGP711Mark knn                      default  vus=0.67747 affil=0.99596 (0.14s)
[ucr] 020_UCR_Anomaly_DISTORTEDGP711Mark knn                      tuned    vus=0.37424 affil=0.99241 (0.72s)
[ucr] 020_UCR_Anomaly_DISTORTEDGP711Mark ae                       default  vus=0.64083 affil=0.99221 (2.06s)
[ucr] 020_UCR_Anomaly_DISTORTEDGP711Mark ae                       tuned    vus=0.69044 affil=0.9931 (2.43s)
[ucr] 022_UCR_Anomaly_DISTORTEDGP711Mark iforest                  default  vus=0.35118 affil=0.99619 (1.52s)
[ucr] 022_UCR_Anomaly_DISTORTEDGP711Mark iforest                  tuned    vus=0.08607 affil=0.70886 (1.21s)
[ucr] 022_UCR_Anomaly_DISTORTEDGP711Mark lof                      default  vus=0.92352 affil=0.99898 (0.27s)
[ucr] 022_UCR_Anomaly_DISTORTEDGP711Mark lof                      tuned    vus=0.41117 affil=0.93731 (0.7s)
[ucr] 022_UCR_Anomaly_DISTORTEDGP711Mark knn                      default  vus=0.8976 affil=0.99941 (0.17s)
[ucr] 022_UCR_Anomaly_DISTORTEDGP711Mark knn                      tuned    vus=0.8976 affil=0.99941 (0.6s)
[ucr] 022_UCR_Anomaly_DISTORTEDGP711Mark ae                       default  vus=0.91963 affil=0.99934 (2.35s)
[ucr] 022_UCR_Anomaly_DISTORTEDGP711Mark ae                       tuned    vus=0.89006 affil=0.99941 (2.33s)
[ucr] 024_UCR_Anomaly_DISTORTEDInternalB iforest                  default  vus=0.01306 affil=0.65987 (1.31s)
[ucr] 024_UCR_Anomaly_DISTORTEDInternalB iforest                  tuned    vus=0.00841 affil=0.67449 (1.58s)
[ucr] 024_UCR_Anomaly_DISTORTEDInternalB lof                      default  vus=0.02884 affil=0.64492 (0.17s)
[ucr] 024_UCR_Anomaly_DISTORTEDInternalB lof                      tuned    vus=0.08822 affil=0.75024 (0.45s)
[ucr] 024_UCR_Anomaly_DISTORTEDInternalB knn                      default  vus=0.23339 affil=0.75514 (0.09s)
[ucr] 024_UCR_Anomaly_DISTORTEDInternalB knn                      tuned    vus=0.23338 affil=0.74711 (0.38s)
[ucr] 024_UCR_Anomaly_DISTORTEDInternalB ae                       default  vus=0.02664 affil=0.65979 (1.41s)
[ucr] 024_UCR_Anomaly_DISTORTEDInternalB ae                       tuned    vus=0.03408 affil=0.70442 (3.13s)
[ucr] 026_UCR_Anomaly_DISTORTEDInternalB iforest                  default  vus=0.09271 affil=0.86701 (1.41s)
[ucr] 026_UCR_Anomaly_DISTORTEDInternalB lof                      default  vus=0.22009 affil=0.9713 (0.17s)
[ucr] 026_UCR_Anomaly_DISTORTEDInternalB knn                      default  vus=0.75339 affil=0.99858 (0.11s)
[ucr] 026_UCR_Anomaly_DISTORTEDInternalB ae                       default  vus=0.0515 affil=0.87045 (1.06s)
[ucr] 028_UCR_Anomaly_DISTORTEDInternalB iforest                  default  vus=0.02917 affil=0.76421 (1.4s)
[ucr] 028_UCR_Anomaly_DISTORTEDInternalB lof                      default  vus=0.0238 affil=0.76626 (0.16s)
[ucr] 028_UCR_Anomaly_DISTORTEDInternalB knn                      default  vus=0.39344 affil=0.99547 (0.11s)
[ucr] 028_UCR_Anomaly_DISTORTEDInternalB ae                       default  vus=0.14238 affil=0.88713 (1.06s)
[ucr] 030_UCR_Anomaly_DISTORTEDInternalB iforest                  default  vus=0.01451 affil=0.67633 (1.37s)
[ucr] 030_UCR_Anomaly_DISTORTEDInternalB iforest                  tuned    vus=0.0112 affil=0.68345 (1.58s)
[ucr] 030_UCR_Anomaly_DISTORTEDInternalB lof                      default  vus=0.06212 affil=0.65118 (0.16s)
[ucr] 030_UCR_Anomaly_DISTORTEDInternalB lof                      tuned    vus=0.69253 affil=0.99966 (0.55s)
[ucr] 030_UCR_Anomaly_DISTORTEDInternalB knn                      default  vus=0.59562 affil=0.99902 (0.09s)
[ucr] 030_UCR_Anomaly_DISTORTEDInternalB knn                      tuned    vus=0.21533 affil=0.85828 (0.35s)
[ucr] 030_UCR_Anomaly_DISTORTEDInternalB ae                       default  vus=0.09741 affil=0.71386 (1.36s)
[ucr] 030_UCR_Anomaly_DISTORTEDInternalB ae                       tuned    vus=0.04709 affil=0.65722 (1.67s)
[ucr] 032_UCR_Anomaly_DISTORTEDInternalB iforest                  default  vus=0.5355 affil=0.99235 (1.32s)
[ucr] 032_UCR_Anomaly_DISTORTEDInternalB lof                      default  vus=0.56863 affil=0.99276 (0.14s)
[ucr] 032_UCR_Anomaly_DISTORTEDInternalB knn                      default  vus=0.62588 affil=0.99246 (0.11s)
[ucr] 032_UCR_Anomaly_DISTORTEDInternalB ae                       default  vus=0.63665 affil=0.99325 (0.77s)
[ucr] 034_UCR_Anomaly_DISTORTEDInternalB iforest                  default  vus=0.56325 affil=0.99709 (1.38s)
[ucr] 034_UCR_Anomaly_DISTORTEDInternalB lof                      default  vus=0.70637 affil=0.9992 (0.18s)
[ucr] 034_UCR_Anomaly_DISTORTEDInternalB knn                      default  vus=0.87082 affil=0.99936 (0.11s)
[ucr] 034_UCR_Anomaly_DISTORTEDInternalB ae                       default  vus=0.70207 affil=0.99933 (1.07s)
[ucr] 036_UCR_Anomaly_DISTORTEDInternalB iforest                  default  vus=0.02149 affil=0.691 (1.26s)
[ucr] 036_UCR_Anomaly_DISTORTEDInternalB iforest                  tuned    vus=0.02399 affil=0.66284 (0.89s)
[ucr] 036_UCR_Anomaly_DISTORTEDInternalB lof                      default  vus=0.02199 affil=0.7156 (0.17s)
[ucr] 036_UCR_Anomaly_DISTORTEDInternalB lof                      tuned    vus=0.02261 affil=0.6911 (0.4s)
[ucr] 036_UCR_Anomaly_DISTORTEDInternalB knn                      default  vus=0.02593 affil=0.80641 (0.06s)
[ucr] 036_UCR_Anomaly_DISTORTEDInternalB knn                      tuned    vus=0.03064 affil=0.72495 (0.35s)
[ucr] 036_UCR_Anomaly_DISTORTEDInternalB ae                       default  vus=0.02108 affil=0.63482 (2.06s)
[ucr] 036_UCR_Anomaly_DISTORTEDInternalB ae                       tuned    vus=0.02082 affil=0.63458 (1.35s)
[ucr] 038_UCR_Anomaly_DISTORTEDLab2Cmac0 iforest                  default  vus=0.00835 affil=0.71795 (2.67s)
[ucr] 038_UCR_Anomaly_DISTORTEDLab2Cmac0 iforest                  tuned    vus=0.01634 affil=0.70955 (3.26s)
[ucr] 038_UCR_Anomaly_DISTORTEDLab2Cmac0 lof                      default  vus=0.00708 affil=0.73133 (0.7s)
[ucr] 038_UCR_Anomaly_DISTORTEDLab2Cmac0 lof                      tuned    vus=0.07778 affil=0.84747 (2.01s)
[ucr] 038_UCR_Anomaly_DISTORTEDLab2Cmac0 knn                      default  vus=0.01788 affil=0.84561 (0.53s)
[ucr] 038_UCR_Anomaly_DISTORTEDLab2Cmac0 knn                      tuned    vus=0.15296 affil=0.84747 (1.69s)
[ucr] 038_UCR_Anomaly_DISTORTEDLab2Cmac0 ae                       default  vus=0.00612 affil=0.69626 (3.16s)
[ucr] 038_UCR_Anomaly_DISTORTEDLab2Cmac0 ae                       tuned    vus=0.03243 affil=0.74052 (5.73s)
[ucr] 040_UCR_Anomaly_DISTORTEDLab2Cmac0 iforest                  default  vus=0.00688 affil=0.82654 (2.62s)
[ucr] 040_UCR_Anomaly_DISTORTEDLab2Cmac0 iforest                  tuned    vus=0.00664 affil=0.81576 (3.26s)
[ucr] 040_UCR_Anomaly_DISTORTEDLab2Cmac0 lof                      default  vus=0.02468 affil=0.78508 (0.73s)
[ucr] 040_UCR_Anomaly_DISTORTEDLab2Cmac0 lof                      tuned    vus=0.24251 affil=0.82832 (2.03s)
[ucr] 040_UCR_Anomaly_DISTORTEDLab2Cmac0 knn                      default  vus=0.13474 affil=0.788 (0.49s)
[ucr] 040_UCR_Anomaly_DISTORTEDLab2Cmac0 knn                      tuned    vus=0.28007 affil=0.84494 (1.74s)
[ucr] 040_UCR_Anomaly_DISTORTEDLab2Cmac0 ae                       default  vus=0.01303 affil=0.78017 (3.29s)
[ucr] 040_UCR_Anomaly_DISTORTEDLab2Cmac0 ae                       tuned    vus=0.03285 affil=0.79158 (6.61s)
[ucr] 042_UCR_Anomaly_DISTORTEDLab2Cmac0 iforest                  default  vus=0.00925 affil=0.61546 (2.53s)
[ucr] 042_UCR_Anomaly_DISTORTEDLab2Cmac0 iforest                  tuned    vus=0.00861 affil=0.62824 (2.13s)
[ucr] 042_UCR_Anomaly_DISTORTEDLab2Cmac0 lof                      default  vus=0.01173 affil=0.67686 (0.71s)
[ucr] 042_UCR_Anomaly_DISTORTEDLab2Cmac0 lof                      tuned    vus=0.32467 affil=0.80042 (1.93s)
[ucr] 042_UCR_Anomaly_DISTORTEDLab2Cmac0 knn                      default  vus=0.04169 affil=0.71477 (0.49s)
[ucr] 042_UCR_Anomaly_DISTORTEDLab2Cmac0 knn                      tuned    vus=0.41869 affil=0.81794 (1.7s)
[ucr] 042_UCR_Anomaly_DISTORTEDLab2Cmac0 ae                       default  vus=0.00787 affil=0.67119 (3.6s)
[ucr] 042_UCR_Anomaly_DISTORTEDLab2Cmac0 ae                       tuned    vus=0.00794 affil=0.68715 (7.15s)
[ucr] 044_UCR_Anomaly_DISTORTEDPowerDema iforest                  default  vus=0.01312 affil=0.67582 (2.23s)
[ucr] 044_UCR_Anomaly_DISTORTEDPowerDema iforest                  tuned    vus=0.01325 affil=0.69726 (2.44s)
[ucr] 044_UCR_Anomaly_DISTORTEDPowerDema lof                      default  vus=0.83241 affil=0.99879 (0.67s)
[ucr] 044_UCR_Anomaly_DISTORTEDPowerDema lof                      tuned    vus=0.76129 affil=0.99958 (2.15s)
[ucr] 044_UCR_Anomaly_DISTORTEDPowerDema knn                      default  vus=0.85161 affil=0.99889 (0.48s)
[ucr] 044_UCR_Anomaly_DISTORTEDPowerDema knn                      tuned    vus=0.82155 affil=0.99959 (1.73s)
[ucr] 044_UCR_Anomaly_DISTORTEDPowerDema ae                       default  vus=0.06864 affil=0.89449 (4.03s)
[ucr] 044_UCR_Anomaly_DISTORTEDPowerDema ae                       tuned    vus=0.08181 affil=0.94793 (4.72s)
[ucr] 046_UCR_Anomaly_DISTORTEDPowerDema iforest                  default  vus=0.00504 affil=0.82058 (1.84s)
[ucr] 046_UCR_Anomaly_DISTORTEDPowerDema iforest                  tuned    vus=0.00478 affil=0.81848 (1.7s)
[ucr] 046_UCR_Anomaly_DISTORTEDPowerDema lof                      default  vus=0.01945 affil=0.62621 (0.71s)
[ucr] 046_UCR_Anomaly_DISTORTEDPowerDema lof                      tuned    vus=0.21323 affil=0.7542 (2.04s)
[ucr] 046_UCR_Anomaly_DISTORTEDPowerDema knn                      default  vus=0.07373 affil=0.68207 (0.42s)
[ucr] 046_UCR_Anomaly_DISTORTEDPowerDema knn                      tuned    vus=0.07373 affil=0.68207 (0.92s)
[ucr] 046_UCR_Anomaly_DISTORTEDPowerDema ae                       default  vus=0.14751 affil=0.70248 (6.1s)
[ucr] 046_UCR_Anomaly_DISTORTEDPowerDema ae                       tuned    vus=0.08411 affil=0.69782 (6.6s)
[ucr] 048_UCR_Anomaly_DISTORTEDTkeepFift iforest                  default  vus=0.01023 affil=0.61898 (1.49s)
[ucr] 048_UCR_Anomaly_DISTORTEDTkeepFift iforest                  tuned    vus=0.0125 affil=0.65245 (1.77s)
[ucr] 048_UCR_Anomaly_DISTORTEDTkeepFift lof                      default  vus=0.75195 affil=0.99972 (0.25s)
[ucr] 048_UCR_Anomaly_DISTORTEDTkeepFift lof                      tuned    vus=0.69844 affil=0.99967 (0.58s)
[ucr] 048_UCR_Anomaly_DISTORTEDTkeepFift knn                      default  vus=0.69556 affil=0.9985 (0.15s)
[ucr] 048_UCR_Anomaly_DISTORTEDTkeepFift knn                      tuned    vus=0.72769 affil=0.9985 (0.48s)
[ucr] 048_UCR_Anomaly_DISTORTEDTkeepFift ae                       default  vus=0.1229 affil=0.68418 (1.58s)
[ucr] 048_UCR_Anomaly_DISTORTEDTkeepFift ae                       tuned    vus=0.01731 affil=0.67886 (3.62s)
[ucr] 050_UCR_Anomaly_DISTORTEDTkeepFort iforest                  default  vus=0.0135 affil=0.57064 (1.46s)
[ucr] 050_UCR_Anomaly_DISTORTEDTkeepFort iforest                  tuned    vus=0.0135 affil=0.57064 (1.78s)
[ucr] 050_UCR_Anomaly_DISTORTEDTkeepFort lof                      default  vus=0.0162 affil=0.63743 (0.24s)
[ucr] 050_UCR_Anomaly_DISTORTEDTkeepFort lof                      tuned    vus=0.0162 affil=0.63743 (0.6s)
[ucr] 050_UCR_Anomaly_DISTORTEDTkeepFort knn                      default  vus=0.02062 affil=0.62159 (0.15s)
[ucr] 050_UCR_Anomaly_DISTORTEDTkeepFort knn                      tuned    vus=0.02568 affil=0.68098 (0.61s)
[ucr] 050_UCR_Anomaly_DISTORTEDTkeepFort ae                       default  vus=0.01419 affil=0.59404 (1.68s)
[ucr] 050_UCR_Anomaly_DISTORTEDTkeepFort ae                       tuned    vus=0.01713 affil=0.66776 (1.98s)
[ucr] 052_UCR_Anomaly_DISTORTEDTkeepThir iforest                  default  vus=0.03605 affil=0.67129 (1.49s)
[ucr] 052_UCR_Anomaly_DISTORTEDTkeepThir iforest                  tuned    vus=0.03605 affil=0.67129 (1.8s)
[ucr] 052_UCR_Anomaly_DISTORTEDTkeepThir lof                      default  vus=0.74514 affil=0.99601 (0.24s)
[ucr] 052_UCR_Anomaly_DISTORTEDTkeepThir lof                      tuned    vus=0.74514 affil=0.99601 (0.58s)
[ucr] 052_UCR_Anomaly_DISTORTEDTkeepThir knn                      default  vus=0.85226 affil=0.99724 (0.15s)
[ucr] 052_UCR_Anomaly_DISTORTEDTkeepThir knn                      tuned    vus=0.85226 affil=0.99724 (0.5s)
[ucr] 052_UCR_Anomaly_DISTORTEDTkeepThir ae                       default  vus=0.16751 affil=0.7856 (1.6s)
[ucr] 052_UCR_Anomaly_DISTORTEDTkeepThir ae                       tuned    vus=0.03703 affil=0.69352 (1.93s)
[ucr] 054_UCR_Anomaly_DISTORTEDWalkingAc iforest                  default  vus=0.95982 affil=0.99938 (1.23s)
[ucr] 054_UCR_Anomaly_DISTORTEDWalkingAc iforest                  tuned    vus=0.90395 affil=0.99939 (0.93s)
[ucr] 054_UCR_Anomaly_DISTORTEDWalkingAc lof                      default  vus=0.95741 affil=0.99933 (0.15s)
[ucr] 054_UCR_Anomaly_DISTORTEDWalkingAc lof                      tuned    vus=0.95975 affil=0.99933 (0.3s)
[ucr] 054_UCR_Anomaly_DISTORTEDWalkingAc knn                      default  vus=0.95846 affil=0.99933 (0.16s)
[ucr] 054_UCR_Anomaly_DISTORTEDWalkingAc knn                      tuned    vus=0.89271 affil=0.99936 (0.35s)
[ucr] 054_UCR_Anomaly_DISTORTEDWalkingAc ae                       default  vus=0.95384 affil=0.99933 (1.27s)
[ucr] 054_UCR_Anomaly_DISTORTEDWalkingAc ae                       tuned    vus=0.95961 affil=0.99938 (0.94s)
[ucr] 056_UCR_Anomaly_DISTORTEDapneaecg3 iforest                  default  vus=0.00677 affil=0.65545 (2.67s)
[ucr] 056_UCR_Anomaly_DISTORTEDapneaecg3 iforest                  tuned    vus=0.00324 affil=0.62801 (6.49s)
[ucr] 056_UCR_Anomaly_DISTORTEDapneaecg3 lof                      default  vus=0.00625 affil=0.65947 (0.85s)
[ucr] 056_UCR_Anomaly_DISTORTEDapneaecg3 lof                      tuned    vus=0.01432 affil=0.72789 (2.44s)
[ucr] 056_UCR_Anomaly_DISTORTEDapneaecg3 knn                      default  vus=0.00974 affil=0.65213 (0.74s)
[ucr] 056_UCR_Anomaly_DISTORTEDapneaecg3 knn                      tuned    vus=0.02788 affil=0.65451 (2.27s)
[ucr] 056_UCR_Anomaly_DISTORTEDapneaecg3 ae                       default  vus=0.00764 affil=0.65235 (3.58s)
[ucr] 056_UCR_Anomaly_DISTORTEDapneaecg3 ae                       tuned    vus=0.0192 affil=0.68308 (6.59s)
[ucr] 058_UCR_Anomaly_DISTORTEDapneaecg_ iforest                  default  vus=0.00229 affil=0.6492 (2.53s)
[ucr] 058_UCR_Anomaly_DISTORTEDapneaecg_ iforest                  tuned    vus=0.00223 affil=0.648 (2.79s)
[ucr] 058_UCR_Anomaly_DISTORTEDapneaecg_ lof                      default  vus=0.01079 affil=0.65915 (0.92s)
[ucr] 058_UCR_Anomaly_DISTORTEDapneaecg_ lof                      tuned    vus=0.48382 affil=0.99962 (2.9s)
[ucr] 058_UCR_Anomaly_DISTORTEDapneaecg_ knn                      default  vus=0.03204 affil=0.63725 (0.68s)
[ucr] 058_UCR_Anomaly_DISTORTEDapneaecg_ knn                      tuned    vus=0.14882 affil=0.60504 (1.76s)
[ucr] 058_UCR_Anomaly_DISTORTEDapneaecg_ ae                       default  vus=0.00616 affil=0.6212 (4.95s)
[ucr] 058_UCR_Anomaly_DISTORTEDapneaecg_ ae                       tuned    vus=0.26359 affil=0.99962 (10.31s)
[ucr] 060_UCR_Anomaly_DISTORTEDgait2_220 iforest                  default  vus=0.01887 affil=0.6711 (3.56s)
[ucr] 060_UCR_Anomaly_DISTORTEDgait2_220 iforest                  tuned    vus=0.04883 affil=0.70135 (8.02s)
[ucr] 060_UCR_Anomaly_DISTORTEDgait2_220 lof                      default  vus=0.21972 affil=0.99834 (2.02s)
[ucr] 060_UCR_Anomaly_DISTORTEDgait2_220 lof                      tuned    vus=0.36119 affil=0.99833 (2.65s)
[ucr] 060_UCR_Anomaly_DISTORTEDgait2_220 knn                      default  vus=0.2165 affil=0.99828 (1.59s)
[ucr] 060_UCR_Anomaly_DISTORTEDgait2_220 knn                      tuned    vus=0.2165 affil=0.99828 (3.07s)
[ucr] 060_UCR_Anomaly_DISTORTEDgait2_220 ae                       default  vus=0.02135 affil=0.66213 (9.72s)
[ucr] 060_UCR_Anomaly_DISTORTEDgait2_220 ae                       tuned    vus=0.00801 affil=0.6964 (10.58s)
[ucr] 062_UCR_Anomaly_DISTORTEDgaitHunt1 iforest                  default  vus=0.00841 affil=0.82337 (3.66s)
[ucr] 062_UCR_Anomaly_DISTORTEDgaitHunt1 iforest                  tuned    vus=0.00841 affil=0.82337 (5.34s)
[ucr] 062_UCR_Anomaly_DISTORTEDgaitHunt1 lof                      default  vus=0.28635 affil=0.9993 (1.93s)
[ucr] 062_UCR_Anomaly_DISTORTEDgaitHunt1 lof                      tuned    vus=0.11589 affil=0.71668 (2.67s)
[ucr] 062_UCR_Anomaly_DISTORTEDgaitHunt1 knn                      default  vus=0.31776 affil=0.78115 (1.92s)
[ucr] 062_UCR_Anomaly_DISTORTEDgaitHunt1 knn                      tuned    vus=0.34115 affil=0.78109 (3.03s)
[ucr] 062_UCR_Anomaly_DISTORTEDgaitHunt1 ae                       default  vus=0.34043 affil=0.99965 (8.48s)
[ucr] 062_UCR_Anomaly_DISTORTEDgaitHunt1 ae                       tuned    vus=0.00898 affil=0.80311 (9.45s)
[ucr] 064_UCR_Anomaly_DISTORTEDgaitHunt3 iforest                  default  vus=0.06982 affil=0.74113 (3.54s)
[ucr] 064_UCR_Anomaly_DISTORTEDgaitHunt3 iforest                  tuned    vus=0.06955 affil=0.74543 (3.71s)
[ucr] 064_UCR_Anomaly_DISTORTEDgaitHunt3 lof                      default  vus=0.48365 affil=0.9911 (2.12s)
[ucr] 064_UCR_Anomaly_DISTORTEDgaitHunt3 lof                      tuned    vus=0.4855 affil=0.9911 (2.5s)
[ucr] 064_UCR_Anomaly_DISTORTEDgaitHunt3 knn                      default  vus=0.55546 affil=0.99115 (1.49s)
[ucr] 064_UCR_Anomaly_DISTORTEDgaitHunt3 knn                      tuned    vus=0.56896 affil=0.96577 (2.23s)
[ucr] 064_UCR_Anomaly_DISTORTEDgaitHunt3 ae                       default  vus=0.17031 affil=0.99523 (9.57s)
[ucr] 064_UCR_Anomaly_DISTORTEDgaitHunt3 ae                       tuned    vus=0.15693 affil=0.99082 (9.92s)
[ucr] 066_UCR_Anomaly_DISTORTEDinsectEPG iforest                  default  vus=0.03452 affil=0.78437 (1.39s)
[ucr] 066_UCR_Anomaly_DISTORTEDinsectEPG iforest                  tuned    vus=0.05475 affil=0.76634 (1.63s)
[ucr] 066_UCR_Anomaly_DISTORTEDinsectEPG lof                      default  vus=0.10541 affil=0.816 (0.22s)
[ucr] 066_UCR_Anomaly_DISTORTEDinsectEPG lof                      tuned    vus=0.68324 affil=0.99924 (0.61s)
[ucr] 066_UCR_Anomaly_DISTORTEDinsectEPG knn                      default  vus=0.17827 affil=0.83028 (0.13s)
[ucr] 066_UCR_Anomaly_DISTORTEDinsectEPG knn                      tuned    vus=0.17827 affil=0.83028 (0.4s)
[ucr] 066_UCR_Anomaly_DISTORTEDinsectEPG ae                       default  vus=0.10877 affil=0.80345 (1.54s)
[ucr] 066_UCR_Anomaly_DISTORTEDinsectEPG ae                       tuned    vus=0.1229 affil=0.79128 (3.6s)
[ucr] 068_UCR_Anomaly_DISTORTEDinsectEPG iforest                  default  vus=0.01203 affil=0.95559 (1.41s)
[ucr] 068_UCR_Anomaly_DISTORTEDinsectEPG lof                      default  vus=0.00496 affil=0.87328 (0.2s)
[ucr] 068_UCR_Anomaly_DISTORTEDinsectEPG knn                      default  vus=0.69195 affil=0.99781 (0.16s)
[ucr] 068_UCR_Anomaly_DISTORTEDinsectEPG ae                       default  vus=0.00501 affil=0.95338 (0.91s)
[ucr] 070_UCR_Anomaly_DISTORTEDltstdbs30 iforest                  default  vus=0.37042 affil=0.99894 (3.47s)
[ucr] 070_UCR_Anomaly_DISTORTEDltstdbs30 iforest                  tuned    vus=0.36866 affil=0.99894 (3.86s)
[ucr] 070_UCR_Anomaly_DISTORTEDltstdbs30 lof                      default  vus=0.65124 affil=0.99839 (1.61s)
[ucr] 070_UCR_Anomaly_DISTORTEDltstdbs30 lof                      tuned    vus=0.84919 affil=0.99854 (2.08s)
[ucr] 070_UCR_Anomaly_DISTORTEDltstdbs30 knn                      default  vus=0.68233 affil=0.99854 (1.15s)
[ucr] 070_UCR_Anomaly_DISTORTEDltstdbs30 knn                      tuned    vus=0.68321 affil=0.99854 (2.46s)
[ucr] 070_UCR_Anomaly_DISTORTEDltstdbs30 ae                       default  vus=0.6398 affil=0.99851 (7.3s)
[ucr] 070_UCR_Anomaly_DISTORTEDltstdbs30 ae                       tuned    vus=0.63676 affil=0.9985 (9.0s)
[ucr] 072_UCR_Anomaly_DISTORTEDltstdbs30 iforest                  default  vus=0.00645 affil=0.73056 (2.83s)
[ucr] 072_UCR_Anomaly_DISTORTEDltstdbs30 iforest                  tuned    vus=0.00641 affil=0.77252 (3.73s)
[ucr] 072_UCR_Anomaly_DISTORTEDltstdbs30 lof                      default  vus=0.41624 affil=0.9984 (1.57s)
[ucr] 072_UCR_Anomaly_DISTORTEDltstdbs30 lof                      tuned    vus=0.41678 affil=0.99837 (2.83s)
[ucr] 072_UCR_Anomaly_DISTORTEDltstdbs30 knn                      default  vus=0.09736 affil=0.97826 (1.13s)
[ucr] 072_UCR_Anomaly_DISTORTEDltstdbs30 knn                      tuned    vus=0.11338 affil=0.98988 (2.69s)
[ucr] 072_UCR_Anomaly_DISTORTEDltstdbs30 ae                       default  vus=0.16556 affil=0.99837 (8.08s)
[ucr] 072_UCR_Anomaly_DISTORTEDltstdbs30 ae                       tuned    vus=0.02571 affil=0.81294 (9.43s)
[ucr] 074_UCR_Anomaly_DISTORTEDqtdbSel10 iforest                  default  vus=0.01676 affil=0.71558 (2.72s)
[ucr] 074_UCR_Anomaly_DISTORTEDqtdbSel10 iforest                  tuned    vus=0.01568 affil=0.69095 (2.53s)
[ucr] 074_UCR_Anomaly_DISTORTEDqtdbSel10 lof                      default  vus=0.01253 affil=0.64807 (0.79s)
[ucr] 074_UCR_Anomaly_DISTORTEDqtdbSel10 lof                      tuned    vus=0.01859 affil=0.7545 (2.23s)
[ucr] 074_UCR_Anomaly_DISTORTEDqtdbSel10 knn                      default  vus=0.01572 affil=0.6599 (0.6s)
[ucr] 074_UCR_Anomaly_DISTORTEDqtdbSel10 knn                      tuned    vus=0.01526 affil=0.65853 (2.05s)
[ucr] 074_UCR_Anomaly_DISTORTEDqtdbSel10 ae                       default  vus=0.01124 affil=0.61345 (3.21s)
[ucr] 074_UCR_Anomaly_DISTORTEDqtdbSel10 ae                       tuned    vus=0.00983 affil=0.56689 (5.53s)
[ucr] 076_UCR_Anomaly_DISTORTEDresperati iforest                  default  vus=0.02356 affil=0.84263 (9.81s)
[ucr] 076_UCR_Anomaly_DISTORTEDresperati iforest                  tuned    vus=0.0339 affil=0.95503 (16.6s)
[ucr] 076_UCR_Anomaly_DISTORTEDresperati lof                      default  vus=0.11518 affil=0.86705 (9.64s)
[ucr] 076_UCR_Anomaly_DISTORTEDresperati lof                      tuned    vus=0.16278 affil=0.99908 (15.12s)
[ucr] 076_UCR_Anomaly_DISTORTEDresperati knn                      default  vus=0.11767 affil=0.91283 (8.61s)
[ucr] 076_UCR_Anomaly_DISTORTEDresperati knn                      tuned    vus=0.15238 affil=0.75459 (9.86s)
[ucr] 076_UCR_Anomaly_DISTORTEDresperati ae                       default  vus=0.4803 affil=0.99908 (22.95s)
[ucr] 076_UCR_Anomaly_DISTORTEDresperati ae                       tuned    vus=0.35054 affil=0.99908 (27.92s)
[ucr] 078_UCR_Anomaly_DISTORTEDresperati iforest                  default  vus=0.00323 affil=0.78081 (6.41s)
[ucr] 078_UCR_Anomaly_DISTORTEDresperati iforest                  tuned    vus=0.00148 affil=0.74516 (25.65s)
[ucr] 078_UCR_Anomaly_DISTORTEDresperati lof                      default  vus=0.32319 affil=0.99985 (18.35s)
[ucr] 078_UCR_Anomaly_DISTORTEDresperati lof                      tuned    vus=0.3065 affil=0.95463 (17.64s)
[ucr] 078_UCR_Anomaly_DISTORTEDresperati knn                      default  vus=0.2361 affil=0.87697 (10.05s)
[ucr] 078_UCR_Anomaly_DISTORTEDresperati knn                      tuned    vus=0.31552 affil=0.99983 (8.12s)
[ucr] 078_UCR_Anomaly_DISTORTEDresperati ae                       default  vus=0.00579 affil=0.72566 (36.54s)
[ucr] 078_UCR_Anomaly_DISTORTEDresperati ae                       tuned    vus=0.01258 affil=0.88088 (48.96s)
[ucr] 080_UCR_Anomaly_DISTORTEDresperati iforest                  default  vus=2e-05 affil=0.64647 (12.66s)
[ucr] 080_UCR_Anomaly_DISTORTEDresperati iforest                  tuned    vus=2e-05 affil=0.63539 (29.8s)
[ucr] 080_UCR_Anomaly_DISTORTEDresperati lof                      default  vus=3e-05 affil=0.57474 (7.67s)
[ucr] 080_UCR_Anomaly_DISTORTEDresperati lof                      tuned    vus=2e-05 affil=0.59689 (11.48s)
[ucr] 080_UCR_Anomaly_DISTORTEDresperati knn                      default  vus=3e-05 affil=0.58967 (6.36s)
[ucr] 080_UCR_Anomaly_DISTORTEDresperati knn                      tuned    vus=2e-05 affil=0.589 (10.86s)
[ucr] 080_UCR_Anomaly_DISTORTEDresperati ae                       default  vus=3e-05 affil=0.6345 (18.18s)
[ucr] 080_UCR_Anomaly_DISTORTEDresperati ae                       tuned    vus=2e-05 affil=0.62259 (22.71s)
[ucr] 082_UCR_Anomaly_DISTORTEDresperati iforest                  default  vus=3e-05 affil=0.89747 (7.46s)
[ucr] 082_UCR_Anomaly_DISTORTEDresperati iforest                  tuned    vus=3e-05 affil=0.89757 (14.37s)
[ucr] 082_UCR_Anomaly_DISTORTEDresperati lof                      default  vus=2e-05 affil=0.78381 (11.28s)
[ucr] 082_UCR_Anomaly_DISTORTEDresperati lof                      tuned    vus=6e-05 affil=0.71263 (44.79s)
[ucr] 082_UCR_Anomaly_DISTORTEDresperati knn                      default  vus=3e-05 affil=0.85245 (10.37s)
[ucr] 082_UCR_Anomaly_DISTORTEDresperati knn                      tuned    vus=3e-05 affil=0.84064 (8.38s)
[ucr] 082_UCR_Anomaly_DISTORTEDresperati ae                       default  vus=3e-05 affil=0.71682 (30.09s)
[ucr] 082_UCR_Anomaly_DISTORTEDresperati ae                       tuned    vus=3e-05 affil=0.71712 (33.24s)
[ucr] 084_UCR_Anomaly_DISTORTEDs20101mML iforest                  default  vus=0.50867 affil=0.99886 (2.85s)
[ucr] 084_UCR_Anomaly_DISTORTEDs20101mML iforest                  tuned    vus=0.49884 affil=0.99886 (2.91s)
[ucr] 084_UCR_Anomaly_DISTORTEDs20101mML lof                      default  vus=0.80461 affil=0.99933 (1.0s)
[ucr] 084_UCR_Anomaly_DISTORTEDs20101mML lof                      tuned    vus=0.79621 affil=0.99933 (1.96s)
[ucr] 084_UCR_Anomaly_DISTORTEDs20101mML knn                      default  vus=0.79473 affil=0.99948 (0.72s)
[ucr] 084_UCR_Anomaly_DISTORTEDs20101mML knn                      tuned    vus=0.78984 affil=0.99948 (1.75s)
[ucr] 084_UCR_Anomaly_DISTORTEDs20101mML ae                       default  vus=0.82947 affil=0.99933 (5.6s)
[ucr] 084_UCR_Anomaly_DISTORTEDs20101mML ae                       tuned    vus=0.82896 affil=0.99933 (6.81s)
[ucr] 086_UCR_Anomaly_DISTORTEDsddb49_20 iforest                  default  vus=0.01342 affil=0.72205 (4.6s)
[ucr] 086_UCR_Anomaly_DISTORTEDsddb49_20 iforest                  tuned    vus=0.01312 affil=0.72214 (5.2s)
[ucr] 086_UCR_Anomaly_DISTORTEDsddb49_20 lof                      default  vus=0.23959 affil=0.99917 (2.47s)
[ucr] 086_UCR_Anomaly_DISTORTEDsddb49_20 lof                      tuned    vus=0.21771 affil=0.99917 (4.34s)
[ucr] 086_UCR_Anomaly_DISTORTEDsddb49_20 knn                      default  vus=0.15657 affil=0.99918 (2.19s)
[ucr] 086_UCR_Anomaly_DISTORTEDsddb49_20 knn                      tuned    vus=0.32944 affil=0.9992 (3.32s)
[ucr] 086_UCR_Anomaly_DISTORTEDsddb49_20 ae                       default  vus=0.35378 affil=0.99917 (9.94s)
[ucr] 086_UCR_Anomaly_DISTORTEDsddb49_20 ae                       tuned    vus=0.69854 affil=0.99918 (12.44s)
[ucr] 088_UCR_Anomaly_DISTORTEDsel840mEC iforest                  default  vus=0.00966 affil=0.69788 (3.06s)
[ucr] 088_UCR_Anomaly_DISTORTEDsel840mEC iforest                  tuned    vus=0.00926 affil=0.69086 (7.91s)
[ucr] 088_UCR_Anomaly_DISTORTEDsel840mEC lof                      default  vus=0.03442 affil=0.79506 (1.69s)
[ucr] 088_UCR_Anomaly_DISTORTEDsel840mEC lof                      tuned    vus=0.02875 affil=0.78389 (4.83s)
[ucr] 088_UCR_Anomaly_DISTORTEDsel840mEC knn                      default  vus=0.03329 affil=0.80912 (1.2s)
[ucr] 088_UCR_Anomaly_DISTORTEDsel840mEC knn                      tuned    vus=0.09199 affil=0.84041 (2.1s)
[ucr] 088_UCR_Anomaly_DISTORTEDsel840mEC ae                       default  vus=0.01416 affil=0.72821 (8.81s)
[ucr] 088_UCR_Anomaly_DISTORTEDsel840mEC ae                       tuned    vus=0.0085 affil=0.65769 (8.91s)
[ucr] 090_UCR_Anomaly_DISTORTEDtiltAPB2_ iforest                  default  vus=0.01894 affil=0.68209 (5.55s)
[ucr] 090_UCR_Anomaly_DISTORTEDtiltAPB2_ iforest                  tuned    vus=0.02615 affil=0.71717 (9.29s)
[ucr] 090_UCR_Anomaly_DISTORTEDtiltAPB2_ lof                      default  vus=0.13114 affil=0.81381 (5.85s)
[ucr] 090_UCR_Anomaly_DISTORTEDtiltAPB2_ lof                      tuned    vus=0.25188 affil=0.8312 (6.15s)
[ucr] 090_UCR_Anomaly_DISTORTEDtiltAPB2_ knn                      default  vus=0.13816 affil=0.8261 (4.46s)
[ucr] 090_UCR_Anomaly_DISTORTEDtiltAPB2_ knn                      tuned    vus=0.27147 affil=0.84018 (5.1s)
[ucr] 090_UCR_Anomaly_DISTORTEDtiltAPB2_ ae                       default  vus=0.35155 affil=0.9982 (20.91s)
[ucr] 090_UCR_Anomaly_DISTORTEDtiltAPB2_ ae                       tuned    vus=0.34521 affil=0.86246 (20.19s)
[ucr] 092_UCR_Anomaly_DISTORTEDtiltAPB4_ iforest                  default  vus=0.00012 affil=0.74354 (6.97s)
[ucr] 092_UCR_Anomaly_DISTORTEDtiltAPB4_ iforest                  tuned    vus=0.00012 affil=0.74354 (10.81s)
[ucr] 092_UCR_Anomaly_DISTORTEDtiltAPB4_ lof                      default  vus=8e-05 affil=0.5648 (4.48s)
[ucr] 092_UCR_Anomaly_DISTORTEDtiltAPB4_ lof                      tuned    vus=8e-05 affil=0.5648 (7.27s)
[ucr] 092_UCR_Anomaly_DISTORTEDtiltAPB4_ knn                      default  vus=0.00022 affil=0.5916 (3.52s)
[ucr] 092_UCR_Anomaly_DISTORTEDtiltAPB4_ knn                      tuned    vus=7e-05 affil=0.56968 (5.33s)
[ucr] 092_UCR_Anomaly_DISTORTEDtiltAPB4_ ae                       default  vus=0.08909 affil=0.9503 (13.31s)
[ucr] 092_UCR_Anomaly_DISTORTEDtiltAPB4_ ae                       tuned    vus=8e-05 affil=0.56702 (20.91s)
[ucr] 094_UCR_Anomaly_NOISEBIDMC1_2500_5 iforest                  default  vus=0.4995 affil=0.99621 (1.56s)
[ucr] 094_UCR_Anomaly_NOISEBIDMC1_2500_5 lof                      default  vus=0.75555 affil=0.99844 (0.22s)
[ucr] 094_UCR_Anomaly_NOISEBIDMC1_2500_5 knn                      default  vus=0.74748 affil=0.99868 (0.15s)
[ucr] 094_UCR_Anomaly_NOISEBIDMC1_2500_5 ae                       default  vus=0.73645 affil=0.99829 (1.36s)
[ucr] 096_UCR_Anomaly_NOISEECG4_5000_169 iforest                  default  vus=0.02813 affil=0.96001 (2.7s)
[ucr] 096_UCR_Anomaly_NOISEECG4_5000_169 iforest                  tuned    vus=0.01406 affil=0.68341 (2.37s)
[ucr] 096_UCR_Anomaly_NOISEECG4_5000_169 lof                      default  vus=0.8501 affil=0.99947 (0.66s)
[ucr] 096_UCR_Anomaly_NOISEECG4_5000_169 lof                      tuned    vus=0.64944 affil=0.9981 (1.95s)
[ucr] 096_UCR_Anomaly_NOISEECG4_5000_169 knn                      default  vus=0.83014 affil=0.99903 (0.5s)
[ucr] 096_UCR_Anomaly_NOISEECG4_5000_169 knn                      tuned    vus=0.49799 affil=0.9981 (1.68s)
[ucr] 096_UCR_Anomaly_NOISEECG4_5000_169 ae                       default  vus=0.75163 affil=0.99875 (3.13s)
[ucr] 096_UCR_Anomaly_NOISEECG4_5000_169 ae                       tuned    vus=0.39401 affil=0.99812 (5.86s)
[ucr] 098_UCR_Anomaly_NOISEInternalBleed iforest                  default  vus=0.01055 affil=0.65325 (1.43s)
[ucr] 098_UCR_Anomaly_NOISEInternalBleed lof                      default  vus=0.01402 affil=0.6798 (0.14s)
[ucr] 098_UCR_Anomaly_NOISEInternalBleed knn                      default  vus=0.06181 affil=0.68533 (0.11s)
[ucr] 098_UCR_Anomaly_NOISEInternalBleed ae                       default  vus=0.02491 affil=0.705 (0.77s)
[ucr] 100_UCR_Anomaly_NOISELab2Cmac01121 iforest                  default  vus=0.41541 affil=0.99972 (2.59s)
[ucr] 100_UCR_Anomaly_NOISELab2Cmac01121 iforest                  tuned    vus=0.49455 affil=0.99972 (2.46s)
[ucr] 100_UCR_Anomaly_NOISELab2Cmac01121 lof                      default  vus=0.46932 affil=0.99972 (0.68s)
[ucr] 100_UCR_Anomaly_NOISELab2Cmac01121 lof                      tuned    vus=0.51145 affil=0.99971 (1.98s)
[ucr] 100_UCR_Anomaly_NOISELab2Cmac01121 knn                      default  vus=0.49529 affil=0.99972 (0.5s)
[ucr] 100_UCR_Anomaly_NOISELab2Cmac01121 knn                      tuned    vus=0.51257 affil=0.9997 (2.1s)
[ucr] 100_UCR_Anomaly_NOISELab2Cmac01121 ae                       default  vus=0.53108 affil=0.99968 (3.12s)
[ucr] 100_UCR_Anomaly_NOISELab2Cmac01121 ae                       tuned    vus=0.50976 affil=0.99968 (5.86s)
[ucr] 102_UCR_Anomaly_NOISEMesoplodonDen iforest                  default  vus=0.0298 affil=0.69119 (1.93s)
[ucr] 102_UCR_Anomaly_NOISEMesoplodonDen iforest                  tuned    vus=0.0298 affil=0.69119 (2.77s)
[ucr] 102_UCR_Anomaly_NOISEMesoplodonDen lof                      default  vus=0.08194 affil=0.73679 (0.54s)
[ucr] 102_UCR_Anomaly_NOISEMesoplodonDen lof                      tuned    vus=0.19943 affil=0.81821 (1.87s)
[ucr] 102_UCR_Anomaly_NOISEMesoplodonDen knn                      default  vus=0.6416 affil=0.9973 (0.39s)
[ucr] 102_UCR_Anomaly_NOISEMesoplodonDen knn                      tuned    vus=0.65653 affil=0.9973 (1.0s)
[ucr] 102_UCR_Anomaly_NOISEMesoplodonDen ae                       default  vus=0.59595 affil=0.99728 (4.13s)
[ucr] 102_UCR_Anomaly_NOISEMesoplodonDen ae                       tuned    vus=0.57462 affil=0.99734 (4.76s)
[ucr] 104_UCR_Anomaly_NOISEapneaecg4_600 iforest                  default  vus=0.00415 affil=0.65545 (2.84s)
[ucr] 104_UCR_Anomaly_NOISEapneaecg4_600 iforest                  tuned    vus=0.00354 affil=0.62459 (7.33s)
[ucr] 104_UCR_Anomaly_NOISEapneaecg4_600 lof                      default  vus=0.00401 affil=0.65801 (0.91s)
[ucr] 104_UCR_Anomaly_NOISEapneaecg4_600 lof                      tuned    vus=0.00278 affil=0.64236 (1.67s)
[ucr] 104_UCR_Anomaly_NOISEapneaecg4_600 knn                      default  vus=0.00626 affil=0.63572 (0.67s)
[ucr] 104_UCR_Anomaly_NOISEapneaecg4_600 knn                      tuned    vus=0.00526 affil=0.58413 (2.27s)
[ucr] 104_UCR_Anomaly_NOISEapneaecg4_600 ae                       default  vus=0.00403 affil=0.64544 (3.9s)
[ucr] 104_UCR_Anomaly_NOISEapneaecg4_600 ae                       tuned    vus=0.00285 affil=0.64997 (7.56s)
[ucr] 106_UCR_Anomaly_NOISEgaitHunt2_185 iforest                  default  vus=0.08239 affil=0.66909 (3.88s)
[ucr] 106_UCR_Anomaly_NOISEgaitHunt2_185 iforest                  tuned    vus=0.08239 affil=0.66909 (5.68s)
[ucr] 106_UCR_Anomaly_NOISEgaitHunt2_185 lof                      default  vus=0.42105 affil=0.92456 (1.92s)
[ucr] 106_UCR_Anomaly_NOISEgaitHunt2_185 lof                      tuned    vus=0.4604 affil=0.92039 (3.35s)
[ucr] 106_UCR_Anomaly_NOISEgaitHunt2_185 knn                      default  vus=0.41886 affil=0.92694 (1.41s)
[ucr] 106_UCR_Anomaly_NOISEgaitHunt2_185 knn                      tuned    vus=0.41886 affil=0.92694 (3.12s)
[ucr] 106_UCR_Anomaly_NOISEgaitHunt2_185 ae                       default  vus=0.33172 affil=0.99381 (8.87s)
[ucr] 106_UCR_Anomaly_NOISEgaitHunt2_185 ae                       tuned    vus=0.15407 affil=0.77939 (10.2s)
[ucr] 108_UCR_Anomaly_NOISEresperation2_ iforest                  default  vus=2e-05 affil=0.6481 (11.63s)
[ucr] 108_UCR_Anomaly_NOISEresperation2_ iforest                  tuned    vus=2e-05 affil=0.61547 (34.76s)
[ucr] 108_UCR_Anomaly_NOISEresperation2_ lof                      default  vus=2e-05 affil=0.51426 (8.02s)
[ucr] 108_UCR_Anomaly_NOISEresperation2_ lof                      tuned    vus=2e-05 affil=0.54605 (12.76s)
[ucr] 108_UCR_Anomaly_NOISEresperation2_ knn                      default  vus=2e-05 affil=0.56165 (7.05s)
[ucr] 108_UCR_Anomaly_NOISEresperation2_ knn                      tuned    vus=2e-05 affil=0.56249 (12.31s)
[ucr] 108_UCR_Anomaly_NOISEresperation2_ ae                       default  vus=2e-05 affil=0.58569 (19.52s)
[ucr] 108_UCR_Anomaly_NOISEresperation2_ ae                       tuned    vus=2e-05 affil=0.60159 (25.2s)
[ucr] 110_UCR_Anomaly_2sddb40_35000_5660 iforest                  default  vus=0.00651 affil=0.63684 (3.79s)
[ucr] 110_UCR_Anomaly_2sddb40_35000_5660 iforest                  tuned    vus=0.00626 affil=0.63609 (5.56s)
[ucr] 110_UCR_Anomaly_2sddb40_35000_5660 lof                      default  vus=0.02561 affil=0.65247 (2.9s)
[ucr] 110_UCR_Anomaly_2sddb40_35000_5660 lof                      tuned    vus=0.02051 affil=0.65459 (3.4s)
[ucr] 110_UCR_Anomaly_2sddb40_35000_5660 knn                      default  vus=0.01959 affil=0.66213 (2.01s)
[ucr] 110_UCR_Anomaly_2sddb40_35000_5660 knn                      tuned    vus=0.02888 affil=0.66778 (2.82s)
[ucr] 110_UCR_Anomaly_2sddb40_35000_5660 ae                       default  vus=0.00928 affil=0.65821 (14.37s)
[ucr] 110_UCR_Anomaly_2sddb40_35000_5660 ae                       tuned    vus=0.0103 affil=0.66237 (12.87s)
[ucr] 112_UCR_Anomaly_BIDMC1_2500_5400_5 iforest                  default  vus=0.46629 affil=0.9965 (1.53s)
[ucr] 112_UCR_Anomaly_BIDMC1_2500_5400_5 lof                      default  vus=0.75707 affil=0.99844 (0.23s)
[ucr] 112_UCR_Anomaly_BIDMC1_2500_5400_5 knn                      default  vus=0.74367 affil=0.99868 (0.15s)
[ucr] 112_UCR_Anomaly_BIDMC1_2500_5400_5 ae                       default  vus=0.74021 affil=0.99841 (1.35s)
[ucr] 114_UCR_Anomaly_CIMIS44AirTemperat iforest                  default  vus=0.02054 affil=0.76002 (1.36s)
[ucr] 114_UCR_Anomaly_CIMIS44AirTemperat iforest                  tuned    vus=0.02348 affil=0.77466 (0.98s)
[ucr] 114_UCR_Anomaly_CIMIS44AirTemperat lof                      default  vus=0.04902 affil=0.83617 (0.19s)
[ucr] 114_UCR_Anomaly_CIMIS44AirTemperat lof                      tuned    vus=0.88124 affil=0.99884 (0.51s)
[ucr] 114_UCR_Anomaly_CIMIS44AirTemperat knn                      default  vus=0.205 affil=0.83757 (0.09s)
[ucr] 114_UCR_Anomaly_CIMIS44AirTemperat knn                      tuned    vus=0.88707 affil=0.99884 (0.39s)
[ucr] 114_UCR_Anomaly_CIMIS44AirTemperat ae                       default  vus=0.89869 affil=0.99884 (1.74s)
[ucr] 114_UCR_Anomaly_CIMIS44AirTemperat ae                       tuned    vus=0.89416 affil=0.99884 (1.99s)
[ucr] 116_UCR_Anomaly_CIMIS44AirTemperat iforest                  default  vus=0.03685 affil=0.78504 (1.33s)
[ucr] 116_UCR_Anomaly_CIMIS44AirTemperat iforest                  tuned    vus=0.05347 affil=0.81444 (0.94s)
[ucr] 116_UCR_Anomaly_CIMIS44AirTemperat lof                      default  vus=0.0531 affil=0.8265 (0.18s)
[ucr] 116_UCR_Anomaly_CIMIS44AirTemperat lof                      tuned    vus=0.09719 affil=0.83137 (0.52s)
[ucr] 116_UCR_Anomaly_CIMIS44AirTemperat knn                      default  vus=0.07418 affil=0.83925 (0.09s)
[ucr] 116_UCR_Anomaly_CIMIS44AirTemperat knn                      tuned    vus=0.19302 affil=0.84868 (0.38s)
[ucr] 116_UCR_Anomaly_CIMIS44AirTemperat ae                       default  vus=0.6022 affil=0.99724 (1.79s)
[ucr] 116_UCR_Anomaly_CIMIS44AirTemperat ae                       tuned    vus=0.36539 affil=0.94343 (2.02s)
[ucr] 118_UCR_Anomaly_CIMIS44AirTemperat iforest                  default  vus=0.02843 affil=0.77435 (1.31s)
[ucr] 118_UCR_Anomaly_CIMIS44AirTemperat iforest                  tuned    vus=0.02382 affil=0.73058 (0.95s)
[ucr] 118_UCR_Anomaly_CIMIS44AirTemperat lof                      default  vus=0.13924 affil=0.83014 (0.18s)
[ucr] 118_UCR_Anomaly_CIMIS44AirTemperat lof                      tuned    vus=0.65856 affil=0.99533 (0.67s)
[ucr] 118_UCR_Anomaly_CIMIS44AirTemperat knn                      default  vus=0.61573 affil=0.99606 (0.13s)
[ucr] 118_UCR_Anomaly_CIMIS44AirTemperat knn                      tuned    vus=0.69324 affil=0.99674 (0.51s)
[ucr] 118_UCR_Anomaly_CIMIS44AirTemperat ae                       default  vus=0.78545 affil=0.99602 (2.1s)
[ucr] 118_UCR_Anomaly_CIMIS44AirTemperat ae                       tuned    vus=0.63311 affil=0.99481 (2.01s)
[ucr] 120_UCR_Anomaly_ECG2_15000_16000_1 iforest                  default  vus=0.07518 affil=0.77675 (1.95s)
[ucr] 120_UCR_Anomaly_ECG2_15000_16000_1 iforest                  tuned    vus=0.07621 affil=0.78569 (1.93s)
[ucr] 120_UCR_Anomaly_ECG2_15000_16000_1 lof                      default  vus=0.08215 affil=0.79569 (0.68s)
[ucr] 120_UCR_Anomaly_ECG2_15000_16000_1 lof                      tuned    vus=0.09378 affil=0.79939 (1.25s)
[ucr] 120_UCR_Anomaly_ECG2_15000_16000_1 knn                      default  vus=0.13455 affil=0.81755 (0.44s)
[ucr] 120_UCR_Anomaly_ECG2_15000_16000_1 knn                      tuned    vus=0.18851 affil=0.84014 (1.07s)
[ucr] 120_UCR_Anomaly_ECG2_15000_16000_1 ae                       default  vus=0.10802 affil=0.79836 (5.86s)
[ucr] 120_UCR_Anomaly_ECG2_15000_16000_1 ae                       tuned    vus=0.08689 affil=0.78927 (6.36s)
[ucr] 122_UCR_Anomaly_ECG3_8000_17000_17 iforest                  default  vus=0.00498 affil=0.7736 (2.27s)
[ucr] 122_UCR_Anomaly_ECG3_8000_17000_17 iforest                  tuned    vus=0.00498 affil=0.7736 (3.28s)
[ucr] 122_UCR_Anomaly_ECG3_8000_17000_17 lof                      default  vus=0.72526 affil=0.99874 (0.7s)
[ucr] 122_UCR_Anomaly_ECG3_8000_17000_17 lof                      tuned    vus=0.80911 affil=0.99884 (1.3s)
[ucr] 122_UCR_Anomaly_ECG3_8000_17000_17 knn                      default  vus=0.29665 affil=0.99879 (0.49s)
[ucr] 122_UCR_Anomaly_ECG3_8000_17000_17 knn                      tuned    vus=0.21193 affil=0.99876 (1.67s)
[ucr] 122_UCR_Anomaly_ECG3_8000_17000_17 ae                       default  vus=0.08458 affil=0.72707 (4.04s)
[ucr] 122_UCR_Anomaly_ECG3_8000_17000_17 ae                       tuned    vus=0.24363 affil=0.99876 (8.09s)
[ucr] 124_UCR_Anomaly_ECG4_5000_16900_17 iforest                  default  vus=0.02531 affil=0.92893 (2.41s)
[ucr] 124_UCR_Anomaly_ECG4_5000_16900_17 iforest                  tuned    vus=0.01537 affil=0.69425 (2.86s)
[ucr] 124_UCR_Anomaly_ECG4_5000_16900_17 lof                      default  vus=0.85478 affil=0.99948 (0.75s)
[ucr] 124_UCR_Anomaly_ECG4_5000_16900_17 lof                      tuned    vus=0.49025 affil=0.99811 (2.66s)
[ucr] 124_UCR_Anomaly_ECG4_5000_16900_17 knn                      default  vus=0.82858 affil=0.99903 (0.49s)
[ucr] 124_UCR_Anomaly_ECG4_5000_16900_17 knn                      tuned    vus=0.46771 affil=0.9981 (1.7s)
[ucr] 124_UCR_Anomaly_ECG4_5000_16900_17 ae                       default  vus=0.75355 affil=0.99872 (3.41s)
[ucr] 124_UCR_Anomaly_ECG4_5000_16900_17 ae                       tuned    vus=0.38176 affil=0.99812 (5.83s)
[ucr] 126_UCR_Anomaly_ECG4_8000_17000_17 iforest                  default  vus=0.00499 affil=0.7736 (2.3s)
[ucr] 126_UCR_Anomaly_ECG4_8000_17000_17 iforest                  tuned    vus=0.00499 affil=0.7736 (3.24s)
[ucr] 126_UCR_Anomaly_ECG4_8000_17000_17 lof                      default  vus=0.73622 affil=0.99884 (0.65s)
[ucr] 126_UCR_Anomaly_ECG4_8000_17000_17 lof                      tuned    vus=0.83884 affil=0.99911 (1.32s)
[ucr] 126_UCR_Anomaly_ECG4_8000_17000_17 knn                      default  vus=0.28942 affil=0.99884 (0.5s)
[ucr] 126_UCR_Anomaly_ECG4_8000_17000_17 knn                      tuned    vus=0.20707 affil=0.99876 (1.74s)
[ucr] 126_UCR_Anomaly_ECG4_8000_17000_17 ae                       default  vus=0.01104 affil=0.71259 (4.08s)
[ucr] 126_UCR_Anomaly_ECG4_8000_17000_17 ae                       tuned    vus=0.17927 affil=0.76231 (8.07s)
[ucr] 128_UCR_Anomaly_GP711MarkerLFM5z2_ iforest                  default  vus=0.39076 affil=0.99243 (1.51s)
[ucr] 128_UCR_Anomaly_GP711MarkerLFM5z2_ iforest                  tuned    vus=0.05566 affil=0.66708 (1.16s)
[ucr] 128_UCR_Anomaly_GP711MarkerLFM5z2_ lof                      default  vus=0.84796 affil=0.99832 (0.25s)
[ucr] 128_UCR_Anomaly_GP711MarkerLFM5z2_ lof                      tuned    vus=0.73254 affil=0.99718 (0.69s)
[ucr] 128_UCR_Anomaly_GP711MarkerLFM5z2_ knn                      default  vus=0.69909 affil=0.99635 (0.15s)
[ucr] 128_UCR_Anomaly_GP711MarkerLFM5z2_ knn                      tuned    vus=0.5141 affil=0.99686 (0.57s)
[ucr] 128_UCR_Anomaly_GP711MarkerLFM5z2_ ae                       default  vus=0.65029 affil=0.99202 (2.03s)
[ucr] 128_UCR_Anomaly_GP711MarkerLFM5z2_ ae                       tuned    vus=0.69631 affil=0.99362 (2.43s)
[ucr] 130_UCR_Anomaly_GP711MarkerLFM5z4_ iforest                  default  vus=0.38044 affil=0.9964 (1.54s)
[ucr] 130_UCR_Anomaly_GP711MarkerLFM5z4_ iforest                  tuned    vus=0.05625 affil=0.67207 (1.81s)
[ucr] 130_UCR_Anomaly_GP711MarkerLFM5z4_ lof                      default  vus=0.85518 affil=0.99663 (0.27s)
[ucr] 130_UCR_Anomaly_GP711MarkerLFM5z4_ lof                      tuned    vus=0.69343 affil=0.99577 (0.7s)
[ucr] 130_UCR_Anomaly_GP711MarkerLFM5z4_ knn                      default  vus=0.92343 affil=0.99938 (0.16s)
[ucr] 130_UCR_Anomaly_GP711MarkerLFM5z4_ knn                      tuned    vus=0.92343 affil=0.99938 (0.74s)
[ucr] 130_UCR_Anomaly_GP711MarkerLFM5z4_ ae                       default  vus=0.91898 affil=0.99928 (2.19s)
[ucr] 130_UCR_Anomaly_GP711MarkerLFM5z4_ ae                       tuned    vus=0.88273 affil=0.99939 (2.74s)
[ucr] 132_UCR_Anomaly_InternalBleeding10 iforest                  default  vus=0.02713 affil=0.67605 (1.33s)
[ucr] 132_UCR_Anomaly_InternalBleeding10 iforest                  tuned    vus=0.0107 affil=0.65705 (1.56s)
[ucr] 132_UCR_Anomaly_InternalBleeding10 lof                      default  vus=0.02772 affil=0.64805 (0.16s)
[ucr] 132_UCR_Anomaly_InternalBleeding10 lof                      tuned    vus=0.42352 affil=0.99762 (0.47s)
[ucr] 132_UCR_Anomaly_InternalBleeding10 knn                      default  vus=0.83066 affil=0.99846 (0.09s)
[ucr] 132_UCR_Anomaly_InternalBleeding10 knn                      tuned    vus=0.83066 affil=0.99846 (0.35s)
[ucr] 132_UCR_Anomaly_InternalBleeding10 ae                       default  vus=0.04824 affil=0.65609 (1.43s)
[ucr] 132_UCR_Anomaly_InternalBleeding10 ae                       tuned    vus=0.45638 affil=0.9956 (3.17s)
[ucr] 134_UCR_Anomaly_InternalBleeding15 iforest                  default  vus=0.37462 affil=0.99517 (1.43s)
[ucr] 134_UCR_Anomaly_InternalBleeding15 lof                      default  vus=0.39217 affil=0.99651 (0.16s)
[ucr] 134_UCR_Anomaly_InternalBleeding15 knn                      default  vus=0.88453 affil=0.99993 (0.11s)
[ucr] 134_UCR_Anomaly_InternalBleeding15 ae                       default  vus=0.04826 affil=0.69233 (1.09s)
[ucr] 136_UCR_Anomaly_InternalBleeding17 iforest                  default  vus=0.03721 affil=0.66587 (1.37s)
[ucr] 136_UCR_Anomaly_InternalBleeding17 lof                      default  vus=0.0306 affil=0.66569 (0.15s)
[ucr] 136_UCR_Anomaly_InternalBleeding17 knn                      default  vus=0.85948 affil=0.99995 (0.11s)
[ucr] 136_UCR_Anomaly_InternalBleeding17 ae                       default  vus=0.51107 affil=0.99545 (1.11s)
[ucr] 138_UCR_Anomaly_InternalBleeding19 iforest                  default  vus=0.01466 affil=0.65001 (1.34s)
[ucr] 138_UCR_Anomaly_InternalBleeding19 iforest                  tuned    vus=0.01126 affil=0.65171 (1.55s)
[ucr] 138_UCR_Anomaly_InternalBleeding19 lof                      default  vus=0.64335 affil=0.99975 (0.16s)
[ucr] 138_UCR_Anomaly_InternalBleeding19 lof                      tuned    vus=0.65139 affil=0.99968 (0.57s)
[ucr] 138_UCR_Anomaly_InternalBleeding19 knn                      default  vus=0.58994 affil=0.99963 (0.09s)
[ucr] 138_UCR_Anomaly_InternalBleeding19 knn                      tuned    vus=0.71356 affil=0.99971 (0.36s)
[ucr] 138_UCR_Anomaly_InternalBleeding19 ae                       default  vus=0.24696 affil=0.99622 (1.4s)
[ucr] 138_UCR_Anomaly_InternalBleeding19 ae                       tuned    vus=0.00946 affil=0.64311 (1.46s)
[ucr] 140_UCR_Anomaly_InternalBleeding4_ iforest                  default  vus=0.51202 affil=0.99432 (1.39s)
[ucr] 140_UCR_Anomaly_InternalBleeding4_ lof                      default  vus=0.56086 affil=0.99353 (0.14s)
[ucr] 140_UCR_Anomaly_InternalBleeding4_ knn                      default  vus=0.62844 affil=0.99261 (0.11s)
[ucr] 140_UCR_Anomaly_InternalBleeding4_ ae                       default  vus=0.63566 affil=0.99482 (0.76s)
[ucr] 142_UCR_Anomaly_InternalBleeding6_ iforest                  default  vus=0.68384 affil=0.99894 (1.39s)
[ucr] 142_UCR_Anomaly_InternalBleeding6_ lof                      default  vus=0.77522 affil=0.99913 (0.16s)
[ucr] 142_UCR_Anomaly_InternalBleeding6_ knn                      default  vus=0.8398 affil=0.99925 (0.11s)
[ucr] 142_UCR_Anomaly_InternalBleeding6_ ae                       default  vus=0.76197 affil=0.99927 (1.06s)
[ucr] 144_UCR_Anomaly_InternalBleeding9_ iforest                  default  vus=0.02235 affil=0.82369 (1.3s)
[ucr] 144_UCR_Anomaly_InternalBleeding9_ iforest                  tuned    vus=0.02245 affil=0.8249 (0.96s)
[ucr] 144_UCR_Anomaly_InternalBleeding9_ lof                      default  vus=0.025 affil=0.81208 (0.16s)
[ucr] 144_UCR_Anomaly_InternalBleeding9_ lof                      tuned    vus=0.02213 affil=0.62134 (0.32s)
[ucr] 144_UCR_Anomaly_InternalBleeding9_ knn                      default  vus=0.02956 affil=0.82851 (0.07s)
[ucr] 144_UCR_Anomaly_InternalBleeding9_ knn                      tuned    vus=0.07999 affil=0.64563 (0.33s)
[ucr] 144_UCR_Anomaly_InternalBleeding9_ ae                       default  vus=0.02134 affil=0.81642 (1.75s)
[ucr] 144_UCR_Anomaly_InternalBleeding9_ ae                       tuned    vus=0.0211 affil=0.60644 (1.35s)
[ucr] 146_UCR_Anomaly_Lab2Cmac011215EPG2 iforest                  default  vus=0.00526 affil=0.84747 (2.51s)
[ucr] 146_UCR_Anomaly_Lab2Cmac011215EPG2 iforest                  tuned    vus=0.01341 affil=0.77876 (2.38s)
[ucr] 146_UCR_Anomaly_Lab2Cmac011215EPG2 lof                      default  vus=0.00633 affil=0.84577 (0.72s)
[ucr] 146_UCR_Anomaly_Lab2Cmac011215EPG2 lof                      tuned    vus=0.06121 affil=0.84747 (1.97s)
[ucr] 146_UCR_Anomaly_Lab2Cmac011215EPG2 knn                      default  vus=0.01495 affil=0.84577 (0.49s)
[ucr] 146_UCR_Anomaly_Lab2Cmac011215EPG2 knn                      tuned    vus=0.12732 affil=0.84747 (1.75s)
[ucr] 146_UCR_Anomaly_Lab2Cmac011215EPG2 ae                       default  vus=0.00503 affil=0.84595 (3.12s)
[ucr] 146_UCR_Anomaly_Lab2Cmac011215EPG2 ae                       tuned    vus=0.03761 affil=0.84717 (5.93s)
[ucr] 148_UCR_Anomaly_Lab2Cmac011215EPG4 iforest                  default  vus=0.00702 affil=0.78673 (2.51s)
[ucr] 148_UCR_Anomaly_Lab2Cmac011215EPG4 iforest                  tuned    vus=0.00668 affil=0.80094 (2.42s)
[ucr] 148_UCR_Anomaly_Lab2Cmac011215EPG4 lof                      default  vus=0.03019 affil=0.77981 (0.71s)
[ucr] 148_UCR_Anomaly_Lab2Cmac011215EPG4 lof                      tuned    vus=0.28843 affil=0.82612 (2.16s)
[ucr] 148_UCR_Anomaly_Lab2Cmac011215EPG4 knn                      default  vus=0.21128 affil=0.77764 (0.49s)
[ucr] 148_UCR_Anomaly_Lab2Cmac011215EPG4 knn                      tuned    vus=0.32915 affil=0.86948 (1.79s)
[ucr] 148_UCR_Anomaly_Lab2Cmac011215EPG4 ae                       default  vus=0.01519 affil=0.77509 (3.45s)
[ucr] 148_UCR_Anomaly_Lab2Cmac011215EPG4 ae                       tuned    vus=0.12125 affil=0.80473 (6.62s)
[ucr] 150_UCR_Anomaly_Lab2Cmac011215EPG6 iforest                  default  vus=0.00924 affil=0.60132 (2.71s)
[ucr] 150_UCR_Anomaly_Lab2Cmac011215EPG6 iforest                  tuned    vus=0.00898 affil=0.61061 (2.36s)
[ucr] 150_UCR_Anomaly_Lab2Cmac011215EPG6 lof                      default  vus=0.01095 affil=0.67952 (0.82s)
[ucr] 150_UCR_Anomaly_Lab2Cmac011215EPG6 lof                      tuned    vus=0.36933 affil=0.79806 (1.99s)
[ucr] 150_UCR_Anomaly_Lab2Cmac011215EPG6 knn                      default  vus=0.03995 affil=0.71469 (0.52s)
[ucr] 150_UCR_Anomaly_Lab2Cmac011215EPG6 knn                      tuned    vus=0.38089 affil=0.80801 (1.75s)
[ucr] 150_UCR_Anomaly_Lab2Cmac011215EPG6 ae                       default  vus=0.00839 affil=0.67244 (3.65s)
[ucr] 150_UCR_Anomaly_Lab2Cmac011215EPG6 ae                       tuned    vus=0.00814 affil=0.69211 (7.43s)
[ucr] 152_UCR_Anomaly_PowerDemand1_9000_ iforest                  default  vus=0.01287 affil=0.64614 (2.33s)
[ucr] 152_UCR_Anomaly_PowerDemand1_9000_ iforest                  tuned    vus=0.01284 affil=0.64395 (2.34s)
[ucr] 152_UCR_Anomaly_PowerDemand1_9000_ lof                      default  vus=0.82288 affil=0.99955 (0.67s)
[ucr] 152_UCR_Anomaly_PowerDemand1_9000_ lof                      tuned    vus=0.74908 affil=0.99961 (2.75s)
[ucr] 152_UCR_Anomaly_PowerDemand1_9000_ knn                      default  vus=0.84258 affil=0.99948 (0.51s)
[ucr] 152_UCR_Anomaly_PowerDemand1_9000_ knn                      tuned    vus=0.84285 affil=0.99946 (1.28s)
[ucr] 152_UCR_Anomaly_PowerDemand1_9000_ ae                       default  vus=0.06097 affil=0.74324 (4.2s)
[ucr] 152_UCR_Anomaly_PowerDemand1_9000_ ae                       tuned    vus=0.03567 affil=0.63065 (4.91s)
[ucr] 154_UCR_Anomaly_PowerDemand3_16000 iforest                  default  vus=0.00468 affil=0.61483 (1.96s)
[ucr] 154_UCR_Anomaly_PowerDemand3_16000 iforest                  tuned    vus=0.00459 affil=0.60342 (1.74s)
[ucr] 154_UCR_Anomaly_PowerDemand3_16000 lof                      default  vus=0.02283 affil=0.62088 (0.7s)
[ucr] 154_UCR_Anomaly_PowerDemand3_16000 lof                      tuned    vus=0.27224 affil=0.77856 (2.05s)
[ucr] 154_UCR_Anomaly_PowerDemand3_16000 knn                      default  vus=0.11807 affil=0.68171 (0.42s)
[ucr] 154_UCR_Anomaly_PowerDemand3_16000 knn                      tuned    vus=0.11807 affil=0.68171 (1.03s)
[ucr] 154_UCR_Anomaly_PowerDemand3_16000 ae                       default  vus=0.18483 affil=0.69956 (6.12s)
[ucr] 154_UCR_Anomaly_PowerDemand3_16000 ae                       tuned    vus=0.09907 affil=0.6939 (6.82s)
[ucr] 156_UCR_Anomaly_TkeepFifthMARS_350 iforest                  default  vus=0.01081 affil=0.39851 (1.88s)
[ucr] 156_UCR_Anomaly_TkeepFifthMARS_350 iforest                  tuned    vus=0.01081 affil=0.39851 (1.93s)
[ucr] 156_UCR_Anomaly_TkeepFifthMARS_350 lof                      default  vus=0.83563 affil=0.99972 (0.24s)
[ucr] 156_UCR_Anomaly_TkeepFifthMARS_350 lof                      tuned    vus=0.86284 affil=0.99967 (0.63s)
[ucr] 156_UCR_Anomaly_TkeepFifthMARS_350 knn                      default  vus=0.82911 affil=0.99878 (0.15s)
[ucr] 156_UCR_Anomaly_TkeepFifthMARS_350 knn                      tuned    vus=0.29313 affil=0.98443 (0.62s)
[ucr] 156_UCR_Anomaly_TkeepFifthMARS_350 ae                       default  vus=0.78448 affil=0.99964 (1.64s)
[ucr] 156_UCR_Anomaly_TkeepFifthMARS_350 ae                       tuned    vus=0.74988 affil=0.99969 (2.95s)
[ucr] 158_UCR_Anomaly_TkeepForthMARS_350 iforest                  default  vus=0.0123 affil=0.401 (1.47s)
[ucr] 158_UCR_Anomaly_TkeepForthMARS_350 iforest                  tuned    vus=0.0123 affil=0.401 (1.89s)
[ucr] 158_UCR_Anomaly_TkeepForthMARS_350 lof                      default  vus=0.01072 affil=0.43111 (0.24s)
[ucr] 158_UCR_Anomaly_TkeepForthMARS_350 lof                      tuned    vus=0.01193 affil=0.41295 (0.64s)
[ucr] 158_UCR_Anomaly_TkeepForthMARS_350 knn                      default  vus=0.01245 affil=0.80774 (0.15s)
[ucr] 158_UCR_Anomaly_TkeepForthMARS_350 knn                      tuned    vus=0.56005 affil=0.97468 (0.64s)
[ucr] 158_UCR_Anomaly_TkeepForthMARS_350 ae                       default  vus=0.0109 affil=0.43634 (1.69s)
[ucr] 158_UCR_Anomaly_TkeepForthMARS_350 ae                       tuned    vus=0.02415 affil=0.91018 (2.04s)
[ucr] 160_UCR_Anomaly_TkeepThirdMARS_350 iforest                  default  vus=0.33258 affil=0.99267 (1.53s)
[ucr] 160_UCR_Anomaly_TkeepThirdMARS_350 iforest                  tuned    vus=0.33258 affil=0.99267 (1.92s)
[ucr] 160_UCR_Anomaly_TkeepThirdMARS_350 lof                      default  vus=0.82126 affil=0.99719 (0.24s)
[ucr] 160_UCR_Anomaly_TkeepThirdMARS_350 lof                      tuned    vus=0.93355 affil=0.99786 (0.66s)
[ucr] 160_UCR_Anomaly_TkeepThirdMARS_350 knn                      default  vus=0.94659 affil=0.99919 (0.15s)
[ucr] 160_UCR_Anomaly_TkeepThirdMARS_350 knn                      tuned    vus=0.75886 affil=0.99594 (0.64s)
[ucr] 160_UCR_Anomaly_TkeepThirdMARS_350 ae                       default  vus=0.77072 affil=0.99572 (1.64s)
[ucr] 160_UCR_Anomaly_TkeepThirdMARS_350 ae                       tuned    vus=0.58075 affil=0.99329 (2.02s)
[ucr] 162_UCR_Anomaly_WalkingAceleration iforest                  default  vus=0.95804 affil=0.99936 (1.32s)
[ucr] 162_UCR_Anomaly_WalkingAceleration iforest                  tuned    vus=0.90376 affil=0.99938 (1.53s)
[ucr] 162_UCR_Anomaly_WalkingAceleration lof                      default  vus=0.95346 affil=0.99933 (0.15s)
[ucr] 162_UCR_Anomaly_WalkingAceleration lof                      tuned    vus=0.96197 affil=0.9994 (0.34s)
[ucr] 162_UCR_Anomaly_WalkingAceleration knn                      default  vus=0.95702 affil=0.99933 (0.08s)
[ucr] 162_UCR_Anomaly_WalkingAceleration knn                      tuned    vus=0.90931 affil=0.99939 (0.36s)
[ucr] 162_UCR_Anomaly_WalkingAceleration ae                       default  vus=0.95769 affil=0.99929 (1.31s)
[ucr] 162_UCR_Anomaly_WalkingAceleration ae                       tuned    vus=0.94767 affil=0.99938 (1.11s)
[ucr] 164_UCR_Anomaly_apneaecg3_5000_111 iforest                  default  vus=0.00711 affil=0.65608 (2.86s)
[ucr] 164_UCR_Anomaly_apneaecg3_5000_111 iforest                  tuned    vus=0.0032 affil=0.62135 (7.53s)
[ucr] 164_UCR_Anomaly_apneaecg3_5000_111 lof                      default  vus=0.00659 affil=0.65756 (0.87s)
[ucr] 164_UCR_Anomaly_apneaecg3_5000_111 lof                      tuned    vus=0.01539 affil=0.71849 (2.48s)
[ucr] 164_UCR_Anomaly_apneaecg3_5000_111 knn                      default  vus=0.00881 affil=0.64904 (0.66s)
[ucr] 164_UCR_Anomaly_apneaecg3_5000_111 knn                      tuned    vus=0.03092 affil=0.64294 (2.2s)
[ucr] 164_UCR_Anomaly_apneaecg3_5000_111 ae                       default  vus=0.00704 affil=0.65038 (3.56s)
[ucr] 164_UCR_Anomaly_apneaecg3_5000_111 ae                       tuned    vus=0.02088 affil=0.65776 (6.64s)
[ucr] 166_UCR_Anomaly_apneaecg_10000_122 iforest                  default  vus=0.00225 affil=0.6497 (2.79s)
[ucr] 166_UCR_Anomaly_apneaecg_10000_122 iforest                  tuned    vus=0.00222 affil=0.64909 (2.82s)
[ucr] 166_UCR_Anomaly_apneaecg_10000_122 lof                      default  vus=0.01139 affil=0.66192 (0.9s)
[ucr] 166_UCR_Anomaly_apneaecg_10000_122 lof                      tuned    vus=0.47072 affil=0.99962 (2.72s)
[ucr] 166_UCR_Anomaly_apneaecg_10000_122 knn                      default  vus=0.07115 affil=0.61817 (0.69s)
[ucr] 166_UCR_Anomaly_apneaecg_10000_122 knn                      tuned    vus=0.18774 affil=0.58739 (1.7s)
[ucr] 166_UCR_Anomaly_apneaecg_10000_122 ae                       default  vus=0.00797 affil=0.60073 (5.0s)
[ucr] 166_UCR_Anomaly_apneaecg_10000_122 ae                       tuned    vus=0.0068 affil=0.57866 (6.0s)
[ucr] 168_UCR_Anomaly_gait2_22000_46500_ iforest                  default  vus=0.02665 affil=0.68574 (3.39s)
[ucr] 168_UCR_Anomaly_gait2_22000_46500_ iforest                  tuned    vus=0.09444 affil=0.83657 (9.27s)
[ucr] 168_UCR_Anomaly_gait2_22000_46500_ lof                      default  vus=0.3307 affil=0.99835 (1.95s)
[ucr] 168_UCR_Anomaly_gait2_22000_46500_ lof                      tuned    vus=0.43818 affil=0.99843 (2.62s)
[ucr] 168_UCR_Anomaly_gait2_22000_46500_ knn                      default  vus=0.33961 affil=0.99833 (1.5s)
[ucr] 168_UCR_Anomaly_gait2_22000_46500_ knn                      tuned    vus=0.35947 affil=0.99833 (3.23s)
[ucr] 168_UCR_Anomaly_gait2_22000_46500_ ae                       default  vus=0.18307 affil=0.99824 (9.88s)
[ucr] 168_UCR_Anomaly_gait2_22000_46500_ ae                       tuned    vus=0.09804 affil=0.77019 (10.23s)
[ucr] 170_UCR_Anomaly_gaitHunt1_18500_33 iforest                  default  vus=0.0137 affil=0.65662 (3.87s)
[ucr] 170_UCR_Anomaly_gaitHunt1_18500_33 iforest                  tuned    vus=0.01066 affil=0.65254 (4.27s)
[ucr] 170_UCR_Anomaly_gaitHunt1_18500_33 lof                      default  vus=0.15318 affil=0.93988 (1.92s)
[ucr] 170_UCR_Anomaly_gaitHunt1_18500_33 lof                      tuned    vus=0.22683 affil=0.8508 (3.34s)
[ucr] 170_UCR_Anomaly_gaitHunt1_18500_33 knn                      default  vus=0.27947 affil=0.81514 (1.4s)
[ucr] 170_UCR_Anomaly_gaitHunt1_18500_33 knn                      tuned    vus=0.27947 affil=0.81514 (3.03s)
[ucr] 170_UCR_Anomaly_gaitHunt1_18500_33 ae                       default  vus=0.37452 affil=0.99961 (9.13s)
[ucr] 170_UCR_Anomaly_gaitHunt1_18500_33 ae                       tuned    vus=0.00703 affil=0.67553 (10.37s)
[ucr] 172_UCR_Anomaly_gaitHunt3_23400_38 iforest                  default  vus=0.52987 affil=0.99166 (3.53s)
[ucr] 172_UCR_Anomaly_gaitHunt3_23400_38 iforest                  tuned    vus=0.52889 affil=0.99153 (3.91s)
[ucr] 172_UCR_Anomaly_gaitHunt3_23400_38 lof                      default  vus=0.63009 affil=0.99646 (2.03s)
[ucr] 172_UCR_Anomaly_gaitHunt3_23400_38 lof                      tuned    vus=0.55547 affil=0.95343 (2.49s)
[ucr] 172_UCR_Anomaly_gaitHunt3_23400_38 knn                      default  vus=0.74291 affil=0.99888 (1.46s)
[ucr] 172_UCR_Anomaly_gaitHunt3_23400_38 knn                      tuned    vus=0.6572 affil=0.96999 (2.39s)
[ucr] 172_UCR_Anomaly_gaitHunt3_23400_38 ae                       default  vus=0.53902 affil=0.99523 (10.36s)
[ucr] 172_UCR_Anomaly_gaitHunt3_23400_38 ae                       tuned    vus=0.31251 affil=0.99096 (10.91s)
[ucr] 174_UCR_Anomaly_insectEPG2_3700_80 iforest                  default  vus=0.15956 affil=0.8424 (1.47s)
[ucr] 174_UCR_Anomaly_insectEPG2_3700_80 iforest                  tuned    vus=0.18962 affil=0.87455 (1.77s)
[ucr] 174_UCR_Anomaly_insectEPG2_3700_80 lof                      default  vus=0.88868 affil=0.99925 (0.21s)
[ucr] 174_UCR_Anomaly_insectEPG2_3700_80 lof                      tuned    vus=0.88341 affil=0.99924 (0.6s)
[ucr] 174_UCR_Anomaly_insectEPG2_3700_80 knn                      default  vus=0.88823 affil=0.99925 (0.12s)
[ucr] 174_UCR_Anomaly_insectEPG2_3700_80 knn                      tuned    vus=0.88155 affil=0.99924 (0.53s)
[ucr] 174_UCR_Anomaly_insectEPG2_3700_80 ae                       default  vus=0.85606 affil=0.99925 (1.6s)
[ucr] 174_UCR_Anomaly_insectEPG2_3700_80 ae                       tuned    vus=0.88908 affil=0.99925 (3.88s)
[ucr] 176_UCR_Anomaly_insectEPG4_1300_65 iforest                  default  vus=0.04972 affil=0.96158 (1.6s)
[ucr] 176_UCR_Anomaly_insectEPG4_1300_65 lof                      default  vus=0.0049 affil=0.95899 (0.2s)
[ucr] 176_UCR_Anomaly_insectEPG4_1300_65 knn                      default  vus=0.70485 affil=0.99781 (0.15s)
[ucr] 176_UCR_Anomaly_insectEPG4_1300_65 ae                       default  vus=0.0057 affil=0.96032 (0.96s)
[ucr] 178_UCR_Anomaly_ltstdbs30791AI_175 iforest                  default  vus=0.35993 affil=0.99894 (3.17s)
[ucr] 178_UCR_Anomaly_ltstdbs30791AI_175 iforest                  tuned    vus=0.35109 affil=0.99894 (3.56s)
[ucr] 178_UCR_Anomaly_ltstdbs30791AI_175 lof                      default  vus=0.62562 affil=0.99832 (1.68s)
[ucr] 178_UCR_Anomaly_ltstdbs30791AI_175 lof                      tuned    vus=0.40761 affil=0.99853 (5.0s)
[ucr] 178_UCR_Anomaly_ltstdbs30791AI_175 knn                      default  vus=0.67322 affil=0.99854 (1.25s)
[ucr] 178_UCR_Anomaly_ltstdbs30791AI_175 knn                      tuned    vus=0.67334 affil=0.99854 (2.56s)
[ucr] 178_UCR_Anomaly_ltstdbs30791AI_175 ae                       default  vus=0.64081 affil=0.9985 (8.0s)
[ucr] 178_UCR_Anomaly_ltstdbs30791AI_175 ae                       tuned    vus=0.63185 affil=0.9984 (9.49s)
[ucr] 180_UCR_Anomaly_ltstdbs30791ES_200 iforest                  default  vus=0.0067 affil=0.72288 (3.19s)
[ucr] 180_UCR_Anomaly_ltstdbs30791ES_200 iforest                  tuned    vus=0.00677 affil=0.72904 (3.49s)
[ucr] 180_UCR_Anomaly_ltstdbs30791ES_200 lof                      default  vus=0.44356 affil=0.9984 (1.58s)
[ucr] 180_UCR_Anomaly_ltstdbs30791ES_200 lof                      tuned    vus=0.45846 affil=0.9984 (2.69s)
[ucr] 180_UCR_Anomaly_ltstdbs30791ES_200 knn                      default  vus=0.1856 affil=0.9984 (1.13s)
[ucr] 180_UCR_Anomaly_ltstdbs30791ES_200 knn                      tuned    vus=0.21008 affil=0.9984 (2.48s)
[ucr] 180_UCR_Anomaly_ltstdbs30791ES_200 ae                       default  vus=0.26764 affil=0.9984 (8.94s)
[ucr] 180_UCR_Anomaly_ltstdbs30791ES_200 ae                       tuned    vus=0.18619 affil=0.9984 (9.96s)
[ucr] 182_UCR_Anomaly_qtdbSel1005V_4000_ iforest                  default  vus=0.01358 affil=0.68276 (2.81s)
[ucr] 182_UCR_Anomaly_qtdbSel1005V_4000_ iforest                  tuned    vus=0.01388 affil=0.66356 (2.74s)
[ucr] 182_UCR_Anomaly_qtdbSel1005V_4000_ lof                      default  vus=0.01194 affil=0.64222 (0.79s)
[ucr] 182_UCR_Anomaly_qtdbSel1005V_4000_ lof                      tuned    vus=0.01433 affil=0.7016 (2.27s)
[ucr] 182_UCR_Anomaly_qtdbSel1005V_4000_ knn                      default  vus=0.01554 affil=0.66344 (0.59s)
[ucr] 182_UCR_Anomaly_qtdbSel1005V_4000_ knn                      tuned    vus=0.01509 affil=0.66045 (2.12s)
[ucr] 182_UCR_Anomaly_qtdbSel1005V_4000_ ae                       default  vus=0.01128 affil=0.61565 (3.39s)
[ucr] 182_UCR_Anomaly_qtdbSel1005V_4000_ ae                       tuned    vus=0.0138 affil=0.6474 (5.89s)
[ucr] 184_UCR_Anomaly_resperation10_4800 iforest                  default  vus=0.03483 affil=0.85807 (9.46s)
[ucr] 184_UCR_Anomaly_resperation10_4800 iforest                  tuned    vus=0.07429 affil=0.95502 (17.37s)
[ucr] 184_UCR_Anomaly_resperation10_4800 lof                      default  vus=0.20402 affil=0.74802 (9.99s)
[ucr] 184_UCR_Anomaly_resperation10_4800 lof                      tuned    vus=0.27424 affil=0.99933 (14.7s)
[ucr] 184_UCR_Anomaly_resperation10_4800 knn                      default  vus=0.18206 affil=0.7577 (8.11s)
[ucr] 184_UCR_Anomaly_resperation10_4800 knn                      tuned    vus=0.35526 affil=0.99824 (9.86s)
[ucr] 184_UCR_Anomaly_resperation10_4800 ae                       default  vus=0.40937 affil=0.99908 (24.43s)
[ucr] 184_UCR_Anomaly_resperation10_4800 ae                       tuned    vus=0.3031 affil=0.99933 (29.2s)
[ucr] 186_UCR_Anomaly_resperation1_10000 iforest                  default  vus=0.01499 affil=0.81176 (6.93s)
[ucr] 186_UCR_Anomaly_resperation1_10000 iforest                  tuned    vus=0.00184 affil=0.82199 (20.2s)
[ucr] 186_UCR_Anomaly_resperation1_10000 lof                      default  vus=0.11034 affil=0.84142 (13.87s)
[ucr] 186_UCR_Anomaly_resperation1_10000 lof                      tuned    vus=0.05365 affil=0.81515 (17.39s)
[ucr] 186_UCR_Anomaly_resperation1_10000 knn                      default  vus=0.23709 affil=0.99972 (9.87s)
[ucr] 186_UCR_Anomaly_resperation1_10000 knn                      tuned    vus=0.32265 affil=0.99983 (8.35s)
[ucr] 186_UCR_Anomaly_resperation1_10000 ae                       default  vus=0.01761 affil=0.7864 (38.78s)
[ucr] 186_UCR_Anomaly_resperation1_10000 ae                       tuned    vus=0.01162 affil=0.8813 (44.9s)
[ucr] 188_UCR_Anomaly_resperation2_30000 iforest                  default  vus=3e-05 affil=0.63861 (10.22s)
[ucr] 188_UCR_Anomaly_resperation2_30000 iforest                  tuned    vus=2e-05 affil=0.65398 (32.0s)
[ucr] 188_UCR_Anomaly_resperation2_30000 lof                      default  vus=3e-05 affil=0.52283 (7.62s)
[ucr] 188_UCR_Anomaly_resperation2_30000 lof                      tuned    vus=4e-05 affil=0.52917 (11.97s)
[ucr] 188_UCR_Anomaly_resperation2_30000 knn                      default  vus=2e-05 affil=0.54135 (6.46s)
[ucr] 188_UCR_Anomaly_resperation2_30000 knn                      tuned    vus=2e-05 affil=0.54577 (11.17s)
[ucr] 188_UCR_Anomaly_resperation2_30000 ae                       default  vus=2e-05 affil=0.58454 (19.23s)
[ucr] 188_UCR_Anomaly_resperation2_30000 ae                       tuned    vus=2e-05 affil=0.60318 (24.32s)
[ucr] 190_UCR_Anomaly_resperation4_70000 iforest                  default  vus=3e-05 affil=0.89757 (8.02s)
[ucr] 190_UCR_Anomaly_resperation4_70000 iforest                  tuned    vus=3e-05 affil=0.89749 (15.94s)
[ucr] 190_UCR_Anomaly_resperation4_70000 lof                      default  vus=3e-05 affil=0.90024 (11.44s)
[ucr] 190_UCR_Anomaly_resperation4_70000 lof                      tuned    vus=7e-05 affil=0.80928 (47.15s)
[ucr] 190_UCR_Anomaly_resperation4_70000 knn                      default  vus=3e-05 affil=0.8974 (12.83s)
[ucr] 190_UCR_Anomaly_resperation4_70000 knn                      tuned    vus=3e-05 affil=0.80852 (10.29s)
[ucr] 190_UCR_Anomaly_resperation4_70000 ae                       default  vus=3e-05 affil=0.79309 (30.27s)
[ucr] 190_UCR_Anomaly_resperation4_70000 ae                       tuned    vus=3e-05 affil=0.79309 (34.44s)
[ucr] 192_UCR_Anomaly_s20101mML2_12000_3 iforest                  default  vus=0.51043 affil=0.99893 (2.54s)
[ucr] 192_UCR_Anomaly_s20101mML2_12000_3 iforest                  tuned    vus=0.50821 affil=0.99893 (3.73s)
[ucr] 192_UCR_Anomaly_s20101mML2_12000_3 lof                      default  vus=0.80749 affil=0.99933 (0.98s)
[ucr] 192_UCR_Anomaly_s20101mML2_12000_3 lof                      tuned    vus=0.79612 affil=0.99933 (1.94s)
[ucr] 192_UCR_Anomaly_s20101mML2_12000_3 knn                      default  vus=0.79561 affil=0.99915 (0.79s)
[ucr] 192_UCR_Anomaly_s20101mML2_12000_3 knn                      tuned    vus=0.79595 affil=0.99915 (1.98s)
[ucr] 192_UCR_Anomaly_s20101mML2_12000_3 ae                       default  vus=0.83411 affil=0.99933 (7.14s)
[ucr] 192_UCR_Anomaly_s20101mML2_12000_3 ae                       tuned    vus=0.82699 affil=0.99933 (6.66s)
[ucr] 194_UCR_Anomaly_sddb49_20000_67950 iforest                  default  vus=0.01426 affil=0.73051 (4.2s)
[ucr] 194_UCR_Anomaly_sddb49_20000_67950 iforest                  tuned    vus=0.01418 affil=0.73102 (5.19s)
[ucr] 194_UCR_Anomaly_sddb49_20000_67950 lof                      default  vus=0.23858 affil=0.99917 (2.43s)
[ucr] 194_UCR_Anomaly_sddb49_20000_67950 lof                      tuned    vus=0.23692 affil=0.99917 (4.34s)
[ucr] 194_UCR_Anomaly_sddb49_20000_67950 knn                      default  vus=0.18076 affil=0.99919 (1.89s)
[ucr] 194_UCR_Anomaly_sddb49_20000_67950 knn                      tuned    vus=0.40025 affil=0.9992 (3.34s)
[ucr] 194_UCR_Anomaly_sddb49_20000_67950 ae                       default  vus=0.43909 affil=0.99918 (10.08s)
[ucr] 194_UCR_Anomaly_sddb49_20000_67950 ae                       tuned    vus=0.76809 affil=0.99918 (12.6s)
[ucr] 196_UCR_Anomaly_sel840mECG2_20000_ iforest                  default  vus=0.00941 affil=0.76221 (3.09s)
[ucr] 196_UCR_Anomaly_sel840mECG2_20000_ iforest                  tuned    vus=0.00852 affil=0.68519 (8.55s)
[ucr] 196_UCR_Anomaly_sel840mECG2_20000_ lof                      default  vus=0.03781 affil=0.79881 (1.66s)
[ucr] 196_UCR_Anomaly_sel840mECG2_20000_ lof                      tuned    vus=0.04324 affil=0.7983 (2.8s)
[ucr] 196_UCR_Anomaly_sel840mECG2_20000_ knn                      default  vus=0.03955 affil=0.80946 (1.21s)
[ucr] 196_UCR_Anomaly_sel840mECG2_20000_ knn                      tuned    vus=0.04017 affil=0.80856 (4.09s)
[ucr] 196_UCR_Anomaly_sel840mECG2_20000_ ae                       default  vus=0.01822 affil=0.7274 (9.15s)
[ucr] 196_UCR_Anomaly_sel840mECG2_20000_ ae                       tuned    vus=0.00859 affil=0.67545 (10.57s)
[ucr] 198_UCR_Anomaly_tiltAPB2_50000_124 iforest                  default  vus=0.01759 affil=0.70759 (5.36s)
[ucr] 198_UCR_Anomaly_tiltAPB2_50000_124 iforest                  tuned    vus=0.02781 affil=0.74725 (9.08s)
[ucr] 198_UCR_Anomaly_tiltAPB2_50000_124 lof                      default  vus=0.10253 affil=0.80202 (5.91s)
[ucr] 198_UCR_Anomaly_tiltAPB2_50000_124 lof                      tuned    vus=0.23386 affil=0.82622 (5.87s)
[ucr] 198_UCR_Anomaly_tiltAPB2_50000_124 knn                      default  vus=0.17556 affil=0.82431 (4.62s)
[ucr] 198_UCR_Anomaly_tiltAPB2_50000_124 knn                      tuned    vus=0.31987 affil=0.85527 (5.37s)
[ucr] 198_UCR_Anomaly_tiltAPB2_50000_124 ae                       default  vus=0.35615 affil=0.99841 (20.61s)
[ucr] 198_UCR_Anomaly_tiltAPB2_50000_124 ae                       tuned    vus=0.77723 affil=0.99698 (19.9s)
[ucr] 200_UCR_Anomaly_tiltAPB4_20000_679 iforest                  default  vus=8e-05 affil=0.74039 (6.89s)
[ucr] 200_UCR_Anomaly_tiltAPB4_20000_679 iforest                  tuned    vus=8e-05 affil=0.74039 (12.31s)
[ucr] 200_UCR_Anomaly_tiltAPB4_20000_679 lof                      default  vus=6e-05 affil=0.60819 (4.54s)
[ucr] 200_UCR_Anomaly_tiltAPB4_20000_679 lof                      tuned    vus=8e-05 affil=0.48177 (5.08s)
[ucr] 200_UCR_Anomaly_tiltAPB4_20000_679 knn                      default  vus=0.00019 affil=0.60314 (3.51s)
[ucr] 200_UCR_Anomaly_tiltAPB4_20000_679 knn                      tuned    vus=6e-05 affil=0.58805 (5.9s)
[ucr] 200_UCR_Anomaly_tiltAPB4_20000_679 ae                       default  vus=0.00737 affil=0.71496 (13.37s)
[ucr] 200_UCR_Anomaly_tiltAPB4_20000_679 ae                       tuned    vus=8e-05 affil=0.57759 (18.96s)
[ucr] 202_UCR_Anomaly_CHARISfive_10411_1 iforest                  default  vus=0.001 affil=0.67341 (2.83s)
[ucr] 202_UCR_Anomaly_CHARISfive_10411_1 iforest                  tuned    vus=0.00087 affil=0.66639 (6.17s)
[ucr] 202_UCR_Anomaly_CHARISfive_10411_1 lof                      default  vus=0.04683 affil=0.61154 (1.03s)
[ucr] 202_UCR_Anomaly_CHARISfive_10411_1 lof                      tuned    vus=0.0631 affil=0.60845 (2.12s)
[ucr] 202_UCR_Anomaly_CHARISfive_10411_1 knn                      default  vus=0.07444 affil=0.4705 (0.76s)
[ucr] 202_UCR_Anomaly_CHARISfive_10411_1 knn                      tuned    vus=0.07953 affil=0.47 (1.83s)
[ucr] 202_UCR_Anomaly_CHARISfive_10411_1 ae                       default  vus=0.13749 affil=0.95007 (5.26s)
[ucr] 202_UCR_Anomaly_CHARISfive_10411_1 ae                       tuned    vus=0.12869 affil=0.8659 (7.02s)
[ucr] 204_UCR_Anomaly_CHARISfive_12412_1 iforest                  default  vus=0.00282 affil=0.65237 (2.88s)
[ucr] 204_UCR_Anomaly_CHARISfive_12412_1 iforest                  tuned    vus=0.00236 affil=0.64732 (5.83s)
[ucr] 204_UCR_Anomaly_CHARISfive_12412_1 lof                      default  vus=0.16357 affil=0.62224 (1.1s)
[ucr] 204_UCR_Anomaly_CHARISfive_12412_1 lof                      tuned    vus=0.22096 affil=0.62004 (2.12s)
[ucr] 204_UCR_Anomaly_CHARISfive_12412_1 knn                      default  vus=0.22268 affil=0.60288 (0.78s)
[ucr] 204_UCR_Anomaly_CHARISfive_12412_1 knn                      tuned    vus=0.22861 affil=0.60157 (1.85s)
[ucr] 204_UCR_Anomaly_CHARISfive_12412_1 ae                       default  vus=0.54692 affil=0.99933 (5.8s)
[ucr] 204_UCR_Anomaly_CHARISfive_12412_1 ae                       tuned    vus=0.55126 affil=0.99935 (7.1s)
[ucr] 206_UCR_Anomaly_CHARISten_25130_29 iforest                  default  vus=0.01235 affil=0.67448 (2.56s)
[ucr] 206_UCR_Anomaly_CHARISten_25130_29 iforest                  tuned    vus=0.01235 affil=0.67448 (2.75s)
[ucr] 206_UCR_Anomaly_CHARISten_25130_29 lof                      default  vus=0.25156 affil=0.87768 (1.14s)
[ucr] 206_UCR_Anomaly_CHARISten_25130_29 lof                      tuned    vus=0.25156 affil=0.87768 (1.79s)
[ucr] 206_UCR_Anomaly_CHARISten_25130_29 knn                      default  vus=0.24052 affil=0.8926 (0.62s)
[ucr] 206_UCR_Anomaly_CHARISten_25130_29 knn                      tuned    vus=0.31356 affil=0.89351 (2.19s)
[ucr] 206_UCR_Anomaly_CHARISten_25130_29 ae                       default  vus=0.23266 affil=0.8909 (9.48s)
[ucr] 206_UCR_Anomaly_CHARISten_25130_29 ae                       tuned    vus=0.3441 affil=0.89062 (26.17s)
[ucr] 208_UCR_Anomaly_CHARISten_5130_279 iforest                  default  vus=0.34833 affil=0.9996 (4.23s)
[ucr] 208_UCR_Anomaly_CHARISten_5130_279 iforest                  tuned    vus=0.10874 affil=0.71912 (4.0s)
[ucr] 208_UCR_Anomaly_CHARISten_5130_279 lof                      default  vus=0.31576 affil=0.99948 (1.13s)
[ucr] 208_UCR_Anomaly_CHARISten_5130_279 lof                      tuned    vus=0.2867 affil=0.99963 (3.3s)
[ucr] 208_UCR_Anomaly_CHARISten_5130_279 knn                      default  vus=0.13807 affil=0.99944 (0.75s)
[ucr] 208_UCR_Anomaly_CHARISten_5130_279 knn                      tuned    vus=0.22319 affil=0.9996 (3.01s)
[ucr] 208_UCR_Anomaly_CHARISten_5130_279 ae                       default  vus=0.20736 affil=0.9996 (4.77s)
[ucr] 208_UCR_Anomaly_CHARISten_5130_279 ae                       tuned    vus=0.18461 affil=0.99965 (6.74s)
[ucr] 210_UCR_Anomaly_Italianpowerdemand iforest                  default  vus=0.00443 affil=0.65603 (5.79s)
[ucr] 210_UCR_Anomaly_Italianpowerdemand iforest                  tuned    vus=0.00342 affil=0.6603 (15.32s)
[ucr] 210_UCR_Anomaly_Italianpowerdemand lof                      default  vus=0.00127 affil=0.67882 (4.75s)
[ucr] 210_UCR_Anomaly_Italianpowerdemand lof                      tuned    vus=0.00167 affil=0.69493 (5.6s)
[ucr] 210_UCR_Anomaly_Italianpowerdemand knn                      default  vus=0.0021 affil=0.69835 (3.78s)
[ucr] 210_UCR_Anomaly_Italianpowerdemand knn                      tuned    vus=0.00275 affil=0.70272 (5.17s)
[ucr] 210_UCR_Anomaly_Italianpowerdemand ae                       default  vus=0.00569 affil=0.66584 (16.83s)
[ucr] 210_UCR_Anomaly_Italianpowerdemand ae                       tuned    vus=0.00353 affil=0.67103 (19.72s)
[ucr] 212_UCR_Anomaly_Italianpowerdemand iforest                  default  vus=0.00125 affil=0.60996 (2.22s)
[ucr] 212_UCR_Anomaly_Italianpowerdemand iforest                  tuned    vus=0.00125 affil=0.60996 (3.4s)
[ucr] 212_UCR_Anomaly_Italianpowerdemand lof                      default  vus=0.00109 affil=0.84171 (0.68s)
[ucr] 212_UCR_Anomaly_Italianpowerdemand lof                      tuned    vus=0.15913 affil=0.84191 (2.27s)
[ucr] 212_UCR_Anomaly_Italianpowerdemand knn                      default  vus=0.00942 affil=0.8281 (0.48s)
[ucr] 212_UCR_Anomaly_Italianpowerdemand knn                      tuned    vus=0.01179 affil=0.82816 (1.29s)
[ucr] 212_UCR_Anomaly_Italianpowerdemand ae                       default  vus=0.01602 affil=0.80834 (4.27s)
[ucr] 212_UCR_Anomaly_Italianpowerdemand ae                       tuned    vus=0.00139 affil=0.83511 (4.95s)
[ucr] 214_UCR_Anomaly_STAFFIIIDatabase_3 iforest                  default  vus=0.0042 affil=0.66345 (17.18s)
[ucr] 214_UCR_Anomaly_STAFFIIIDatabase_3 iforest                  tuned    vus=0.00343 affil=0.65105 (53.19s)
[ucr] 214_UCR_Anomaly_STAFFIIIDatabase_3 lof                      default  vus=0.0024 affil=0.66313 (14.08s)
[ucr] 214_UCR_Anomaly_STAFFIIIDatabase_3 lof                      tuned    vus=0.00163 affil=0.60779 (15.49s)
[ucr] 214_UCR_Anomaly_STAFFIIIDatabase_3 knn                      default  vus=0.00432 affil=0.62516 (11.57s)
[ucr] 214_UCR_Anomaly_STAFFIIIDatabase_3 knn                      tuned    vus=0.00701 affil=0.62729 (16.84s)
[ucr] 214_UCR_Anomaly_STAFFIIIDatabase_3 ae                       default  vus=0.02566 affil=0.9213 (27.74s)
[ucr] 214_UCR_Anomaly_STAFFIIIDatabase_3 ae                       tuned    vus=0.02437 affil=0.96394 (37.47s)
[ucr] 216_UCR_Anomaly_STAFFIIIDatabase_3 iforest                  default  vus=0.00751 affil=0.83214 (15.74s)
[ucr] 216_UCR_Anomaly_STAFFIIIDatabase_3 iforest                  tuned    vus=0.01587 affil=0.87589 (35.37s)
[ucr] 216_UCR_Anomaly_STAFFIIIDatabase_3 lof                      default  vus=0.07587 affil=0.78572 (14.38s)
[ucr] 216_UCR_Anomaly_STAFFIIIDatabase_3 lof                      tuned    vus=0.09226 affil=0.79307 (23.4s)
[ucr] 216_UCR_Anomaly_STAFFIIIDatabase_3 knn                      default  vus=0.04533 affil=0.99941 (12.21s)
[ucr] 216_UCR_Anomaly_STAFFIIIDatabase_3 knn                      tuned    vus=0.12489 affil=0.9994 (17.75s)
[ucr] 216_UCR_Anomaly_STAFFIIIDatabase_3 ae                       default  vus=0.04159 affil=0.99941 (28.09s)
[ucr] 216_UCR_Anomaly_STAFFIIIDatabase_3 ae                       tuned    vus=0.11065 affil=0.9994 (48.92s)
[ucr] 218_UCR_Anomaly_STAFFIIIDatabase_4 iforest                  default  vus=0.00676 affil=0.75907 (16.33s)
[ucr] 218_UCR_Anomaly_STAFFIIIDatabase_4 iforest                  tuned    vus=0.00875 affil=0.72479 (47.46s)
[ucr] 218_UCR_Anomaly_STAFFIIIDatabase_4 lof                      default  vus=0.05845 affil=0.79663 (14.53s)
[ucr] 218_UCR_Anomaly_STAFFIIIDatabase_4 lof                      tuned    vus=0.17514 affil=0.82443 (17.11s)
[ucr] 218_UCR_Anomaly_STAFFIIIDatabase_4 knn                      default  vus=0.04758 affil=0.8742 (13.23s)
[ucr] 218_UCR_Anomaly_STAFFIIIDatabase_4 knn                      tuned    vus=0.1211 affil=0.87509 (17.03s)
[ucr] 218_UCR_Anomaly_STAFFIIIDatabase_4 ae                       default  vus=0.05353 affil=0.99939 (30.85s)
[ucr] 218_UCR_Anomaly_STAFFIIIDatabase_4 ae                       tuned    vus=0.07526 affil=0.99941 (46.79s)
[ucr] 220_UCR_Anomaly_STAFFIIIDatabase_4 iforest                  default  vus=0.00521 affil=0.6681 (15.68s)
[ucr] 220_UCR_Anomaly_STAFFIIIDatabase_4 iforest                  tuned    vus=0.00466 affil=0.65526 (30.08s)
[ucr] 220_UCR_Anomaly_STAFFIIIDatabase_4 lof                      default  vus=0.02109 affil=0.84007 (15.37s)
[ucr] 220_UCR_Anomaly_STAFFIIIDatabase_4 lof                      tuned    vus=0.15194 affil=0.99959 (23.18s)
[ucr] 220_UCR_Anomaly_STAFFIIIDatabase_4 knn                      default  vus=0.02867 affil=0.95622 (13.62s)
[ucr] 220_UCR_Anomaly_STAFFIIIDatabase_4 knn                      tuned    vus=0.0385 affil=0.98909 (25.36s)
[ucr] 220_UCR_Anomaly_STAFFIIIDatabase_4 ae                       default  vus=0.03371 affil=0.99868 (31.4s)
[ucr] 220_UCR_Anomaly_STAFFIIIDatabase_4 ae                       tuned    vus=0.01314 affil=0.85398 (52.16s)
[ucr] 222_UCR_Anomaly_mit14046longtermec iforest                  default  vus=0.03118 affil=0.99766 (10.24s)
[ucr] 222_UCR_Anomaly_mit14046longtermec iforest                  tuned    vus=0.03118 affil=0.99766 (16.23s)
[ucr] 222_UCR_Anomaly_mit14046longtermec lof                      default  vus=0.00651 affil=0.9797 (12.58s)
[ucr] 222_UCR_Anomaly_mit14046longtermec lof                      tuned    vus=0.00651 affil=0.9797 (17.62s)
[ucr] 222_UCR_Anomaly_mit14046longtermec knn                      default  vus=0.07241 affil=0.99796 (11.77s)
[ucr] 222_UCR_Anomaly_mit14046longtermec knn                      tuned    vus=0.07753 affil=0.99796 (18.59s)
[ucr] 222_UCR_Anomaly_mit14046longtermec ae                       default  vus=0.06156 affil=0.99006 (29.05s)
[ucr] 222_UCR_Anomaly_mit14046longtermec ae                       tuned    vus=0.05319 affil=0.98091 (32.22s)
[ucr] 224_UCR_Anomaly_mit14046longtermec iforest                  default  vus=0.00339 affil=0.67827 (8.16s)
[ucr] 224_UCR_Anomaly_mit14046longtermec iforest                  tuned    vus=0.00337 affil=0.65677 (14.57s)
[ucr] 224_UCR_Anomaly_mit14046longtermec lof                      default  vus=0.14248 affil=0.99893 (12.91s)
[ucr] 224_UCR_Anomaly_mit14046longtermec lof                      tuned    vus=0.01586 affil=0.84777 (10.41s)
[ucr] 224_UCR_Anomaly_mit14046longtermec knn                      default  vus=0.03966 affil=0.60415 (10.16s)
[ucr] 224_UCR_Anomaly_mit14046longtermec knn                      tuned    vus=0.00654 affil=0.55326 (9.57s)
[ucr] 224_UCR_Anomaly_mit14046longtermec ae                       default  vus=0.02529 affil=0.50759 (37.47s)
[ucr] 224_UCR_Anomaly_mit14046longtermec ae                       tuned    vus=0.00598 affil=0.51805 (30.99s)
[ucr] 226_UCR_Anomaly_mit14046longtermec iforest                  default  vus=0.26682 affil=0.65167 (6.49s)
[ucr] 226_UCR_Anomaly_mit14046longtermec iforest                  tuned    vus=0.45075 affil=0.62768 (11.02s)
[ucr] 226_UCR_Anomaly_mit14046longtermec lof                      default  vus=0.28516 affil=0.71664 (15.62s)
[ucr] 226_UCR_Anomaly_mit14046longtermec lof                      tuned    vus=0.62619 affil=0.99942 (9.59s)
[ucr] 226_UCR_Anomaly_mit14046longtermec knn                      default  vus=0.57869 affil=0.99971 (9.18s)
[ucr] 226_UCR_Anomaly_mit14046longtermec knn                      tuned    vus=0.65891 affil=0.99942 (9.04s)
[ucr] 226_UCR_Anomaly_mit14046longtermec ae                       default  vus=0.5688 affil=0.99925 (43.15s)
[ucr] 226_UCR_Anomaly_mit14046longtermec ae                       tuned    vus=0.61591 affil=0.99972 (40.08s)
[ucr] 228_UCR_Anomaly_mit14134longtermec iforest                  default  vus=0.00543 affil=0.75817 (3.7s)
[ucr] 228_UCR_Anomaly_mit14134longtermec iforest                  tuned    vus=0.00543 affil=0.75817 (5.37s)
[ucr] 228_UCR_Anomaly_mit14134longtermec lof                      default  vus=0.05827 affil=0.76105 (1.56s)
[ucr] 228_UCR_Anomaly_mit14134longtermec lof                      tuned    vus=0.01997 affil=0.80585 (2.72s)
[ucr] 228_UCR_Anomaly_mit14134longtermec knn                      default  vus=0.05097 affil=0.79407 (1.18s)
[ucr] 228_UCR_Anomaly_mit14134longtermec knn                      tuned    vus=0.05862 affil=0.79747 (2.85s)
[ucr] 228_UCR_Anomaly_mit14134longtermec ae                       default  vus=0.04869 affil=0.88046 (6.35s)
[ucr] 228_UCR_Anomaly_mit14134longtermec ae                       tuned    vus=0.00718 affil=0.90269 (9.22s)
[ucr] 230_UCR_Anomaly_mit14134longtermec iforest                  default  vus=0.00793 affil=0.75747 (3.33s)
[ucr] 230_UCR_Anomaly_mit14134longtermec iforest                  tuned    vus=0.0064 affil=0.73216 (4.55s)
[ucr] 230_UCR_Anomaly_mit14134longtermec lof                      default  vus=0.06053 affil=0.66056 (1.71s)
[ucr] 230_UCR_Anomaly_mit14134longtermec lof                      tuned    vus=0.0295 affil=0.70081 (7.28s)
[ucr] 230_UCR_Anomaly_mit14134longtermec knn                      default  vus=0.02398 affil=0.73024 (2.01s)
[ucr] 230_UCR_Anomaly_mit14134longtermec knn                      tuned    vus=0.02641 affil=0.73223 (2.75s)
[ucr] 230_UCR_Anomaly_mit14134longtermec ae                       default  vus=0.03346 affil=0.80615 (11.4s)
[ucr] 230_UCR_Anomaly_mit14134longtermec ae                       tuned    vus=0.05224 affil=0.83326 (11.57s)
[ucr] 232_UCR_Anomaly_mit14134longtermec iforest                  default  vus=0.00618 affil=0.88563 (4.41s)
[ucr] 232_UCR_Anomaly_mit14134longtermec iforest                  tuned    vus=0.00618 affil=0.88563 (5.61s)
[ucr] 232_UCR_Anomaly_mit14134longtermec lof                      default  vus=0.02583 affil=0.88496 (1.42s)
[ucr] 232_UCR_Anomaly_mit14134longtermec lof                      tuned    vus=0.05262 affil=0.85802 (4.32s)
[ucr] 232_UCR_Anomaly_mit14134longtermec knn                      default  vus=0.05013 affil=0.88539 (1.15s)
[ucr] 232_UCR_Anomaly_mit14134longtermec knn                      tuned    vus=0.03768 affil=0.86238 (4.09s)
[ucr] 232_UCR_Anomaly_mit14134longtermec ae                       default  vus=0.01534 affil=0.7347 (5.77s)
[ucr] 232_UCR_Anomaly_mit14134longtermec ae                       tuned    vus=0.01212 affil=0.88546 (7.91s)
[ucr] 234_UCR_Anomaly_mit14157longtermec iforest                  default  vus=0.00019 affil=0.63362 (5.42s)
[ucr] 234_UCR_Anomaly_mit14157longtermec iforest                  tuned    vus=0.00018 affil=0.62766 (6.35s)
[ucr] 234_UCR_Anomaly_mit14157longtermec lof                      default  vus=0.00161 affil=0.6445 (3.05s)
[ucr] 234_UCR_Anomaly_mit14157longtermec lof                      tuned    vus=0.00011 affil=0.62139 (4.11s)
[ucr] 234_UCR_Anomaly_mit14157longtermec knn                      default  vus=0.00332 affil=0.63956 (2.41s)
[ucr] 234_UCR_Anomaly_mit14157longtermec knn                      tuned    vus=0.00499 affil=0.64124 (4.72s)
[ucr] 234_UCR_Anomaly_mit14157longtermec ae                       default  vus=0.00333 affil=0.65586 (10.96s)
[ucr] 234_UCR_Anomaly_mit14157longtermec ae                       tuned    vus=0.00333 affil=0.65022 (12.65s)
[ucr] 236_UCR_Anomaly_mit14157longtermec iforest                  default  vus=0.0005 affil=0.80367 (5.11s)
[ucr] 236_UCR_Anomaly_mit14157longtermec iforest                  tuned    vus=0.0005 affil=0.80367 (7.89s)
[ucr] 236_UCR_Anomaly_mit14157longtermec lof                      default  vus=0.01064 affil=0.81237 (2.89s)
[ucr] 236_UCR_Anomaly_mit14157longtermec lof                      tuned    vus=0.01309 affil=0.81205 (5.35s)
[ucr] 236_UCR_Anomaly_mit14157longtermec knn                      default  vus=0.01591 affil=0.81208 (2.56s)
[ucr] 236_UCR_Anomaly_mit14157longtermec knn                      tuned    vus=0.01676 affil=0.81263 (4.92s)
[ucr] 236_UCR_Anomaly_mit14157longtermec ae                       default  vus=0.0156 affil=0.82173 (10.87s)
[ucr] 236_UCR_Anomaly_mit14157longtermec ae                       tuned    vus=0.01105 affil=0.80952 (16.78s)
[ucr] 238_UCR_Anomaly_mit14157longtermec iforest                  default  vus=0.01549 affil=0.78894 (5.76s)
[ucr] 238_UCR_Anomaly_mit14157longtermec iforest                  tuned    vus=0.01549 affil=0.78894 (9.0s)
[ucr] 238_UCR_Anomaly_mit14157longtermec lof                      default  vus=0.02705 affil=0.72999 (3.84s)
[ucr] 238_UCR_Anomaly_mit14157longtermec lof                      tuned    vus=0.02113 affil=0.73452 (5.46s)
[ucr] 238_UCR_Anomaly_mit14157longtermec knn                      default  vus=0.0606 affil=0.74923 (4.19s)
[ucr] 238_UCR_Anomaly_mit14157longtermec knn                      tuned    vus=0.05977 affil=0.74647 (5.2s)
[ucr] 238_UCR_Anomaly_mit14157longtermec ae                       default  vus=0.0576 affil=0.75683 (11.63s)
[ucr] 238_UCR_Anomaly_mit14157longtermec ae                       tuned    vus=0.06669 affil=0.76065 (14.15s)
[ucr] 240_UCR_Anomaly_taichidbS0715Maste iforest                  default  vus=0.00075 affil=0.68388 (36.49s)
[ucr] 240_UCR_Anomaly_taichidbS0715Maste iforest                  tuned    vus=0.00058 affil=0.7376 (140.2s)
[ucr] 240_UCR_Anomaly_taichidbS0715Maste lof                      default  vus=0.01089 affil=0.6886 (157.68s)
[ucr] 240_UCR_Anomaly_taichidbS0715Maste lof                      tuned    vus=0.01278 affil=0.82828 (180.74s)
[ucr] 240_UCR_Anomaly_taichidbS0715Maste knn                      default  vus=0.00926 affil=0.79285 (139.23s)
[ucr] 240_UCR_Anomaly_taichidbS0715Maste knn                      tuned    vus=0.00735 affil=0.77153 (589.79s)
[ucr] 240_UCR_Anomaly_taichidbS0715Maste ae                       default  vus=0.00115 affil=0.79819 (147.68s)
[ucr] 240_UCR_Anomaly_taichidbS0715Maste ae                       tuned    vus=0.00116 affil=0.78464 (227.95s)
[ucr] 242_UCR_Anomaly_tilt12744mtable_10 iforest                  default  vus=0.00208 affil=0.80054 (12.36s)
[ucr] 242_UCR_Anomaly_tilt12744mtable_10 iforest                  tuned    vus=0.0025 affil=0.82086 (39.3s)
[ucr] 242_UCR_Anomaly_tilt12744mtable_10 lof                      default  vus=0.01218 affil=0.72031 (22.28s)
[ucr] 242_UCR_Anomaly_tilt12744mtable_10 lof                      tuned    vus=0.07203 affil=0.77963 (17.28s)
[ucr] 242_UCR_Anomaly_tilt12744mtable_10 knn                      default  vus=0.01839 affil=0.7878 (18.45s)
[ucr] 242_UCR_Anomaly_tilt12744mtable_10 knn                      tuned    vus=0.03956 affil=0.78558 (15.65s)
[ucr] 242_UCR_Anomaly_tilt12744mtable_10 ae                       default  vus=0.01166 affil=0.82237 (44.79s)
[ucr] 242_UCR_Anomaly_tilt12744mtable_10 ae                       tuned    vus=0.0104 affil=0.74731 (51.86s)
[ucr] 244_UCR_Anomaly_tilt12754table_100 iforest                  default  vus=0.00177 affil=0.8225 (13.2s)
[ucr] 244_UCR_Anomaly_tilt12754table_100 iforest                  tuned    vus=0.00179 affil=0.8244 (17.73s)
[ucr] 244_UCR_Anomaly_tilt12754table_100 lof                      default  vus=0.00931 affil=0.54691 (25.89s)
[ucr] 244_UCR_Anomaly_tilt12754table_100 lof                      tuned    vus=0.00647 affil=0.65462 (33.7s)
[ucr] 244_UCR_Anomaly_tilt12754table_100 knn                      default  vus=0.01513 affil=0.83974 (23.21s)
[ucr] 244_UCR_Anomaly_tilt12754table_100 knn                      tuned    vus=0.02821 affil=0.85228 (16.09s)
[ucr] 244_UCR_Anomaly_tilt12754table_100 ae                       default  vus=0.01141 affil=0.79753 (45.54s)
[ucr] 244_UCR_Anomaly_tilt12754table_100 ae                       tuned    vus=0.00969 affil=0.81315 (59.55s)
[ucr] 246_UCR_Anomaly_tilt12755mtable_10 iforest                  default  vus=0.00388 affil=0.67631 (14.21s)
[ucr] 246_UCR_Anomaly_tilt12755mtable_10 iforest                  tuned    vus=0.0054 affil=0.73123 (31.8s)
[ucr] 246_UCR_Anomaly_tilt12755mtable_10 lof                      default  vus=0.0085 affil=0.74632 (36.0s)
[ucr] 246_UCR_Anomaly_tilt12755mtable_10 lof                      tuned    vus=0.00451 affil=0.72421 (156.68s)
[ucr] 246_UCR_Anomaly_tilt12755mtable_10 knn                      default  vus=0.01329 affil=0.71589 (37.2s)
[ucr] 246_UCR_Anomaly_tilt12755mtable_10 knn                      tuned    vus=0.01209 affil=0.76657 (24.69s)
[ucr] 246_UCR_Anomaly_tilt12755mtable_10 ae                       default  vus=0.02993 affil=0.68256 (52.5s)
[ucr] 246_UCR_Anomaly_tilt12755mtable_10 ae                       tuned    vus=0.02088 affil=0.69436 (113.02s)
[ucr] 248_UCR_Anomaly_weallwalk_2000_470 iforest                  default  vus=0.00358 affil=0.90734 (1.67s)
[ucr] 248_UCR_Anomaly_weallwalk_2000_470 lof                      default  vus=0.11671 affil=0.97458 (0.23s)
[ucr] 248_UCR_Anomaly_weallwalk_2000_470 knn                      default  vus=0.4222 affil=0.99948 (0.14s)
[ucr] 248_UCR_Anomaly_weallwalk_2000_470 ae                       default  vus=0.01526 affil=0.90796 (1.36s)
[ucr] 250_UCR_Anomaly_weallwalk_2951_729 iforest                  default  vus=0.08833 affil=0.99777 (1.78s)
[ucr] 250_UCR_Anomaly_weallwalk_2951_729 iforest                  tuned    vus=0.24136 affil=0.9985 (2.12s)
[ucr] 250_UCR_Anomaly_weallwalk_2951_729 lof                      default  vus=0.0323 affil=0.75512 (0.3s)
[ucr] 250_UCR_Anomaly_weallwalk_2951_729 lof                      tuned    vus=0.00262 affil=0.60825 (0.62s)
[ucr] 250_UCR_Anomaly_weallwalk_2951_729 knn                      default  vus=0.11918 affil=0.99188 (0.17s)
[ucr] 250_UCR_Anomaly_weallwalk_2951_729 knn                      tuned    vus=0.15661 affil=0.99721 (0.72s)
[ucr] 250_UCR_Anomaly_weallwalk_2951_729 ae                       default  vus=0.00497 affil=0.77185 (1.67s)
[ucr] 250_UCR_Anomaly_weallwalk_2951_729 ae                       tuned    vus=0.02135 affil=0.99215 (3.23s)
DONE
