detectors=['iforest', 'lof', 'knn', 'ae']
tiers=['default', 'tuned']
datasets=['nasa', 'psm', 'smd', 'ucr']
shard=1/2
out=F:\CS\Paper\that\results\full_results_cpu1.csv
already done: 1089 keys
[smd] machine-3-4                        lof                      default  vus=0.15759 affil=0.74634 (23.61s)
[smd] machine-3-4                        lof                      tuned    vus=0.13065 affil=0.7518 (80.07s)
[smd] machine-3-4                        knn                      default  vus=0.15118 affil=0.76537 (17.44s)
[smd] machine-3-4                        knn                      tuned    vus=0.17893 affil=0.76101 (36.17s)
[smd] machine-3-4                        ae                       default  vus=0.73368 affil=0.79783 (17.77s)
[smd] machine-3-4                        ae                       tuned    vus=0.72667 affil=0.78598 (22.54s)
[smd] machine-3-6                        iforest                  default  vus=0.72449 affil=0.92598 (4.94s)
[smd] machine-3-6                        iforest                  tuned    vus=0.67434 affil=0.8773 (9.87s)
[smd] machine-3-6                        lof                      default  vus=0.54848 affil=0.79582 (42.03s)
[smd] machine-3-6                        lof                      tuned    vus=0.63712 affil=0.86424 (112.54s)
[smd] machine-3-6                        knn                      default  vus=0.75234 affil=0.93452 (22.85s)
[smd] machine-3-6                        knn                      tuned    vus=0.79127 affil=0.94139 (50.97s)
[smd] machine-3-6                        ae                       default  vus=0.674 affil=0.92817 (14.78s)
[smd] machine-3-6                        ae                       tuned    vus=0.77132 affil=0.96574 (40.82s)
[smd] machine-3-8                        iforest                  default  vus=0.41392 affil=0.81388 (6.74s)
[smd] machine-3-8                        iforest                  tuned    vus=0.58074 affil=0.81741 (20.68s)
[smd] machine-3-8                        lof                      default  vus=0.06507 affil=0.59947 (41.94s)
[smd] machine-3-8                        lof                      tuned    vus=0.11659 affil=0.53896 (9.62s)
[smd] machine-3-8                        knn                      default  vus=0.4472 affil=0.8801 (20.03s)
[smd] machine-3-8                        knn                      tuned    vus=0.43936 affil=0.84219 (7.06s)
[smd] machine-3-8                        ae                       default  vus=0.32139 affil=0.72874 (15.26s)
[smd] machine-3-8                        ae                       tuned    vus=0.32388 affil=0.73358 (16.18s)
[ucr] 001_UCR_Anomaly_DISTORTED1sddb40_3 iforest                  default  vus=0.25531 affil=0.99677 (3.62s)
[ucr] 001_UCR_Anomaly_DISTORTED1sddb40_3 iforest                  tuned    vus=0.25531 affil=0.99677 (5.11s)
[ucr] 001_UCR_Anomaly_DISTORTED1sddb40_3 lof                      default  vus=0.04012 affil=0.61905 (3.25s)
[ucr] 001_UCR_Anomaly_DISTORTED1sddb40_3 lof                      tuned    vus=0.04356 affil=0.61904 (3.06s)
[ucr] 001_UCR_Anomaly_DISTORTED1sddb40_3 knn                      default  vus=0.30761 affil=0.7992 (1.96s)
[ucr] 001_UCR_Anomaly_DISTORTED1sddb40_3 knn                      tuned    vus=0.4517 affil=0.99676 (2.59s)
[ucr] 001_UCR_Anomaly_DISTORTED1sddb40_3 ae                       default  vus=0.03659 affil=0.64471 (13.46s)
[ucr] 001_UCR_Anomaly_DISTORTED1sddb40_3 ae                       tuned    vus=0.46803 affil=0.99671 (11.88s)
[ucr] 003_UCR_Anomaly_DISTORTED3sddb40_3 iforest                  default  vus=0.01371 affil=0.62483 (3.47s)
[ucr] 003_UCR_Anomaly_DISTORTED3sddb40_3 iforest                  tuned    vus=0.01461 affil=0.62212 (3.99s)
[ucr] 003_UCR_Anomaly_DISTORTED3sddb40_3 lof                      default  vus=0.02653 affil=0.6416 (3.39s)
[ucr] 003_UCR_Anomaly_DISTORTED3sddb40_3 lof                      tuned    vus=0.01659 affil=0.62181 (3.13s)
[ucr] 003_UCR_Anomaly_DISTORTED3sddb40_3 knn                      default  vus=0.03223 affil=0.60649 (2.04s)
[ucr] 003_UCR_Anomaly_DISTORTED3sddb40_3 knn                      tuned    vus=0.02047 affil=0.62165 (2.77s)
[ucr] 003_UCR_Anomaly_DISTORTED3sddb40_3 ae                       default  vus=0.04047 affil=0.65508 (14.08s)
[ucr] 003_UCR_Anomaly_DISTORTED3sddb40_3 ae                       tuned    vus=0.02646 affil=0.64998 (11.69s)
[ucr] 005_UCR_Anomaly_DISTORTEDCIMIS44Ai iforest                  default  vus=0.00129 affil=0.81337 (1.25s)
[ucr] 005_UCR_Anomaly_DISTORTEDCIMIS44Ai iforest                  tuned    vus=0.00176 affil=0.81373 (1.36s)
[ucr] 005_UCR_Anomaly_DISTORTEDCIMIS44Ai lof                      default  vus=0.00231 affil=0.81523 (0.19s)
[ucr] 005_UCR_Anomaly_DISTORTEDCIMIS44Ai lof                      tuned    vus=0.00435 affil=0.80786 (0.44s)
[ucr] 005_UCR_Anomaly_DISTORTEDCIMIS44Ai knn                      default  vus=0.0049 affil=0.82359 (0.09s)
[ucr] 005_UCR_Anomaly_DISTORTEDCIMIS44Ai knn                      tuned    vus=0.00493 affil=0.81727 (0.3s)
[ucr] 005_UCR_Anomaly_DISTORTEDCIMIS44Ai ae                       default  vus=0.15438 affil=0.99722 (1.68s)
[ucr] 005_UCR_Anomaly_DISTORTEDCIMIS44Ai ae                       tuned    vus=0.01433 affil=0.85547 (1.9s)
[ucr] 007_UCR_Anomaly_DISTORTEDCIMIS44Ai iforest                  default  vus=0.00755 affil=0.64116 (1.28s)
[ucr] 007_UCR_Anomaly_DISTORTEDCIMIS44Ai iforest                  tuned    vus=0.01058 affil=0.6144 (1.51s)
[ucr] 007_UCR_Anomaly_DISTORTEDCIMIS44Ai lof                      default  vus=0.05522 affil=0.71012 (0.19s)
[ucr] 007_UCR_Anomaly_DISTORTEDCIMIS44Ai lof                      tuned    vus=0.05522 affil=0.71012 (0.44s)
[ucr] 007_UCR_Anomaly_DISTORTEDCIMIS44Ai knn                      default  vus=0.1393 affil=0.69193 (0.09s)
[ucr] 007_UCR_Anomaly_DISTORTEDCIMIS44Ai knn                      tuned    vus=0.78752 affil=0.99883 (0.37s)
[ucr] 007_UCR_Anomaly_DISTORTEDCIMIS44Ai ae                       default  vus=0.89335 affil=0.99883 (1.71s)
[ucr] 007_UCR_Anomaly_DISTORTEDCIMIS44Ai ae                       tuned    vus=0.51374 affil=0.80879 (1.81s)
[ucr] 009_UCR_Anomaly_DISTORTEDCIMIS44Ai iforest                  default  vus=0.07895 affil=0.95717 (1.15s)
[ucr] 009_UCR_Anomaly_DISTORTEDCIMIS44Ai iforest                  tuned    vus=0.06247 affil=0.93766 (0.84s)
[ucr] 009_UCR_Anomaly_DISTORTEDCIMIS44Ai lof                      default  vus=0.30311 affil=0.9872 (0.18s)
[ucr] 009_UCR_Anomaly_DISTORTEDCIMIS44Ai lof                      tuned    vus=0.55263 affil=0.99504 (0.4s)
[ucr] 009_UCR_Anomaly_DISTORTEDCIMIS44Ai knn                      default  vus=0.72963 affil=0.99641 (0.1s)
[ucr] 009_UCR_Anomaly_DISTORTEDCIMIS44Ai knn                      tuned    vus=0.87506 affil=0.99949 (0.36s)
[ucr] 009_UCR_Anomaly_DISTORTEDCIMIS44Ai ae                       default  vus=0.94979 affil=0.99982 (1.67s)
[ucr] 009_UCR_Anomaly_DISTORTEDCIMIS44Ai ae                       tuned    vus=0.92358 affil=0.99927 (2.03s)
[ucr] 011_UCR_Anomaly_DISTORTEDECG1_1000 iforest                  default  vus=0.30245 affil=0.99629 (2.23s)
[ucr] 011_UCR_Anomaly_DISTORTEDECG1_1000 iforest                  tuned    vus=0.29489 affil=0.9963 (2.22s)
[ucr] 011_UCR_Anomaly_DISTORTEDECG1_1000 lof                      default  vus=0.40549 affil=0.99626 (0.68s)
[ucr] 011_UCR_Anomaly_DISTORTEDECG1_1000 lof                      tuned    vus=0.44512 affil=0.99626 (1.42s)
[ucr] 011_UCR_Anomaly_DISTORTEDECG1_1000 knn                      default  vus=0.5418 affil=0.9963 (0.48s)
[ucr] 011_UCR_Anomaly_DISTORTEDECG1_1000 knn                      tuned    vus=0.58578 affil=0.9963 (1.25s)
[ucr] 011_UCR_Anomaly_DISTORTEDECG1_1000 ae                       default  vus=0.534 affil=0.9963 (4.48s)
[ucr] 011_UCR_Anomaly_DISTORTEDECG1_1000 ae                       tuned    vus=0.49805 affil=0.99628 (5.27s)
[ucr] 013_UCR_Anomaly_DISTORTEDECG3_1500 iforest                  default  vus=0.00693 affil=0.75855 (1.93s)
[ucr] 013_UCR_Anomaly_DISTORTEDECG3_1500 iforest                  tuned    vus=0.00683 affil=0.76401 (1.93s)
[ucr] 013_UCR_Anomaly_DISTORTEDECG3_1500 lof                      default  vus=0.76064 affil=0.99811 (0.74s)
[ucr] 013_UCR_Anomaly_DISTORTEDECG3_1500 lof                      tuned    vus=0.7425 affil=0.99811 (1.23s)
[ucr] 013_UCR_Anomaly_DISTORTEDECG3_1500 knn                      default  vus=0.24401 affil=0.70151 (0.46s)
[ucr] 013_UCR_Anomaly_DISTORTEDECG3_1500 knn                      tuned    vus=0.28433 affil=0.71011 (1.08s)
[ucr] 013_UCR_Anomaly_DISTORTEDECG3_1500 ae                       default  vus=0.2954 affil=0.99814 (5.8s)
[ucr] 013_UCR_Anomaly_DISTORTEDECG3_1500 ae                       tuned    vus=0.15172 affil=0.72305 (6.47s)
[ucr] 015_UCR_Anomaly_DISTORTEDECG4_5000 iforest                  default  vus=0.01226 affil=0.84356 (12.09s)
[ucr] 015_UCR_Anomaly_DISTORTEDECG4_5000 iforest                  tuned    vus=0.00792 affil=0.84448 (15.72s)
[ucr] 015_UCR_Anomaly_DISTORTEDECG4_5000 lof                      default  vus=0.16062 affil=0.99889 (4.6s)
[ucr] 015_UCR_Anomaly_DISTORTEDECG4_5000 lof                      tuned    vus=0.09005 affil=0.99949 (14.25s)
[ucr] 015_UCR_Anomaly_DISTORTEDECG4_5000 knn                      default  vus=0.07707 affil=0.99907 (3.79s)
[ucr] 015_UCR_Anomaly_DISTORTEDECG4_5000 knn                      tuned    vus=0.03719 affil=0.96852 (13.47s)
[ucr] 015_UCR_Anomaly_DISTORTEDECG4_5000 ae                       default  vus=0.14279 affil=0.9991 (12.89s)
[ucr] 015_UCR_Anomaly_DISTORTEDECG4_5000 ae                       tuned    vus=0.07032 affil=0.99937 (17.12s)
[ucr] 017_UCR_Anomaly_DISTORTEDECG4_5000 iforest                  default  vus=0.00453 affil=0.7752 (2.44s)
[ucr] 017_UCR_Anomaly_DISTORTEDECG4_5000 iforest                  tuned    vus=0.00564 affil=0.75744 (2.19s)
[ucr] 017_UCR_Anomaly_DISTORTEDECG4_5000 lof                      default  vus=0.73075 affil=0.99899 (0.65s)
[ucr] 017_UCR_Anomaly_DISTORTEDECG4_5000 lof                      tuned    vus=0.79759 affil=0.999 (1.81s)
[ucr] 017_UCR_Anomaly_DISTORTEDECG4_5000 knn                      default  vus=0.74138 affil=0.99899 (0.48s)
[ucr] 017_UCR_Anomaly_DISTORTEDECG4_5000 knn                      tuned    vus=0.47104 affil=0.99898 (1.64s)
[ucr] 017_UCR_Anomaly_DISTORTEDECG4_5000 ae                       default  vus=0.69506 affil=0.999 (2.98s)
[ucr] 017_UCR_Anomaly_DISTORTEDECG4_5000 ae                       tuned    vus=0.41493 affil=0.99896 (5.87s)
[ucr] 019_UCR_Anomaly_DISTORTEDGP711Mark iforest                  default  vus=0.00725 affil=0.6642 (1.42s)
[ucr] 019_UCR_Anomaly_DISTORTEDGP711Mark iforest                  tuned    vus=0.00636 affil=0.65818 (1.73s)
[ucr] 019_UCR_Anomaly_DISTORTEDGP711Mark lof                      default  vus=0.58057 affil=0.99664 (0.26s)
[ucr] 019_UCR_Anomaly_DISTORTEDGP711Mark lof                      tuned    vus=0.01864 affil=0.60305 (0.69s)
[ucr] 019_UCR_Anomaly_DISTORTEDGP711Mark knn                      default  vus=0.40048 affil=0.99507 (0.15s)
[ucr] 019_UCR_Anomaly_DISTORTEDGP711Mark knn                      tuned    vus=0.0275 affil=0.61924 (0.61s)
[ucr] 019_UCR_Anomaly_DISTORTEDGP711Mark ae                       default  vus=0.42328 affil=0.99493 (1.97s)
[ucr] 019_UCR_Anomaly_DISTORTEDGP711Mark ae                       tuned    vus=0.46529 affil=0.99515 (2.32s)
[ucr] 021_UCR_Anomaly_DISTORTEDGP711Mark iforest                  default  vus=0.33906 affil=0.96295 (1.79s)
[ucr] 021_UCR_Anomaly_DISTORTEDGP711Mark iforest                  tuned    vus=0.04572 affil=0.68787 (1.11s)
[ucr] 021_UCR_Anomaly_DISTORTEDGP711Mark lof                      default  vus=0.8763 affil=0.99871 (0.26s)
[ucr] 021_UCR_Anomaly_DISTORTEDGP711Mark lof                      tuned    vus=0.90385 affil=0.99878 (0.57s)
[ucr] 021_UCR_Anomaly_DISTORTEDGP711Mark knn                      default  vus=0.91414 affil=0.99884 (0.15s)
[ucr] 021_UCR_Anomaly_DISTORTEDGP711Mark knn                      tuned    vus=0.86475 affil=0.99869 (0.53s)
[ucr] 021_UCR_Anomaly_DISTORTEDGP711Mark ae                       default  vus=0.85924 affil=0.99849 (1.98s)
[ucr] 021_UCR_Anomaly_DISTORTEDGP711Mark ae                       tuned    vus=0.71248 affil=0.99793 (2.28s)
[ucr] 023_UCR_Anomaly_DISTORTEDGP711Mark iforest                  default  vus=0.92721 affil=0.99962 (1.39s)
[ucr] 023_UCR_Anomaly_DISTORTEDGP711Mark iforest                  tuned    vus=0.1137 affil=0.72586 (1.62s)
[ucr] 023_UCR_Anomaly_DISTORTEDGP711Mark lof                      default  vus=0.56568 affil=0.89249 (0.25s)
[ucr] 023_UCR_Anomaly_DISTORTEDGP711Mark lof                      tuned    vus=0.25916 affil=0.80569 (0.68s)
[ucr] 023_UCR_Anomaly_DISTORTEDGP711Mark knn                      default  vus=0.91157 affil=0.99811 (0.14s)
[ucr] 023_UCR_Anomaly_DISTORTEDGP711Mark knn                      tuned    vus=0.57346 affil=0.99449 (0.53s)
[ucr] 023_UCR_Anomaly_DISTORTEDGP711Mark ae                       default  vus=0.85327 affil=0.99667 (1.98s)
[ucr] 023_UCR_Anomaly_DISTORTEDGP711Mark ae                       tuned    vus=0.807 affil=0.9956 (2.34s)
[ucr] 025_UCR_Anomaly_DISTORTEDInternalB iforest                  default  vus=0.07168 affil=0.73436 (1.41s)
[ucr] 025_UCR_Anomaly_DISTORTEDInternalB iforest                  tuned    vus=0.03592 affil=0.85163 (1.45s)
[ucr] 025_UCR_Anomaly_DISTORTEDInternalB lof                      default  vus=0.87989 affil=0.9989 (0.17s)
[ucr] 025_UCR_Anomaly_DISTORTEDInternalB lof                      tuned    vus=0.71911 affil=0.99825 (0.53s)
[ucr] 025_UCR_Anomaly_DISTORTEDInternalB knn                      default  vus=0.82873 affil=0.99853 (0.1s)
[ucr] 025_UCR_Anomaly_DISTORTEDInternalB knn                      tuned    vus=0.79536 affil=0.99825 (0.38s)
[ucr] 025_UCR_Anomaly_DISTORTEDInternalB ae                       default  vus=0.77707 affil=0.99809 (1.33s)
[ucr] 025_UCR_Anomaly_DISTORTEDInternalB ae                       tuned    vus=0.01997 affil=0.7539 (1.42s)
[ucr] 027_UCR_Anomaly_DISTORTEDInternalB iforest                  default  vus=0.01983 affil=0.66529 (1.34s)
[ucr] 027_UCR_Anomaly_DISTORTEDInternalB lof                      default  vus=0.0274 affil=0.66738 (0.14s)
[ucr] 027_UCR_Anomaly_DISTORTEDInternalB knn                      default  vus=0.07173 affil=0.99222 (0.11s)
[ucr] 027_UCR_Anomaly_DISTORTEDInternalB ae                       default  vus=0.06294 affil=0.7088 (0.73s)
[ucr] 029_UCR_Anomaly_DISTORTEDInternalB iforest                  default  vus=0.02045 affil=0.60698 (1.31s)
[ucr] 029_UCR_Anomaly_DISTORTEDInternalB lof                      default  vus=0.01672 affil=0.73088 (0.15s)
[ucr] 029_UCR_Anomaly_DISTORTEDInternalB knn                      default  vus=0.07886 affil=0.71038 (0.1s)
[ucr] 029_UCR_Anomaly_DISTORTEDInternalB ae                       default  vus=0.02728 affil=0.8063 (1.09s)
[ucr] 031_UCR_Anomaly_DISTORTEDInternalB iforest                  default  vus=0.1063 affil=0.71061 (1.29s)
[ucr] 031_UCR_Anomaly_DISTORTEDInternalB iforest                  tuned    vus=0.0741 affil=0.71163 (0.97s)
[ucr] 031_UCR_Anomaly_DISTORTEDInternalB lof                      default  vus=0.18419 affil=0.69034 (0.17s)
[ucr] 031_UCR_Anomaly_DISTORTEDInternalB lof                      tuned    vus=0.54196 affil=0.99284 (0.54s)
[ucr] 031_UCR_Anomaly_DISTORTEDInternalB knn                      default  vus=0.70185 affil=0.99768 (0.09s)
[ucr] 031_UCR_Anomaly_DISTORTEDInternalB knn                      tuned    vus=0.43757 affil=0.99104 (0.4s)
[ucr] 031_UCR_Anomaly_DISTORTEDInternalB ae                       default  vus=0.67608 affil=0.99942 (1.3s)
[ucr] 031_UCR_Anomaly_DISTORTEDInternalB ae                       tuned    vus=0.45073 affil=0.99183 (2.77s)
[ucr] 033_UCR_Anomaly_DISTORTEDInternalB iforest                  default  vus=0.34682 affil=0.91466 (1.26s)
[ucr] 033_UCR_Anomaly_DISTORTEDInternalB iforest                  tuned    vus=0.08864 affil=0.76808 (0.9s)
[ucr] 033_UCR_Anomaly_DISTORTEDInternalB lof                      default  vus=0.62205 affil=0.99462 (0.15s)
[ucr] 033_UCR_Anomaly_DISTORTEDInternalB lof                      tuned    vus=0.39149 affil=0.98751 (0.45s)
[ucr] 033_UCR_Anomaly_DISTORTEDInternalB knn                      default  vus=0.69506 affil=0.99265 (0.07s)
[ucr] 033_UCR_Anomaly_DISTORTEDInternalB knn                      tuned    vus=0.48908 affil=0.98624 (0.33s)
[ucr] 033_UCR_Anomaly_DISTORTEDInternalB ae                       default  vus=0.67273 affil=0.98934 (1.62s)
[ucr] 033_UCR_Anomaly_DISTORTEDInternalB ae                       tuned    vus=0.40899 affil=0.98431 (3.54s)
[ucr] 035_UCR_Anomaly_DISTORTEDInternalB iforest                  default  vus=0.03203 affil=0.71639 (1.33s)
[ucr] 035_UCR_Anomaly_DISTORTEDInternalB lof                      default  vus=0.03366 affil=0.70232 (0.16s)
[ucr] 035_UCR_Anomaly_DISTORTEDInternalB knn                      default  vus=0.12312 affil=0.91638 (0.1s)
[ucr] 035_UCR_Anomaly_DISTORTEDInternalB ae                       default  vus=0.02828 affil=0.70696 (1.17s)
[ucr] 037_UCR_Anomaly_DISTORTEDLab2Cmac0 iforest                  default  vus=0.46329 affil=0.99971 (2.52s)
[ucr] 037_UCR_Anomaly_DISTORTEDLab2Cmac0 iforest                  tuned    vus=0.49203 affil=0.99971 (2.25s)
[ucr] 037_UCR_Anomaly_DISTORTEDLab2Cmac0 lof                      default  vus=0.48865 affil=0.99972 (0.66s)
[ucr] 037_UCR_Anomaly_DISTORTEDLab2Cmac0 lof                      tuned    vus=0.51341 affil=0.99971 (2.14s)
[ucr] 037_UCR_Anomaly_DISTORTEDLab2Cmac0 knn                      default  vus=0.4915 affil=0.99972 (0.46s)
[ucr] 037_UCR_Anomaly_DISTORTEDLab2Cmac0 knn                      tuned    vus=0.51748 affil=0.9997 (1.62s)
[ucr] 037_UCR_Anomaly_DISTORTEDLab2Cmac0 ae                       default  vus=0.52772 affil=0.99968 (3.02s)
[ucr] 037_UCR_Anomaly_DISTORTEDLab2Cmac0 ae                       tuned    vus=0.52476 affil=0.99968 (5.58s)
[ucr] 039_UCR_Anomaly_DISTORTEDLab2Cmac0 iforest                  default  vus=0.33246 affil=0.99987 (2.52s)
[ucr] 039_UCR_Anomaly_DISTORTEDLab2Cmac0 iforest                  tuned    vus=0.3138 affil=0.9999 (3.08s)
[ucr] 039_UCR_Anomaly_DISTORTEDLab2Cmac0 lof                      default  vus=0.33065 affil=0.9996 (0.65s)
[ucr] 039_UCR_Anomaly_DISTORTEDLab2Cmac0 lof                      tuned    vus=0.30626 affil=0.99988 (1.8s)
[ucr] 039_UCR_Anomaly_DISTORTEDLab2Cmac0 knn                      default  vus=0.24238 affil=0.75305 (0.45s)
[ucr] 039_UCR_Anomaly_DISTORTEDLab2Cmac0 knn                      tuned    vus=0.31378 affil=0.99986 (1.55s)
[ucr] 039_UCR_Anomaly_DISTORTEDLab2Cmac0 ae                       default  vus=0.32818 affil=0.99964 (2.7s)
[ucr] 039_UCR_Anomaly_DISTORTEDLab2Cmac0 ae                       tuned    vus=0.32031 affil=0.99983 (6.16s)
[ucr] 041_UCR_Anomaly_DISTORTEDLab2Cmac0 iforest                  default  vus=0.38295 affil=0.99803 (2.7s)
[ucr] 041_UCR_Anomaly_DISTORTEDLab2Cmac0 iforest                  tuned    vus=0.21547 affil=0.99827 (2.28s)
[ucr] 041_UCR_Anomaly_DISTORTEDLab2Cmac0 lof                      default  vus=0.328 affil=0.99863 (0.73s)
[ucr] 041_UCR_Anomaly_DISTORTEDLab2Cmac0 lof                      tuned    vus=0.27573 affil=0.99846 (1.99s)
[ucr] 041_UCR_Anomaly_DISTORTEDLab2Cmac0 knn                      default  vus=0.2777 affil=0.99824 (0.49s)
[ucr] 041_UCR_Anomaly_DISTORTEDLab2Cmac0 knn                      tuned    vus=0.27085 affil=0.99861 (1.77s)
[ucr] 041_UCR_Anomaly_DISTORTEDLab2Cmac0 ae                       default  vus=0.27157 affil=0.99824 (3.68s)
[ucr] 041_UCR_Anomaly_DISTORTEDLab2Cmac0 ae                       tuned    vus=0.27304 affil=0.99778 (7.98s)
[ucr] 043_UCR_Anomaly_DISTORTEDMesoplodo iforest                  default  vus=0.03288 affil=0.68791 (1.91s)
[ucr] 043_UCR_Anomaly_DISTORTEDMesoplodo iforest                  tuned    vus=0.03288 affil=0.68791 (2.55s)
[ucr] 043_UCR_Anomaly_DISTORTEDMesoplodo lof                      default  vus=0.1224 affil=0.73389 (0.57s)
[ucr] 043_UCR_Anomaly_DISTORTEDMesoplodo lof                      tuned    vus=0.19169 affil=0.9975 (2.07s)
[ucr] 043_UCR_Anomaly_DISTORTEDMesoplodo knn                      default  vus=0.70133 affil=0.9996 (0.37s)
[ucr] 043_UCR_Anomaly_DISTORTEDMesoplodo knn                      tuned    vus=0.71714 affil=0.9996 (1.01s)
[ucr] 043_UCR_Anomaly_DISTORTEDMesoplodo ae                       default  vus=0.65671 affil=0.99728 (4.16s)
[ucr] 043_UCR_Anomaly_DISTORTEDMesoplodo ae                       tuned    vus=0.61721 affil=0.99734 (5.02s)
[ucr] 045_UCR_Anomaly_DISTORTEDPowerDema iforest                  default  vus=0.01567 affil=0.61987 (2.08s)
[ucr] 045_UCR_Anomaly_DISTORTEDPowerDema iforest                  tuned    vus=0.01565 affil=0.62117 (2.33s)
[ucr] 045_UCR_Anomaly_DISTORTEDPowerDema lof                      default  vus=0.02811 affil=0.634 (0.74s)
[ucr] 045_UCR_Anomaly_DISTORTEDPowerDema lof                      tuned    vus=0.03771 affil=0.66669 (1.61s)
[ucr] 045_UCR_Anomaly_DISTORTEDPowerDema knn                      default  vus=0.13957 affil=0.72899 (0.49s)
[ucr] 045_UCR_Anomaly_DISTORTEDPowerDema knn                      tuned    vus=0.13957 affil=0.72899 (1.08s)
[ucr] 045_UCR_Anomaly_DISTORTEDPowerDema ae                       default  vus=0.04565 affil=0.69813 (6.28s)
[ucr] 045_UCR_Anomaly_DISTORTEDPowerDema ae                       tuned    vus=0.03075 affil=0.67632 (6.44s)
[ucr] 047_UCR_Anomaly_DISTORTEDPowerDema iforest                  default  vus=0.01019 affil=0.71672 (1.87s)
[ucr] 047_UCR_Anomaly_DISTORTEDPowerDema iforest                  tuned    vus=0.00992 affil=0.70389 (2.76s)
[ucr] 047_UCR_Anomaly_DISTORTEDPowerDema lof                      default  vus=0.84526 affil=0.99877 (0.76s)
[ucr] 047_UCR_Anomaly_DISTORTEDPowerDema lof                      tuned    vus=0.85576 affil=0.99877 (1.12s)
[ucr] 047_UCR_Anomaly_DISTORTEDPowerDema knn                      default  vus=0.82657 affil=0.99887 (0.41s)
[ucr] 047_UCR_Anomaly_DISTORTEDPowerDema knn                      tuned    vus=0.8392 affil=0.99887 (0.88s)
[ucr] 047_UCR_Anomaly_DISTORTEDPowerDema ae                       default  vus=0.87284 affil=0.9988 (6.72s)
[ucr] 047_UCR_Anomaly_DISTORTEDPowerDema ae                       tuned    vus=0.29086 affil=0.84656 (4.68s)
[ucr] 049_UCR_Anomaly_DISTORTEDTkeepFirs iforest                  default  vus=0.00592 affil=0.8855 (1.48s)
[ucr] 049_UCR_Anomaly_DISTORTEDTkeepFirs iforest                  tuned    vus=0.00508 affil=0.87746 (1.22s)
[ucr] 049_UCR_Anomaly_DISTORTEDTkeepFirs lof                      default  vus=0.00385 affil=0.88199 (0.23s)
[ucr] 049_UCR_Anomaly_DISTORTEDTkeepFirs lof                      tuned    vus=0.00385 affil=0.88199 (0.57s)
[ucr] 049_UCR_Anomaly_DISTORTEDTkeepFirs knn                      default  vus=0.00424 affil=0.8709 (0.15s)
[ucr] 049_UCR_Anomaly_DISTORTEDTkeepFirs knn                      tuned    vus=0.00424 affil=0.8709 (0.47s)
[ucr] 049_UCR_Anomaly_DISTORTEDTkeepFirs ae                       default  vus=0.00668 affil=0.855 (1.63s)
[ucr] 049_UCR_Anomaly_DISTORTEDTkeepFirs ae                       tuned    vus=0.01088 affil=0.90996 (1.94s)
[ucr] 051_UCR_Anomaly_DISTORTEDTkeepSeco iforest                  default  vus=0.00335 affil=0.69705 (1.4s)
[ucr] 051_UCR_Anomaly_DISTORTEDTkeepSeco iforest                  tuned    vus=0.00342 affil=0.70253 (1.18s)
[ucr] 051_UCR_Anomaly_DISTORTEDTkeepSeco lof                      default  vus=0.40032 affil=0.99983 (0.25s)
[ucr] 051_UCR_Anomaly_DISTORTEDTkeepSeco lof                      tuned    vus=0.40032 affil=0.99983 (0.6s)
[ucr] 051_UCR_Anomaly_DISTORTEDTkeepSeco knn                      default  vus=0.43993 affil=0.99986 (0.15s)
[ucr] 051_UCR_Anomaly_DISTORTEDTkeepSeco knn                      tuned    vus=0.52184 affil=0.99979 (0.48s)
[ucr] 051_UCR_Anomaly_DISTORTEDTkeepSeco ae                       default  vus=0.42563 affil=0.99986 (1.59s)
[ucr] 051_UCR_Anomaly_DISTORTEDTkeepSeco ae                       tuned    vus=0.4322 affil=0.99986 (2.01s)
[ucr] 053_UCR_Anomaly_DISTORTEDWalkingAc iforest                  default  vus=0.03672 affil=0.3343 (1.28s)
[ucr] 053_UCR_Anomaly_DISTORTEDWalkingAc lof                      default  vus=0.03696 affil=0.37952 (0.18s)
[ucr] 053_UCR_Anomaly_DISTORTEDWalkingAc knn                      default  vus=0.03744 affil=0.39561 (0.09s)
[ucr] 053_UCR_Anomaly_DISTORTEDWalkingAc ae                       default  vus=0.03599 affil=0.36531 (0.94s)
[ucr] 055_UCR_Anomaly_DISTORTEDapneaecg2 iforest                  default  vus=0.09705 affil=0.99888 (2.45s)
[ucr] 055_UCR_Anomaly_DISTORTEDapneaecg2 iforest                  tuned    vus=0.10893 affil=0.99886 (2.77s)
[ucr] 055_UCR_Anomaly_DISTORTEDapneaecg2 lof                      default  vus=0.10543 affil=0.99886 (1.12s)
[ucr] 055_UCR_Anomaly_DISTORTEDapneaecg2 lof                      tuned    vus=0.54857 affil=0.99892 (3.27s)
[ucr] 055_UCR_Anomaly_DISTORTEDapneaecg2 knn                      default  vus=0.74322 affil=0.99888 (0.85s)
[ucr] 055_UCR_Anomaly_DISTORTEDapneaecg2 knn                      tuned    vus=0.75651 affil=0.99889 (1.99s)
[ucr] 055_UCR_Anomaly_DISTORTEDapneaecg2 ae                       default  vus=0.72975 affil=0.99883 (5.38s)
[ucr] 055_UCR_Anomaly_DISTORTEDapneaecg2 ae                       tuned    vus=0.74048 affil=0.99896 (5.72s)
[ucr] 057_UCR_Anomaly_DISTORTEDapneaecg4 iforest                  default  vus=0.00415 affil=0.68677 (2.63s)
[ucr] 057_UCR_Anomaly_DISTORTEDapneaecg4 iforest                  tuned    vus=0.00365 affil=0.62641 (5.86s)
[ucr] 057_UCR_Anomaly_DISTORTEDapneaecg4 lof                      default  vus=0.00406 affil=0.65769 (0.92s)
[ucr] 057_UCR_Anomaly_DISTORTEDapneaecg4 lof                      tuned    vus=0.01416 affil=0.60713 (2.41s)
[ucr] 057_UCR_Anomaly_DISTORTEDapneaecg4 knn                      default  vus=0.00564 affil=0.63373 (0.61s)
[ucr] 057_UCR_Anomaly_DISTORTEDapneaecg4 knn                      tuned    vus=0.00416 affil=0.59947 (2.21s)
[ucr] 057_UCR_Anomaly_DISTORTEDapneaecg4 ae                       default  vus=0.00407 affil=0.64717 (3.66s)
[ucr] 057_UCR_Anomaly_DISTORTEDapneaecg4 ae                       tuned    vus=0.00281 affil=0.64917 (7.15s)
[ucr] 059_UCR_Anomaly_DISTORTEDgait1_200 iforest                  default  vus=0.01117 affil=0.64417 (3.52s)
[ucr] 059_UCR_Anomaly_DISTORTEDgait1_200 iforest                  tuned    vus=0.02809 affil=0.6245 (8.16s)
[ucr] 059_UCR_Anomaly_DISTORTEDgait1_200 lof                      default  vus=0.05916 affil=0.72511 (2.0s)
[ucr] 059_UCR_Anomaly_DISTORTEDgait1_200 lof                      tuned    vus=0.28687 affil=0.9983 (2.55s)
[ucr] 059_UCR_Anomaly_DISTORTEDgait1_200 knn                      default  vus=0.08159 affil=0.99824 (1.48s)
[ucr] 059_UCR_Anomaly_DISTORTEDgait1_200 knn                      tuned    vus=0.30072 affil=0.99809 (2.87s)
[ucr] 059_UCR_Anomaly_DISTORTEDgait1_200 ae                       default  vus=0.01193 affil=0.65733 (9.49s)
[ucr] 059_UCR_Anomaly_DISTORTEDgait1_200 ae                       tuned    vus=0.14029 affil=0.99168 (9.43s)
[ucr] 061_UCR_Anomaly_DISTORTEDgait3_245 iforest                  default  vus=0.04337 affil=0.73521 (3.28s)
[ucr] 061_UCR_Anomaly_DISTORTEDgait3_245 iforest                  tuned    vus=0.04876 affil=0.85498 (8.7s)
[ucr] 061_UCR_Anomaly_DISTORTEDgait3_245 lof                      default  vus=0.02675 affil=0.83626 (2.11s)
[ucr] 061_UCR_Anomaly_DISTORTEDgait3_245 lof                      tuned    vus=0.01928 affil=0.846 (2.75s)
[ucr] 061_UCR_Anomaly_DISTORTEDgait3_245 knn                      default  vus=0.02189 affil=0.73005 (1.69s)
[ucr] 061_UCR_Anomaly_DISTORTEDgait3_245 knn                      tuned    vus=0.02143 affil=0.73381 (2.9s)
[ucr] 061_UCR_Anomaly_DISTORTEDgait3_245 ae                       default  vus=0.03563 affil=0.80969 (10.08s)
[ucr] 061_UCR_Anomaly_DISTORTEDgait3_245 ae                       tuned    vus=0.03501 affil=0.84619 (9.65s)
[ucr] 063_UCR_Anomaly_DISTORTEDgaitHunt2 iforest                  default  vus=0.02203 affil=0.82935 (3.56s)
[ucr] 063_UCR_Anomaly_DISTORTEDgaitHunt2 iforest                  tuned    vus=0.02304 affil=0.82922 (3.98s)
[ucr] 063_UCR_Anomaly_DISTORTEDgaitHunt2 lof                      default  vus=0.25172 affil=0.99353 (1.87s)
[ucr] 063_UCR_Anomaly_DISTORTEDgaitHunt2 lof                      tuned    vus=0.24076 affil=0.84006 (2.54s)
[ucr] 063_UCR_Anomaly_DISTORTEDgaitHunt2 knn                      default  vus=0.31184 affil=0.99365 (1.44s)
[ucr] 063_UCR_Anomaly_DISTORTEDgaitHunt2 knn                      tuned    vus=0.31184 affil=0.99365 (2.91s)
[ucr] 063_UCR_Anomaly_DISTORTEDgaitHunt2 ae                       default  vus=0.2257 affil=0.85154 (8.7s)
[ucr] 063_UCR_Anomaly_DISTORTEDgaitHunt2 ae                       tuned    vus=0.0423 affil=0.78885 (11.21s)
[ucr] 065_UCR_Anomaly_DISTORTEDinsectEPG iforest                  default  vus=0.01159 affil=0.85992 (1.55s)
[ucr] 065_UCR_Anomaly_DISTORTEDinsectEPG iforest                  tuned    vus=0.023 affil=0.83871 (2.22s)
[ucr] 065_UCR_Anomaly_DISTORTEDinsectEPG lof                      default  vus=0.00834 affil=0.79909 (0.24s)
[ucr] 065_UCR_Anomaly_DISTORTEDinsectEPG lof                      tuned    vus=0.0349 affil=0.78173 (0.72s)
[ucr] 065_UCR_Anomaly_DISTORTEDinsectEPG knn                      default  vus=0.01254 affil=0.78815 (0.15s)
[ucr] 065_UCR_Anomaly_DISTORTEDinsectEPG knn                      tuned    vus=0.06578 affil=0.78929 (1.04s)
[ucr] 065_UCR_Anomaly_DISTORTEDinsectEPG ae                       default  vus=0.00597 affil=0.75673 (2.49s)
[ucr] 065_UCR_Anomaly_DISTORTEDinsectEPG ae                       tuned    vus=0.01735 affil=0.76872 (3.33s)
[ucr] 067_UCR_Anomaly_DISTORTEDinsectEPG iforest                  default  vus=0.03607 affil=0.74689 (1.52s)
[ucr] 067_UCR_Anomaly_DISTORTEDinsectEPG iforest                  tuned    vus=0.04955 affil=0.74846 (0.98s)
[ucr] 067_UCR_Anomaly_DISTORTEDinsectEPG lof                      default  vus=0.01392 affil=0.73302 (0.21s)
[ucr] 067_UCR_Anomaly_DISTORTEDinsectEPG lof                      tuned    vus=0.04514 affil=0.71464 (0.6s)
[ucr] 067_UCR_Anomaly_DISTORTEDinsectEPG knn                      default  vus=0.03168 affil=0.71576 (0.11s)
[ucr] 067_UCR_Anomaly_DISTORTEDinsectEPG knn                      tuned    vus=0.07991 affil=0.7441 (0.44s)
[ucr] 067_UCR_Anomaly_DISTORTEDinsectEPG ae                       default  vus=0.01613 affil=0.71915 (1.9s)
[ucr] 067_UCR_Anomaly_DISTORTEDinsectEPG ae                       tuned    vus=0.02916 affil=0.71423 (4.56s)
[ucr] 069_UCR_Anomaly_DISTORTEDinsectEPG iforest                  default  vus=0.09698 affil=0.99561 (1.38s)
[ucr] 069_UCR_Anomaly_DISTORTEDinsectEPG iforest                  tuned    vus=0.03511 affil=0.99561 (1.66s)
[ucr] 069_UCR_Anomaly_DISTORTEDinsectEPG lof                      default  vus=0.1045 affil=0.99726 (0.21s)
[ucr] 069_UCR_Anomaly_DISTORTEDinsectEPG lof                      tuned    vus=0.1045 affil=0.99726 (0.47s)
[ucr] 069_UCR_Anomaly_DISTORTEDinsectEPG knn                      default  vus=0.1045 affil=0.99726 (0.23s)
[ucr] 069_UCR_Anomaly_DISTORTEDinsectEPG knn                      tuned    vus=0.09698 affil=0.99712 (0.44s)
[ucr] 069_UCR_Anomaly_DISTORTEDinsectEPG ae                       default  vus=0.11262 affil=0.99733 (1.5s)
[ucr] 069_UCR_Anomaly_DISTORTEDinsectEPG ae                       tuned    vus=0.09698 affil=0.99712 (3.09s)
[ucr] 071_UCR_Anomaly_DISTORTEDltstdbs30 iforest                  default  vus=0.47379 affil=0.99867 (2.68s)
[ucr] 071_UCR_Anomaly_DISTORTEDltstdbs30 iforest                  tuned    vus=0.46952 affil=0.99866 (3.04s)
[ucr] 071_UCR_Anomaly_DISTORTEDltstdbs30 lof                      default  vus=0.70475 affil=0.9981 (1.62s)
[ucr] 071_UCR_Anomaly_DISTORTEDltstdbs30 lof                      tuned    vus=0.85986 affil=0.99867 (1.89s)
[ucr] 071_UCR_Anomaly_DISTORTEDltstdbs30 knn                      default  vus=0.69461 affil=0.99813 (1.08s)
[ucr] 071_UCR_Anomaly_DISTORTEDltstdbs30 knn                      tuned    vus=0.69834 affil=0.99813 (2.24s)
[ucr] 071_UCR_Anomaly_DISTORTEDltstdbs30 ae                       default  vus=0.65037 affil=0.99802 (8.8s)
[ucr] 071_UCR_Anomaly_DISTORTEDltstdbs30 ae                       tuned    vus=0.67157 affil=0.9981 (9.89s)
[ucr] 073_UCR_Anomaly_DISTORTEDpark3m_60 iforest                  default  vus=0.12619 affil=0.67787 (2.86s)
[ucr] 073_UCR_Anomaly_DISTORTEDpark3m_60 iforest                  tuned    vus=0.48292 affil=0.92668 (6.61s)
[ucr] 073_UCR_Anomaly_DISTORTEDpark3m_60 lof                      default  vus=0.35203 affil=0.99609 (3.63s)
[ucr] 073_UCR_Anomaly_DISTORTEDpark3m_60 lof                      tuned    vus=0.35203 affil=0.99609 (7.32s)
[ucr] 073_UCR_Anomaly_DISTORTEDpark3m_60 knn                      default  vus=0.37513 affil=0.99604 (3.3s)
[ucr] 073_UCR_Anomaly_DISTORTEDpark3m_60 knn                      tuned    vus=0.39545 affil=0.99604 (4.34s)
[ucr] 073_UCR_Anomaly_DISTORTEDpark3m_60 ae                       default  vus=0.06 affil=0.63616 (28.59s)
[ucr] 073_UCR_Anomaly_DISTORTEDpark3m_60 ae                       tuned    vus=0.04011 affil=0.6315 (21.09s)
[ucr] 075_UCR_Anomaly_DISTORTEDqtdbSel10 iforest                  default  vus=0.01651 affil=0.6487 (2.8s)
[ucr] 075_UCR_Anomaly_DISTORTEDqtdbSel10 iforest                  tuned    vus=0.01702 affil=0.66204 (2.94s)
[ucr] 075_UCR_Anomaly_DISTORTEDqtdbSel10 lof                      default  vus=0.01876 affil=0.66668 (0.65s)
[ucr] 075_UCR_Anomaly_DISTORTEDqtdbSel10 lof                      tuned    vus=0.01389 affil=0.66412 (1.86s)
[ucr] 075_UCR_Anomaly_DISTORTEDqtdbSel10 knn                      default  vus=0.01755 affil=0.6489 (0.48s)
[ucr] 075_UCR_Anomaly_DISTORTEDqtdbSel10 knn                      tuned    vus=0.01859 affil=0.67643 (1.7s)
[ucr] 075_UCR_Anomaly_DISTORTEDqtdbSel10 ae                       default  vus=0.01541 affil=0.64376 (2.88s)
[ucr] 075_UCR_Anomaly_DISTORTEDqtdbSel10 ae                       tuned    vus=0.0204 affil=0.66324 (4.78s)
[ucr] 077_UCR_Anomaly_DISTORTEDresperati iforest                  default  vus=0.0003 affil=0.74958 (8.68s)
[ucr] 077_UCR_Anomaly_DISTORTEDresperati iforest                  tuned    vus=0.0003 affil=0.74958 (12.64s)
[ucr] 077_UCR_Anomaly_DISTORTEDresperati lof                      default  vus=0.0058 affil=0.90639 (10.9s)
[ucr] 077_UCR_Anomaly_DISTORTEDresperati lof                      tuned    vus=0.0058 affil=0.89765 (14.56s)
[ucr] 077_UCR_Anomaly_DISTORTEDresperati knn                      default  vus=0.10184 affil=0.97943 (8.9s)
[ucr] 077_UCR_Anomaly_DISTORTEDresperati knn                      tuned    vus=0.00123 affil=0.82154 (8.46s)
[ucr] 077_UCR_Anomaly_DISTORTEDresperati ae                       default  vus=0.08774 affil=0.99987 (25.84s)
[ucr] 077_UCR_Anomaly_DISTORTEDresperati ae                       tuned    vus=0.08774 affil=0.99987 (29.5s)
[ucr] 079_UCR_Anomaly_DISTORTEDresperati iforest                  default  vus=2e-05 affil=0.64747 (9.62s)
[ucr] 079_UCR_Anomaly_DISTORTEDresperati iforest                  tuned    vus=2e-05 affil=0.56275 (38.3s)
[ucr] 079_UCR_Anomaly_DISTORTEDresperati lof                      default  vus=0.0001 affil=0.57235 (10.57s)
[ucr] 079_UCR_Anomaly_DISTORTEDresperati lof                      tuned    vus=7e-05 affil=0.57758 (19.14s)
[ucr] 079_UCR_Anomaly_DISTORTEDresperati knn                      default  vus=2e-05 affil=0.60311 (10.82s)
[ucr] 079_UCR_Anomaly_DISTORTEDresperati knn                      tuned    vus=2e-05 affil=0.59871 (14.67s)
[ucr] 079_UCR_Anomaly_DISTORTEDresperati ae                       default  vus=2e-05 affil=0.62605 (22.94s)
[ucr] 079_UCR_Anomaly_DISTORTEDresperati ae                       tuned    vus=2e-05 affil=0.61179 (24.97s)
[ucr] 081_UCR_Anomaly_DISTORTEDresperati iforest                  default  vus=3e-05 affil=0.66341 (9.82s)
[ucr] 081_UCR_Anomaly_DISTORTEDresperati iforest                  tuned    vus=3e-05 affil=0.64527 (26.04s)
[ucr] 081_UCR_Anomaly_DISTORTEDresperati lof                      default  vus=2e-05 affil=0.61973 (8.97s)
[ucr] 081_UCR_Anomaly_DISTORTEDresperati lof                      tuned    vus=2e-05 affil=0.64382 (27.42s)
[ucr] 081_UCR_Anomaly_DISTORTEDresperati knn                      default  vus=2e-05 affil=0.62976 (7.76s)
[ucr] 081_UCR_Anomaly_DISTORTEDresperati knn                      tuned    vus=2e-05 affil=0.63111 (11.87s)
[ucr] 081_UCR_Anomaly_DISTORTEDresperati ae                       default  vus=2e-05 affil=0.64082 (23.44s)
[ucr] 081_UCR_Anomaly_DISTORTEDresperati ae                       tuned    vus=2e-05 affil=0.66276 (47.52s)
[ucr] 083_UCR_Anomaly_DISTORTEDresperati iforest                  default  vus=0.0021 affil=0.65953 (10.26s)
[ucr] 083_UCR_Anomaly_DISTORTEDresperati iforest                  tuned    vus=0.00104 affil=0.69238 (32.34s)
[ucr] 083_UCR_Anomaly_DISTORTEDresperati lof                      default  vus=0.09803 affil=0.62113 (8.4s)
[ucr] 083_UCR_Anomaly_DISTORTEDresperati lof                      tuned    vus=0.11546 affil=0.62705 (15.98s)
[ucr] 083_UCR_Anomaly_DISTORTEDresperati knn                      default  vus=0.10334 affil=0.63827 (7.98s)
[ucr] 083_UCR_Anomaly_DISTORTEDresperati knn                      tuned    vus=0.0119 affil=0.62864 (10.3s)
[ucr] 083_UCR_Anomaly_DISTORTEDresperati ae                       default  vus=0.14286 affil=0.97384 (21.63s)
[ucr] 083_UCR_Anomaly_DISTORTEDresperati ae                       tuned    vus=0.1343 affil=0.99999 (29.65s)
[ucr] 085_UCR_Anomaly_DISTORTEDs20101m_1 iforest                  default  vus=0.0044 affil=0.58247 (2.79s)
[ucr] 085_UCR_Anomaly_DISTORTEDs20101m_1 iforest                  tuned    vus=0.0044 affil=0.58247 (3.87s)
[ucr] 085_UCR_Anomaly_DISTORTEDs20101m_1 lof                      default  vus=0.6227 affil=0.99939 (0.93s)
[ucr] 085_UCR_Anomaly_DISTORTEDs20101m_1 lof                      tuned    vus=0.6227 affil=0.99939 (2.06s)
[ucr] 085_UCR_Anomaly_DISTORTEDs20101m_1 knn                      default  vus=0.60045 affil=0.9994 (0.72s)
[ucr] 085_UCR_Anomaly_DISTORTEDs20101m_1 knn                      tuned    vus=0.60762 affil=0.9994 (1.82s)
[ucr] 085_UCR_Anomaly_DISTORTEDs20101m_1 ae                       default  vus=0.43692 affil=0.99937 (5.09s)
[ucr] 085_UCR_Anomaly_DISTORTEDs20101m_1 ae                       tuned    vus=0.45116 affil=0.99938 (6.16s)
[ucr] 087_UCR_Anomaly_DISTORTEDsel840mEC iforest                  default  vus=0.04626 affil=0.75031 (3.38s)
[ucr] 087_UCR_Anomaly_DISTORTEDsel840mEC iforest                  tuned    vus=0.04626 affil=0.75031 (5.41s)
[ucr] 087_UCR_Anomaly_DISTORTEDsel840mEC lof                      default  vus=0.03785 affil=0.74003 (1.68s)
[ucr] 087_UCR_Anomaly_DISTORTEDsel840mEC lof                      tuned    vus=0.05149 affil=0.74633 (3.09s)
[ucr] 087_UCR_Anomaly_DISTORTEDsel840mEC knn                      default  vus=0.10016 affil=0.96937 (1.25s)
[ucr] 087_UCR_Anomaly_DISTORTEDsel840mEC knn                      tuned    vus=0.1087 affil=0.99786 (2.87s)
[ucr] 087_UCR_Anomaly_DISTORTEDsel840mEC ae                       default  vus=0.11624 affil=0.99786 (8.23s)
[ucr] 087_UCR_Anomaly_DISTORTEDsel840mEC ae                       tuned    vus=0.08631 affil=0.99786 (10.93s)
[ucr] 089_UCR_Anomaly_DISTORTEDtiltAPB1_ iforest                  default  vus=0.10112 affil=0.65067 (3.35s)
[ucr] 089_UCR_Anomaly_DISTORTEDtiltAPB1_ iforest                  tuned    vus=0.03103 affil=0.55973 (5.89s)
[ucr] 089_UCR_Anomaly_DISTORTEDtiltAPB1_ lof                      default  vus=0.10269 affil=0.71216 (6.91s)
[ucr] 089_UCR_Anomaly_DISTORTEDtiltAPB1_ lof                      tuned    vus=0.24491 affil=0.86 (4.23s)
[ucr] 089_UCR_Anomaly_DISTORTEDtiltAPB1_ knn                      default  vus=0.43305 affil=0.99941 (3.03s)
[ucr] 089_UCR_Anomaly_DISTORTEDtiltAPB1_ knn                      tuned    vus=0.47721 affil=0.99963 (2.66s)
[ucr] 089_UCR_Anomaly_DISTORTEDtiltAPB1_ ae                       default  vus=0.25588 affil=0.99775 (34.55s)
[ucr] 089_UCR_Anomaly_DISTORTEDtiltAPB1_ ae                       tuned    vus=0.25588 affil=0.99775 (35.4s)
[ucr] 091_UCR_Anomaly_DISTORTEDtiltAPB3_ iforest                  default  vus=0.00303 affil=0.69335 (6.21s)
[ucr] 091_UCR_Anomaly_DISTORTEDtiltAPB3_ iforest                  tuned    vus=0.00377 affil=0.72893 (12.18s)
[ucr] 091_UCR_Anomaly_DISTORTEDtiltAPB3_ lof                      default  vus=0.00783 affil=0.83347 (5.79s)
[ucr] 091_UCR_Anomaly_DISTORTEDtiltAPB3_ lof                      tuned    vus=0.00838 affil=0.83548 (6.08s)
[ucr] 091_UCR_Anomaly_DISTORTEDtiltAPB3_ knn                      default  vus=0.00715 affil=0.8421 (4.31s)
[ucr] 091_UCR_Anomaly_DISTORTEDtiltAPB3_ knn                      tuned    vus=0.0093 affil=0.84487 (5.63s)
[ucr] 091_UCR_Anomaly_DISTORTEDtiltAPB3_ ae                       default  vus=0.00551 affil=0.85817 (18.48s)
[ucr] 091_UCR_Anomaly_DISTORTEDtiltAPB3_ ae                       tuned    vus=0.00529 affil=0.85112 (23.67s)
[ucr] 093_UCR_Anomaly_NOISE1sddb40_35000 iforest                  default  vus=0.25353 affil=0.99787 (3.7s)
[ucr] 093_UCR_Anomaly_NOISE1sddb40_35000 iforest                  tuned    vus=0.30208 affil=0.75611 (5.46s)
[ucr] 093_UCR_Anomaly_NOISE1sddb40_35000 lof                      default  vus=0.04562 affil=0.63938 (2.86s)
[ucr] 093_UCR_Anomaly_NOISE1sddb40_35000 lof                      tuned    vus=0.04382 affil=0.629 (3.21s)
[ucr] 093_UCR_Anomaly_NOISE1sddb40_35000 knn                      default  vus=0.3584 affil=0.99788 (2.01s)
[ucr] 093_UCR_Anomaly_NOISE1sddb40_35000 knn                      tuned    vus=0.56612 affil=0.99678 (2.77s)
[ucr] 093_UCR_Anomaly_NOISE1sddb40_35000 ae                       default  vus=0.04346 affil=0.64639 (14.19s)
[ucr] 093_UCR_Anomaly_NOISE1sddb40_35000 ae                       tuned    vus=0.62414 affil=0.99929 (13.93s)
[ucr] 095_UCR_Anomaly_NOISECIMIS44AirTem iforest                  default  vus=0.03689 affil=0.78219 (1.35s)
[ucr] 095_UCR_Anomaly_NOISECIMIS44AirTem iforest                  tuned    vus=0.05278 affil=0.80827 (1.59s)
[ucr] 095_UCR_Anomaly_NOISECIMIS44AirTem lof                      default  vus=0.05264 affil=0.8215 (0.19s)
[ucr] 095_UCR_Anomaly_NOISECIMIS44AirTem lof                      tuned    vus=0.09968 affil=0.83228 (0.53s)
[ucr] 095_UCR_Anomaly_NOISECIMIS44AirTem knn                      default  vus=0.07574 affil=0.83827 (0.09s)
[ucr] 095_UCR_Anomaly_NOISECIMIS44AirTem knn                      tuned    vus=0.18672 affil=0.84811 (0.38s)
[ucr] 095_UCR_Anomaly_NOISECIMIS44AirTem ae                       default  vus=0.6497 affil=0.99733 (1.75s)
[ucr] 095_UCR_Anomaly_NOISECIMIS44AirTem ae                       tuned    vus=0.33723 affil=0.92385 (2.03s)
[ucr] 097_UCR_Anomaly_NOISEGP711MarkerLF iforest                  default  vus=0.57452 affil=0.9981 (1.58s)
[ucr] 097_UCR_Anomaly_NOISEGP711MarkerLF iforest                  tuned    vus=0.10128 affil=0.71065 (1.84s)
[ucr] 097_UCR_Anomaly_NOISEGP711MarkerLF lof                      default  vus=0.8815 affil=0.9986 (0.26s)
[ucr] 097_UCR_Anomaly_NOISEGP711MarkerLF lof                      tuned    vus=0.88775 affil=0.99885 (0.7s)
[ucr] 097_UCR_Anomaly_NOISEGP711MarkerLF knn                      default  vus=0.91465 affil=0.99884 (0.14s)
[ucr] 097_UCR_Anomaly_NOISEGP711MarkerLF knn                      tuned    vus=0.86297 affil=0.99869 (0.58s)
[ucr] 097_UCR_Anomaly_NOISEGP711MarkerLF ae                       default  vus=0.84234 affil=0.99838 (2.07s)
[ucr] 097_UCR_Anomaly_NOISEGP711MarkerLF ae                       tuned    vus=0.78849 affil=0.99843 (2.43s)
[ucr] 099_UCR_Anomaly_NOISEInternalBleed iforest                  default  vus=0.68548 affil=0.99906 (1.46s)
[ucr] 099_UCR_Anomaly_NOISEInternalBleed lof                      default  vus=0.77484 affil=0.99913 (0.17s)
[ucr] 099_UCR_Anomaly_NOISEInternalBleed knn                      default  vus=0.83936 affil=0.99925 (0.11s)
[ucr] 099_UCR_Anomaly_NOISEInternalBleed ae                       default  vus=0.76189 affil=0.99927 (1.01s)
[ucr] 101_UCR_Anomaly_NOISELab2Cmac01121 iforest                  default  vus=0.00609 affil=0.77385 (2.58s)
[ucr] 101_UCR_Anomaly_NOISELab2Cmac01121 iforest                  tuned    vus=0.00765 affil=0.86242 (2.36s)
[ucr] 101_UCR_Anomaly_NOISELab2Cmac01121 lof                      default  vus=0.02785 affil=0.77932 (0.69s)
[ucr] 101_UCR_Anomaly_NOISELab2Cmac01121 lof                      tuned    vus=0.26563 affil=0.82684 (2.01s)
[ucr] 101_UCR_Anomaly_NOISELab2Cmac01121 knn                      default  vus=0.21027 affil=0.77775 (0.5s)
[ucr] 101_UCR_Anomaly_NOISELab2Cmac01121 knn                      tuned    vus=0.31714 affil=0.86925 (1.75s)
[ucr] 101_UCR_Anomaly_NOISELab2Cmac01121 ae                       default  vus=0.01418 affil=0.77439 (3.57s)
[ucr] 101_UCR_Anomaly_NOISELab2Cmac01121 ae                       tuned    vus=0.11076 affil=0.80716 (6.7s)
[ucr] 103_UCR_Anomaly_NOISETkeepThirdMAR iforest                  default  vus=0.339 affil=0.99449 (1.55s)
[ucr] 103_UCR_Anomaly_NOISETkeepThirdMAR iforest                  tuned    vus=0.32752 affil=0.99449 (1.31s)
[ucr] 103_UCR_Anomaly_NOISETkeepThirdMAR lof                      default  vus=0.83303 affil=0.99685 (0.24s)
[ucr] 103_UCR_Anomaly_NOISETkeepThirdMAR lof                      tuned    vus=0.90533 affil=0.99777 (0.62s)
[ucr] 103_UCR_Anomaly_NOISETkeepThirdMAR knn                      default  vus=0.94604 affil=0.99984 (0.15s)
[ucr] 103_UCR_Anomaly_NOISETkeepThirdMAR knn                      tuned    vus=0.73079 affil=0.99566 (0.65s)
[ucr] 103_UCR_Anomaly_NOISETkeepThirdMAR ae                       default  vus=0.76738 affil=0.99572 (1.66s)
[ucr] 103_UCR_Anomaly_NOISETkeepThirdMAR ae                       tuned    vus=0.57051 affil=0.99413 (2.1s)
[ucr] 105_UCR_Anomaly_NOISEgait3_24500_5 iforest                  default  vus=0.05592 affil=0.98808 (3.68s)
[ucr] 105_UCR_Anomaly_NOISEgait3_24500_5 iforest                  tuned    vus=0.05592 affil=0.98808 (5.49s)
[ucr] 105_UCR_Anomaly_NOISEgait3_24500_5 lof                      default  vus=0.03926 affil=0.78791 (2.06s)
[ucr] 105_UCR_Anomaly_NOISEgait3_24500_5 lof                      tuned    vus=0.03984 affil=0.80572 (3.37s)
[ucr] 105_UCR_Anomaly_NOISEgait3_24500_5 knn                      default  vus=0.03862 affil=0.74978 (1.46s)
[ucr] 105_UCR_Anomaly_NOISEgait3_24500_5 knn                      tuned    vus=0.03928 affil=0.75008 (2.98s)
[ucr] 105_UCR_Anomaly_NOISEgait3_24500_5 ae                       default  vus=0.0251 affil=0.75113 (10.99s)
[ucr] 105_UCR_Anomaly_NOISEgait3_24500_5 ae                       tuned    vus=0.02763 affil=0.84619 (10.23s)
[ucr] 107_UCR_Anomaly_NOISEinsectEPG3_52 iforest                  default  vus=0.02061 affil=0.78775 (1.53s)
[ucr] 107_UCR_Anomaly_NOISEinsectEPG3_52 iforest                  tuned    vus=0.03615 affil=0.79665 (1.05s)
[ucr] 107_UCR_Anomaly_NOISEinsectEPG3_52 lof                      default  vus=0.01091 affil=0.70514 (0.22s)
[ucr] 107_UCR_Anomaly_NOISEinsectEPG3_52 lof                      tuned    vus=0.01836 affil=0.71228 (0.58s)
[ucr] 107_UCR_Anomaly_NOISEinsectEPG3_52 knn                      default  vus=0.01203 affil=0.71134 (0.11s)
[ucr] 107_UCR_Anomaly_NOISEinsectEPG3_52 knn                      tuned    vus=0.02303 affil=0.73064 (0.45s)
[ucr] 107_UCR_Anomaly_NOISEinsectEPG3_52 ae                       default  vus=0.0091 affil=0.6872 (2.01s)
[ucr] 107_UCR_Anomaly_NOISEinsectEPG3_52 ae                       tuned    vus=0.0111 affil=0.68812 (4.84s)
[ucr] 109_UCR_Anomaly_1sddb40_35000_5200 iforest                  default  vus=0.25187 affil=0.99787 (3.84s)
[ucr] 109_UCR_Anomaly_1sddb40_35000_5200 iforest                  tuned    vus=0.3084 affil=0.7575 (5.51s)
[ucr] 109_UCR_Anomaly_1sddb40_35000_5200 lof                      default  vus=0.04241 affil=0.63766 (2.97s)
[ucr] 109_UCR_Anomaly_1sddb40_35000_5200 lof                      tuned    vus=0.04141 affil=0.6281 (3.89s)
[ucr] 109_UCR_Anomaly_1sddb40_35000_5200 knn                      default  vus=0.35345 affil=0.99787 (2.02s)
[ucr] 109_UCR_Anomaly_1sddb40_35000_5200 knn                      tuned    vus=0.55816 affil=0.99678 (2.78s)
[ucr] 109_UCR_Anomaly_1sddb40_35000_5200 ae                       default  vus=0.04295 affil=0.64642 (14.03s)
[ucr] 109_UCR_Anomaly_1sddb40_35000_5200 ae                       tuned    vus=0.61842 affil=0.9993 (12.77s)
[ucr] 111_UCR_Anomaly_3sddb40_35000_4660 iforest                  default  vus=0.01472 affil=0.62667 (3.62s)
[ucr] 111_UCR_Anomaly_3sddb40_35000_4660 iforest                  tuned    vus=0.02336 affil=0.6111 (5.52s)
[ucr] 111_UCR_Anomaly_3sddb40_35000_4660 lof                      default  vus=0.02963 affil=0.63055 (2.96s)
[ucr] 111_UCR_Anomaly_3sddb40_35000_4660 lof                      tuned    vus=0.01621 affil=0.61706 (3.2s)
[ucr] 111_UCR_Anomaly_3sddb40_35000_4660 knn                      default  vus=0.03321 affil=0.60585 (2.0s)
[ucr] 111_UCR_Anomaly_3sddb40_35000_4660 knn                      tuned    vus=0.0197 affil=0.61503 (2.78s)
[ucr] 111_UCR_Anomaly_3sddb40_35000_4660 ae                       default  vus=0.04044 affil=0.65174 (14.28s)
[ucr] 111_UCR_Anomaly_3sddb40_35000_4660 ae                       tuned    vus=0.02638 affil=0.64218 (12.73s)
[ucr] 113_UCR_Anomaly_CIMIS44AirTemperat iforest                  default  vus=0.00138 affil=0.81417 (1.33s)
[ucr] 113_UCR_Anomaly_CIMIS44AirTemperat iforest                  tuned    vus=0.00141 affil=0.81716 (0.9s)
[ucr] 113_UCR_Anomaly_CIMIS44AirTemperat lof                      default  vus=0.00311 affil=0.81737 (0.26s)
[ucr] 113_UCR_Anomaly_CIMIS44AirTemperat lof                      tuned    vus=0.00523 affil=0.8156 (0.51s)
[ucr] 113_UCR_Anomaly_CIMIS44AirTemperat knn                      default  vus=0.00609 affil=0.83487 (0.09s)
[ucr] 113_UCR_Anomaly_CIMIS44AirTemperat knn                      tuned    vus=0.00617 affil=0.81461 (0.35s)
[ucr] 113_UCR_Anomaly_CIMIS44AirTemperat ae                       default  vus=0.15438 affil=0.99697 (1.76s)
[ucr] 113_UCR_Anomaly_CIMIS44AirTemperat ae                       tuned    vus=0.03737 affil=0.91309 (1.95s)
[ucr] 115_UCR_Anomaly_CIMIS44AirTemperat iforest                  default  vus=0.00925 affil=0.63449 (1.36s)
[ucr] 115_UCR_Anomaly_CIMIS44AirTemperat iforest                  tuned    vus=0.01168 affil=0.62574 (0.95s)
[ucr] 115_UCR_Anomaly_CIMIS44AirTemperat lof                      default  vus=0.06044 affil=0.72414 (0.2s)
[ucr] 115_UCR_Anomaly_CIMIS44AirTemperat lof                      tuned    vus=0.8916 affil=0.9988 (0.52s)
[ucr] 115_UCR_Anomaly_CIMIS44AirTemperat knn                      default  vus=0.26665 affil=0.72475 (0.09s)
[ucr] 115_UCR_Anomaly_CIMIS44AirTemperat knn                      tuned    vus=0.87989 affil=0.9988 (0.38s)
[ucr] 115_UCR_Anomaly_CIMIS44AirTemperat ae                       default  vus=0.89187 affil=0.99883 (1.79s)
[ucr] 115_UCR_Anomaly_CIMIS44AirTemperat ae                       tuned    vus=0.89907 affil=0.99883 (2.41s)
[ucr] 117_UCR_Anomaly_CIMIS44AirTemperat iforest                  default  vus=0.12902 affil=0.97614 (1.33s)
[ucr] 117_UCR_Anomaly_CIMIS44AirTemperat iforest                  tuned    vus=0.1002 affil=0.96819 (0.97s)
[ucr] 117_UCR_Anomaly_CIMIS44AirTemperat lof                      default  vus=0.36593 affil=0.98892 (0.18s)
[ucr] 117_UCR_Anomaly_CIMIS44AirTemperat lof                      tuned    vus=0.84624 affil=0.99927 (0.53s)
[ucr] 117_UCR_Anomaly_CIMIS44AirTemperat knn                      default  vus=0.67156 affil=0.99504 (0.09s)
[ucr] 117_UCR_Anomaly_CIMIS44AirTemperat knn                      tuned    vus=0.85515 affil=0.99853 (0.37s)
[ucr] 117_UCR_Anomaly_CIMIS44AirTemperat ae                       default  vus=0.94572 affil=0.99975 (1.75s)
[ucr] 117_UCR_Anomaly_CIMIS44AirTemperat ae                       tuned    vus=0.91211 affil=0.99903 (2.02s)
[ucr] 119_UCR_Anomaly_ECG1_10000_11800_1 iforest                  default  vus=0.4004 affil=0.9963 (2.19s)
[ucr] 119_UCR_Anomaly_ECG1_10000_11800_1 iforest                  tuned    vus=0.38524 affil=0.9963 (2.22s)
[ucr] 119_UCR_Anomaly_ECG1_10000_11800_1 lof                      default  vus=0.43682 affil=0.99626 (0.68s)
[ucr] 119_UCR_Anomaly_ECG1_10000_11800_1 lof                      tuned    vus=0.46429 affil=0.99626 (1.44s)
[ucr] 119_UCR_Anomaly_ECG1_10000_11800_1 knn                      default  vus=0.57096 affil=0.99633 (0.49s)
[ucr] 119_UCR_Anomaly_ECG1_10000_11800_1 knn                      tuned    vus=0.6214 affil=0.99633 (1.28s)
[ucr] 119_UCR_Anomaly_ECG1_10000_11800_1 ae                       default  vus=0.56834 affil=0.99633 (4.57s)
[ucr] 119_UCR_Anomaly_ECG1_10000_11800_1 ae                       tuned    vus=0.54881 affil=0.99629 (5.24s)
[ucr] 121_UCR_Anomaly_ECG3_15000_16000_1 iforest                  default  vus=0.00693 affil=0.86447 (1.94s)
[ucr] 121_UCR_Anomaly_ECG3_15000_16000_1 iforest                  tuned    vus=0.00681 affil=0.86447 (1.93s)
[ucr] 121_UCR_Anomaly_ECG3_15000_16000_1 lof                      default  vus=0.80809 affil=0.99861 (0.81s)
[ucr] 121_UCR_Anomaly_ECG3_15000_16000_1 lof                      tuned    vus=0.82214 affil=0.99861 (1.26s)
[ucr] 121_UCR_Anomaly_ECG3_15000_16000_1 knn                      default  vus=0.37288 affil=0.99811 (0.46s)
[ucr] 121_UCR_Anomaly_ECG3_15000_16000_1 knn                      tuned    vus=0.44132 affil=0.99811 (1.06s)
[ucr] 121_UCR_Anomaly_ECG3_15000_16000_1 ae                       default  vus=0.32103 affil=0.99814 (5.76s)
[ucr] 121_UCR_Anomaly_ECG3_15000_16000_1 ae                       tuned    vus=0.18228 affil=0.71667 (6.99s)
[ucr] 123_UCR_Anomaly_ECG4_5000_16800_17 iforest                  default  vus=0.01586 affil=0.85539 (12.11s)
[ucr] 123_UCR_Anomaly_ECG4_5000_16800_17 iforest                  tuned    vus=0.01145 affil=0.85207 (15.77s)
[ucr] 123_UCR_Anomaly_ECG4_5000_16800_17 lof                      default  vus=0.22665 affil=0.99971 (4.51s)
[ucr] 123_UCR_Anomaly_ECG4_5000_16800_17 lof                      tuned    vus=0.16027 affil=0.9997 (14.62s)
[ucr] 123_UCR_Anomaly_ECG4_5000_16800_17 knn                      default  vus=0.22702 affil=0.99947 (3.84s)
[ucr] 123_UCR_Anomaly_ECG4_5000_16800_17 knn                      tuned    vus=0.1321 affil=0.99963 (13.55s)
[ucr] 123_UCR_Anomaly_ECG4_5000_16800_17 ae                       default  vus=0.19695 affil=0.9991 (13.13s)
[ucr] 123_UCR_Anomaly_ECG4_5000_16800_17 ae                       tuned    vus=0.10619 affil=0.9994 (17.71s)
[ucr] 125_UCR_Anomaly_ECG4_5000_17000_17 iforest                  default  vus=0.00625 affil=0.80098 (2.42s)
[ucr] 125_UCR_Anomaly_ECG4_5000_17000_17 iforest                  tuned    vus=0.00665 affil=0.68308 (2.3s)
[ucr] 125_UCR_Anomaly_ECG4_5000_17000_17 lof                      default  vus=0.75152 affil=0.99899 (0.68s)
[ucr] 125_UCR_Anomaly_ECG4_5000_17000_17 lof                      tuned    vus=0.57843 affil=0.99898 (1.89s)
[ucr] 125_UCR_Anomaly_ECG4_5000_17000_17 knn                      default  vus=0.76098 affil=0.99903 (0.48s)
[ucr] 125_UCR_Anomaly_ECG4_5000_17000_17 knn                      tuned    vus=0.49377 affil=0.999 (1.66s)
[ucr] 125_UCR_Anomaly_ECG4_5000_17000_17 ae                       default  vus=0.71024 affil=0.999 (3.22s)
[ucr] 125_UCR_Anomaly_ECG4_5000_17000_17 ae                       tuned    vus=0.42489 affil=0.99898 (6.2s)
[ucr] 127_UCR_Anomaly_GP711MarkerLFM5z1_ iforest                  default  vus=0.00881 affil=0.69203 (1.63s)
[ucr] 127_UCR_Anomaly_GP711MarkerLFM5z1_ iforest                  tuned    vus=0.00778 affil=0.67095 (1.15s)
[ucr] 127_UCR_Anomaly_GP711MarkerLFM5z1_ lof                      default  vus=0.88691 affil=0.99875 (0.25s)
[ucr] 127_UCR_Anomaly_GP711MarkerLFM5z1_ lof                      tuned    vus=0.88126 affil=0.99889 (0.68s)
[ucr] 127_UCR_Anomaly_GP711MarkerLFM5z1_ knn                      default  vus=0.5498 affil=0.99732 (0.14s)
[ucr] 127_UCR_Anomaly_GP711MarkerLFM5z1_ knn                      tuned    vus=0.36159 affil=0.9978 (0.57s)
[ucr] 127_UCR_Anomaly_GP711MarkerLFM5z1_ ae                       default  vus=0.42967 affil=0.99471 (2.05s)
[ucr] 127_UCR_Anomaly_GP711MarkerLFM5z1_ ae                       tuned    vus=0.42292 affil=0.99515 (2.42s)
[ucr] 129_UCR_Anomaly_GP711MarkerLFM5z3_ iforest                  default  vus=0.55936 affil=0.99818 (1.59s)
[ucr] 129_UCR_Anomaly_GP711MarkerLFM5z3_ iforest                  tuned    vus=0.14083 affil=0.70776 (1.16s)
[ucr] 129_UCR_Anomaly_GP711MarkerLFM5z3_ lof                      default  vus=0.83794 affil=0.9986 (0.25s)
[ucr] 129_UCR_Anomaly_GP711MarkerLFM5z3_ lof                      tuned    vus=0.91277 affil=0.99893 (0.69s)
[ucr] 129_UCR_Anomaly_GP711MarkerLFM5z3_ knn                      default  vus=0.9149 affil=0.99884 (0.14s)
[ucr] 129_UCR_Anomaly_GP711MarkerLFM5z3_ knn                      tuned    vus=0.86335 affil=0.99869 (0.57s)
[ucr] 129_UCR_Anomaly_GP711MarkerLFM5z3_ ae                       default  vus=0.84832 affil=0.99838 (2.2s)
[ucr] 129_UCR_Anomaly_GP711MarkerLFM5z3_ ae                       tuned    vus=0.79826 affil=0.99843 (2.42s)
[ucr] 131_UCR_Anomaly_GP711MarkerLFM5z5_ iforest                  default  vus=0.94477 affil=0.99963 (1.48s)
[ucr] 131_UCR_Anomaly_GP711MarkerLFM5z5_ iforest                  tuned    vus=0.23827 affil=0.99576 (1.14s)
[ucr] 131_UCR_Anomaly_GP711MarkerLFM5z5_ lof                      default  vus=0.77837 affil=0.99562 (0.25s)
[ucr] 131_UCR_Anomaly_GP711MarkerLFM5z5_ lof                      tuned    vus=0.50579 affil=0.99329 (0.68s)
[ucr] 131_UCR_Anomaly_GP711MarkerLFM5z5_ knn                      default  vus=0.83757 affil=0.99617 (0.14s)
[ucr] 131_UCR_Anomaly_GP711MarkerLFM5z5_ knn                      tuned    vus=0.60072 affil=0.99327 (0.57s)
[ucr] 131_UCR_Anomaly_GP711MarkerLFM5z5_ ae                       default  vus=0.83215 affil=0.99641 (2.01s)
[ucr] 131_UCR_Anomaly_GP711MarkerLFM5z5_ ae                       tuned    vus=0.82165 affil=0.99591 (2.28s)
[ucr] 133_UCR_Anomaly_InternalBleeding14 iforest                  default  vus=0.78908 affil=0.99876 (1.37s)
[ucr] 133_UCR_Anomaly_InternalBleeding14 iforest                  tuned    vus=0.07067 affil=0.69134 (1.61s)
[ucr] 133_UCR_Anomaly_InternalBleeding14 lof                      default  vus=0.86489 affil=0.9989 (0.17s)
[ucr] 133_UCR_Anomaly_InternalBleeding14 lof                      tuned    vus=0.49946 affil=0.99562 (0.57s)
[ucr] 133_UCR_Anomaly_InternalBleeding14 knn                      default  vus=0.87329 affil=0.99871 (0.09s)
[ucr] 133_UCR_Anomaly_InternalBleeding14 knn                      tuned    vus=0.85277 affil=0.99858 (0.4s)
[ucr] 133_UCR_Anomaly_InternalBleeding14 ae                       default  vus=0.78013 affil=0.99858 (1.31s)
[ucr] 133_UCR_Anomaly_InternalBleeding14 ae                       tuned    vus=0.72986 affil=0.99849 (1.55s)
[ucr] 135_UCR_Anomaly_InternalBleeding16 iforest                  default  vus=0.01137 affil=0.66582 (1.59s)
[ucr] 135_UCR_Anomaly_InternalBleeding16 lof                      default  vus=0.0155 affil=0.68252 (0.19s)
[ucr] 135_UCR_Anomaly_InternalBleeding16 knn                      default  vus=0.08172 affil=0.68241 (0.14s)
[ucr] 135_UCR_Anomaly_InternalBleeding16 ae                       default  vus=0.03088 affil=0.73579 (0.9s)
[ucr] 137_UCR_Anomaly_InternalBleeding18 iforest                  default  vus=0.03165 affil=0.65681 (1.32s)
[ucr] 137_UCR_Anomaly_InternalBleeding18 lof                      default  vus=0.02712 affil=0.67974 (0.22s)
[ucr] 137_UCR_Anomaly_InternalBleeding18 knn                      default  vus=0.33773 affil=0.72274 (0.1s)
[ucr] 137_UCR_Anomaly_InternalBleeding18 ae                       default  vus=0.03596 affil=0.67277 (1.17s)
[ucr] 139_UCR_Anomaly_InternalBleeding20 iforest                  default  vus=0.11741 affil=0.72505 (1.35s)
[ucr] 139_UCR_Anomaly_InternalBleeding20 iforest                  tuned    vus=0.06807 affil=0.68328 (1.59s)
[ucr] 139_UCR_Anomaly_InternalBleeding20 lof                      default  vus=0.73195 affil=0.99341 (0.16s)
[ucr] 139_UCR_Anomaly_InternalBleeding20 lof                      tuned    vus=0.73195 affil=0.99341 (0.46s)
[ucr] 139_UCR_Anomaly_InternalBleeding20 knn                      default  vus=0.88253 affil=0.99951 (0.1s)
[ucr] 139_UCR_Anomaly_InternalBleeding20 knn                      tuned    vus=0.70402 affil=0.99945 (0.38s)
[ucr] 139_UCR_Anomaly_InternalBleeding20 ae                       default  vus=0.73141 affil=0.99953 (1.34s)
[ucr] 139_UCR_Anomaly_InternalBleeding20 ae                       tuned    vus=0.51403 affil=0.99802 (2.82s)
[ucr] 141_UCR_Anomaly_InternalBleeding5_ iforest                  default  vus=0.49658 affil=0.99185 (1.29s)
[ucr] 141_UCR_Anomaly_InternalBleeding5_ iforest                  tuned    vus=0.10525 affil=0.75485 (1.54s)
[ucr] 141_UCR_Anomaly_InternalBleeding5_ lof                      default  vus=0.72143 affil=0.99462 (0.16s)
[ucr] 141_UCR_Anomaly_InternalBleeding5_ lof                      tuned    vus=0.61425 affil=0.99379 (0.44s)
[ucr] 141_UCR_Anomaly_InternalBleeding5_ knn                      default  vus=0.7257 affil=0.99087 (0.07s)
[ucr] 141_UCR_Anomaly_InternalBleeding5_ knn                      tuned    vus=0.54425 affil=0.98992 (0.35s)
[ucr] 141_UCR_Anomaly_InternalBleeding5_ ae                       default  vus=0.69347 affil=0.9875 (1.71s)
[ucr] 141_UCR_Anomaly_InternalBleeding5_ ae                       tuned    vus=0.68366 affil=0.98948 (1.95s)
[ucr] 143_UCR_Anomaly_InternalBleeding8_ iforest                  default  vus=0.03716 affil=0.79019 (1.34s)
[ucr] 143_UCR_Anomaly_InternalBleeding8_ lof                      default  vus=0.04557 affil=0.71896 (0.15s)
[ucr] 143_UCR_Anomaly_InternalBleeding8_ knn                      default  vus=0.45541 affil=0.98647 (0.09s)
[ucr] 143_UCR_Anomaly_InternalBleeding8_ ae                       default  vus=0.02505 affil=0.67982 (1.12s)
[ucr] 145_UCR_Anomaly_Lab2Cmac011215EPG1 iforest                  default  vus=0.38824 affil=0.99972 (2.67s)
[ucr] 145_UCR_Anomaly_Lab2Cmac011215EPG1 iforest                  tuned    vus=0.49108 affil=0.99971 (2.34s)
[ucr] 145_UCR_Anomaly_Lab2Cmac011215EPG1 lof                      default  vus=0.4673 affil=0.99972 (0.68s)
[ucr] 145_UCR_Anomaly_Lab2Cmac011215EPG1 lof                      tuned    vus=0.51199 affil=0.99971 (1.94s)
[ucr] 145_UCR_Anomaly_Lab2Cmac011215EPG1 knn                      default  vus=0.46614 affil=0.99972 (0.49s)
[ucr] 145_UCR_Anomaly_Lab2Cmac011215EPG1 knn                      tuned    vus=0.51366 affil=0.9997 (1.75s)
[ucr] 145_UCR_Anomaly_Lab2Cmac011215EPG1 ae                       default  vus=0.52811 affil=0.99968 (3.16s)
[ucr] 145_UCR_Anomaly_Lab2Cmac011215EPG1 ae                       tuned    vus=0.5127 affil=0.99968 (6.48s)
[ucr] 147_UCR_Anomaly_Lab2Cmac011215EPG3 iforest                  default  vus=0.25018 affil=0.99989 (2.69s)
[ucr] 147_UCR_Anomaly_Lab2Cmac011215EPG3 iforest                  tuned    vus=0.29269 affil=0.99989 (2.38s)
[ucr] 147_UCR_Anomaly_Lab2Cmac011215EPG3 lof                      default  vus=0.34335 affil=0.9996 (0.66s)
[ucr] 147_UCR_Anomaly_Lab2Cmac011215EPG3 lof                      tuned    vus=0.33987 affil=0.99988 (1.93s)
[ucr] 147_UCR_Anomaly_Lab2Cmac011215EPG3 knn                      default  vus=0.25773 affil=0.76145 (0.49s)
[ucr] 147_UCR_Anomaly_Lab2Cmac011215EPG3 knn                      tuned    vus=0.31102 affil=0.99986 (1.76s)
[ucr] 147_UCR_Anomaly_Lab2Cmac011215EPG3 ae                       default  vus=0.3321 affil=0.99964 (3.1s)
[ucr] 147_UCR_Anomaly_Lab2Cmac011215EPG3 ae                       tuned    vus=0.32337 affil=0.99985 (5.73s)
[ucr] 149_UCR_Anomaly_Lab2Cmac011215EPG5 iforest                  default  vus=0.48472 affil=0.99837 (2.55s)
[ucr] 149_UCR_Anomaly_Lab2Cmac011215EPG5 iforest                  tuned    vus=0.30214 affil=0.99846 (2.32s)
[ucr] 149_UCR_Anomaly_Lab2Cmac011215EPG5 lof                      default  vus=0.40588 affil=0.99866 (0.74s)
[ucr] 149_UCR_Anomaly_Lab2Cmac011215EPG5 lof                      tuned    vus=0.29918 affil=0.9985 (1.98s)
[ucr] 149_UCR_Anomaly_Lab2Cmac011215EPG5 knn                      default  vus=0.3265 affil=0.99866 (0.5s)
[ucr] 149_UCR_Anomaly_Lab2Cmac011215EPG5 knn                      tuned    vus=0.29484 affil=0.99858 (1.75s)
[ucr] 149_UCR_Anomaly_Lab2Cmac011215EPG5 ae                       default  vus=0.39683 affil=0.99863 (4.02s)
[ucr] 149_UCR_Anomaly_Lab2Cmac011215EPG5 ae                       tuned    vus=0.33261 affil=0.99861 (8.33s)
[ucr] 151_UCR_Anomaly_MesoplodonDensiros iforest                  default  vus=0.02912 affil=0.69617 (1.97s)
[ucr] 151_UCR_Anomaly_MesoplodonDensiros iforest                  tuned    vus=0.02912 affil=0.69617 (2.5s)
[ucr] 151_UCR_Anomaly_MesoplodonDensiros lof                      default  vus=0.03732 affil=0.70689 (0.54s)
[ucr] 151_UCR_Anomaly_MesoplodonDensiros lof                      tuned    vus=0.05949 affil=0.72813 (1.87s)
[ucr] 151_UCR_Anomaly_MesoplodonDensiros knn                      default  vus=0.66092 affil=0.9973 (0.37s)
[ucr] 151_UCR_Anomaly_MesoplodonDensiros knn                      tuned    vus=0.66922 affil=0.9973 (0.99s)
[ucr] 151_UCR_Anomaly_MesoplodonDensiros ae                       default  vus=0.61075 affil=0.99726 (4.11s)
[ucr] 151_UCR_Anomaly_MesoplodonDensiros ae                       tuned    vus=0.58709 affil=0.99732 (4.94s)
[ucr] 153_UCR_Anomaly_PowerDemand2_14000 iforest                  default  vus=0.01605 affil=0.62848 (2.13s)
[ucr] 153_UCR_Anomaly_PowerDemand2_14000 iforest                  tuned    vus=0.01611 affil=0.62815 (2.0s)
[ucr] 153_UCR_Anomaly_PowerDemand2_14000 lof                      default  vus=0.02404 affil=0.64042 (0.71s)
[ucr] 153_UCR_Anomaly_PowerDemand2_14000 lof                      tuned    vus=0.03233 affil=0.65216 (1.3s)
[ucr] 153_UCR_Anomaly_PowerDemand2_14000 knn                      default  vus=0.14471 affil=0.71925 (0.44s)
[ucr] 153_UCR_Anomaly_PowerDemand2_14000 knn                      tuned    vus=0.15986 affil=0.72363 (1.07s)
[ucr] 153_UCR_Anomaly_PowerDemand2_14000 ae                       default  vus=0.05685 affil=0.70181 (5.46s)
[ucr] 153_UCR_Anomaly_PowerDemand2_14000 ae                       tuned    vus=0.03136 affil=0.68627 (6.16s)
[ucr] 155_UCR_Anomaly_PowerDemand4_18000 iforest                  default  vus=0.00923 affil=0.70412 (1.83s)
[ucr] 155_UCR_Anomaly_PowerDemand4_18000 iforest                  tuned    vus=0.0074 affil=0.69042 (2.74s)
[ucr] 155_UCR_Anomaly_PowerDemand4_18000 lof                      default  vus=0.85502 affil=0.99877 (0.82s)
[ucr] 155_UCR_Anomaly_PowerDemand4_18000 lof                      tuned    vus=0.85001 affil=0.99876 (1.39s)
[ucr] 155_UCR_Anomaly_PowerDemand4_18000 knn                      default  vus=0.8215 affil=0.99843 (0.59s)
[ucr] 155_UCR_Anomaly_PowerDemand4_18000 knn                      tuned    vus=0.84128 affil=0.99843 (0.96s)
[ucr] 155_UCR_Anomaly_PowerDemand4_18000 ae                       default  vus=0.87401 affil=0.9988 (6.73s)
[ucr] 155_UCR_Anomaly_PowerDemand4_18000 ae                       tuned    vus=0.85438 affil=0.9988 (7.02s)
[ucr] 157_UCR_Anomaly_TkeepFirstMARS_350 iforest                  default  vus=0.00273 affil=0.37144 (1.53s)
[ucr] 157_UCR_Anomaly_TkeepFirstMARS_350 iforest                  tuned    vus=0.00273 affil=0.37144 (1.9s)
[ucr] 157_UCR_Anomaly_TkeepFirstMARS_350 lof                      default  vus=0.00249 affil=0.44831 (0.23s)
[ucr] 157_UCR_Anomaly_TkeepFirstMARS_350 lof                      tuned    vus=0.00279 affil=0.39357 (0.9s)
[ucr] 157_UCR_Anomaly_TkeepFirstMARS_350 knn                      default  vus=0.26796 affil=0.99595 (0.15s)
[ucr] 157_UCR_Anomaly_TkeepFirstMARS_350 knn                      tuned    vus=0.3 affil=0.99696 (0.66s)
[ucr] 157_UCR_Anomaly_TkeepFirstMARS_350 ae                       default  vus=0.03706 affil=0.52694 (1.7s)
[ucr] 157_UCR_Anomaly_TkeepFirstMARS_350 ae                       tuned    vus=0.49133 affil=0.93049 (2.33s)
[ucr] 159_UCR_Anomaly_TkeepSecondMARS_35 iforest                  default  vus=0.09313 affil=0.98314 (1.48s)
[ucr] 159_UCR_Anomaly_TkeepSecondMARS_35 iforest                  tuned    vus=0.09313 affil=0.98314 (2.09s)
[ucr] 159_UCR_Anomaly_TkeepSecondMARS_35 lof                      default  vus=0.40026 affil=0.99986 (0.24s)
[ucr] 159_UCR_Anomaly_TkeepSecondMARS_35 lof                      tuned    vus=0.4045 affil=0.99986 (0.74s)
[ucr] 159_UCR_Anomaly_TkeepSecondMARS_35 knn                      default  vus=0.46249 affil=0.99986 (0.16s)
[ucr] 159_UCR_Anomaly_TkeepSecondMARS_35 knn                      tuned    vus=0.2872 affil=0.99986 (0.66s)
[ucr] 159_UCR_Anomaly_TkeepSecondMARS_35 ae                       default  vus=0.39957 affil=0.99986 (1.95s)
[ucr] 159_UCR_Anomaly_TkeepSecondMARS_35 ae                       tuned    vus=0.42216 affil=0.99986 (2.07s)
[ucr] 161_UCR_Anomaly_WalkingAceleration iforest                  default  vus=0.0362 affil=0.34397 (1.34s)
[ucr] 161_UCR_Anomaly_WalkingAceleration lof                      default  vus=0.03651 affil=0.41283 (0.14s)
[ucr] 161_UCR_Anomaly_WalkingAceleration knn                      default  vus=0.03703 affil=0.41675 (0.09s)
[ucr] 161_UCR_Anomaly_WalkingAceleration ae                       default  vus=0.03547 affil=0.4054 (1.03s)
[ucr] 163_UCR_Anomaly_apneaecg2_10000_20 iforest                  default  vus=0.0926 affil=0.9989 (2.57s)
[ucr] 163_UCR_Anomaly_apneaecg2_10000_20 iforest                  tuned    vus=0.10034 affil=0.99888 (2.81s)
[ucr] 163_UCR_Anomaly_apneaecg2_10000_20 lof                      default  vus=0.10949 affil=0.99886 (0.91s)
[ucr] 163_UCR_Anomaly_apneaecg2_10000_20 lof                      tuned    vus=0.51919 affil=0.99862 (2.77s)
[ucr] 163_UCR_Anomaly_apneaecg2_10000_20 knn                      default  vus=0.75162 affil=0.99889 (0.69s)
[ucr] 163_UCR_Anomaly_apneaecg2_10000_20 knn                      tuned    vus=0.76443 affil=0.99889 (1.76s)
[ucr] 163_UCR_Anomaly_apneaecg2_10000_20 ae                       default  vus=0.74678 affil=0.99894 (4.94s)
[ucr] 163_UCR_Anomaly_apneaecg2_10000_20 ae                       tuned    vus=0.76657 affil=0.99892 (6.01s)
[ucr] 165_UCR_Anomaly_apneaecg4_6000_160 iforest                  default  vus=0.00415 affil=0.65513 (2.9s)
[ucr] 165_UCR_Anomaly_apneaecg4_6000_160 iforest                  tuned    vus=0.00371 affil=0.62122 (7.28s)
[ucr] 165_UCR_Anomaly_apneaecg4_6000_160 lof                      default  vus=0.00409 affil=0.65795 (0.9s)
[ucr] 165_UCR_Anomaly_apneaecg4_6000_160 lof                      tuned    vus=0.0028 affil=0.64153 (1.68s)
[ucr] 165_UCR_Anomaly_apneaecg4_6000_160 knn                      default  vus=0.00653 affil=0.63413 (0.65s)
[ucr] 165_UCR_Anomaly_apneaecg4_6000_160 knn                      tuned    vus=0.00687 affil=0.58427 (2.27s)
[ucr] 165_UCR_Anomaly_apneaecg4_6000_160 ae                       default  vus=0.00407 affil=0.64565 (4.04s)
[ucr] 165_UCR_Anomaly_apneaecg4_6000_160 ae                       tuned    vus=0.00283 affil=0.64424 (7.33s)
[ucr] 167_UCR_Anomaly_gait1_20000_38500_ iforest                  default  vus=0.01298 affil=0.6234 (3.49s)
[ucr] 167_UCR_Anomaly_gait1_20000_38500_ iforest                  tuned    vus=0.06465 affil=0.61252 (11.59s)
[ucr] 167_UCR_Anomaly_gait1_20000_38500_ lof                      default  vus=0.31942 affil=0.79624 (1.94s)
[ucr] 167_UCR_Anomaly_gait1_20000_38500_ lof                      tuned    vus=0.28115 affil=0.99835 (4.57s)
[ucr] 167_UCR_Anomaly_gait1_20000_38500_ knn                      default  vus=0.24791 affil=0.99828 (2.13s)
[ucr] 167_UCR_Anomaly_gait1_20000_38500_ knn                      tuned    vus=0.24791 affil=0.99828 (4.59s)
[ucr] 167_UCR_Anomaly_gait1_20000_38500_ ae                       default  vus=0.01985 affil=0.66435 (9.64s)
[ucr] 167_UCR_Anomaly_gait1_20000_38500_ ae                       tuned    vus=0.15783 affil=0.73324 (9.96s)
[ucr] 169_UCR_Anomaly_gait3_24500_59900_ iforest                  default  vus=0.0529 affil=0.81974 (3.29s)
[ucr] 169_UCR_Anomaly_gait3_24500_59900_ iforest                  tuned    vus=0.0529 affil=0.81974 (4.77s)
[ucr] 169_UCR_Anomaly_gait3_24500_59900_ lof                      default  vus=0.04656 affil=0.85385 (2.05s)
[ucr] 169_UCR_Anomaly_gait3_24500_59900_ lof                      tuned    vus=0.05286 affil=0.84976 (3.32s)
[ucr] 169_UCR_Anomaly_gait3_24500_59900_ knn                      default  vus=0.04396 affil=0.76567 (1.49s)
[ucr] 169_UCR_Anomaly_gait3_24500_59900_ knn                      tuned    vus=0.04396 affil=0.76567 (2.96s)
[ucr] 169_UCR_Anomaly_gait3_24500_59900_ ae                       default  vus=0.03013 affil=0.76564 (10.52s)
[ucr] 169_UCR_Anomaly_gait3_24500_59900_ ae                       tuned    vus=0.02939 affil=0.84619 (10.2s)
[ucr] 171_UCR_Anomaly_gaitHunt2_18500_31 iforest                  default  vus=0.17448 affil=0.77658 (3.57s)
[ucr] 171_UCR_Anomaly_gaitHunt2_18500_31 iforest                  tuned    vus=0.19035 affil=0.78799 (4.19s)
[ucr] 171_UCR_Anomaly_gaitHunt2_18500_31 lof                      default  vus=0.46895 affil=0.99338 (1.89s)
[ucr] 171_UCR_Anomaly_gaitHunt2_18500_31 lof                      tuned    vus=0.50998 affil=0.99338 (3.37s)
[ucr] 171_UCR_Anomaly_gaitHunt2_18500_31 knn                      default  vus=0.42678 affil=0.92913 (1.41s)
[ucr] 171_UCR_Anomaly_gaitHunt2_18500_31 knn                      tuned    vus=0.42678 affil=0.92913 (3.13s)
[ucr] 171_UCR_Anomaly_gaitHunt2_18500_31 ae                       default  vus=0.39638 affil=0.99387 (9.05s)
[ucr] 171_UCR_Anomaly_gaitHunt2_18500_31 ae                       tuned    vus=0.14137 affil=0.78071 (13.5s)
[ucr] 173_UCR_Anomaly_insectEPG1_3000_70 iforest                  default  vus=0.04468 affil=0.88051 (1.78s)
[ucr] 173_UCR_Anomaly_insectEPG1_3000_70 iforest                  tuned    vus=0.08185 affil=0.87313 (1.73s)
[ucr] 173_UCR_Anomaly_insectEPG1_3000_70 lof                      default  vus=0.01431 affil=0.77349 (0.36s)
[ucr] 173_UCR_Anomaly_insectEPG1_3000_70 lof                      tuned    vus=0.08144 affil=0.82999 (1.18s)
[ucr] 173_UCR_Anomaly_insectEPG1_3000_70 knn                      default  vus=0.03393 affil=0.80603 (0.15s)
[ucr] 173_UCR_Anomaly_insectEPG1_3000_70 knn                      tuned    vus=0.13664 affil=0.8529 (0.55s)
[ucr] 173_UCR_Anomaly_insectEPG1_3000_70 ae                       default  vus=0.01366 affil=0.7722 (1.55s)
[ucr] 173_UCR_Anomaly_insectEPG1_3000_70 ae                       tuned    vus=0.06987 affil=0.80139 (3.1s)
[ucr] 175_UCR_Anomaly_insectEPG3_5200_70 iforest                  default  vus=0.03523 affil=0.79999 (1.51s)
[ucr] 175_UCR_Anomaly_insectEPG3_5200_70 iforest                  tuned    vus=0.06842 affil=0.8339 (1.71s)
[ucr] 175_UCR_Anomaly_insectEPG3_5200_70 lof                      default  vus=0.01533 affil=0.7111 (0.39s)
[ucr] 175_UCR_Anomaly_insectEPG3_5200_70 lof                      tuned    vus=0.05921 affil=0.75246 (0.91s)
[ucr] 175_UCR_Anomaly_insectEPG3_5200_70 knn                      default  vus=0.02788 affil=0.72031 (0.16s)
[ucr] 175_UCR_Anomaly_insectEPG3_5200_70 knn                      tuned    vus=0.0789 affil=0.76883 (0.54s)
[ucr] 175_UCR_Anomaly_insectEPG3_5200_70 ae                       default  vus=0.01237 affil=0.70812 (2.04s)
[ucr] 175_UCR_Anomaly_insectEPG3_5200_70 ae                       tuned    vus=0.02965 affil=0.69683 (5.07s)
[ucr] 177_UCR_Anomaly_insectEPG5_3200_85 iforest                  default  vus=0.05121 affil=0.99619 (1.57s)
[ucr] 177_UCR_Anomaly_insectEPG5_3200_85 iforest                  tuned    vus=0.04255 affil=0.9959 (1.72s)
[ucr] 177_UCR_Anomaly_insectEPG5_3200_85 lof                      default  vus=0.1045 affil=0.99726 (0.21s)
[ucr] 177_UCR_Anomaly_insectEPG5_3200_85 lof                      tuned    vus=0.10745 affil=0.99719 (0.54s)
[ucr] 177_UCR_Anomaly_insectEPG5_3200_85 knn                      default  vus=0.1045 affil=0.99726 (0.13s)
[ucr] 177_UCR_Anomaly_insectEPG5_3200_85 knn                      tuned    vus=0.10745 affil=0.99719 (0.48s)
[ucr] 177_UCR_Anomaly_insectEPG5_3200_85 ae                       default  vus=0.11262 affil=0.99733 (1.6s)
[ucr] 177_UCR_Anomaly_insectEPG5_3200_85 ae                       tuned    vus=0.10745 affil=0.99719 (3.24s)
[ucr] 179_UCR_Anomaly_ltstdbs30791AS_230 iforest                  default  vus=0.44461 affil=0.99866 (2.81s)
[ucr] 179_UCR_Anomaly_ltstdbs30791AS_230 iforest                  tuned    vus=0.44461 affil=0.99866 (4.07s)
[ucr] 179_UCR_Anomaly_ltstdbs30791AS_230 lof                      default  vus=0.70837 affil=0.9981 (1.6s)
[ucr] 179_UCR_Anomaly_ltstdbs30791AS_230 lof                      tuned    vus=0.8802 affil=0.99873 (2.0s)
[ucr] 179_UCR_Anomaly_ltstdbs30791AS_230 knn                      default  vus=0.69466 affil=0.99813 (1.12s)
[ucr] 179_UCR_Anomaly_ltstdbs30791AS_230 knn                      tuned    vus=0.69552 affil=0.99813 (2.31s)
[ucr] 179_UCR_Anomaly_ltstdbs30791AS_230 ae                       default  vus=0.68028 affil=0.9981 (9.34s)
[ucr] 179_UCR_Anomaly_ltstdbs30791AS_230 ae                       tuned    vus=0.67518 affil=0.99812 (10.54s)
[ucr] 181_UCR_Anomaly_park3m_60000_72150 iforest                  default  vus=0.32822 affil=0.87957 (2.98s)
[ucr] 181_UCR_Anomaly_park3m_60000_72150 iforest                  tuned    vus=0.6634 affil=0.99733 (5.98s)
[ucr] 181_UCR_Anomaly_park3m_60000_72150 lof                      default  vus=0.64281 affil=0.99646 (3.46s)
[ucr] 181_UCR_Anomaly_park3m_60000_72150 lof                      tuned    vus=0.64281 affil=0.99646 (4.69s)
[ucr] 181_UCR_Anomaly_park3m_60000_72150 knn                      default  vus=0.6604 affil=0.99638 (2.02s)
[ucr] 181_UCR_Anomaly_park3m_60000_72150 knn                      tuned    vus=0.67679 affil=0.99638 (3.14s)
[ucr] 181_UCR_Anomaly_park3m_60000_72150 ae                       default  vus=0.24744 affil=0.99691 (21.25s)
[ucr] 181_UCR_Anomaly_park3m_60000_72150 ae                       tuned    vus=0.1115 affil=0.77791 (50.96s)
[ucr] 183_UCR_Anomaly_qtdbSel100MLII_400 iforest                  default  vus=0.01396 affil=0.64863 (2.42s)
[ucr] 183_UCR_Anomaly_qtdbSel100MLII_400 iforest                  tuned    vus=0.01573 affil=0.663 (3.17s)
[ucr] 183_UCR_Anomaly_qtdbSel100MLII_400 lof                      default  vus=0.01831 affil=0.66702 (0.72s)
[ucr] 183_UCR_Anomaly_qtdbSel100MLII_400 lof                      tuned    vus=0.01482 affil=0.65148 (1.98s)
[ucr] 183_UCR_Anomaly_qtdbSel100MLII_400 knn                      default  vus=0.01686 affil=0.65197 (0.48s)
[ucr] 183_UCR_Anomaly_qtdbSel100MLII_400 knn                      tuned    vus=0.01826 affil=0.66778 (1.77s)
[ucr] 183_UCR_Anomaly_qtdbSel100MLII_400 ae                       default  vus=0.01525 affil=0.64401 (3.06s)
[ucr] 183_UCR_Anomaly_qtdbSel100MLII_400 ae                       tuned    vus=0.01883 affil=0.65961 (5.13s)
[ucr] 185_UCR_Anomaly_resperation11_5800 iforest                  default  vus=0.0005 affil=0.76922 (9.4s)
[ucr] 185_UCR_Anomaly_resperation11_5800 iforest                  tuned    vus=3e-05 affil=0.78808 (33.69s)
[ucr] 185_UCR_Anomaly_resperation11_5800 lof                      default  vus=0.0058 affil=0.84136 (17.1s)
[ucr] 185_UCR_Anomaly_resperation11_5800 lof                      tuned    vus=0.10184 affil=0.8116 (18.28s)
[ucr] 185_UCR_Anomaly_resperation11_5800 knn                      default  vus=0.10184 affil=0.98495 (10.88s)
[ucr] 185_UCR_Anomaly_resperation11_5800 knn                      tuned    vus=0.00578 affil=0.9161 (8.85s)
[ucr] 185_UCR_Anomaly_resperation11_5800 ae                       default  vus=0.08774 affil=0.99987 (27.2s)
[ucr] 185_UCR_Anomaly_resperation11_5800 ae                       tuned    vus=0.08774 affil=0.99987 (31.44s)
[ucr] 187_UCR_Anomaly_resperation2_30000 iforest                  default  vus=2e-05 affil=0.63901 (10.85s)
[ucr] 187_UCR_Anomaly_resperation2_30000 iforest                  tuned    vus=2e-05 affil=0.61551 (33.77s)
[ucr] 187_UCR_Anomaly_resperation2_30000 lof                      default  vus=2e-05 affil=0.51171 (8.16s)
[ucr] 187_UCR_Anomaly_resperation2_30000 lof                      tuned    vus=3e-05 affil=0.51717 (13.15s)
[ucr] 187_UCR_Anomaly_resperation2_30000 knn                      default  vus=2e-05 affil=0.53315 (6.89s)
[ucr] 187_UCR_Anomaly_resperation2_30000 knn                      tuned    vus=2e-05 affil=0.53561 (12.16s)
[ucr] 187_UCR_Anomaly_resperation2_30000 ae                       default  vus=2e-05 affil=0.57905 (19.67s)
[ucr] 187_UCR_Anomaly_resperation2_30000 ae                       tuned    vus=2e-05 affil=0.59759 (25.04s)
[ucr] 189_UCR_Anomaly_resperation3_45000 iforest                  default  vus=3e-05 affil=0.65418 (9.73s)
[ucr] 189_UCR_Anomaly_resperation3_45000 iforest                  tuned    vus=3e-05 affil=0.67469 (30.07s)
[ucr] 189_UCR_Anomaly_resperation3_45000 lof                      default  vus=3e-05 affil=0.53888 (9.94s)
[ucr] 189_UCR_Anomaly_resperation3_45000 lof                      tuned    vus=4e-05 affil=0.59353 (27.88s)
[ucr] 189_UCR_Anomaly_resperation3_45000 knn                      default  vus=3e-05 affil=0.57527 (7.58s)
[ucr] 189_UCR_Anomaly_resperation3_45000 knn                      tuned    vus=2e-05 affil=0.57438 (11.7s)
[ucr] 189_UCR_Anomaly_resperation3_45000 ae                       default  vus=3e-05 affil=0.60936 (23.43s)
[ucr] 189_UCR_Anomaly_resperation3_45000 ae                       tuned    vus=3e-05 affil=0.56575 (28.75s)
[ucr] 191_UCR_Anomaly_resperation9_38000 iforest                  default  vus=0.00237 affil=0.77078 (10.14s)
[ucr] 191_UCR_Anomaly_resperation9_38000 iforest                  tuned    vus=0.00108 affil=0.88798 (32.06s)
[ucr] 191_UCR_Anomaly_resperation9_38000 lof                      default  vus=0.0925 affil=0.59235 (8.89s)
[ucr] 191_UCR_Anomaly_resperation9_38000 lof                      tuned    vus=0.1223 affil=0.59691 (14.46s)
[ucr] 191_UCR_Anomaly_resperation9_38000 knn                      default  vus=0.07431 affil=0.61134 (9.01s)
[ucr] 191_UCR_Anomaly_resperation9_38000 knn                      tuned    vus=0.00817 affil=0.59519 (10.42s)
[ucr] 191_UCR_Anomaly_resperation9_38000 ae                       default  vus=0.14535 affil=0.99999 (21.88s)
[ucr] 191_UCR_Anomaly_resperation9_38000 ae                       tuned    vus=0.12896 affil=0.9587 (27.72s)
[ucr] 193_UCR_Anomaly_s20101m_10000_3577 iforest                  default  vus=0.00388 affil=0.58594 (2.76s)
[ucr] 193_UCR_Anomaly_s20101m_10000_3577 iforest                  tuned    vus=0.00388 affil=0.58594 (3.87s)
[ucr] 193_UCR_Anomaly_s20101m_10000_3577 lof                      default  vus=0.70074 affil=0.99938 (0.98s)
[ucr] 193_UCR_Anomaly_s20101m_10000_3577 lof                      tuned    vus=0.68346 affil=0.99939 (2.0s)
[ucr] 193_UCR_Anomaly_s20101m_10000_3577 knn                      default  vus=0.68768 affil=0.9994 (0.8s)
[ucr] 193_UCR_Anomaly_s20101m_10000_3577 knn                      tuned    vus=0.68768 affil=0.9994 (1.84s)
[ucr] 193_UCR_Anomaly_s20101m_10000_3577 ae                       default  vus=0.45962 affil=0.99937 (5.31s)
[ucr] 193_UCR_Anomaly_s20101m_10000_3577 ae                       tuned    vus=0.41633 affil=0.99937 (6.14s)
[ucr] 195_UCR_Anomaly_sel840mECG1_17000_ iforest                  default  vus=0.06666 affil=0.8024 (3.68s)
[ucr] 195_UCR_Anomaly_sel840mECG1_17000_ iforest                  tuned    vus=0.0583 affil=0.77551 (4.07s)
[ucr] 195_UCR_Anomaly_sel840mECG1_17000_ lof                      default  vus=0.03964 affil=0.80847 (1.66s)
[ucr] 195_UCR_Anomaly_sel840mECG1_17000_ lof                      tuned    vus=0.05763 affil=0.90333 (3.05s)
[ucr] 195_UCR_Anomaly_sel840mECG1_17000_ knn                      default  vus=0.11128 affil=0.9392 (1.27s)
[ucr] 195_UCR_Anomaly_sel840mECG1_17000_ knn                      tuned    vus=0.12303 affil=0.96937 (3.11s)
[ucr] 195_UCR_Anomaly_sel840mECG1_17000_ ae                       default  vus=0.12678 affil=0.99784 (8.23s)
[ucr] 195_UCR_Anomaly_sel840mECG1_17000_ ae                       tuned    vus=0.09379 affil=0.92343 (9.83s)
[ucr] 197_UCR_Anomaly_tiltAPB1_100000_11 iforest                  default  vus=0.16696 affil=0.66075 (3.14s)
[ucr] 197_UCR_Anomaly_tiltAPB1_100000_11 iforest                  tuned    vus=0.07196 affil=0.51056 (5.97s)
[ucr] 197_UCR_Anomaly_tiltAPB1_100000_11 lof                      default  vus=0.06306 affil=0.70256 (7.33s)
[ucr] 197_UCR_Anomaly_tiltAPB1_100000_11 lof                      tuned    vus=0.02953 affil=0.66266 (4.48s)
[ucr] 197_UCR_Anomaly_tiltAPB1_100000_11 knn                      default  vus=0.44958 affil=0.99941 (3.24s)
[ucr] 197_UCR_Anomaly_tiltAPB1_100000_11 knn                      tuned    vus=0.47932 affil=0.99966 (2.69s)
[ucr] 197_UCR_Anomaly_tiltAPB1_100000_11 ae                       default  vus=0.42351 affil=0.99893 (35.16s)
[ucr] 197_UCR_Anomaly_tiltAPB1_100000_11 ae                       tuned    vus=0.49674 affil=0.99967 (21.42s)
[ucr] 199_UCR_Anomaly_tiltAPB3_40000_114 iforest                  default  vus=0.00308 affil=0.7078 (5.93s)
[ucr] 199_UCR_Anomaly_tiltAPB3_40000_114 iforest                  tuned    vus=0.00343 affil=0.72512 (12.07s)
[ucr] 199_UCR_Anomaly_tiltAPB3_40000_114 lof                      default  vus=0.00806 affil=0.81732 (5.84s)
[ucr] 199_UCR_Anomaly_tiltAPB3_40000_114 lof                      tuned    vus=0.00931 affil=0.82892 (6.13s)
[ucr] 199_UCR_Anomaly_tiltAPB3_40000_114 knn                      default  vus=0.00776 affil=0.83834 (4.3s)
[ucr] 199_UCR_Anomaly_tiltAPB3_40000_114 knn                      tuned    vus=0.01168 affil=0.84417 (5.55s)
[ucr] 199_UCR_Anomaly_tiltAPB3_40000_114 ae                       default  vus=0.00579 affil=0.85819 (19.01s)
[ucr] 199_UCR_Anomaly_tiltAPB3_40000_114 ae                       tuned    vus=0.00551 affil=0.85262 (22.76s)
[ucr] 201_UCR_Anomaly_CHARISfive_10000_1 iforest                  default  vus=0.00536 affil=0.50472 (2.79s)
[ucr] 201_UCR_Anomaly_CHARISfive_10000_1 iforest                  tuned    vus=0.17657 affil=0.99992 (2.87s)
[ucr] 201_UCR_Anomaly_CHARISfive_10000_1 lof                      default  vus=0.20849 affil=0.99979 (1.01s)
[ucr] 201_UCR_Anomaly_CHARISfive_10000_1 lof                      tuned    vus=0.12608 affil=0.99974 (2.95s)
[ucr] 201_UCR_Anomaly_CHARISfive_10000_1 knn                      default  vus=0.18879 affil=0.99993 (0.74s)
[ucr] 201_UCR_Anomaly_CHARISfive_10000_1 knn                      tuned    vus=0.12631 affil=0.99993 (2.52s)
[ucr] 201_UCR_Anomaly_CHARISfive_10000_1 ae                       default  vus=0.10649 affil=0.61058 (5.17s)
[ucr] 201_UCR_Anomaly_CHARISfive_10000_1 ae                       tuned    vus=0.15052 affil=0.99974 (10.66s)
[ucr] 203_UCR_Anomaly_CHARISfive_10500_1 iforest                  default  vus=0.00402 affil=0.8147 (2.72s)
[ucr] 203_UCR_Anomaly_CHARISfive_10500_1 iforest                  tuned    vus=0.00429 affil=0.87382 (3.06s)
[ucr] 203_UCR_Anomaly_CHARISfive_10500_1 lof                      default  vus=0.00118 affil=0.5121 (0.99s)
[ucr] 203_UCR_Anomaly_CHARISfive_10500_1 lof                      tuned    vus=0.02097 affil=0.51763 (3.4s)
[ucr] 203_UCR_Anomaly_CHARISfive_10500_1 knn                      default  vus=0.00275 affil=0.49442 (0.76s)
[ucr] 203_UCR_Anomaly_CHARISfive_10500_1 knn                      tuned    vus=0.01641 affil=0.50006 (2.63s)
[ucr] 203_UCR_Anomaly_CHARISfive_10500_1 ae                       default  vus=0.00152 affil=0.51379 (5.31s)
[ucr] 203_UCR_Anomaly_CHARISfive_10500_1 ae                       tuned    vus=0.00156 affil=0.53666 (6.68s)
[ucr] 205_UCR_Anomaly_CHARISfive_9812_28 iforest                  default  vus=0.00377 affil=0.55631 (2.8s)
[ucr] 205_UCR_Anomaly_CHARISfive_9812_28 iforest                  tuned    vus=0.0027 affil=0.56002 (6.81s)
[ucr] 205_UCR_Anomaly_CHARISfive_9812_28 lof                      default  vus=0.00347 affil=0.78139 (0.97s)
[ucr] 205_UCR_Anomaly_CHARISfive_9812_28 lof                      tuned    vus=0.00421 affil=0.78478 (2.04s)
[ucr] 205_UCR_Anomaly_CHARISfive_9812_28 knn                      default  vus=0.00411 affil=0.79633 (0.75s)
[ucr] 205_UCR_Anomaly_CHARISfive_9812_28 knn                      tuned    vus=0.00431 affil=0.79705 (2.09s)
[ucr] 205_UCR_Anomaly_CHARISfive_9812_28 ae                       default  vus=0.00302 affil=0.87058 (5.05s)
[ucr] 205_UCR_Anomaly_CHARISfive_9812_28 ae                       tuned    vus=0.00291 affil=0.86974 (8.29s)
[ucr] 207_UCR_Anomaly_CHARISten_3165_269 iforest                  default  vus=0.00399 affil=0.59588 (3.23s)
[ucr] 207_UCR_Anomaly_CHARISten_3165_269 iforest                  tuned    vus=0.00385 affil=0.60308 (3.95s)
[ucr] 207_UCR_Anomaly_CHARISten_3165_269 lof                      default  vus=0.01788 affil=0.60776 (0.88s)
[ucr] 207_UCR_Anomaly_CHARISten_3165_269 lof                      tuned    vus=0.01788 affil=0.60776 (2.81s)
[ucr] 207_UCR_Anomaly_CHARISten_3165_269 knn                      default  vus=0.02538 affil=0.62648 (0.95s)
[ucr] 207_UCR_Anomaly_CHARISten_3165_269 knn                      tuned    vus=0.02547 affil=0.63196 (2.38s)
[ucr] 207_UCR_Anomaly_CHARISten_3165_269 ae                       default  vus=0.01085 affil=0.60617 (3.51s)
[ucr] 207_UCR_Anomaly_CHARISten_3165_269 ae                       tuned    vus=0.0104 affil=0.60619 (6.33s)
[ucr] 209_UCR_Anomaly_Fantasia_19000_269 iforest                  default  vus=0.00529 affil=0.94551 (5.53s)
[ucr] 209_UCR_Anomaly_Fantasia_19000_269 iforest                  tuned    vus=0.00529 affil=0.94551 (9.15s)
[ucr] 209_UCR_Anomaly_Fantasia_19000_269 lof                      default  vus=0.01245 affil=0.77571 (2.91s)
[ucr] 209_UCR_Anomaly_Fantasia_19000_269 lof                      tuned    vus=0.06299 affil=0.77387 (4.16s)
[ucr] 209_UCR_Anomaly_Fantasia_19000_269 knn                      default  vus=0.05424 affil=0.9454 (2.39s)
[ucr] 209_UCR_Anomaly_Fantasia_19000_269 knn                      tuned    vus=0.15352 affil=0.94516 (4.13s)
[ucr] 209_UCR_Anomaly_Fantasia_19000_269 ae                       default  vus=0.31909 affil=0.99931 (10.21s)
[ucr] 209_UCR_Anomaly_Fantasia_19000_269 ae                       tuned    vus=0.02247 affil=0.66874 (14.38s)
[ucr] 211_UCR_Anomaly_Italianpowerdemand iforest                  default  vus=0.0058 affil=0.7748 (5.87s)
[ucr] 211_UCR_Anomaly_Italianpowerdemand iforest                  tuned    vus=0.00514 affil=0.77411 (15.19s)
[ucr] 211_UCR_Anomaly_Italianpowerdemand lof                      default  vus=0.0011 affil=0.71681 (4.76s)
[ucr] 211_UCR_Anomaly_Italianpowerdemand lof                      tuned    vus=0.00111 affil=0.67959 (5.45s)
[ucr] 211_UCR_Anomaly_Italianpowerdemand knn                      default  vus=0.00123 affil=0.72428 (3.81s)
[ucr] 211_UCR_Anomaly_Italianpowerdemand knn                      tuned    vus=0.00121 affil=0.68303 (4.98s)
[ucr] 211_UCR_Anomaly_Italianpowerdemand ae                       default  vus=0.01254 affil=0.67649 (17.22s)
[ucr] 211_UCR_Anomaly_Italianpowerdemand ae                       tuned    vus=0.01254 affil=0.67649 (21.99s)
[ucr] 213_UCR_Anomaly_STAFFIIIDatabase_3 iforest                  default  vus=0.00459 affil=0.71043 (18.21s)
[ucr] 213_UCR_Anomaly_STAFFIIIDatabase_3 iforest                  tuned    vus=0.00476 affil=0.7087 (36.96s)
[ucr] 213_UCR_Anomaly_STAFFIIIDatabase_3 lof                      default  vus=0.03414 affil=0.73299 (13.06s)
[ucr] 213_UCR_Anomaly_STAFFIIIDatabase_3 lof                      tuned    vus=0.06823 affil=0.75312 (21.77s)
[ucr] 213_UCR_Anomaly_STAFFIIIDatabase_3 knn                      default  vus=0.04362 affil=0.97733 (11.63s)
[ucr] 213_UCR_Anomaly_STAFFIIIDatabase_3 knn                      tuned    vus=0.11763 affil=0.99951 (16.74s)
[ucr] 213_UCR_Anomaly_STAFFIIIDatabase_3 ae                       default  vus=0.06251 affil=0.99941 (26.88s)
[ucr] 213_UCR_Anomaly_STAFFIIIDatabase_3 ae                       tuned    vus=0.08476 affil=0.99949 (46.38s)
[ucr] 215_UCR_Anomaly_STAFFIIIDatabase_3 iforest                  default  vus=0.0026 affil=0.68384 (17.98s)
[ucr] 215_UCR_Anomaly_STAFFIIIDatabase_3 iforest                  tuned    vus=0.00241 affil=0.67768 (41.44s)
[ucr] 215_UCR_Anomaly_STAFFIIIDatabase_3 lof                      default  vus=0.01309 affil=0.8962 (13.91s)
[ucr] 215_UCR_Anomaly_STAFFIIIDatabase_3 lof                      tuned    vus=0.09438 affil=0.6609 (17.55s)
[ucr] 215_UCR_Anomaly_STAFFIIIDatabase_3 knn                      default  vus=0.02384 affil=0.973 (12.02s)
[ucr] 215_UCR_Anomaly_STAFFIIIDatabase_3 knn                      tuned    vus=0.02578 affil=0.98381 (22.21s)
[ucr] 215_UCR_Anomaly_STAFFIIIDatabase_3 ae                       default  vus=0.01237 affil=0.89997 (27.27s)
[ucr] 215_UCR_Anomaly_STAFFIIIDatabase_3 ae                       tuned    vus=0.00282 affil=0.66721 (37.44s)
[ucr] 217_UCR_Anomaly_STAFFIIIDatabase_3 iforest                  default  vus=0.00326 affil=0.62406 (15.71s)
[ucr] 217_UCR_Anomaly_STAFFIIIDatabase_3 iforest                  tuned    vus=0.00275 affil=0.62567 (38.67s)
[ucr] 217_UCR_Anomaly_STAFFIIIDatabase_3 lof                      default  vus=0.00634 affil=0.62626 (18.97s)
[ucr] 217_UCR_Anomaly_STAFFIIIDatabase_3 lof                      tuned    vus=0.01196 affil=0.60063 (18.91s)
[ucr] 217_UCR_Anomaly_STAFFIIIDatabase_3 knn                      default  vus=0.00441 affil=0.61468 (15.11s)
[ucr] 217_UCR_Anomaly_STAFFIIIDatabase_3 knn                      tuned    vus=0.00776 affil=0.60803 (16.56s)
[ucr] 217_UCR_Anomaly_STAFFIIIDatabase_3 ae                       default  vus=0.00496 affil=0.67455 (27.94s)
[ucr] 217_UCR_Anomaly_STAFFIIIDatabase_3 ae                       tuned    vus=0.00222 affil=0.65847 (46.65s)
[ucr] 219_UCR_Anomaly_STAFFIIIDatabase_4 iforest                  default  vus=0.00268 affil=0.66892 (15.56s)
[ucr] 219_UCR_Anomaly_STAFFIIIDatabase_4 iforest                  tuned    vus=0.00205 affil=0.66428 (54.7s)
[ucr] 219_UCR_Anomaly_STAFFIIIDatabase_4 lof                      default  vus=0.01154 affil=0.67713 (15.86s)
[ucr] 219_UCR_Anomaly_STAFFIIIDatabase_4 lof                      tuned    vus=0.02267 affil=0.68031 (23.19s)
[ucr] 219_UCR_Anomaly_STAFFIIIDatabase_4 knn                      default  vus=0.04218 affil=0.75825 (13.06s)
[ucr] 219_UCR_Anomaly_STAFFIIIDatabase_4 knn                      tuned    vus=0.06991 affil=0.66246 (16.87s)
[ucr] 219_UCR_Anomaly_STAFFIIIDatabase_4 ae                       default  vus=0.10306 affil=0.99994 (28.86s)
[ucr] 219_UCR_Anomaly_STAFFIIIDatabase_4 ae                       tuned    vus=0.10239 affil=0.99995 (40.56s)
[ucr] 221_UCR_Anomaly_STAFFIIIDatabase_4 iforest                  default  vus=0.00518 affil=0.66626 (18.5s)
[ucr] 221_UCR_Anomaly_STAFFIIIDatabase_4 iforest                  tuned    vus=0.00552 affil=0.66462 (39.34s)
[ucr] 221_UCR_Anomaly_STAFFIIIDatabase_4 lof                      default  vus=0.03833 affil=0.99941 (15.27s)
[ucr] 221_UCR_Anomaly_STAFFIIIDatabase_4 lof                      tuned    vus=0.03833 affil=0.99941 (24.89s)
[ucr] 221_UCR_Anomaly_STAFFIIIDatabase_4 knn                      default  vus=0.05217 affil=0.99944 (13.53s)
[ucr] 221_UCR_Anomaly_STAFFIIIDatabase_4 knn                      tuned    vus=0.06984 affil=0.99944 (22.77s)
[ucr] 221_UCR_Anomaly_STAFFIIIDatabase_4 ae                       default  vus=0.05221 affil=0.99943 (29.99s)
[ucr] 221_UCR_Anomaly_STAFFIIIDatabase_4 ae                       tuned    vus=0.00741 affil=0.67588 (39.63s)
[ucr] 223_UCR_Anomaly_mit14046longtermec iforest                  default  vus=0.00375 affil=0.58268 (7.21s)
[ucr] 223_UCR_Anomaly_mit14046longtermec iforest                  tuned    vus=0.00374 affil=0.55849 (15.23s)
[ucr] 223_UCR_Anomaly_mit14046longtermec lof                      default  vus=0.01422 affil=0.72623 (12.86s)
[ucr] 223_UCR_Anomaly_mit14046longtermec lof                      tuned    vus=0.01896 affil=0.76947 (14.33s)
[ucr] 223_UCR_Anomaly_mit14046longtermec knn                      default  vus=0.00854 affil=0.58063 (8.18s)
[ucr] 223_UCR_Anomaly_mit14046longtermec knn                      tuned    vus=0.00877 affil=0.57807 (11.93s)
[ucr] 223_UCR_Anomaly_mit14046longtermec ae                       default  vus=0.00559 affil=0.57882 (31.38s)
[ucr] 223_UCR_Anomaly_mit14046longtermec ae                       tuned    vus=0.00559 affil=0.57882 (34.12s)
[ucr] 225_UCR_Anomaly_mit14046longtermec iforest                  default  vus=0.00697 affil=0.52335 (8.23s)
[ucr] 225_UCR_Anomaly_mit14046longtermec iforest                  tuned    vus=0.00633 affil=0.517 (12.99s)
[ucr] 225_UCR_Anomaly_mit14046longtermec lof                      default  vus=0.19602 affil=0.64381 (12.76s)
[ucr] 225_UCR_Anomaly_mit14046longtermec lof                      tuned    vus=0.33744 affil=0.69838 (10.14s)
[ucr] 225_UCR_Anomaly_mit14046longtermec knn                      default  vus=0.04261 affil=0.51547 (9.52s)
[ucr] 225_UCR_Anomaly_mit14046longtermec knn                      tuned    vus=0.04719 affil=0.5144 (16.42s)
[ucr] 225_UCR_Anomaly_mit14046longtermec ae                       default  vus=0.04536 affil=0.51856 (34.11s)
[ucr] 225_UCR_Anomaly_mit14046longtermec ae                       tuned    vus=0.04536 affil=0.51856 (40.18s)
[ucr] 227_UCR_Anomaly_mit14134longtermec iforest                  default  vus=0.00343 affil=0.72377 (3.65s)
[ucr] 227_UCR_Anomaly_mit14134longtermec iforest                  tuned    vus=0.00338 affil=0.72316 (4.39s)
[ucr] 227_UCR_Anomaly_mit14134longtermec lof                      default  vus=0.03914 affil=0.72359 (1.5s)
[ucr] 227_UCR_Anomaly_mit14134longtermec lof                      tuned    vus=0.03914 affil=0.72359 (3.25s)
[ucr] 227_UCR_Anomaly_mit14134longtermec knn                      default  vus=0.23163 affil=0.99962 (1.29s)
[ucr] 227_UCR_Anomaly_mit14134longtermec knn                      tuned    vus=0.23952 affil=0.99962 (2.99s)
[ucr] 227_UCR_Anomaly_mit14134longtermec ae                       default  vus=0.01059 affil=0.72363 (6.78s)
[ucr] 227_UCR_Anomaly_mit14134longtermec ae                       tuned    vus=0.00333 affil=0.76367 (8.5s)
[ucr] 229_UCR_Anomaly_mit14134longtermec iforest                  default  vus=0.00086 affil=0.63246 (3.44s)
[ucr] 229_UCR_Anomaly_mit14134longtermec iforest                  tuned    vus=0.00086 affil=0.63246 (6.37s)
[ucr] 229_UCR_Anomaly_mit14134longtermec lof                      default  vus=0.00316 affil=0.64202 (2.15s)
[ucr] 229_UCR_Anomaly_mit14134longtermec lof                      tuned    vus=0.11528 affil=0.9999 (7.27s)
[ucr] 229_UCR_Anomaly_mit14134longtermec knn                      default  vus=0.00853 affil=0.65417 (1.84s)
[ucr] 229_UCR_Anomaly_mit14134longtermec knn                      tuned    vus=0.00949 affil=0.65449 (3.83s)
[ucr] 229_UCR_Anomaly_mit14134longtermec ae                       default  vus=0.07454 affil=0.70361 (10.03s)
[ucr] 229_UCR_Anomaly_mit14134longtermec ae                       tuned    vus=0.0216 affil=0.69661 (12.24s)
[ucr] 231_UCR_Anomaly_mit14134longtermec iforest                  default  vus=0.00784 affil=0.77781 (4.85s)
[ucr] 231_UCR_Anomaly_mit14134longtermec iforest                  tuned    vus=0.00784 affil=0.77781 (6.77s)
[ucr] 231_UCR_Anomaly_mit14134longtermec lof                      default  vus=0.02902 affil=0.77917 (1.41s)
[ucr] 231_UCR_Anomaly_mit14134longtermec lof                      tuned    vus=0.10139 affil=0.80076 (4.21s)
[ucr] 231_UCR_Anomaly_mit14134longtermec knn                      default  vus=0.04923 affil=0.81657 (1.15s)
[ucr] 231_UCR_Anomaly_mit14134longtermec knn                      tuned    vus=0.0472 affil=0.90695 (3.76s)
[ucr] 231_UCR_Anomaly_mit14134longtermec ae                       default  vus=0.00513 affil=0.67277 (6.77s)
[ucr] 231_UCR_Anomaly_mit14134longtermec ae                       tuned    vus=0.00717 affil=0.77828 (9.27s)
[ucr] 233_UCR_Anomaly_mit14157longtermec iforest                  default  vus=0.00359 affil=0.76831 (5.5s)
[ucr] 233_UCR_Anomaly_mit14157longtermec iforest                  tuned    vus=0.00359 affil=0.76914 (6.43s)
[ucr] 233_UCR_Anomaly_mit14157longtermec lof                      default  vus=0.00532 affil=0.76333 (4.22s)
[ucr] 233_UCR_Anomaly_mit14157longtermec lof                      tuned    vus=0.00539 affil=0.76218 (6.78s)
[ucr] 233_UCR_Anomaly_mit14157longtermec knn                      default  vus=0.00539 affil=0.74907 (3.38s)
[ucr] 233_UCR_Anomaly_mit14157longtermec knn                      tuned    vus=0.00539 affil=0.73356 (6.17s)
[ucr] 233_UCR_Anomaly_mit14157longtermec ae                       default  vus=0.00539 affil=0.73208 (13.59s)
[ucr] 233_UCR_Anomaly_mit14157longtermec ae                       tuned    vus=0.00539 affil=0.74985 (17.43s)
[ucr] 235_UCR_Anomaly_mit14157longtermec iforest                  default  vus=0.00296 affil=0.9704 (6.91s)
[ucr] 235_UCR_Anomaly_mit14157longtermec iforest                  tuned    vus=0.00291 affil=0.97038 (8.57s)
[ucr] 235_UCR_Anomaly_mit14157longtermec lof                      default  vus=0.00501 affil=0.81315 (4.62s)
[ucr] 235_UCR_Anomaly_mit14157longtermec lof                      tuned    vus=0.00508 affil=0.81136 (7.45s)
[ucr] 235_UCR_Anomaly_mit14157longtermec knn                      default  vus=0.01015 affil=0.82582 (3.87s)
[ucr] 235_UCR_Anomaly_mit14157longtermec knn                      tuned    vus=0.01015 affil=0.82602 (7.19s)
[ucr] 235_UCR_Anomaly_mit14157longtermec ae                       default  vus=0.01015 affil=0.81919 (14.02s)
[ucr] 235_UCR_Anomaly_mit14157longtermec ae                       tuned    vus=0.01015 affil=0.81847 (17.13s)
[ucr] 237_UCR_Anomaly_mit14157longtermec iforest                  default  vus=0.06 affil=0.65104 (6.92s)
[ucr] 237_UCR_Anomaly_mit14157longtermec iforest                  tuned    vus=0.06352 affil=0.6636 (8.54s)
[ucr] 237_UCR_Anomaly_mit14157longtermec lof                      default  vus=0.15622 affil=0.7177 (4.56s)
[ucr] 237_UCR_Anomaly_mit14157longtermec lof                      tuned    vus=0.16424 affil=0.71958 (8.23s)
[ucr] 237_UCR_Anomaly_mit14157longtermec knn                      default  vus=0.17698 affil=0.70687 (3.62s)
[ucr] 237_UCR_Anomaly_mit14157longtermec knn                      tuned    vus=0.17991 affil=0.70738 (7.16s)
[ucr] 237_UCR_Anomaly_mit14157longtermec ae                       default  vus=0.13422 affil=0.71002 (14.57s)
[ucr] 237_UCR_Anomaly_mit14157longtermec ae                       tuned    vus=0.11071 affil=0.70368 (15.93s)
[ucr] 239_UCR_Anomaly_taichidbS0715Maste iforest                  default  vus=0.00348 affil=0.66553 (48.63s)
[ucr] 239_UCR_Anomaly_taichidbS0715Maste iforest                  tuned    vus=0.00094 affil=0.67065 (174.42s)
[ucr] 239_UCR_Anomaly_taichidbS0715Maste lof                      default  vus=0.01189 affil=0.79256 (221.52s)
[ucr] 239_UCR_Anomaly_taichidbS0715Maste lof                      tuned    vus=0.0033 affil=0.6562 (440.36s)
[ucr] 239_UCR_Anomaly_taichidbS0715Maste knn                      default  vus=0.01985 affil=0.70138 (116.77s)
[ucr] 239_UCR_Anomaly_taichidbS0715Maste knn                      tuned    vus=0.01843 affil=0.70024 (129.46s)
[ucr] 239_UCR_Anomaly_taichidbS0715Maste ae                       default  vus=0.00168 affil=0.6951 (105.01s)
[ucr] 239_UCR_Anomaly_taichidbS0715Maste ae                       tuned    vus=0.00082 affil=0.66538 (194.4s)
[ucr] 241_UCR_Anomaly_taichidbS0715Maste iforest                  default  vus=0.00273 affil=0.66835 (39.2s)
[ucr] 241_UCR_Anomaly_taichidbS0715Maste iforest                  tuned    vus=0.00245 affil=0.66576 (128.14s)
[ucr] 241_UCR_Anomaly_taichidbS0715Maste lof                      default  vus=0.00998 affil=0.74701 (168.78s)
[ucr] 241_UCR_Anomaly_taichidbS0715Maste lof                      tuned    vus=0.0122 affil=0.71137 (726.24s)
[ucr] 241_UCR_Anomaly_taichidbS0715Maste knn                      default  vus=0.00884 affil=0.74131 (147.72s)
[ucr] 241_UCR_Anomaly_taichidbS0715Maste knn                      tuned    vus=0.00987 affil=0.7605 (389.56s)
[ucr] 241_UCR_Anomaly_taichidbS0715Maste ae                       default  vus=0.00235 affil=0.71257 (126.94s)
[ucr] 241_UCR_Anomaly_taichidbS0715Maste ae                       tuned    vus=0.00262 affil=0.8134 (249.16s)
[ucr] 243_UCR_Anomaly_tilt12744mtable_10 iforest                  default  vus=0.00241 affil=0.62044 (10.36s)
[ucr] 243_UCR_Anomaly_tilt12744mtable_10 iforest                  tuned    vus=0.00122 affil=0.56007 (30.13s)
[ucr] 243_UCR_Anomaly_tilt12744mtable_10 lof                      default  vus=0.01451 affil=0.67828 (16.05s)
[ucr] 243_UCR_Anomaly_tilt12744mtable_10 lof                      tuned    vus=0.04604 affil=0.73983 (13.43s)
[ucr] 243_UCR_Anomaly_tilt12744mtable_10 knn                      default  vus=0.02863 affil=0.6768 (13.69s)
[ucr] 243_UCR_Anomaly_tilt12744mtable_10 knn                      tuned    vus=0.01564 affil=0.61029 (12.6s)
[ucr] 243_UCR_Anomaly_tilt12744mtable_10 ae                       default  vus=0.02469 affil=0.61086 (43.89s)
[ucr] 243_UCR_Anomaly_tilt12744mtable_10 ae                       tuned    vus=0.02773 affil=0.60527 (50.35s)
[ucr] 245_UCR_Anomaly_tilt12754table_100 iforest                  default  vus=0.01821 affil=0.58219 (14.09s)
[ucr] 245_UCR_Anomaly_tilt12754table_100 iforest                  tuned    vus=0.03027 affil=0.52496 (29.46s)
[ucr] 245_UCR_Anomaly_tilt12754table_100 lof                      default  vus=0.00468 affil=0.86191 (20.33s)
[ucr] 245_UCR_Anomaly_tilt12754table_100 lof                      tuned    vus=0.01045 affil=0.82562 (27.22s)
[ucr] 245_UCR_Anomaly_tilt12754table_100 knn                      default  vus=0.05578 affil=0.76208 (17.77s)
[ucr] 245_UCR_Anomaly_tilt12754table_100 knn                      tuned    vus=0.07945 affil=0.67708 (16.35s)
[ucr] 245_UCR_Anomaly_tilt12754table_100 ae                       default  vus=0.07039 affil=0.66656 (46.37s)
[ucr] 245_UCR_Anomaly_tilt12754table_100 ae                       tuned    vus=0.03679 affil=0.66451 (100.48s)
[ucr] 247_UCR_Anomaly_tilt12755mtable_50 iforest                  default  vus=0.00159 affil=0.80048 (10.46s)
[ucr] 247_UCR_Anomaly_tilt12755mtable_50 iforest                  tuned    vus=0.00187 affil=0.82525 (22.3s)
[ucr] 247_UCR_Anomaly_tilt12755mtable_50 lof                      default  vus=0.05007 affil=0.92224 (8.74s)
[ucr] 247_UCR_Anomaly_tilt12755mtable_50 lof                      tuned    vus=0.06685 affil=0.92764 (13.99s)
[ucr] 247_UCR_Anomaly_tilt12755mtable_50 knn                      default  vus=0.00603 affil=0.84671 (8.32s)
[ucr] 247_UCR_Anomaly_tilt12755mtable_50 knn                      tuned    vus=0.01258 affil=0.8437 (9.92s)
[ucr] 247_UCR_Anomaly_tilt12755mtable_50 ae                       default  vus=0.00483 affil=0.8657 (27.01s)
[ucr] 247_UCR_Anomaly_tilt12755mtable_50 ae                       tuned    vus=0.00208 affil=0.86352 (31.98s)
[ucr] 249_UCR_Anomaly_weallwalk_2753_828 iforest                  default  vus=0.00506 affil=0.78484 (1.66s)
[ucr] 249_UCR_Anomaly_weallwalk_2753_828 iforest                  tuned    vus=0.00474 affil=0.72401 (1.24s)
[ucr] 249_UCR_Anomaly_weallwalk_2753_828 lof                      default  vus=0.00481 affil=0.7869 (0.23s)
[ucr] 249_UCR_Anomaly_weallwalk_2753_828 lof                      tuned    vus=0.00431 affil=0.91517 (0.53s)
[ucr] 249_UCR_Anomaly_weallwalk_2753_828 knn                      default  vus=0.01112 affil=0.79561 (0.14s)
[ucr] 249_UCR_Anomaly_weallwalk_2753_828 knn                      tuned    vus=0.00466 affil=0.91031 (0.52s)
[ucr] 249_UCR_Anomaly_weallwalk_2753_828 ae                       default  vus=0.01222 affil=0.70937 (1.64s)
[ucr] 249_UCR_Anomaly_weallwalk_2753_828 ae                       tuned    vus=0.00408 affil=0.91056 (1.88s)
DONE
