dataset,series,domain,anomaly_kind,detector,tier,config,auc_pr,vus_pr,affil_f1,event_f1,runtime_s,tune_s,peak_mb,n_test,n_channels,anomaly_frac,status
nasa,E-9,smap,point,iforest,default,,0.08068,0.12983,0.75034,0.23269,0.55,,0.0,8302,25,0.04228,ok
nasa,E-9,smap,point,iforest,tuned,"{'w': 50, 'n_estimators': 100}",0.12604,0.10645,0.98552,0.27333,1.29,5.62,0.0,8302,25,0.04228,ok
nasa,E-9,smap,point,lof,default,,0.32133,0.32233,0.98796,0.5,1.25,,0.0,8302,25,0.04228,ok
nasa,E-9,smap,point,lof,tuned,"{'w': 200, 'k': 10}",0.2239,0.3223,0.97522,0.38095,0.89,2.14,0.0,8302,25,0.04228,ok
nasa,E-9,smap,point,knn,default,,0.27895,0.30212,0.98761,0.49713,0.59,,0.0,8302,25,0.04228,ok
nasa,E-9,smap,point,knn,tuned,"{'w': 50, 'k': 3}",0.18598,0.17035,0.98552,0.28161,1.63,1.91,0.0,8302,25,0.04228,ok
nasa,E-9,smap,point,ae,default,,0.45802,0.39983,0.99201,0.5435,8.51,,194.2,8302,25,0.04228,ok
nasa,E-9,smap,point,ae,tuned,"{'w': 200, 'hidden': 32, 'latent': 16}",0.62727,0.61632,0.99135,0.71429,2.8,7.38,0.0,8302,25,0.04228,ok
nasa,E-11,smap,contextual,iforest,default,,0.0482,0.0687,0.80505,0.10012,1.85,,17.0,8514,25,0.03465,ok
nasa,E-11,smap,contextual,iforest,tuned,"{'w': 50, 'n_estimators': 100}",0.06506,0.07639,0.7986,0.26946,1.33,5.9,0.0,8514,25,0.03465,ok
nasa,E-11,smap,contextual,lof,default,,0.84743,0.71481,0.82197,0.66616,0.79,,17.0,8514,25,0.03465,ok
nasa,E-11,smap,contextual,lof,tuned,"{'w': 200, 'k': 10}",0.83471,0.73657,0.83171,0.66616,0.93,2.12,0.0,8514,25,0.03465,ok
nasa,E-11,smap,contextual,knn,default,,0.89259,0.73119,0.82143,0.68211,0.6,,17.0,8514,25,0.03465,ok
nasa,E-11,smap,contextual,knn,tuned,"{'w': 50, 'k': 3}",0.93845,0.70933,0.99282,0.8788,1.47,1.79,0.0,8514,25,0.03465,ok
nasa,E-11,smap,contextual,ae,default,,0.12494,0.18157,0.79242,0.21341,2.4,,196.3,8514,25,0.03465,ok
nasa,E-11,smap,contextual,ae,tuned,"{'w': 200, 'hidden': 32, 'latent': 16}",0.16651,0.22775,0.79278,0.2843,2.81,7.88,0.0,8514,25,0.03465,ok
nasa,E-13,smap,contextual,iforest,default,,0.03339,0.05026,0.66513,0.05068,1.85,,17.0,8640,25,0.03056,ok
nasa,E-13,smap,contextual,iforest,tuned,"{'w': 50, 'n_estimators': 200}",0.14201,0.14186,0.73068,0.26588,2.06,5.87,0.0,8640,25,0.03056,ok
nasa,E-13,smap,contextual,lof,default,,0.03566,0.05269,0.70031,0.04388,0.79,,17.0,8640,25,0.03056,ok
nasa,E-13,smap,contextual,lof,tuned,"{'w': 100, 'k': 30}",0.03687,0.05432,0.70331,0.04694,1.17,2.19,0.0,8640,25,0.03056,ok
nasa,E-13,smap,contextual,knn,default,,0.03179,0.04734,0.6883,0.02426,0.73,,17.0,8640,25,0.03056,ok
nasa,E-13,smap,contextual,knn,tuned,"{'w': 50, 'k': 5}",0.06221,0.06747,0.71027,0.14661,1.63,1.64,0.0,8640,25,0.03056,ok
nasa,E-13,smap,contextual,ae,default,,0.02295,0.03579,0.65595,0.0,2.09,,198.1,8640,25,0.03056,ok
nasa,E-13,smap,contextual,ae,tuned,"{'w': 50, 'hidden': 32, 'latent': 16}",0.02459,0.03778,0.67719,0.02761,3.19,7.73,0.0,8640,25,0.03056,ok
nasa,D-1,smap,point,iforest,default,,0.35435,0.35502,0.85472,0.25,1.87,,17.0,8509,25,0.38301,ok
nasa,D-1,smap,point,iforest,tuned,"{'w': 50, 'n_estimators': 200}",0.37414,0.37613,0.65404,0.11047,1.95,5.71,0.0,8509,25,0.38301,ok
nasa,D-1,smap,point,lof,default,,0.25752,0.26174,0.85483,0.25,0.78,,17.0,8509,25,0.38301,ok
nasa,D-1,smap,point,lof,tuned,"{'w': 100, 'k': 50}",0.25752,0.26174,0.85483,0.25,1.34,2.21,0.0,8509,25,0.38301,ok
nasa,D-1,smap,point,knn,default,,0.26306,0.26684,0.85998,0.25,0.61,,17.0,8509,25,0.38301,ok
nasa,D-1,smap,point,knn,tuned,"{'w': 200, 'k': 1}",0.27407,0.27674,0.86058,0.25,0.79,1.71,0.0,8509,25,0.38301,ok
nasa,D-1,smap,point,ae,default,,0.49392,0.50016,0.87293,0.37877,2.16,,196.1,8509,25,0.38301,ok
nasa,D-1,smap,point,ae,tuned,"{'w': 50, 'hidden': 32, 'latent': 16}",0.62117,0.62133,0.8688,0.65348,3.41,7.31,0.0,8509,25,0.38301,ok
nasa,P-3,smap,point,iforest,default,,0.16773,0.19561,0.91656,0.25,1.83,,17.0,8493,25,0.15731,ok
nasa,P-3,smap,point,iforest,tuned,"{'w': 50, 'n_estimators': 200}",0.12934,0.14841,0.77681,0.13077,1.98,5.88,0.0,8493,25,0.15731,ok
nasa,P-3,smap,point,lof,default,,0.12713,0.14708,0.9156,0.25,0.76,,17.0,8493,25,0.15731,ok
nasa,P-3,smap,point,lof,tuned,"{'w': 200, 'k': 10}",0.14527,0.17686,0.91615,0.25,0.91,2.17,0.0,8493,25,0.15731,ok
nasa,P-3,smap,point,knn,default,,0.15664,0.18568,0.91615,0.25,0.62,,17.0,8493,25,0.15731,ok
nasa,P-3,smap,point,knn,tuned,"{'w': 50, 'k': 3}",0.12241,0.14039,0.74255,0.11739,1.51,1.66,0.0,8493,25,0.15731,ok
nasa,P-3,smap,point,ae,default,,0.19941,0.20443,0.93784,0.25,2.19,,196.0,8493,25,0.15731,ok
nasa,P-3,smap,point,ae,tuned,"{'w': 200, 'hidden': 32, 'latent': 16}",0.2527,0.25541,0.93742,0.37362,2.8,7.22,0.0,8493,25,0.15731,ok
nasa,D-3,smap,point,iforest,default,,0.43567,0.45375,0.79122,0.33365,2.1,,17.0,8640,25,0.37917,ok
nasa,D-3,smap,point,iforest,tuned,"{'w': 50, 'n_estimators': 200}",0.44447,0.46634,0.89993,0.41102,2.01,5.97,0.0,8640,25,0.37917,ok
nasa,D-3,smap,point,lof,default,,0.30972,0.32203,0.63785,0.20787,0.8,,17.0,8640,25,0.37917,ok
nasa,D-3,smap,point,lof,tuned,"{'w': 100, 'k': 30}",0.3189,0.33154,0.70501,0.24602,1.37,2.3,0.0,8640,25,0.37917,ok
nasa,D-3,smap,point,knn,default,,0.33395,0.34656,0.67745,0.23665,0.61,,17.0,8640,25,0.37917,ok
nasa,D-3,smap,point,knn,tuned,"{'w': 50, 'k': 5}",0.37286,0.38748,0.87221,0.37301,1.59,1.7,0.0,8640,25,0.37917,ok
nasa,D-3,smap,point,ae,default,,0.44877,0.45902,0.72613,0.27579,2.29,,198.1,8640,25,0.37917,ok
nasa,D-3,smap,point,ae,tuned,"{'w': 200, 'hidden': 32, 'latent': 16}",0.30069,0.30928,0.66229,0.22014,2.86,7.25,0.0,8640,25,0.37917,ok
nasa,A-2,smap,contextual,iforest,default,,0.00804,0.01269,0.66286,0.0,1.99,,17.0,7914,25,0.01403,ok
nasa,A-2,smap,contextual,lof,default,,0.00778,0.0121,0.65345,0.0,0.7,,17.0,7914,25,0.01403,ok
nasa,A-2,smap,contextual,knn,default,,0.00752,0.01201,0.80377,0.0,0.54,,17.0,7914,25,0.01403,ok
nasa,A-2,smap,contextual,ae,default,,0.00801,0.01285,0.68609,0.0,1.84,,191.9,7914,25,0.01403,ok
nasa,A-4,smap,contextual,iforest,default,,0.00879,0.01365,0.74956,0.0,1.77,,17.0,8080,25,0.01374,ok
nasa,A-4,smap,contextual,iforest,tuned,"{'w': 50, 'n_estimators': 200}",0.00974,0.01409,0.66485,0.0,2.1,5.83,0.0,8080,25,0.01374,ok
nasa,A-4,smap,contextual,lof,default,,0.00825,0.01284,0.64449,0.0,0.92,,17.0,8080,25,0.01374,ok
nasa,A-4,smap,contextual,lof,tuned,"{'w': 100, 'k': 30}",0.00816,0.01269,0.63713,0.0,1.09,2.45,0.0,8080,25,0.01374,ok
nasa,A-4,smap,contextual,knn,default,,0.0079,0.01229,0.78641,0.0,0.57,,17.0,8080,25,0.01374,ok
nasa,A-4,smap,contextual,knn,tuned,"{'w': 50, 'k': 5}",0.00903,0.01324,0.66928,0.0,1.34,1.48,0.0,8080,25,0.01374,ok
nasa,A-4,smap,contextual,ae,default,,0.00863,0.01439,0.70855,0.0,1.91,,191.2,8080,25,0.01374,ok
nasa,A-4,smap,contextual,ae,tuned,"{'w': 200, 'hidden': 32, 'latent': 16}",0.00882,0.0142,0.69446,0.0,2.7,7.21,0.0,8080,25,0.01374,ok
nasa,G-2,smap,point,iforest,default,,0.00832,0.01266,0.92976,0.00589,1.73,,17.0,7361,25,0.00557,ok
nasa,G-2,smap,point,lof,default,,0.02141,0.03272,0.83714,0.04827,0.63,,17.0,7361,25,0.00557,ok
nasa,G-2,smap,point,knn,default,,0.0194,0.0291,0.92976,0.04662,0.52,,17.0,7361,25,0.00557,ok
nasa,G-2,smap,point,ae,default,,0.11053,0.16089,0.66818,0.23276,1.65,,186.8,7361,25,0.00557,ok
nasa,D-6,smap,point,iforest,default,,0.21489,0.1798,0.78543,0.40889,1.73,,17.0,7884,25,0.01027,ok
nasa,D-6,smap,point,lof,default,,0.15059,0.12541,0.84196,0.29947,0.75,,17.0,7884,25,0.01027,ok
nasa,D-6,smap,point,knn,default,,0.08959,0.07676,0.8081,0.18867,0.54,,17.0,7884,25,0.01027,ok
nasa,D-6,smap,point,ae,default,,0.01157,0.01699,0.89006,0.0,1.76,,191.5,7884,25,0.01027,ok
nasa,F-1,smap,point,iforest,default,,0.00632,0.01001,0.44519,0.0,2.01,,17.0,8584,25,0.01177,ok
nasa,F-1,smap,point,iforest,tuned,"{'w': 50, 'n_estimators': 200}",0.00792,0.01124,0.46184,0.0,1.94,5.76,0.0,8584,25,0.01177,ok
nasa,F-1,smap,point,lof,default,,0.01397,0.01828,0.10764,0.0,0.77,,17.0,8584,25,0.01177,ok
nasa,F-1,smap,point,lof,tuned,"{'w': 100, 'k': 30}",0.0099,0.01348,0.43586,0.0,1.14,2.24,0.0,8584,25,0.01177,ok
nasa,F-1,smap,point,knn,default,,0.00757,0.01173,0.42885,0.0,0.61,,17.0,8584,25,0.01177,ok
nasa,F-1,smap,point,knn,tuned,"{'w': 50, 'k': 3}",0.00795,0.01112,0.46004,0.0033,1.8,1.59,0.0,8584,25,0.01177,ok
nasa,F-1,smap,point,ae,default,,0.00833,0.01241,0.43493,0.0,2.26,,196.9,8584,25,0.01177,ok
nasa,F-1,smap,point,ae,tuned,"{'w': 200, 'hidden': 32, 'latent': 16}",0.00846,0.01283,0.43059,0.0,3.51,7.85,0.0,8584,25,0.01177,ok
nasa,G-3,smap,point,iforest,default,,0.0115,0.01641,0.8089,0.03418,1.77,,17.0,7907,25,0.00645,ok
nasa,G-3,smap,point,lof,default,,0.01385,0.01952,0.80941,0.04146,0.67,,17.0,7907,25,0.00645,ok
nasa,G-3,smap,point,knn,default,,0.01194,0.01697,0.80941,0.03532,0.61,,17.0,7907,25,0.00645,ok
nasa,G-3,smap,point,ae,default,,0.00741,0.01117,0.70069,0.00219,1.84,,191.8,7907,25,0.00645,ok
nasa,T-2,smap,point,iforest,default,,0.13118,0.13793,0.64562,0.06507,1.87,,17.0,8625,25,0.20696,ok
nasa,T-2,smap,point,iforest,tuned,"{'w': 100, 'n_estimators': 100}",0.12918,0.13544,0.63751,0.06254,1.76,6.42,0.0,8625,25,0.20696,ok
nasa,T-2,smap,point,lof,default,,0.17367,0.18829,0.65895,0.15683,0.97,,17.0,8625,25,0.20696,ok
nasa,T-2,smap,point,lof,tuned,"{'w': 50, 'k': 30}",0.1178,0.12337,0.54085,0.03008,1.82,2.44,0.0,8625,25,0.20696,ok
nasa,T-2,smap,point,knn,default,,0.12412,0.12987,0.62151,0.05194,0.6,,17.0,8625,25,0.20696,ok
nasa,T-2,smap,point,knn,tuned,"{'w': 50, 'k': 3}",0.12033,0.12584,0.58381,0.03939,1.54,1.68,0.0,8625,25,0.20696,ok
nasa,T-2,smap,point,ae,default,,0.54663,0.56352,0.86681,0.83887,2.14,,198.0,8625,25,0.20696,ok
nasa,T-2,smap,point,ae,tuned,"{'w': 50, 'hidden': 32, 'latent': 16}",0.22403,0.23434,0.65777,0.20123,3.28,7.6,0.0,8625,25,0.20696,ok
nasa,D-9,smap,point,iforest,default,,0.15065,0.159,0.31026,0.06804,1.63,,17.0,7406,25,0.15609,ok
nasa,D-9,smap,point,lof,default,,0.8914,0.86019,0.99742,1.0,0.66,,17.0,7406,25,0.15609,ok
nasa,D-9,smap,point,knn,default,,0.89119,0.85992,0.99742,1.0,0.56,,17.0,7406,25,0.15609,ok
nasa,D-9,smap,point,ae,default,,0.90643,0.8766,0.9987,1.0,1.76,,187.1,7406,25,0.15609,ok
nasa,G-4,smap,point,iforest,default,,0.00287,0.00452,0.60386,0.0,1.87,,17.0,7632,25,0.00406,ok
nasa,G-4,smap,point,lof,default,,0.13189,0.22388,0.83582,0.32804,0.7,,17.0,7632,25,0.00406,ok
nasa,G-4,smap,point,knn,default,,0.13157,0.22182,0.78051,0.32804,0.53,,17.0,7632,25,0.00406,ok
nasa,G-4,smap,point,ae,default,,0.99406,0.86003,0.99922,0.87838,2.38,,189.1,7632,25,0.00406,ok
nasa,D-11,smap,point,iforest,default,,0.00857,0.01267,0.70211,0.0,1.61,,17.0,7431,25,0.00821,ok
nasa,D-11,smap,point,lof,default,,0.06,0.10192,0.36319,0.19396,0.69,,17.0,7431,25,0.00821,ok
nasa,D-11,smap,point,knn,default,,0.0602,0.10156,0.36672,0.19396,0.54,,17.0,7431,25,0.00821,ok
nasa,D-11,smap,point,ae,default,,0.0592,0.10191,0.3575,0.19427,1.7,,187.1,7431,25,0.00821,ok
nasa,B-1,smap,point,iforest,default,,0.00893,0.01334,0.0455,0.0,1.67,,17.0,8044,25,0.00883,ok
nasa,B-1,smap,point,lof,default,,0.01232,0.023,0.0,0.0,0.65,,17.0,8044,25,0.00883,ok
nasa,B-1,smap,point,knn,default,,0.01232,0.02299,0.0,0.0,0.53,,17.0,8044,25,0.00883,ok
nasa,B-1,smap,point,ae,default,,0.01216,0.02352,0.0,0.0,1.69,,193.1,8044,25,0.00883,ok
nasa,G-7,smap,mixed,iforest,default,,0.98006,0.9575,0.9981,0.98318,1.73,,17.0,8029,25,0.03338,ok
nasa,G-7,smap,mixed,lof,default,,0.04258,0.07477,0.70794,0.13333,0.69,,17.0,8029,25,0.03338,ok
nasa,G-7,smap,mixed,knn,default,,0.19716,0.25863,0.85641,0.46904,0.52,,17.0,8029,25,0.03338,ok
nasa,G-7,smap,mixed,ae,default,,0.16834,0.237,0.86133,0.42821,1.92,,193.1,8029,25,0.03338,ok
nasa,R-1,smap,point,iforest,default,,0.01118,0.01677,0.08786,0.0,1.67,,17.0,7244,25,0.01118,ok
nasa,R-1,smap,point,iforest,tuned,"{'w': 400, 'n_estimators': 100}",0.01118,0.01677,0.19009,0.0,2.11,5.01,0.0,7244,25,0.01118,ok
nasa,R-1,smap,point,lof,default,,0.07952,0.12348,0.45727,0.24143,0.67,,17.0,7244,25,0.01118,ok
nasa,R-1,smap,point,lof,tuned,"{'w': 100, 'k': 50}",0.07952,0.12348,0.45727,0.24143,0.76,2.23,0.0,7244,25,0.01118,ok
nasa,R-1,smap,point,knn,default,,0.07969,0.12386,0.45717,0.24143,0.49,,17.0,7244,25,0.01118,ok
nasa,R-1,smap,point,knn,tuned,"{'w': 100, 'k': 3}",0.07996,0.12298,0.45705,0.24143,0.67,1.82,0.0,7244,25,0.01118,ok
nasa,R-1,smap,point,ae,default,,0.28254,0.33223,0.63437,0.53333,2.21,,183.6,7244,25,0.01118,ok
nasa,R-1,smap,point,ae,tuned,"{'w': 100, 'hidden': 32, 'latent': 8}",0.28239,0.33226,0.63437,0.53333,1.95,7.37,0.0,7244,25,0.01118,ok
nasa,A-6,smap,point,iforest,default,,0.00751,0.01311,0.9653,0.0,1.31,,17.0,4453,25,0.00921,ok
nasa,A-6,smap,point,lof,default,,0.96858,0.90097,0.99943,0.97093,0.21,,17.0,4453,25,0.00921,ok
nasa,A-6,smap,point,knn,default,,0.99041,0.91986,0.99973,0.97727,0.16,,17.0,4453,25,0.00921,ok
nasa,A-6,smap,point,ae,default,,0.99882,0.94594,0.99987,0.98034,0.83,,153.3,4453,25,0.00921,ok
nasa,D-13,smap,point,iforest,default,,0.02101,0.03152,0.24181,0.0,1.45,,17.0,7663,25,0.02101,ok
nasa,D-13,smap,point,lof,default,,0.02808,0.04351,0.0,0.0,0.49,,17.0,7663,25,0.02101,ok
nasa,D-13,smap,point,knn,default,,0.02808,0.04352,0.0,0.0,0.38,,17.0,7663,25,0.02101,ok
nasa,D-13,smap,point,ae,default,,0.02826,0.04388,0.0,0.0,1.59,,184.8,7663,25,0.02101,ok
nasa,A-8,smap,contextual,iforest,default,,0.3613,0.36974,0.62662,0.14373,1.69,,17.0,8375,25,0.45445,ok
nasa,A-8,smap,contextual,lof,default,,0.27603,0.28313,0.34986,0.05675,0.37,,17.0,8375,25,0.45445,ok
nasa,A-8,smap,contextual,knn,default,,0.27603,0.28313,0.34986,0.05675,0.29,,17.0,8375,25,0.45445,ok
nasa,A-8,smap,contextual,ae,default,,0.53694,0.54152,0.67484,0.32948,1.34,,191.9,8375,25,0.45445,ok
nasa,F-3,smap,contextual,iforest,default,,0.02377,0.03308,0.53234,0.06338,1.8,,17.0,8376,25,0.00489,ok
nasa,F-3,smap,contextual,iforest,tuned,"{'w': 50, 'n_estimators': 100}",0.2365,0.15824,0.64211,0.36922,1.36,6.64,0.0,8376,25,0.00489,ok
nasa,F-3,smap,contextual,lof,default,,0.88789,0.75463,0.99902,0.80649,0.85,,17.0,8376,25,0.00489,ok
nasa,F-3,smap,contextual,lof,tuned,"{'w': 200, 'k': 10}",0.19995,0.28808,0.99348,0.38715,0.89,2.24,0.0,8376,25,0.00489,ok
nasa,F-3,smap,contextual,knn,default,,0.89694,0.70525,0.99902,0.87195,0.59,,17.0,8376,25,0.00489,ok
nasa,F-3,smap,contextual,knn,tuned,"{'w': 50, 'k': 3}",0.99827,0.82538,0.99901,0.94886,1.4,1.59,0.0,8376,25,0.00489,ok
nasa,F-3,smap,contextual,ae,default,,1.0,0.86827,0.99901,0.94886,2.11,,194.9,8376,25,0.00489,ok
nasa,F-3,smap,contextual,ae,tuned,"{'w': 50, 'hidden': 32, 'latent': 16}",0.99942,0.89553,0.99901,0.94886,3.29,7.44,0.0,8376,25,0.00489,ok
nasa,M-1,msl,contextual,iforest,default,,0.32604,0.35585,0.41559,0.00224,1.29,,17.0,2277,55,0.5011,ok
nasa,M-1,msl,contextual,lof,default,,0.75535,0.77062,0.90827,0.47852,0.52,,17.0,2277,55,0.5011,ok
nasa,M-1,msl,contextual,knn,default,,0.75453,0.77931,0.93887,0.48293,0.31,,17.0,2277,55,0.5011,ok
nasa,M-1,msl,contextual,ae,default,,0.54739,0.56422,0.88349,0.4313,1.16,,187.1,2277,55,0.5011,ok
nasa,S-2,msl,point,iforest,default,,0.00857,0.01279,0.81144,0.0,1.15,,17.0,1827,55,0.00602,ok
nasa,S-2,msl,point,lof,default,,0.94129,0.83761,0.99898,0.93182,0.22,,17.0,1827,55,0.00602,ok
nasa,S-2,msl,point,knn,default,,0.98052,0.91455,0.99898,0.93182,0.15,,17.0,1827,55,0.00602,ok
nasa,S-2,msl,point,ae,default,,1.0,0.91785,0.9987,1.0,0.76,,152.0,1827,55,0.00602,ok
nasa,T-4,msl,point,iforest,default,,0.01892,0.02859,0.43104,0.0,1.55,,17.0,2217,55,0.03112,ok
nasa,T-4,msl,point,lof,default,,0.02004,0.02986,0.36031,0.0,0.54,,17.0,2217,55,0.03112,ok
nasa,T-4,msl,point,knn,default,,0.01878,0.02826,0.40218,0.0,0.3,,17.0,2217,55,0.03112,ok
nasa,T-4,msl,point,ae,default,,0.0268,0.03958,0.6947,0.0,1.41,,183.0,2217,55,0.03112,ok
nasa,F-7,msl,contextual,iforest,default,,0.17232,0.23756,0.87862,0.26566,1.65,,17.0,5054,55,0.0837,ok
nasa,F-7,msl,contextual,lof,default,,0.04943,0.08677,0.7355,0.00514,1.02,,17.0,5054,55,0.0837,ok
nasa,F-7,msl,contextual,knn,default,,0.04881,0.0859,0.73519,0.00459,0.66,,17.0,5054,55,0.0837,ok
nasa,F-7,msl,contextual,ae,default,,0.05509,0.10688,0.74427,0.05864,1.8,,335.0,5054,55,0.0837,ok
nasa,M-4,msl,contextual,iforest,default,,0.25691,0.26771,0.7673,0.41403,1.25,,17.0,2038,55,0.12316,ok
nasa,M-4,msl,contextual,lof,default,,0.06647,0.09969,0.62788,0.0,0.47,,17.0,2038,55,0.12316,ok
nasa,M-4,msl,contextual,knn,default,,0.06648,0.09935,0.62977,0.0,0.26,,17.0,2038,55,0.12316,ok
nasa,M-4,msl,contextual,ae,default,,0.10404,0.18599,0.71688,0.02889,1.14,,169.2,2038,55,0.12316,ok
nasa,P-15,msl,point,iforest,default,,0.00487,0.00706,0.73641,0.0,1.41,,17.0,2856,55,0.00735,ok
nasa,P-15,msl,point,iforest,tuned,"{'w': 50, 'n_estimators': 200}",0.00522,0.00757,0.67706,0.0,1.48,6.52,0.0,2856,55,0.00735,ok
nasa,P-15,msl,point,lof,default,,0.00427,0.00795,0.79132,0.0,0.81,,17.0,2856,55,0.00735,ok
nasa,P-15,msl,point,lof,tuned,"{'w': 100, 'k': 50}",0.00427,0.00795,0.79132,0.0,1.03,4.23,0.0,2856,55,0.00735,ok
nasa,P-15,msl,point,knn,default,,0.00427,0.00795,0.84244,0.0,0.54,,17.0,2856,55,0.00735,ok
nasa,P-15,msl,point,knn,tuned,"{'w': 50, 'k': 3}",0.00451,0.00873,0.83471,0.0,1.23,3.5,0.0,2856,55,0.00735,ok
nasa,P-15,msl,point,ae,default,,0.00781,0.01375,0.49082,0.0,1.92,,234.0,2856,55,0.00735,ok
nasa,P-15,msl,point,ae,tuned,"{'w': 50, 'hidden': 32, 'latent': 16}",0.09556,0.16871,0.72934,0.27451,3.67,9.51,0.0,2856,55,0.00735,ok
nasa,C-2,msl,mixed,iforest,default,,0.08048,0.12368,0.69445,0.16875,1.13,,17.0,2051,55,0.0668,ok
nasa,C-2,msl,mixed,lof,default,,0.72973,0.68052,0.77125,0.65769,0.21,,17.0,2051,55,0.0668,ok
nasa,C-2,msl,mixed,knn,default,,0.72937,0.68035,0.77304,0.65769,0.15,,17.0,2051,55,0.0668,ok
nasa,C-2,msl,mixed,ae,default,,0.7351,0.68261,0.77372,0.659,0.71,,164.2,2051,55,0.0668,ok
nasa,T-13,msl,contextual,iforest,default,,0.14001,0.17958,0.46118,0.21391,1.25,,17.0,2430,55,0.1037,ok
nasa,T-13,msl,contextual,lof,default,,0.64966,0.56367,0.92931,0.78727,0.3,,17.0,2430,55,0.1037,ok
nasa,T-13,msl,contextual,knn,default,,0.65242,0.56258,0.92931,0.78606,0.2,,17.0,2430,55,0.1037,ok
nasa,T-13,msl,contextual,ae,default,,0.65599,0.61969,0.97932,0.75431,0.85,,192.1,2430,55,0.1037,ok
nasa,F-5,msl,point,iforest,default,,0.99293,0.81508,0.99986,1.0,1.49,,17.0,3922,55,0.0385,ok
nasa,F-5,msl,point,lof,default,,0.03759,0.05959,0.6243,0.03862,0.84,,17.0,3922,55,0.0385,ok
nasa,F-5,msl,point,knn,default,,0.04048,0.06154,0.62487,0.04087,0.6,,17.0,3922,55,0.0385,ok
nasa,F-5,msl,point,ae,default,,0.02824,0.04644,0.53119,0.00043,1.61,,298.8,3922,55,0.0385,ok
nasa,T-9,msl,point,iforest,default,,0.06352,0.09354,0.3089,0.0,1.24,,17.0,1096,55,0.10219,ok
nasa,T-9,msl,point,lof,default,,0.84927,0.84731,0.90003,0.66667,0.11,,17.0,1096,55,0.10219,ok
nasa,T-9,msl,point,knn,default,,0.84733,0.84449,0.89837,0.66667,0.09,,17.0,1096,55,0.10219,ok
nasa,T-9,msl,point,ae,default,,0.47769,0.63303,0.96849,0.76896,0.73,,98.2,1096,55,0.10219,ok
nasa,T-8,msl,contextual,iforest,default,,0.32923,0.46961,0.86118,0.54157,1.22,,17.0,1519,55,0.06715,ok
nasa,T-8,msl,contextual,lof,default,,0.77315,0.80939,0.98759,0.82667,0.26,,17.0,1519,55,0.06715,ok
nasa,T-8,msl,contextual,knn,default,,0.7806,0.80835,0.98686,0.83188,0.11,,17.0,1519,55,0.06715,ok
nasa,T-8,msl,contextual,ae,default,,0.07482,0.10762,0.50722,0.09029,0.65,,128.9,1519,55,0.06715,ok
nasa,D-15,msl,point,iforest,default,,0.56367,0.58385,0.86262,0.58015,1.59,,17.0,2158,55,0.29703,ok
nasa,D-15,msl,point,lof,default,,0.51694,0.54347,0.83752,0.56849,0.47,,17.0,2158,55,0.29703,ok
nasa,D-15,msl,point,knn,default,,0.52803,0.55454,0.84384,0.56991,0.28,,17.0,2158,55,0.29703,ok
nasa,D-15,msl,point,ae,default,,0.46674,0.50269,0.89527,0.47887,1.18,,179.6,2158,55,0.29703,ok
nasa,M-7,msl,point,iforest,default,,0.98766,0.95906,0.99885,0.99716,1.27,,17.0,2156,55,0.04685,ok
nasa,M-7,msl,point,lof,default,,0.98157,0.95547,0.99877,0.99432,0.4,,17.0,2156,55,0.04685,ok
nasa,M-7,msl,point,knn,default,,0.98157,0.95544,0.99877,0.99432,0.23,,17.0,2156,55,0.04685,ok
nasa,M-7,msl,point,ae,default,,0.03322,0.04837,0.50708,0.0,1.08,,176.1,2156,55,0.04685,ok
psm,psm,server_app,,iforest,default,,0.49659,0.55219,0.59379,0.46301,5.29,,17.0,40000,25,0.27318,ok
psm,psm,server_app,,iforest,tuned,"{'w': 200, 'n_estimators': 100}",0.51368,0.5806,0.60829,0.49001,7.64,17.57,0.0,40000,25,0.27318,ok
psm,psm,server_app,,lof,default,,0.43123,0.51752,0.61314,0.44537,34.67,,17.0,40000,25,0.27318,ok
psm,psm,server_app,,lof,tuned,"{'w': 100, 'k': 50}",0.43123,0.51752,0.61314,0.44537,36.78,80.42,0.0,40000,25,0.27318,ok
psm,psm,server_app,,knn,default,,0.47405,0.55927,0.64108,0.5318,24.61,,17.0,40000,25,0.27318,ok
psm,psm,server_app,,knn,tuned,"{'w': 100, 'k': 5}",0.47405,0.55927,0.64108,0.5318,25.74,39.23,0.0,40000,25,0.27318,ok
psm,psm,server_app,,ae,default,,0.54245,0.68148,0.76738,0.66314,19.77,,585.4,40000,25,0.27318,ok
psm,psm,server_app,,ae,tuned,"{'w': 100, 'hidden': 32, 'latent': 16}",0.49767,0.64751,0.80043,0.68538,28.07,86.71,0.0,40000,25,0.27318,ok
smd,machine-1-2,server,,iforest,default,,0.50451,0.55622,0.91736,0.57812,5.61,,17.0,23694,38,0.02287,ok
smd,machine-1-2,server,,iforest,tuned,"{'w': 100, 'n_estimators': 200}",0.50451,0.55622,0.91736,0.57812,6.69,18.95,0.0,23694,38,0.02287,ok
smd,machine-1-2,server,,lof,default,,0.01252,0.02089,0.60261,0.01493,27.44,,17.0,23694,38,0.02287,ok
smd,machine-1-2,server,,lof,tuned,"{'w': 50, 'k': 50}",0.01324,0.02119,0.59981,0.00352,72.02,75.73,0.0,23694,38,0.02287,ok
smd,machine-1-2,server,,knn,default,,0.39978,0.42904,0.80624,0.50059,17.37,,17.0,23694,38,0.02287,ok
smd,machine-1-2,server,,knn,tuned,"{'w': 50, 'k': 3}",0.45384,0.44491,0.81546,0.51286,51.54,36.93,0.0,23694,38,0.02287,ok
smd,machine-1-2,server,,ae,default,,0.27156,0.35514,0.84934,0.39851,12.14,,583.2,23694,38,0.02287,ok
smd,machine-1-2,server,,ae,tuned,"{'w': 50, 'hidden': 64, 'latent': 8}",0.37764,0.44049,0.87336,0.49743,20.7,54.69,0.0,23694,38,0.02287,ok
smd,machine-1-4,server,,iforest,default,,0.22145,0.25537,0.75352,0.29924,4.11,,17.0,23707,38,0.03037,ok
smd,machine-1-4,server,,iforest,tuned,"{'w': 100, 'n_estimators': 200}",0.22145,0.25537,0.75352,0.29924,5.05,15.44,0.0,23707,38,0.03037,ok
smd,machine-1-4,server,,lof,default,,0.16499,0.1944,0.66806,0.29783,26.1,,17.0,23707,38,0.03037,ok
smd,machine-1-4,server,,lof,tuned,"{'w': 50, 'k': 30}",0.19418,0.22062,0.67414,0.34782,76.74,69.24,0.0,23707,38,0.03037,ok
smd,machine-1-4,server,,knn,default,,0.22779,0.25525,0.73591,0.25897,18.24,,17.0,23707,38,0.03037,ok
smd,machine-1-4,server,,knn,tuned,"{'w': 50, 'k': 3}",0.2568,0.27106,0.78022,0.33082,51.7,33.89,0.0,23707,38,0.03037,ok
smd,machine-1-4,server,,ae,default,,0.27416,0.34443,0.87837,0.4193,12.4,,583.2,23707,38,0.03037,ok
smd,machine-1-4,server,,ae,tuned,"{'w': 50, 'hidden': 64, 'latent': 8}",0.29774,0.38006,0.89685,0.45452,22.76,56.81,0.0,23707,38,0.03037,ok
smd,machine-1-6,server,,iforest,default,,0.61801,0.57869,0.37075,0.26736,3.85,,17.0,23689,38,0.15653,ok
smd,machine-1-6,server,,iforest,tuned,"{'w': 100, 'n_estimators': 100}",0.64798,0.59982,0.36415,0.24898,3.93,15.07,0.0,23689,38,0.15653,ok
smd,machine-1-6,server,,lof,default,,0.16736,0.28383,0.49717,0.14566,26.03,,17.0,23689,38,0.15653,ok
smd,machine-1-6,server,,lof,tuned,"{'w': 50, 'k': 30}",0.24935,0.33435,0.5698,0.34615,76.58,68.62,0.0,23689,38,0.15653,ok
smd,machine-1-6,server,,knn,default,,0.16855,0.30015,0.54389,0.19922,18.29,,17.0,23689,38,0.15653,ok
smd,machine-1-6,server,,knn,tuned,"{'w': 50, 'k': 3}",0.22718,0.3754,0.79783,0.34115,51.74,33.07,0.0,23689,38,0.15653,ok
smd,machine-1-6,server,,ae,default,,0.52261,0.59777,0.67193,0.55786,12.37,,582.8,23689,38,0.15653,ok
smd,machine-1-6,server,,ae,tuned,"{'w': 50, 'hidden': 32, 'latent': 16}",0.62478,0.67468,0.71203,0.63337,22.66,57.28,0.0,23689,38,0.15653,ok
smd,machine-1-8,server,,iforest,default,,0.06385,0.08714,0.6629,0.13638,3.97,,17.0,23699,38,0.0322,ok
smd,machine-1-8,server,,iforest,tuned,"{'w': 400, 'n_estimators': 100}",0.06865,0.08813,0.40565,0.09515,10.68,14.69,0.0,23699,38,0.0322,ok
smd,machine-1-8,server,,lof,default,,0.02366,0.05137,0.61401,0.08696,27.07,,17.0,23699,38,0.0322,ok
smd,machine-1-8,server,,lof,tuned,"{'w': 50, 'k': 30}",0.02109,0.03425,0.61611,0.02,76.52,70.29,0.0,23699,38,0.0322,ok
smd,machine-1-8,server,,knn,default,,0.22913,0.24552,0.56299,0.26936,18.25,,17.0,23699,38,0.0322,ok
smd,machine-1-8,server,,knn,tuned,"{'w': 50, 'k': 3}",0.27987,0.28588,0.57715,0.2951,48.3,35.53,0.0,23699,38,0.0322,ok
smd,machine-1-8,server,,ae,default,,0.25579,0.2884,0.84387,0.2867,11.76,,583.2,23699,38,0.0322,ok
smd,machine-1-8,server,,ae,tuned,"{'w': 100, 'hidden': 32, 'latent': 8}",0.2479,0.27704,0.84182,0.28696,12.84,56.93,0.0,23699,38,0.0322,ok
smd,machine-2-2,server,,iforest,default,,0.25509,0.35247,0.78622,0.40601,4.27,,17.0,23700,38,0.11954,ok
smd,machine-2-2,server,,iforest,tuned,"{'w': 100, 'n_estimators': 200}",0.25509,0.35247,0.78622,0.40601,5.37,15.47,0.0,23700,38,0.11954,ok
smd,machine-2-2,server,,lof,default,,0.06944,0.09929,0.4299,0.16393,24.32,,17.0,23700,38,0.11954,ok
smd,machine-2-2,server,,lof,tuned,"{'w': 400, 'k': 10}",0.66386,0.75126,0.78421,0.60244,9.94,68.82,0.0,23700,38,0.11954,ok
smd,machine-2-2,server,,knn,default,,0.45309,0.62908,0.92555,0.63373,20.22,,17.0,23700,38,0.11954,ok
smd,machine-2-2,server,,knn,tuned,"{'w': 100, 'k': 5}",0.45309,0.62908,0.92555,0.63373,19.55,40.13,0.0,23700,38,0.11954,ok
smd,machine-2-2,server,,ae,default,,0.35198,0.46313,0.77221,0.52465,14.68,,583.2,23700,38,0.11954,ok
smd,machine-2-2,server,,ae,tuned,"{'w': 50, 'hidden': 64, 'latent': 8}",0.33015,0.496,0.88291,0.57414,22.48,69.77,0.0,23700,38,0.11954,ok
smd,machine-2-4,server,,iforest,default,,0.43685,0.38421,0.59151,0.32029,4.14,,17.0,23689,38,0.07151,ok
smd,machine-2-4,server,,iforest,tuned,"{'w': 400, 'n_estimators': 200}",0.48585,0.42982,0.5235,0.26283,10.27,14.9,0.0,23689,38,0.07151,ok
smd,machine-2-4,server,,lof,default,,0.22113,0.4566,0.90374,0.4496,17.78,,17.0,23689,38,0.07151,ok
smd,machine-2-4,server,,lof,tuned,"{'w': 100, 'k': 30}",0.26068,0.4791,0.90605,0.45874,26.06,55.37,0.0,23689,38,0.07151,ok
smd,machine-2-4,server,,knn,default,,0.31885,0.55111,0.91106,0.5023,20.07,,17.0,23689,38,0.07151,ok
smd,machine-2-4,server,,knn,tuned,"{'w': 50, 'k': 3}",0.42819,0.65667,0.92762,0.64046,52.81,37.35,0.0,23689,38,0.07151,ok
smd,machine-2-4,server,,ae,default,,0.43924,0.46966,0.74089,0.36332,15.71,,582.8,23689,38,0.07151,ok
smd,machine-2-4,server,,ae,tuned,"{'w': 100, 'hidden': 32, 'latent': 8}",0.44119,0.46286,0.67754,0.37658,13.14,72.83,0.0,23689,38,0.07151,ok
smd,machine-2-6,server,,iforest,default,,0.22318,0.15703,0.78771,0.25362,4.93,,17.0,28743,38,0.01475,ok
smd,machine-2-6,server,,iforest,tuned,"{'w': 200, 'n_estimators': 100}",0.06631,0.09174,0.76023,0.19734,6.26,17.79,0.0,28743,38,0.01475,ok
smd,machine-2-6,server,,lof,default,,0.05971,0.08231,0.67226,0.1574,26.27,,17.0,28743,38,0.01475,ok
smd,machine-2-6,server,,lof,tuned,"{'w': 400, 'k': 50}",0.30285,0.26444,0.75653,0.2318,13.57,61.56,0.0,28743,38,0.01475,ok
smd,machine-2-6,server,,knn,default,,0.47774,0.45561,0.76862,0.47118,23.7,,17.0,28743,38,0.01475,ok
smd,machine-2-6,server,,knn,tuned,"{'w': 50, 'k': 3}",0.41613,0.38333,0.76787,0.46402,75.26,48.03,0.0,28743,38,0.01475,ok
smd,machine-2-6,server,,ae,default,,0.56318,0.55427,0.82787,0.5282,18.74,,676.5,28743,38,0.01475,ok
smd,machine-2-6,server,,ae,tuned,"{'w': 50, 'hidden': 64, 'latent': 8}",0.40556,0.40259,0.79587,0.43609,26.6,80.2,0.0,28743,38,0.01475,ok
smd,machine-2-8,server,,iforest,default,,0.82439,0.58138,0.99854,0.85109,4.34,,17.0,23703,38,0.00679,ok
smd,machine-2-8,server,,iforest,tuned,"{'w': 100, 'n_estimators': 200}",0.82439,0.58138,0.99854,0.85109,4.57,14.41,0.0,23703,38,0.00679,ok
smd,machine-2-8,server,,lof,default,,0.99472,0.87142,0.999,1.0,17.96,,17.0,23703,38,0.00679,ok
smd,machine-2-8,server,,lof,tuned,"{'w': 200, 'k': 10}",0.96712,0.91075,0.9989,0.92929,15.66,55.8,0.0,23703,38,0.00679,ok
smd,machine-2-8,server,,knn,default,,0.9361,0.87295,0.99889,0.91266,18.65,,17.0,23703,38,0.00679,ok
smd,machine-2-8,server,,knn,tuned,"{'w': 100, 'k': 3}",0.9361,0.87309,0.99889,0.91266,21.83,37.36,0.0,23703,38,0.00679,ok
smd,machine-2-8,server,,ae,default,,0.82086,0.80992,0.99828,0.86342,17.78,,583.2,23703,38,0.00679,ok
smd,machine-2-8,server,,ae,tuned,"{'w': 100, 'hidden': 32, 'latent': 8}",0.82086,0.80989,0.99828,0.86342,15.07,79.46,0.0,23703,38,0.00679,ok
smd,machine-3-1,server,,iforest,default,,0.37893,0.27975,0.4912,0.37365,4.73,,17.0,28700,38,0.01073,ok
smd,machine-3-1,server,,iforest,tuned,"{'w': 200, 'n_estimators': 100}",0.3309,0.24696,0.47853,0.35421,6.04,17.7,0.0,28700,38,0.01073,ok
smd,machine-3-1,server,,lof,default,,0.69394,0.61676,0.70949,0.56748,26.54,,17.0,28700,38,0.01073,ok
smd,machine-3-1,server,,lof,tuned,"{'w': 100, 'k': 30}",0.68507,0.60467,0.75075,0.56762,27.21,72.59,0.0,28700,38,0.01073,ok
smd,machine-3-1,server,,knn,default,,0.77289,0.66116,0.84183,0.61452,27.31,,17.0,28700,38,0.01073,ok
smd,machine-3-1,server,,knn,tuned,"{'w': 100, 'k': 1}",0.77367,0.67027,0.83711,0.61452,27.26,54.59,0.0,28700,38,0.01073,ok
smd,machine-3-1,server,,ae,default,,0.695,0.68767,0.93154,0.57252,20.56,,673.9,28700,38,0.01073,ok
smd,machine-3-1,server,,ae,tuned,"{'w': 200, 'hidden': 64, 'latent': 16}",0.58304,0.55099,0.84826,0.42641,19.5,110.01,0.0,28700,38,0.01073,ok
smd,machine-3-11,server,,iforest,default,,0.022,0.02529,0.65598,0.06609,7.35,,17.0,28696,38,0.0069,ok
smd,machine-3-11,server,,iforest,tuned,"{'w': 200, 'n_estimators': 200}",0.01301,0.01721,0.63764,0.03351,9.95,26.57,0.0,28696,38,0.0069,ok
smd,machine-3-11,server,,lof,default,,0.76095,0.74214,0.99244,0.68521,26.64,,17.0,28696,38,0.0069,ok
smd,machine-3-11,server,,lof,tuned,"{'w': 50, 'k': 10}",0.35182,0.50855,0.92727,0.5486,67.04,73.35,0.0,28696,38,0.0069,ok
smd,machine-3-11,server,,knn,default,,0.28999,0.18579,0.89748,0.32486,17.66,,17.0,28696,38,0.0069,ok
smd,machine-3-11,server,,knn,tuned,"{'w': 100, 'k': 1}",0.28992,0.18635,0.89748,0.32486,28.19,49.26,0.0,28696,38,0.0069,ok
smd,machine-3-11,server,,ae,default,,0.77095,0.71312,0.99347,0.69993,19.73,,673.9,28696,38,0.0069,ok
smd,machine-3-11,server,,ae,tuned,"{'w': 100, 'hidden': 32, 'latent': 8}",0.7711,0.71304,0.99347,0.69993,17.86,110.15,0.0,28696,38,0.0069,ok
smd,machine-3-3,server,,iforest,default,,0.07785,0.08053,0.62946,0.11342,4.15,,17.0,23703,38,0.02666,ok
smd,machine-3-3,server,,iforest,tuned,"{'w': 400, 'n_estimators': 100}",0.06288,0.07287,0.45754,0.13611,8.52,14.76,0.0,23703,38,0.02666,ok
smd,machine-3-3,server,,lof,default,,0.04774,0.12278,0.84834,0.14021,17.75,,17.0,23703,38,0.02666,ok
smd,machine-3-3,server,,lof,tuned,"{'w': 50, 'k': 30}",0.04814,0.132,0.84686,0.15137,48.6,47.07,0.0,23703,38,0.02666,ok
smd,machine-3-3,server,,knn,default,,0.05596,0.13015,0.84853,0.18246,20.41,,17.0,23703,38,0.02666,ok
smd,machine-3-3,server,,knn,tuned,"{'w': 50, 'k': 3}",0.06023,0.15731,0.85708,0.16386,48.59,34.38,0.0,23703,38,0.02666,ok
smd,machine-3-3,server,,ae,default,,0.0733,0.12249,0.8144,0.20289,16.42,,583.2,23703,38,0.02666,ok
smd,machine-3-3,server,,ae,tuned,"{'w': 50, 'hidden': 64, 'latent': 8}",0.11127,0.19142,0.85503,0.23629,23.19,67.82,0.0,23703,38,0.02666,ok
smd,machine-3-5,server,,iforest,default,,0.19282,0.11223,0.54027,0.1405,4.27,,17.0,23691,38,0.01798,ok
smd,machine-3-5,server,,iforest,tuned,"{'w': 400, 'n_estimators': 200}",0.02508,0.03506,0.47948,0.05545,9.68,15.21,0.0,23691,38,0.01798,ok
smd,machine-3-5,server,,lof,default,,0.39436,0.33901,0.8074,0.2685,17.46,,17.0,23691,38,0.01798,ok
smd,machine-3-5,server,,lof,tuned,"{'w': 50, 'k': 30}",0.2161,0.16379,0.7137,0.22131,81.06,76.79,0.0,23691,38,0.01798,ok
smd,machine-3-5,server,,knn,default,,0.20743,0.23651,0.77785,0.26778,19.44,,0.0,23691,38,0.01798,ok
smd,machine-3-5,server,,knn,tuned,"{'w': 100, 'k': 3}",0.20796,0.23781,0.77729,0.26778,22.34,37.16,0.0,23691,38,0.01798,ok
smd,machine-3-5,server,,ae,default,,0.47261,0.40265,0.69961,0.29726,28.43,,582.8,23691,38,0.01798,ok
smd,machine-3-5,server,,ae,tuned,"{'w': 50, 'hidden': 32, 'latent': 16}",0.46379,0.39918,0.71313,0.34738,22.33,56.72,0.0,23691,38,0.01798,ok
smd,machine-3-7,server,,iforest,default,,0.38657,0.26909,0.75328,0.27359,4.79,,17.0,28705,38,0.01512,ok
smd,machine-3-7,server,,iforest,tuned,"{'w': 200, 'n_estimators': 100}",0.47037,0.34928,0.69157,0.3125,6.64,17.19,0.0,28705,38,0.01512,ok
smd,machine-3-7,server,,lof,default,,0.3633,0.26883,0.73694,0.39628,29.06,,17.0,28705,38,0.01512,ok
smd,machine-3-7,server,,lof,tuned,"{'w': 100, 'k': 10}",0.70096,0.70486,0.94827,0.6441,44.38,115.64,0.0,28705,38,0.01512,ok
smd,machine-3-7,server,,knn,default,,0.72264,0.73876,0.99388,0.75219,30.86,,17.0,28705,38,0.01512,ok
smd,machine-3-7,server,,knn,tuned,"{'w': 100, 'k': 1}",0.7197,0.73306,0.99377,0.72713,28.77,63.64,0.0,28705,38,0.01512,ok
smd,machine-3-7,server,,ae,default,,0.70016,0.61522,0.93512,0.46119,21.3,,673.9,28705,38,0.01512,ok
smd,machine-3-7,server,,ae,tuned,"{'w': 100, 'hidden': 32, 'latent': 8}",0.69954,0.6133,0.93497,0.46119,15.11,106.01,0.0,28705,38,0.01512,ok
smd,machine-3-9,server,,iforest,default,,0.33311,0.25826,0.46855,0.36862,4.67,,17.0,28713,38,0.01055,ok
smd,machine-3-9,server,,iforest,tuned,"{'w': 200, 'n_estimators': 100}",0.30772,0.2254,0.473,0.36551,6.4,17.46,0.0,28713,38,0.01055,ok
smd,machine-3-9,server,,lof,default,,0.43819,0.32813,0.71121,0.3701,29.22,,17.0,28713,38,0.01055,ok
smd,machine-3-9,server,,lof,tuned,"{'w': 100, 'k': 50}",0.43819,0.32813,0.71121,0.3701,31.87,79.46,0.0,28713,38,0.01055,ok
smd,machine-3-9,server,,knn,default,,0.42743,0.31276,0.72284,0.36164,31.34,,17.0,28713,38,0.01055,ok
smd,machine-3-9,server,,knn,tuned,"{'w': 100, 'k': 5}",0.42743,0.31276,0.72284,0.36164,29.55,57.31,0.0,28713,38,0.01055,ok
smd,machine-3-9,server,,ae,default,,0.65729,0.64286,0.9014,0.56473,22.58,,674.1,28713,38,0.01055,ok
smd,machine-3-9,server,,ae,tuned,"{'w': 200, 'hidden': 64, 'latent': 16}",0.54198,0.50366,0.84837,0.43321,15.86,102.85,0.0,28713,38,0.01055,ok
ucr,002_UCR_Anomaly_DISTORTED2sddb40_35000_56600_56900,DISTORTED2sddb40,,iforest,default,,0.00348,0.00611,0.62515,0.00039,3.56,,17.0,45001,1,0.00669,ok
ucr,002_UCR_Anomaly_DISTORTED2sddb40_35000_56600_56900,DISTORTED2sddb40,,iforest,tuned,"{'w': 100, 'n_estimators': 200}",0.00348,0.00611,0.62515,0.00039,5.34,11.85,0.0,45001,1,0.00669,ok
ucr,002_UCR_Anomaly_DISTORTED2sddb40_35000_56600_56900,DISTORTED2sddb40,,lof,default,,0.01395,0.01804,0.64535,0.0265,3.01,,17.0,45001,1,0.00669,ok
ucr,002_UCR_Anomaly_DISTORTED2sddb40_35000_56600_56900,DISTORTED2sddb40,,lof,tuned,"{'w': 200, 'k': 50}",0.01519,0.02006,0.67077,0.0504,3.16,7.91,0.0,45001,1,0.00669,ok
ucr,002_UCR_Anomaly_DISTORTED2sddb40_35000_56600_56900,DISTORTED2sddb40,,knn,default,,0.00652,0.01038,0.64946,0.01192,2.15,,17.0,45001,1,0.00669,ok
ucr,002_UCR_Anomaly_DISTORTED2sddb40_35000_56600_56900,DISTORTED2sddb40,,knn,tuned,"{'w': 200, 'k': 5}",0.01947,0.02588,0.66403,0.06077,2.75,5.47,0.0,45001,1,0.00669,ok
ucr,002_UCR_Anomaly_DISTORTED2sddb40_35000_56600_56900,DISTORTED2sddb40,,ae,default,,0.00547,0.00863,0.66057,0.01236,14.26,,43.0,45001,1,0.00669,ok
ucr,002_UCR_Anomaly_DISTORTED2sddb40_35000_56600_56900,DISTORTED2sddb40,,ae,tuned,"{'w': 200, 'hidden': 32, 'latent': 8}",0.00703,0.01047,0.67835,0.01354,11.76,69.47,0.0,45001,1,0.00669,ok
ucr,004_UCR_Anomaly_DISTORTEDBIDMC1_2500_5400_5600,DISTORTEDBIDMC1,,iforest,default,,0.63099,0.50065,0.9966,0.76811,1.47,,17.0,8500,1,0.02365,ok
ucr,004_UCR_Anomaly_DISTORTEDBIDMC1_2500_5400_5600,DISTORTEDBIDMC1,,lof,default,,0.87647,0.75152,0.99821,0.96439,0.23,,17.0,8500,1,0.02365,ok
ucr,004_UCR_Anomaly_DISTORTEDBIDMC1_2500_5400_5600,DISTORTEDBIDMC1,,knn,default,,0.87642,0.74443,0.99844,0.96867,0.15,,17.0,8500,1,0.02365,ok
ucr,004_UCR_Anomaly_DISTORTEDBIDMC1_2500_5400_5600,DISTORTEDBIDMC1,,ae,default,,0.86233,0.73317,0.99816,0.96493,1.33,,25.5,8500,1,0.02365,ok
ucr,006_UCR_Anomaly_DISTORTEDCIMIS44AirTemperature2_4000_5703_5727,DISTORTEDCIMIS44AirTemperature2,,iforest,default,,0.0132,0.02115,0.76813,0.04444,1.23,,17.0,4184,1,0.00598,ok
ucr,006_UCR_Anomaly_DISTORTEDCIMIS44AirTemperature2_4000_5703_5727,DISTORTEDCIMIS44AirTemperature2,,iforest,tuned,"{'w': 50, 'n_estimators': 200}",0.01746,0.02294,0.77795,0.05599,1.47,5.91,0.0,4184,1,0.00598,ok
ucr,006_UCR_Anomaly_DISTORTEDCIMIS44AirTemperature2_4000_5703_5727,DISTORTEDCIMIS44AirTemperature2,,lof,default,,0.03294,0.04788,0.83676,0.10213,0.19,,17.0,4184,1,0.00598,ok
ucr,006_UCR_Anomaly_DISTORTEDCIMIS44AirTemperature2_4000_5703_5727,DISTORTEDCIMIS44AirTemperature2,,lof,tuned,"{'w': 100, 'k': 50}",0.03294,0.04788,0.83676,0.10213,0.44,1.79,0.0,4184,1,0.00598,ok
ucr,006_UCR_Anomaly_DISTORTEDCIMIS44AirTemperature2_4000_5703_5727,DISTORTEDCIMIS44AirTemperature2,,knn,default,,0.65848,0.42329,0.99894,0.69062,0.09,,17.0,4184,1,0.00598,ok
ucr,006_UCR_Anomaly_DISTORTEDCIMIS44AirTemperature2_4000_5703_5727,DISTORTEDCIMIS44AirTemperature2,,knn,tuned,"{'w': 50, 'k': 5}",0.99704,0.88688,0.99884,1.0,0.39,1.35,0.0,4184,1,0.00598,ok
ucr,006_UCR_Anomaly_DISTORTEDCIMIS44AirTemperature2_4000_5703_5727,DISTORTEDCIMIS44AirTemperature2,,ae,default,,0.98837,0.89454,0.99884,0.98404,1.98,,23.9,4184,1,0.00598,ok
ucr,006_UCR_Anomaly_DISTORTEDCIMIS44AirTemperature2_4000_5703_5727,DISTORTEDCIMIS44AirTemperature2,,ae,tuned,"{'w': 100, 'hidden': 32, 'latent': 8}",0.99846,0.89952,0.99884,1.0,1.93,9.82,0.0,4184,1,0.00598,ok
ucr,008_UCR_Anomaly_DISTORTEDCIMIS44AirTemperature4_4000_5549_5597,DISTORTEDCIMIS44AirTemperature4,,iforest,default,,0.02449,0.03305,0.76604,0.06891,1.28,,17.0,4184,1,0.01171,ok
ucr,008_UCR_Anomaly_DISTORTEDCIMIS44AirTemperature4_4000_5549_5597,DISTORTEDCIMIS44AirTemperature4,,iforest,tuned,"{'w': 50, 'n_estimators': 200}",0.04345,0.04983,0.80461,0.11581,1.51,6.1,0.0,4184,1,0.01171,ok
ucr,008_UCR_Anomaly_DISTORTEDCIMIS44AirTemperature4_4000_5549_5597,DISTORTEDCIMIS44AirTemperature4,,lof,default,,0.0402,0.05536,0.82603,0.13084,0.19,,17.0,4184,1,0.01171,ok
ucr,008_UCR_Anomaly_DISTORTEDCIMIS44AirTemperature4_4000_5549_5597,DISTORTEDCIMIS44AirTemperature4,,lof,tuned,"{'w': 100, 'k': 50}",0.0402,0.05536,0.82603,0.13084,0.42,1.81,0.0,4184,1,0.01171,ok
ucr,008_UCR_Anomaly_DISTORTEDCIMIS44AirTemperature4_4000_5549_5597,DISTORTEDCIMIS44AirTemperature4,,knn,default,,0.05181,0.07104,0.84449,0.15241,0.09,,17.0,4184,1,0.01171,ok
ucr,008_UCR_Anomaly_DISTORTEDCIMIS44AirTemperature4_4000_5549_5597,DISTORTEDCIMIS44AirTemperature4,,knn,tuned,"{'w': 50, 'k': 5}",0.10859,0.12202,0.85682,0.25834,0.37,1.34,0.0,4184,1,0.01171,ok
ucr,008_UCR_Anomaly_DISTORTEDCIMIS44AirTemperature4_4000_5549_5597,DISTORTEDCIMIS44AirTemperature4,,ae,default,,0.29794,0.30912,0.92249,0.54978,1.67,,23.9,4184,1,0.01171,ok
ucr,008_UCR_Anomaly_DISTORTEDCIMIS44AirTemperature4_4000_5549_5597,DISTORTEDCIMIS44AirTemperature4,,ae,tuned,"{'w': 100, 'hidden': 32, 'latent': 8}",0.08895,0.117,0.85321,0.22967,1.91,10.18,0.0,4184,1,0.01171,ok
ucr,010_UCR_Anomaly_DISTORTEDCIMIS44AirTemperature6_4000_6006_6054,DISTORTEDCIMIS44AirTemperature6,,iforest,default,,0.02181,0.03282,0.76514,0.06811,1.26,,17.0,4184,1,0.01171,ok
ucr,010_UCR_Anomaly_DISTORTEDCIMIS44AirTemperature6_4000_6006_6054,DISTORTEDCIMIS44AirTemperature6,,iforest,tuned,"{'w': 50, 'n_estimators': 200}",0.01698,0.02568,0.73286,0.01857,1.49,5.93,0.0,4184,1,0.01171,ok
ucr,010_UCR_Anomaly_DISTORTEDCIMIS44AirTemperature6_4000_6006_6054,DISTORTEDCIMIS44AirTemperature6,,lof,default,,0.15253,0.20093,0.82955,0.32699,0.18,,17.0,4184,1,0.01171,ok
ucr,010_UCR_Anomaly_DISTORTEDCIMIS44AirTemperature6_4000_6006_6054,DISTORTEDCIMIS44AirTemperature6,,lof,tuned,"{'w': 50, 'k': 50}",0.62876,0.66531,0.9957,0.77692,0.5,1.77,0.0,4184,1,0.01171,ok
ucr,010_UCR_Anomaly_DISTORTEDCIMIS44AirTemperature6_4000_6006_6054,DISTORTEDCIMIS44AirTemperature6,,knn,default,,0.70175,0.63727,0.99566,0.80585,0.09,,17.0,4184,1,0.01171,ok
ucr,010_UCR_Anomaly_DISTORTEDCIMIS44AirTemperature6_4000_6006_6054,DISTORTEDCIMIS44AirTemperature6,,knn,tuned,"{'w': 50, 'k': 3}",0.70494,0.67588,0.99674,0.81001,0.37,1.31,0.0,4184,1,0.01171,ok
ucr,010_UCR_Anomaly_DISTORTEDCIMIS44AirTemperature6_4000_6006_6054,DISTORTEDCIMIS44AirTemperature6,,ae,default,,0.76835,0.82646,0.99661,0.85873,1.7,,23.9,4184,1,0.01171,ok
ucr,010_UCR_Anomaly_DISTORTEDCIMIS44AirTemperature6_4000_6006_6054,DISTORTEDCIMIS44AirTemperature6,,ae,tuned,"{'w': 100, 'hidden': 32, 'latent': 16}",0.7049,0.77513,0.99602,0.81586,3.01,9.91,0.0,4184,1,0.01171,ok
ucr,012_UCR_Anomaly_DISTORTEDECG2_15000_16000_16100,DISTORTEDECG2,,iforest,default,,0.0388,0.0545,0.75177,0.1009,1.84,,17.0,15000,1,0.00673,ok
ucr,012_UCR_Anomaly_DISTORTEDECG2_15000_16000_16100,DISTORTEDECG2,,iforest,tuned,"{'w': 100, 'n_estimators': 200}",0.0388,0.0545,0.75177,0.1009,2.98,9.79,0.0,15000,1,0.00673,ok
ucr,012_UCR_Anomaly_DISTORTEDECG2_15000_16000_16100,DISTORTEDECG2,,lof,default,,0.06308,0.07976,0.79178,0.17479,0.75,,17.0,15000,1,0.00673,ok
ucr,012_UCR_Anomaly_DISTORTEDECG2_15000_16000_16100,DISTORTEDECG2,,lof,tuned,"{'w': 100, 'k': 50}",0.06308,0.07976,0.79178,0.17479,1.41,4.44,0.0,15000,1,0.00673,ok
ucr,012_UCR_Anomaly_DISTORTEDECG2_15000_16000_16100,DISTORTEDECG2,,knn,default,,0.10582,0.11518,0.81197,0.23965,0.47,,17.0,15000,1,0.00673,ok
ucr,012_UCR_Anomaly_DISTORTEDECG2_15000_16000_16100,DISTORTEDECG2,,knn,tuned,"{'w': 100, 'k': 3}",0.14985,0.15212,0.83746,0.29289,1.0,2.55,0.0,15000,1,0.00673,ok
ucr,012_UCR_Anomaly_DISTORTEDECG2_15000_16000_16100,DISTORTEDECG2,,ae,default,,0.08077,0.09507,0.79489,0.19338,5.87,,29.5,15000,1,0.00673,ok
ucr,012_UCR_Anomaly_DISTORTEDECG2_15000_16000_16100,DISTORTEDECG2,,ae,tuned,"{'w': 100, 'hidden': 32, 'latent': 8}",0.07211,0.08412,0.78798,0.18442,6.42,31.92,0.0,15000,1,0.00673,ok
ucr,014_UCR_Anomaly_DISTORTEDECG3_8000_17000_17100,DISTORTEDECG3,,iforest,default,,0.00233,0.00495,0.73185,0.0,2.2,,17.0,22000,1,0.00459,ok
ucr,014_UCR_Anomaly_DISTORTEDECG3_8000_17000_17100,DISTORTEDECG3,,iforest,tuned,"{'w': 100, 'n_estimators': 200}",0.00233,0.00495,0.73185,0.0,3.13,7.0,0.0,22000,1,0.00459,ok
ucr,014_UCR_Anomaly_DISTORTEDECG3_8000_17000_17100,DISTORTEDECG3,,lof,default,,0.78243,0.64239,0.99874,0.77438,0.67,,17.0,22000,1,0.00459,ok
ucr,014_UCR_Anomaly_DISTORTEDECG3_8000_17000_17100,DISTORTEDECG3,,lof,tuned,"{'w': 50, 'k': 30}",0.6003,0.34065,0.99868,0.60639,1.96,2.35,0.0,22000,1,0.00459,ok
ucr,014_UCR_Anomaly_DISTORTEDECG3_8000_17000_17100,DISTORTEDECG3,,knn,default,,0.56172,0.27417,0.99874,0.57211,0.51,,17.0,22000,1,0.00459,ok
ucr,014_UCR_Anomaly_DISTORTEDECG3_8000_17000_17100,DISTORTEDECG3,,knn,tuned,"{'w': 50, 'k': 3}",0.52392,0.2273,0.99876,0.54885,1.66,1.62,0.0,22000,1,0.00459,ok
ucr,014_UCR_Anomaly_DISTORTEDECG3_8000_17000_17100,DISTORTEDECG3,,ae,default,,0.09687,0.09116,0.68669,0.228,3.84,,30.7,22000,1,0.00459,ok
ucr,014_UCR_Anomaly_DISTORTEDECG3_8000_17000_17100,DISTORTEDECG3,,ae,tuned,"{'w': 50, 'hidden': 64, 'latent': 8}",0.53684,0.27963,0.99876,0.56461,7.76,17.42,0.0,22000,1,0.00459,ok
ucr,016_UCR_Anomaly_DISTORTEDECG4_5000_16900_17100,DISTORTEDECG4,,iforest,default,,0.00661,0.01107,0.83936,0.00127,2.39,,17.0,25000,1,0.00804,ok
ucr,016_UCR_Anomaly_DISTORTEDECG4_5000_16900_17100,DISTORTEDECG4,,iforest,tuned,"{'w': 100, 'n_estimators': 200}",0.00661,0.01107,0.83936,0.00127,3.54,6.3,0.0,25000,1,0.00804,ok
ucr,016_UCR_Anomaly_DISTORTEDECG4_5000_16900_17100,DISTORTEDECG4,,lof,default,,0.98827,0.82621,0.99932,0.9652,0.63,,17.0,25000,1,0.00804,ok
ucr,016_UCR_Anomaly_DISTORTEDECG4_5000_16900_17100,DISTORTEDECG4,,lof,tuned,"{'w': 50, 'k': 30}",0.85022,0.62631,0.99809,0.94006,1.9,1.68,0.0,25000,1,0.00804,ok
ucr,016_UCR_Anomaly_DISTORTEDECG4_5000_16900_17100,DISTORTEDECG4,,knn,default,,0.93376,0.81148,0.99908,0.94282,0.45,,17.0,25000,1,0.00804,ok
ucr,016_UCR_Anomaly_DISTORTEDECG4_5000_16900_17100,DISTORTEDECG4,,knn,tuned,"{'w': 100, 'k': 3}",0.94084,0.81789,0.99913,0.94668,1.37,1.32,0.0,25000,1,0.00804,ok
ucr,016_UCR_Anomaly_DISTORTEDECG4_5000_16900_17100,DISTORTEDECG4,,ae,default,,0.86951,0.74692,0.99875,0.89516,3.0,,31.7,25000,1,0.00804,ok
ucr,016_UCR_Anomaly_DISTORTEDECG4_5000_16900_17100,DISTORTEDECG4,,ae,tuned,"{'w': 50, 'hidden': 64, 'latent': 8}",0.50722,0.40318,0.99811,0.59545,5.54,11.49,0.0,25000,1,0.00804,ok
ucr,018_UCR_Anomaly_DISTORTEDECG4_8000_17000_17100,DISTORTEDECG4,,iforest,default,,0.00233,0.005,0.74149,0.0,2.37,,17.0,22000,1,0.00459,ok
ucr,018_UCR_Anomaly_DISTORTEDECG4_8000_17000_17100,DISTORTEDECG4,,iforest,tuned,"{'w': 100, 'n_estimators': 200}",0.00233,0.005,0.74149,0.0,2.93,6.52,0.0,22000,1,0.00459,ok
ucr,018_UCR_Anomaly_DISTORTEDECG4_8000_17000_17100,DISTORTEDECG4,,lof,default,,0.90412,0.73193,0.99879,0.88679,0.65,,17.0,22000,1,0.00459,ok
ucr,018_UCR_Anomaly_DISTORTEDECG4_8000_17000_17100,DISTORTEDECG4,,lof,tuned,"{'w': 200, 'k': 10}",0.9479,0.81288,0.99884,0.90455,1.21,2.37,0.0,22000,1,0.00459,ok
ucr,018_UCR_Anomaly_DISTORTEDECG4_8000_17000_17100,DISTORTEDECG4,,knn,default,,0.75627,0.46834,0.99879,0.70047,0.47,,17.0,22000,1,0.00459,ok
ucr,018_UCR_Anomaly_DISTORTEDECG4_8000_17000_17100,DISTORTEDECG4,,knn,tuned,"{'w': 50, 'k': 3}",0.56594,0.26089,0.99873,0.56461,1.7,1.57,0.0,22000,1,0.00459,ok
ucr,018_UCR_Anomaly_DISTORTEDECG4_8000_17000_17100,DISTORTEDECG4,,ae,default,,0.00854,0.00916,0.72719,0.01853,4.03,,30.7,22000,1,0.00459,ok
ucr,018_UCR_Anomaly_DISTORTEDECG4_8000_17000_17100,DISTORTEDECG4,,ae,tuned,"{'w': 50, 'hidden': 64, 'latent': 8}",0.50488,0.23518,0.99868,0.5448,8.5,18.79,0.0,22000,1,0.00459,ok
ucr,020_UCR_Anomaly_DISTORTEDGP711MarkerLFM5z2_5000_7175_7388,DISTORTEDGP711MarkerLFM5z2,,iforest,default,,0.21591,0.19946,0.98906,0.41681,1.52,,17.0,7000,1,0.03057,ok
ucr,020_UCR_Anomaly_DISTORTEDGP711MarkerLFM5z2_5000_7175_7388,DISTORTEDGP711MarkerLFM5z2,,iforest,tuned,"{'w': 50, 'n_estimators': 200}",0.0381,0.04888,0.66899,0.05094,1.81,6.56,0.0,7000,1,0.03057,ok
ucr,020_UCR_Anomaly_DISTORTEDGP711MarkerLFM5z2_5000_7175_7388,DISTORTEDGP711MarkerLFM5z2,,lof,default,,0.94169,0.88992,0.99812,0.96685,0.26,,17.0,7000,1,0.03057,ok
ucr,020_UCR_Anomaly_DISTORTEDGP711MarkerLFM5z2_5000_7175_7388,DISTORTEDGP711MarkerLFM5z2,,lof,tuned,"{'w': 50, 'k': 30}",0.53616,0.44749,0.99241,0.70232,0.7,1.69,0.0,7000,1,0.03057,ok
ucr,020_UCR_Anomaly_DISTORTEDGP711MarkerLFM5z2_5000_7175_7388,DISTORTEDGP711MarkerLFM5z2,,knn,default,,0.75188,0.67747,0.99596,0.87891,0.14,,17.0,7000,1,0.03057,ok
ucr,020_UCR_Anomaly_DISTORTEDGP711MarkerLFM5z2_5000_7175_7388,DISTORTEDGP711MarkerLFM5z2,,knn,tuned,"{'w': 50, 'k': 3}",0.47099,0.37424,0.99241,0.63525,0.72,1.36,0.0,7000,1,0.03057,ok
ucr,020_UCR_Anomaly_DISTORTEDGP711MarkerLFM5z2_5000_7175_7388,DISTORTEDGP711MarkerLFM5z2,,ae,default,,0.6271,0.64083,0.99221,0.83348,2.06,,24.5,7000,1,0.03057,ok
ucr,020_UCR_Anomaly_DISTORTEDGP711MarkerLFM5z2_5000_7175_7388,DISTORTEDGP711MarkerLFM5z2,,ae,tuned,"{'w': 100, 'hidden': 64, 'latent': 8}",0.726,0.69044,0.9931,0.90559,2.43,11.6,0.0,7000,1,0.03057,ok
ucr,022_UCR_Anomaly_DISTORTEDGP711MarkerLFM5z4_4000_6527_6645,DISTORTEDGP711MarkerLFM5z4,,iforest,default,,0.52704,0.35118,0.99619,0.68553,1.52,,17.0,8000,1,0.01487,ok
ucr,022_UCR_Anomaly_DISTORTEDGP711MarkerLFM5z4_4000_6527_6645,DISTORTEDGP711MarkerLFM5z4,,iforest,tuned,"{'w': 50, 'n_estimators': 100}",0.10811,0.08607,0.70886,0.23471,1.21,6.33,0.0,8000,1,0.01487,ok
ucr,022_UCR_Anomaly_DISTORTEDGP711MarkerLFM5z4_4000_6527_6645,DISTORTEDGP711MarkerLFM5z4,,lof,default,,0.96631,0.92352,0.99898,0.97815,0.27,,17.0,8000,1,0.01487,ok
ucr,022_UCR_Anomaly_DISTORTEDGP711MarkerLFM5z4_4000_6527_6645,DISTORTEDGP711MarkerLFM5z4,,lof,tuned,"{'w': 50, 'k': 30}",0.41178,0.41117,0.93731,0.62936,0.7,1.82,0.0,8000,1,0.01487,ok
ucr,022_UCR_Anomaly_DISTORTEDGP711MarkerLFM5z4_4000_6527_6645,DISTORTEDGP711MarkerLFM5z4,,knn,default,,0.99868,0.8976,0.99941,0.99286,0.17,,17.0,8000,1,0.01487,ok
ucr,022_UCR_Anomaly_DISTORTEDGP711MarkerLFM5z4_4000_6527_6645,DISTORTEDGP711MarkerLFM5z4,,knn,tuned,"{'w': 100, 'k': 5}",0.99868,0.8976,0.99941,0.99286,0.6,1.46,0.0,8000,1,0.01487,ok
ucr,022_UCR_Anomaly_DISTORTEDGP711MarkerLFM5z4_4000_6527_6645,DISTORTEDGP711MarkerLFM5z4,,ae,default,,0.99622,0.91963,0.99934,0.99074,2.35,,25.5,8000,1,0.01487,ok
ucr,022_UCR_Anomaly_DISTORTEDGP711MarkerLFM5z4_4000_6527_6645,DISTORTEDGP711MarkerLFM5z4,,ae,tuned,"{'w': 100, 'hidden': 32, 'latent': 16}",0.99933,0.89006,0.99941,0.9918,2.33,10.71,0.0,8000,1,0.01487,ok
ucr,024_UCR_Anomaly_DISTORTEDInternalBleeding10_3200_4526_4556,DISTORTEDInternalBleeding10,,iforest,default,,0.00867,0.01306,0.65987,0.0,1.31,,17.0,4301,1,0.00721,ok
ucr,024_UCR_Anomaly_DISTORTEDInternalBleeding10_3200_4526_4556,DISTORTEDInternalBleeding10,,iforest,tuned,"{'w': 50, 'n_estimators': 200}",0.00569,0.00841,0.67449,0.0,1.58,6.18,0.0,4301,1,0.00721,ok
ucr,024_UCR_Anomaly_DISTORTEDInternalBleeding10_3200_4526_4556,DISTORTEDInternalBleeding10,,lof,default,,0.01951,0.02884,0.64492,0.06002,0.17,,17.0,4301,1,0.00721,ok
ucr,024_UCR_Anomaly_DISTORTEDInternalBleeding10_3200_4526_4556,DISTORTEDInternalBleeding10,,lof,tuned,"{'w': 50, 'k': 30}",0.05996,0.08822,0.75024,0.1676,0.45,1.55,0.0,4301,1,0.00721,ok
ucr,024_UCR_Anomaly_DISTORTEDInternalBleeding10_3200_4526_4556,DISTORTEDInternalBleeding10,,knn,default,,0.16092,0.23339,0.75514,0.37681,0.09,,17.0,4301,1,0.00721,ok
ucr,024_UCR_Anomaly_DISTORTEDInternalBleeding10_3200_4526_4556,DISTORTEDInternalBleeding10,,knn,tuned,"{'w': 50, 'k': 3}",0.18675,0.23338,0.74711,0.37074,0.38,1.25,0.0,4301,1,0.00721,ok
ucr,024_UCR_Anomaly_DISTORTEDInternalBleeding10_3200_4526_4556,DISTORTEDInternalBleeding10,,ae,default,,0.01881,0.02664,0.65979,0.04964,1.41,,23.8,4301,1,0.00721,ok
ucr,024_UCR_Anomaly_DISTORTEDInternalBleeding10_3200_4526_4556,DISTORTEDInternalBleeding10,,ae,tuned,"{'w': 50, 'hidden': 32, 'latent': 16}",0.02558,0.03408,0.70442,0.06151,3.13,8.28,0.0,4301,1,0.00721,ok
ucr,026_UCR_Anomaly_DISTORTEDInternalBleeding15_1700_5684_5854,DISTORTEDInternalBleeding15,,iforest,default,,0.10702,0.09271,0.86701,0.22534,1.41,,17.0,5901,1,0.02898,ok
ucr,026_UCR_Anomaly_DISTORTEDInternalBleeding15_1700_5684_5854,DISTORTEDInternalBleeding15,,lof,default,,0.27469,0.22009,0.9713,0.4762,0.17,,17.0,5901,1,0.02898,ok
ucr,026_UCR_Anomaly_DISTORTEDInternalBleeding15_1700_5684_5854,DISTORTEDInternalBleeding15,,knn,default,,0.9675,0.75339,0.99858,0.99834,0.11,,17.0,5901,1,0.02898,ok
ucr,026_UCR_Anomaly_DISTORTEDInternalBleeding15_1700_5684_5854,DISTORTEDInternalBleeding15,,ae,default,,0.05193,0.0515,0.87045,0.10602,1.06,,23.8,5901,1,0.02898,ok
ucr,028_UCR_Anomaly_DISTORTEDInternalBleeding17_1600_3198_3309,DISTORTEDInternalBleeding17,,iforest,default,,0.02551,0.02917,0.76421,0.02494,1.4,,17.0,5900,1,0.01898,ok
ucr,028_UCR_Anomaly_DISTORTEDInternalBleeding17_1600_3198_3309,DISTORTEDInternalBleeding17,,lof,default,,0.01735,0.0238,0.76626,0.0,0.16,,17.0,5900,1,0.01898,ok
ucr,028_UCR_Anomaly_DISTORTEDInternalBleeding17_1600_3198_3309,DISTORTEDInternalBleeding17,,knn,default,,0.56446,0.39344,0.99547,0.74638,0.11,,17.0,5900,1,0.01898,ok
ucr,028_UCR_Anomaly_DISTORTEDInternalBleeding17_1600_3198_3309,DISTORTEDInternalBleeding17,,ae,default,,0.15858,0.14238,0.88713,0.36502,1.06,,23.7,5900,1,0.01898,ok
ucr,030_UCR_Anomaly_DISTORTEDInternalBleeding19_3000_4187_4197,DISTORTEDInternalBleeding19,,iforest,default,,0.01034,0.01451,0.67633,0.03274,1.37,,17.0,4500,1,0.00244,ok
ucr,030_UCR_Anomaly_DISTORTEDInternalBleeding19_3000_4187_4197,DISTORTEDInternalBleeding19,,iforest,tuned,"{'w': 50, 'n_estimators': 200}",0.00852,0.0112,0.68345,0.02156,1.58,6.09,0.0,4500,1,0.00244,ok
ucr,030_UCR_Anomaly_DISTORTEDInternalBleeding19_3000_4187_4197,DISTORTEDInternalBleeding19,,lof,default,,0.04619,0.06212,0.65118,0.12717,0.16,,17.0,4500,1,0.00244,ok
ucr,030_UCR_Anomaly_DISTORTEDInternalBleeding19_3000_4187_4197,DISTORTEDInternalBleeding19,,lof,tuned,"{'w': 50, 'k': 30}",0.97775,0.69253,0.99966,0.80556,0.55,1.55,0.0,4500,1,0.00244,ok
ucr,030_UCR_Anomaly_DISTORTEDInternalBleeding19_3000_4187_4197,DISTORTEDInternalBleeding19,,knn,default,,0.68182,0.59562,0.99902,0.72587,0.09,,17.0,4500,1,0.00244,ok
ucr,030_UCR_Anomaly_DISTORTEDInternalBleeding19_3000_4187_4197,DISTORTEDInternalBleeding19,,knn,tuned,"{'w': 200, 'k': 1}",0.20702,0.21533,0.85828,0.31579,0.35,1.2,0.0,4500,1,0.00244,ok
ucr,030_UCR_Anomaly_DISTORTEDInternalBleeding19_3000_4187_4197,DISTORTEDInternalBleeding19,,ae,default,,0.06712,0.09741,0.71386,0.17323,1.36,,23.8,4500,1,0.00244,ok
ucr,030_UCR_Anomaly_DISTORTEDInternalBleeding19_3000_4187_4197,DISTORTEDInternalBleeding19,,ae,tuned,"{'w': 100, 'hidden': 32, 'latent': 16}",0.03208,0.04709,0.65722,0.08365,1.67,8.05,0.0,4500,1,0.00244,ok
ucr,032_UCR_Anomaly_DISTORTEDInternalBleeding4_1000_4675_5033,DISTORTEDInternalBleeding4,,iforest,default,,0.61606,0.5355,0.99235,0.72651,1.32,,17.0,6321,1,0.05679,ok
ucr,032_UCR_Anomaly_DISTORTEDInternalBleeding4_1000_4675_5033,DISTORTEDInternalBleeding4,,lof,default,,0.63722,0.56863,0.99276,0.75,0.14,,17.0,6321,1,0.05679,ok
ucr,032_UCR_Anomaly_DISTORTEDInternalBleeding4_1000_4675_5033,DISTORTEDInternalBleeding4,,knn,default,,0.67853,0.62588,0.99246,0.74807,0.11,,17.0,6321,1,0.05679,ok
ucr,032_UCR_Anomaly_DISTORTEDInternalBleeding4_1000_4675_5033,DISTORTEDInternalBleeding4,,ae,default,,0.70543,0.63665,0.99325,0.75,0.77,,23.9,6321,1,0.05679,ok
ucr,034_UCR_Anomaly_DISTORTEDInternalBleeding6_1500_3474_3629,DISTORTEDInternalBleeding6,,iforest,default,,0.77336,0.56325,0.99709,0.87475,1.38,,17.0,6154,1,0.02535,ok
ucr,034_UCR_Anomaly_DISTORTEDInternalBleeding6_1500_3474_3629,DISTORTEDInternalBleeding6,,lof,default,,0.87015,0.70637,0.9992,0.99803,0.18,,17.0,6154,1,0.02535,ok
ucr,034_UCR_Anomaly_DISTORTEDInternalBleeding6_1500_3474_3629,DISTORTEDInternalBleeding6,,knn,default,,0.9652,0.87082,0.99936,1.0,0.11,,17.0,6154,1,0.02535,ok
ucr,034_UCR_Anomaly_DISTORTEDInternalBleeding6_1500_3474_3629,DISTORTEDInternalBleeding6,,ae,default,,0.89492,0.70207,0.99933,1.0,1.07,,23.8,6154,1,0.02535,ok
ucr,036_UCR_Anomaly_DISTORTEDInternalBleeding9_4200_6599_6681,DISTORTEDInternalBleeding9,,iforest,default,,0.01329,0.02149,0.691,0.0,1.26,,17.0,3301,1,0.02514,ok
ucr,036_UCR_Anomaly_DISTORTEDInternalBleeding9_4200_6599_6681,DISTORTEDInternalBleeding9,,iforest,tuned,"{'w': 50, 'n_estimators': 100}",0.01405,0.02399,0.66284,0.0,0.89,6.38,0.0,3301,1,0.02514,ok
ucr,036_UCR_Anomaly_DISTORTEDInternalBleeding9_4200_6599_6681,DISTORTEDInternalBleeding9,,lof,default,,0.01438,0.02199,0.7156,0.0,0.17,,17.0,3301,1,0.02514,ok
ucr,036_UCR_Anomaly_DISTORTEDInternalBleeding9_4200_6599_6681,DISTORTEDInternalBleeding9,,lof,tuned,"{'w': 50, 'k': 30}",0.01465,0.02261,0.6911,0.0,0.4,2.48,0.0,3301,1,0.02514,ok
ucr,036_UCR_Anomaly_DISTORTEDInternalBleeding9_4200_6599_6681,DISTORTEDInternalBleeding9,,knn,default,,0.01468,0.02593,0.80641,0.0,0.06,,17.0,3301,1,0.02514,ok
ucr,036_UCR_Anomaly_DISTORTEDInternalBleeding9_4200_6599_6681,DISTORTEDInternalBleeding9,,knn,tuned,"{'w': 50, 'k': 5}",0.01616,0.03064,0.72495,0.00634,0.35,1.39,0.0,3301,1,0.02514,ok
ucr,036_UCR_Anomaly_DISTORTEDInternalBleeding9_4200_6599_6681,DISTORTEDInternalBleeding9,,ae,default,,0.01315,0.02108,0.63482,0.0,2.06,,22.3,3301,1,0.02514,ok
ucr,036_UCR_Anomaly_DISTORTEDInternalBleeding9_4200_6599_6681,DISTORTEDInternalBleeding9,,ae,tuned,"{'w': 200, 'hidden': 32, 'latent': 16}",0.01323,0.02082,0.63458,0.0,1.35,11.41,0.0,3301,1,0.02514,ok
ucr,038_UCR_Anomaly_DISTORTEDLab2Cmac011215EPG2_5000_27862_27932,DISTORTEDLab2Cmac011215EPG2,,iforest,default,,0.00468,0.00835,0.71795,0.00857,2.67,,17.0,24950,1,0.00285,ok
ucr,038_UCR_Anomaly_DISTORTEDLab2Cmac011215EPG2_5000_27862_27932,DISTORTEDLab2Cmac011215EPG2,,iforest,tuned,"{'w': 50, 'n_estimators': 200}",0.00906,0.01634,0.70955,0.0239,3.26,6.83,0.0,24950,1,0.00285,ok
ucr,038_UCR_Anomaly_DISTORTEDLab2Cmac011215EPG2_5000_27862_27932,DISTORTEDLab2Cmac011215EPG2,,lof,default,,0.00596,0.00708,0.73133,0.01634,0.7,,17.0,24950,1,0.00285,ok
ucr,038_UCR_Anomaly_DISTORTEDLab2Cmac011215EPG2_5000_27862_27932,DISTORTEDLab2Cmac011215EPG2,,lof,tuned,"{'w': 50, 'k': 30}",0.09204,0.07778,0.84747,0.19899,2.01,1.7,0.0,24950,1,0.00285,ok
ucr,038_UCR_Anomaly_DISTORTEDLab2Cmac011215EPG2_5000_27862_27932,DISTORTEDLab2Cmac011215EPG2,,knn,default,,0.01515,0.01788,0.84561,0.04164,0.53,,17.0,24950,1,0.00285,ok
ucr,038_UCR_Anomaly_DISTORTEDLab2Cmac011215EPG2_5000_27862_27932,DISTORTEDLab2Cmac011215EPG2,,knn,tuned,"{'w': 50, 'k': 5}",0.16861,0.15296,0.84747,0.34162,1.69,2.09,0.0,24950,1,0.00285,ok
ucr,038_UCR_Anomaly_DISTORTEDLab2Cmac011215EPG2_5000_27862_27932,DISTORTEDLab2Cmac011215EPG2,,ae,default,,0.00502,0.00612,0.69626,0.01052,3.16,,31.7,24950,1,0.00285,ok
ucr,038_UCR_Anomaly_DISTORTEDLab2Cmac011215EPG2_5000_27862_27932,DISTORTEDLab2Cmac011215EPG2,,ae,tuned,"{'w': 50, 'hidden': 32, 'latent': 16}",0.03423,0.03243,0.74052,0.10387,5.73,11.52,0.0,24950,1,0.00285,ok
ucr,040_UCR_Anomaly_DISTORTEDLab2Cmac011215EPG4_6000_17390_17520,DISTORTEDLab2Cmac011215EPG4,,iforest,default,,0.00467,0.00688,0.82654,0.00445,2.62,,17.0,24066,1,0.00544,ok
ucr,040_UCR_Anomaly_DISTORTEDLab2Cmac011215EPG4_6000_17390_17520,DISTORTEDLab2Cmac011215EPG4,,iforest,tuned,"{'w': 50, 'n_estimators': 200}",0.00473,0.00664,0.81576,0.00509,3.26,7.12,0.0,24066,1,0.00544,ok
ucr,040_UCR_Anomaly_DISTORTEDLab2Cmac011215EPG4_6000_17390_17520,DISTORTEDLab2Cmac011215EPG4,,lof,default,,0.01844,0.02468,0.78508,0.05244,0.73,,17.0,24066,1,0.00544,ok
ucr,040_UCR_Anomaly_DISTORTEDLab2Cmac011215EPG4_6000_17390_17520,DISTORTEDLab2Cmac011215EPG4,,lof,tuned,"{'w': 50, 'k': 30}",0.18007,0.24251,0.82832,0.4029,2.03,1.99,0.0,24066,1,0.00544,ok
ucr,040_UCR_Anomaly_DISTORTEDLab2Cmac011215EPG4_6000_17390_17520,DISTORTEDLab2Cmac011215EPG4,,knn,default,,0.09598,0.13474,0.788,0.23512,0.49,,17.0,24066,1,0.00544,ok
ucr,040_UCR_Anomaly_DISTORTEDLab2Cmac011215EPG4_6000_17390_17520,DISTORTEDLab2Cmac011215EPG4,,knn,tuned,"{'w': 50, 'k': 3}",0.21748,0.28007,0.84494,0.45175,1.74,1.47,0.0,24066,1,0.00544,ok
ucr,040_UCR_Anomaly_DISTORTEDLab2Cmac011215EPG4_6000_17390_17520,DISTORTEDLab2Cmac011215EPG4,,ae,default,,0.00978,0.01303,0.78017,0.02222,3.29,,31.4,24066,1,0.00544,ok
ucr,040_UCR_Anomaly_DISTORTEDLab2Cmac011215EPG4_6000_17390_17520,DISTORTEDLab2Cmac011215EPG4,,ae,tuned,"{'w': 50, 'hidden': 32, 'latent': 16}",0.02764,0.03285,0.79158,0.07252,6.61,14.17,0.0,24066,1,0.00544,ok
ucr,042_UCR_Anomaly_DISTORTEDLab2Cmac011215EPG6_7000_12190_12420,DISTORTEDLab2Cmac011215EPG6,,iforest,default,,0.00509,0.00925,0.61546,0.0,2.53,,17.0,22859,1,0.01011,ok
ucr,042_UCR_Anomaly_DISTORTEDLab2Cmac011215EPG6_7000_12190_12420,DISTORTEDLab2Cmac011215EPG6,,iforest,tuned,"{'w': 50, 'n_estimators': 100}",0.0051,0.00861,0.62824,0.0,2.13,6.96,0.0,22859,1,0.01011,ok
ucr,042_UCR_Anomaly_DISTORTEDLab2Cmac011215EPG6_7000_12190_12420,DISTORTEDLab2Cmac011215EPG6,,lof,default,,0.00904,0.01173,0.67686,0.0,0.71,,17.0,22859,1,0.01011,ok
ucr,042_UCR_Anomaly_DISTORTEDLab2Cmac011215EPG6_7000_12190_12420,DISTORTEDLab2Cmac011215EPG6,,lof,tuned,"{'w': 50, 'k': 30}",0.39836,0.32467,0.80042,0.66506,1.93,2.13,0.0,22859,1,0.01011,ok
ucr,042_UCR_Anomaly_DISTORTEDLab2Cmac011215EPG6_7000_12190_12420,DISTORTEDLab2Cmac011215EPG6,,knn,default,,0.04375,0.04169,0.71477,0.1122,0.49,,17.0,22859,1,0.01011,ok
ucr,042_UCR_Anomaly_DISTORTEDLab2Cmac011215EPG6_7000_12190_12420,DISTORTEDLab2Cmac011215EPG6,,knn,tuned,"{'w': 50, 'k': 3}",0.49649,0.41869,0.81794,0.76329,1.7,1.6,0.0,22859,1,0.01011,ok
ucr,042_UCR_Anomaly_DISTORTEDLab2Cmac011215EPG6_7000_12190_12420,DISTORTEDLab2Cmac011215EPG6,,ae,default,,0.0052,0.00787,0.67119,0.0,3.6,,31.0,22859,1,0.01011,ok
ucr,042_UCR_Anomaly_DISTORTEDLab2Cmac011215EPG6_7000_12190_12420,DISTORTEDLab2Cmac011215EPG6,,ae,tuned,"{'w': 50, 'hidden': 32, 'latent': 16}",0.00515,0.00794,0.68715,0.0,7.15,15.68,0.0,22859,1,0.01011,ok
ucr,044_UCR_Anomaly_DISTORTEDPowerDemand1_9000_18485_18821,DISTORTEDPowerDemand1,,iforest,default,,0.00829,0.01312,0.67582,0.0,2.23,,17.0,20931,1,0.0161,ok
ucr,044_UCR_Anomaly_DISTORTEDPowerDemand1_9000_18485_18821,DISTORTEDPowerDemand1,,iforest,tuned,"{'w': 100, 'n_estimators': 100}",0.00829,0.01325,0.69726,0.0,2.44,7.25,0.0,20931,1,0.0161,ok
ucr,044_UCR_Anomaly_DISTORTEDPowerDemand1_9000_18485_18821,DISTORTEDPowerDemand1,,lof,default,,0.98376,0.83241,0.99879,0.99574,0.67,,17.0,20931,1,0.0161,ok
ucr,044_UCR_Anomaly_DISTORTEDPowerDemand1_9000_18485_18821,DISTORTEDPowerDemand1,,lof,tuned,"{'w': 50, 'k': 50}",0.95511,0.76129,0.99958,0.98968,2.15,2.61,0.0,20931,1,0.0161,ok
ucr,044_UCR_Anomaly_DISTORTEDPowerDemand1_9000_18485_18821,DISTORTEDPowerDemand1,,knn,default,,0.99827,0.85161,0.99889,0.99962,0.48,,17.0,20931,1,0.0161,ok
ucr,044_UCR_Anomaly_DISTORTEDPowerDemand1_9000_18485_18821,DISTORTEDPowerDemand1,,knn,tuned,"{'w': 50, 'k': 3}",0.99064,0.82155,0.99959,0.99455,1.73,1.83,0.0,20931,1,0.0161,ok
ucr,044_UCR_Anomaly_DISTORTEDPowerDemand1_9000_18485_18821,DISTORTEDPowerDemand1,,ae,default,,0.02818,0.06864,0.89449,0.08637,4.03,,30.7,20931,1,0.0161,ok
ucr,044_UCR_Anomaly_DISTORTEDPowerDemand1_9000_18485_18821,DISTORTEDPowerDemand1,,ae,tuned,"{'w': 100, 'hidden': 32, 'latent': 8}",0.05357,0.08181,0.94793,0.11989,4.72,19.41,0.0,20931,1,0.0161,ok
ucr,046_UCR_Anomaly_DISTORTEDPowerDemand3_16000_23405_23477,DISTORTEDPowerDemand3,,iforest,default,,0.00315,0.00504,0.82058,0.0,1.84,,17.0,13931,1,0.00524,ok
ucr,046_UCR_Anomaly_DISTORTEDPowerDemand3_16000_23405_23477,DISTORTEDPowerDemand3,,iforest,tuned,"{'w': 100, 'n_estimators': 100}",0.00301,0.00478,0.81848,0.0,1.7,8.91,0.0,13931,1,0.00524,ok
ucr,046_UCR_Anomaly_DISTORTEDPowerDemand3_16000_23405_23477,DISTORTEDPowerDemand3,,lof,default,,0.01734,0.01945,0.62621,0.04465,0.71,,17.0,13931,1,0.00524,ok
ucr,046_UCR_Anomaly_DISTORTEDPowerDemand3_16000_23405_23477,DISTORTEDPowerDemand3,,lof,tuned,"{'w': 50, 'k': 50}",0.17722,0.21323,0.7542,0.36723,2.04,4.18,0.0,13931,1,0.00524,ok
ucr,046_UCR_Anomaly_DISTORTEDPowerDemand3_16000_23405_23477,DISTORTEDPowerDemand3,,knn,default,,0.05943,0.07373,0.68207,0.15345,0.42,,17.0,13931,1,0.00524,ok
ucr,046_UCR_Anomaly_DISTORTEDPowerDemand3_16000_23405_23477,DISTORTEDPowerDemand3,,knn,tuned,"{'w': 100, 'k': 5}",0.05943,0.07373,0.68207,0.15345,0.92,2.76,0.0,13931,1,0.00524,ok
ucr,046_UCR_Anomaly_DISTORTEDPowerDemand3_16000_23405_23477,DISTORTEDPowerDemand3,,ae,default,,0.11616,0.14751,0.70248,0.26015,6.1,,29.1,13931,1,0.00524,ok
ucr,046_UCR_Anomaly_DISTORTEDPowerDemand3_16000_23405_23477,DISTORTEDPowerDemand3,,ae,tuned,"{'w': 100, 'hidden': 32, 'latent': 8}",0.06658,0.08411,0.69782,0.1701,6.6,33.69,0.0,13931,1,0.00524,ok
ucr,048_UCR_Anomaly_DISTORTEDTkeepFifthMARS_3500_5988_6085,DISTORTEDTkeepFifthMARS,,iforest,default,,0.00642,0.01023,0.61898,0.0,1.49,,17.0,7834,1,0.01251,ok
ucr,048_UCR_Anomaly_DISTORTEDTkeepFifthMARS_3500_5988_6085,DISTORTEDTkeepFifthMARS,,iforest,tuned,"{'w': 50, 'n_estimators': 200}",0.00709,0.0125,0.65245,0.0,1.77,5.88,0.0,7834,1,0.01251,ok
ucr,048_UCR_Anomaly_DISTORTEDTkeepFifthMARS_3500_5988_6085,DISTORTEDTkeepFifthMARS,,lof,default,,0.99402,0.75195,0.99972,1.0,0.25,,17.0,7834,1,0.01251,ok
ucr,048_UCR_Anomaly_DISTORTEDTkeepFifthMARS_3500_5988_6085,DISTORTEDTkeepFifthMARS,,lof,tuned,"{'w': 100, 'k': 30}",0.94911,0.69844,0.99967,1.0,0.58,1.62,0.0,7834,1,0.01251,ok
ucr,048_UCR_Anomaly_DISTORTEDTkeepFifthMARS_3500_5988_6085,DISTORTEDTkeepFifthMARS,,knn,default,,0.86186,0.69556,0.9985,0.93313,0.15,,17.0,7834,1,0.01251,ok
ucr,048_UCR_Anomaly_DISTORTEDTkeepFifthMARS_3500_5988_6085,DISTORTEDTkeepFifthMARS,,knn,tuned,"{'w': 100, 'k': 3}",0.88602,0.72769,0.9985,0.93864,0.48,1.25,0.0,7834,1,0.01251,ok
ucr,048_UCR_Anomaly_DISTORTEDTkeepFifthMARS_3500_5988_6085,DISTORTEDTkeepFifthMARS,,ae,default,,0.14753,0.1229,0.68418,0.3438,1.58,,25.5,7834,1,0.01251,ok
ucr,048_UCR_Anomaly_DISTORTEDTkeepFifthMARS_3500_5988_6085,DISTORTEDTkeepFifthMARS,,ae,tuned,"{'w': 50, 'hidden': 32, 'latent': 16}",0.00732,0.01731,0.67886,0.00256,3.62,8.15,0.0,7834,1,0.01251,ok
ucr,050_UCR_Anomaly_DISTORTEDTkeepForthMARS_3500_5988_6085,DISTORTEDTkeepForthMARS,,iforest,default,,0.00979,0.0135,0.57064,0.0,1.46,,17.0,7808,1,0.01255,ok
ucr,050_UCR_Anomaly_DISTORTEDTkeepForthMARS_3500_5988_6085,DISTORTEDTkeepForthMARS,,iforest,tuned,"{'w': 100, 'n_estimators': 200}",0.00979,0.0135,0.57064,0.0,1.78,5.95,0.0,7808,1,0.01255,ok
ucr,050_UCR_Anomaly_DISTORTEDTkeepForthMARS_3500_5988_6085,DISTORTEDTkeepForthMARS,,lof,default,,0.01128,0.0162,0.63743,0.0,0.24,,17.0,7808,1,0.01255,ok
ucr,050_UCR_Anomaly_DISTORTEDTkeepForthMARS_3500_5988_6085,DISTORTEDTkeepForthMARS,,lof,tuned,"{'w': 100, 'k': 50}",0.01128,0.0162,0.63743,0.0,0.6,1.61,0.0,7808,1,0.01255,ok
ucr,050_UCR_Anomaly_DISTORTEDTkeepForthMARS_3500_5988_6085,DISTORTEDTkeepForthMARS,,knn,default,,0.01715,0.02062,0.62159,0.00214,0.15,,17.0,7808,1,0.01255,ok
ucr,050_UCR_Anomaly_DISTORTEDTkeepForthMARS_3500_5988_6085,DISTORTEDTkeepForthMARS,,knn,tuned,"{'w': 50, 'k': 5}",0.02085,0.02568,0.68098,0.03949,0.61,1.23,0.0,7808,1,0.01255,ok
ucr,050_UCR_Anomaly_DISTORTEDTkeepForthMARS_3500_5988_6085,DISTORTEDTkeepForthMARS,,ae,default,,0.00931,0.01419,0.59404,0.0,1.68,,25.5,7808,1,0.01255,ok
ucr,050_UCR_Anomaly_DISTORTEDTkeepForthMARS_3500_5988_6085,DISTORTEDTkeepForthMARS,,ae,tuned,"{'w': 100, 'hidden': 32, 'latent': 8}",0.01063,0.01713,0.66776,0.0,1.98,8.15,0.0,7808,1,0.01255,ok
ucr,052_UCR_Anomaly_DISTORTEDTkeepThirdMARS_3500_4711_4809,DISTORTEDTkeepThirdMARS,,iforest,default,,0.01972,0.03605,0.67129,0.02463,1.49,,17.0,7808,1,0.01268,ok
ucr,052_UCR_Anomaly_DISTORTEDTkeepThirdMARS_3500_4711_4809,DISTORTEDTkeepThirdMARS,,iforest,tuned,"{'w': 100, 'n_estimators': 200}",0.01972,0.03605,0.67129,0.02463,1.8,6.58,0.0,7808,1,0.01268,ok
ucr,052_UCR_Anomaly_DISTORTEDTkeepThirdMARS_3500_4711_4809,DISTORTEDTkeepThirdMARS,,lof,default,,0.55224,0.74514,0.99601,0.7393,0.24,,17.0,7808,1,0.01268,ok
ucr,052_UCR_Anomaly_DISTORTEDTkeepThirdMARS_3500_4711_4809,DISTORTEDTkeepThirdMARS,,lof,tuned,"{'w': 100, 'k': 50}",0.55224,0.74514,0.99601,0.7393,0.58,1.55,0.0,7808,1,0.01268,ok
ucr,052_UCR_Anomaly_DISTORTEDTkeepThirdMARS_3500_4711_4809,DISTORTEDTkeepThirdMARS,,knn,default,,0.73745,0.85226,0.99724,0.87562,0.15,,17.0,7808,1,0.01268,ok
ucr,052_UCR_Anomaly_DISTORTEDTkeepThirdMARS_3500_4711_4809,DISTORTEDTkeepThirdMARS,,knn,tuned,"{'w': 100, 'k': 5}",0.73745,0.85226,0.99724,0.87562,0.5,1.22,0.0,7808,1,0.01268,ok
ucr,052_UCR_Anomaly_DISTORTEDTkeepThirdMARS_3500_4711_4809,DISTORTEDTkeepThirdMARS,,ae,default,,0.11507,0.16751,0.7856,0.22974,1.6,,25.5,7808,1,0.01268,ok
ucr,052_UCR_Anomaly_DISTORTEDTkeepThirdMARS_3500_4711_4809,DISTORTEDTkeepThirdMARS,,ae,tuned,"{'w': 100, 'hidden': 32, 'latent': 8}",0.01862,0.03703,0.69352,0.02112,1.93,7.93,0.0,7808,1,0.01268,ok
ucr,054_UCR_Anomaly_DISTORTEDWalkingAceleration5_2700_5920_5979,DISTORTEDWalkingAceleration5,,iforest,default,,0.99604,0.95982,0.99938,0.9918,1.23,,17.0,3984,1,0.01506,ok
ucr,054_UCR_Anomaly_DISTORTEDWalkingAceleration5_2700_5920_5979,DISTORTEDWalkingAceleration5,,iforest,tuned,"{'w': 50, 'n_estimators': 100}",0.99973,0.90395,0.99939,0.9939,0.93,5.77,0.0,3984,1,0.01506,ok
ucr,054_UCR_Anomaly_DISTORTEDWalkingAceleration5_2700_5920_5979,DISTORTEDWalkingAceleration5,,lof,default,,0.99367,0.95741,0.99933,0.9877,0.15,,17.0,3984,1,0.01506,ok
ucr,054_UCR_Anomaly_DISTORTEDWalkingAceleration5_2700_5920_5979,DISTORTEDWalkingAceleration5,,lof,tuned,"{'w': 200, 'k': 10}",1.0,0.95975,0.99933,0.99194,0.3,1.45,0.0,3984,1,0.01506,ok
ucr,054_UCR_Anomaly_DISTORTEDWalkingAceleration5_2700_5920_5979,DISTORTEDWalkingAceleration5,,knn,default,,0.99681,0.95846,0.99933,0.99194,0.16,,17.0,3984,1,0.01506,ok
ucr,054_UCR_Anomaly_DISTORTEDWalkingAceleration5_2700_5920_5979,DISTORTEDWalkingAceleration5,,knn,tuned,"{'w': 50, 'k': 5}",0.99049,0.89271,0.99936,0.9875,0.35,1.16,0.0,3984,1,0.01506,ok
ucr,054_UCR_Anomaly_DISTORTEDWalkingAceleration5_2700_5920_5979,DISTORTEDWalkingAceleration5,,ae,default,,0.9944,0.95384,0.99933,0.98967,1.27,,23.7,3984,1,0.01506,ok
ucr,054_UCR_Anomaly_DISTORTEDWalkingAceleration5_2700_5920_5979,DISTORTEDWalkingAceleration5,,ae,tuned,"{'w': 200, 'hidden': 32, 'latent': 16}",0.99628,0.95961,0.99938,0.9918,0.94,6.68,0.0,3984,1,0.01506,ok
ucr,056_UCR_Anomaly_DISTORTEDapneaecg3_5000_11111_11211,DISTORTEDapneaecg3,,iforest,default,,0.00489,0.00677,0.65545,0.01048,2.67,,17.0,33379,1,0.00303,ok
ucr,056_UCR_Anomaly_DISTORTEDapneaecg3_5000_11111_11211,DISTORTEDapneaecg3,,iforest,tuned,"{'w': 400, 'n_estimators': 200}",0.00183,0.00324,0.62801,0.0,6.49,5.57,0.0,33379,1,0.00303,ok
ucr,056_UCR_Anomaly_DISTORTEDapneaecg3_5000_11111_11211,DISTORTEDapneaecg3,,lof,default,,0.00489,0.00625,0.65947,0.00958,0.85,,17.0,33379,1,0.00303,ok
ucr,056_UCR_Anomaly_DISTORTEDapneaecg3_5000_11111_11211,DISTORTEDapneaecg3,,lof,tuned,"{'w': 50, 'k': 30}",0.01238,0.01432,0.72789,0.03499,2.44,1.76,0.0,33379,1,0.00303,ok
ucr,056_UCR_Anomaly_DISTORTEDapneaecg3_5000_11111_11211,DISTORTEDapneaecg3,,knn,default,,0.00696,0.00974,0.65213,0.02438,0.74,,17.0,33379,1,0.00303,ok
ucr,056_UCR_Anomaly_DISTORTEDapneaecg3_5000_11111_11211,DISTORTEDapneaecg3,,knn,tuned,"{'w': 50, 'k': 3}",0.02467,0.02788,0.65451,0.07672,2.27,1.34,0.0,33379,1,0.00303,ok
ucr,056_UCR_Anomaly_DISTORTEDapneaecg3_5000_11111_11211,DISTORTEDapneaecg3,,ae,default,,0.00602,0.00764,0.65235,0.02006,3.58,,35.1,33379,1,0.00303,ok
ucr,056_UCR_Anomaly_DISTORTEDapneaecg3_5000_11111_11211,DISTORTEDapneaecg3,,ae,tuned,"{'w': 50, 'hidden': 64, 'latent': 8}",0.02287,0.0192,0.68308,0.0506,6.59,12.1,0.0,33379,1,0.00303,ok
ucr,058_UCR_Anomaly_DISTORTEDapneaecg_10000_12240_12308,DISTORTEDapneaecg,,iforest,default,,0.00152,0.00229,0.6492,0.0,2.53,,17.0,28501,1,0.00242,ok
ucr,058_UCR_Anomaly_DISTORTEDapneaecg_10000_12240_12308,DISTORTEDapneaecg,,iforest,tuned,"{'w': 100, 'n_estimators': 100}",0.00148,0.00223,0.648,0.0,2.79,7.93,0.0,28501,1,0.00242,ok
ucr,058_UCR_Anomaly_DISTORTEDapneaecg_10000_12240_12308,DISTORTEDapneaecg,,lof,default,,0.00631,0.01079,0.65915,0.02308,0.92,,17.0,28501,1,0.00242,ok
ucr,058_UCR_Anomaly_DISTORTEDapneaecg_10000_12240_12308,DISTORTEDapneaecg,,lof,tuned,"{'w': 50, 'k': 30}",0.9971,0.48382,0.99962,0.80263,2.9,2.9,0.0,28501,1,0.00242,ok
ucr,058_UCR_Anomaly_DISTORTEDapneaecg_10000_12240_12308,DISTORTEDapneaecg,,knn,default,,0.03362,0.03204,0.63725,0.07485,0.68,,17.0,28501,1,0.00242,ok
ucr,058_UCR_Anomaly_DISTORTEDapneaecg_10000_12240_12308,DISTORTEDapneaecg,,knn,tuned,"{'w': 100, 'k': 3}",0.2034,0.14882,0.60504,0.34366,1.76,1.98,0.0,28501,1,0.00242,ok
ucr,058_UCR_Anomaly_DISTORTEDapneaecg_10000_12240_12308,DISTORTEDapneaecg,,ae,default,,0.00502,0.00616,0.6212,0.01538,4.95,,33.5,28501,1,0.00242,ok
ucr,058_UCR_Anomaly_DISTORTEDapneaecg_10000_12240_12308,DISTORTEDapneaecg,,ae,tuned,"{'w': 50, 'hidden': 64, 'latent': 8}",0.80747,0.26359,0.99962,0.77064,10.31,23.31,0.0,28501,1,0.00242,ok
ucr,060_UCR_Anomaly_DISTORTEDgait2_22000_46500_46800,DISTORTEDgait2,,iforest,default,,0.01288,0.01887,0.6711,0.0297,3.56,,17.0,43000,1,0.007,ok
ucr,060_UCR_Anomaly_DISTORTEDgait2_22000_46500_46800,DISTORTEDgait2,,iforest,tuned,"{'w': 400, 'n_estimators': 100}",0.04339,0.04883,0.70135,0.10439,8.02,10.76,0.0,43000,1,0.007,ok
ucr,060_UCR_Anomaly_DISTORTEDgait2_22000_46500_46800,DISTORTEDgait2,,lof,default,,0.44117,0.21972,0.99834,0.51064,2.02,,17.0,43000,1,0.007,ok
ucr,060_UCR_Anomaly_DISTORTEDgait2_22000_46500_46800,DISTORTEDgait2,,lof,tuned,"{'w': 200, 'k': 10}",0.55317,0.36119,0.99833,0.66347,2.65,6.35,0.0,43000,1,0.007,ok
ucr,060_UCR_Anomaly_DISTORTEDgait2_22000_46500_46800,DISTORTEDgait2,,knn,default,,0.43079,0.2165,0.99828,0.46519,1.59,,17.0,43000,1,0.007,ok
ucr,060_UCR_Anomaly_DISTORTEDgait2_22000_46500_46800,DISTORTEDgait2,,knn,tuned,"{'w': 100, 'k': 5}",0.43079,0.2165,0.99828,0.46519,3.07,4.13,0.0,43000,1,0.007,ok
ucr,060_UCR_Anomaly_DISTORTEDgait2_22000_46500_46800,DISTORTEDgait2,,ae,default,,0.01292,0.02135,0.66213,0.02774,9.72,,40.3,43000,1,0.007,ok
ucr,060_UCR_Anomaly_DISTORTEDgait2_22000_46500_46800,DISTORTEDgait2,,ae,tuned,"{'w': 200, 'hidden': 32, 'latent': 16}",0.00496,0.00801,0.6964,0.00195,10.58,47.72,0.0,43000,1,0.007,ok
ucr,062_UCR_Anomaly_DISTORTEDgaitHunt1_18500_33070_33180,DISTORTEDgaitHunt1,,iforest,default,,0.00476,0.00841,0.82337,0.00972,3.66,,17.0,45500,1,0.00244,ok
ucr,062_UCR_Anomaly_DISTORTEDgaitHunt1_18500_33070_33180,DISTORTEDgaitHunt1,,iforest,tuned,"{'w': 100, 'n_estimators': 200}",0.00476,0.00841,0.82337,0.00972,5.34,9.73,0.0,45500,1,0.00244,ok
ucr,062_UCR_Anomaly_DISTORTEDgaitHunt1_18500_33070_33180,DISTORTEDgaitHunt1,,lof,default,,0.60975,0.28635,0.9993,0.67187,1.93,,17.0,45500,1,0.00244,ok
ucr,062_UCR_Anomaly_DISTORTEDgaitHunt1_18500_33070_33180,DISTORTEDgaitHunt1,,lof,tuned,"{'w': 200, 'k': 10}",0.08144,0.11589,0.71668,0.21505,2.67,4.78,0.0,45500,1,0.00244,ok
ucr,062_UCR_Anomaly_DISTORTEDgaitHunt1_18500_33070_33180,DISTORTEDgaitHunt1,,knn,default,,0.37727,0.31776,0.78115,0.54857,1.92,,17.0,45500,1,0.00244,ok
ucr,062_UCR_Anomaly_DISTORTEDgaitHunt1_18500_33070_33180,DISTORTEDgaitHunt1,,knn,tuned,"{'w': 100, 'k': 3}",0.40493,0.34115,0.78109,0.56497,3.03,3.25,0.0,45500,1,0.00244,ok
ucr,062_UCR_Anomaly_DISTORTEDgaitHunt1_18500_33070_33180,DISTORTEDgaitHunt1,,ae,default,,0.76348,0.34043,0.99965,0.7933,8.48,,42.4,45500,1,0.00244,ok
ucr,062_UCR_Anomaly_DISTORTEDgaitHunt1_18500_33070_33180,DISTORTEDgaitHunt1,,ae,tuned,"{'w': 200, 'hidden': 32, 'latent': 16}",0.00627,0.00898,0.80311,0.02169,9.45,39.01,0.0,45500,1,0.00244,ok
ucr,064_UCR_Anomaly_DISTORTEDgaitHunt3_23400_38400_39200,DISTORTEDgaitHunt3,,iforest,default,,0.05616,0.06982,0.74113,0.10573,3.54,,17.0,40600,1,0.01973,ok
ucr,064_UCR_Anomaly_DISTORTEDgaitHunt3_23400_38400_39200,DISTORTEDgaitHunt3,,iforest,tuned,"{'w': 100, 'n_estimators': 100}",0.05574,0.06955,0.74543,0.10738,3.71,10.05,0.0,40600,1,0.01973,ok
ucr,064_UCR_Anomaly_DISTORTEDgaitHunt3_23400_38400_39200,DISTORTEDgaitHunt3,,lof,default,,0.51954,0.48365,0.9911,0.72822,2.12,,17.0,40600,1,0.01973,ok
ucr,064_UCR_Anomaly_DISTORTEDgaitHunt3_23400_38400_39200,DISTORTEDgaitHunt3,,lof,tuned,"{'w': 200, 'k': 10}",0.51001,0.4855,0.9911,0.76366,2.5,6.5,0.0,40600,1,0.01973,ok
ucr,064_UCR_Anomaly_DISTORTEDgaitHunt3_23400_38400_39200,DISTORTEDgaitHunt3,,knn,default,,0.57067,0.55546,0.99115,0.73589,1.49,,17.0,40600,1,0.01973,ok
ucr,064_UCR_Anomaly_DISTORTEDgaitHunt3_23400_38400_39200,DISTORTEDgaitHunt3,,knn,tuned,"{'w': 200, 'k': 1}",0.52543,0.56896,0.96577,0.76995,2.23,4.12,0.0,40600,1,0.01973,ok
ucr,064_UCR_Anomaly_DISTORTEDgaitHunt3_23400_38400_39200,DISTORTEDgaitHunt3,,ae,default,,0.21062,0.17031,0.99523,0.43177,9.57,,40.3,40600,1,0.01973,ok
ucr,064_UCR_Anomaly_DISTORTEDgaitHunt3_23400_38400_39200,DISTORTEDgaitHunt3,,ae,tuned,"{'w': 200, 'hidden': 32, 'latent': 16}",0.14064,0.15693,0.99082,0.33369,9.92,48.88,0.0,40600,1,0.01973,ok
ucr,066_UCR_Anomaly_DISTORTEDinsectEPG2_3700_8000_8025,DISTORTEDinsectEPG2,,iforest,default,,0.02379,0.03452,0.78437,0.07035,1.39,,17.0,6298,1,0.00413,ok
ucr,066_UCR_Anomaly_DISTORTEDinsectEPG2_3700_8000_8025,DISTORTEDinsectEPG2,,iforest,tuned,"{'w': 50, 'n_estimators': 200}",0.04083,0.05475,0.76634,0.10969,1.63,6.05,0.0,6298,1,0.00413,ok
ucr,066_UCR_Anomaly_DISTORTEDinsectEPG2_3700_8000_8025,DISTORTEDinsectEPG2,,lof,default,,0.06778,0.10541,0.816,0.192,0.22,,17.0,6298,1,0.00413,ok
ucr,066_UCR_Anomaly_DISTORTEDinsectEPG2_3700_8000_8025,DISTORTEDinsectEPG2,,lof,tuned,"{'w': 50, 'k': 30}",1.0,0.68324,0.99924,0.88934,0.61,1.65,0.0,6298,1,0.00413,ok
ucr,066_UCR_Anomaly_DISTORTEDinsectEPG2_3700_8000_8025,DISTORTEDinsectEPG2,,knn,default,,0.1478,0.17827,0.83028,0.32692,0.13,,17.0,6298,1,0.00413,ok
ucr,066_UCR_Anomaly_DISTORTEDinsectEPG2_3700_8000_8025,DISTORTEDinsectEPG2,,knn,tuned,"{'w': 100, 'k': 5}",0.1478,0.17827,0.83028,0.32692,0.4,1.27,0.0,6298,1,0.00413,ok
ucr,066_UCR_Anomaly_DISTORTEDinsectEPG2_3700_8000_8025,DISTORTEDinsectEPG2,,ae,default,,0.06804,0.10877,0.80345,0.192,1.54,,24.1,6298,1,0.00413,ok
ucr,066_UCR_Anomaly_DISTORTEDinsectEPG2_3700_8000_8025,DISTORTEDinsectEPG2,,ae,tuned,"{'w': 50, 'hidden': 32, 'latent': 16}",0.08908,0.1229,0.79128,0.22831,3.6,8.22,0.0,6298,1,0.00413,ok
ucr,068_UCR_Anomaly_DISTORTEDinsectEPG4_1300_6508_6558,DISTORTEDinsectEPG4,,iforest,default,,0.00848,0.01203,0.95559,0.00894,1.41,,17.0,8698,1,0.00586,ok
ucr,068_UCR_Anomaly_DISTORTEDinsectEPG4_1300_6508_6558,DISTORTEDinsectEPG4,,lof,default,,0.00327,0.00496,0.87328,0.0,0.2,,17.0,8698,1,0.00586,ok
ucr,068_UCR_Anomaly_DISTORTEDinsectEPG4_1300_6508_6558,DISTORTEDinsectEPG4,,knn,default,,0.87105,0.69195,0.99781,0.92582,0.16,,17.0,8698,1,0.00586,ok
ucr,068_UCR_Anomaly_DISTORTEDinsectEPG4_1300_6508_6558,DISTORTEDinsectEPG4,,ae,default,,0.00319,0.00501,0.95338,0.0,0.91,,25.4,8698,1,0.00586,ok
ucr,070_UCR_Anomaly_DISTORTEDltstdbs30791AI_17555_52600_52800,DISTORTEDltstdbs30791AI,,iforest,default,,0.71441,0.37042,0.99894,0.675,3.47,,17.0,38568,1,0.00521,ok
ucr,070_UCR_Anomaly_DISTORTEDltstdbs30791AI_17555_52600_52800,DISTORTEDltstdbs30791AI,,iforest,tuned,"{'w': 100, 'n_estimators': 100}",0.70793,0.36866,0.99894,0.67057,3.86,9.97,0.0,38568,1,0.00521,ok
ucr,070_UCR_Anomaly_DISTORTEDltstdbs30791AI_17555_52600_52800,DISTORTEDltstdbs30791AI,,lof,default,,0.80914,0.65124,0.99839,0.83289,1.61,,17.0,38568,1,0.00521,ok
ucr,070_UCR_Anomaly_DISTORTEDltstdbs30791AI_17555_52600_52800,DISTORTEDltstdbs30791AI,,lof,tuned,"{'w': 200, 'k': 10}",0.93993,0.84919,0.99854,0.91279,2.08,4.45,0.0,38568,1,0.00521,ok
ucr,070_UCR_Anomaly_DISTORTEDltstdbs30791AI_17555_52600_52800,DISTORTEDltstdbs30791AI,,knn,default,,0.88847,0.68233,0.99854,0.91188,1.15,,17.0,38568,1,0.00521,ok
ucr,070_UCR_Anomaly_DISTORTEDltstdbs30791AI_17555_52600_52800,DISTORTEDltstdbs30791AI,,knn,tuned,"{'w': 100, 'k': 3}",0.8903,0.68321,0.99854,0.91623,2.46,3.29,0.0,38568,1,0.00521,ok
ucr,070_UCR_Anomaly_DISTORTEDltstdbs30791AI_17555_52600_52800,DISTORTEDltstdbs30791AI,,ae,default,,0.82803,0.6398,0.99851,0.83142,7.3,,39.0,38568,1,0.00521,ok
ucr,070_UCR_Anomaly_DISTORTEDltstdbs30791AI_17555_52600_52800,DISTORTEDltstdbs30791AI,,ae,tuned,"{'w': 100, 'hidden': 64, 'latent': 8}",0.84573,0.63676,0.9985,0.83006,9.0,36.08,0.0,38568,1,0.00521,ok
ucr,072_UCR_Anomaly_DISTORTEDltstdbs30791ES_20000_52600_52800,DISTORTEDltstdbs30791ES,,iforest,default,,0.00362,0.00645,0.73056,0.0,2.83,,17.0,35000,1,0.00574,ok
ucr,072_UCR_Anomaly_DISTORTEDltstdbs30791ES_20000_52600_52800,DISTORTEDltstdbs30791ES,,iforest,tuned,"{'w': 100, 'n_estimators': 100}",0.00362,0.00641,0.77252,0.0,3.73,9.72,0.0,35000,1,0.00574,ok
ucr,072_UCR_Anomaly_DISTORTEDltstdbs30791ES_20000_52600_52800,DISTORTEDltstdbs30791ES,,lof,default,,0.62992,0.41624,0.9984,0.63365,1.57,,17.0,35000,1,0.00574,ok
ucr,072_UCR_Anomaly_DISTORTEDltstdbs30791ES_20000_52600_52800,DISTORTEDltstdbs30791ES,,lof,tuned,"{'w': 100, 'k': 30}",0.62478,0.41678,0.99837,0.63365,2.83,6.45,0.0,35000,1,0.00574,ok
ucr,072_UCR_Anomaly_DISTORTEDltstdbs30791ES_20000_52600_52800,DISTORTEDltstdbs30791ES,,knn,default,,0.12484,0.09736,0.97826,0.23433,1.13,,17.0,35000,1,0.00574,ok
ucr,072_UCR_Anomaly_DISTORTEDltstdbs30791ES_20000_52600_52800,DISTORTEDltstdbs30791ES,,knn,tuned,"{'w': 100, 'k': 3}",0.20376,0.11338,0.98988,0.3588,2.69,3.62,0.0,35000,1,0.00574,ok
ucr,072_UCR_Anomaly_DISTORTEDltstdbs30791ES_20000_52600_52800,DISTORTEDltstdbs30791ES,,ae,default,,0.36305,0.16556,0.99837,0.4667,8.08,,38.3,35000,1,0.00574,ok
ucr,072_UCR_Anomaly_DISTORTEDltstdbs30791ES_20000_52600_52800,DISTORTEDltstdbs30791ES,,ae,tuned,"{'w': 100, 'hidden': 32, 'latent': 8}",0.02095,0.02571,0.81294,0.05718,9.43,40.17,0.0,35000,1,0.00574,ok
ucr,074_UCR_Anomaly_DISTORTEDqtdbSel1005V_4000_12400_12800,DISTORTEDqtdbSel1005V,,iforest,default,,0.01112,0.01676,0.71558,0.00873,2.72,,17.0,32001,1,0.01253,ok
ucr,074_UCR_Anomaly_DISTORTEDqtdbSel1005V_4000_12400_12800,DISTORTEDqtdbSel1005V,,iforest,tuned,"{'w': 50, 'n_estimators': 100}",0.01058,0.01568,0.69095,0.00323,2.53,6.03,0.0,32001,1,0.01253,ok
ucr,074_UCR_Anomaly_DISTORTEDqtdbSel1005V_4000_12400_12800,DISTORTEDqtdbSel1005V,,lof,default,,0.00957,0.01253,0.64807,0.00369,0.79,,17.0,32001,1,0.01253,ok
ucr,074_UCR_Anomaly_DISTORTEDqtdbSel1005V_4000_12400_12800,DISTORTEDqtdbSel1005V,,lof,tuned,"{'w': 50, 'k': 30}",0.01134,0.01859,0.7545,0.01608,2.23,1.83,0.0,32001,1,0.01253,ok
ucr,074_UCR_Anomaly_DISTORTEDqtdbSel1005V_4000_12400_12800,DISTORTEDqtdbSel1005V,,knn,default,,0.01114,0.01572,0.6599,0.01023,0.6,,17.0,32001,1,0.01253,ok
ucr,074_UCR_Anomaly_DISTORTEDqtdbSel1005V_4000_12400_12800,DISTORTEDqtdbSel1005V,,knn,tuned,"{'w': 50, 'k': 3}",0.01055,0.01526,0.65853,0.00976,2.05,1.39,0.0,32001,1,0.01253,ok
ucr,074_UCR_Anomaly_DISTORTEDqtdbSel1005V_4000_12400_12800,DISTORTEDqtdbSel1005V,,ae,default,,0.00863,0.01124,0.61345,0.00141,3.21,,34.6,32001,1,0.01253,ok
ucr,074_UCR_Anomaly_DISTORTEDqtdbSel1005V_4000_12400_12800,DISTORTEDqtdbSel1005V,,ae,tuned,"{'w': 200, 'hidden': 32, 'latent': 16}",0.00704,0.00983,0.56689,0.0,5.53,10.9,0.0,32001,1,0.01253,ok
ucr,076_UCR_Anomaly_DISTORTEDresperation10_48000_130700_131880,DISTORTEDresperation10,,iforest,default,,0.02283,0.02356,0.84263,0.06163,9.81,,17.0,147000,1,0.00803,ok
ucr,076_UCR_Anomaly_DISTORTEDresperation10_48000_130700_131880,DISTORTEDresperation10,,iforest,tuned,"{'w': 200, 'n_estimators': 100}",0.03465,0.0339,0.95503,0.07721,16.6,13.81,0.0,147000,1,0.00803,ok
ucr,076_UCR_Anomaly_DISTORTEDresperation10_48000_130700_131880,DISTORTEDresperation10,,lof,default,,0.19031,0.11518,0.86705,0.36288,9.64,,17.0,147000,1,0.00803,ok
ucr,076_UCR_Anomaly_DISTORTEDresperation10_48000_130700_131880,DISTORTEDresperation10,,lof,tuned,"{'w': 100, 'k': 10}",0.26096,0.16278,0.99908,0.45955,15.12,11.28,0.0,147000,1,0.00803,ok
ucr,076_UCR_Anomaly_DISTORTEDresperation10_48000_130700_131880,DISTORTEDresperation10,,knn,default,,0.16384,0.11767,0.91283,0.32275,8.61,,17.0,147000,1,0.00803,ok
ucr,076_UCR_Anomaly_DISTORTEDresperation10_48000_130700_131880,DISTORTEDresperation10,,knn,tuned,"{'w': 200, 'k': 5}",0.158,0.15238,0.75459,0.32501,9.86,7.54,0.0,147000,1,0.00803,ok
ucr,076_UCR_Anomaly_DISTORTEDresperation10_48000_130700_131880,DISTORTEDresperation10,,ae,default,,0.58623,0.4803,0.99908,0.75513,22.95,,84.4,147000,1,0.00803,ok
ucr,076_UCR_Anomaly_DISTORTEDresperation10_48000_130700_131880,DISTORTEDresperation10,,ae,tuned,"{'w': 100, 'hidden': 32, 'latent': 16}",0.48175,0.35054,0.99908,0.61928,27.92,91.39,0.0,147000,1,0.00803,ok
ucr,078_UCR_Anomaly_DISTORTEDresperation1_100000_110260_110412,DISTORTEDresperation1,,iforest,default,,0.00272,0.00323,0.78081,0.00581,6.41,,17.0,100000,1,0.00153,ok
ucr,078_UCR_Anomaly_DISTORTEDresperation1_100000_110260_110412,DISTORTEDresperation1,,iforest,tuned,"{'w': 400, 'n_estimators': 200}",0.00096,0.00148,0.74516,0.0,25.65,28.1,0.0,100000,1,0.00153,ok
ucr,078_UCR_Anomaly_DISTORTEDresperation1_100000_110260_110412,DISTORTEDresperation1,,lof,default,,0.83847,0.32319,0.99985,0.7158,18.35,,17.0,100000,1,0.00153,ok
ucr,078_UCR_Anomaly_DISTORTEDresperation1_100000_110260_110412,DISTORTEDresperation1,,lof,tuned,"{'w': 100, 'k': 30}",0.47961,0.3065,0.95463,0.43307,17.64,35.29,0.0,100000,1,0.00153,ok
ucr,078_UCR_Anomaly_DISTORTEDresperation1_100000_110260_110412,DISTORTEDresperation1,,knn,default,,0.26138,0.2361,0.87697,0.42938,10.05,,17.0,100000,1,0.00153,ok
ucr,078_UCR_Anomaly_DISTORTEDresperation1_100000_110260_110412,DISTORTEDresperation1,,knn,tuned,"{'w': 200, 'k': 3}",0.99971,0.31552,0.99983,0.7158,8.12,20.67,0.0,100000,1,0.00153,ok
ucr,078_UCR_Anomaly_DISTORTEDresperation1_100000_110260_110412,DISTORTEDresperation1,,ae,default,,0.00255,0.00579,0.72566,0.00566,36.54,,70.2,100000,1,0.00153,ok
ucr,078_UCR_Anomaly_DISTORTEDresperation1_100000_110260_110412,DISTORTEDresperation1,,ae,tuned,"{'w': 100, 'hidden': 64, 'latent': 8}",0.00528,0.01258,0.88088,0.01579,48.96,160.83,0.0,100000,1,0.00153,ok
ucr,080_UCR_Anomaly_DISTORTEDresperation2_30000_168250_168251,DISTORTEDresperation2,,iforest,default,,1e-05,2e-05,0.64647,0.0,12.66,,17.0,160050,1,1e-05,ok
ucr,080_UCR_Anomaly_DISTORTEDresperation2_30000_168250_168251,DISTORTEDresperation2,,iforest,tuned,"{'w': 400, 'n_estimators': 200}",1e-05,2e-05,0.63539,0.0,29.8,13.9,0.0,160050,1,1e-05,ok
ucr,080_UCR_Anomaly_DISTORTEDresperation2_30000_168250_168251,DISTORTEDresperation2,,lof,default,,2e-05,3e-05,0.57474,0.0,7.67,,17.0,160050,1,1e-05,ok
ucr,080_UCR_Anomaly_DISTORTEDresperation2_30000_168250_168251,DISTORTEDresperation2,,lof,tuned,"{'w': 100, 'k': 10}",1e-05,2e-05,0.59689,0.0,11.48,4.94,0.0,160050,1,1e-05,ok
ucr,080_UCR_Anomaly_DISTORTEDresperation2_30000_168250_168251,DISTORTEDresperation2,,knn,default,,1e-05,3e-05,0.58967,0.0,6.36,,17.0,160050,1,1e-05,ok
ucr,080_UCR_Anomaly_DISTORTEDresperation2_30000_168250_168251,DISTORTEDresperation2,,knn,tuned,"{'w': 100, 'k': 1}",1e-05,2e-05,0.589,0.0,10.86,4.27,0.0,160050,1,1e-05,ok
ucr,080_UCR_Anomaly_DISTORTEDresperation2_30000_168250_168251,DISTORTEDresperation2,,ae,default,,1e-05,3e-05,0.6345,0.0,18.18,,88.7,160050,1,1e-05,ok
ucr,080_UCR_Anomaly_DISTORTEDresperation2_30000_168250_168251,DISTORTEDresperation2,,ae,tuned,"{'w': 100, 'hidden': 32, 'latent': 8}",1e-05,2e-05,0.62259,0.0,22.71,44.26,0.0,160050,1,1e-05,ok
ucr,082_UCR_Anomaly_DISTORTEDresperation4_70000_128430_128431,DISTORTEDresperation4,,iforest,default,,1e-05,3e-05,0.89747,0.0,7.46,,17.0,125250,1,2e-05,ok
ucr,082_UCR_Anomaly_DISTORTEDresperation4_70000_128430_128431,DISTORTEDresperation4,,iforest,tuned,"{'w': 200, 'n_estimators': 100}",1e-05,3e-05,0.89757,0.0,14.37,20.62,0.0,125250,1,2e-05,ok
ucr,082_UCR_Anomaly_DISTORTEDresperation4_70000_128430_128431,DISTORTEDresperation4,,lof,default,,2e-05,2e-05,0.78381,0.0,11.28,,17.0,125250,1,2e-05,ok
ucr,082_UCR_Anomaly_DISTORTEDresperation4_70000_128430_128431,DISTORTEDresperation4,,lof,tuned,"{'w': 50, 'k': 10}",4e-05,6e-05,0.71263,0.00011,44.79,31.85,0.0,125250,1,2e-05,ok
ucr,082_UCR_Anomaly_DISTORTEDresperation4_70000_128430_128431,DISTORTEDresperation4,,knn,default,,2e-05,3e-05,0.85245,0.0,10.37,,17.0,125250,1,2e-05,ok
ucr,082_UCR_Anomaly_DISTORTEDresperation4_70000_128430_128431,DISTORTEDresperation4,,knn,tuned,"{'w': 200, 'k': 3}",2e-05,3e-05,0.84064,0.0,8.38,16.85,0.0,125250,1,2e-05,ok
ucr,082_UCR_Anomaly_DISTORTEDresperation4_70000_128430_128431,DISTORTEDresperation4,,ae,default,,1e-05,3e-05,0.71682,0.0,30.09,,77.3,125250,1,2e-05,ok
ucr,082_UCR_Anomaly_DISTORTEDresperation4_70000_128430_128431,DISTORTEDresperation4,,ae,tuned,"{'w': 100, 'hidden': 64, 'latent': 8}",1e-05,3e-05,0.71712,0.0,33.24,183.22,0.0,125250,1,2e-05,ok
ucr,084_UCR_Anomaly_DISTORTEDs20101mML2_12000_35774_35874,DISTORTEDs20101mML2,,iforest,default,,0.62601,0.50867,0.99886,0.68695,2.85,,17.0,28000,1,0.00361,ok
ucr,084_UCR_Anomaly_DISTORTEDs20101mML2_12000_35774_35874,DISTORTEDs20101mML2,,iforest,tuned,"{'w': 100, 'n_estimators': 100}",0.59516,0.49884,0.99886,0.67603,2.91,8.21,0.0,28000,1,0.00361,ok
ucr,084_UCR_Anomaly_DISTORTEDs20101mML2_12000_35774_35874,DISTORTEDs20101mML2,,lof,default,,0.95654,0.80461,0.99933,0.83949,1.0,,17.0,28000,1,0.00361,ok
ucr,084_UCR_Anomaly_DISTORTEDs20101mML2_12000_35774_35874,DISTORTEDs20101mML2,,lof,tuned,"{'w': 100, 'k': 30}",0.94463,0.79621,0.99933,0.83949,1.96,3.19,0.0,28000,1,0.00361,ok
ucr,084_UCR_Anomaly_DISTORTEDs20101mML2_12000_35774_35874,DISTORTEDs20101mML2,,knn,default,,0.9526,0.79473,0.99948,0.83949,0.72,,17.0,28000,1,0.00361,ok
ucr,084_UCR_Anomaly_DISTORTEDs20101mML2_12000_35774_35874,DISTORTEDs20101mML2,,knn,tuned,"{'w': 100, 'k': 3}",0.95413,0.78984,0.99948,0.83949,1.75,2.26,0.0,28000,1,0.00361,ok
ucr,084_UCR_Anomaly_DISTORTEDs20101mML2_12000_35774_35874,DISTORTEDs20101mML2,,ae,default,,0.98784,0.82947,0.99933,0.83949,5.6,,33.4,28000,1,0.00361,ok
ucr,084_UCR_Anomaly_DISTORTEDs20101mML2_12000_35774_35874,DISTORTEDs20101mML2,,ae,tuned,"{'w': 100, 'hidden': 32, 'latent': 16}",0.99011,0.82896,0.99933,0.83949,6.81,26.87,0.0,28000,1,0.00361,ok
ucr,086_UCR_Anomaly_DISTORTEDsddb49_20000_67950_68200,DISTORTEDsddb49,,iforest,default,,0.01377,0.01342,0.72205,0.03023,4.6,,17.0,60000,1,0.00418,ok
ucr,086_UCR_Anomaly_DISTORTEDsddb49_20000_67950_68200,DISTORTEDsddb49,,iforest,tuned,"{'w': 100, 'n_estimators': 100}",0.01337,0.01312,0.72214,0.0299,5.2,9.83,0.0,60000,1,0.00418,ok
ucr,086_UCR_Anomaly_DISTORTEDsddb49_20000_67950_68200,DISTORTEDsddb49,,lof,default,,0.51084,0.23959,0.99917,0.57961,2.47,,17.0,60000,1,0.00418,ok
ucr,086_UCR_Anomaly_DISTORTEDsddb49_20000_67950_68200,DISTORTEDsddb49,,lof,tuned,"{'w': 100, 'k': 30}",0.48541,0.21771,0.99917,0.58341,4.34,5.26,0.0,60000,1,0.00418,ok
ucr,086_UCR_Anomaly_DISTORTEDsddb49_20000_67950_68200,DISTORTEDsddb49,,knn,default,,0.40375,0.15657,0.99918,0.48059,2.19,,17.0,60000,1,0.00418,ok
ucr,086_UCR_Anomaly_DISTORTEDsddb49_20000_67950_68200,DISTORTEDsddb49,,knn,tuned,"{'w': 200, 'k': 1}",0.65494,0.32944,0.9992,0.69401,3.32,3.39,0.0,60000,1,0.00418,ok
ucr,086_UCR_Anomaly_DISTORTEDsddb49_20000_67950_68200,DISTORTEDsddb49,,ae,default,,0.75786,0.35378,0.99917,0.6953,9.94,,47.6,60000,1,0.00418,ok
ucr,086_UCR_Anomaly_DISTORTEDsddb49_20000_67950_68200,DISTORTEDsddb49,,ae,tuned,"{'w': 200, 'hidden': 32, 'latent': 16}",0.97716,0.69854,0.99918,0.89322,12.44,43.23,0.0,60000,1,0.00418,ok
ucr,088_UCR_Anomaly_DISTORTEDsel840mECG2_20000_49370_49740,DISTORTEDsel840mECG2,,iforest,default,,0.00708,0.00966,0.69788,0.00109,3.06,,17.0,37001,1,0.01003,ok
ucr,088_UCR_Anomaly_DISTORTEDsel840mECG2_20000_49370_49740,DISTORTEDsel840mECG2,,iforest,tuned,"{'w': 400, 'n_estimators': 100}",0.00701,0.00926,0.69086,0.00045,7.91,11.12,0.0,37001,1,0.01003,ok
ucr,088_UCR_Anomaly_DISTORTEDsel840mECG2_20000_49370_49740,DISTORTEDsel840mECG2,,lof,default,,0.0283,0.03442,0.79506,0.07309,1.69,,17.0,37001,1,0.01003,ok
ucr,088_UCR_Anomaly_DISTORTEDsel840mECG2_20000_49370_49740,DISTORTEDsel840mECG2,,lof,tuned,"{'w': 50, 'k': 30}",0.02527,0.02875,0.78389,0.05878,4.83,7.57,0.0,37001,1,0.01003,ok
ucr,088_UCR_Anomaly_DISTORTEDsel840mECG2_20000_49370_49740,DISTORTEDsel840mECG2,,knn,default,,0.02611,0.03329,0.80912,0.06719,1.2,,17.0,37001,1,0.01003,ok
ucr,088_UCR_Anomaly_DISTORTEDsel840mECG2_20000_49370_49740,DISTORTEDsel840mECG2,,knn,tuned,"{'w': 200, 'k': 1}",0.07664,0.09199,0.84041,0.22252,2.1,5.11,0.0,37001,1,0.01003,ok
ucr,088_UCR_Anomaly_DISTORTEDsel840mECG2_20000_49370_49740,DISTORTEDsel840mECG2,,ae,default,,0.00984,0.01416,0.72821,0.01539,8.81,,38.1,37001,1,0.01003,ok
ucr,088_UCR_Anomaly_DISTORTEDsel840mECG2_20000_49370_49740,DISTORTEDsel840mECG2,,ae,tuned,"{'w': 200, 'hidden': 32, 'latent': 16}",0.0064,0.0085,0.65769,0.0023,8.91,43.94,0.0,37001,1,0.01003,ok
ucr,090_UCR_Anomaly_DISTORTEDtiltAPB2_50000_124159_124985,DISTORTEDtiltAPB2,,iforest,default,,0.01837,0.01894,0.68209,0.03718,5.55,,17.0,78767,1,0.0105,ok
ucr,090_UCR_Anomaly_DISTORTEDtiltAPB2_50000_124159_124985,DISTORTEDtiltAPB2,,iforest,tuned,"{'w': 200, 'n_estimators': 100}",0.0232,0.02615,0.71717,0.0658,9.29,18.12,0.0,78767,1,0.0105,ok
ucr,090_UCR_Anomaly_DISTORTEDtiltAPB2_50000_124159_124985,DISTORTEDtiltAPB2,,lof,default,,0.13741,0.13114,0.81381,0.27723,5.85,,17.0,78767,1,0.0105,ok
ucr,090_UCR_Anomaly_DISTORTEDtiltAPB2_50000_124159_124985,DISTORTEDtiltAPB2,,lof,tuned,"{'w': 200, 'k': 50}",0.2306,0.25188,0.8312,0.47845,6.15,9.23,0.0,78767,1,0.0105,ok
ucr,090_UCR_Anomaly_DISTORTEDtiltAPB2_50000_124159_124985,DISTORTEDtiltAPB2,,knn,default,,0.14491,0.13816,0.8261,0.29087,4.46,,17.0,78767,1,0.0105,ok
ucr,090_UCR_Anomaly_DISTORTEDtiltAPB2_50000_124159_124985,DISTORTEDtiltAPB2,,knn,tuned,"{'w': 200, 'k': 5}",0.24142,0.27147,0.84018,0.5132,5.1,6.97,0.0,78767,1,0.0105,ok
ucr,090_UCR_Anomaly_DISTORTEDtiltAPB2_50000_124159_124985,DISTORTEDtiltAPB2,,ae,default,,0.48074,0.35155,0.9982,0.60664,20.91,,57.3,78767,1,0.0105,ok
ucr,090_UCR_Anomaly_DISTORTEDtiltAPB2_50000_124159_124985,DISTORTEDtiltAPB2,,ae,tuned,"{'w': 200, 'hidden': 32, 'latent': 8}",0.32865,0.34521,0.86246,0.6104,20.19,86.14,0.0,78767,1,0.0105,ok
ucr,092_UCR_Anomaly_DISTORTEDtiltAPB4_20000_67995_67996,DISTORTEDtiltAPB4,,iforest,default,,6e-05,0.00012,0.74354,0.00017,6.97,,17.0,108001,1,2e-05,ok
ucr,092_UCR_Anomaly_DISTORTEDtiltAPB4_20000_67995_67996,DISTORTEDtiltAPB4,,iforest,tuned,"{'w': 100, 'n_estimators': 200}",6e-05,0.00012,0.74354,0.00017,10.81,10.46,0.0,108001,1,2e-05,ok
ucr,092_UCR_Anomaly_DISTORTEDtiltAPB4_20000_67995_67996,DISTORTEDtiltAPB4,,lof,default,,4e-05,8e-05,0.5648,0.0,4.48,,17.0,108001,1,2e-05,ok
ucr,092_UCR_Anomaly_DISTORTEDtiltAPB4_20000_67995_67996,DISTORTEDtiltAPB4,,lof,tuned,"{'w': 100, 'k': 50}",4e-05,8e-05,0.5648,0.0,7.27,5.4,0.0,108001,1,2e-05,ok
ucr,092_UCR_Anomaly_DISTORTEDtiltAPB4_20000_67995_67996,DISTORTEDtiltAPB4,,knn,default,,0.00012,0.00022,0.5916,0.0003,3.52,,17.0,108001,1,2e-05,ok
ucr,092_UCR_Anomaly_DISTORTEDtiltAPB4_20000_67995_67996,DISTORTEDtiltAPB4,,knn,tuned,"{'w': 200, 'k': 1}",3e-05,7e-05,0.56968,0.0,5.33,3.46,0.0,108001,1,2e-05,ok
ucr,092_UCR_Anomaly_DISTORTEDtiltAPB4_20000_67995_67996,DISTORTEDtiltAPB4,,ae,default,,0.36667,0.08909,0.9503,0.07018,13.31,,67.6,108001,1,2e-05,ok
ucr,092_UCR_Anomaly_DISTORTEDtiltAPB4_20000_67995_67996,DISTORTEDtiltAPB4,,ae,tuned,"{'w': 200, 'hidden': 32, 'latent': 16}",4e-05,8e-05,0.56702,0.0,20.91,50.56,0.0,108001,1,2e-05,ok
ucr,094_UCR_Anomaly_NOISEBIDMC1_2500_5400_5600,NOISEBIDMC1,,iforest,default,,0.61879,0.4995,0.99621,0.76544,1.56,,17.0,8500,1,0.02365,ok
ucr,094_UCR_Anomaly_NOISEBIDMC1_2500_5400_5600,NOISEBIDMC1,,lof,default,,0.88414,0.75555,0.99844,0.96773,0.22,,17.0,8500,1,0.02365,ok
ucr,094_UCR_Anomaly_NOISEBIDMC1_2500_5400_5600,NOISEBIDMC1,,knn,default,,0.88316,0.74748,0.99868,0.9701,0.15,,17.0,8500,1,0.02365,ok
ucr,094_UCR_Anomaly_NOISEBIDMC1_2500_5400_5600,NOISEBIDMC1,,ae,default,,0.86748,0.73645,0.99829,0.96662,1.36,,25.5,8500,1,0.02365,ok
ucr,096_UCR_Anomaly_NOISEECG4_5000_16900_17100,NOISEECG4,,iforest,default,,0.00802,0.02813,0.96001,0.00906,2.7,,17.0,25000,1,0.00804,ok
ucr,096_UCR_Anomaly_NOISEECG4_5000_16900_17100,NOISEECG4,,iforest,tuned,"{'w': 50, 'n_estimators': 100}",0.00761,0.01406,0.68341,0.00799,2.37,6.6,0.0,25000,1,0.00804,ok
ucr,096_UCR_Anomaly_NOISEECG4_5000_16900_17100,NOISEECG4,,lof,default,,0.9929,0.8501,0.99947,0.9652,0.66,,17.0,25000,1,0.00804,ok
ucr,096_UCR_Anomaly_NOISEECG4_5000_16900_17100,NOISEECG4,,lof,tuned,"{'w': 50, 'k': 30}",0.8434,0.64944,0.9981,0.92488,1.95,1.71,0.0,25000,1,0.00804,ok
ucr,096_UCR_Anomaly_NOISEECG4_5000_16900_17100,NOISEECG4,,knn,default,,0.92821,0.83014,0.99903,0.93828,0.5,,17.0,25000,1,0.00804,ok
ucr,096_UCR_Anomaly_NOISEECG4_5000_16900_17100,NOISEECG4,,knn,tuned,"{'w': 50, 'k': 3}",0.66279,0.49799,0.9981,0.7297,1.68,1.3,0.0,25000,1,0.00804,ok
ucr,096_UCR_Anomaly_NOISEECG4_5000_16900_17100,NOISEECG4,,ae,default,,0.86359,0.75163,0.99875,0.88587,3.13,,31.7,25000,1,0.00804,ok
ucr,096_UCR_Anomaly_NOISEECG4_5000_16900_17100,NOISEECG4,,ae,tuned,"{'w': 50, 'hidden': 64, 'latent': 8}",0.53421,0.39401,0.99812,0.59486,5.86,11.82,0.0,25000,1,0.00804,ok
ucr,098_UCR_Anomaly_NOISEInternalBleeding16_1200_4187_4199,NOISEInternalBleeding16,,iforest,default,,0.00782,0.01055,0.65325,0.02303,1.43,,17.0,6301,1,0.00206,ok
ucr,098_UCR_Anomaly_NOISEInternalBleeding16_1200_4187_4199,NOISEInternalBleeding16,,lof,default,,0.01028,0.01402,0.6798,0.02437,0.14,,17.0,6301,1,0.00206,ok
ucr,098_UCR_Anomaly_NOISEInternalBleeding16_1200_4187_4199,NOISEInternalBleeding16,,knn,default,,0.04506,0.06181,0.68533,0.10879,0.11,,17.0,6301,1,0.00206,ok
ucr,098_UCR_Anomaly_NOISEInternalBleeding16_1200_4187_4199,NOISEInternalBleeding16,,ae,default,,0.01431,0.02491,0.705,0.04952,0.77,,23.9,6301,1,0.00206,ok
ucr,100_UCR_Anomaly_NOISELab2Cmac011215EPG1_5000_17210_17260,NOISELab2Cmac011215EPG1,,iforest,default,,1.0,0.41541,0.99972,0.76842,2.59,,17.0,25001,1,0.00204,ok
ucr,100_UCR_Anomaly_NOISELab2Cmac011215EPG1_5000_17210_17260,NOISELab2Cmac011215EPG1,,iforest,tuned,"{'w': 50, 'n_estimators': 100}",0.99962,0.49455,0.99972,0.76842,2.46,6.67,0.0,25001,1,0.00204,ok
ucr,100_UCR_Anomaly_NOISELab2Cmac011215EPG1_5000_17210_17260,NOISELab2Cmac011215EPG1,,lof,default,,0.99259,0.46932,0.99972,0.76702,0.68,,17.0,25001,1,0.00204,ok
ucr,100_UCR_Anomaly_NOISELab2Cmac011215EPG1_5000_17210_17260,NOISELab2Cmac011215EPG1,,lof,tuned,"{'w': 50, 'k': 30}",0.99962,0.51145,0.99971,0.76842,1.98,1.68,0.0,25001,1,0.00204,ok
ucr,100_UCR_Anomaly_NOISELab2Cmac011215EPG1_5000_17210_17260,NOISELab2Cmac011215EPG1,,knn,default,,0.99316,0.49529,0.99972,0.76702,0.5,,17.0,25001,1,0.00204,ok
ucr,100_UCR_Anomaly_NOISELab2Cmac011215EPG1_5000_17210_17260,NOISELab2Cmac011215EPG1,,knn,tuned,"{'w': 50, 'k': 3}",0.99776,0.51257,0.9997,0.76842,2.1,1.35,0.0,25001,1,0.00204,ok
ucr,100_UCR_Anomaly_NOISELab2Cmac011215EPG1_5000_17210_17260,NOISELab2Cmac011215EPG1,,ae,default,,0.97118,0.53108,0.99968,0.76842,3.12,,31.7,25001,1,0.00204,ok
ucr,100_UCR_Anomaly_NOISELab2Cmac011215EPG1_5000_17210_17260,NOISELab2Cmac011215EPG1,,ae,tuned,"{'w': 50, 'hidden': 64, 'latent': 8}",0.98339,0.50976,0.99968,0.76842,5.86,11.68,0.0,25001,1,0.00204,ok
ucr,102_UCR_Anomaly_NOISEMesoplodonDensirostris_10000_19280_19440,NOISEMesoplodonDensirostris,,iforest,default,,0.02485,0.0298,0.69119,0.05111,1.93,,17.0,14667,1,0.01098,ok
ucr,102_UCR_Anomaly_NOISEMesoplodonDensirostris_10000_19280_19440,NOISEMesoplodonDensirostris,,iforest,tuned,"{'w': 100, 'n_estimators': 200}",0.02485,0.0298,0.69119,0.05111,2.77,7.82,0.0,14667,1,0.01098,ok
ucr,102_UCR_Anomaly_NOISEMesoplodonDensirostris_10000_19280_19440,NOISEMesoplodonDensirostris,,lof,default,,0.06916,0.08194,0.73679,0.1778,0.54,,17.0,14667,1,0.01098,ok
ucr,102_UCR_Anomaly_NOISEMesoplodonDensirostris_10000_19280_19440,NOISEMesoplodonDensirostris,,lof,tuned,"{'w': 50, 'k': 50}",0.26369,0.19943,0.81821,0.44772,1.87,2.84,0.0,14667,1,0.01098,ok
ucr,102_UCR_Anomaly_NOISEMesoplodonDensirostris_10000_19280_19440,NOISEMesoplodonDensirostris,,knn,default,,0.83502,0.6416,0.9973,0.93056,0.39,,17.0,14667,1,0.01098,ok
ucr,102_UCR_Anomaly_NOISEMesoplodonDensirostris_10000_19280_19440,NOISEMesoplodonDensirostris,,knn,tuned,"{'w': 100, 'k': 3}",0.84808,0.65653,0.9973,0.93232,1.0,1.96,0.0,14667,1,0.01098,ok
ucr,102_UCR_Anomaly_NOISEMesoplodonDensirostris_10000_19280_19440,NOISEMesoplodonDensirostris,,ae,default,,0.84333,0.59595,0.99728,0.93144,4.13,,28.0,14667,1,0.01098,ok
ucr,102_UCR_Anomaly_NOISEMesoplodonDensirostris_10000_19280_19440,NOISEMesoplodonDensirostris,,ae,tuned,"{'w': 100, 'hidden': 32, 'latent': 16}",0.82979,0.57462,0.99734,0.90138,4.76,22.36,0.0,14667,1,0.01098,ok
ucr,104_UCR_Anomaly_NOISEapneaecg4_6000_16000_16100,NOISEapneaecg4,,iforest,default,,0.00158,0.00415,0.65545,0.0,2.84,,17.0,32269,1,0.00313,ok
ucr,104_UCR_Anomaly_NOISEapneaecg4_6000_16000_16100,NOISEapneaecg4,,iforest,tuned,"{'w': 400, 'n_estimators': 200}",0.00158,0.00354,0.62459,0.0,7.33,6.68,0.0,32269,1,0.00313,ok
ucr,104_UCR_Anomaly_NOISEapneaecg4_6000_16000_16100,NOISEapneaecg4,,lof,default,,0.0016,0.00401,0.65801,0.0,0.91,,17.0,32269,1,0.00313,ok
ucr,104_UCR_Anomaly_NOISEapneaecg4_6000_16000_16100,NOISEapneaecg4,,lof,tuned,"{'w': 400, 'k': 10}",0.00176,0.00278,0.64236,0.0,1.67,2.16,0.0,32269,1,0.00313,ok
ucr,104_UCR_Anomaly_NOISEapneaecg4_6000_16000_16100,NOISEapneaecg4,,knn,default,,0.00499,0.00626,0.63572,0.00976,0.67,,17.0,32269,1,0.00313,ok
ucr,104_UCR_Anomaly_NOISEapneaecg4_6000_16000_16100,NOISEapneaecg4,,knn,tuned,"{'w': 50, 'k': 3}",0.00325,0.00526,0.58413,0.00428,2.27,1.45,0.0,32269,1,0.00313,ok
ucr,104_UCR_Anomaly_NOISEapneaecg4_6000_16000_16100,NOISEapneaecg4,,ae,default,,0.00158,0.00403,0.64544,0.0,3.9,,34.9,32269,1,0.00313,ok
ucr,104_UCR_Anomaly_NOISEapneaecg4_6000_16000_16100,NOISEapneaecg4,,ae,tuned,"{'w': 50, 'hidden': 64, 'latent': 8}",0.00163,0.00285,0.64997,0.0,7.56,14.17,0.0,32269,1,0.00313,ok
ucr,106_UCR_Anomaly_NOISEgaitHunt2_18500_31200_31850,NOISEgaitHunt2,,iforest,default,,0.08267,0.08239,0.66909,0.19229,3.88,,17.0,45500,1,0.01431,ok
ucr,106_UCR_Anomaly_NOISEgaitHunt2_18500_31200_31850,NOISEgaitHunt2,,iforest,tuned,"{'w': 100, 'n_estimators': 200}",0.08267,0.08239,0.66909,0.19229,5.68,9.83,0.0,45500,1,0.01431,ok
ucr,106_UCR_Anomaly_NOISEgaitHunt2_18500_31200_31850,NOISEgaitHunt2,,lof,default,,0.42452,0.42105,0.92456,0.62016,1.92,,17.0,45500,1,0.01431,ok
ucr,106_UCR_Anomaly_NOISEgaitHunt2_18500_31200_31850,NOISEgaitHunt2,,lof,tuned,"{'w': 100, 'k': 30}",0.45349,0.4604,0.92039,0.67631,3.35,5.1,0.0,45500,1,0.01431,ok
ucr,106_UCR_Anomaly_NOISEgaitHunt2_18500_31200_31850,NOISEgaitHunt2,,knn,default,,0.42466,0.41886,0.92694,0.61348,1.41,,17.0,45500,1,0.01431,ok
ucr,106_UCR_Anomaly_NOISEgaitHunt2_18500_31200_31850,NOISEgaitHunt2,,knn,tuned,"{'w': 100, 'k': 5}",0.42466,0.41886,0.92694,0.61348,3.12,3.15,0.0,45500,1,0.01431,ok
ucr,106_UCR_Anomaly_NOISEgaitHunt2_18500_31200_31850,NOISEgaitHunt2,,ae,default,,0.42588,0.33172,0.99381,0.54098,8.87,,42.4,45500,1,0.01431,ok
ucr,106_UCR_Anomaly_NOISEgaitHunt2_18500_31200_31850,NOISEgaitHunt2,,ae,tuned,"{'w': 200, 'hidden': 32, 'latent': 16}",0.13574,0.15407,0.77939,0.33592,10.2,44.76,0.0,45500,1,0.01431,ok
ucr,108_UCR_Anomaly_NOISEresperation2_30000_168250_168250,NOISEresperation2,,iforest,default,,1e-05,2e-05,0.6481,0.0,11.63,,17.0,170051,1,1e-05,ok
ucr,108_UCR_Anomaly_NOISEresperation2_30000_168250_168250,NOISEresperation2,,iforest,tuned,"{'w': 400, 'n_estimators': 200}",1e-05,2e-05,0.61547,0.0,34.76,12.8,0.0,170051,1,1e-05,ok
ucr,108_UCR_Anomaly_NOISEresperation2_30000_168250_168250,NOISEresperation2,,lof,default,,1e-05,2e-05,0.51426,0.0,8.02,,17.0,170051,1,1e-05,ok
ucr,108_UCR_Anomaly_NOISEresperation2_30000_168250_168250,NOISEresperation2,,lof,tuned,"{'w': 100, 'k': 10}",1e-05,2e-05,0.54605,0.0,12.76,5.1,0.0,170051,1,1e-05,ok
ucr,108_UCR_Anomaly_NOISEresperation2_30000_168250_168250,NOISEresperation2,,knn,default,,1e-05,2e-05,0.56165,0.0,7.05,,17.0,170051,1,1e-05,ok
ucr,108_UCR_Anomaly_NOISEresperation2_30000_168250_168250,NOISEresperation2,,knn,tuned,"{'w': 100, 'k': 3}",1e-05,2e-05,0.56249,0.0,12.31,4.12,0.0,170051,1,1e-05,ok
ucr,108_UCR_Anomaly_NOISEresperation2_30000_168250_168250,NOISEresperation2,,ae,default,,1e-05,2e-05,0.58569,0.0,19.52,,91.7,170051,1,1e-05,ok
ucr,108_UCR_Anomaly_NOISEresperation2_30000_168250_168250,NOISEresperation2,,ae,tuned,"{'w': 100, 'hidden': 32, 'latent': 8}",1e-05,2e-05,0.60159,0.0,25.2,47.64,0.0,170051,1,1e-05,ok
ucr,110_UCR_Anomaly_2sddb40_35000_56600_56900,2sddb40,,iforest,default,,0.00349,0.00651,0.63684,0.00052,3.79,,17.0,45001,1,0.00669,ok
ucr,110_UCR_Anomaly_2sddb40_35000_56600_56900,2sddb40,,iforest,tuned,"{'w': 200, 'n_estimators': 100}",0.00337,0.00626,0.63609,0.0,5.56,12.12,0.0,45001,1,0.00669,ok
ucr,110_UCR_Anomaly_2sddb40_35000_56600_56900,2sddb40,,lof,default,,0.02034,0.02561,0.65247,0.06468,2.9,,17.0,45001,1,0.00669,ok
ucr,110_UCR_Anomaly_2sddb40_35000_56600_56900,2sddb40,,lof,tuned,"{'w': 200, 'k': 50}",0.01481,0.02051,0.65459,0.04975,3.4,7.52,0.0,45001,1,0.00669,ok
ucr,110_UCR_Anomaly_2sddb40_35000_56600_56900,2sddb40,,knn,default,,0.01453,0.01959,0.66213,0.0437,2.01,,17.0,45001,1,0.00669,ok
ucr,110_UCR_Anomaly_2sddb40_35000_56600_56900,2sddb40,,knn,tuned,"{'w': 200, 'k': 5}",0.021,0.02888,0.66778,0.07277,2.82,5.37,0.0,45001,1,0.00669,ok
ucr,110_UCR_Anomaly_2sddb40_35000_56600_56900,2sddb40,,ae,default,,0.00566,0.00928,0.65821,0.01193,14.37,,43.0,45001,1,0.00669,ok
ucr,110_UCR_Anomaly_2sddb40_35000_56600_56900,2sddb40,,ae,tuned,"{'w': 200, 'hidden': 32, 'latent': 8}",0.0068,0.0103,0.66237,0.01334,12.87,68.96,0.0,45001,1,0.00669,ok
ucr,112_UCR_Anomaly_BIDMC1_2500_5400_5600,BIDMC1,,iforest,default,,0.59123,0.46629,0.9965,0.72851,1.53,,17.0,8500,1,0.02365,ok
ucr,112_UCR_Anomaly_BIDMC1_2500_5400_5600,BIDMC1,,lof,default,,0.88555,0.75707,0.99844,0.96773,0.23,,17.0,8500,1,0.02365,ok
ucr,112_UCR_Anomaly_BIDMC1_2500_5400_5600,BIDMC1,,knn,default,,0.8814,0.74367,0.99868,0.9701,0.15,,17.0,8500,1,0.02365,ok
ucr,112_UCR_Anomaly_BIDMC1_2500_5400_5600,BIDMC1,,ae,default,,0.87214,0.74021,0.99841,0.96829,1.35,,25.5,8500,1,0.02365,ok
ucr,114_UCR_Anomaly_CIMIS44AirTemperature2_4000_5703_5727,CIMIS44AirTemperature2,,iforest,default,,0.01397,0.02054,0.76002,0.04708,1.36,,17.0,4184,1,0.00598,ok
ucr,114_UCR_Anomaly_CIMIS44AirTemperature2_4000_5703_5727,CIMIS44AirTemperature2,,iforest,tuned,"{'w': 50, 'n_estimators': 100}",0.01804,0.02348,0.77466,0.05734,0.98,6.35,0.0,4184,1,0.00598,ok
ucr,114_UCR_Anomaly_CIMIS44AirTemperature2_4000_5703_5727,CIMIS44AirTemperature2,,lof,default,,0.03245,0.04902,0.83617,0.10213,0.19,,17.0,4184,1,0.00598,ok
ucr,114_UCR_Anomaly_CIMIS44AirTemperature2_4000_5703_5727,CIMIS44AirTemperature2,,lof,tuned,"{'w': 50, 'k': 50}",0.99846,0.88124,0.99884,1.0,0.51,1.78,0.0,4184,1,0.00598,ok
ucr,114_UCR_Anomaly_CIMIS44AirTemperature2_4000_5703_5727,CIMIS44AirTemperature2,,knn,default,,0.16754,0.205,0.83757,0.37594,0.09,,17.0,4184,1,0.00598,ok
ucr,114_UCR_Anomaly_CIMIS44AirTemperature2_4000_5703_5727,CIMIS44AirTemperature2,,knn,tuned,"{'w': 50, 'k': 5}",0.99846,0.88707,0.99884,1.0,0.39,1.36,0.0,4184,1,0.00598,ok
ucr,114_UCR_Anomaly_CIMIS44AirTemperature2_4000_5703_5727,CIMIS44AirTemperature2,,ae,default,,0.99544,0.89869,0.99884,0.98404,1.74,,23.9,4184,1,0.00598,ok
ucr,114_UCR_Anomaly_CIMIS44AirTemperature2_4000_5703_5727,CIMIS44AirTemperature2,,ae,tuned,"{'w': 100, 'hidden': 32, 'latent': 8}",0.99846,0.89416,0.99884,1.0,1.99,10.7,0.0,4184,1,0.00598,ok
ucr,116_UCR_Anomaly_CIMIS44AirTemperature4_4000_5549_5597,CIMIS44AirTemperature4,,iforest,default,,0.02693,0.03685,0.78504,0.07556,1.33,,17.0,4184,1,0.01171,ok
ucr,116_UCR_Anomaly_CIMIS44AirTemperature4_4000_5549_5597,CIMIS44AirTemperature4,,iforest,tuned,"{'w': 50, 'n_estimators': 100}",0.04805,0.05347,0.81444,0.12965,0.94,6.26,0.0,4184,1,0.01171,ok
ucr,116_UCR_Anomaly_CIMIS44AirTemperature4_4000_5549_5597,CIMIS44AirTemperature4,,lof,default,,0.03929,0.0531,0.8265,0.12188,0.18,,17.0,4184,1,0.01171,ok
ucr,116_UCR_Anomaly_CIMIS44AirTemperature4_4000_5549_5597,CIMIS44AirTemperature4,,lof,tuned,"{'w': 50, 'k': 50}",0.0844,0.09719,0.83137,0.20844,0.52,1.79,0.0,4184,1,0.01171,ok
ucr,116_UCR_Anomaly_CIMIS44AirTemperature4_4000_5549_5597,CIMIS44AirTemperature4,,knn,default,,0.0539,0.07418,0.83925,0.16306,0.09,,17.0,4184,1,0.01171,ok
ucr,116_UCR_Anomaly_CIMIS44AirTemperature4_4000_5549_5597,CIMIS44AirTemperature4,,knn,tuned,"{'w': 50, 'k': 5}",0.19679,0.19302,0.84868,0.3831,0.38,1.33,0.0,4184,1,0.01171,ok
ucr,116_UCR_Anomaly_CIMIS44AirTemperature4_4000_5549_5597,CIMIS44AirTemperature4,,ae,default,,0.71797,0.6022,0.99724,0.79641,1.79,,23.9,4184,1,0.01171,ok
ucr,116_UCR_Anomaly_CIMIS44AirTemperature4_4000_5549_5597,CIMIS44AirTemperature4,,ae,tuned,"{'w': 100, 'hidden': 32, 'latent': 8}",0.35645,0.36539,0.94343,0.59975,2.02,10.25,0.0,4184,1,0.01171,ok
ucr,118_UCR_Anomaly_CIMIS44AirTemperature6_4000_6006_6054,CIMIS44AirTemperature6,,iforest,default,,0.01912,0.02843,0.77435,0.01887,1.31,,17.0,4184,1,0.01171,ok
ucr,118_UCR_Anomaly_CIMIS44AirTemperature6_4000_6006_6054,CIMIS44AirTemperature6,,iforest,tuned,"{'w': 50, 'n_estimators': 100}",0.01564,0.02382,0.73058,0.015,0.95,6.86,0.0,4184,1,0.01171,ok
ucr,118_UCR_Anomaly_CIMIS44AirTemperature6_4000_6006_6054,CIMIS44AirTemperature6,,lof,default,,0.10173,0.13924,0.83014,0.20676,0.18,,17.0,4184,1,0.01171,ok
ucr,118_UCR_Anomaly_CIMIS44AirTemperature6_4000_6006_6054,CIMIS44AirTemperature6,,lof,tuned,"{'w': 50, 'k': 50}",0.62951,0.65856,0.99533,0.79766,0.67,1.93,0.0,4184,1,0.01171,ok
ucr,118_UCR_Anomaly_CIMIS44AirTemperature6_4000_6006_6054,CIMIS44AirTemperature6,,knn,default,,0.60042,0.61573,0.99606,0.75365,0.13,,17.0,4184,1,0.01171,ok
ucr,118_UCR_Anomaly_CIMIS44AirTemperature6_4000_6006_6054,CIMIS44AirTemperature6,,knn,tuned,"{'w': 50, 'k': 5}",0.71475,0.69324,0.99674,0.85961,0.51,1.65,0.0,4184,1,0.01171,ok
ucr,118_UCR_Anomaly_CIMIS44AirTemperature6_4000_6006_6054,CIMIS44AirTemperature6,,ae,default,,0.70081,0.78545,0.99602,0.81765,2.1,,23.9,4184,1,0.01171,ok
ucr,118_UCR_Anomaly_CIMIS44AirTemperature6_4000_6006_6054,CIMIS44AirTemperature6,,ae,tuned,"{'w': 100, 'hidden': 32, 'latent': 8}",0.47482,0.63311,0.99481,0.71815,2.01,10.97,0.0,4184,1,0.01171,ok
ucr,120_UCR_Anomaly_ECG2_15000_16000_16100,ECG2,,iforest,default,,0.05525,0.07518,0.77675,0.13581,1.95,,17.0,15000,1,0.00673,ok
ucr,120_UCR_Anomaly_ECG2_15000_16000_16100,ECG2,,iforest,tuned,"{'w': 100, 'n_estimators': 100}",0.05795,0.07621,0.78569,0.14177,1.93,9.13,0.0,15000,1,0.00673,ok
ucr,120_UCR_Anomaly_ECG2_15000_16000_16100,ECG2,,lof,default,,0.06536,0.08215,0.79569,0.17815,0.68,,17.0,15000,1,0.00673,ok
ucr,120_UCR_Anomaly_ECG2_15000_16000_16100,ECG2,,lof,tuned,"{'w': 100, 'k': 30}",0.07896,0.09378,0.79939,0.19496,1.25,3.84,0.0,15000,1,0.00673,ok
ucr,120_UCR_Anomaly_ECG2_15000_16000_16100,ECG2,,knn,default,,0.12525,0.13455,0.81755,0.2643,0.44,,17.0,15000,1,0.00673,ok
ucr,120_UCR_Anomaly_ECG2_15000_16000_16100,ECG2,,knn,tuned,"{'w': 100, 'k': 3}",0.18449,0.18851,0.84014,0.35701,1.07,2.68,0.0,15000,1,0.00673,ok
ucr,120_UCR_Anomaly_ECG2_15000_16000_16100,ECG2,,ae,default,,0.09324,0.10802,0.79836,0.20894,5.86,,29.5,15000,1,0.00673,ok
ucr,120_UCR_Anomaly_ECG2_15000_16000_16100,ECG2,,ae,tuned,"{'w': 100, 'hidden': 64, 'latent': 8}",0.07214,0.08689,0.78927,0.17647,6.36,33.35,0.0,15000,1,0.00673,ok
ucr,122_UCR_Anomaly_ECG3_8000_17000_17100,ECG3,,iforest,default,,0.00233,0.00498,0.7736,0.0,2.27,,17.0,22000,1,0.00459,ok
ucr,122_UCR_Anomaly_ECG3_8000_17000_17100,ECG3,,iforest,tuned,"{'w': 100, 'n_estimators': 200}",0.00233,0.00498,0.7736,0.0,3.28,7.59,0.0,22000,1,0.00459,ok
ucr,122_UCR_Anomaly_ECG3_8000_17000_17100,ECG3,,lof,default,,0.87919,0.72526,0.99874,0.87857,0.7,,17.0,22000,1,0.00459,ok
ucr,122_UCR_Anomaly_ECG3_8000_17000_17100,ECG3,,lof,tuned,"{'w': 200, 'k': 10}",0.94174,0.80911,0.99884,0.90455,1.3,2.44,0.0,22000,1,0.00459,ok
ucr,122_UCR_Anomaly_ECG3_8000_17000_17100,ECG3,,knn,default,,0.46267,0.29665,0.99879,0.61113,0.49,,17.0,22000,1,0.00459,ok
ucr,122_UCR_Anomaly_ECG3_8000_17000_17100,ECG3,,knn,tuned,"{'w': 50, 'k': 3}",0.47699,0.21193,0.99876,0.55644,1.67,1.74,0.0,22000,1,0.00459,ok
ucr,122_UCR_Anomaly_ECG3_8000_17000_17100,ECG3,,ae,default,,0.09491,0.08458,0.72707,0.22311,4.04,,30.7,22000,1,0.00459,ok
ucr,122_UCR_Anomaly_ECG3_8000_17000_17100,ECG3,,ae,tuned,"{'w': 50, 'hidden': 64, 'latent': 8}",0.46327,0.24363,0.99876,0.55682,8.09,18.45,0.0,22000,1,0.00459,ok
ucr,124_UCR_Anomaly_ECG4_5000_16900_17100,ECG4,,iforest,default,,0.00837,0.02531,0.92893,0.01002,2.41,,17.0,25000,1,0.00804,ok
ucr,124_UCR_Anomaly_ECG4_5000_16900_17100,ECG4,,iforest,tuned,"{'w': 50, 'n_estimators': 100}",0.0083,0.01537,0.69425,0.00892,2.86,7.2,0.0,25000,1,0.00804,ok
ucr,124_UCR_Anomaly_ECG4_5000_16900_17100,ECG4,,lof,default,,0.99124,0.85478,0.99948,0.9652,0.75,,17.0,25000,1,0.00804,ok
ucr,124_UCR_Anomaly_ECG4_5000_16900_17100,ECG4,,lof,tuned,"{'w': 50, 'k': 30}",0.72501,0.49025,0.99811,0.8211,2.66,1.71,0.0,25000,1,0.00804,ok
ucr,124_UCR_Anomaly_ECG4_5000_16900_17100,ECG4,,knn,default,,0.93199,0.82858,0.99903,0.93828,0.49,,17.0,25000,1,0.00804,ok
ucr,124_UCR_Anomaly_ECG4_5000_16900_17100,ECG4,,knn,tuned,"{'w': 50, 'k': 3}",0.64235,0.46771,0.9981,0.70124,1.7,1.65,0.0,25000,1,0.00804,ok
ucr,124_UCR_Anomaly_ECG4_5000_16900_17100,ECG4,,ae,default,,0.86415,0.75355,0.99872,0.88587,3.41,,31.7,25000,1,0.00804,ok
ucr,124_UCR_Anomaly_ECG4_5000_16900_17100,ECG4,,ae,tuned,"{'w': 50, 'hidden': 64, 'latent': 8}",0.52434,0.38176,0.99812,0.59164,5.83,11.81,0.0,25000,1,0.00804,ok
ucr,126_UCR_Anomaly_ECG4_8000_17000_17100,ECG4,,iforest,default,,0.00233,0.00499,0.7736,0.0,2.3,,17.0,22000,1,0.00459,ok
ucr,126_UCR_Anomaly_ECG4_8000_17000_17100,ECG4,,iforest,tuned,"{'w': 100, 'n_estimators': 200}",0.00233,0.00499,0.7736,0.0,3.24,7.55,0.0,22000,1,0.00459,ok
ucr,126_UCR_Anomaly_ECG4_8000_17000_17100,ECG4,,lof,default,,0.88953,0.73622,0.99884,0.87857,0.65,,17.0,22000,1,0.00459,ok
ucr,126_UCR_Anomaly_ECG4_8000_17000_17100,ECG4,,lof,tuned,"{'w': 200, 'k': 10}",0.96723,0.83884,0.99911,0.91964,1.32,2.4,0.0,22000,1,0.00459,ok
ucr,126_UCR_Anomaly_ECG4_8000_17000_17100,ECG4,,knn,default,,0.42642,0.28942,0.99884,0.60672,0.5,,17.0,22000,1,0.00459,ok
ucr,126_UCR_Anomaly_ECG4_8000_17000_17100,ECG4,,knn,tuned,"{'w': 50, 'k': 3}",0.46441,0.20707,0.99876,0.55145,1.74,1.71,0.0,22000,1,0.00459,ok
ucr,126_UCR_Anomaly_ECG4_8000_17000_17100,ECG4,,ae,default,,0.01059,0.01104,0.71259,0.02323,4.08,,30.7,22000,1,0.00459,ok
ucr,126_UCR_Anomaly_ECG4_8000_17000_17100,ECG4,,ae,tuned,"{'w': 50, 'hidden': 64, 'latent': 8}",0.21077,0.17927,0.76231,0.36933,8.07,18.48,0.0,22000,1,0.00459,ok
ucr,128_UCR_Anomaly_GP711MarkerLFM5z2_5000_7175_7388,GP711MarkerLFM5z2,,iforest,default,,0.39364,0.39076,0.99243,0.51092,1.51,,17.0,7000,1,0.03057,ok
ucr,128_UCR_Anomaly_GP711MarkerLFM5z2_5000_7175_7388,GP711MarkerLFM5z2,,iforest,tuned,"{'w': 50, 'n_estimators': 100}",0.04536,0.05566,0.66708,0.08582,1.16,6.61,0.0,7000,1,0.03057,ok
ucr,128_UCR_Anomaly_GP711MarkerLFM5z2_5000_7175_7388,GP711MarkerLFM5z2,,lof,default,,0.9282,0.84796,0.99832,0.96167,0.25,,17.0,7000,1,0.03057,ok
ucr,128_UCR_Anomaly_GP711MarkerLFM5z2_5000_7175_7388,GP711MarkerLFM5z2,,lof,tuned,"{'w': 50, 'k': 30}",0.82579,0.73254,0.99718,0.92238,0.69,1.61,0.0,7000,1,0.03057,ok
ucr,128_UCR_Anomaly_GP711MarkerLFM5z2_5000_7175_7388,GP711MarkerLFM5z2,,knn,default,,0.77395,0.69909,0.99635,0.95353,0.15,,17.0,7000,1,0.03057,ok
ucr,128_UCR_Anomaly_GP711MarkerLFM5z2_5000_7175_7388,GP711MarkerLFM5z2,,knn,tuned,"{'w': 50, 'k': 3}",0.6411,0.5141,0.99686,0.75,0.57,1.33,0.0,7000,1,0.03057,ok
ucr,128_UCR_Anomaly_GP711MarkerLFM5z2_5000_7175_7388,GP711MarkerLFM5z2,,ae,default,,0.62464,0.65029,0.99202,0.81112,2.03,,24.5,7000,1,0.03057,ok
ucr,128_UCR_Anomaly_GP711MarkerLFM5z2_5000_7175_7388,GP711MarkerLFM5z2,,ae,tuned,"{'w': 100, 'hidden': 64, 'latent': 8}",0.71622,0.69631,0.99362,0.90171,2.43,12.11,0.0,7000,1,0.03057,ok
ucr,130_UCR_Anomaly_GP711MarkerLFM5z4_4000_6527_6645,GP711MarkerLFM5z4,,iforest,default,,0.57211,0.38044,0.9964,0.69162,1.54,,17.0,8000,1,0.01487,ok
ucr,130_UCR_Anomaly_GP711MarkerLFM5z4_4000_6527_6645,GP711MarkerLFM5z4,,iforest,tuned,"{'w': 50, 'n_estimators': 200}",0.06363,0.05625,0.67207,0.1391,1.81,6.27,0.0,8000,1,0.01487,ok
ucr,130_UCR_Anomaly_GP711MarkerLFM5z4_4000_6527_6645,GP711MarkerLFM5z4,,lof,default,,0.8381,0.85518,0.99663,0.91754,0.27,,17.0,8000,1,0.01487,ok
ucr,130_UCR_Anomaly_GP711MarkerLFM5z4_4000_6527_6645,GP711MarkerLFM5z4,,lof,tuned,"{'w': 50, 'k': 30}",0.83272,0.69343,0.99577,0.90907,0.7,1.75,0.0,8000,1,0.01487,ok
ucr,130_UCR_Anomaly_GP711MarkerLFM5z4_4000_6527_6645,GP711MarkerLFM5z4,,knn,default,,0.99503,0.92343,0.99938,0.99074,0.16,,17.0,8000,1,0.01487,ok
ucr,130_UCR_Anomaly_GP711MarkerLFM5z4_4000_6527_6645,GP711MarkerLFM5z4,,knn,tuned,"{'w': 100, 'k': 5}",0.99503,0.92343,0.99938,0.99074,0.74,1.45,0.0,8000,1,0.01487,ok
ucr,130_UCR_Anomaly_GP711MarkerLFM5z4_4000_6527_6645,GP711MarkerLFM5z4,,ae,default,,0.99032,0.91898,0.99928,0.9864,2.19,,25.5,8000,1,0.01487,ok
ucr,130_UCR_Anomaly_GP711MarkerLFM5z4_4000_6527_6645,GP711MarkerLFM5z4,,ae,tuned,"{'w': 100, 'hidden': 32, 'latent': 16}",0.99491,0.88273,0.99939,0.9918,2.74,11.43,0.0,8000,1,0.01487,ok
ucr,132_UCR_Anomaly_InternalBleeding10_3200_4526_4556,InternalBleeding10,,iforest,default,,0.018,0.02713,0.67605,0.06275,1.33,,17.0,4301,1,0.00721,ok
ucr,132_UCR_Anomaly_InternalBleeding10_3200_4526_4556,InternalBleeding10,,iforest,tuned,"{'w': 50, 'n_estimators': 200}",0.00717,0.0107,0.65705,0.0,1.56,6.48,0.0,4301,1,0.00721,ok
ucr,132_UCR_Anomaly_InternalBleeding10_3200_4526_4556,InternalBleeding10,,lof,default,,0.01979,0.02772,0.64805,0.05652,0.16,,17.0,4301,1,0.00721,ok
ucr,132_UCR_Anomaly_InternalBleeding10_3200_4526_4556,InternalBleeding10,,lof,tuned,"{'w': 50, 'k': 50}",0.44608,0.42352,0.99762,0.57975,0.47,1.5,0.0,4301,1,0.00721,ok
ucr,132_UCR_Anomaly_InternalBleeding10_3200_4526_4556,InternalBleeding10,,knn,default,,0.8737,0.83066,0.99846,0.90191,0.09,,17.0,4301,1,0.00721,ok
ucr,132_UCR_Anomaly_InternalBleeding10_3200_4526_4556,InternalBleeding10,,knn,tuned,"{'w': 100, 'k': 5}",0.8737,0.83066,0.99846,0.90191,0.35,1.23,0.0,4301,1,0.00721,ok
ucr,132_UCR_Anomaly_InternalBleeding10_3200_4526_4556,InternalBleeding10,,ae,default,,0.03469,0.04824,0.65609,0.07761,1.43,,23.8,4301,1,0.00721,ok
ucr,132_UCR_Anomaly_InternalBleeding10_3200_4526_4556,InternalBleeding10,,ae,tuned,"{'w': 50, 'hidden': 32, 'latent': 16}",0.42079,0.45638,0.9956,0.55486,3.17,8.17,0.0,4301,1,0.00721,ok
ucr,134_UCR_Anomaly_InternalBleeding15_1700_5684_5854,InternalBleeding15,,iforest,default,,0.52407,0.37462,0.99517,0.6443,1.43,,17.0,5901,1,0.02898,ok
ucr,134_UCR_Anomaly_InternalBleeding15_1700_5684_5854,InternalBleeding15,,lof,default,,0.55101,0.39217,0.99651,0.67261,0.16,,17.0,5901,1,0.02898,ok
ucr,134_UCR_Anomaly_InternalBleeding15_1700_5684_5854,InternalBleeding15,,knn,default,,0.99811,0.88453,0.99993,1.0,0.11,,17.0,5901,1,0.02898,ok
ucr,134_UCR_Anomaly_InternalBleeding15_1700_5684_5854,InternalBleeding15,,ae,default,,0.04754,0.04826,0.69233,0.0775,1.09,,23.8,5901,1,0.02898,ok
ucr,136_UCR_Anomaly_InternalBleeding17_1600_3198_3309,InternalBleeding17,,iforest,default,,0.03563,0.03721,0.66587,0.06983,1.37,,17.0,5900,1,0.01898,ok
ucr,136_UCR_Anomaly_InternalBleeding17_1600_3198_3309,InternalBleeding17,,lof,default,,0.01927,0.0306,0.66569,0.01786,0.15,,17.0,5900,1,0.01898,ok
ucr,136_UCR_Anomaly_InternalBleeding17_1600_3198_3309,InternalBleeding17,,knn,default,,0.99781,0.85948,0.99995,1.0,0.11,,17.0,5900,1,0.01898,ok
ucr,136_UCR_Anomaly_InternalBleeding17_1600_3198_3309,InternalBleeding17,,ae,default,,0.73074,0.51107,0.99545,0.83139,1.11,,23.7,5900,1,0.01898,ok
ucr,138_UCR_Anomaly_InternalBleeding19_3000_4187_4197,InternalBleeding19,,iforest,default,,0.01048,0.01466,0.65001,0.03274,1.34,,17.0,4500,1,0.00244,ok
ucr,138_UCR_Anomaly_InternalBleeding19_3000_4187_4197,InternalBleeding19,,iforest,tuned,"{'w': 50, 'n_estimators': 200}",0.00875,0.01126,0.65171,0.02365,1.55,5.95,0.0,4500,1,0.00244,ok
ucr,138_UCR_Anomaly_InternalBleeding19_3000_4187_4197,InternalBleeding19,,lof,default,,0.95195,0.64335,0.99975,0.7973,0.16,,17.0,4500,1,0.00244,ok
ucr,138_UCR_Anomaly_InternalBleeding19_3000_4187_4197,InternalBleeding19,,lof,tuned,"{'w': 50, 'k': 50}",1.0,0.65139,0.99968,0.80556,0.57,1.53,0.0,4500,1,0.00244,ok
ucr,138_UCR_Anomaly_InternalBleeding19_3000_4187_4197,InternalBleeding19,,knn,default,,0.78355,0.58994,0.99963,0.7973,0.09,,17.0,4500,1,0.00244,ok
ucr,138_UCR_Anomaly_InternalBleeding19_3000_4187_4197,InternalBleeding19,,knn,tuned,"{'w': 200, 'k': 1}",0.94129,0.71356,0.99971,0.78205,0.36,1.21,0.0,4500,1,0.00244,ok
ucr,138_UCR_Anomaly_InternalBleeding19_3000_4187_4197,InternalBleeding19,,ae,default,,0.16835,0.24696,0.99622,0.37288,1.4,,23.8,4500,1,0.00244,ok
ucr,138_UCR_Anomaly_InternalBleeding19_3000_4187_4197,InternalBleeding19,,ae,tuned,"{'w': 200, 'hidden': 32, 'latent': 16}",0.00651,0.00946,0.64311,0.02172,1.46,8.0,0.0,4500,1,0.00244,ok
ucr,140_UCR_Anomaly_InternalBleeding4_1000_4675_5033,InternalBleeding4,,iforest,default,,0.61406,0.51202,0.99432,0.74,1.39,,17.0,6321,1,0.05679,ok
ucr,140_UCR_Anomaly_InternalBleeding4_1000_4675_5033,InternalBleeding4,,lof,default,,0.64026,0.56086,0.99353,0.75,0.14,,17.0,6321,1,0.05679,ok
ucr,140_UCR_Anomaly_InternalBleeding4_1000_4675_5033,InternalBleeding4,,knn,default,,0.68316,0.62844,0.99261,0.74936,0.11,,17.0,6321,1,0.05679,ok
ucr,140_UCR_Anomaly_InternalBleeding4_1000_4675_5033,InternalBleeding4,,ae,default,,0.71336,0.63566,0.99482,0.75,0.76,,23.9,6321,1,0.05679,ok
ucr,142_UCR_Anomaly_InternalBleeding6_1500_3474_3629,InternalBleeding6,,iforest,default,,0.86228,0.68384,0.99894,0.97396,1.39,,17.0,6154,1,0.02535,ok
ucr,142_UCR_Anomaly_InternalBleeding6_1500_3474_3629,InternalBleeding6,,lof,default,,0.90204,0.77522,0.99913,0.97973,0.16,,17.0,6154,1,0.02535,ok
ucr,142_UCR_Anomaly_InternalBleeding6_1500_3474_3629,InternalBleeding6,,knn,default,,0.942,0.8398,0.99925,0.99803,0.11,,17.0,6154,1,0.02535,ok
ucr,142_UCR_Anomaly_InternalBleeding6_1500_3474_3629,InternalBleeding6,,ae,default,,0.91426,0.76197,0.99927,1.0,1.06,,23.8,6154,1,0.02535,ok
ucr,144_UCR_Anomaly_InternalBleeding9_4200_6599_6681,InternalBleeding9,,iforest,default,,0.01314,0.02235,0.82369,0.0,1.3,,17.0,3301,1,0.02514,ok
ucr,144_UCR_Anomaly_InternalBleeding9_4200_6599_6681,InternalBleeding9,,iforest,tuned,"{'w': 100, 'n_estimators': 100}",0.01316,0.02245,0.8249,0.0,0.96,6.46,0.0,3301,1,0.02514,ok
ucr,144_UCR_Anomaly_InternalBleeding9_4200_6599_6681,InternalBleeding9,,lof,default,,0.01686,0.025,0.81208,0.0,0.16,,17.0,3301,1,0.02514,ok
ucr,144_UCR_Anomaly_InternalBleeding9_4200_6599_6681,InternalBleeding9,,lof,tuned,"{'w': 200, 'k': 10}",0.01518,0.02213,0.62134,0.0,0.32,1.79,0.0,3301,1,0.02514,ok
ucr,144_UCR_Anomaly_InternalBleeding9_4200_6599_6681,InternalBleeding9,,knn,default,,0.0174,0.02956,0.82851,0.0,0.07,,17.0,3301,1,0.02514,ok
ucr,144_UCR_Anomaly_InternalBleeding9_4200_6599_6681,InternalBleeding9,,knn,tuned,"{'w': 50, 'k': 3}",0.05871,0.07999,0.64563,0.13768,0.33,1.36,0.0,3301,1,0.02514,ok
ucr,144_UCR_Anomaly_InternalBleeding9_4200_6599_6681,InternalBleeding9,,ae,default,,0.01296,0.02134,0.81642,0.0,1.75,,22.3,3301,1,0.02514,ok
ucr,144_UCR_Anomaly_InternalBleeding9_4200_6599_6681,InternalBleeding9,,ae,tuned,"{'w': 200, 'hidden': 32, 'latent': 16}",0.01348,0.0211,0.60644,0.0,1.35,10.65,0.0,3301,1,0.02514,ok
ucr,146_UCR_Anomaly_Lab2Cmac011215EPG2_5000_27862_27932,Lab2Cmac011215EPG2,,iforest,default,,0.00328,0.00526,0.84747,0.00334,2.51,,17.0,24950,1,0.00285,ok
ucr,146_UCR_Anomaly_Lab2Cmac011215EPG2_5000_27862_27932,Lab2Cmac011215EPG2,,iforest,tuned,"{'w': 50, 'n_estimators': 100}",0.00802,0.01341,0.77876,0.02011,2.38,6.65,0.0,24950,1,0.00285,ok
ucr,146_UCR_Anomaly_Lab2Cmac011215EPG2_5000_27862_27932,Lab2Cmac011215EPG2,,lof,default,,0.00503,0.00633,0.84577,0.01101,0.72,,17.0,24950,1,0.00285,ok
ucr,146_UCR_Anomaly_Lab2Cmac011215EPG2_5000_27862_27932,Lab2Cmac011215EPG2,,lof,tuned,"{'w': 50, 'k': 30}",0.06496,0.06121,0.84747,0.15112,1.97,1.81,0.0,24950,1,0.00285,ok
ucr,146_UCR_Anomaly_Lab2Cmac011215EPG2_5000_27862_27932,Lab2Cmac011215EPG2,,knn,default,,0.01365,0.01495,0.84577,0.03857,0.49,,17.0,24950,1,0.00285,ok
ucr,146_UCR_Anomaly_Lab2Cmac011215EPG2_5000_27862_27932,Lab2Cmac011215EPG2,,knn,tuned,"{'w': 50, 'k': 3}",0.13367,0.12732,0.84747,0.30079,1.75,1.33,0.0,24950,1,0.00285,ok
ucr,146_UCR_Anomaly_Lab2Cmac011215EPG2_5000_27862_27932,Lab2Cmac011215EPG2,,ae,default,,0.0042,0.00503,0.84595,0.00388,3.12,,31.7,24950,1,0.00285,ok
ucr,146_UCR_Anomaly_Lab2Cmac011215EPG2_5000_27862_27932,Lab2Cmac011215EPG2,,ae,tuned,"{'w': 50, 'hidden': 64, 'latent': 8}",0.03946,0.03761,0.84717,0.11762,5.93,11.8,0.0,24950,1,0.00285,ok
ucr,148_UCR_Anomaly_Lab2Cmac011215EPG4_6000_17390_17520,Lab2Cmac011215EPG4,,iforest,default,,0.00542,0.00702,0.78673,0.00153,2.51,,17.0,24066,1,0.00544,ok
ucr,148_UCR_Anomaly_Lab2Cmac011215EPG4_6000_17390_17520,Lab2Cmac011215EPG4,,iforest,tuned,"{'w': 50, 'n_estimators': 100}",0.00523,0.00668,0.80094,0.00645,2.42,6.92,0.0,24066,1,0.00544,ok
ucr,148_UCR_Anomaly_Lab2Cmac011215EPG4_6000_17390_17520,Lab2Cmac011215EPG4,,lof,default,,0.02347,0.03019,0.77981,0.06856,0.71,,17.0,24066,1,0.00544,ok
ucr,148_UCR_Anomaly_Lab2Cmac011215EPG4_6000_17390_17520,Lab2Cmac011215EPG4,,lof,tuned,"{'w': 50, 'k': 30}",0.23483,0.28843,0.82612,0.48048,2.16,2.12,0.0,24066,1,0.00544,ok
ucr,148_UCR_Anomaly_Lab2Cmac011215EPG4_6000_17390_17520,Lab2Cmac011215EPG4,,knn,default,,0.14193,0.21128,0.77764,0.34534,0.49,,17.0,24066,1,0.00544,ok
ucr,148_UCR_Anomaly_Lab2Cmac011215EPG4_6000_17390_17520,Lab2Cmac011215EPG4,,knn,tuned,"{'w': 50, 'k': 3}",0.2645,0.32915,0.86948,0.49342,1.79,1.46,0.0,24066,1,0.00544,ok
ucr,148_UCR_Anomaly_Lab2Cmac011215EPG4_6000_17390_17520,Lab2Cmac011215EPG4,,ae,default,,0.01188,0.01519,0.77509,0.03549,3.45,,31.4,24066,1,0.00544,ok
ucr,148_UCR_Anomaly_Lab2Cmac011215EPG4_6000_17390_17520,Lab2Cmac011215EPG4,,ae,tuned,"{'w': 50, 'hidden': 64, 'latent': 8}",0.10151,0.12125,0.80473,0.24087,6.62,14.67,0.0,24066,1,0.00544,ok
ucr,150_UCR_Anomaly_Lab2Cmac011215EPG6_7000_12190_12420,Lab2Cmac011215EPG6,,iforest,default,,0.00509,0.00924,0.60132,0.0,2.71,,17.0,22859,1,0.01011,ok
ucr,150_UCR_Anomaly_Lab2Cmac011215EPG6_7000_12190_12420,Lab2Cmac011215EPG6,,iforest,tuned,"{'w': 50, 'n_estimators': 100}",0.00509,0.00898,0.61061,0.0,2.36,7.1,0.0,22859,1,0.01011,ok
ucr,150_UCR_Anomaly_Lab2Cmac011215EPG6_7000_12190_12420,Lab2Cmac011215EPG6,,lof,default,,0.00824,0.01095,0.67952,0.0,0.82,,17.0,22859,1,0.01011,ok
ucr,150_UCR_Anomaly_Lab2Cmac011215EPG6_7000_12190_12420,Lab2Cmac011215EPG6,,lof,tuned,"{'w': 50, 'k': 30}",0.44347,0.36933,0.79806,0.73812,1.99,2.28,0.0,22859,1,0.01011,ok
ucr,150_UCR_Anomaly_Lab2Cmac011215EPG6_7000_12190_12420,Lab2Cmac011215EPG6,,knn,default,,0.04247,0.03995,0.71469,0.11116,0.52,,17.0,22859,1,0.01011,ok
ucr,150_UCR_Anomaly_Lab2Cmac011215EPG6_7000_12190_12420,Lab2Cmac011215EPG6,,knn,tuned,"{'w': 50, 'k': 3}",0.45559,0.38089,0.80801,0.73587,1.75,1.59,0.0,22859,1,0.01011,ok
ucr,150_UCR_Anomaly_Lab2Cmac011215EPG6_7000_12190_12420,Lab2Cmac011215EPG6,,ae,default,,0.00517,0.00839,0.67244,0.0,3.65,,31.0,22859,1,0.01011,ok
ucr,150_UCR_Anomaly_Lab2Cmac011215EPG6_7000_12190_12420,Lab2Cmac011215EPG6,,ae,tuned,"{'w': 50, 'hidden': 64, 'latent': 8}",0.00556,0.00814,0.69211,0.0,7.43,16.15,0.0,22859,1,0.01011,ok
ucr,152_UCR_Anomaly_PowerDemand1_9000_18485_18821,PowerDemand1,,iforest,default,,0.00829,0.01287,0.64614,0.0,2.33,,17.0,20931,1,0.0161,ok
ucr,152_UCR_Anomaly_PowerDemand1_9000_18485_18821,PowerDemand1,,iforest,tuned,"{'w': 100, 'n_estimators': 100}",0.00838,0.01284,0.64395,0.0,2.34,7.64,0.0,20931,1,0.0161,ok
ucr,152_UCR_Anomaly_PowerDemand1_9000_18485_18821,PowerDemand1,,lof,default,,0.977,0.82288,0.99955,0.9901,0.67,,17.0,20931,1,0.0161,ok
ucr,152_UCR_Anomaly_PowerDemand1_9000_18485_18821,PowerDemand1,,lof,tuned,"{'w': 50, 'k': 50}",0.94903,0.74908,0.99961,0.9876,2.75,2.76,0.0,20931,1,0.0161,ok
ucr,152_UCR_Anomaly_PowerDemand1_9000_18485_18821,PowerDemand1,,knn,default,,0.99792,0.84258,0.99948,1.0,0.51,,17.0,20931,1,0.0161,ok
ucr,152_UCR_Anomaly_PowerDemand1_9000_18485_18821,PowerDemand1,,knn,tuned,"{'w': 100, 'k': 3}",0.99841,0.84285,0.99946,1.0,1.28,2.01,0.0,20931,1,0.0161,ok
ucr,152_UCR_Anomaly_PowerDemand1_9000_18485_18821,PowerDemand1,,ae,default,,0.02536,0.06097,0.74324,0.06968,4.2,,30.7,20931,1,0.0161,ok
ucr,152_UCR_Anomaly_PowerDemand1_9000_18485_18821,PowerDemand1,,ae,tuned,"{'w': 200, 'hidden': 32, 'latent': 16}",0.01312,0.03567,0.63065,0.01727,4.91,19.95,0.0,20931,1,0.0161,ok
ucr,154_UCR_Anomaly_PowerDemand3_16000_23405_23477,PowerDemand3,,iforest,default,,0.00304,0.00468,0.61483,0.0,1.96,,17.0,13931,1,0.00524,ok
ucr,154_UCR_Anomaly_PowerDemand3_16000_23405_23477,PowerDemand3,,iforest,tuned,"{'w': 100, 'n_estimators': 100}",0.00296,0.00459,0.60342,0.0,1.74,9.32,0.0,13931,1,0.00524,ok
ucr,154_UCR_Anomaly_PowerDemand3_16000_23405_23477,PowerDemand3,,lof,default,,0.02162,0.02283,0.62088,0.06066,0.7,,17.0,13931,1,0.00524,ok
ucr,154_UCR_Anomaly_PowerDemand3_16000_23405_23477,PowerDemand3,,lof,tuned,"{'w': 50, 'k': 50}",0.22055,0.27224,0.77856,0.48084,2.05,4.24,0.0,13931,1,0.00524,ok
ucr,154_UCR_Anomaly_PowerDemand3_16000_23405_23477,PowerDemand3,,knn,default,,0.0988,0.11807,0.68171,0.23888,0.42,,17.0,13931,1,0.00524,ok
ucr,154_UCR_Anomaly_PowerDemand3_16000_23405_23477,PowerDemand3,,knn,tuned,"{'w': 100, 'k': 5}",0.0988,0.11807,0.68171,0.23888,1.03,2.87,0.0,13931,1,0.00524,ok
ucr,154_UCR_Anomaly_PowerDemand3_16000_23405_23477,PowerDemand3,,ae,default,,0.14123,0.18483,0.69956,0.30911,6.12,,29.1,13931,1,0.00524,ok
ucr,154_UCR_Anomaly_PowerDemand3_16000_23405_23477,PowerDemand3,,ae,tuned,"{'w': 100, 'hidden': 32, 'latent': 8}",0.07973,0.09907,0.6939,0.20755,6.82,35.44,0.0,13931,1,0.00524,ok
ucr,156_UCR_Anomaly_TkeepFifthMARS_3500_5988_6085,TkeepFifthMARS,,iforest,default,,0.00682,0.01081,0.39851,0.0,1.88,,17.0,7834,1,0.01251,ok
ucr,156_UCR_Anomaly_TkeepFifthMARS_3500_5988_6085,TkeepFifthMARS,,iforest,tuned,"{'w': 100, 'n_estimators': 200}",0.00682,0.01081,0.39851,0.0,1.93,6.57,0.0,7834,1,0.01251,ok
ucr,156_UCR_Anomaly_TkeepFifthMARS_3500_5988_6085,TkeepFifthMARS,,lof,default,,0.99402,0.83563,0.99972,1.0,0.24,,17.0,7834,1,0.01251,ok
ucr,156_UCR_Anomaly_TkeepFifthMARS_3500_5988_6085,TkeepFifthMARS,,lof,tuned,"{'w': 100, 'k': 30}",0.99121,0.86284,0.99967,1.0,0.63,1.56,0.0,7834,1,0.01251,ok
ucr,156_UCR_Anomaly_TkeepFifthMARS_3500_5988_6085,TkeepFifthMARS,,knn,default,,0.93269,0.82911,0.99878,0.94396,0.15,,17.0,7834,1,0.01251,ok
ucr,156_UCR_Anomaly_TkeepFifthMARS_3500_5988_6085,TkeepFifthMARS,,knn,tuned,"{'w': 50, 'k': 3}",0.09968,0.29313,0.98443,0.21729,0.62,1.45,0.0,7834,1,0.01251,ok
ucr,156_UCR_Anomaly_TkeepFifthMARS_3500_5988_6085,TkeepFifthMARS,,ae,default,,0.98716,0.78448,0.99964,0.99697,1.64,,25.5,7834,1,0.01251,ok
ucr,156_UCR_Anomaly_TkeepFifthMARS_3500_5988_6085,TkeepFifthMARS,,ae,tuned,"{'w': 100, 'hidden': 32, 'latent': 8}",0.9946,0.74988,0.99969,1.0,2.95,8.71,0.0,7834,1,0.01251,ok
ucr,158_UCR_Anomaly_TkeepForthMARS_3500_5988_6085,TkeepForthMARS,,iforest,default,,0.00761,0.0123,0.401,0.0,1.47,,17.0,7808,1,0.01255,ok
ucr,158_UCR_Anomaly_TkeepForthMARS_3500_5988_6085,TkeepForthMARS,,iforest,tuned,"{'w': 100, 'n_estimators': 200}",0.00761,0.0123,0.401,0.0,1.89,6.1,0.0,7808,1,0.01255,ok
ucr,158_UCR_Anomaly_TkeepForthMARS_3500_5988_6085,TkeepForthMARS,,lof,default,,0.00712,0.01072,0.43111,0.0,0.24,,17.0,7808,1,0.01255,ok
ucr,158_UCR_Anomaly_TkeepForthMARS_3500_5988_6085,TkeepForthMARS,,lof,tuned,"{'w': 100, 'k': 30}",0.00749,0.01193,0.41295,0.0,0.64,1.52,0.0,7808,1,0.01255,ok
ucr,158_UCR_Anomaly_TkeepForthMARS_3500_5988_6085,TkeepForthMARS,,knn,default,,0.00766,0.01245,0.80774,0.0,0.15,,17.0,7808,1,0.01255,ok
ucr,158_UCR_Anomaly_TkeepForthMARS_3500_5988_6085,TkeepForthMARS,,knn,tuned,"{'w': 50, 'k': 3}",0.55309,0.56005,0.97468,0.8,0.64,1.21,0.0,7808,1,0.01255,ok
ucr,158_UCR_Anomaly_TkeepForthMARS_3500_5988_6085,TkeepForthMARS,,ae,default,,0.00695,0.0109,0.43634,0.0,1.69,,25.5,7808,1,0.01255,ok
ucr,158_UCR_Anomaly_TkeepForthMARS_3500_5988_6085,TkeepForthMARS,,ae,tuned,"{'w': 100, 'hidden': 32, 'latent': 8}",0.00998,0.02415,0.91018,0.01481,2.04,8.3,0.0,7808,1,0.01255,ok
ucr,160_UCR_Anomaly_TkeepThirdMARS_3500_4711_4809,TkeepThirdMARS,,iforest,default,,0.2253,0.33258,0.99267,0.35342,1.53,,17.0,7808,1,0.01268,ok
ucr,160_UCR_Anomaly_TkeepThirdMARS_3500_4711_4809,TkeepThirdMARS,,iforest,tuned,"{'w': 100, 'n_estimators': 200}",0.2253,0.33258,0.99267,0.35342,1.92,6.37,0.0,7808,1,0.01268,ok
ucr,160_UCR_Anomaly_TkeepThirdMARS_3500_4711_4809,TkeepThirdMARS,,lof,default,,0.75026,0.82126,0.99719,0.86005,0.24,,17.0,7808,1,0.01268,ok
ucr,160_UCR_Anomaly_TkeepThirdMARS_3500_4711_4809,TkeepThirdMARS,,lof,tuned,"{'w': 100, 'k': 30}",0.9156,0.93355,0.99786,0.94746,0.66,1.61,0.0,7808,1,0.01268,ok
ucr,160_UCR_Anomaly_TkeepThirdMARS_3500_4711_4809,TkeepThirdMARS,,knn,default,,0.9856,0.94659,0.99919,0.99398,0.15,,17.0,7808,1,0.01268,ok
ucr,160_UCR_Anomaly_TkeepThirdMARS_3500_4711_4809,TkeepThirdMARS,,knn,tuned,"{'w': 50, 'k': 3}",0.61022,0.75886,0.99594,0.78571,0.64,1.25,0.0,7808,1,0.01268,ok
ucr,160_UCR_Anomaly_TkeepThirdMARS_3500_4711_4809,TkeepThirdMARS,,ae,default,,0.63352,0.77072,0.99572,0.81897,1.64,,25.5,7808,1,0.01268,ok
ucr,160_UCR_Anomaly_TkeepThirdMARS_3500_4711_4809,TkeepThirdMARS,,ae,tuned,"{'w': 100, 'hidden': 32, 'latent': 8}",0.49686,0.58075,0.99329,0.70632,2.02,8.27,0.0,7808,1,0.01268,ok
ucr,162_UCR_Anomaly_WalkingAceleration5_2700_5920_5979,WalkingAceleration5,,iforest,default,,0.99418,0.95804,0.99936,0.98967,1.32,,17.0,3984,1,0.01506,ok
ucr,162_UCR_Anomaly_WalkingAceleration5_2700_5920_5979,WalkingAceleration5,,iforest,tuned,"{'w': 50, 'n_estimators': 200}",0.99918,0.90376,0.99938,0.9939,1.53,5.98,0.0,3984,1,0.01506,ok
ucr,162_UCR_Anomaly_WalkingAceleration5_2700_5920_5979,WalkingAceleration5,,lof,default,,0.9918,0.95346,0.99933,0.9877,0.15,,17.0,3984,1,0.01506,ok
ucr,162_UCR_Anomaly_WalkingAceleration5_2700_5920_5979,WalkingAceleration5,,lof,tuned,"{'w': 200, 'k': 10}",1.0,0.96197,0.9994,0.99194,0.34,1.77,0.0,3984,1,0.01506,ok
ucr,162_UCR_Anomaly_WalkingAceleration5_2700_5920_5979,WalkingAceleration5,,knn,default,,0.99367,0.95702,0.99933,0.9877,0.08,,17.0,3984,1,0.01506,ok
ucr,162_UCR_Anomaly_WalkingAceleration5_2700_5920_5979,WalkingAceleration5,,knn,tuned,"{'w': 50, 'k': 5}",0.99838,0.90931,0.99939,0.9939,0.36,1.14,0.0,3984,1,0.01506,ok
ucr,162_UCR_Anomaly_WalkingAceleration5_2700_5920_5979,WalkingAceleration5,,ae,default,,0.99257,0.95769,0.99929,0.98967,1.31,,23.7,3984,1,0.01506,ok
ucr,162_UCR_Anomaly_WalkingAceleration5_2700_5920_5979,WalkingAceleration5,,ae,tuned,"{'w': 200, 'hidden': 32, 'latent': 16}",0.99918,0.94767,0.99938,0.9939,1.11,7.25,0.0,3984,1,0.01506,ok
ucr,164_UCR_Anomaly_apneaecg3_5000_11111_11211,apneaecg3,,iforest,default,,0.00521,0.00711,0.65608,0.01152,2.86,,17.0,33379,1,0.00303,ok
ucr,164_UCR_Anomaly_apneaecg3_5000_11111_11211,apneaecg3,,iforest,tuned,"{'w': 400, 'n_estimators': 200}",0.00176,0.0032,0.62135,0.0,7.53,6.43,0.0,33379,1,0.00303,ok
ucr,164_UCR_Anomaly_apneaecg3_5000_11111_11211,apneaecg3,,lof,default,,0.00499,0.00659,0.65756,0.00929,0.87,,17.0,33379,1,0.00303,ok
ucr,164_UCR_Anomaly_apneaecg3_5000_11111_11211,apneaecg3,,lof,tuned,"{'w': 50, 'k': 30}",0.01411,0.01539,0.71849,0.03897,2.48,1.98,0.0,33379,1,0.00303,ok
ucr,164_UCR_Anomaly_apneaecg3_5000_11111_11211,apneaecg3,,knn,default,,0.00691,0.00881,0.64904,0.02389,0.66,,17.0,33379,1,0.00303,ok
ucr,164_UCR_Anomaly_apneaecg3_5000_11111_11211,apneaecg3,,knn,tuned,"{'w': 50, 'k': 3}",0.0312,0.03092,0.64294,0.08257,2.2,1.34,0.0,33379,1,0.00303,ok
ucr,164_UCR_Anomaly_apneaecg3_5000_11111_11211,apneaecg3,,ae,default,,0.00574,0.00704,0.65038,0.01883,3.56,,35.1,33379,1,0.00303,ok
ucr,164_UCR_Anomaly_apneaecg3_5000_11111_11211,apneaecg3,,ae,tuned,"{'w': 50, 'hidden': 64, 'latent': 8}",0.03028,0.02088,0.65776,0.06289,6.64,11.64,0.0,33379,1,0.00303,ok
ucr,166_UCR_Anomaly_apneaecg_10000_12240_12308,apneaecg,,iforest,default,,0.00148,0.00225,0.6497,0.0,2.79,,17.0,28501,1,0.00242,ok
ucr,166_UCR_Anomaly_apneaecg_10000_12240_12308,apneaecg,,iforest,tuned,"{'w': 100, 'n_estimators': 100}",0.00144,0.00222,0.64909,0.0,2.82,7.68,0.0,28501,1,0.00242,ok
ucr,166_UCR_Anomaly_apneaecg_10000_12240_12308,apneaecg,,lof,default,,0.00666,0.01139,0.66192,0.02424,0.9,,17.0,28501,1,0.00242,ok
ucr,166_UCR_Anomaly_apneaecg_10000_12240_12308,apneaecg,,lof,tuned,"{'w': 50, 'k': 30}",0.99582,0.47072,0.99962,0.80263,2.72,2.86,0.0,28501,1,0.00242,ok
ucr,166_UCR_Anomaly_apneaecg_10000_12240_12308,apneaecg,,knn,default,,0.07549,0.07115,0.61817,0.17169,0.69,,17.0,28501,1,0.00242,ok
ucr,166_UCR_Anomaly_apneaecg_10000_12240_12308,apneaecg,,knn,tuned,"{'w': 100, 'k': 3}",0.23081,0.18774,0.58739,0.39475,1.7,2.0,0.0,28501,1,0.00242,ok
ucr,166_UCR_Anomaly_apneaecg_10000_12240_12308,apneaecg,,ae,default,,0.00668,0.00797,0.60073,0.01957,5.0,,33.5,28501,1,0.00242,ok
ucr,166_UCR_Anomaly_apneaecg_10000_12240_12308,apneaecg,,ae,tuned,"{'w': 100, 'hidden': 64, 'latent': 8}",0.00558,0.0068,0.57866,0.01621,6.0,22.68,0.0,28501,1,0.00242,ok
ucr,168_UCR_Anomaly_gait2_22000_46500_46800,gait2,,iforest,default,,0.02538,0.02665,0.68574,0.0612,3.39,,17.0,43000,1,0.007,ok
ucr,168_UCR_Anomaly_gait2_22000_46500_46800,gait2,,iforest,tuned,"{'w': 400, 'n_estimators': 200}",0.0834,0.09444,0.83657,0.20913,9.27,10.72,0.0,43000,1,0.007,ok
ucr,168_UCR_Anomaly_gait2_22000_46500_46800,gait2,,lof,default,,0.55011,0.3307,0.99835,0.63189,1.95,,17.0,43000,1,0.007,ok
ucr,168_UCR_Anomaly_gait2_22000_46500_46800,gait2,,lof,tuned,"{'w': 200, 'k': 10}",0.70028,0.43818,0.99843,0.75911,2.62,5.65,0.0,43000,1,0.007,ok
ucr,168_UCR_Anomaly_gait2_22000_46500_46800,gait2,,knn,default,,0.59,0.33961,0.99833,0.65115,1.5,,17.0,43000,1,0.007,ok
ucr,168_UCR_Anomaly_gait2_22000_46500_46800,gait2,,knn,tuned,"{'w': 100, 'k': 3}",0.61527,0.35947,0.99833,0.66959,3.23,3.73,0.0,43000,1,0.007,ok
ucr,168_UCR_Anomaly_gait2_22000_46500_46800,gait2,,ae,default,,0.37121,0.18307,0.99824,0.41987,9.88,,40.3,43000,1,0.007,ok
ucr,168_UCR_Anomaly_gait2_22000_46500_46800,gait2,,ae,tuned,"{'w': 200, 'hidden': 32, 'latent': 16}",0.07069,0.09804,0.77019,0.16762,10.23,46.96,0.0,43000,1,0.007,ok
ucr,170_UCR_Anomaly_gaitHunt1_18500_33070_33180,gaitHunt1,,iforest,default,,0.01436,0.0137,0.65662,0.0369,3.87,,17.0,45500,1,0.00244,ok
ucr,170_UCR_Anomaly_gaitHunt1_18500_33070_33180,gaitHunt1,,iforest,tuned,"{'w': 100, 'n_estimators': 100}",0.01072,0.01066,0.65254,0.02649,4.27,9.78,0.0,45500,1,0.00244,ok
ucr,170_UCR_Anomaly_gaitHunt1_18500_33070_33180,gaitHunt1,,lof,default,,0.30436,0.15318,0.93988,0.3722,1.92,,17.0,45500,1,0.00244,ok
ucr,170_UCR_Anomaly_gaitHunt1_18500_33070_33180,gaitHunt1,,lof,tuned,"{'w': 100, 'k': 30}",0.23311,0.22683,0.8508,0.37085,3.34,4.72,0.0,45500,1,0.00244,ok
ucr,170_UCR_Anomaly_gaitHunt1_18500_33070_33180,gaitHunt1,,knn,default,,0.26027,0.27947,0.81514,0.51895,1.4,,17.0,45500,1,0.00244,ok
ucr,170_UCR_Anomaly_gaitHunt1_18500_33070_33180,gaitHunt1,,knn,tuned,"{'w': 100, 'k': 5}",0.26027,0.27947,0.81514,0.51895,3.03,3.44,0.0,45500,1,0.00244,ok
ucr,170_UCR_Anomaly_gaitHunt1_18500_33070_33180,gaitHunt1,,ae,default,,0.92286,0.37452,0.99961,0.79722,9.13,,42.4,45500,1,0.00244,ok
ucr,170_UCR_Anomaly_gaitHunt1_18500_33070_33180,gaitHunt1,,ae,tuned,"{'w': 200, 'hidden': 32, 'latent': 16}",0.00555,0.00703,0.67553,0.01645,10.37,40.4,0.0,45500,1,0.00244,ok
ucr,172_UCR_Anomaly_gaitHunt3_23400_38400_39200,gaitHunt3,,iforest,default,,0.5423,0.52987,0.99166,0.72046,3.53,,17.0,40600,1,0.01973,ok
ucr,172_UCR_Anomaly_gaitHunt3_23400_38400_39200,gaitHunt3,,iforest,tuned,"{'w': 100, 'n_estimators': 100}",0.53597,0.52889,0.99153,0.71722,3.91,10.75,0.0,40600,1,0.01973,ok
ucr,172_UCR_Anomaly_gaitHunt3_23400_38400_39200,gaitHunt3,,lof,default,,0.67043,0.63009,0.99646,0.83661,2.03,,17.0,40600,1,0.01973,ok
ucr,172_UCR_Anomaly_gaitHunt3_23400_38400_39200,gaitHunt3,,lof,tuned,"{'w': 200, 'k': 10}",0.50301,0.55547,0.95343,0.76346,2.49,5.72,0.0,40600,1,0.01973,ok
ucr,172_UCR_Anomaly_gaitHunt3_23400_38400_39200,gaitHunt3,,knn,default,,0.79133,0.74291,0.99888,0.93175,1.46,,17.0,40600,1,0.01973,ok
ucr,172_UCR_Anomaly_gaitHunt3_23400_38400_39200,gaitHunt3,,knn,tuned,"{'w': 200, 'k': 1}",0.61186,0.6572,0.96999,0.83194,2.39,4.35,0.0,40600,1,0.01973,ok
ucr,172_UCR_Anomaly_gaitHunt3_23400_38400_39200,gaitHunt3,,ae,default,,0.58586,0.53902,0.99523,0.7372,10.36,,40.3,40600,1,0.01973,ok
ucr,172_UCR_Anomaly_gaitHunt3_23400_38400_39200,gaitHunt3,,ae,tuned,"{'w': 200, 'hidden': 32, 'latent': 16}",0.31949,0.31251,0.99096,0.58798,10.91,50.66,0.0,40600,1,0.01973,ok
ucr,174_UCR_Anomaly_insectEPG2_3700_8000_8025,insectEPG2,,iforest,default,,0.11197,0.15956,0.8424,0.26596,1.47,,17.0,6298,1,0.00413,ok
ucr,174_UCR_Anomaly_insectEPG2_3700_8000_8025,insectEPG2,,iforest,tuned,"{'w': 50, 'n_estimators': 200}",0.15374,0.18962,0.87455,0.35,1.77,6.25,0.0,6298,1,0.00413,ok
ucr,174_UCR_Anomaly_insectEPG2_3700_8000_8025,insectEPG2,,lof,default,,0.99451,0.88868,0.99925,0.87903,0.21,,17.0,6298,1,0.00413,ok
ucr,174_UCR_Anomaly_insectEPG2_3700_8000_8025,insectEPG2,,lof,tuned,"{'w': 50, 'k': 30}",0.9971,0.88341,0.99924,0.88934,0.6,1.62,0.0,6298,1,0.00413,ok
ucr,174_UCR_Anomaly_insectEPG2_3700_8000_8025,insectEPG2,,knn,default,,1.0,0.88823,0.99925,0.87903,0.12,,17.0,6298,1,0.00413,ok
ucr,174_UCR_Anomaly_insectEPG2_3700_8000_8025,insectEPG2,,knn,tuned,"{'w': 50, 'k': 3}",0.99858,0.88155,0.99924,0.88934,0.53,1.31,0.0,6298,1,0.00413,ok
ucr,174_UCR_Anomaly_insectEPG2_3700_8000_8025,insectEPG2,,ae,default,,0.98594,0.85606,0.99925,0.88934,1.6,,24.1,6298,1,0.00413,ok
ucr,174_UCR_Anomaly_insectEPG2_3700_8000_8025,insectEPG2,,ae,tuned,"{'w': 50, 'hidden': 32, 'latent': 16}",1.0,0.88908,0.99925,0.88934,3.88,8.45,0.0,6298,1,0.00413,ok
ucr,176_UCR_Anomaly_insectEPG4_1300_6508_6558,insectEPG4,,iforest,default,,0.03451,0.04972,0.96158,0.09856,1.6,,17.0,8698,1,0.00586,ok
ucr,176_UCR_Anomaly_insectEPG4_1300_6508_6558,insectEPG4,,lof,default,,0.00319,0.0049,0.95899,0.0,0.2,,17.0,8698,1,0.00586,ok
ucr,176_UCR_Anomaly_insectEPG4_1300_6508_6558,insectEPG4,,knn,default,,0.79689,0.70485,0.99781,0.82714,0.15,,17.0,8698,1,0.00586,ok
ucr,176_UCR_Anomaly_insectEPG4_1300_6508_6558,insectEPG4,,ae,default,,0.00363,0.0057,0.96032,0.0,0.96,,25.4,8698,1,0.00586,ok
ucr,178_UCR_Anomaly_ltstdbs30791AI_17555_52600_52800,ltstdbs30791AI,,iforest,default,,0.70152,0.35993,0.99894,0.67811,3.17,,17.0,38568,1,0.00521,ok
ucr,178_UCR_Anomaly_ltstdbs30791AI_17555_52600_52800,ltstdbs30791AI,,iforest,tuned,"{'w': 100, 'n_estimators': 100}",0.6892,0.35109,0.99894,0.66575,3.56,9.35,0.0,38568,1,0.00521,ok
ucr,178_UCR_Anomaly_ltstdbs30791AI_17555_52600_52800,ltstdbs30791AI,,lof,default,,0.71399,0.62562,0.99832,0.79334,1.68,,17.0,38568,1,0.00521,ok
ucr,178_UCR_Anomaly_ltstdbs30791AI_17555_52600_52800,ltstdbs30791AI,,lof,tuned,"{'w': 50, 'k': 30}",0.69683,0.40761,0.99853,0.70238,5.0,5.27,0.0,38568,1,0.00521,ok
ucr,178_UCR_Anomaly_ltstdbs30791AI_17555_52600_52800,ltstdbs30791AI,,knn,default,,0.88286,0.67322,0.99854,0.91188,1.25,,17.0,38568,1,0.00521,ok
ucr,178_UCR_Anomaly_ltstdbs30791AI_17555_52600_52800,ltstdbs30791AI,,knn,tuned,"{'w': 100, 'k': 3}",0.88508,0.67334,0.99854,0.91188,2.56,3.09,0.0,38568,1,0.00521,ok
ucr,178_UCR_Anomaly_ltstdbs30791AI_17555_52600_52800,ltstdbs30791AI,,ae,default,,0.83263,0.64081,0.9985,0.83469,8.0,,39.0,38568,1,0.00521,ok
ucr,178_UCR_Anomaly_ltstdbs30791AI_17555_52600_52800,ltstdbs30791AI,,ae,tuned,"{'w': 100, 'hidden': 32, 'latent': 16}",0.80559,0.63185,0.9984,0.83411,9.49,37.99,0.0,38568,1,0.00521,ok
ucr,180_UCR_Anomaly_ltstdbs30791ES_20000_52600_52800,ltstdbs30791ES,,iforest,default,,0.00409,0.0067,0.72288,0.0,3.19,,17.0,35000,1,0.00574,ok
ucr,180_UCR_Anomaly_ltstdbs30791ES_20000_52600_52800,ltstdbs30791ES,,iforest,tuned,"{'w': 100, 'n_estimators': 100}",0.00413,0.00677,0.72904,0.0,3.49,9.95,0.0,35000,1,0.00574,ok
ucr,180_UCR_Anomaly_ltstdbs30791ES_20000_52600_52800,ltstdbs30791ES,,lof,default,,0.65454,0.44356,0.9984,0.6687,1.58,,17.0,35000,1,0.00574,ok
ucr,180_UCR_Anomaly_ltstdbs30791ES_20000_52600_52800,ltstdbs30791ES,,lof,tuned,"{'w': 100, 'k': 30}",0.65267,0.45846,0.9984,0.66085,2.69,5.19,0.0,35000,1,0.00574,ok
ucr,180_UCR_Anomaly_ltstdbs30791ES_20000_52600_52800,ltstdbs30791ES,,knn,default,,0.41954,0.1856,0.9984,0.47852,1.13,,17.0,35000,1,0.00574,ok
ucr,180_UCR_Anomaly_ltstdbs30791ES_20000_52600_52800,ltstdbs30791ES,,knn,tuned,"{'w': 100, 'k': 3}",0.45464,0.21008,0.9984,0.51494,2.48,3.46,0.0,35000,1,0.00574,ok
ucr,180_UCR_Anomaly_ltstdbs30791ES_20000_52600_52800,ltstdbs30791ES,,ae,default,,0.50195,0.26764,0.9984,0.5351,8.94,,38.3,35000,1,0.00574,ok
ucr,180_UCR_Anomaly_ltstdbs30791ES_20000_52600_52800,ltstdbs30791ES,,ae,tuned,"{'w': 100, 'hidden': 64, 'latent': 8}",0.38802,0.18619,0.9984,0.50019,9.96,43.95,0.0,35000,1,0.00574,ok
ucr,182_UCR_Anomaly_qtdbSel1005V_4000_12400_12800,qtdbSel1005V,,iforest,default,,0.00978,0.01358,0.68276,0.00147,2.81,,17.0,32001,1,0.01253,ok
ucr,182_UCR_Anomaly_qtdbSel1005V_4000_12400_12800,qtdbSel1005V,,iforest,tuned,"{'w': 50, 'n_estimators': 100}",0.00986,0.01388,0.66356,0.00302,2.74,6.5,0.0,32001,1,0.01253,ok
ucr,182_UCR_Anomaly_qtdbSel1005V_4000_12400_12800,qtdbSel1005V,,lof,default,,0.0092,0.01194,0.64222,0.00307,0.79,,17.0,32001,1,0.01253,ok
ucr,182_UCR_Anomaly_qtdbSel1005V_4000_12400_12800,qtdbSel1005V,,lof,tuned,"{'w': 50, 'k': 30}",0.00963,0.01433,0.7016,0.01311,2.27,1.8,0.0,32001,1,0.01253,ok
ucr,182_UCR_Anomaly_qtdbSel1005V_4000_12400_12800,qtdbSel1005V,,knn,default,,0.01135,0.01554,0.66344,0.01211,0.59,,17.0,32001,1,0.01253,ok
ucr,182_UCR_Anomaly_qtdbSel1005V_4000_12400_12800,qtdbSel1005V,,knn,tuned,"{'w': 50, 'k': 3}",0.01081,0.01509,0.66045,0.01171,2.12,1.37,0.0,32001,1,0.01253,ok
ucr,182_UCR_Anomaly_qtdbSel1005V_4000_12400_12800,qtdbSel1005V,,ae,default,,0.00869,0.01128,0.61565,0.00204,3.39,,34.6,32001,1,0.01253,ok
ucr,182_UCR_Anomaly_qtdbSel1005V_4000_12400_12800,qtdbSel1005V,,ae,tuned,"{'w': 50, 'hidden': 64, 'latent': 8}",0.01021,0.0138,0.6474,0.01055,5.89,10.31,0.0,32001,1,0.01253,ok
ucr,184_UCR_Anomaly_resperation10_48000_130700_131880,resperation10,,iforest,default,,0.0351,0.03483,0.85807,0.09205,9.46,,17.0,147000,1,0.00803,ok
ucr,184_UCR_Anomaly_resperation10_48000_130700_131880,resperation10,,iforest,tuned,"{'w': 200, 'n_estimators': 100}",0.07573,0.07429,0.95502,0.16281,17.37,14.6,0.0,147000,1,0.00803,ok
ucr,184_UCR_Anomaly_resperation10_48000_130700_131880,resperation10,,lof,default,,0.2711,0.20402,0.74802,0.43086,9.99,,17.0,147000,1,0.00803,ok
ucr,184_UCR_Anomaly_resperation10_48000_130700_131880,resperation10,,lof,tuned,"{'w': 100, 'k': 10}",0.39949,0.27424,0.99933,0.56192,14.7,12.87,0.0,147000,1,0.00803,ok
ucr,184_UCR_Anomaly_resperation10_48000_130700_131880,resperation10,,knn,default,,0.25347,0.18206,0.7577,0.4175,8.11,,17.0,147000,1,0.00803,ok
ucr,184_UCR_Anomaly_resperation10_48000_130700_131880,resperation10,,knn,tuned,"{'w': 200, 'k': 5}",0.51945,0.35526,0.99824,0.66618,9.86,7.84,0.0,147000,1,0.00803,ok
ucr,184_UCR_Anomaly_resperation10_48000_130700_131880,resperation10,,ae,default,,0.54031,0.40937,0.99908,0.65507,24.43,,84.4,147000,1,0.00803,ok
ucr,184_UCR_Anomaly_resperation10_48000_130700_131880,resperation10,,ae,tuned,"{'w': 100, 'hidden': 32, 'latent': 16}",0.44566,0.3031,0.99933,0.58232,29.2,95.71,0.0,147000,1,0.00803,ok
ucr,186_UCR_Anomaly_resperation1_100000_110260_110412,resperation1,,iforest,default,,0.01651,0.01499,0.81176,0.04713,6.93,,17.0,100000,1,0.00153,ok
ucr,186_UCR_Anomaly_resperation1_100000_110260_110412,resperation1,,iforest,tuned,"{'w': 400, 'n_estimators': 200}",0.00121,0.00184,0.82199,0.0,20.2,30.34,0.0,100000,1,0.00153,ok
ucr,186_UCR_Anomaly_resperation1_100000_110260_110412,resperation1,,lof,default,,0.11168,0.11034,0.84142,0.16197,13.87,,17.0,100000,1,0.00153,ok
ucr,186_UCR_Anomaly_resperation1_100000_110260_110412,resperation1,,lof,tuned,"{'w': 100, 'k': 30}",0.04014,0.05365,0.81515,0.078,17.39,32.39,0.0,100000,1,0.00153,ok
ucr,186_UCR_Anomaly_resperation1_100000_110260_110412,resperation1,,knn,default,,0.68984,0.23709,0.99972,0.69885,9.87,,17.0,100000,1,0.00153,ok
ucr,186_UCR_Anomaly_resperation1_100000_110260_110412,resperation1,,knn,tuned,"{'w': 200, 'k': 3}",0.99971,0.32265,0.99983,0.7158,8.35,21.16,0.0,100000,1,0.00153,ok
ucr,186_UCR_Anomaly_resperation1_100000_110260_110412,resperation1,,ae,default,,0.01094,0.01761,0.7864,0.03153,38.78,,70.2,100000,1,0.00153,ok
ucr,186_UCR_Anomaly_resperation1_100000_110260_110412,resperation1,,ae,tuned,"{'w': 100, 'hidden': 32, 'latent': 8}",0.00557,0.01162,0.8813,0.01116,44.9,176.86,0.0,100000,1,0.00153,ok
ucr,188_UCR_Anomaly_resperation2_30000_168250_168251,resperation2,,iforest,default,,1e-05,3e-05,0.63861,0.0,10.22,,17.0,160050,1,1e-05,ok
ucr,188_UCR_Anomaly_resperation2_30000_168250_168251,resperation2,,iforest,tuned,"{'w': 400, 'n_estimators': 200}",1e-05,2e-05,0.65398,0.0,32.0,12.43,0.0,160050,1,1e-05,ok
ucr,188_UCR_Anomaly_resperation2_30000_168250_168251,resperation2,,lof,default,,2e-05,3e-05,0.52283,0.0,7.62,,17.0,160050,1,1e-05,ok
ucr,188_UCR_Anomaly_resperation2_30000_168250_168251,resperation2,,lof,tuned,"{'w': 100, 'k': 30}",2e-05,4e-05,0.52917,0.0,11.97,5.24,0.0,160050,1,1e-05,ok
ucr,188_UCR_Anomaly_resperation2_30000_168250_168251,resperation2,,knn,default,,1e-05,2e-05,0.54135,0.0,6.46,,17.0,160050,1,1e-05,ok
ucr,188_UCR_Anomaly_resperation2_30000_168250_168251,resperation2,,knn,tuned,"{'w': 100, 'k': 1}",1e-05,2e-05,0.54577,0.0,11.17,4.45,0.0,160050,1,1e-05,ok
ucr,188_UCR_Anomaly_resperation2_30000_168250_168251,resperation2,,ae,default,,1e-05,2e-05,0.58454,0.0,19.23,,88.7,160050,1,1e-05,ok
ucr,188_UCR_Anomaly_resperation2_30000_168250_168251,resperation2,,ae,tuned,"{'w': 100, 'hidden': 32, 'latent': 8}",1e-05,2e-05,0.60318,0.0,24.32,46.12,0.0,160050,1,1e-05,ok
ucr,190_UCR_Anomaly_resperation4_70000_128430_128431,resperation4,,iforest,default,,1e-05,3e-05,0.89757,0.0,8.02,,17.0,125250,1,2e-05,ok
ucr,190_UCR_Anomaly_resperation4_70000_128430_128431,resperation4,,iforest,tuned,"{'w': 200, 'n_estimators': 200}",1e-05,3e-05,0.89749,0.0,15.94,23.12,0.0,125250,1,2e-05,ok
ucr,190_UCR_Anomaly_resperation4_70000_128430_128431,resperation4,,lof,default,,2e-05,3e-05,0.90024,0.0,11.44,,17.0,125250,1,2e-05,ok
ucr,190_UCR_Anomaly_resperation4_70000_128430_128431,resperation4,,lof,tuned,"{'w': 50, 'k': 10}",4e-05,7e-05,0.80928,0.00012,47.15,30.45,0.0,125250,1,2e-05,ok
ucr,190_UCR_Anomaly_resperation4_70000_128430_128431,resperation4,,knn,default,,2e-05,3e-05,0.8974,0.0,12.83,,17.0,125250,1,2e-05,ok
ucr,190_UCR_Anomaly_resperation4_70000_128430_128431,resperation4,,knn,tuned,"{'w': 200, 'k': 3}",2e-05,3e-05,0.80852,0.0,10.29,21.26,0.0,125250,1,2e-05,ok
ucr,190_UCR_Anomaly_resperation4_70000_128430_128431,resperation4,,ae,default,,1e-05,3e-05,0.79309,0.0,30.27,,77.3,125250,1,2e-05,ok
ucr,190_UCR_Anomaly_resperation4_70000_128430_128431,resperation4,,ae,tuned,"{'w': 100, 'hidden': 64, 'latent': 16}",1e-05,3e-05,0.79309,0.0,34.44,170.95,0.0,125250,1,2e-05,ok
ucr,192_UCR_Anomaly_s20101mML2_12000_35774_35874,s20101mML2,,iforest,default,,0.6608,0.51043,0.99893,0.68996,2.54,,17.0,28000,1,0.00361,ok
ucr,192_UCR_Anomaly_s20101mML2_12000_35774_35874,s20101mML2,,iforest,tuned,"{'w': 100, 'n_estimators': 100}",0.64216,0.50821,0.99893,0.68702,3.73,8.8,0.0,28000,1,0.00361,ok
ucr,192_UCR_Anomaly_s20101mML2_12000_35774_35874,s20101mML2,,lof,default,,0.95963,0.80749,0.99933,0.83949,0.98,,17.0,28000,1,0.00361,ok
ucr,192_UCR_Anomaly_s20101mML2_12000_35774_35874,s20101mML2,,lof,tuned,"{'w': 100, 'k': 30}",0.94463,0.79612,0.99933,0.83949,1.94,3.15,0.0,28000,1,0.00361,ok
ucr,192_UCR_Anomaly_s20101mML2_12000_35774_35874,s20101mML2,,knn,default,,0.95308,0.79561,0.99915,0.83949,0.79,,17.0,28000,1,0.00361,ok
ucr,192_UCR_Anomaly_s20101mML2_12000_35774_35874,s20101mML2,,knn,tuned,"{'w': 100, 'k': 3}",0.95339,0.79595,0.99915,0.83949,1.98,2.34,0.0,28000,1,0.00361,ok
ucr,192_UCR_Anomaly_s20101mML2_12000_35774_35874,s20101mML2,,ae,default,,0.98918,0.83411,0.99933,0.83949,7.14,,33.4,28000,1,0.00361,ok
ucr,192_UCR_Anomaly_s20101mML2_12000_35774_35874,s20101mML2,,ae,tuned,"{'w': 100, 'hidden': 64, 'latent': 8}",0.97621,0.82699,0.99933,0.83949,6.66,29.44,0.0,28000,1,0.00361,ok
ucr,194_UCR_Anomaly_sddb49_20000_67950_68200,sddb49,,iforest,default,,0.01455,0.01426,0.73051,0.0315,4.2,,17.0,60000,1,0.00418,ok
ucr,194_UCR_Anomaly_sddb49_20000_67950_68200,sddb49,,iforest,tuned,"{'w': 100, 'n_estimators': 100}",0.01438,0.01418,0.73102,0.03158,5.19,9.64,0.0,60000,1,0.00418,ok
ucr,194_UCR_Anomaly_sddb49_20000_67950_68200,sddb49,,lof,default,,0.43373,0.23858,0.99917,0.58925,2.43,,17.0,60000,1,0.00418,ok
ucr,194_UCR_Anomaly_sddb49_20000_67950_68200,sddb49,,lof,tuned,"{'w': 100, 'k': 30}",0.47991,0.23692,0.99917,0.57587,4.34,5.81,0.0,60000,1,0.00418,ok
ucr,194_UCR_Anomaly_sddb49_20000_67950_68200,sddb49,,knn,default,,0.48432,0.18076,0.99919,0.50175,1.89,,17.0,60000,1,0.00418,ok
ucr,194_UCR_Anomaly_sddb49_20000_67950_68200,sddb49,,knn,tuned,"{'w': 200, 'k': 1}",0.79572,0.40025,0.9992,0.73901,3.34,3.39,0.0,60000,1,0.00418,ok
ucr,194_UCR_Anomaly_sddb49_20000_67950_68200,sddb49,,ae,default,,0.86081,0.43909,0.99918,0.81983,10.08,,47.6,60000,1,0.00418,ok
ucr,194_UCR_Anomaly_sddb49_20000_67950_68200,sddb49,,ae,tuned,"{'w': 200, 'hidden': 32, 'latent': 16}",0.98586,0.76809,0.99918,0.89469,12.6,43.61,0.0,60000,1,0.00418,ok
ucr,196_UCR_Anomaly_sel840mECG2_20000_49370_49740,sel840mECG2,,iforest,default,,0.00677,0.00941,0.76221,0.00072,3.09,,17.0,37001,1,0.01003,ok
ucr,196_UCR_Anomaly_sel840mECG2_20000_49370_49740,sel840mECG2,,iforest,tuned,"{'w': 400, 'n_estimators': 200}",0.00617,0.00852,0.68519,0.0005,8.55,10.15,0.0,37001,1,0.01003,ok
ucr,196_UCR_Anomaly_sel840mECG2_20000_49370_49740,sel840mECG2,,lof,default,,0.03061,0.03781,0.79881,0.06467,1.66,,17.0,37001,1,0.01003,ok
ucr,196_UCR_Anomaly_sel840mECG2_20000_49370_49740,sel840mECG2,,lof,tuned,"{'w': 100, 'k': 30}",0.03462,0.04324,0.7983,0.0894,2.8,5.11,0.0,37001,1,0.01003,ok
ucr,196_UCR_Anomaly_sel840mECG2_20000_49370_49740,sel840mECG2,,knn,default,,0.02964,0.03955,0.80946,0.0824,1.21,,17.0,37001,1,0.01003,ok
ucr,196_UCR_Anomaly_sel840mECG2_20000_49370_49740,sel840mECG2,,knn,tuned,"{'w': 100, 'k': 3}",0.02969,0.04017,0.80856,0.08271,4.09,3.86,0.0,37001,1,0.01003,ok
ucr,196_UCR_Anomaly_sel840mECG2_20000_49370_49740,sel840mECG2,,ae,default,,0.01302,0.01822,0.7274,0.02297,9.15,,38.1,37001,1,0.01003,ok
ucr,196_UCR_Anomaly_sel840mECG2_20000_49370_49740,sel840mECG2,,ae,tuned,"{'w': 200, 'hidden': 32, 'latent': 16}",0.00656,0.00859,0.67545,0.00302,10.57,52.2,0.0,37001,1,0.01003,ok
ucr,198_UCR_Anomaly_tiltAPB2_50000_124159_124985,tiltAPB2,,iforest,default,,0.01689,0.01759,0.70759,0.03106,5.36,,17.0,78767,1,0.0105,ok
ucr,198_UCR_Anomaly_tiltAPB2_50000_124159_124985,tiltAPB2,,iforest,tuned,"{'w': 200, 'n_estimators': 100}",0.02545,0.02781,0.74725,0.06894,9.08,17.39,0.0,78767,1,0.0105,ok
ucr,198_UCR_Anomaly_tiltAPB2_50000_124159_124985,tiltAPB2,,lof,default,,0.10293,0.10253,0.80202,0.21037,5.91,,17.0,78767,1,0.0105,ok
ucr,198_UCR_Anomaly_tiltAPB2_50000_124159_124985,tiltAPB2,,lof,tuned,"{'w': 200, 'k': 50}",0.22122,0.23386,0.82622,0.4525,5.87,9.23,0.0,78767,1,0.0105,ok
ucr,198_UCR_Anomaly_tiltAPB2_50000_124159_124985,tiltAPB2,,knn,default,,0.18334,0.17556,0.82431,0.34896,4.62,,17.0,78767,1,0.0105,ok
ucr,198_UCR_Anomaly_tiltAPB2_50000_124159_124985,tiltAPB2,,knn,tuned,"{'w': 200, 'k': 5}",0.27693,0.31987,0.85527,0.56104,5.37,7.2,0.0,78767,1,0.0105,ok
ucr,198_UCR_Anomaly_tiltAPB2_50000_124159_124985,tiltAPB2,,ae,default,,0.45704,0.35615,0.99841,0.57963,20.61,,57.3,78767,1,0.0105,ok
ucr,198_UCR_Anomaly_tiltAPB2_50000_124159_124985,tiltAPB2,,ae,tuned,"{'w': 200, 'hidden': 32, 'latent': 8}",0.90518,0.77723,0.99698,0.97296,19.9,85.62,0.0,78767,1,0.0105,ok
ucr,200_UCR_Anomaly_tiltAPB4_20000_67995_67996,tiltAPB4,,iforest,default,,5e-05,8e-05,0.74039,0.0,6.89,,17.0,108001,1,2e-05,ok
ucr,200_UCR_Anomaly_tiltAPB4_20000_67995_67996,tiltAPB4,,iforest,tuned,"{'w': 100, 'n_estimators': 200}",5e-05,8e-05,0.74039,0.0,12.31,10.7,0.0,108001,1,2e-05,ok
ucr,200_UCR_Anomaly_tiltAPB4_20000_67995_67996,tiltAPB4,,lof,default,,3e-05,6e-05,0.60819,0.0,4.54,,17.0,108001,1,2e-05,ok
ucr,200_UCR_Anomaly_tiltAPB4_20000_67995_67996,tiltAPB4,,lof,tuned,"{'w': 400, 'k': 10}",4e-05,8e-05,0.48177,0.0,5.08,7.99,0.0,108001,1,2e-05,ok
ucr,200_UCR_Anomaly_tiltAPB4_20000_67995_67996,tiltAPB4,,knn,default,,0.00011,0.00019,0.60314,0.00027,3.51,,17.0,108001,1,2e-05,ok
ucr,200_UCR_Anomaly_tiltAPB4_20000_67995_67996,tiltAPB4,,knn,tuned,"{'w': 200, 'k': 1}",3e-05,6e-05,0.58805,0.0,5.9,4.11,0.0,108001,1,2e-05,ok
ucr,200_UCR_Anomaly_tiltAPB4_20000_67995_67996,tiltAPB4,,ae,default,,0.05114,0.00737,0.71496,0.07018,13.37,,67.6,108001,1,2e-05,ok
ucr,200_UCR_Anomaly_tiltAPB4_20000_67995_67996,tiltAPB4,,ae,tuned,"{'w': 200, 'hidden': 32, 'latent': 16}",3e-05,8e-05,0.57759,0.0,18.96,42.84,0.0,108001,1,2e-05,ok
ucr,202_UCR_Anomaly_CHARISfive_10411_10998_11028,CHARISfive,,iforest,default,,0.00061,0.001,0.67341,0.0,2.83,,17.0,31379,1,0.00099,ok
ucr,202_UCR_Anomaly_CHARISfive_10411_10998_11028,CHARISfive,,iforest,tuned,"{'w': 400, 'n_estimators': 100}",0.00054,0.00087,0.66639,0.0,6.17,7.87,0.0,31379,1,0.00099,ok
ucr,202_UCR_Anomaly_CHARISfive_10411_10998_11028,CHARISfive,,lof,default,,0.03043,0.04683,0.61154,0.08824,1.03,,17.0,31379,1,0.00099,ok
ucr,202_UCR_Anomaly_CHARISfive_10411_10998_11028,CHARISfive,,lof,tuned,"{'w': 100, 'k': 30}",0.0356,0.0631,0.60845,0.09253,2.12,2.99,0.0,31379,1,0.00099,ok
ucr,202_UCR_Anomaly_CHARISfive_10411_10998_11028,CHARISfive,,knn,default,,0.04539,0.07444,0.4705,0.11855,0.76,,17.0,31379,1,0.00099,ok
ucr,202_UCR_Anomaly_CHARISfive_10411_10998_11028,CHARISfive,,knn,tuned,"{'w': 100, 'k': 3}",0.04942,0.07953,0.47,0.11855,1.83,2.03,0.0,31379,1,0.00099,ok
ucr,202_UCR_Anomaly_CHARISfive_10411_10998_11028,CHARISfive,,ae,default,,0.38332,0.13749,0.95007,0.43411,5.26,,34.7,31379,1,0.00099,ok
ucr,202_UCR_Anomaly_CHARISfive_10411_10998_11028,CHARISfive,,ae,tuned,"{'w': 100, 'hidden': 32, 'latent': 16}",0.33472,0.12869,0.8659,0.37613,7.02,24.33,0.0,31379,1,0.00099,ok
ucr,204_UCR_Anomaly_CHARISfive_12412_15000_15070,CHARISfive,,iforest,default,,0.00178,0.00282,0.65237,0.0,2.88,,17.0,29587,1,0.0024,ok
ucr,204_UCR_Anomaly_CHARISfive_12412_15000_15070,CHARISfive,,iforest,tuned,"{'w': 400, 'n_estimators': 100}",0.00144,0.00236,0.64732,0.0,5.83,8.38,0.0,29587,1,0.0024,ok
ucr,204_UCR_Anomaly_CHARISfive_12412_15000_15070,CHARISfive,,lof,default,,0.11654,0.16357,0.62224,0.24906,1.1,,17.0,29587,1,0.0024,ok
ucr,204_UCR_Anomaly_CHARISfive_12412_15000_15070,CHARISfive,,lof,tuned,"{'w': 100, 'k': 30}",0.16083,0.22096,0.62004,0.34737,2.12,3.5,0.0,29587,1,0.0024,ok
ucr,204_UCR_Anomaly_CHARISfive_12412_15000_15070,CHARISfive,,knn,default,,0.18029,0.22268,0.60288,0.35602,0.78,,17.0,29587,1,0.0024,ok
ucr,204_UCR_Anomaly_CHARISfive_12412_15000_15070,CHARISfive,,knn,tuned,"{'w': 100, 'k': 3}",0.1904,0.22861,0.60157,0.35602,1.85,2.32,0.0,29587,1,0.0024,ok
ucr,204_UCR_Anomaly_CHARISfive_12412_15000_15070,CHARISfive,,ae,default,,0.78352,0.54692,0.99933,0.80085,5.8,,34.9,29587,1,0.0024,ok
ucr,204_UCR_Anomaly_CHARISfive_12412_15000_15070,CHARISfive,,ae,tuned,"{'w': 100, 'hidden': 32, 'latent': 16}",0.80489,0.55126,0.99935,0.80085,7.1,28.02,0.0,29587,1,0.0024,ok
ucr,206_UCR_Anomaly_CHARISten_25130_29080_29140,CHARISten,,iforest,default,,0.00944,0.01235,0.67448,0.03198,2.56,,17.0,16870,1,0.00362,ok
ucr,206_UCR_Anomaly_CHARISten_25130_29080_29140,CHARISten,,iforest,tuned,"{'w': 100, 'n_estimators': 200}",0.00944,0.01235,0.67448,0.03198,2.75,10.02,0.0,16870,1,0.00362,ok
ucr,206_UCR_Anomaly_CHARISten_25130_29080_29140,CHARISten,,lof,default,,0.15665,0.25156,0.87768,0.37538,1.14,,17.0,16870,1,0.00362,ok
ucr,206_UCR_Anomaly_CHARISten_25130_29080_29140,CHARISten,,lof,tuned,"{'w': 100, 'k': 50}",0.15665,0.25156,0.87768,0.37538,1.79,6.11,0.0,16870,1,0.00362,ok
ucr,206_UCR_Anomaly_CHARISten_25130_29080_29140,CHARISten,,knn,default,,0.179,0.24052,0.8926,0.38849,0.62,,17.0,16870,1,0.00362,ok
ucr,206_UCR_Anomaly_CHARISten_25130_29080_29140,CHARISten,,knn,tuned,"{'w': 50, 'k': 5}",0.2741,0.31356,0.89351,0.50833,2.19,4.3,0.0,16870,1,0.00362,ok
ucr,206_UCR_Anomaly_CHARISten_25130_29080_29140,CHARISten,,ae,default,,0.17079,0.23266,0.8909,0.37538,9.48,,30.3,16870,1,0.00362,ok
ucr,206_UCR_Anomaly_CHARISten_25130_29080_29140,CHARISten,,ae,tuned,"{'w': 50, 'hidden': 64, 'latent': 16}",0.27447,0.3441,0.89062,0.50833,26.17,60.24,0.0,16870,1,0.00362,ok
ucr,208_UCR_Anomaly_CHARISten_5130_27929_27989,CHARISten,,iforest,default,,0.78271,0.34833,0.9996,0.72266,4.23,,17.0,35740,1,0.00171,ok
ucr,208_UCR_Anomaly_CHARISten_5130_27929_27989,CHARISten,,iforest,tuned,"{'w': 50, 'n_estimators': 100}",0.13787,0.10874,0.71912,0.28609,4.0,8.06,0.0,35740,1,0.00171,ok
ucr,208_UCR_Anomaly_CHARISten_5130_27929_27989,CHARISten,,lof,default,,0.64925,0.31576,0.99948,0.68319,1.13,,17.0,35740,1,0.00171,ok
ucr,208_UCR_Anomaly_CHARISten_5130_27929_27989,CHARISten,,lof,tuned,"{'w': 50, 'k': 30}",0.78811,0.2867,0.99963,0.70717,3.3,1.77,0.0,35740,1,0.00171,ok
ucr,208_UCR_Anomaly_CHARISten_5130_27929_27989,CHARISten,,knn,default,,0.36406,0.13807,0.99944,0.52819,0.75,,17.0,35740,1,0.00171,ok
ucr,208_UCR_Anomaly_CHARISten_5130_27929_27989,CHARISten,,knn,tuned,"{'w': 50, 'k': 3}",0.62297,0.22319,0.9996,0.62327,3.01,1.82,0.0,35740,1,0.00171,ok
ucr,208_UCR_Anomaly_CHARISten_5130_27929_27989,CHARISten,,ae,default,,0.50574,0.20736,0.9996,0.62473,4.77,,36.5,35740,1,0.00171,ok
ucr,208_UCR_Anomaly_CHARISten_5130_27929_27989,CHARISten,,ae,tuned,"{'w': 50, 'hidden': 32, 'latent': 16}",0.6462,0.18461,0.99965,0.63417,6.74,12.5,0.0,35740,1,0.00171,ok
ucr,210_UCR_Anomaly_Italianpowerdemand_36123_74900_74996,Italianpowerdemand,,iforest,default,,0.00265,0.00443,0.65603,0.01013,5.79,,17.0,83696,1,0.00116,ok
ucr,210_UCR_Anomaly_Italianpowerdemand_36123_74900_74996,Italianpowerdemand,,iforest,tuned,"{'w': 400, 'n_estimators': 100}",0.00195,0.00342,0.6603,0.0033,15.32,14.07,0.0,83696,1,0.00116,ok
ucr,210_UCR_Anomaly_Italianpowerdemand_36123_74900_74996,Italianpowerdemand,,lof,default,,0.00083,0.00127,0.67882,0.0,4.75,,17.0,83696,1,0.00116,ok
ucr,210_UCR_Anomaly_Italianpowerdemand_36123_74900_74996,Italianpowerdemand,,lof,tuned,"{'w': 200, 'k': 10}",0.00101,0.00167,0.69493,0.0,5.6,8.96,0.0,83696,1,0.00116,ok
ucr,210_UCR_Anomaly_Italianpowerdemand_36123_74900_74996,Italianpowerdemand,,knn,default,,0.00137,0.0021,0.69835,0.00096,3.78,,17.0,83696,1,0.00116,ok
ucr,210_UCR_Anomaly_Italianpowerdemand_36123_74900_74996,Italianpowerdemand,,knn,tuned,"{'w': 200, 'k': 1}",0.00187,0.00275,0.70272,0.0014,5.17,6.12,0.0,83696,1,0.00116,ok
ucr,210_UCR_Anomaly_Italianpowerdemand_36123_74900_74996,Italianpowerdemand,,ae,default,,0.00386,0.00569,0.66584,0.00991,16.83,,58.7,83696,1,0.00116,ok
ucr,210_UCR_Anomaly_Italianpowerdemand_36123_74900_74996,Italianpowerdemand,,ae,tuned,"{'w': 100, 'hidden': 64, 'latent': 8}",0.00244,0.00353,0.67103,0.0049,19.72,69.9,0.0,83696,1,0.00116,ok
ucr,212_UCR_Anomaly_Italianpowerdemand_8913_29480_29504,Italianpowerdemand,,iforest,default,,0.00071,0.00125,0.60996,0.0,2.22,,17.0,21018,1,0.00119,ok
ucr,212_UCR_Anomaly_Italianpowerdemand_8913_29480_29504,Italianpowerdemand,,iforest,tuned,"{'w': 100, 'n_estimators': 200}",0.00071,0.00125,0.60996,0.0,3.4,7.62,0.0,21018,1,0.00119,ok
ucr,212_UCR_Anomaly_Italianpowerdemand_8913_29480_29504,Italianpowerdemand,,lof,default,,0.00075,0.00109,0.84171,0.0,0.68,,17.0,21018,1,0.00119,ok
ucr,212_UCR_Anomaly_Italianpowerdemand_8913_29480_29504,Italianpowerdemand,,lof,tuned,"{'w': 50, 'k': 50}",0.19066,0.15913,0.84191,0.30435,2.27,2.62,0.0,21018,1,0.00119,ok
ucr,212_UCR_Anomaly_Italianpowerdemand_8913_29480_29504,Italianpowerdemand,,knn,default,,0.00634,0.00942,0.8281,0.02111,0.48,,17.0,21018,1,0.00119,ok
ucr,212_UCR_Anomaly_Italianpowerdemand_8913_29480_29504,Italianpowerdemand,,knn,tuned,"{'w': 100, 'k': 3}",0.00765,0.01179,0.82816,0.02571,1.29,1.83,0.0,21018,1,0.00119,ok
ucr,212_UCR_Anomaly_Italianpowerdemand_8913_29480_29504,Italianpowerdemand,,ae,default,,0.01125,0.01602,0.80834,0.03221,4.27,,30.6,21018,1,0.00119,ok
ucr,212_UCR_Anomaly_Italianpowerdemand_8913_29480_29504,Italianpowerdemand,,ae,tuned,"{'w': 200, 'hidden': 32, 'latent': 16}",0.00083,0.00139,0.83511,0.0,4.95,20.61,0.0,21018,1,0.00119,ok
ucr,214_UCR_Anomaly_STAFFIIIDatabase_34211_125720_126370,STAFFIIIDatabase,,iforest,default,,0.00423,0.0042,0.66345,0.01051,17.18,,17.0,265479,1,0.00245,ok
ucr,214_UCR_Anomaly_STAFFIIIDatabase_34211_125720_126370,STAFFIIIDatabase,,iforest,tuned,"{'w': 400, 'n_estimators': 200}",0.00313,0.00343,0.65105,0.00655,53.19,14.97,0.0,265479,1,0.00245,ok
ucr,214_UCR_Anomaly_STAFFIIIDatabase_34211_125720_126370,STAFFIIIDatabase,,lof,default,,0.002,0.0024,0.66313,0.00023,14.08,,17.0,265479,1,0.00245,ok
ucr,214_UCR_Anomaly_STAFFIIIDatabase_34211_125720_126370,STAFFIIIDatabase,,lof,tuned,"{'w': 400, 'k': 50}",0.00134,0.00163,0.60779,0.0,15.49,5.66,0.0,265479,1,0.00245,ok
ucr,214_UCR_Anomaly_STAFFIIIDatabase_34211_125720_126370,STAFFIIIDatabase,,knn,default,,0.00407,0.00432,0.62516,0.01016,11.57,,17.0,265479,1,0.00245,ok
ucr,214_UCR_Anomaly_STAFFIIIDatabase_34211_125720_126370,STAFFIIIDatabase,,knn,tuned,"{'w': 200, 'k': 1}",0.00646,0.00701,0.62729,0.01327,16.84,4.61,0.0,265479,1,0.00245,ok
ucr,214_UCR_Anomaly_STAFFIIIDatabase_34211_125720_126370,STAFFIIIDatabase,,ae,default,,0.18091,0.02566,0.9213,0.25624,27.74,,131.0,265479,1,0.00245,ok
ucr,214_UCR_Anomaly_STAFFIIIDatabase_34211_125720_126370,STAFFIIIDatabase,,ae,tuned,"{'w': 100, 'hidden': 64, 'latent': 8}",0.19523,0.02437,0.96394,0.27689,37.47,41.18,0.0,265479,1,0.00245,ok
ucr,216_UCR_Anomaly_STAFFIIIDatabase_37216_160720_161370,STAFFIIIDatabase,,iforest,default,,0.05798,0.00751,0.83214,0.11173,15.74,,17.0,262674,1,0.00248,ok
ucr,216_UCR_Anomaly_STAFFIIIDatabase_37216_160720_161370,STAFFIIIDatabase,,iforest,tuned,"{'w': 200, 'n_estimators': 200}",0.093,0.01587,0.87589,0.15467,35.37,13.49,0.0,262674,1,0.00248,ok
ucr,216_UCR_Anomaly_STAFFIIIDatabase_37216_160720_161370,STAFFIIIDatabase,,lof,default,,0.07681,0.07587,0.78572,0.13254,14.38,,17.0,262674,1,0.00248,ok
ucr,216_UCR_Anomaly_STAFFIIIDatabase_37216_160720_161370,STAFFIIIDatabase,,lof,tuned,"{'w': 100, 'k': 30}",0.11367,0.09226,0.79307,0.14958,23.4,8.11,0.0,262674,1,0.00248,ok
ucr,216_UCR_Anomaly_STAFFIIIDatabase_37216_160720_161370,STAFFIIIDatabase,,knn,default,,0.28784,0.04533,0.99941,0.50215,12.21,,17.0,262674,1,0.00248,ok
ucr,216_UCR_Anomaly_STAFFIIIDatabase_37216_160720_161370,STAFFIIIDatabase,,knn,tuned,"{'w': 200, 'k': 1}",0.47016,0.12489,0.9994,0.52307,17.75,6.09,0.0,262674,1,0.00248,ok
ucr,216_UCR_Anomaly_STAFFIIIDatabase_37216_160720_161370,STAFFIIIDatabase,,ae,default,,0.29218,0.04159,0.99941,0.5,28.09,,130.6,262674,1,0.00248,ok
ucr,216_UCR_Anomaly_STAFFIIIDatabase_37216_160720_161370,STAFFIIIDatabase,,ae,tuned,"{'w': 200, 'hidden': 32, 'latent': 8}",0.46431,0.11065,0.9994,0.50222,48.92,63.82,0.0,262674,1,0.00248,ok
ucr,218_UCR_Anomaly_STAFFIIIDatabase_41117_210720_211370,STAFFIIIDatabase,,iforest,default,,0.00672,0.00676,0.75907,0.01648,16.33,,17.0,258823,1,0.00252,ok
ucr,218_UCR_Anomaly_STAFFIIIDatabase_41117_210720_211370,STAFFIIIDatabase,,iforest,tuned,"{'w': 400, 'n_estimators': 100}",0.00823,0.00875,0.72479,0.01739,47.46,14.37,0.0,258823,1,0.00252,ok
ucr,218_UCR_Anomaly_STAFFIIIDatabase_41117_210720_211370,STAFFIIIDatabase,,lof,default,,0.05357,0.05845,0.79663,0.12385,14.53,,17.0,258823,1,0.00252,ok
ucr,218_UCR_Anomaly_STAFFIIIDatabase_41117_210720_211370,STAFFIIIDatabase,,lof,tuned,"{'w': 200, 'k': 10}",0.17733,0.17514,0.82443,0.28726,17.11,11.22,0.0,258823,1,0.00252,ok
ucr,218_UCR_Anomaly_STAFFIIIDatabase_41117_210720_211370,STAFFIIIDatabase,,knn,default,,0.0743,0.04758,0.8742,0.16086,13.23,,17.0,258823,1,0.00252,ok
ucr,218_UCR_Anomaly_STAFFIIIDatabase_41117_210720_211370,STAFFIIIDatabase,,knn,tuned,"{'w': 200, 'k': 3}",0.15678,0.1211,0.87509,0.25891,17.03,7.33,0.0,258823,1,0.00252,ok
ucr,218_UCR_Anomaly_STAFFIIIDatabase_41117_210720_211370,STAFFIIIDatabase,,ae,default,,0.31952,0.05353,0.99939,0.32143,30.85,,128.7,258823,1,0.00252,ok
ucr,218_UCR_Anomaly_STAFFIIIDatabase_41117_210720_211370,STAFFIIIDatabase,,ae,tuned,"{'w': 200, 'hidden': 32, 'latent': 8}",0.32195,0.07526,0.99941,0.33292,46.79,87.78,0.0,258823,1,0.00252,ok
ucr,220_UCR_Anomaly_STAFFIIIDatabase_43217_250720_251370,STAFFIIIDatabase,,iforest,default,,0.00508,0.00521,0.6681,0.01223,15.68,,17.0,256573,1,0.00254,ok
ucr,220_UCR_Anomaly_STAFFIIIDatabase_43217_250720_251370,STAFFIIIDatabase,,iforest,tuned,"{'w': 200, 'n_estimators': 100}",0.00448,0.00466,0.65526,0.00773,30.08,15.7,0.0,256573,1,0.00254,ok
ucr,220_UCR_Anomaly_STAFFIIIDatabase_43217_250720_251370,STAFFIIIDatabase,,lof,default,,0.02103,0.02109,0.84007,0.05895,15.37,,17.0,256573,1,0.00254,ok
ucr,220_UCR_Anomaly_STAFFIIIDatabase_43217_250720_251370,STAFFIIIDatabase,,lof,tuned,"{'w': 100, 'k': 10}",0.37078,0.15194,0.99959,0.42208,23.18,15.67,0.0,256573,1,0.00254,ok
ucr,220_UCR_Anomaly_STAFFIIIDatabase_43217_250720_251370,STAFFIIIDatabase,,knn,default,,0.15493,0.02867,0.95622,0.24146,13.62,,17.0,256573,1,0.00254,ok
ucr,220_UCR_Anomaly_STAFFIIIDatabase_43217_250720_251370,STAFFIIIDatabase,,knn,tuned,"{'w': 100, 'k': 1}",0.22588,0.0385,0.98909,0.29531,25.36,9.18,0.0,256573,1,0.00254,ok
ucr,220_UCR_Anomaly_STAFFIIIDatabase_43217_250720_251370,STAFFIIIDatabase,,ae,default,,0.2297,0.03371,0.99868,0.30101,31.4,,128.0,256573,1,0.00254,ok
ucr,220_UCR_Anomaly_STAFFIIIDatabase_43217_250720_251370,STAFFIIIDatabase,,ae,tuned,"{'w': 50, 'hidden': 32, 'latent': 16}",0.0282,0.01314,0.85398,0.10976,52.16,119.79,0.0,256573,1,0.00254,ok
ucr,222_UCR_Anomaly_mit14046longtermecg_56123_91200_91700,mit14046longtermecg,,iforest,default,,0.1375,0.03118,0.99766,0.22566,10.24,,17.0,155379,1,0.00322,ok
ucr,222_UCR_Anomaly_mit14046longtermecg_56123_91200_91700,mit14046longtermecg,,iforest,tuned,"{'w': 100, 'n_estimators': 200}",0.1375,0.03118,0.99766,0.22566,16.23,18.32,0.0,155379,1,0.00322,ok
ucr,222_UCR_Anomaly_mit14046longtermecg_56123_91200_91700,mit14046longtermecg,,lof,default,,0.00459,0.00651,0.9797,0.00483,12.58,,17.0,155379,1,0.00322,ok
ucr,222_UCR_Anomaly_mit14046longtermecg_56123_91200_91700,mit14046longtermecg,,lof,tuned,"{'w': 100, 'k': 50}",0.00459,0.00651,0.9797,0.00483,17.62,19.46,0.0,155379,1,0.00322,ok
ucr,222_UCR_Anomaly_mit14046longtermecg_56123_91200_91700,mit14046longtermecg,,knn,default,,0.20861,0.07241,0.99796,0.29354,11.77,,17.0,155379,1,0.00322,ok
ucr,222_UCR_Anomaly_mit14046longtermecg_56123_91200_91700,mit14046longtermecg,,knn,tuned,"{'w': 100, 'k': 1}",0.21359,0.07753,0.99796,0.29655,18.59,10.46,0.0,155379,1,0.00322,ok
ucr,222_UCR_Anomaly_mit14046longtermecg_56123_91200_91700,mit14046longtermecg,,ae,default,,0.20029,0.06156,0.99006,0.31569,29.05,,88.8,155379,1,0.00322,ok
ucr,222_UCR_Anomaly_mit14046longtermecg_56123_91200_91700,mit14046longtermecg,,ae,tuned,"{'w': 100, 'hidden': 64, 'latent': 8}",0.18272,0.05319,0.98091,0.2881,32.22,118.65,0.0,155379,1,0.00322,ok
ucr,224_UCR_Anomaly_mit14046longtermecg_76123_191200_191700,mit14046longtermecg,,iforest,default,,0.00263,0.00339,0.67827,0.0,8.16,,17.0,123630,1,0.00405,ok
ucr,224_UCR_Anomaly_mit14046longtermecg_76123_191200_191700,mit14046longtermecg,,iforest,tuned,"{'w': 200, 'n_estimators': 100}",0.00267,0.00337,0.65677,0.0,14.57,22.29,0.0,123630,1,0.00405,ok
ucr,224_UCR_Anomaly_mit14046longtermecg_76123_191200_191700,mit14046longtermecg,,lof,default,,0.37037,0.14248,0.99893,0.42689,12.91,,17.0,123630,1,0.00405,ok
ucr,224_UCR_Anomaly_mit14046longtermecg_76123_191200_191700,mit14046longtermecg,,lof,tuned,"{'w': 200, 'k': 30}",0.01582,0.01586,0.84777,0.03903,10.41,15.04,0.0,123630,1,0.00405,ok
ucr,224_UCR_Anomaly_mit14046longtermecg_76123_191200_191700,mit14046longtermecg,,knn,default,,0.03956,0.03966,0.60415,0.10408,10.16,,17.0,123630,1,0.00405,ok
ucr,224_UCR_Anomaly_mit14046longtermecg_76123_191200_191700,mit14046longtermecg,,knn,tuned,"{'w': 200, 'k': 3}",0.00602,0.00654,0.55326,0.0108,9.57,12.56,0.0,123630,1,0.00405,ok
ucr,224_UCR_Anomaly_mit14046longtermecg_76123_191200_191700,mit14046longtermecg,,ae,default,,0.02442,0.02529,0.50759,0.06816,37.47,,78.6,123630,1,0.00405,ok
ucr,224_UCR_Anomaly_mit14046longtermecg_76123_191200_191700,mit14046longtermecg,,ae,tuned,"{'w': 200, 'hidden': 32, 'latent': 16}",0.00518,0.00598,0.51805,0.01043,30.99,97.15,0.0,123630,1,0.00405,ok
ucr,226_UCR_Anomaly_mit14046longtermecg_96123_123000_123300,mit14046longtermecg,,iforest,default,,0.34517,0.26682,0.65167,0.51943,6.49,,17.0,93878,1,0.00321,ok
ucr,226_UCR_Anomaly_mit14046longtermecg_96123_123000_123300,mit14046longtermecg,,iforest,tuned,"{'w': 200, 'n_estimators': 100}",0.47622,0.45075,0.62768,0.71199,11.02,26.56,0.0,93878,1,0.00321,ok
ucr,226_UCR_Anomaly_mit14046longtermecg_96123_123000_123300,mit14046longtermecg,,lof,default,,0.26474,0.28516,0.71664,0.46415,15.62,,17.0,93878,1,0.00321,ok
ucr,226_UCR_Anomaly_mit14046longtermecg_96123_123000_123300,mit14046longtermecg,,lof,tuned,"{'w': 200, 'k': 50}",0.99407,0.62619,0.99942,0.79727,9.59,31.03,0.0,93878,1,0.00321,ok
ucr,226_UCR_Anomaly_mit14046longtermecg_96123_123000_123300,mit14046longtermecg,,knn,default,,0.99103,0.57869,0.99971,0.7986,9.18,,17.0,93878,1,0.00321,ok
ucr,226_UCR_Anomaly_mit14046longtermecg_96123_123000_123300,mit14046longtermecg,,knn,tuned,"{'w': 200, 'k': 1}",0.99797,0.65891,0.99942,0.79727,9.04,19.34,0.0,93878,1,0.00321,ok
ucr,226_UCR_Anomaly_mit14046longtermecg_96123_123000_123300,mit14046longtermecg,,ae,default,,0.99726,0.5688,0.99925,0.79927,43.15,,67.6,93878,1,0.00321,ok
ucr,226_UCR_Anomaly_mit14046longtermecg_96123_123000_123300,mit14046longtermecg,,ae,tuned,"{'w': 100, 'hidden': 64, 'latent': 8}",0.99949,0.61591,0.99972,0.79927,40.08,159.91,0.0,93878,1,0.00321,ok
ucr,228_UCR_Anomaly_mit14134longtermecg_11361_47830_47850,mit14134longtermecg,,iforest,default,,0.00365,0.00543,0.75817,0.00977,3.7,,17.0,47639,1,0.00044,ok
ucr,228_UCR_Anomaly_mit14134longtermecg_11361_47830_47850,mit14134longtermecg,,iforest,tuned,"{'w': 100, 'n_estimators': 200}",0.00365,0.00543,0.75817,0.00977,5.37,8.04,0.0,47639,1,0.00044,ok
ucr,228_UCR_Anomaly_mit14134longtermecg_11361_47830_47850,mit14134longtermecg,,lof,default,,0.07222,0.05827,0.76105,0.09817,1.56,,17.0,47639,1,0.00044,ok
ucr,228_UCR_Anomaly_mit14134longtermecg_11361_47830_47850,mit14134longtermecg,,lof,tuned,"{'w': 200, 'k': 10}",0.0091,0.01997,0.80585,0.02821,2.72,3.47,0.0,47639,1,0.00044,ok
ucr,228_UCR_Anomaly_mit14134longtermecg_11361_47830_47850,mit14134longtermecg,,knn,default,,0.03565,0.05097,0.79407,0.07766,1.18,,17.0,47639,1,0.00044,ok
ucr,228_UCR_Anomaly_mit14134longtermecg_11361_47830_47850,mit14134longtermecg,,knn,tuned,"{'w': 100, 'k': 3}",0.0407,0.05862,0.79747,0.08982,2.85,2.17,0.0,47639,1,0.00044,ok
ucr,228_UCR_Anomaly_mit14134longtermecg_11361_47830_47850,mit14134longtermecg,,ae,default,,0.03465,0.04869,0.88046,0.07222,6.35,,41.6,47639,1,0.00044,ok
ucr,228_UCR_Anomaly_mit14134longtermecg_11361_47830_47850,mit14134longtermecg,,ae,tuned,"{'w': 200, 'hidden': 32, 'latent': 16}",0.00435,0.00718,0.90269,0.01325,9.22,26.19,0.0,47639,1,0.00044,ok
ucr,230_UCR_Anomaly_mit14134longtermecg_19363_19510_19610,mit14134longtermecg,,iforest,default,,0.00684,0.00793,0.75747,0.02,3.33,,17.0,39637,1,0.00255,ok
ucr,230_UCR_Anomaly_mit14134longtermecg_19363_19510_19610,mit14134longtermecg,,iforest,tuned,"{'w': 50, 'n_estimators': 200}",0.00601,0.0064,0.73216,0.01441,4.55,9.84,0.0,39637,1,0.00255,ok
ucr,230_UCR_Anomaly_mit14134longtermecg_19363_19510_19610,mit14134longtermecg,,lof,default,,0.06031,0.06053,0.66056,0.1622,1.71,,17.0,39637,1,0.00255,ok
ucr,230_UCR_Anomaly_mit14134longtermecg_19363_19510_19610,mit14134longtermecg,,lof,tuned,"{'w': 50, 'k': 30}",0.03299,0.0295,0.70081,0.08282,7.28,5.0,0.0,39637,1,0.00255,ok
ucr,230_UCR_Anomaly_mit14134longtermecg_19363_19510_19610,mit14134longtermecg,,knn,default,,0.02208,0.02398,0.73024,0.06031,2.01,,17.0,39637,1,0.00255,ok
ucr,230_UCR_Anomaly_mit14134longtermecg_19363_19510_19610,mit14134longtermecg,,knn,tuned,"{'w': 100, 'k': 3}",0.02361,0.02641,0.73223,0.06392,2.75,3.29,0.0,39637,1,0.00255,ok
ucr,230_UCR_Anomaly_mit14134longtermecg_19363_19510_19610,mit14134longtermecg,,ae,default,,0.02059,0.03346,0.80615,0.06575,11.4,,40.3,39637,1,0.00255,ok
ucr,230_UCR_Anomaly_mit14134longtermecg_19363_19510_19610,mit14134longtermecg,,ae,tuned,"{'w': 200, 'hidden': 32, 'latent': 16}",0.02642,0.05224,0.83326,0.09164,11.57,50.4,0.0,39637,1,0.00255,ok
ucr,232_UCR_Anomaly_mit14134longtermecg_8763_57530_57790,mit14134longtermecg,,iforest,default,,0.00398,0.00618,0.88563,0.00386,4.41,,17.0,50237,1,0.0052,ok
ucr,232_UCR_Anomaly_mit14134longtermecg_8763_57530_57790,mit14134longtermecg,,iforest,tuned,"{'w': 100, 'n_estimators': 200}",0.00398,0.00618,0.88563,0.00386,5.61,7.36,0.0,50237,1,0.0052,ok
ucr,232_UCR_Anomaly_mit14134longtermecg_8763_57530_57790,mit14134longtermecg,,lof,default,,0.02159,0.02583,0.88496,0.05016,1.42,,17.0,50237,1,0.0052,ok
ucr,232_UCR_Anomaly_mit14134longtermecg_8763_57530_57790,mit14134longtermecg,,lof,tuned,"{'w': 50, 'k': 30}",0.05741,0.05262,0.85802,0.12937,4.32,2.54,0.0,50237,1,0.0052,ok
ucr,232_UCR_Anomaly_mit14134longtermecg_8763_57530_57790,mit14134longtermecg,,knn,default,,0.04932,0.05013,0.88539,0.10744,1.15,,17.0,50237,1,0.0052,ok
ucr,232_UCR_Anomaly_mit14134longtermecg_8763_57530_57790,mit14134longtermecg,,knn,tuned,"{'w': 50, 'k': 3}",0.04142,0.03768,0.86238,0.08574,4.09,1.81,0.0,50237,1,0.0052,ok
ucr,232_UCR_Anomaly_mit14134longtermecg_8763_57530_57790,mit14134longtermecg,,ae,default,,0.01386,0.01534,0.7347,0.03285,5.77,,43.0,50237,1,0.0052,ok
ucr,232_UCR_Anomaly_mit14134longtermecg_8763_57530_57790,mit14134longtermecg,,ae,tuned,"{'w': 100, 'hidden': 64, 'latent': 8}",0.01076,0.01212,0.88546,0.02504,7.91,19.41,0.0,50237,1,0.0052,ok
ucr,234_UCR_Anomaly_mit14157longtermecg_18913_24600_24601,mit14157longtermecg,,iforest,default,,9e-05,0.00019,0.63362,0.00024,5.42,,17.0,79797,1,3e-05,ok
ucr,234_UCR_Anomaly_mit14157longtermecg_18913_24600_24601,mit14157longtermecg,,iforest,tuned,"{'w': 100, 'n_estimators': 100}",0.0001,0.00018,0.62766,0.00025,6.35,9.71,0.0,79797,1,3e-05,ok
ucr,234_UCR_Anomaly_mit14157longtermecg_18913_24600_24601,mit14157longtermecg,,lof,default,,0.00093,0.00161,0.6445,0.00242,3.05,,17.0,79797,1,3e-05,ok
ucr,234_UCR_Anomaly_mit14157longtermecg_18913_24600_24601,mit14157longtermecg,,lof,tuned,"{'w': 200, 'k': 10}",6e-05,0.00011,0.62139,0.0,4.11,5.04,0.0,79797,1,3e-05,ok
ucr,234_UCR_Anomaly_mit14157longtermecg_18913_24600_24601,mit14157longtermecg,,knn,default,,0.00164,0.00332,0.63956,0.0032,2.41,,17.0,79797,1,3e-05,ok
ucr,234_UCR_Anomaly_mit14157longtermecg_18913_24600_24601,mit14157longtermecg,,knn,tuned,"{'w': 100, 'k': 3}",0.00213,0.00499,0.64124,0.00472,4.72,2.99,0.0,79797,1,3e-05,ok
ucr,234_UCR_Anomaly_mit14157longtermecg_18913_24600_24601,mit14157longtermecg,,ae,default,,0.00178,0.00333,0.65586,0.0032,10.96,,54.8,79797,1,3e-05,ok
ucr,234_UCR_Anomaly_mit14157longtermecg_18913_24600_24601,mit14157longtermecg,,ae,tuned,"{'w': 100, 'hidden': 32, 'latent': 16}",0.00146,0.00333,0.65022,0.0032,12.65,39.86,0.0,79797,1,3e-05,ok
ucr,236_UCR_Anomaly_mit14157longtermecg_19313_46350_46390,mit14157longtermecg,,iforest,default,,0.00034,0.0005,0.80367,0.0,5.11,,17.0,77687,1,0.00053,ok
ucr,236_UCR_Anomaly_mit14157longtermecg_19313_46350_46390,mit14157longtermecg,,iforest,tuned,"{'w': 100, 'n_estimators': 200}",0.00034,0.0005,0.80367,0.0,7.89,9.55,0.0,77687,1,0.00053,ok
ucr,236_UCR_Anomaly_mit14157longtermecg_19313_46350_46390,mit14157longtermecg,,lof,default,,0.00583,0.01064,0.81237,0.02049,2.89,,17.0,77687,1,0.00053,ok
ucr,236_UCR_Anomaly_mit14157longtermecg_19313_46350_46390,mit14157longtermecg,,lof,tuned,"{'w': 100, 'k': 30}",0.00697,0.01309,0.81205,0.02272,5.35,4.85,0.0,77687,1,0.00053,ok
ucr,236_UCR_Anomaly_mit14157longtermecg_19313_46350_46390,mit14157longtermecg,,knn,default,,0.00814,0.01591,0.81208,0.02623,2.56,,17.0,77687,1,0.00053,ok
ucr,236_UCR_Anomaly_mit14157longtermecg_19313_46350_46390,mit14157longtermecg,,knn,tuned,"{'w': 100, 'k': 3}",0.00919,0.01676,0.81263,0.02903,4.92,3.24,0.0,77687,1,0.00053,ok
ucr,236_UCR_Anomaly_mit14157longtermecg_19313_46350_46390,mit14157longtermecg,,ae,default,,0.00875,0.0156,0.82173,0.02904,10.87,,55.0,77687,1,0.00053,ok
ucr,236_UCR_Anomaly_mit14157longtermecg_19313_46350_46390,mit14157longtermecg,,ae,tuned,"{'w': 100, 'hidden': 64, 'latent': 8}",0.00632,0.01105,0.80952,0.02163,16.78,48.11,0.0,77687,1,0.00053,ok
ucr,238_UCR_Anomaly_mit14157longtermecg_21311_72600_72780,mit14157longtermecg,,iforest,default,,0.01675,0.01549,0.78894,0.04401,5.76,,17.0,77689,1,0.00233,ok
ucr,238_UCR_Anomaly_mit14157longtermecg_21311_72600_72780,mit14157longtermecg,,iforest,tuned,"{'w': 100, 'n_estimators': 200}",0.01675,0.01549,0.78894,0.04401,9.0,11.83,0.0,77689,1,0.00233,ok
ucr,238_UCR_Anomaly_mit14157longtermecg_21311_72600_72780,mit14157longtermecg,,lof,default,,0.02813,0.02705,0.72999,0.06921,3.84,,17.0,77689,1,0.00233,ok
ucr,238_UCR_Anomaly_mit14157longtermecg_21311_72600_72780,mit14157longtermecg,,lof,tuned,"{'w': 400, 'k': 10}",0.01716,0.02113,0.73452,0.04974,5.46,6.02,0.0,77689,1,0.00233,ok
ucr,238_UCR_Anomaly_mit14157longtermecg_21311_72600_72780,mit14157longtermecg,,knn,default,,0.06682,0.0606,0.74923,0.15871,4.19,,17.0,77689,1,0.00233,ok
ucr,238_UCR_Anomaly_mit14157longtermecg_21311_72600_72780,mit14157longtermecg,,knn,tuned,"{'w': 100, 'k': 3}",0.0658,0.05977,0.74647,0.15537,5.2,3.59,0.0,77689,1,0.00233,ok
ucr,238_UCR_Anomaly_mit14157longtermecg_21311_72600_72780,mit14157longtermecg,,ae,default,,0.05902,0.0576,0.75683,0.14008,11.63,,55.1,77689,1,0.00233,ok
ucr,238_UCR_Anomaly_mit14157longtermecg_21311_72600_72780,mit14157longtermecg,,ae,tuned,"{'w': 100, 'hidden': 32, 'latent': 8}",0.06866,0.06669,0.76065,0.16296,14.15,46.57,0.0,77689,1,0.00233,ok
ucr,240_UCR_Anomaly_taichidbS0715Master_240030_884100_884200,taichidbS0715Master,,iforest,default,,0.0005,0.00075,0.68388,0.00183,36.49,,17.0,659970,1,0.00015,ok
ucr,240_UCR_Anomaly_taichidbS0715Master_240030_884100_884200,taichidbS0715Master,,iforest,tuned,"{'w': 400, 'n_estimators': 200}",0.00038,0.00058,0.7376,0.00099,140.2,61.42,0.0,659970,1,0.00015,ok
ucr,240_UCR_Anomaly_taichidbS0715Master_240030_884100_884200,taichidbS0715Master,,lof,default,,0.01181,0.01089,0.6886,0.02765,157.68,,17.0,659970,1,0.00015,ok
ucr,240_UCR_Anomaly_taichidbS0715Master_240030_884100_884200,taichidbS0715Master,,lof,tuned,"{'w': 100, 'k': 10}",0.01089,0.01278,0.82828,0.01988,180.74,151.9,0.0,659970,1,0.00015,ok
ucr,240_UCR_Anomaly_taichidbS0715Master_240030_884100_884200,taichidbS0715Master,,knn,default,,0.00726,0.00926,0.79285,0.01713,139.23,,17.0,659970,1,0.00015,ok
ucr,240_UCR_Anomaly_taichidbS0715Master_240030_884100_884200,taichidbS0715Master,,knn,tuned,"{'w': 50, 'k': 1}",0.00574,0.00735,0.77153,0.01108,589.79,80.9,0.0,659970,1,0.00015,ok
ucr,240_UCR_Anomaly_taichidbS0715Master_240030_884100_884200,taichidbS0715Master,,ae,default,,0.00074,0.00115,0.79819,0.00172,147.68,,304.9,659970,1,0.00015,ok
ucr,240_UCR_Anomaly_taichidbS0715Master_240030_884100_884200,taichidbS0715Master,,ae,tuned,"{'w': 50, 'hidden': 64, 'latent': 16}",0.00075,0.00116,0.78464,0.00184,227.95,639.85,0.0,659970,1,0.00015,ok
ucr,242_UCR_Anomaly_tilt12744mtable_100000_104630_104890,tilt12744mtable,,iforest,default,,0.00178,0.00208,0.80054,0.0023,12.36,,17.0,186667,1,0.0014,ok
ucr,242_UCR_Anomaly_tilt12744mtable_100000_104630_104890,tilt12744mtable,,iforest,tuned,"{'w': 400, 'n_estimators': 200}",0.00178,0.0025,0.82086,0.0,39.3,29.81,0.0,186667,1,0.0014,ok
ucr,242_UCR_Anomaly_tilt12744mtable_100000_104630_104890,tilt12744mtable,,lof,default,,0.00896,0.01218,0.72031,0.02169,22.28,,17.0,186667,1,0.0014,ok
ucr,242_UCR_Anomaly_tilt12744mtable_100000_104630_104890,tilt12744mtable,,lof,tuned,"{'w': 200, 'k': 30}",0.05675,0.07203,0.77963,0.14863,17.28,31.74,0.0,186667,1,0.0014,ok
ucr,242_UCR_Anomaly_tilt12744mtable_100000_104630_104890,tilt12744mtable,,knn,default,,0.01943,0.01839,0.7878,0.05019,18.45,,17.0,186667,1,0.0014,ok
ucr,242_UCR_Anomaly_tilt12744mtable_100000_104630_104890,tilt12744mtable,,knn,tuned,"{'w': 200, 'k': 3}",0.03835,0.03956,0.78558,0.09349,15.65,21.65,0.0,186667,1,0.0014,ok
ucr,242_UCR_Anomaly_tilt12744mtable_100000_104630_104890,tilt12744mtable,,ae,default,,0.01238,0.01166,0.82237,0.03548,44.79,,105.3,186667,1,0.0014,ok
ucr,242_UCR_Anomaly_tilt12744mtable_100000_104630_104890,tilt12744mtable,,ae,tuned,"{'w': 100, 'hidden': 32, 'latent': 8}",0.011,0.0104,0.74731,0.03049,51.86,172.92,0.0,186667,1,0.0014,ok
ucr,244_UCR_Anomaly_tilt12754table_100013_104630_104890,tilt12754table,,iforest,default,,0.00153,0.00177,0.8225,0.00284,13.2,,17.0,200249,1,0.0013,ok
ucr,244_UCR_Anomaly_tilt12754table_100013_104630_104890,tilt12754table,,iforest,tuned,"{'w': 100, 'n_estimators': 100}",0.00156,0.00179,0.8244,0.00295,17.73,29.8,0.0,200249,1,0.0013,ok
ucr,244_UCR_Anomaly_tilt12754table_100013_104630_104890,tilt12754table,,lof,default,,0.00806,0.00931,0.54691,0.02071,25.89,,17.0,200249,1,0.0013,ok
ucr,244_UCR_Anomaly_tilt12754table_100013_104630_104890,tilt12754table,,lof,tuned,"{'w': 100, 'k': 30}",0.00568,0.00647,0.65462,0.0149,33.7,33.94,0.0,200249,1,0.0013,ok
ucr,244_UCR_Anomaly_tilt12754table_100013_104630_104890,tilt12754table,,knn,default,,0.01589,0.01513,0.83974,0.04206,23.21,,17.0,200249,1,0.0013,ok
ucr,244_UCR_Anomaly_tilt12754table_100013_104630_104890,tilt12754table,,knn,tuned,"{'w': 200, 'k': 1}",0.02349,0.02821,0.85228,0.06368,16.09,22.46,0.0,200249,1,0.0013,ok
ucr,244_UCR_Anomaly_tilt12754table_100013_104630_104890,tilt12754table,,ae,default,,0.01246,0.01141,0.79753,0.03579,45.54,,110.0,200249,1,0.0013,ok
ucr,244_UCR_Anomaly_tilt12754table_100013_104630_104890,tilt12754table,,ae,tuned,"{'w': 100, 'hidden': 32, 'latent': 8}",0.01056,0.00969,0.81315,0.02921,59.55,198.96,0.0,200249,1,0.0013,ok
ucr,246_UCR_Anomaly_tilt12755mtable_100211_270800_271070,tilt12755mtable,,iforest,default,,0.00302,0.00388,0.67631,0.00727,14.21,,17.0,199656,1,0.00136,ok
ucr,246_UCR_Anomaly_tilt12755mtable_100211_270800_271070,tilt12755mtable,,iforest,tuned,"{'w': 200, 'n_estimators': 200}",0.00385,0.0054,0.73123,0.0127,31.8,30.93,0.0,199656,1,0.00136,ok
ucr,246_UCR_Anomaly_tilt12755mtable_100211_270800_271070,tilt12755mtable,,lof,default,,0.00856,0.0085,0.74632,0.02047,36.0,,17.0,199656,1,0.00136,ok
ucr,246_UCR_Anomaly_tilt12755mtable_100211_270800_271070,tilt12755mtable,,lof,tuned,"{'w': 50, 'k': 30}",0.00336,0.00451,0.72421,0.00663,156.68,82.11,0.0,199656,1,0.00136,ok
ucr,246_UCR_Anomaly_tilt12755mtable_100211_270800_271070,tilt12755mtable,,knn,default,,0.01286,0.01329,0.71589,0.0329,37.2,,17.0,199656,1,0.00136,ok
ucr,246_UCR_Anomaly_tilt12755mtable_100211_270800_271070,tilt12755mtable,,knn,tuned,"{'w': 200, 'k': 3}",0.01055,0.01209,0.76657,0.02775,24.69,44.0,0.0,199656,1,0.00136,ok
ucr,246_UCR_Anomaly_tilt12755mtable_100211_270800_271070,tilt12755mtable,,ae,default,,0.02052,0.02993,0.68256,0.07191,52.5,,110.0,199656,1,0.00136,ok
ucr,246_UCR_Anomaly_tilt12755mtable_100211_270800_271070,tilt12755mtable,,ae,tuned,"{'w': 50, 'hidden': 64, 'latent': 16}",0.01726,0.02088,0.69436,0.04639,113.02,289.72,0.0,199656,1,0.00136,ok
ucr,248_UCR_Anomaly_weallwalk_2000_4702_4707,weallwalk,,iforest,default,,0.00209,0.00358,0.90734,0.00681,1.67,,17.0,6432,1,0.00093,ok
ucr,248_UCR_Anomaly_weallwalk_2000_4702_4707,weallwalk,,lof,default,,0.09127,0.11671,0.97458,0.15789,0.23,,17.0,6432,1,0.00093,ok
ucr,248_UCR_Anomaly_weallwalk_2000_4702_4707,weallwalk,,knn,default,,0.50549,0.4222,0.99948,0.47619,0.14,,17.0,6432,1,0.00093,ok
ucr,248_UCR_Anomaly_weallwalk_2000_4702_4707,weallwalk,,ae,default,,0.00885,0.01526,0.90796,0.02778,1.36,,24.0,6432,1,0.00093,ok
ucr,250_UCR_Anomaly_weallwalk_2951_7290_7296,weallwalk,,iforest,default,,0.05549,0.08833,0.99777,0.11624,1.78,,17.0,7517,1,0.00093,ok
ucr,250_UCR_Anomaly_weallwalk_2951_7290_7296,weallwalk,,iforest,tuned,"{'w': 50, 'n_estimators': 200}",0.33182,0.24136,0.9985,0.28571,2.12,7.12,0.0,7517,1,0.00093,ok
ucr,250_UCR_Anomaly_weallwalk_2951_7290_7296,weallwalk,,lof,default,,0.02181,0.0323,0.75512,0.05858,0.3,,17.0,7517,1,0.00093,ok
ucr,250_UCR_Anomaly_weallwalk_2951_7290_7296,weallwalk,,lof,tuned,"{'w': 400, 'k': 10}",0.00186,0.00262,0.60825,0.0,0.62,2.03,0.0,7517,1,0.00093,ok
ucr,250_UCR_Anomaly_weallwalk_2951_7290_7296,weallwalk,,knn,default,,0.08535,0.11918,0.99188,0.16092,0.17,,17.0,7517,1,0.00093,ok
ucr,250_UCR_Anomaly_weallwalk_2951_7290_7296,weallwalk,,knn,tuned,"{'w': 50, 'k': 5}",0.10586,0.15661,0.99721,0.28571,0.72,1.53,0.0,7517,1,0.00093,ok
ucr,250_UCR_Anomaly_weallwalk_2951_7290_7296,weallwalk,,ae,default,,0.00357,0.00497,0.77185,0.01179,1.67,,25.4,7517,1,0.00093,ok
ucr,250_UCR_Anomaly_weallwalk_2951_7290_7296,weallwalk,,ae,tuned,"{'w': 50, 'hidden': 32, 'latent': 16}",0.01402,0.02135,0.99215,0.03966,3.23,7.63,0.0,7517,1,0.00093,ok
