dataset,series,domain,anomaly_kind,detector,tier,config,auc_pr,vus_pr,affil_f1,event_f1,runtime_s,tune_s,peak_mb,n_test,n_channels,anomaly_frac,status
nasa,A-8,smap,contextual,timesfm_resid,default,,0.3903,0.39853,0.72126,0.32691,90.59,,1386.9,8375,25,0.45445,ok
nasa,A-8,smap,contextual,timesfm_quantile,default,,0.46794,0.47453,0.80549,0.36085,90.59,,1386.9,8375,25,0.45445,ok
nasa,A-9,smap,contextual,chronos_small_resid,default,,0.32584,0.33325,0.42781,0.05862,49.06,,1176.6,8434,25,0.45826,ok
nasa,A-9,smap,contextual,chronos_small_quantile,default,,0.41058,0.41781,0.62065,0.1148,49.06,,1176.6,8434,25,0.45826,ok
nasa,A-9,smap,contextual,chronos_base_resid,default,,0.33474,0.34244,0.45495,0.0714,9.21,,1824.4,8434,25,0.45826,ok
nasa,A-9,smap,contextual,chronos_base_quantile,default,,0.4382,0.44859,0.72229,0.29607,9.21,,1824.4,8434,25,0.45826,ok
nasa,A-9,smap,contextual,timesfm_resid,default,,0.35396,0.36187,0.50865,0.09146,75.48,,1901.4,8434,25,0.45826,ok
nasa,A-9,smap,contextual,timesfm_quantile,default,,0.4318,0.44098,0.72325,0.29784,75.48,,1901.4,8434,25,0.45826,ok
nasa,F-3,smap,contextual,chronos_small_resid,default,,0.05754,0.03901,0.75253,0.17477,2.86,,1593.6,8376,25,0.00489,ok
nasa,F-3,smap,contextual,chronos_small_quantile,default,,0.01558,0.01613,0.61255,0.03617,2.86,,1593.6,8376,25,0.00489,ok
nasa,F-3,smap,contextual,chronos_base_resid,default,,0.02059,0.02094,0.71555,0.04883,3.93,,1824.4,8376,25,0.00489,ok
nasa,F-3,smap,contextual,chronos_base_quantile,default,,0.01758,0.01778,0.64658,0.04598,3.93,,1824.4,8376,25,0.00489,ok
nasa,F-3,smap,contextual,timesfm_resid,default,,0.01919,0.01974,0.61846,0.04686,53.59,,1901.4,8376,25,0.00489,ok
nasa,F-3,smap,contextual,timesfm_quantile,default,,0.02046,0.02085,0.66003,0.05478,53.59,,1901.4,8376,25,0.00489,ok
nasa,M-6,msl,point,chronos_small_resid,default,,0.10135,0.13521,0.78239,0.10867,0.32,,1593.6,2049,55,0.08834,ok
nasa,M-6,msl,point,chronos_small_quantile,default,,0.07685,0.10169,0.6657,0.08974,0.32,,1593.6,2049,55,0.08834,ok
nasa,M-6,msl,point,chronos_base_resid,default,,0.09,0.12867,0.74178,0.05833,0.66,,1824.4,2049,55,0.08834,ok
nasa,M-6,msl,point,chronos_base_quantile,default,,0.08553,0.11231,0.6576,0.10247,0.66,,1824.4,2049,55,0.08834,ok
nasa,M-6,msl,point,timesfm_resid,default,,0.10598,0.15232,0.75451,0.10644,9.04,,1901.4,2049,55,0.08834,ok
nasa,M-6,msl,point,timesfm_quantile,default,,0.08511,0.11027,0.66165,0.10774,9.04,,1901.4,2049,55,0.08834,ok
nasa,M-1,msl,contextual,chronos_small_resid,default,,0.61292,0.63311,0.94486,0.45353,0.35,,1593.6,2277,55,0.5011,ok
nasa,M-1,msl,contextual,chronos_small_quantile,default,,0.52056,0.55028,0.86905,0.37866,0.35,,1593.6,2277,55,0.5011,ok
nasa,M-1,msl,contextual,chronos_base_resid,default,,0.63336,0.66645,0.90789,0.46025,0.7,,1824.4,2277,55,0.5011,ok
nasa,M-1,msl,contextual,chronos_base_quantile,default,,0.50989,0.54316,0.8487,0.38356,0.7,,1824.4,2277,55,0.5011,ok
nasa,M-1,msl,contextual,timesfm_resid,default,,0.45241,0.47343,0.83206,0.32779,9.29,,1901.4,2277,55,0.5011,ok
nasa,M-1,msl,contextual,timesfm_quantile,default,,0.49028,0.5205,0.80631,0.36093,9.29,,1901.4,2277,55,0.5011,ok
nasa,M-2,msl,contextual,chronos_small_resid,default,,0.60817,0.62856,0.90654,0.45372,0.33,,1593.6,2277,55,0.5011,ok
nasa,M-2,msl,contextual,chronos_small_quantile,default,,0.52523,0.55546,0.82906,0.36766,0.33,,1593.6,2277,55,0.5011,ok
nasa,M-2,msl,contextual,chronos_base_resid,default,,0.62601,0.65881,0.90789,0.45854,0.68,,1824.4,2277,55,0.5011,ok
nasa,M-2,msl,contextual,chronos_base_quantile,default,,0.51487,0.54862,0.82703,0.37418,0.68,,1824.4,2277,55,0.5011,ok
nasa,M-2,msl,contextual,timesfm_resid,default,,0.44924,0.47035,0.83513,0.3268,8.96,,1901.4,2277,55,0.5011,ok
nasa,M-2,msl,contextual,timesfm_quantile,default,,0.49211,0.5212,0.80393,0.34836,8.96,,1901.4,2277,55,0.5011,ok
nasa,S-2,msl,point,chronos_small_resid,default,,0.01346,0.01551,0.71865,0.02654,0.31,,1593.6,1827,55,0.00602,ok
nasa,S-2,msl,point,chronos_small_quantile,default,,0.01005,0.01226,0.92255,0.02098,0.31,,1593.6,1827,55,0.00602,ok
nasa,S-2,msl,point,chronos_base_resid,default,,0.02941,0.02633,0.75795,0.09091,0.61,,1824.4,1827,55,0.00602,ok
nasa,S-2,msl,point,chronos_base_quantile,default,,0.00992,0.01272,0.68333,0.02256,0.61,,1824.4,1827,55,0.00602,ok
nasa,S-2,msl,point,timesfm_resid,default,,0.00589,0.00789,0.72791,0.01124,7.69,,1901.4,1827,55,0.00602,ok
nasa,S-2,msl,point,timesfm_quantile,default,,0.01107,0.01348,0.67118,0.02419,7.69,,1901.4,1827,55,0.00602,ok
nasa,P-10,msl,point,chronos_small_resid,default,,0.06765,0.07185,0.75909,0.16438,0.83,,1593.6,6100,55,0.02148,ok
nasa,P-10,msl,point,chronos_small_quantile,default,,0.0384,0.05097,0.75193,0.08907,0.83,,1593.6,6100,55,0.02148,ok
nasa,P-10,msl,point,chronos_base_resid,default,,0.06095,0.0698,0.76171,0.14166,2.1,,1824.4,6100,55,0.02148,ok
nasa,P-10,msl,point,chronos_base_quantile,default,,0.03715,0.04647,0.83116,0.08929,2.1,,1824.4,6100,55,0.02148,ok
nasa,P-10,msl,point,timesfm_resid,default,,0.06789,0.07138,0.81685,0.15324,23.17,,1901.4,6100,55,0.02148,ok
nasa,P-10,msl,point,timesfm_quantile,default,,0.03508,0.04493,0.7672,0.07658,23.17,,1901.4,6100,55,0.02148,ok
nasa,T-4,msl,point,chronos_small_resid,default,,0.06774,0.07962,0.96388,0.1957,0.35,,1593.6,2217,55,0.03112,ok
nasa,T-4,msl,point,chronos_small_quantile,default,,0.03538,0.04593,0.80406,0.05264,0.35,,1593.6,2217,55,0.03112,ok
nasa,T-4,msl,point,chronos_base_resid,default,,0.04037,0.04409,0.97221,0.18661,0.55,,1824.4,2217,55,0.03112,ok
nasa,T-4,msl,point,chronos_base_quantile,default,,0.03914,0.05334,0.68628,0.05089,0.55,,1824.4,2217,55,0.03112,ok
nasa,T-4,msl,point,timesfm_resid,default,,0.08484,0.08376,0.99079,0.28947,9.95,,1901.4,2217,55,0.03112,ok
nasa,T-4,msl,point,timesfm_quantile,default,,0.03404,0.04661,0.72821,0.05603,9.95,,1901.4,2217,55,0.03112,ok
nasa,T-5,msl,point,chronos_small_resid,default,,0.01308,0.01684,0.67875,0.01587,0.51,,1593.6,2218,55,0.01172,ok
nasa,T-5,msl,point,chronos_small_quantile,default,,0.01825,0.02271,0.80151,0.02474,0.51,,1593.6,2218,55,0.01172,ok
nasa,T-5,msl,point,chronos_base_resid,default,,0.02207,0.02725,0.65459,0.05021,1.11,,1824.4,2218,55,0.01172,ok
nasa,T-5,msl,point,chronos_base_quantile,default,,0.01604,0.02288,0.67017,0.02428,1.11,,1824.4,2218,55,0.01172,ok
nasa,T-5,msl,point,timesfm_resid,default,,0.00902,0.0128,0.86113,0.00702,16.06,,1901.4,2218,55,0.01172,ok
nasa,T-5,msl,point,timesfm_quantile,default,,0.01482,0.02041,0.72419,0.03172,16.06,,1901.4,2218,55,0.01172,ok
nasa,F-7,msl,contextual,chronos_small_resid,default,,0.08081,0.12615,0.69177,0.07244,1.05,,1593.6,5054,55,0.0837,ok
nasa,F-7,msl,contextual,chronos_small_quantile,default,,0.09844,0.14721,0.71404,0.16134,1.05,,1593.6,5054,55,0.0837,ok
nasa,F-7,msl,contextual,chronos_base_resid,default,,0.06294,0.0959,0.66875,0.01699,1.55,,1824.4,5054,55,0.0837,ok
nasa,F-7,msl,contextual,chronos_base_quantile,default,,0.09561,0.13399,0.72673,0.13301,1.55,,1824.4,5054,55,0.0837,ok
nasa,F-7,msl,contextual,timesfm_resid,default,,0.05458,0.09073,0.66367,0.01247,47.57,,1901.4,5054,55,0.0837,ok
nasa,F-7,msl,contextual,timesfm_quantile,default,,0.09318,0.13277,0.73103,0.12687,47.57,,1901.4,5054,55,0.0837,ok
nasa,M-3,msl,contextual,chronos_small_resid,default,,0.11569,0.15604,0.6866,0.14737,0.9,,1593.6,2127,55,0.11801,ok
nasa,M-3,msl,contextual,chronos_small_quantile,default,,0.09917,0.14371,0.68555,0.05224,0.9,,1593.6,2127,55,0.11801,ok
nasa,M-3,msl,contextual,chronos_base_resid,default,,0.14584,0.18284,0.71385,0.23746,1.07,,1824.4,2127,55,0.11801,ok
nasa,M-3,msl,contextual,chronos_base_quantile,default,,0.10882,0.15339,0.71122,0.11742,1.07,,1824.4,2127,55,0.11801,ok
nasa,M-3,msl,contextual,timesfm_resid,default,,0.14269,0.19504,0.7069,0.25195,23.78,,1901.4,2127,55,0.11801,ok
nasa,M-3,msl,contextual,timesfm_quantile,default,,0.10452,0.14833,0.75291,0.08929,23.78,,1901.4,2127,55,0.11801,ok
nasa,M-4,msl,contextual,chronos_small_resid,default,,0.10018,0.13934,0.66886,0.04839,0.93,,1593.6,2038,55,0.12316,ok
nasa,M-4,msl,contextual,chronos_small_quantile,default,,0.11856,0.15613,0.70046,0.12371,0.93,,1593.6,2038,55,0.12316,ok
nasa,M-4,msl,contextual,chronos_base_resid,default,,0.11263,0.16061,0.85941,0.11559,1.49,,1824.4,2038,55,0.12316,ok
nasa,M-4,msl,contextual,chronos_base_quantile,default,,0.11434,0.15468,0.72557,0.11291,1.49,,1824.4,2038,55,0.12316,ok
nasa,M-4,msl,contextual,timesfm_resid,default,,0.10127,0.14809,0.71489,0.09556,18.5,,1901.4,2038,55,0.12316,ok
nasa,M-4,msl,contextual,timesfm_quantile,default,,0.11481,0.15649,0.70342,0.10766,18.5,,1901.4,2038,55,0.12316,ok
nasa,M-5,msl,contextual,chronos_small_resid,default,,0.11621,0.1496,0.68555,0.14203,0.83,,1593.6,2303,55,0.1307,ok
nasa,M-5,msl,contextual,chronos_small_quantile,default,,0.12493,0.16393,0.76402,0.21469,0.83,,1593.6,2303,55,0.1307,ok
nasa,M-5,msl,contextual,chronos_base_resid,default,,0.14674,0.17925,0.91144,0.22704,1.3,,1824.4,2303,55,0.1307,ok
nasa,M-5,msl,contextual,chronos_base_quantile,default,,0.12251,0.16133,0.81497,0.12121,1.3,,1824.4,2303,55,0.1307,ok
nasa,M-5,msl,contextual,timesfm_resid,default,,0.1513,0.18245,0.75627,0.24183,26.21,,1901.4,2303,55,0.1307,ok
nasa,M-5,msl,contextual,timesfm_quantile,default,,0.14178,0.18369,0.7972,0.22056,26.21,,1901.4,2303,55,0.1307,ok
nasa,P-15,msl,point,chronos_small_resid,default,,0.00684,0.00927,0.71494,0.00592,0.92,,1593.6,2856,55,0.00735,ok
nasa,P-15,msl,point,chronos_small_quantile,default,,0.02343,0.03043,0.688,0.07205,0.92,,1593.6,2856,55,0.00735,ok
nasa,P-15,msl,point,chronos_base_resid,default,,0.00471,0.00697,0.68479,0.0,1.94,,1824.4,2856,55,0.00735,ok
nasa,P-15,msl,point,chronos_base_quantile,default,,0.01954,0.02694,0.8645,0.07205,1.94,,1824.4,2856,55,0.00735,ok
nasa,P-15,msl,point,timesfm_resid,default,,0.00442,0.00677,0.71355,0.0,32.16,,1901.4,2856,55,0.00735,ok
nasa,P-15,msl,point,timesfm_quantile,default,,0.02066,0.02687,0.66328,0.0825,32.16,,1901.4,2856,55,0.00735,ok
nasa,C-1,msl,mixed,chronos_small_resid,default,,0.19871,0.27559,0.81414,0.26709,0.61,,1593.6,2264,55,0.13781,ok
nasa,C-1,msl,mixed,chronos_small_quantile,default,,0.13449,0.20113,0.69128,0.11666,0.61,,1593.6,2264,55,0.13781,ok
nasa,C-1,msl,mixed,chronos_base_resid,default,,0.18653,0.25871,0.81945,0.26924,1.02,,1824.4,2264,55,0.13781,ok
nasa,C-1,msl,mixed,chronos_base_quantile,default,,0.12188,0.18317,0.6603,0.09438,1.02,,1824.4,2264,55,0.13781,ok
nasa,C-1,msl,mixed,timesfm_resid,default,,0.17076,0.25023,0.85833,0.19506,24.99,,1901.4,2264,55,0.13781,ok
nasa,C-1,msl,mixed,timesfm_quantile,default,,0.13438,0.19996,0.67287,0.11864,24.99,,1901.4,2264,55,0.13781,ok
nasa,C-2,msl,mixed,chronos_small_resid,default,,0.16326,0.22291,0.87166,0.35936,0.98,,1593.6,2051,55,0.0668,ok
nasa,C-2,msl,mixed,chronos_small_quantile,default,,0.05795,0.09056,0.64086,0.04445,0.98,,1593.6,2051,55,0.0668,ok
nasa,C-2,msl,mixed,chronos_base_resid,default,,0.17864,0.24147,0.84413,0.38979,1.21,,1824.4,2051,55,0.0668,ok
nasa,C-2,msl,mixed,chronos_base_quantile,default,,0.09214,0.12854,0.68414,0.14663,1.21,,1824.4,2051,55,0.0668,ok
nasa,C-2,msl,mixed,timesfm_resid,default,,0.09613,0.13831,0.7522,0.21131,25.91,,1901.4,2051,55,0.0668,ok
nasa,C-2,msl,mixed,timesfm_quantile,default,,0.06266,0.09689,0.74093,0.06565,25.91,,1901.4,2051,55,0.0668,ok
nasa,T-12,msl,contextual,chronos_small_resid,default,,0.12768,0.15963,0.96281,0.30496,0.89,,1593.6,2430,55,0.04979,ok
nasa,T-12,msl,contextual,chronos_small_quantile,default,,0.10612,0.1383,0.69241,0.25936,0.89,,1593.6,2430,55,0.04979,ok
nasa,T-12,msl,contextual,chronos_base_resid,default,,0.1076,0.13911,0.97377,0.24074,1.02,,1824.4,2430,55,0.04979,ok
nasa,T-12,msl,contextual,chronos_base_quantile,default,,0.12013,0.14915,0.74841,0.37292,1.02,,1824.4,2430,55,0.04979,ok
nasa,T-12,msl,contextual,timesfm_resid,default,,0.04821,0.07076,0.75116,0.07462,21.27,,1901.4,2430,55,0.04979,ok
nasa,T-12,msl,contextual,timesfm_quantile,default,,0.14099,0.15884,0.72166,0.39747,21.27,,1901.4,2430,55,0.04979,ok
nasa,T-13,msl,contextual,chronos_small_resid,default,,0.18159,0.20443,0.78142,0.39551,0.59,,1593.6,2430,55,0.1037,ok
nasa,T-13,msl,contextual,chronos_small_quantile,default,,0.12086,0.15648,0.71435,0.2072,0.59,,1593.6,2430,55,0.1037,ok
nasa,T-13,msl,contextual,chronos_base_resid,default,,0.18734,0.22363,0.78334,0.34952,0.72,,1824.4,2430,55,0.1037,ok
nasa,T-13,msl,contextual,chronos_base_quantile,default,,0.15713,0.19386,0.9498,0.41173,0.72,,1824.4,2430,55,0.1037,ok
nasa,T-13,msl,contextual,timesfm_resid,default,,0.13936,0.18784,0.75309,0.23174,15.32,,1901.4,2430,55,0.1037,ok
nasa,T-13,msl,contextual,timesfm_quantile,default,,0.17448,0.20498,0.76559,0.28998,15.32,,1901.4,2430,55,0.1037,ok
nasa,F-4,msl,point,chronos_small_resid,default,,0.03673,0.04618,0.67259,0.0799,0.57,,1593.6,3422,55,0.02075,ok
nasa,F-4,msl,point,chronos_small_quantile,default,,0.05093,0.05512,0.69573,0.07499,0.57,,1593.6,3422,55,0.02075,ok
nasa,F-4,msl,point,chronos_base_resid,default,,0.02669,0.03773,0.64837,0.04124,1.48,,1824.4,3422,55,0.02075,ok
nasa,F-4,msl,point,chronos_base_quantile,default,,0.04414,0.0495,0.70724,0.05995,1.48,,1824.4,3422,55,0.02075,ok
nasa,F-4,msl,point,timesfm_resid,default,,0.0181,0.02884,0.73776,0.01907,21.27,,1901.4,3422,55,0.02075,ok
nasa,F-4,msl,point,timesfm_quantile,default,,0.06372,0.06324,0.6969,0.21778,21.27,,1901.4,3422,55,0.02075,ok
nasa,F-5,msl,point,chronos_small_resid,default,,0.0298,0.05077,0.65337,0.01847,0.79,,1593.6,3922,55,0.0385,ok
nasa,F-5,msl,point,chronos_small_quantile,default,,0.05819,0.0804,0.74919,0.11851,0.79,,1593.6,3922,55,0.0385,ok
nasa,F-5,msl,point,chronos_base_resid,default,,0.02911,0.04921,0.64343,0.02273,1.49,,1824.4,3922,55,0.0385,ok
nasa,F-5,msl,point,chronos_base_quantile,default,,0.05023,0.07645,0.70588,0.10169,1.49,,1824.4,3922,55,0.0385,ok
nasa,F-5,msl,point,timesfm_resid,default,,0.0365,0.06358,0.65568,0.04124,27.3,,1901.4,3922,55,0.0385,ok
nasa,F-5,msl,point,timesfm_quantile,default,,0.04969,0.07449,0.74143,0.09615,27.3,,1901.4,3922,55,0.0385,ok
nasa,D-14,msl,point,chronos_small_resid,default,,0.12515,0.22293,0.77896,0.25411,0.56,,1593.6,2625,55,0.08457,ok
nasa,D-14,msl,point,chronos_small_quantile,default,,0.08929,0.13739,0.71783,0.13424,0.56,,1593.6,2625,55,0.08457,ok
nasa,D-14,msl,point,chronos_base_resid,default,,0.09388,0.16688,0.70916,0.1432,0.89,,1824.4,2625,55,0.08457,ok
nasa,D-14,msl,point,chronos_base_quantile,default,,0.08432,0.13329,0.7395,0.15185,0.89,,1824.4,2625,55,0.08457,ok
nasa,D-14,msl,point,timesfm_resid,default,,0.09378,0.15864,0.73428,0.24021,10.61,,1901.4,2625,55,0.08457,ok
nasa,D-14,msl,point,timesfm_quantile,default,,0.11763,0.16546,0.83771,0.22837,10.61,,1901.4,2625,55,0.08457,ok
nasa,T-9,msl,point,chronos_small_resid,default,,0.50842,0.50568,0.95208,0.67532,0.2,,1569.7,1096,55,0.10219,ok
nasa,T-9,msl,point,chronos_small_quantile,default,,0.15653,0.22929,0.81195,0.3422,0.2,,1569.7,1096,55,0.10219,ok
nasa,T-9,msl,point,chronos_base_resid,default,,0.51444,0.51799,0.95208,0.71189,0.37,,1765.9,1096,55,0.10219,ok
nasa,T-9,msl,point,chronos_base_quantile,default,,0.19564,0.25022,0.79445,0.40759,0.37,,1765.9,1096,55,0.10219,ok
nasa,T-9,msl,point,timesfm_resid,default,,0.51987,0.51261,0.95208,0.71335,5.18,,1901.4,1096,55,0.10219,ok
nasa,T-9,msl,point,timesfm_quantile,default,,0.17231,0.23719,0.73932,0.27136,5.18,,1901.4,1096,55,0.10219,ok
nasa,P-14,msl,point,chronos_small_resid,default,,0.03141,0.04643,0.70816,0.04455,0.87,,1593.6,6100,55,0.02967,ok
nasa,P-14,msl,point,chronos_small_quantile,default,,0.07431,0.08561,0.84185,0.18197,0.87,,1593.6,6100,55,0.02967,ok
nasa,P-14,msl,point,chronos_base_resid,default,,0.03046,0.04391,0.69908,0.05297,1.68,,1824.4,6100,55,0.02967,ok
nasa,P-14,msl,point,chronos_base_quantile,default,,0.07618,0.08333,0.80759,0.22259,1.68,,1824.4,6100,55,0.02967,ok
nasa,P-14,msl,point,timesfm_resid,default,,0.03634,0.0483,0.70782,0.04749,23.3,,1901.4,6100,55,0.02967,ok
nasa,P-14,msl,point,timesfm_quantile,default,,0.11494,0.1128,0.80857,0.27108,23.3,,1901.4,6100,55,0.02967,ok
nasa,T-8,msl,contextual,chronos_small_resid,default,,0.11373,0.14913,0.73188,0.21056,0.31,,1593.6,1519,55,0.06715,ok
nasa,T-8,msl,contextual,chronos_small_quantile,default,,0.0709,0.10391,0.6791,0.09863,0.31,,1593.6,1519,55,0.06715,ok
nasa,T-8,msl,contextual,chronos_base_resid,default,,0.12487,0.17341,0.75305,0.21938,0.63,,1824.4,1519,55,0.06715,ok
nasa,T-8,msl,contextual,chronos_base_quantile,default,,0.07731,0.11265,0.73313,0.08951,0.63,,1824.4,1519,55,0.06715,ok
nasa,T-8,msl,contextual,timesfm_resid,default,,0.0973,0.13407,0.7497,0.2037,6.42,,1901.4,1519,55,0.06715,ok
nasa,T-8,msl,contextual,timesfm_quantile,default,,0.06783,0.09897,0.66879,0.07224,6.42,,1901.4,1519,55,0.06715,ok
nasa,P-11,msl,point,chronos_small_resid,default,,0.07818,0.11228,0.66512,0.14707,0.51,,1593.6,3535,55,0.0645,ok
nasa,P-11,msl,point,chronos_small_quantile,default,,0.08915,0.12765,0.71601,0.16767,0.51,,1593.6,3535,55,0.0645,ok
nasa,P-11,msl,point,chronos_base_resid,default,,0.09701,0.12851,0.67462,0.23786,1.12,,1824.4,3535,55,0.0645,ok
nasa,P-11,msl,point,chronos_base_quantile,default,,0.11058,0.13933,0.7234,0.22426,1.12,,1824.4,3535,55,0.0645,ok
nasa,P-11,msl,point,timesfm_resid,default,,0.06933,0.11168,0.68504,0.09203,21.46,,1901.4,3535,55,0.0645,ok
nasa,P-11,msl,point,timesfm_quantile,default,,0.09312,0.12446,0.71727,0.15281,21.46,,1901.4,3535,55,0.0645,ok
nasa,D-15,msl,point,chronos_small_resid,default,,0.36467,0.39426,0.78666,0.33413,0.56,,1593.6,2158,55,0.29703,ok
nasa,D-15,msl,point,chronos_small_quantile,default,,0.30844,0.34378,0.77185,0.29541,0.56,,1593.6,2158,55,0.29703,ok
nasa,D-15,msl,point,chronos_base_resid,default,,0.36851,0.39045,0.77581,0.32615,0.99,,1824.4,2158,55,0.29703,ok
nasa,D-15,msl,point,chronos_base_quantile,default,,0.32722,0.36206,0.76733,0.29365,0.99,,1824.4,2158,55,0.29703,ok
nasa,D-15,msl,point,timesfm_resid,default,,0.34196,0.37222,0.78913,0.28064,11.35,,1901.4,2158,55,0.29703,ok
nasa,D-15,msl,point,timesfm_quantile,default,,0.31818,0.35876,0.77781,0.29725,11.35,,1901.4,2158,55,0.29703,ok
nasa,D-16,msl,contextual,chronos_small_resid,default,,0.23709,0.27739,0.67179,0.11588,0.52,,1593.6,2191,55,0.29712,ok
nasa,D-16,msl,contextual,chronos_small_quantile,default,,0.36042,0.38844,0.92501,0.35979,0.52,,1593.6,2191,55,0.29712,ok
nasa,D-16,msl,contextual,chronos_base_resid,default,,0.27096,0.30342,0.67851,0.12397,0.72,,1824.4,2191,55,0.29712,ok
nasa,D-16,msl,contextual,chronos_base_quantile,default,,0.35773,0.38362,0.92501,0.35838,0.72,,1824.4,2191,55,0.29712,ok
nasa,D-16,msl,contextual,timesfm_resid,default,,0.26667,0.30039,0.67528,0.19987,14.85,,1901.4,2191,55,0.29712,ok
nasa,D-16,msl,contextual,timesfm_quantile,default,,0.36582,0.39418,0.94759,0.36164,14.85,,1901.4,2191,55,0.29712,ok
nasa,M-7,msl,point,chronos_small_resid,default,,0.21141,0.20512,0.90774,0.39139,0.57,,1593.6,2156,55,0.04685,ok
nasa,M-7,msl,point,chronos_small_quantile,default,,0.07345,0.07052,0.98402,0.25,0.57,,1593.6,2156,55,0.04685,ok
nasa,M-7,msl,point,chronos_base_resid,default,,0.25049,0.24832,0.90774,0.50319,0.69,,1824.4,2156,55,0.04685,ok
nasa,M-7,msl,point,chronos_base_quantile,default,,0.076,0.07029,0.98402,0.25,0.69,,1824.4,2156,55,0.04685,ok
nasa,M-7,msl,point,timesfm_resid,default,,0.34058,0.28809,0.99307,0.55175,14.46,,1901.4,2156,55,0.04685,ok
nasa,M-7,msl,point,timesfm_quantile,default,,0.14152,0.16069,0.98402,0.31863,14.46,,1901.4,2156,55,0.04685,ok
nasa,F-8,msl,contextual,chronos_small_resid,default,,0.24015,0.28632,0.80753,0.20642,0.7,,1593.6,2487,55,0.21592,ok
nasa,F-8,msl,contextual,chronos_small_quantile,default,,0.23334,0.25344,0.73015,0.2463,0.7,,1593.6,2487,55,0.21592,ok
nasa,F-8,msl,contextual,chronos_base_resid,default,,0.20062,0.23618,0.68162,0.14871,0.91,,1824.4,2487,55,0.21592,ok
nasa,F-8,msl,contextual,chronos_base_quantile,default,,0.23207,0.25196,0.73974,0.23408,0.91,,1824.4,2487,55,0.21592,ok
nasa,F-8,msl,contextual,timesfm_resid,default,,0.20458,0.23781,0.68464,0.1432,17.59,,1901.4,2487,55,0.21592,ok
nasa,F-8,msl,contextual,timesfm_quantile,default,,0.21891,0.24022,0.78229,0.26803,17.59,,1901.4,2487,55,0.21592,ok
psm,psm,server_app,,chronos_small_resid,default,,0.28372,0.39356,0.72145,0.38198,8.54,,1593.6,40000,25,0.27318,ok
psm,psm,server_app,,chronos_small_quantile,default,,0.28964,0.35281,0.53408,0.24969,8.54,,1593.6,40000,25,0.27318,ok
psm,psm,server_app,,chronos_base_resid,default,,0.2786,0.38425,0.73307,0.37084,16.79,,1824.4,40000,25,0.27318,ok
psm,psm,server_app,,chronos_base_quantile,default,,0.29276,0.35478,0.55231,0.27497,16.79,,1824.4,40000,25,0.27318,ok
psm,psm,server_app,,timesfm_resid,default,,0.2925,0.40024,0.74743,0.40399,212.05,,1901.4,40000,25,0.27318,ok
psm,psm,server_app,,timesfm_quantile,default,,0.30134,0.38597,0.79504,0.41282,212.05,,1901.4,40000,25,0.27318,ok
smd,machine-1-1,server,,chronos_small_resid,default,,0.20754,0.25166,0.79974,0.3102,3.77,,1593.6,28479,38,0.0946,ok
smd,machine-1-1,server,,chronos_small_quantile,default,,0.16541,0.20344,0.82325,0.32438,3.77,,1593.6,28479,38,0.0946,ok
smd,machine-1-1,server,,chronos_base_resid,default,,0.20558,0.25475,0.77017,0.30861,8.14,,1824.4,28479,38,0.0946,ok
smd,machine-1-1,server,,chronos_base_quantile,default,,0.16798,0.20227,0.82925,0.33222,8.14,,1824.4,28479,38,0.0946,ok
smd,machine-1-1,server,,timesfm_resid,default,,0.23619,0.27536,0.78332,0.34783,111.91,,1901.4,28479,38,0.0946,ok
smd,machine-1-1,server,,timesfm_quantile,default,,0.18277,0.22477,0.84442,0.35499,111.91,,1901.4,28479,38,0.0946,ok
smd,machine-1-2,server,,chronos_small_resid,default,,0.29923,0.25237,0.82906,0.44971,2.94,,1593.6,23694,38,0.02287,ok
smd,machine-1-2,server,,chronos_small_quantile,default,,0.1092,0.06902,0.72086,0.14337,2.94,,1593.6,23694,38,0.02287,ok
smd,machine-1-2,server,,chronos_base_resid,default,,0.29159,0.24477,0.82829,0.40972,6.68,,1824.4,23694,38,0.02287,ok
smd,machine-1-2,server,,chronos_base_quantile,default,,0.1357,0.08156,0.72206,0.17301,6.68,,1824.4,23694,38,0.02287,ok
smd,machine-1-2,server,,timesfm_resid,default,,0.30158,0.24051,0.83902,0.42003,95.25,,1901.4,23694,38,0.02287,ok
smd,machine-1-2,server,,timesfm_quantile,default,,0.1346,0.08574,0.70442,0.17521,95.25,,1901.4,23694,38,0.02287,ok
smd,machine-1-3,server,,chronos_small_resid,default,,0.1012,0.12507,0.7877,0.20181,3.03,,1593.6,23703,38,0.03447,ok
smd,machine-1-3,server,,chronos_small_quantile,default,,0.08504,0.10875,0.73902,0.19073,3.03,,1593.6,23703,38,0.03447,ok
smd,machine-1-3,server,,chronos_base_resid,default,,0.10075,0.12307,0.78539,0.21523,6.71,,1824.4,23703,38,0.03447,ok
smd,machine-1-3,server,,chronos_base_quantile,default,,0.08875,0.11423,0.79203,0.21039,6.71,,1824.4,23703,38,0.03447,ok
smd,machine-1-3,server,,timesfm_resid,default,,0.11379,0.14324,0.77131,0.25158,91.89,,1901.4,23703,38,0.03447,ok
smd,machine-1-3,server,,timesfm_quantile,default,,0.08643,0.0958,0.75134,0.19143,91.89,,1901.4,23703,38,0.03447,ok
smd,machine-1-4,server,,chronos_small_resid,default,,0.11172,0.12919,0.78002,0.28608,3.22,,1593.6,23707,38,0.03037,ok
smd,machine-1-4,server,,chronos_small_quantile,default,,0.07885,0.09292,0.80278,0.21423,3.22,,1593.6,23707,38,0.03037,ok
smd,machine-1-4,server,,chronos_base_resid,default,,0.11627,0.13636,0.77858,0.31443,6.89,,1824.4,23707,38,0.03037,ok
smd,machine-1-4,server,,chronos_base_quantile,default,,0.09173,0.10524,0.78983,0.28785,6.89,,1824.4,23707,38,0.03037,ok
smd,machine-1-4,server,,timesfm_resid,default,,0.11586,0.13257,0.75666,0.28401,94.69,,1901.4,23707,38,0.03037,ok
smd,machine-1-4,server,,timesfm_quantile,default,,0.08541,0.09319,0.76964,0.22502,94.69,,1901.4,23707,38,0.03037,ok
smd,machine-1-5,server,,chronos_small_resid,default,,0.01811,0.02417,0.78573,0.04819,3.14,,1593.6,23706,38,0.00422,ok
smd,machine-1-5,server,,chronos_small_quantile,default,,0.00521,0.00743,0.64974,0.01527,3.14,,1593.6,23706,38,0.00422,ok
smd,machine-1-5,server,,chronos_base_resid,default,,0.02151,0.02723,0.77669,0.06802,6.04,,1824.4,23706,38,0.00422,ok
smd,machine-1-5,server,,chronos_base_quantile,default,,0.0056,0.00796,0.65331,0.01667,6.04,,1824.4,23706,38,0.00422,ok
smd,machine-1-5,server,,timesfm_resid,default,,0.01784,0.0248,0.76415,0.04957,96.85,,1901.4,23706,38,0.00422,ok
smd,machine-1-5,server,,timesfm_quantile,default,,0.01369,0.01775,0.72084,0.04283,96.85,,1901.4,23706,38,0.00422,ok
smd,machine-1-6,server,,chronos_small_resid,default,,0.13905,0.21155,0.53156,0.15998,3.02,,1593.6,23689,38,0.15653,ok
smd,machine-1-6,server,,chronos_small_quantile,default,,0.12889,0.20192,0.59203,0.0765,3.02,,1593.6,23689,38,0.15653,ok
smd,machine-1-6,server,,chronos_base_resid,default,,0.13247,0.21313,0.52993,0.16749,5.29,,1824.4,23689,38,0.15653,ok
smd,machine-1-6,server,,chronos_base_quantile,default,,0.12825,0.20311,0.59954,0.07651,5.29,,1824.4,23689,38,0.15653,ok
smd,machine-1-6,server,,timesfm_resid,default,,0.13832,0.20928,0.55295,0.17312,92.1,,1901.4,23689,38,0.15653,ok
smd,machine-1-6,server,,timesfm_quantile,default,,0.19634,0.27314,0.66417,0.31114,92.1,,1901.4,23689,38,0.15653,ok
smd,machine-1-7,server,,chronos_small_resid,default,,0.10983,0.15338,0.6956,0.17351,2.85,,1593.6,23697,38,0.10119,ok
smd,machine-1-7,server,,chronos_small_quantile,default,,0.10231,0.14185,0.69792,0.157,2.85,,1593.6,23697,38,0.10119,ok
smd,machine-1-7,server,,chronos_base_resid,default,,0.12053,0.16438,0.68707,0.20094,5.76,,1824.4,23697,38,0.10119,ok
smd,machine-1-7,server,,chronos_base_quantile,default,,0.10537,0.14619,0.68821,0.16222,5.76,,1824.4,23697,38,0.10119,ok
smd,machine-1-7,server,,timesfm_resid,default,,0.11488,0.15737,0.69445,0.2004,90.92,,1901.4,23697,38,0.10119,ok
smd,machine-1-7,server,,timesfm_quantile,default,,0.10022,0.14189,0.69021,0.14873,90.92,,1901.4,23697,38,0.10119,ok
smd,machine-1-8,server,,chronos_small_resid,default,,0.07154,0.09645,0.72328,0.19248,3.14,,1593.6,23699,38,0.0322,ok
smd,machine-1-8,server,,chronos_small_quantile,default,,0.07798,0.07497,0.73014,0.13598,3.14,,1593.6,23699,38,0.0322,ok
smd,machine-1-8,server,,chronos_base_resid,default,,0.05974,0.08192,0.71539,0.18701,6.66,,1824.4,23699,38,0.0322,ok
smd,machine-1-8,server,,chronos_base_quantile,default,,0.05956,0.0689,0.72291,0.1395,6.66,,1824.4,23699,38,0.0322,ok
smd,machine-1-8,server,,timesfm_resid,default,,0.09926,0.11952,0.7287,0.24086,91.11,,1901.4,23699,38,0.0322,ok
smd,machine-1-8,server,,timesfm_quantile,default,,0.0488,0.06405,0.71154,0.12146,91.11,,1901.4,23699,38,0.0322,ok
smd,machine-2-1,server,,chronos_small_resid,default,,0.05439,0.08409,0.68147,0.09728,3.41,,1593.6,23694,38,0.04938,ok
smd,machine-2-1,server,,chronos_small_quantile,default,,0.06162,0.08722,0.67273,0.12787,3.41,,1593.6,23694,38,0.04938,ok
smd,machine-2-1,server,,chronos_base_resid,default,,0.05333,0.08307,0.69854,0.09548,7.16,,1824.4,23694,38,0.04938,ok
smd,machine-2-1,server,,chronos_base_quantile,default,,0.06492,0.091,0.67792,0.12607,7.16,,1824.4,23694,38,0.04938,ok
smd,machine-2-1,server,,timesfm_resid,default,,0.05434,0.08612,0.69435,0.08781,97.47,,1901.4,23694,38,0.04938,ok
smd,machine-2-1,server,,timesfm_quantile,default,,0.0692,0.09552,0.67306,0.15028,97.47,,1901.4,23694,38,0.04938,ok
smd,machine-2-2,server,,chronos_small_resid,default,,0.08073,0.11911,0.62795,0.07116,3.18,,1593.6,23700,38,0.11954,ok
smd,machine-2-2,server,,chronos_small_quantile,default,,0.11924,0.17511,0.71536,0.21557,3.18,,1593.6,23700,38,0.11954,ok
smd,machine-2-2,server,,chronos_base_resid,default,,0.08243,0.12072,0.5892,0.07338,7.14,,1824.4,23700,38,0.11954,ok
smd,machine-2-2,server,,chronos_base_quantile,default,,0.11654,0.17399,0.68914,0.20159,7.14,,1824.4,23700,38,0.11954,ok
smd,machine-2-2,server,,timesfm_resid,default,,0.0802,0.11804,0.61278,0.05701,95.27,,1901.4,23700,38,0.11954,ok
smd,machine-2-2,server,,timesfm_quantile,default,,0.10785,0.16058,0.71716,0.16756,95.27,,1901.4,23700,38,0.11954,ok
smd,machine-2-3,server,,chronos_small_resid,default,,0.19221,0.13859,0.72541,0.27368,3.12,,1593.6,23689,38,0.01136,ok
smd,machine-2-3,server,,chronos_small_quantile,default,,0.13003,0.09857,0.6763,0.22281,3.12,,1593.6,23689,38,0.01136,ok
smd,machine-2-3,server,,chronos_base_resid,default,,0.17964,0.12777,0.74156,0.26245,6.82,,1824.4,23689,38,0.01136,ok
smd,machine-2-3,server,,chronos_base_quantile,default,,0.13457,0.10331,0.67471,0.22316,6.82,,1824.4,23689,38,0.01136,ok
smd,machine-2-3,server,,timesfm_resid,default,,0.17809,0.13495,0.70529,0.25855,93.9,,1901.4,23689,38,0.01136,ok
smd,machine-2-3,server,,timesfm_quantile,default,,0.09674,0.07916,0.67755,0.19239,93.9,,1901.4,23689,38,0.01136,ok
smd,machine-2-4,server,,chronos_small_resid,default,,0.16473,0.17163,0.65507,0.16231,3.07,,1593.6,23689,38,0.07151,ok
smd,machine-2-4,server,,chronos_small_quantile,default,,0.10819,0.131,0.70191,0.15049,3.07,,1593.6,23689,38,0.07151,ok
smd,machine-2-4,server,,chronos_base_resid,default,,0.18695,0.19492,0.66149,0.16994,6.61,,1824.4,23689,38,0.07151,ok
smd,machine-2-4,server,,chronos_base_quantile,default,,0.10792,0.13724,0.71807,0.15905,6.61,,1824.4,23689,38,0.07151,ok
smd,machine-2-4,server,,timesfm_resid,default,,0.15956,0.17872,0.67339,0.18205,92.71,,1901.4,23689,38,0.07151,ok
smd,machine-2-4,server,,timesfm_quantile,default,,0.12859,0.14909,0.73255,0.17486,92.71,,1901.4,23689,38,0.07151,ok
smd,machine-2-5,server,,chronos_small_resid,default,,0.05547,0.07133,0.6175,0.12589,3.28,,1593.6,23689,38,0.04137,ok
smd,machine-2-5,server,,chronos_small_quantile,default,,0.09929,0.10819,0.64266,0.21262,3.28,,1593.6,23689,38,0.04137,ok
smd,machine-2-5,server,,chronos_base_resid,default,,0.05141,0.06839,0.62628,0.11878,7.81,,1824.4,23689,38,0.04137,ok
smd,machine-2-5,server,,chronos_base_quantile,default,,0.09274,0.10493,0.65989,0.19743,7.81,,1824.4,23689,38,0.04137,ok
smd,machine-2-5,server,,timesfm_resid,default,,0.04706,0.06239,0.61238,0.10517,89.87,,1901.4,23689,38,0.04137,ok
smd,machine-2-5,server,,timesfm_quantile,default,,0.11319,0.13093,0.68714,0.24085,89.87,,1901.4,23689,38,0.04137,ok
smd,machine-2-6,server,,chronos_small_resid,default,,0.27275,0.20352,0.85542,0.35544,4.33,,1593.6,28743,38,0.01475,ok
smd,machine-2-6,server,,chronos_small_quantile,default,,0.10572,0.06722,0.68891,0.2055,4.33,,1593.6,28743,38,0.01475,ok
smd,machine-2-6,server,,chronos_base_resid,default,,0.28068,0.19781,0.80563,0.34479,8.22,,1824.4,28743,38,0.01475,ok
smd,machine-2-6,server,,chronos_base_quantile,default,,0.09982,0.06742,0.68395,0.20147,8.22,,1824.4,28743,38,0.01475,ok
smd,machine-2-6,server,,timesfm_resid,default,,0.26496,0.18132,0.72891,0.34421,122.92,,1901.4,28743,38,0.01475,ok
smd,machine-2-6,server,,timesfm_quantile,default,,0.06711,0.06798,0.68674,0.18799,122.92,,1901.4,28743,38,0.01475,ok
smd,machine-2-7,server,,chronos_small_resid,default,,0.20223,0.12556,0.57919,0.12084,3.06,,1593.6,23696,38,0.0176,ok
smd,machine-2-7,server,,chronos_small_quantile,default,,0.06577,0.07476,0.67689,0.17612,3.06,,1593.6,23696,38,0.0176,ok
smd,machine-2-7,server,,chronos_base_resid,default,,0.18326,0.11981,0.58075,0.11843,6.83,,1824.4,23696,38,0.0176,ok
smd,machine-2-7,server,,chronos_base_quantile,default,,0.06318,0.07343,0.62377,0.16195,6.83,,1824.4,23696,38,0.0176,ok
smd,machine-2-7,server,,timesfm_resid,default,,0.21841,0.13613,0.57103,0.17521,91.86,,1901.4,23696,38,0.0176,ok
smd,machine-2-7,server,,timesfm_quantile,default,,0.04157,0.05788,0.67517,0.15885,91.86,,1901.4,23696,38,0.0176,ok
smd,machine-2-8,server,,chronos_small_resid,default,,0.65717,0.51455,0.99912,0.74535,3.07,,1593.6,23703,38,0.00679,ok
smd,machine-2-8,server,,chronos_small_quantile,default,,0.25403,0.09075,0.99735,0.37308,3.07,,1593.6,23703,38,0.00679,ok
smd,machine-2-8,server,,chronos_base_resid,default,,0.763,0.61849,0.99949,0.80173,6.48,,1824.4,23703,38,0.00679,ok
smd,machine-2-8,server,,chronos_base_quantile,default,,0.29942,0.12638,0.9988,0.3987,6.48,,1824.4,23703,38,0.00679,ok
smd,machine-2-8,server,,timesfm_resid,default,,0.67984,0.49838,0.99878,0.76071,126.65,,1901.4,23703,38,0.00679,ok
smd,machine-2-8,server,,timesfm_quantile,default,,0.12229,0.08248,0.95822,0.22939,126.65,,1901.4,23703,38,0.00679,ok
smd,machine-2-9,server,,chronos_small_resid,default,,0.08534,0.11648,0.60457,0.16202,3.91,,1593.6,28722,38,0.0611,ok
smd,machine-2-9,server,,chronos_small_quantile,default,,0.06524,0.1015,0.74084,0.06262,3.91,,1593.6,28722,38,0.0611,ok
smd,machine-2-9,server,,chronos_base_resid,default,,0.09327,0.1359,0.68374,0.17178,9.8,,1824.4,28722,38,0.0611,ok
smd,machine-2-9,server,,chronos_base_quantile,default,,0.06616,0.10209,0.73635,0.11265,9.8,,1824.4,28722,38,0.0611,ok
smd,machine-2-9,server,,timesfm_resid,default,,0.09232,0.11963,0.69198,0.19413,108.41,,1901.4,28722,38,0.0611,ok
smd,machine-2-9,server,,timesfm_quantile,default,,0.07094,0.10259,0.75219,0.11689,108.41,,1901.4,28722,38,0.0611,ok
smd,machine-3-1,server,,chronos_small_resid,default,,0.27491,0.20814,0.81038,0.42248,3.73,,1593.6,28700,38,0.01073,ok
smd,machine-3-1,server,,chronos_small_quantile,default,,0.10642,0.09618,0.86576,0.33081,3.73,,1593.6,28700,38,0.01073,ok
smd,machine-3-1,server,,chronos_base_resid,default,,0.21651,0.20436,0.80734,0.4161,8.36,,1824.4,28700,38,0.01073,ok
smd,machine-3-1,server,,chronos_base_quantile,default,,0.08654,0.09571,0.82735,0.29299,8.36,,1824.4,28700,38,0.01073,ok
smd,machine-3-1,server,,timesfm_resid,default,,0.35578,0.25466,0.86017,0.53419,121.14,,1901.4,28700,38,0.01073,ok
smd,machine-3-1,server,,timesfm_quantile,default,,0.08459,0.09721,0.85015,0.28449,121.14,,1901.4,28700,38,0.01073,ok
smd,machine-3-10,server,,chronos_small_resid,default,,0.37078,0.40928,0.73353,0.37325,2.94,,1593.6,23693,38,0.04419,ok
smd,machine-3-10,server,,chronos_small_quantile,default,,0.03556,0.06394,0.67243,0.11376,2.94,,1593.6,23693,38,0.04419,ok
smd,machine-3-10,server,,chronos_base_resid,default,,0.35025,0.3885,0.74067,0.34417,6.68,,1824.4,23693,38,0.04419,ok
smd,machine-3-10,server,,chronos_base_quantile,default,,0.0411,0.06552,0.69178,0.12057,6.68,,1824.4,23693,38,0.04419,ok
smd,machine-3-10,server,,timesfm_resid,default,,0.31319,0.34079,0.74327,0.2923,96.53,,1901.4,23693,38,0.04419,ok
smd,machine-3-10,server,,timesfm_quantile,default,,0.08471,0.11296,0.67393,0.20694,96.53,,1901.4,23693,38,0.04419,ok
smd,machine-3-11,server,,chronos_small_resid,default,,0.32224,0.36238,0.80068,0.53008,3.78,,1593.6,28696,38,0.0069,ok
smd,machine-3-11,server,,chronos_small_quantile,default,,0.40419,0.29502,0.79663,0.51719,3.78,,1593.6,28696,38,0.0069,ok
smd,machine-3-11,server,,chronos_base_resid,default,,0.36364,0.40189,0.81983,0.55176,7.97,,1824.4,28696,38,0.0069,ok
smd,machine-3-11,server,,chronos_base_quantile,default,,0.46459,0.38074,0.75141,0.54476,7.97,,1824.4,28696,38,0.0069,ok
smd,machine-3-11,server,,timesfm_resid,default,,0.34778,0.36565,0.90288,0.52236,120.84,,1901.4,28696,38,0.0069,ok
smd,machine-3-11,server,,timesfm_quantile,default,,0.26127,0.23214,0.88431,0.45284,120.84,,1901.4,28696,38,0.0069,ok
smd,machine-3-2,server,,chronos_small_resid,default,,0.03643,0.05715,0.70384,0.04296,4.43,,1593.6,23703,38,0.04679,ok
smd,machine-3-2,server,,chronos_small_quantile,default,,0.03933,0.05891,0.65206,0.05061,4.43,,1593.6,23703,38,0.04679,ok
smd,machine-3-2,server,,chronos_base_resid,default,,0.03674,0.0577,0.71573,0.04425,8.37,,1824.4,23703,38,0.04679,ok
smd,machine-3-2,server,,chronos_base_quantile,default,,0.03781,0.05695,0.67342,0.04244,8.37,,1824.4,23703,38,0.04679,ok
smd,machine-3-2,server,,timesfm_resid,default,,0.03636,0.05614,0.73317,0.04722,100.51,,1901.4,23703,38,0.04679,ok
smd,machine-3-2,server,,timesfm_quantile,default,,0.05358,0.06996,0.69272,0.10349,100.51,,1901.4,23703,38,0.04679,ok
smd,machine-3-3,server,,chronos_small_resid,default,,0.17276,0.14244,0.70783,0.11226,3.18,,1593.6,23703,38,0.02666,ok
smd,machine-3-3,server,,chronos_small_quantile,default,,0.03937,0.04448,0.71371,0.07955,3.18,,1593.6,23703,38,0.02666,ok
smd,machine-3-3,server,,chronos_base_resid,default,,0.1719,0.13835,0.72517,0.11235,6.87,,1824.4,23703,38,0.02666,ok
smd,machine-3-3,server,,chronos_base_quantile,default,,0.04352,0.04717,0.71815,0.08271,6.87,,1824.4,23703,38,0.02666,ok
smd,machine-3-3,server,,timesfm_resid,default,,0.18236,0.15114,0.70978,0.13642,106.91,,1901.4,23703,38,0.02666,ok
smd,machine-3-3,server,,timesfm_quantile,default,,0.05209,0.05491,0.72798,0.09809,106.91,,1901.4,23703,38,0.02666,ok
smd,machine-3-4,server,,chronos_small_resid,default,,0.04453,0.06778,0.71276,0.10972,3.21,,1593.6,23687,38,0.04125,ok
smd,machine-3-4,server,,chronos_small_quantile,default,,0.04092,0.06567,0.73933,0.079,3.21,,1593.6,23687,38,0.04125,ok
smd,machine-3-4,server,,chronos_base_resid,default,,0.04395,0.06861,0.72668,0.07765,6.76,,1824.4,23687,38,0.04125,ok
smd,machine-3-4,server,,chronos_base_quantile,default,,0.03914,0.06455,0.74985,0.07146,6.76,,1824.4,23687,38,0.04125,ok
smd,machine-3-4,server,,timesfm_resid,default,,0.05252,0.07522,0.74639,0.10222,95.21,,1901.4,23687,38,0.04125,ok
smd,machine-3-4,server,,timesfm_quantile,default,,0.042,0.06775,0.73188,0.08893,95.21,,1901.4,23687,38,0.04125,ok
smd,machine-3-5,server,,chronos_small_resid,default,,0.04394,0.05153,0.73445,0.0999,3.25,,1593.6,23691,38,0.01798,ok
smd,machine-3-5,server,,chronos_small_quantile,default,,0.08081,0.06876,0.71858,0.11724,3.25,,1593.6,23691,38,0.01798,ok
smd,machine-3-5,server,,chronos_base_resid,default,,0.04259,0.0492,0.7069,0.09874,6.77,,1824.4,23691,38,0.01798,ok
smd,machine-3-5,server,,chronos_base_quantile,default,,0.06873,0.06038,0.71599,0.1071,6.77,,1824.4,23691,38,0.01798,ok
smd,machine-3-5,server,,timesfm_resid,default,,0.05789,0.06543,0.75627,0.12522,102.1,,1901.4,23691,38,0.01798,ok
smd,machine-3-5,server,,timesfm_quantile,default,,0.07672,0.06476,0.72031,0.12673,102.1,,1901.4,23691,38,0.01798,ok
smd,machine-3-6,server,,chronos_small_resid,default,,0.05091,0.08852,0.74855,0.11811,3.96,,1593.6,28726,38,0.04157,ok
smd,machine-3-6,server,,chronos_small_quantile,default,,0.04471,0.06746,0.68821,0.10122,3.96,,1593.6,28726,38,0.04157,ok
smd,machine-3-6,server,,chronos_base_resid,default,,0.0531,0.09097,0.74266,0.11243,8.49,,1824.4,28726,38,0.04157,ok
smd,machine-3-6,server,,chronos_base_quantile,default,,0.04837,0.07116,0.68728,0.11498,8.49,,1824.4,28726,38,0.04157,ok
smd,machine-3-6,server,,timesfm_resid,default,,0.05646,0.09448,0.74238,0.14794,118.03,,1901.4,28726,38,0.04157,ok
smd,machine-3-6,server,,timesfm_quantile,default,,0.05779,0.08522,0.74502,0.12289,118.03,,1901.4,28726,38,0.04157,ok
smd,machine-3-7,server,,chronos_small_resid,default,,0.13664,0.07522,0.71785,0.15096,3.9,,1593.6,28705,38,0.01512,ok
smd,machine-3-7,server,,chronos_small_quantile,default,,0.06734,0.0366,0.70406,0.09324,3.9,,1593.6,28705,38,0.01512,ok
smd,machine-3-7,server,,chronos_base_resid,default,,0.19696,0.11796,0.76317,0.20442,8.47,,1824.4,28705,38,0.01512,ok
smd,machine-3-7,server,,chronos_base_quantile,default,,0.09396,0.04252,0.751,0.12083,8.47,,1824.4,28705,38,0.01512,ok
smd,machine-3-7,server,,timesfm_resid,default,,0.10758,0.08345,0.67304,0.17093,116.03,,1901.4,28705,38,0.01512,ok
smd,machine-3-7,server,,timesfm_quantile,default,,0.03117,0.03303,0.67596,0.08182,116.03,,1901.4,28705,38,0.01512,ok
smd,machine-3-8,server,,chronos_small_resid,default,,0.15752,0.17573,0.76901,0.26995,4.63,,1593.6,28704,38,0.04776,ok
smd,machine-3-8,server,,chronos_small_quantile,default,,0.05139,0.07088,0.70298,0.09863,4.63,,1593.6,28704,38,0.04776,ok
smd,machine-3-8,server,,chronos_base_resid,default,,0.20675,0.22364,0.77496,0.34958,8.18,,1824.4,28704,38,0.04776,ok
smd,machine-3-8,server,,chronos_base_quantile,default,,0.04996,0.07181,0.74925,0.08448,8.18,,1824.4,28704,38,0.04776,ok
smd,machine-3-8,server,,timesfm_resid,default,,0.18057,0.18146,0.78243,0.32042,125.68,,1901.4,28704,38,0.04776,ok
smd,machine-3-8,server,,timesfm_quantile,default,,0.04726,0.06582,0.72412,0.08176,125.68,,1901.4,28704,38,0.04776,ok
smd,machine-3-9,server,,chronos_small_resid,default,,0.20706,0.20931,0.78063,0.42018,3.85,,1593.6,28713,38,0.01055,ok
smd,machine-3-9,server,,chronos_small_quantile,default,,0.08729,0.06917,0.71386,0.24912,3.85,,1593.6,28713,38,0.01055,ok
smd,machine-3-9,server,,chronos_base_resid,default,,0.21522,0.21812,0.70968,0.47008,8.4,,1824.4,28713,38,0.01055,ok
smd,machine-3-9,server,,chronos_base_quantile,default,,0.1335,0.08988,0.75394,0.28787,8.4,,1824.4,28713,38,0.01055,ok
smd,machine-3-9,server,,timesfm_resid,default,,0.24003,0.19566,0.70745,0.46934,115.16,,1901.4,28713,38,0.01055,ok
smd,machine-3-9,server,,timesfm_quantile,default,,0.08799,0.07583,0.79789,0.25236,115.16,,1901.4,28713,38,0.01055,ok
ucr,001_UCR_Anomaly_DISTORTED1sddb40_35000_52000_52620,DISTORTED1sddb40,,chronos_small_resid,default,,0.02096,0.02398,0.67275,0.03093,0.5,,1593.6,44795,1,0.01386,ok
ucr,001_UCR_Anomaly_DISTORTED1sddb40_35000_52000_52620,DISTORTED1sddb40,,chronos_small_quantile,default,,0.01437,0.01631,0.6632,0.02245,0.5,,1593.6,44795,1,0.01386,ok
ucr,001_UCR_Anomaly_DISTORTED1sddb40_35000_52000_52620,DISTORTED1sddb40,,chronos_base_resid,default,,0.02255,0.0252,0.67395,0.04819,1.0,,1824.4,44795,1,0.01386,ok
ucr,001_UCR_Anomaly_DISTORTED1sddb40_35000_52000_52620,DISTORTED1sddb40,,chronos_base_quantile,default,,0.01399,0.01615,0.66088,0.02173,1.0,,1824.4,44795,1,0.01386,ok
ucr,001_UCR_Anomaly_DISTORTED1sddb40_35000_52000_52620,DISTORTED1sddb40,,timesfm_resid,default,,0.02338,0.02804,0.68928,0.04942,14.46,,1901.4,44795,1,0.01386,ok
ucr,001_UCR_Anomaly_DISTORTED1sddb40_35000_52000_52620,DISTORTED1sddb40,,timesfm_quantile,default,,0.01639,0.01844,0.676,0.02358,14.46,,1901.4,44795,1,0.01386,ok
ucr,002_UCR_Anomaly_DISTORTED2sddb40_35000_56600_56900,DISTORTED2sddb40,,chronos_small_resid,default,,0.00526,0.00744,0.66699,4e-05,0.49,,1593.6,45001,1,0.00669,ok
ucr,002_UCR_Anomaly_DISTORTED2sddb40_35000_56600_56900,DISTORTED2sddb40,,chronos_small_quantile,default,,0.00647,0.00892,0.67582,0.0012,0.49,,1593.6,45001,1,0.00669,ok
ucr,002_UCR_Anomaly_DISTORTED2sddb40_35000_56600_56900,DISTORTED2sddb40,,chronos_base_resid,default,,0.00517,0.00737,0.83324,0.00063,0.95,,1824.4,45001,1,0.00669,ok
ucr,002_UCR_Anomaly_DISTORTED2sddb40_35000_56600_56900,DISTORTED2sddb40,,chronos_base_quantile,default,,0.00639,0.00904,0.67464,0.00239,0.95,,1824.4,45001,1,0.00669,ok
ucr,002_UCR_Anomaly_DISTORTED2sddb40_35000_56600_56900,DISTORTED2sddb40,,timesfm_resid,default,,0.00773,0.01138,0.67732,0.01026,15.97,,1901.4,45001,1,0.00669,ok
ucr,002_UCR_Anomaly_DISTORTED2sddb40_35000_56600_56900,DISTORTED2sddb40,,timesfm_quantile,default,,0.00712,0.01025,0.67021,0.00909,15.97,,1901.4,45001,1,0.00669,ok
ucr,003_UCR_Anomaly_DISTORTED3sddb40_35000_46600_46900,DISTORTED3sddb40,,chronos_small_resid,default,,0.00815,0.01025,0.67198,0.01223,0.67,,1593.6,45000,1,0.00669,ok
ucr,003_UCR_Anomaly_DISTORTED3sddb40_35000_46600_46900,DISTORTED3sddb40,,chronos_small_quantile,default,,0.00675,0.00909,0.66788,0.00435,0.67,,1593.6,45000,1,0.00669,ok
ucr,003_UCR_Anomaly_DISTORTED3sddb40_35000_46600_46900,DISTORTED3sddb40,,chronos_base_resid,default,,0.00923,0.01111,0.67459,0.01308,1.0,,1824.4,45000,1,0.00669,ok
ucr,003_UCR_Anomaly_DISTORTED3sddb40_35000_46600_46900,DISTORTED3sddb40,,chronos_base_quantile,default,,0.00673,0.00927,0.67599,0.00418,1.0,,1824.4,45000,1,0.00669,ok
ucr,003_UCR_Anomaly_DISTORTED3sddb40_35000_46600_46900,DISTORTED3sddb40,,timesfm_resid,default,,0.01322,0.0139,0.68803,0.03462,15.79,,1901.4,45000,1,0.00669,ok
ucr,003_UCR_Anomaly_DISTORTED3sddb40_35000_46600_46900,DISTORTED3sddb40,,timesfm_quantile,default,,0.00842,0.00987,0.65755,0.01281,15.79,,1901.4,45000,1,0.00669,ok
ucr,004_UCR_Anomaly_DISTORTEDBIDMC1_2500_5400_5600,DISTORTEDBIDMC1,,chronos_small_resid,default,,0.11665,0.08515,0.98942,0.27564,0.19,,1525.3,8500,1,0.02365,ok
ucr,004_UCR_Anomaly_DISTORTEDBIDMC1_2500_5400_5600,DISTORTEDBIDMC1,,chronos_small_quantile,default,,0.08019,0.064,0.95077,0.21218,0.19,,1525.3,8500,1,0.02365,ok
ucr,004_UCR_Anomaly_DISTORTEDBIDMC1_2500_5400_5600,DISTORTEDBIDMC1,,chronos_base_resid,default,,0.1094,0.08265,0.98942,0.27993,0.24,,1646.5,8500,1,0.02365,ok
ucr,004_UCR_Anomaly_DISTORTEDBIDMC1_2500_5400_5600,DISTORTEDBIDMC1,,chronos_base_quantile,default,,0.03668,0.04501,0.72673,0.08133,0.24,,1646.5,8500,1,0.02365,ok
ucr,004_UCR_Anomaly_DISTORTEDBIDMC1_2500_5400_5600,DISTORTEDBIDMC1,,timesfm_resid,default,,0.16363,0.19349,0.98931,0.29654,4.51,,1901.4,8500,1,0.02365,ok
ucr,004_UCR_Anomaly_DISTORTEDBIDMC1_2500_5400_5600,DISTORTEDBIDMC1,,timesfm_quantile,default,,0.08739,0.07721,0.99433,0.25,4.51,,1901.4,8500,1,0.02365,ok
ucr,005_UCR_Anomaly_DISTORTEDCIMIS44AirTemperature1_4000_5391_5392,DISTORTEDCIMIS44AirTemperature1,,chronos_small_resid,default,,0.0004,0.0044,0.72356,0.0,0.14,,1485.1,4184,1,0.00048,ok
ucr,005_UCR_Anomaly_DISTORTEDCIMIS44AirTemperature1_4000_5391_5392,DISTORTEDCIMIS44AirTemperature1,,chronos_small_quantile,default,,0.00048,0.00161,0.6972,0.0,0.14,,1485.1,4184,1,0.00048,ok
ucr,005_UCR_Anomaly_DISTORTEDCIMIS44AirTemperature1_4000_5391_5392,DISTORTEDCIMIS44AirTemperature1,,chronos_base_resid,default,,0.00045,0.00264,0.71635,0.0,0.33,,1546.7,4184,1,0.00048,ok
ucr,005_UCR_Anomaly_DISTORTEDCIMIS44AirTemperature1_4000_5391_5392,DISTORTEDCIMIS44AirTemperature1,,chronos_base_quantile,default,,0.00048,0.00161,0.68247,0.0,0.33,,1546.7,4184,1,0.00048,ok
ucr,005_UCR_Anomaly_DISTORTEDCIMIS44AirTemperature1_4000_5391_5392,DISTORTEDCIMIS44AirTemperature1,,timesfm_resid,default,,0.00084,0.00512,0.74067,0.0,2.85,,1901.4,4184,1,0.00048,ok
ucr,005_UCR_Anomaly_DISTORTEDCIMIS44AirTemperature1_4000_5391_5392,DISTORTEDCIMIS44AirTemperature1,,timesfm_quantile,default,,0.00048,0.00274,0.80849,0.0,2.85,,1901.4,4184,1,0.00048,ok
ucr,006_UCR_Anomaly_DISTORTEDCIMIS44AirTemperature2_4000_5703_5727,DISTORTEDCIMIS44AirTemperature2,,chronos_small_resid,default,,0.12652,0.09228,0.80997,0.22863,0.09,,1485.1,4184,1,0.00598,ok
ucr,006_UCR_Anomaly_DISTORTEDCIMIS44AirTemperature2_4000_5703_5727,DISTORTEDCIMIS44AirTemperature2,,chronos_small_quantile,default,,0.43834,0.16941,0.99883,0.41664,0.09,,1485.1,4184,1,0.00598,ok
ucr,006_UCR_Anomaly_DISTORTEDCIMIS44AirTemperature2_4000_5703_5727,DISTORTEDCIMIS44AirTemperature2,,chronos_base_resid,default,,0.1303,0.08808,0.786,0.2447,0.23,,1546.7,4184,1,0.00598,ok
ucr,006_UCR_Anomaly_DISTORTEDCIMIS44AirTemperature2_4000_5703_5727,DISTORTEDCIMIS44AirTemperature2,,chronos_base_quantile,default,,0.40012,0.1859,0.99883,0.42956,0.23,,1546.7,4184,1,0.00598,ok
ucr,006_UCR_Anomaly_DISTORTEDCIMIS44AirTemperature2_4000_5703_5727,DISTORTEDCIMIS44AirTemperature2,,timesfm_resid,default,,0.22556,0.16195,0.92259,0.37929,2.77,,1901.4,4184,1,0.00598,ok
ucr,006_UCR_Anomaly_DISTORTEDCIMIS44AirTemperature2_4000_5703_5727,DISTORTEDCIMIS44AirTemperature2,,timesfm_quantile,default,,0.46625,0.19125,0.99894,0.47214,2.77,,1901.4,4184,1,0.00598,ok
ucr,007_UCR_Anomaly_DISTORTEDCIMIS44AirTemperature3_4000_6520_6544,DISTORTEDCIMIS44AirTemperature3,,chronos_small_resid,default,,0.1604,0.09096,0.70163,0.26768,0.13,,1485.1,4184,1,0.00598,ok
ucr,007_UCR_Anomaly_DISTORTEDCIMIS44AirTemperature3_4000_6520_6544,DISTORTEDCIMIS44AirTemperature3,,chronos_small_quantile,default,,0.36798,0.15639,0.99884,0.41053,0.13,,1485.1,4184,1,0.00598,ok
ucr,007_UCR_Anomaly_DISTORTEDCIMIS44AirTemperature3_4000_6520_6544,DISTORTEDCIMIS44AirTemperature3,,chronos_base_resid,default,,0.12673,0.07573,0.69364,0.23218,0.34,,1546.7,4184,1,0.00598,ok
ucr,007_UCR_Anomaly_DISTORTEDCIMIS44AirTemperature3_4000_6520_6544,DISTORTEDCIMIS44AirTemperature3,,chronos_base_quantile,default,,0.37258,0.15549,0.99883,0.41257,0.34,,1546.7,4184,1,0.00598,ok
ucr,007_UCR_Anomaly_DISTORTEDCIMIS44AirTemperature3_4000_6520_6544,DISTORTEDCIMIS44AirTemperature3,,timesfm_resid,default,,0.1607,0.07286,0.88306,0.27404,2.62,,1901.4,4184,1,0.00598,ok
ucr,007_UCR_Anomaly_DISTORTEDCIMIS44AirTemperature3_4000_6520_6544,DISTORTEDCIMIS44AirTemperature3,,timesfm_quantile,default,,0.29282,0.12014,0.99884,0.38621,2.62,,1901.4,4184,1,0.00598,ok
ucr,008_UCR_Anomaly_DISTORTEDCIMIS44AirTemperature4_4000_5549_5597,DISTORTEDCIMIS44AirTemperature4,,chronos_small_resid,default,,0.06777,0.05115,0.79167,0.19855,0.14,,1485.1,4184,1,0.01171,ok
ucr,008_UCR_Anomaly_DISTORTEDCIMIS44AirTemperature4_4000_5549_5597,DISTORTEDCIMIS44AirTemperature4,,chronos_small_quantile,default,,0.0668,0.05859,0.8115,0.18721,0.14,,1485.1,4184,1,0.01171,ok
ucr,008_UCR_Anomaly_DISTORTEDCIMIS44AirTemperature4_4000_5549_5597,DISTORTEDCIMIS44AirTemperature4,,chronos_base_resid,default,,0.04366,0.03744,0.7132,0.09128,0.25,,1546.7,4184,1,0.01171,ok
ucr,008_UCR_Anomaly_DISTORTEDCIMIS44AirTemperature4_4000_5549_5597,DISTORTEDCIMIS44AirTemperature4,,chronos_base_quantile,default,,0.04056,0.0339,0.77885,0.16968,0.25,,1546.7,4184,1,0.01171,ok
ucr,008_UCR_Anomaly_DISTORTEDCIMIS44AirTemperature4_4000_5549_5597,DISTORTEDCIMIS44AirTemperature4,,timesfm_resid,default,,0.25658,0.13563,0.99871,0.42598,2.63,,1901.4,4184,1,0.01171,ok
ucr,008_UCR_Anomaly_DISTORTEDCIMIS44AirTemperature4_4000_5549_5597,DISTORTEDCIMIS44AirTemperature4,,timesfm_quantile,default,,0.23743,0.2062,0.83239,0.44052,2.63,,1901.4,4184,1,0.01171,ok
ucr,009_UCR_Anomaly_DISTORTEDCIMIS44AirTemperature5_4000_4852_4900,DISTORTEDCIMIS44AirTemperature5,,chronos_small_resid,default,,0.08544,0.07932,0.88002,0.18304,0.13,,1485.1,4184,1,0.01171,ok
ucr,009_UCR_Anomaly_DISTORTEDCIMIS44AirTemperature5_4000_4852_4900,DISTORTEDCIMIS44AirTemperature5,,chronos_small_quantile,default,,0.07116,0.07457,0.9366,0.15007,0.13,,1485.1,4184,1,0.01171,ok
ucr,009_UCR_Anomaly_DISTORTEDCIMIS44AirTemperature5_4000_4852_4900,DISTORTEDCIMIS44AirTemperature5,,chronos_base_resid,default,,0.04828,0.06344,0.89139,0.10808,0.23,,1546.7,4184,1,0.01171,ok
ucr,009_UCR_Anomaly_DISTORTEDCIMIS44AirTemperature5_4000_4852_4900,DISTORTEDCIMIS44AirTemperature5,,chronos_base_quantile,default,,0.03907,0.05337,0.78571,0.09225,0.23,,1546.7,4184,1,0.01171,ok
ucr,009_UCR_Anomaly_DISTORTEDCIMIS44AirTemperature5_4000_4852_4900,DISTORTEDCIMIS44AirTemperature5,,timesfm_resid,default,,0.08742,0.07389,0.82876,0.21034,2.68,,1901.4,4184,1,0.01171,ok
ucr,009_UCR_Anomaly_DISTORTEDCIMIS44AirTemperature5_4000_4852_4900,DISTORTEDCIMIS44AirTemperature5,,timesfm_quantile,default,,0.03804,0.03822,0.75253,0.09597,2.68,,1901.4,4184,1,0.01171,ok
ucr,010_UCR_Anomaly_DISTORTEDCIMIS44AirTemperature6_4000_6006_6054,DISTORTEDCIMIS44AirTemperature6,,chronos_small_resid,default,,0.07272,0.11177,0.82917,0.16398,0.15,,1485.1,4184,1,0.01171,ok
ucr,010_UCR_Anomaly_DISTORTEDCIMIS44AirTemperature6_4000_6006_6054,DISTORTEDCIMIS44AirTemperature6,,chronos_small_quantile,default,,0.13561,0.13667,0.99543,0.3185,0.15,,1485.1,4184,1,0.01171,ok
ucr,010_UCR_Anomaly_DISTORTEDCIMIS44AirTemperature6_4000_6006_6054,DISTORTEDCIMIS44AirTemperature6,,chronos_base_resid,default,,0.04325,0.09115,0.84706,0.09101,0.23,,1546.7,4184,1,0.01171,ok
ucr,010_UCR_Anomaly_DISTORTEDCIMIS44AirTemperature6_4000_6006_6054,DISTORTEDCIMIS44AirTemperature6,,chronos_base_quantile,default,,0.06571,0.10675,0.84199,0.17505,0.23,,1546.7,4184,1,0.01171,ok
ucr,010_UCR_Anomaly_DISTORTEDCIMIS44AirTemperature6_4000_6006_6054,DISTORTEDCIMIS44AirTemperature6,,timesfm_resid,default,,0.05073,0.08047,0.78511,0.11632,2.62,,1901.4,4184,1,0.01171,ok
ucr,010_UCR_Anomaly_DISTORTEDCIMIS44AirTemperature6_4000_6006_6054,DISTORTEDCIMIS44AirTemperature6,,timesfm_quantile,default,,0.05915,0.05969,0.80391,0.12941,2.62,,1901.4,4184,1,0.01171,ok
ucr,011_UCR_Anomaly_DISTORTEDECG1_10000_11800_12100,DISTORTEDECG1,,chronos_small_resid,default,,0.06583,0.03992,0.99901,0.28226,0.3,,1593.6,20000,1,0.01505,ok
ucr,011_UCR_Anomaly_DISTORTEDECG1_10000_11800_12100,DISTORTEDECG1,,chronos_small_quantile,default,,0.01773,0.02205,0.81452,0.02708,0.3,,1593.6,20000,1,0.01505,ok
ucr,011_UCR_Anomaly_DISTORTEDECG1_10000_11800_12100,DISTORTEDECG1,,chronos_base_resid,default,,0.05802,0.04438,0.8735,0.22443,0.79,,1824.4,20000,1,0.01505,ok
ucr,011_UCR_Anomaly_DISTORTEDECG1_10000_11800_12100,DISTORTEDECG1,,chronos_base_quantile,default,,0.03263,0.02769,0.8129,0.16003,0.79,,1824.4,20000,1,0.01505,ok
ucr,011_UCR_Anomaly_DISTORTEDECG1_10000_11800_12100,DISTORTEDECG1,,timesfm_resid,default,,0.15195,0.09258,0.99639,0.30254,6.83,,1901.4,20000,1,0.01505,ok
ucr,011_UCR_Anomaly_DISTORTEDECG1_10000_11800_12100,DISTORTEDECG1,,timesfm_quantile,default,,0.02477,0.02673,0.68149,0.06259,6.83,,1901.4,20000,1,0.01505,ok
ucr,012_UCR_Anomaly_DISTORTEDECG2_15000_16000_16100,DISTORTEDECG2,,chronos_small_resid,default,,0.03734,0.01896,0.85879,0.14058,0.19,,1579.8,15000,1,0.00673,ok
ucr,012_UCR_Anomaly_DISTORTEDECG2_15000_16000_16100,DISTORTEDECG2,,chronos_small_quantile,default,,0.0062,0.00932,0.85784,0.00228,0.19,,1579.8,15000,1,0.00673,ok
ucr,012_UCR_Anomaly_DISTORTEDECG2_15000_16000_16100,DISTORTEDECG2,,chronos_base_resid,default,,0.03664,0.01878,0.83126,0.14054,0.47,,1803.1,15000,1,0.00673,ok
ucr,012_UCR_Anomaly_DISTORTEDECG2_15000_16000_16100,DISTORTEDECG2,,chronos_base_quantile,default,,0.00808,0.01078,0.76849,0.01724,0.47,,1803.1,15000,1,0.00673,ok
ucr,012_UCR_Anomaly_DISTORTEDECG2_15000_16000_16100,DISTORTEDECG2,,timesfm_resid,default,,0.00902,0.01397,0.6949,0.01548,5.63,,1901.4,15000,1,0.00673,ok
ucr,012_UCR_Anomaly_DISTORTEDECG2_15000_16000_16100,DISTORTEDECG2,,timesfm_quantile,default,,0.00644,0.00956,0.88525,0.00624,5.63,,1901.4,15000,1,0.00673,ok
ucr,013_UCR_Anomaly_DISTORTEDECG3_15000_16000_16100,DISTORTEDECG3,,chronos_small_resid,default,,0.02099,0.02188,0.67215,0.06647,0.19,,1579.8,15000,1,0.00673,ok
ucr,013_UCR_Anomaly_DISTORTEDECG3_15000_16000_16100,DISTORTEDECG3,,chronos_small_quantile,default,,0.01826,0.01814,0.83555,0.04918,0.19,,1579.8,15000,1,0.00673,ok
ucr,013_UCR_Anomaly_DISTORTEDECG3_15000_16000_16100,DISTORTEDECG3,,chronos_base_resid,default,,0.02409,0.02193,0.67635,0.06886,0.39,,1803.1,15000,1,0.00673,ok
ucr,013_UCR_Anomaly_DISTORTEDECG3_15000_16000_16100,DISTORTEDECG3,,chronos_base_quantile,default,,0.03383,0.02936,0.94899,0.08333,0.39,,1803.1,15000,1,0.00673,ok
ucr,013_UCR_Anomaly_DISTORTEDECG3_15000_16000_16100,DISTORTEDECG3,,timesfm_resid,default,,0.02887,0.02606,0.89349,0.08117,5.32,,1901.4,15000,1,0.00673,ok
ucr,013_UCR_Anomaly_DISTORTEDECG3_15000_16000_16100,DISTORTEDECG3,,timesfm_quantile,default,,0.03127,0.02954,0.90786,0.08858,5.32,,1901.4,15000,1,0.00673,ok
ucr,014_UCR_Anomaly_DISTORTEDECG3_8000_17000_17100,DISTORTEDECG3,,chronos_small_resid,default,,0.01558,0.01653,0.69243,0.04909,0.31,,1593.6,22000,1,0.00459,ok
ucr,014_UCR_Anomaly_DISTORTEDECG3_8000_17000_17100,DISTORTEDECG3,,chronos_small_quantile,default,,0.01177,0.01318,0.66168,0.02669,0.31,,1593.6,22000,1,0.00459,ok
ucr,014_UCR_Anomaly_DISTORTEDECG3_8000_17000_17100,DISTORTEDECG3,,chronos_base_resid,default,,0.01663,0.01767,0.68023,0.05512,0.57,,1824.4,22000,1,0.00459,ok
ucr,014_UCR_Anomaly_DISTORTEDECG3_8000_17000_17100,DISTORTEDECG3,,chronos_base_quantile,default,,0.01042,0.01324,0.69393,0.0235,0.57,,1824.4,22000,1,0.00459,ok
ucr,014_UCR_Anomaly_DISTORTEDECG3_8000_17000_17100,DISTORTEDECG3,,timesfm_resid,default,,0.01894,0.01842,0.89509,0.05162,9.31,,1901.4,22000,1,0.00459,ok
ucr,014_UCR_Anomaly_DISTORTEDECG3_8000_17000_17100,DISTORTEDECG3,,timesfm_quantile,default,,0.0092,0.01234,0.80365,0.02321,9.31,,1901.4,22000,1,0.00459,ok
ucr,015_UCR_Anomaly_DISTORTEDECG4_5000_16800_17100,DISTORTEDECG4,,chronos_small_resid,default,,0.00289,0.00669,0.80528,0.00855,2.01,,1593.6,195000,1,0.00154,ok
ucr,015_UCR_Anomaly_DISTORTEDECG4_5000_16800_17100,DISTORTEDECG4,,chronos_small_quantile,default,,0.00486,0.00684,0.79729,0.00596,2.01,,1593.6,195000,1,0.00154,ok
ucr,015_UCR_Anomaly_DISTORTEDECG4_5000_16800_17100,DISTORTEDECG4,,chronos_base_resid,default,,0.00314,0.00791,0.90247,0.00827,4.41,,1824.4,195000,1,0.00154,ok
ucr,015_UCR_Anomaly_DISTORTEDECG4_5000_16800_17100,DISTORTEDECG4,,chronos_base_quantile,default,,0.00484,0.00736,0.74186,0.00615,4.41,,1824.4,195000,1,0.00154,ok
ucr,015_UCR_Anomaly_DISTORTEDECG4_5000_16800_17100,DISTORTEDECG4,,timesfm_resid,default,,0.00389,0.0083,0.92158,0.00985,66.69,,1901.4,195000,1,0.00154,ok
ucr,015_UCR_Anomaly_DISTORTEDECG4_5000_16800_17100,DISTORTEDECG4,,timesfm_quantile,default,,0.00354,0.00604,0.89337,0.00672,66.69,,1901.4,195000,1,0.00154,ok
ucr,016_UCR_Anomaly_DISTORTEDECG4_5000_16900_17100,DISTORTEDECG4,,chronos_small_resid,default,,0.02578,0.02341,0.68675,0.097,0.33,,1593.6,25000,1,0.00804,ok
ucr,016_UCR_Anomaly_DISTORTEDECG4_5000_16900_17100,DISTORTEDECG4,,chronos_small_quantile,default,,0.01451,0.01655,0.69122,0.04563,0.33,,1593.6,25000,1,0.00804,ok
ucr,016_UCR_Anomaly_DISTORTEDECG4_5000_16900_17100,DISTORTEDECG4,,chronos_base_resid,default,,0.02295,0.02402,0.68668,0.06673,0.68,,1824.4,25000,1,0.00804,ok
ucr,016_UCR_Anomaly_DISTORTEDECG4_5000_16900_17100,DISTORTEDECG4,,chronos_base_quantile,default,,0.01039,0.0137,0.71426,0.02676,0.68,,1824.4,25000,1,0.00804,ok
ucr,016_UCR_Anomaly_DISTORTEDECG4_5000_16900_17100,DISTORTEDECG4,,timesfm_resid,default,,0.04347,0.03046,0.86673,0.15273,9.34,,1901.4,25000,1,0.00804,ok
ucr,016_UCR_Anomaly_DISTORTEDECG4_5000_16900_17100,DISTORTEDECG4,,timesfm_quantile,default,,0.04222,0.0231,0.96076,0.18357,9.34,,1901.4,25000,1,0.00804,ok
ucr,017_UCR_Anomaly_DISTORTEDECG4_5000_17000_17100,DISTORTEDECG4,,chronos_small_resid,default,,0.03662,0.02262,0.70363,0.11383,0.3,,1593.6,25000,1,0.00404,ok
ucr,017_UCR_Anomaly_DISTORTEDECG4_5000_17000_17100,DISTORTEDECG4,,chronos_small_quantile,default,,0.01789,0.01413,0.68189,0.04051,0.3,,1593.6,25000,1,0.00404,ok
ucr,017_UCR_Anomaly_DISTORTEDECG4_5000_17000_17100,DISTORTEDECG4,,chronos_base_resid,default,,0.06054,0.02911,0.69414,0.16311,0.6,,1824.4,25000,1,0.00404,ok
ucr,017_UCR_Anomaly_DISTORTEDECG4_5000_17000_17100,DISTORTEDECG4,,chronos_base_quantile,default,,0.01513,0.01322,0.69585,0.03909,0.6,,1824.4,25000,1,0.00404,ok
ucr,017_UCR_Anomaly_DISTORTEDECG4_5000_17000_17100,DISTORTEDECG4,,timesfm_resid,default,,0.06518,0.03238,0.87153,0.16822,9.82,,1901.4,25000,1,0.00404,ok
ucr,017_UCR_Anomaly_DISTORTEDECG4_5000_17000_17100,DISTORTEDECG4,,timesfm_quantile,default,,0.02146,0.01293,0.81149,0.1128,9.82,,1901.4,25000,1,0.00404,ok
ucr,018_UCR_Anomaly_DISTORTEDECG4_8000_17000_17100,DISTORTEDECG4,,chronos_small_resid,default,,0.01192,0.01252,0.68429,0.02933,0.33,,1593.6,22000,1,0.00459,ok
ucr,018_UCR_Anomaly_DISTORTEDECG4_8000_17000_17100,DISTORTEDECG4,,chronos_small_quantile,default,,0.01609,0.0157,0.65906,0.03992,0.33,,1593.6,22000,1,0.00459,ok
ucr,018_UCR_Anomaly_DISTORTEDECG4_8000_17000_17100,DISTORTEDECG4,,chronos_base_resid,default,,0.01101,0.01155,0.67446,0.02377,0.82,,1824.4,22000,1,0.00459,ok
ucr,018_UCR_Anomaly_DISTORTEDECG4_8000_17000_17100,DISTORTEDECG4,,chronos_base_quantile,default,,0.01085,0.01115,0.66064,0.02447,0.82,,1824.4,22000,1,0.00459,ok
ucr,018_UCR_Anomaly_DISTORTEDECG4_8000_17000_17100,DISTORTEDECG4,,timesfm_resid,default,,0.00971,0.01005,0.79777,0.01814,8.97,,1901.4,22000,1,0.00459,ok
ucr,018_UCR_Anomaly_DISTORTEDECG4_8000_17000_17100,DISTORTEDECG4,,timesfm_quantile,default,,0.02166,0.01776,0.70782,0.05525,8.97,,1901.4,22000,1,0.00459,ok
ucr,019_UCR_Anomaly_DISTORTEDGP711MarkerLFM5z1_5000_6168_6212,DISTORTEDGP711MarkerLFM5z1,,chronos_small_resid,default,,0.00711,0.00918,0.76857,0.00096,0.18,,1509.7,7000,1,0.00643,ok
ucr,019_UCR_Anomaly_DISTORTEDGP711MarkerLFM5z1_5000_6168_6212,DISTORTEDGP711MarkerLFM5z1,,chronos_small_quantile,default,,0.00643,0.00941,0.79613,0.0,0.18,,1509.7,7000,1,0.00643,ok
ucr,019_UCR_Anomaly_DISTORTEDGP711MarkerLFM5z1_5000_6168_6212,DISTORTEDGP711MarkerLFM5z1,,chronos_base_resid,default,,0.00669,0.00863,0.6979,0.00146,0.24,,1612.4,7000,1,0.00643,ok
ucr,019_UCR_Anomaly_DISTORTEDGP711MarkerLFM5z1_5000_6168_6212,DISTORTEDGP711MarkerLFM5z1,,chronos_base_quantile,default,,0.00643,0.00944,0.67661,0.0,0.24,,1612.4,7000,1,0.00643,ok
ucr,019_UCR_Anomaly_DISTORTEDGP711MarkerLFM5z1_5000_6168_6212,DISTORTEDGP711MarkerLFM5z1,,timesfm_resid,default,,0.05251,0.04217,0.939,0.12776,2.89,,1901.4,7000,1,0.00643,ok
ucr,019_UCR_Anomaly_DISTORTEDGP711MarkerLFM5z1_5000_6168_6212,DISTORTEDGP711MarkerLFM5z1,,timesfm_quantile,default,,0.07003,0.0582,0.939,0.16201,2.89,,1901.4,7000,1,0.00643,ok
ucr,020_UCR_Anomaly_DISTORTEDGP711MarkerLFM5z2_5000_7175_7388,DISTORTEDGP711MarkerLFM5z2,,chronos_small_resid,default,,0.03475,0.04763,0.68623,0.03934,0.15,,1509.7,7000,1,0.03057,ok
ucr,020_UCR_Anomaly_DISTORTEDGP711MarkerLFM5z2_5000_7175_7388,DISTORTEDGP711MarkerLFM5z2,,chronos_small_quantile,default,,0.03103,0.04685,0.89452,0.04494,0.15,,1509.7,7000,1,0.03057,ok
ucr,020_UCR_Anomaly_DISTORTEDGP711MarkerLFM5z2_5000_7175_7388,DISTORTEDGP711MarkerLFM5z2,,chronos_base_resid,default,,0.03491,0.0482,0.68634,0.04339,0.35,,1612.4,7000,1,0.03057,ok
ucr,020_UCR_Anomaly_DISTORTEDGP711MarkerLFM5z2_5000_7175_7388,DISTORTEDGP711MarkerLFM5z2,,chronos_base_quantile,default,,0.0318,0.04443,0.89564,0.04766,0.35,,1612.4,7000,1,0.03057,ok
ucr,020_UCR_Anomaly_DISTORTEDGP711MarkerLFM5z2_5000_7175_7388,DISTORTEDGP711MarkerLFM5z2,,timesfm_resid,default,,0.2611,0.24564,0.97594,0.44144,2.75,,1901.4,7000,1,0.03057,ok
ucr,020_UCR_Anomaly_DISTORTEDGP711MarkerLFM5z2_5000_7175_7388,DISTORTEDGP711MarkerLFM5z2,,timesfm_quantile,default,,0.12756,0.1126,0.81717,0.242,2.75,,1901.4,7000,1,0.03057,ok
ucr,021_UCR_Anomaly_DISTORTEDGP711MarkerLFM5z3_5000_5948_5993,DISTORTEDGP711MarkerLFM5z3,,chronos_small_resid,default,,0.00609,0.01379,0.67235,0.00643,0.14,,1509.7,7000,1,0.00657,ok
ucr,021_UCR_Anomaly_DISTORTEDGP711MarkerLFM5z3_5000_5948_5993,DISTORTEDGP711MarkerLFM5z3,,chronos_small_quantile,default,,0.00621,0.00935,0.64866,0.00176,0.14,,1509.7,7000,1,0.00657,ok
ucr,021_UCR_Anomaly_DISTORTEDGP711MarkerLFM5z3_5000_5948_5993,DISTORTEDGP711MarkerLFM5z3,,chronos_base_resid,default,,0.00526,0.01149,0.67548,0.00477,0.24,,1612.4,7000,1,0.00657,ok
ucr,021_UCR_Anomaly_DISTORTEDGP711MarkerLFM5z3_5000_5948_5993,DISTORTEDGP711MarkerLFM5z3,,chronos_base_quantile,default,,0.00626,0.00943,0.66116,0.00128,0.24,,1612.4,7000,1,0.00657,ok
ucr,021_UCR_Anomaly_DISTORTEDGP711MarkerLFM5z3_5000_5948_5993,DISTORTEDGP711MarkerLFM5z3,,timesfm_resid,default,,0.46451,0.22644,0.9981,0.52698,2.64,,1901.4,7000,1,0.00657,ok
ucr,021_UCR_Anomaly_DISTORTEDGP711MarkerLFM5z3_5000_5948_5993,DISTORTEDGP711MarkerLFM5z3,,timesfm_quantile,default,,0.24619,0.09891,0.99812,0.39568,2.64,,1901.4,7000,1,0.00657,ok
ucr,022_UCR_Anomaly_DISTORTEDGP711MarkerLFM5z4_4000_6527_6645,DISTORTEDGP711MarkerLFM5z4,,chronos_small_resid,default,,0.03371,0.03796,0.81458,0.06442,0.15,,1518.2,8000,1,0.01487,ok
ucr,022_UCR_Anomaly_DISTORTEDGP711MarkerLFM5z4_4000_6527_6645,DISTORTEDGP711MarkerLFM5z4,,chronos_small_quantile,default,,0.02042,0.02476,0.66799,0.03953,0.15,,1518.2,8000,1,0.01487,ok
ucr,022_UCR_Anomaly_DISTORTEDGP711MarkerLFM5z4_4000_6527_6645,DISTORTEDGP711MarkerLFM5z4,,chronos_base_resid,default,,0.03755,0.04095,0.68727,0.07291,0.26,,1631.4,8000,1,0.01487,ok
ucr,022_UCR_Anomaly_DISTORTEDGP711MarkerLFM5z4_4000_6527_6645,DISTORTEDGP711MarkerLFM5z4,,chronos_base_quantile,default,,0.0225,0.02626,0.68862,0.04042,0.26,,1631.4,8000,1,0.01487,ok
ucr,022_UCR_Anomaly_DISTORTEDGP711MarkerLFM5z4_4000_6527_6645,DISTORTEDGP711MarkerLFM5z4,,timesfm_resid,default,,0.13156,0.10721,0.97315,0.29321,2.8,,1901.4,8000,1,0.01487,ok
ucr,022_UCR_Anomaly_DISTORTEDGP711MarkerLFM5z4_4000_6527_6645,DISTORTEDGP711MarkerLFM5z4,,timesfm_quantile,default,,0.03304,0.03373,0.7309,0.08064,2.8,,1901.4,8000,1,0.01487,ok
ucr,023_UCR_Anomaly_DISTORTEDGP711MarkerLFM5z5_5000_8612_8716,DISTORTEDGP711MarkerLFM5z5,,chronos_small_resid,default,,0.02057,0.0346,0.68173,0.02538,0.15,,1509.7,7000,1,0.015,ok
ucr,023_UCR_Anomaly_DISTORTEDGP711MarkerLFM5z5_5000_8612_8716,DISTORTEDGP711MarkerLFM5z5,,chronos_small_quantile,default,,0.01409,0.04248,0.97525,0.0061,0.15,,1509.7,7000,1,0.015,ok
ucr,023_UCR_Anomaly_DISTORTEDGP711MarkerLFM5z5_5000_8612_8716,DISTORTEDGP711MarkerLFM5z5,,chronos_base_resid,default,,0.0215,0.03362,0.68942,0.04097,0.24,,1612.4,7000,1,0.015,ok
ucr,023_UCR_Anomaly_DISTORTEDGP711MarkerLFM5z5_5000_8612_8716,DISTORTEDGP711MarkerLFM5z5,,chronos_base_quantile,default,,0.01513,0.02458,0.67923,0.0125,0.24,,1612.4,7000,1,0.015,ok
ucr,023_UCR_Anomaly_DISTORTEDGP711MarkerLFM5z5_5000_8612_8716,DISTORTEDGP711MarkerLFM5z5,,timesfm_resid,default,,0.17758,0.10959,0.99605,0.31896,2.6,,1901.4,7000,1,0.015,ok
ucr,023_UCR_Anomaly_DISTORTEDGP711MarkerLFM5z5_5000_8612_8716,DISTORTEDGP711MarkerLFM5z5,,timesfm_quantile,default,,0.25043,0.1359,0.99604,0.44048,2.6,,1901.4,7000,1,0.015,ok
ucr,024_UCR_Anomaly_DISTORTEDInternalBleeding10_3200_4526_4556,DISTORTEDInternalBleeding10,,chronos_small_resid,default,,0.00833,0.0141,0.67366,0.01079,0.14,,1487.0,4301,1,0.00721,ok
ucr,024_UCR_Anomaly_DISTORTEDInternalBleeding10_3200_4526_4556,DISTORTEDInternalBleeding10,,chronos_small_quantile,default,,0.00832,0.01412,0.64947,0.0107,0.14,,1487.0,4301,1,0.00721,ok
ucr,024_UCR_Anomaly_DISTORTEDInternalBleeding10_3200_4526_4556,DISTORTEDInternalBleeding10,,chronos_base_resid,default,,0.00751,0.01191,0.67183,0.01136,0.22,,1551.1,4301,1,0.00721,ok
ucr,024_UCR_Anomaly_DISTORTEDInternalBleeding10_3200_4526_4556,DISTORTEDInternalBleeding10,,chronos_base_quantile,default,,0.00667,0.01045,0.67567,0.00121,0.22,,1551.1,4301,1,0.00721,ok
ucr,024_UCR_Anomaly_DISTORTEDInternalBleeding10_3200_4526_4556,DISTORTEDInternalBleeding10,,timesfm_resid,default,,0.00831,0.01936,0.81469,0.01372,2.68,,1901.4,4301,1,0.00721,ok
ucr,024_UCR_Anomaly_DISTORTEDInternalBleeding10_3200_4526_4556,DISTORTEDInternalBleeding10,,timesfm_quantile,default,,0.00721,0.01072,0.63146,0.0,2.68,,1901.4,4301,1,0.00721,ok
ucr,025_UCR_Anomaly_DISTORTEDInternalBleeding14_2800_5607_5634,DISTORTEDInternalBleeding14,,chronos_small_resid,default,,0.0037,0.00726,0.84397,0.0,0.14,,1489.8,4701,1,0.00596,ok
ucr,025_UCR_Anomaly_DISTORTEDInternalBleeding14_2800_5607_5634,DISTORTEDInternalBleeding14,,chronos_small_quantile,default,,0.00596,0.00798,0.68183,0.0,0.14,,1489.8,4701,1,0.00596,ok
ucr,025_UCR_Anomaly_DISTORTEDInternalBleeding14_2800_5607_5634,DISTORTEDInternalBleeding14,,chronos_base_resid,default,,0.00388,0.00728,0.71171,0.00107,0.22,,1556.6,4701,1,0.00596,ok
ucr,025_UCR_Anomaly_DISTORTEDInternalBleeding14_2800_5607_5634,DISTORTEDInternalBleeding14,,chronos_base_quantile,default,,0.00596,0.00823,0.6916,0.0,0.22,,1556.6,4701,1,0.00596,ok
ucr,025_UCR_Anomaly_DISTORTEDInternalBleeding14_2800_5607_5634,DISTORTEDInternalBleeding14,,timesfm_resid,default,,0.19527,0.10653,0.99849,0.35294,2.6,,1901.4,4701,1,0.00596,ok
ucr,025_UCR_Anomaly_DISTORTEDInternalBleeding14_2800_5607_5634,DISTORTEDInternalBleeding14,,timesfm_quantile,default,,0.02775,0.02344,0.76664,0.06987,2.6,,1901.4,4701,1,0.00596,ok
ucr,026_UCR_Anomaly_DISTORTEDInternalBleeding15_1700_5684_5854,DISTORTEDInternalBleeding15,,chronos_small_resid,default,,0.04444,0.05319,0.92671,0.06144,0.15,,1500.7,5901,1,0.02898,ok
ucr,026_UCR_Anomaly_DISTORTEDInternalBleeding15_1700_5684_5854,DISTORTEDInternalBleeding15,,chronos_small_quantile,default,,0.04629,0.05723,0.72177,0.08111,0.15,,1500.7,5901,1,0.02898,ok
ucr,026_UCR_Anomaly_DISTORTEDInternalBleeding15_1700_5684_5854,DISTORTEDInternalBleeding15,,chronos_base_resid,default,,0.04065,0.04764,0.92671,0.06268,0.24,,1584.5,5901,1,0.02898,ok
ucr,026_UCR_Anomaly_DISTORTEDInternalBleeding15_1700_5684_5854,DISTORTEDInternalBleeding15,,chronos_base_quantile,default,,0.03363,0.04472,0.65846,0.05459,0.24,,1584.5,5901,1,0.02898,ok
ucr,026_UCR_Anomaly_DISTORTEDInternalBleeding15_1700_5684_5854,DISTORTEDInternalBleeding15,,timesfm_resid,default,,0.0559,0.07187,0.92671,0.11577,2.76,,1901.4,5901,1,0.02898,ok
ucr,026_UCR_Anomaly_DISTORTEDInternalBleeding15_1700_5684_5854,DISTORTEDInternalBleeding15,,timesfm_quantile,default,,0.09432,0.07326,0.9918,0.28608,2.76,,1901.4,5901,1,0.02898,ok
ucr,027_UCR_Anomaly_DISTORTEDInternalBleeding16_1200_4187_4199,DISTORTEDInternalBleeding16,,chronos_small_resid,default,,0.00208,0.00288,0.67515,0.00174,0.14,,1503.6,6301,1,0.00206,ok
ucr,027_UCR_Anomaly_DISTORTEDInternalBleeding16_1200_4187_4199,DISTORTEDInternalBleeding16,,chronos_small_quantile,default,,0.00197,0.00283,0.63767,0.00188,0.14,,1503.6,6301,1,0.00206,ok
ucr,027_UCR_Anomaly_DISTORTEDInternalBleeding16_1200_4187_4199,DISTORTEDInternalBleeding16,,chronos_base_resid,default,,0.00415,0.00556,0.71447,0.00819,0.24,,1598.6,6301,1,0.00206,ok
ucr,027_UCR_Anomaly_DISTORTEDInternalBleeding16_1200_4187_4199,DISTORTEDInternalBleeding16,,chronos_base_quantile,default,,0.0019,0.00288,0.70237,0.00064,0.24,,1598.6,6301,1,0.00206,ok
ucr,027_UCR_Anomaly_DISTORTEDInternalBleeding16_1200_4187_4199,DISTORTEDInternalBleeding16,,timesfm_resid,default,,0.21203,0.09508,0.79089,0.2542,2.64,,1901.4,6301,1,0.00206,ok
ucr,027_UCR_Anomaly_DISTORTEDInternalBleeding16_1200_4187_4199,DISTORTEDInternalBleeding16,,timesfm_quantile,default,,0.02529,0.02014,0.73149,0.06166,2.64,,1901.4,6301,1,0.00206,ok
ucr,028_UCR_Anomaly_DISTORTEDInternalBleeding17_1600_3198_3309,DISTORTEDInternalBleeding17,,chronos_small_resid,default,,0.01826,0.03137,0.87297,0.01732,0.13,,1500.7,5900,1,0.01898,ok
ucr,028_UCR_Anomaly_DISTORTEDInternalBleeding17_1600_3198_3309,DISTORTEDInternalBleeding17,,chronos_small_quantile,default,,0.01783,0.03268,0.66189,0.02192,0.13,,1500.7,5900,1,0.01898,ok
ucr,028_UCR_Anomaly_DISTORTEDInternalBleeding17_1600_3198_3309,DISTORTEDInternalBleeding17,,chronos_base_resid,default,,0.0192,0.02915,0.87285,0.02166,0.24,,1584.5,5900,1,0.01898,ok
ucr,028_UCR_Anomaly_DISTORTEDInternalBleeding17_1600_3198_3309,DISTORTEDInternalBleeding17,,chronos_base_quantile,default,,0.02041,0.03039,0.6669,0.0264,0.24,,1584.5,5900,1,0.01898,ok
ucr,028_UCR_Anomaly_DISTORTEDInternalBleeding17_1600_3198_3309,DISTORTEDInternalBleeding17,,timesfm_resid,default,,0.0886,0.08438,0.75502,0.18467,2.65,,1901.4,5900,1,0.01898,ok
ucr,028_UCR_Anomaly_DISTORTEDInternalBleeding17_1600_3198_3309,DISTORTEDInternalBleeding17,,timesfm_quantile,default,,0.08926,0.07546,0.9103,0.27877,2.65,,1901.4,5900,1,0.01898,ok
ucr,029_UCR_Anomaly_DISTORTEDInternalBleeding18_2300_4485_4587,DISTORTEDInternalBleeding18,,chronos_small_resid,default,,0.02495,0.03874,0.66869,0.03546,0.14,,1494.0,5200,1,0.01981,ok
ucr,029_UCR_Anomaly_DISTORTEDInternalBleeding18_2300_4485_4587,DISTORTEDInternalBleeding18,,chronos_small_quantile,default,,0.01823,0.03255,0.84452,0.02145,0.14,,1494.0,5200,1,0.01981,ok
ucr,029_UCR_Anomaly_DISTORTEDInternalBleeding18_2300_4485_4587,DISTORTEDInternalBleeding18,,chronos_base_resid,default,,0.07422,0.07138,0.70485,0.16552,0.23,,1569.4,5200,1,0.01981,ok
ucr,029_UCR_Anomaly_DISTORTEDInternalBleeding18_2300_4485_4587,DISTORTEDInternalBleeding18,,chronos_base_quantile,default,,0.02632,0.03242,0.88067,0.03744,0.23,,1569.4,5200,1,0.01981,ok
ucr,029_UCR_Anomaly_DISTORTEDInternalBleeding18_2300_4485_4587,DISTORTEDInternalBleeding18,,timesfm_resid,default,,0.15471,0.09926,0.99573,0.34796,2.65,,1901.4,5200,1,0.01981,ok
ucr,029_UCR_Anomaly_DISTORTEDInternalBleeding18_2300_4485_4587,DISTORTEDInternalBleeding18,,timesfm_quantile,default,,0.01856,0.02759,0.74172,0.00731,2.65,,1901.4,5200,1,0.01981,ok
ucr,030_UCR_Anomaly_DISTORTEDInternalBleeding19_3000_4187_4197,DISTORTEDInternalBleeding19,,chronos_small_resid,default,,0.00267,0.00348,0.66951,0.00292,0.15,,1488.6,4500,1,0.00244,ok
ucr,030_UCR_Anomaly_DISTORTEDInternalBleeding19_3000_4187_4197,DISTORTEDInternalBleeding19,,chronos_small_quantile,default,,0.00777,0.0081,0.71032,0.01924,0.15,,1488.6,4500,1,0.00244,ok
ucr,030_UCR_Anomaly_DISTORTEDInternalBleeding19_3000_4187_4197,DISTORTEDInternalBleeding19,,chronos_base_resid,default,,0.00426,0.00492,0.68804,0.00833,0.24,,1553.0,4500,1,0.00244,ok
ucr,030_UCR_Anomaly_DISTORTEDInternalBleeding19_3000_4187_4197,DISTORTEDInternalBleeding19,,chronos_base_quantile,default,,0.00574,0.0057,0.80256,0.01424,0.24,,1553.0,4500,1,0.00244,ok
ucr,030_UCR_Anomaly_DISTORTEDInternalBleeding19_3000_4187_4197,DISTORTEDInternalBleeding19,,timesfm_resid,default,,0.04662,0.03111,0.69015,0.08714,2.72,,1901.4,4500,1,0.00244,ok
ucr,030_UCR_Anomaly_DISTORTEDInternalBleeding19_3000_4187_4197,DISTORTEDInternalBleeding19,,timesfm_quantile,default,,0.00938,0.00784,0.68376,0.02253,2.72,,1901.4,4500,1,0.00244,ok
ucr,031_UCR_Anomaly_DISTORTEDInternalBleeding20_2700_5759_5919,DISTORTEDInternalBleeding20,,chronos_small_resid,default,,0.03894,0.05593,0.68643,0.05874,0.15,,1490.2,4800,1,0.03354,ok
ucr,031_UCR_Anomaly_DISTORTEDInternalBleeding20_2700_5759_5919,DISTORTEDInternalBleeding20,,chronos_small_quantile,default,,0.02893,0.04429,0.71788,0.01009,0.15,,1490.2,4800,1,0.03354,ok
ucr,031_UCR_Anomaly_DISTORTEDInternalBleeding20_2700_5759_5919,DISTORTEDInternalBleeding20,,chronos_base_resid,default,,0.04512,0.05937,0.67909,0.06471,0.24,,1558.1,4800,1,0.03354,ok
ucr,031_UCR_Anomaly_DISTORTEDInternalBleeding20_2700_5759_5919,DISTORTEDInternalBleeding20,,chronos_base_quantile,default,,0.03182,0.04785,0.63964,0.00426,0.24,,1558.1,4800,1,0.03354,ok
ucr,031_UCR_Anomaly_DISTORTEDInternalBleeding20_2700_5759_5919,DISTORTEDInternalBleeding20,,timesfm_resid,default,,0.11052,0.14356,0.96098,0.21401,2.69,,1901.4,4800,1,0.03354,ok
ucr,031_UCR_Anomaly_DISTORTEDInternalBleeding20_2700_5759_5919,DISTORTEDInternalBleeding20,,timesfm_quantile,default,,0.03788,0.05506,0.68996,0.05809,2.69,,1901.4,4800,1,0.03354,ok
ucr,032_UCR_Anomaly_DISTORTEDInternalBleeding4_1000_4675_5033,DISTORTEDInternalBleeding4,,chronos_small_resid,default,,0.33978,0.29105,0.98896,0.51959,0.15,,1503.6,6321,1,0.05679,ok
ucr,032_UCR_Anomaly_DISTORTEDInternalBleeding4_1000_4675_5033,DISTORTEDInternalBleeding4,,chronos_small_quantile,default,,0.10861,0.10965,0.98298,0.28947,0.15,,1503.6,6321,1,0.05679,ok
ucr,032_UCR_Anomaly_DISTORTEDInternalBleeding4_1000_4675_5033,DISTORTEDInternalBleeding4,,chronos_base_resid,default,,0.35468,0.30872,0.98298,0.5262,0.24,,1598.6,6321,1,0.05679,ok
ucr,032_UCR_Anomaly_DISTORTEDInternalBleeding4_1000_4675_5033,DISTORTEDInternalBleeding4,,chronos_base_quantile,default,,0.1086,0.11529,0.89438,0.20923,0.24,,1598.6,6321,1,0.05679,ok
ucr,032_UCR_Anomaly_DISTORTEDInternalBleeding4_1000_4675_5033,DISTORTEDInternalBleeding4,,timesfm_resid,default,,0.48698,0.44361,0.99314,0.61042,2.64,,1901.4,6321,1,0.05679,ok
ucr,032_UCR_Anomaly_DISTORTEDInternalBleeding4_1000_4675_5033,DISTORTEDInternalBleeding4,,timesfm_quantile,default,,0.13716,0.12471,0.98298,0.33645,2.64,,1901.4,6321,1,0.05679,ok
ucr,033_UCR_Anomaly_DISTORTEDInternalBleeding5_4000_6200_6370,DISTORTEDInternalBleeding5,,chronos_small_resid,default,,0.17087,0.16213,0.81955,0.29538,0.13,,1478.5,3415,1,0.05007,ok
ucr,033_UCR_Anomaly_DISTORTEDInternalBleeding5_4000_6200_6370,DISTORTEDInternalBleeding5,,chronos_small_quantile,default,,0.09332,0.11094,0.72768,0.1451,0.13,,1478.5,3415,1,0.05007,ok
ucr,033_UCR_Anomaly_DISTORTEDInternalBleeding5_4000_6200_6370,DISTORTEDInternalBleeding5,,chronos_base_resid,default,,0.1338,0.13217,0.83223,0.25071,0.23,,1527.3,3415,1,0.05007,ok
ucr,033_UCR_Anomaly_DISTORTEDInternalBleeding5_4000_6200_6370,DISTORTEDInternalBleeding5,,chronos_base_quantile,default,,0.11872,0.12194,0.79153,0.26894,0.23,,1527.3,3415,1,0.05007,ok
ucr,033_UCR_Anomaly_DISTORTEDInternalBleeding5_4000_6200_6370,DISTORTEDInternalBleeding5,,timesfm_resid,default,,0.33697,0.26692,0.98444,0.53938,1.3,,1901.4,3415,1,0.05007,ok
ucr,033_UCR_Anomaly_DISTORTEDInternalBleeding5_4000_6200_6370,DISTORTEDInternalBleeding5,,timesfm_quantile,default,,0.39639,0.30271,0.99573,0.56611,1.3,,1901.4,3415,1,0.05007,ok
ucr,034_UCR_Anomaly_DISTORTEDInternalBleeding6_1500_3474_3629,DISTORTEDInternalBleeding6,,chronos_small_resid,default,,0.02495,0.03096,0.69089,0.02636,0.14,,1502.4,6154,1,0.02535,ok
ucr,034_UCR_Anomaly_DISTORTEDInternalBleeding6_1500_3474_3629,DISTORTEDInternalBleeding6,,chronos_small_quantile,default,,0.03184,0.04072,0.69364,0.05371,0.14,,1502.4,6154,1,0.02535,ok
ucr,034_UCR_Anomaly_DISTORTEDInternalBleeding6_1500_3474_3629,DISTORTEDInternalBleeding6,,chronos_base_resid,default,,0.03366,0.03706,0.75707,0.07533,0.25,,1590.3,6154,1,0.02535,ok
ucr,034_UCR_Anomaly_DISTORTEDInternalBleeding6_1500_3474_3629,DISTORTEDInternalBleeding6,,chronos_base_quantile,default,,0.03965,0.04473,0.76958,0.06385,0.25,,1590.3,6154,1,0.02535,ok
ucr,034_UCR_Anomaly_DISTORTEDInternalBleeding6_1500_3474_3629,DISTORTEDInternalBleeding6,,timesfm_resid,default,,0.34823,0.25352,0.99229,0.55215,2.78,,1901.4,6154,1,0.02535,ok
ucr,034_UCR_Anomaly_DISTORTEDInternalBleeding6_1500_3474_3629,DISTORTEDInternalBleeding6,,timesfm_quantile,default,,0.09388,0.09065,0.85904,0.19356,2.78,,1901.4,6154,1,0.02535,ok
ucr,035_UCR_Anomaly_DISTORTEDInternalBleeding8_2500_5865_5974,DISTORTEDInternalBleeding8,,chronos_small_resid,default,,0.0221,0.03473,0.76335,0.0257,0.12,,1492.5,5001,1,0.022,ok
ucr,035_UCR_Anomaly_DISTORTEDInternalBleeding8_2500_5865_5974,DISTORTEDInternalBleeding8,,chronos_small_quantile,default,,0.04601,0.05559,0.76135,0.09716,0.12,,1492.5,5001,1,0.022,ok
ucr,035_UCR_Anomaly_DISTORTEDInternalBleeding8_2500_5865_5974,DISTORTEDInternalBleeding8,,chronos_base_resid,default,,0.03885,0.05892,0.76295,0.07764,0.24,,1568.8,5001,1,0.022,ok
ucr,035_UCR_Anomaly_DISTORTEDInternalBleeding8_2500_5865_5974,DISTORTEDInternalBleeding8,,chronos_base_quantile,default,,0.04115,0.04939,0.76215,0.09195,0.24,,1568.8,5001,1,0.022,ok
ucr,035_UCR_Anomaly_DISTORTEDInternalBleeding8_2500_5865_5974,DISTORTEDInternalBleeding8,,timesfm_resid,default,,0.04121,0.06258,0.69523,0.08103,2.61,,1901.4,5001,1,0.022,ok
ucr,035_UCR_Anomaly_DISTORTEDInternalBleeding8_2500_5865_5974,DISTORTEDInternalBleeding8,,timesfm_quantile,default,,0.10575,0.09783,0.65891,0.2201,2.61,,1901.4,5001,1,0.022,ok
ucr,036_UCR_Anomaly_DISTORTEDInternalBleeding9_4200_6599_6681,DISTORTEDInternalBleeding9,,chronos_small_resid,default,,0.01586,0.02758,0.70661,0.0,0.13,,1477.9,3301,1,0.02514,ok
ucr,036_UCR_Anomaly_DISTORTEDInternalBleeding9_4200_6599_6681,DISTORTEDInternalBleeding9,,chronos_small_quantile,default,,0.02208,0.03871,0.66923,0.00701,0.13,,1477.9,3301,1,0.02514,ok
ucr,036_UCR_Anomaly_DISTORTEDInternalBleeding9_4200_6599_6681,DISTORTEDInternalBleeding9,,chronos_base_resid,default,,0.01515,0.02636,0.81763,0.0,0.22,,1524.8,3301,1,0.02514,ok
ucr,036_UCR_Anomaly_DISTORTEDInternalBleeding9_4200_6599_6681,DISTORTEDInternalBleeding9,,chronos_base_quantile,default,,0.02356,0.03813,0.93027,0.00109,0.22,,1524.8,3301,1,0.02514,ok
ucr,036_UCR_Anomaly_DISTORTEDInternalBleeding9_4200_6599_6681,DISTORTEDInternalBleeding9,,timesfm_resid,default,,0.02001,0.02928,0.73447,0.00461,1.33,,1901.4,3301,1,0.02514,ok
ucr,036_UCR_Anomaly_DISTORTEDInternalBleeding9_4200_6599_6681,DISTORTEDInternalBleeding9,,timesfm_quantile,default,,0.02759,0.04242,0.63195,0.03559,1.33,,1901.4,3301,1,0.02514,ok
ucr,037_UCR_Anomaly_DISTORTEDLab2Cmac011215EPG1_5000_17210_17260,DISTORTEDLab2Cmac011215EPG1,,chronos_small_resid,default,,0.14953,0.02919,0.90372,0.19159,0.31,,1593.6,25001,1,0.00204,ok
ucr,037_UCR_Anomaly_DISTORTEDLab2Cmac011215EPG1_5000_17210_17260,DISTORTEDLab2Cmac011215EPG1,,chronos_small_quantile,default,,0.13387,0.03594,0.89555,0.20176,0.31,,1593.6,25001,1,0.00204,ok
ucr,037_UCR_Anomaly_DISTORTEDLab2Cmac011215EPG1_5000_17210_17260,DISTORTEDLab2Cmac011215EPG1,,chronos_base_resid,default,,0.15632,0.03318,0.8881,0.20416,0.68,,1824.4,25001,1,0.00204,ok
ucr,037_UCR_Anomaly_DISTORTEDLab2Cmac011215EPG1_5000_17210_17260,DISTORTEDLab2Cmac011215EPG1,,chronos_base_quantile,default,,0.25805,0.0663,0.93286,0.28736,0.68,,1824.4,25001,1,0.00204,ok
ucr,037_UCR_Anomaly_DISTORTEDLab2Cmac011215EPG1_5000_17210_17260,DISTORTEDLab2Cmac011215EPG1,,timesfm_resid,default,,0.16186,0.03733,0.78074,0.21887,9.28,,1901.4,25001,1,0.00204,ok
ucr,037_UCR_Anomaly_DISTORTEDLab2Cmac011215EPG1_5000_17210_17260,DISTORTEDLab2Cmac011215EPG1,,timesfm_quantile,default,,0.09316,0.02966,0.70556,0.19364,9.28,,1901.4,25001,1,0.00204,ok
ucr,038_UCR_Anomaly_DISTORTEDLab2Cmac011215EPG2_5000_27862_27932,DISTORTEDLab2Cmac011215EPG2,,chronos_small_resid,default,,0.00271,0.00432,0.66791,0.00281,0.31,,1593.6,24950,1,0.00285,ok
ucr,038_UCR_Anomaly_DISTORTEDLab2Cmac011215EPG2_5000_27862_27932,DISTORTEDLab2Cmac011215EPG2,,chronos_small_quantile,default,,0.00273,0.00423,0.65872,0.00291,0.31,,1593.6,24950,1,0.00285,ok
ucr,038_UCR_Anomaly_DISTORTEDLab2Cmac011215EPG2_5000_27862_27932,DISTORTEDLab2Cmac011215EPG2,,chronos_base_resid,default,,0.00285,0.00462,0.67312,0.0034,0.93,,1824.4,24950,1,0.00285,ok
ucr,038_UCR_Anomaly_DISTORTEDLab2Cmac011215EPG2_5000_27862_27932,DISTORTEDLab2Cmac011215EPG2,,chronos_base_quantile,default,,0.00274,0.00427,0.67039,0.00307,0.93,,1824.4,24950,1,0.00285,ok
ucr,038_UCR_Anomaly_DISTORTEDLab2Cmac011215EPG2_5000_27862_27932,DISTORTEDLab2Cmac011215EPG2,,timesfm_resid,default,,0.0087,0.00739,0.66948,0.0379,9.35,,1901.4,24950,1,0.00285,ok
ucr,038_UCR_Anomaly_DISTORTEDLab2Cmac011215EPG2_5000_27862_27932,DISTORTEDLab2Cmac011215EPG2,,timesfm_quantile,default,,0.01064,0.00902,0.68491,0.0383,9.35,,1901.4,24950,1,0.00285,ok
ucr,039_UCR_Anomaly_DISTORTEDLab2Cmac011215EPG3_5000_16390_16420,DISTORTEDLab2Cmac011215EPG3,,chronos_small_resid,default,,0.00302,0.00373,0.7187,0.0074,0.31,,1593.6,24950,1,0.00124,ok
ucr,039_UCR_Anomaly_DISTORTEDLab2Cmac011215EPG3_5000_16390_16420,DISTORTEDLab2Cmac011215EPG3,,chronos_small_quantile,default,,0.00633,0.00522,0.74503,0.01145,0.31,,1593.6,24950,1,0.00124,ok
ucr,039_UCR_Anomaly_DISTORTEDLab2Cmac011215EPG3_5000_16390_16420,DISTORTEDLab2Cmac011215EPG3,,chronos_base_resid,default,,0.00253,0.00348,0.81474,0.00518,0.61,,1824.4,24950,1,0.00124,ok
ucr,039_UCR_Anomaly_DISTORTEDLab2Cmac011215EPG3_5000_16390_16420,DISTORTEDLab2Cmac011215EPG3,,chronos_base_quantile,default,,0.00425,0.00528,0.81223,0.01011,0.61,,1824.4,24950,1,0.00124,ok
ucr,039_UCR_Anomaly_DISTORTEDLab2Cmac011215EPG3_5000_16390_16420,DISTORTEDLab2Cmac011215EPG3,,timesfm_resid,default,,0.00582,0.00605,0.67419,0.01309,9.68,,1901.4,24950,1,0.00124,ok
ucr,039_UCR_Anomaly_DISTORTEDLab2Cmac011215EPG3_5000_16390_16420,DISTORTEDLab2Cmac011215EPG3,,timesfm_quantile,default,,0.00562,0.00614,0.66396,0.01569,9.68,,1901.4,24950,1,0.00124,ok
ucr,040_UCR_Anomaly_DISTORTEDLab2Cmac011215EPG4_6000_17390_17520,DISTORTEDLab2Cmac011215EPG4,,chronos_small_resid,default,,0.00494,0.00734,0.71835,0.00528,0.33,,1593.6,24066,1,0.00544,ok
ucr,040_UCR_Anomaly_DISTORTEDLab2Cmac011215EPG4_6000_17390_17520,DISTORTEDLab2Cmac011215EPG4,,chronos_small_quantile,default,,0.00514,0.00776,0.72316,0.00603,0.33,,1593.6,24066,1,0.00544,ok
ucr,040_UCR_Anomaly_DISTORTEDLab2Cmac011215EPG4_6000_17390_17520,DISTORTEDLab2Cmac011215EPG4,,chronos_base_resid,default,,0.00501,0.00753,0.73549,0.00461,0.59,,1824.4,24066,1,0.00544,ok
ucr,040_UCR_Anomaly_DISTORTEDLab2Cmac011215EPG4_6000_17390_17520,DISTORTEDLab2Cmac011215EPG4,,chronos_base_quantile,default,,0.00484,0.00751,0.85279,0.00181,0.59,,1824.4,24066,1,0.00544,ok
ucr,040_UCR_Anomaly_DISTORTEDLab2Cmac011215EPG4_6000_17390_17520,DISTORTEDLab2Cmac011215EPG4,,timesfm_resid,default,,0.00614,0.00822,0.66757,0.00718,8.54,,1901.4,24066,1,0.00544,ok
ucr,040_UCR_Anomaly_DISTORTEDLab2Cmac011215EPG4_6000_17390_17520,DISTORTEDLab2Cmac011215EPG4,,timesfm_quantile,default,,0.00541,0.00788,0.66562,0.00607,8.54,,1901.4,24066,1,0.00544,ok
ucr,041_UCR_Anomaly_DISTORTEDLab2Cmac011215EPG5_7000_17390_17520,DISTORTEDLab2Cmac011215EPG5,,chronos_small_resid,default,,0.00931,0.01099,0.74804,0.02095,0.31,,1593.6,22826,1,0.00574,ok
ucr,041_UCR_Anomaly_DISTORTEDLab2Cmac011215EPG5_7000_17390_17520,DISTORTEDLab2Cmac011215EPG5,,chronos_small_quantile,default,,0.01813,0.01147,0.72644,0.0748,0.31,,1593.6,22826,1,0.00574,ok
ucr,041_UCR_Anomaly_DISTORTEDLab2Cmac011215EPG5_7000_17390_17520,DISTORTEDLab2Cmac011215EPG5,,chronos_base_resid,default,,0.00861,0.01071,0.74573,0.01724,0.63,,1824.4,22826,1,0.00574,ok
ucr,041_UCR_Anomaly_DISTORTEDLab2Cmac011215EPG5_7000_17390_17520,DISTORTEDLab2Cmac011215EPG5,,chronos_base_quantile,default,,0.00636,0.00867,0.75708,0.01063,0.63,,1824.4,22826,1,0.00574,ok
ucr,041_UCR_Anomaly_DISTORTEDLab2Cmac011215EPG5_7000_17390_17520,DISTORTEDLab2Cmac011215EPG5,,timesfm_resid,default,,0.00928,0.01173,0.68314,0.01788,8.09,,1901.4,22826,1,0.00574,ok
ucr,041_UCR_Anomaly_DISTORTEDLab2Cmac011215EPG5_7000_17390_17520,DISTORTEDLab2Cmac011215EPG5,,timesfm_quantile,default,,0.00692,0.00951,0.66571,0.01088,8.09,,1901.4,22826,1,0.00574,ok
ucr,042_UCR_Anomaly_DISTORTEDLab2Cmac011215EPG6_7000_12190_12420,DISTORTEDLab2Cmac011215EPG6,,chronos_small_resid,default,,0.00694,0.01035,0.67254,0.00112,0.32,,1593.6,22859,1,0.01011,ok
ucr,042_UCR_Anomaly_DISTORTEDLab2Cmac011215EPG6_7000_12190_12420,DISTORTEDLab2Cmac011215EPG6,,chronos_small_quantile,default,,0.00912,0.01309,0.65852,0.00208,0.32,,1593.6,22859,1,0.01011,ok
ucr,042_UCR_Anomaly_DISTORTEDLab2Cmac011215EPG6_7000_12190_12420,DISTORTEDLab2Cmac011215EPG6,,chronos_base_resid,default,,0.00716,0.01072,0.65158,0.00051,0.64,,1824.4,22859,1,0.01011,ok
ucr,042_UCR_Anomaly_DISTORTEDLab2Cmac011215EPG6_7000_12190_12420,DISTORTEDLab2Cmac011215EPG6,,chronos_base_quantile,default,,0.00986,0.01366,0.70166,0.00046,0.64,,1824.4,22859,1,0.01011,ok
ucr,042_UCR_Anomaly_DISTORTEDLab2Cmac011215EPG6_7000_12190_12420,DISTORTEDLab2Cmac011215EPG6,,timesfm_resid,default,,0.00728,0.01109,0.66065,0.00134,8.09,,1901.4,22859,1,0.01011,ok
ucr,042_UCR_Anomaly_DISTORTEDLab2Cmac011215EPG6_7000_12190_12420,DISTORTEDLab2Cmac011215EPG6,,timesfm_quantile,default,,0.01011,0.01399,0.65449,0.0,8.09,,1901.4,22859,1,0.01011,ok
ucr,043_UCR_Anomaly_DISTORTEDMesoplodonDensirostris_10000_19280_19440,DISTORTEDMesoplodonDensirostris,,chronos_small_resid,default,,0.03105,0.0265,0.85808,0.10991,0.18,,1578.1,14667,1,0.01098,ok
ucr,043_UCR_Anomaly_DISTORTEDMesoplodonDensirostris_10000_19280_19440,DISTORTEDMesoplodonDensirostris,,chronos_small_quantile,default,,0.01232,0.01706,0.84609,0.01163,0.18,,1578.1,14667,1,0.01098,ok
ucr,043_UCR_Anomaly_DISTORTEDMesoplodonDensirostris_10000_19280_19440,DISTORTEDMesoplodonDensirostris,,chronos_base_resid,default,,0.0257,0.02491,0.88571,0.10908,0.29,,1797.3,14667,1,0.01098,ok
ucr,043_UCR_Anomaly_DISTORTEDMesoplodonDensirostris_10000_19280_19440,DISTORTEDMesoplodonDensirostris,,chronos_base_quantile,default,,0.01229,0.01696,0.77277,0.01769,0.29,,1797.3,14667,1,0.01098,ok
ucr,043_UCR_Anomaly_DISTORTEDMesoplodonDensirostris_10000_19280_19440,DISTORTEDMesoplodonDensirostris,,timesfm_resid,default,,0.06294,0.03708,0.9046,0.21875,5.38,,1901.4,14667,1,0.01098,ok
ucr,043_UCR_Anomaly_DISTORTEDMesoplodonDensirostris_10000_19280_19440,DISTORTEDMesoplodonDensirostris,,timesfm_quantile,default,,0.02168,0.02892,0.74214,0.04473,5.38,,1901.4,14667,1,0.01098,ok
ucr,044_UCR_Anomaly_DISTORTEDPowerDemand1_9000_18485_18821,DISTORTEDPowerDemand1,,chronos_small_resid,default,,0.0326,0.03694,0.75334,0.15517,0.3,,1593.6,20931,1,0.0161,ok
ucr,044_UCR_Anomaly_DISTORTEDPowerDemand1_9000_18485_18821,DISTORTEDPowerDemand1,,chronos_small_quantile,default,,0.04195,0.02713,0.95502,0.225,0.3,,1593.6,20931,1,0.0161,ok
ucr,044_UCR_Anomaly_DISTORTEDPowerDemand1_9000_18485_18821,DISTORTEDPowerDemand1,,chronos_base_resid,default,,0.03284,0.03765,0.75062,0.15255,0.68,,1824.4,20931,1,0.0161,ok
ucr,044_UCR_Anomaly_DISTORTEDPowerDemand1_9000_18485_18821,DISTORTEDPowerDemand1,,chronos_base_quantile,default,,0.03071,0.02496,0.90098,0.17647,0.68,,1824.4,20931,1,0.0161,ok
ucr,044_UCR_Anomaly_DISTORTEDPowerDemand1_9000_18485_18821,DISTORTEDPowerDemand1,,timesfm_resid,default,,0.0286,0.03722,0.82835,0.04476,8.12,,1901.4,20931,1,0.0161,ok
ucr,044_UCR_Anomaly_DISTORTEDPowerDemand1_9000_18485_18821,DISTORTEDPowerDemand1,,timesfm_quantile,default,,0.03667,0.02786,0.86431,0.1855,8.12,,1901.4,20931,1,0.0161,ok
ucr,045_UCR_Anomaly_DISTORTEDPowerDemand2_14000_23357_23717,DISTORTEDPowerDemand2,,chronos_small_resid,default,,0.02207,0.03007,0.69435,0.02379,0.2,,1587.6,15931,1,0.02266,ok
ucr,045_UCR_Anomaly_DISTORTEDPowerDemand2_14000_23357_23717,DISTORTEDPowerDemand2,,chronos_small_quantile,default,,0.0225,0.03062,0.76601,0.02683,0.2,,1587.6,15931,1,0.02266,ok
ucr,045_UCR_Anomaly_DISTORTEDPowerDemand2_14000_23357_23717,DISTORTEDPowerDemand2,,chronos_base_resid,default,,0.02213,0.03015,0.67813,0.02254,0.44,,1813.2,15931,1,0.02266,ok
ucr,045_UCR_Anomaly_DISTORTEDPowerDemand2_14000_23357_23717,DISTORTEDPowerDemand2,,chronos_base_quantile,default,,0.02362,0.03337,0.739,0.02903,0.44,,1813.2,15931,1,0.02266,ok
ucr,045_UCR_Anomaly_DISTORTEDPowerDemand2_14000_23357_23717,DISTORTEDPowerDemand2,,timesfm_resid,default,,0.01974,0.02573,0.66661,0.01932,5.36,,1901.4,15931,1,0.02266,ok
ucr,045_UCR_Anomaly_DISTORTEDPowerDemand2_14000_23357_23717,DISTORTEDPowerDemand2,,timesfm_quantile,default,,0.02104,0.02775,0.72695,0.01968,5.36,,1901.4,15931,1,0.02266,ok
ucr,046_UCR_Anomaly_DISTORTEDPowerDemand3_16000_23405_23477,DISTORTEDPowerDemand3,,chronos_small_resid,default,,0.01294,0.02004,0.6813,0.03106,0.16,,1570.2,13931,1,0.00524,ok
ucr,046_UCR_Anomaly_DISTORTEDPowerDemand3_16000_23405_23477,DISTORTEDPowerDemand3,,chronos_small_quantile,default,,0.0339,0.01478,0.82418,0.15,0.16,,1570.2,13931,1,0.00524,ok
ucr,046_UCR_Anomaly_DISTORTEDPowerDemand3_16000_23405_23477,DISTORTEDPowerDemand3,,chronos_base_resid,default,,0.01457,0.02195,0.67831,0.03469,0.35,,1767.7,13931,1,0.00524,ok
ucr,046_UCR_Anomaly_DISTORTEDPowerDemand3_16000_23405_23477,DISTORTEDPowerDemand3,,chronos_base_quantile,default,,0.01549,0.0115,0.73756,0.0625,0.35,,1767.7,13931,1,0.00524,ok
ucr,046_UCR_Anomaly_DISTORTEDPowerDemand3_16000_23405_23477,DISTORTEDPowerDemand3,,timesfm_resid,default,,0.01312,0.01958,0.65758,0.03051,5.43,,1901.4,13931,1,0.00524,ok
ucr,046_UCR_Anomaly_DISTORTEDPowerDemand3_16000_23405_23477,DISTORTEDPowerDemand3,,timesfm_quantile,default,,0.01266,0.01302,0.69638,0.0294,5.43,,1901.4,13931,1,0.00524,ok
ucr,047_UCR_Anomaly_DISTORTEDPowerDemand4_18000_24005_24077,DISTORTEDPowerDemand4,,chronos_small_resid,default,,0.14781,0.06989,0.89759,0.31737,0.15,,1552.9,11931,1,0.00612,ok
ucr,047_UCR_Anomaly_DISTORTEDPowerDemand4_18000_24005_24077,DISTORTEDPowerDemand4,,chronos_small_quantile,default,,0.09686,0.06029,0.82913,0.24525,0.15,,1552.9,11931,1,0.00612,ok
ucr,047_UCR_Anomaly_DISTORTEDPowerDemand4_18000_24005_24077,DISTORTEDPowerDemand4,,chronos_base_resid,default,,0.15549,0.08411,0.89759,0.33133,0.33,,1722.2,11931,1,0.00612,ok
ucr,047_UCR_Anomaly_DISTORTEDPowerDemand4_18000_24005_24077,DISTORTEDPowerDemand4,,chronos_base_quantile,default,,0.05158,0.03476,0.72104,0.13243,0.33,,1722.2,11931,1,0.00612,ok
ucr,047_UCR_Anomaly_DISTORTEDPowerDemand4_18000_24005_24077,DISTORTEDPowerDemand4,,timesfm_resid,default,,0.06917,0.0465,0.82015,0.17233,3.9,,1901.4,11931,1,0.00612,ok
ucr,047_UCR_Anomaly_DISTORTEDPowerDemand4_18000_24005_24077,DISTORTEDPowerDemand4,,timesfm_quantile,default,,0.02354,0.01416,0.69665,0.08239,3.9,,1901.4,11931,1,0.00612,ok
ucr,048_UCR_Anomaly_DISTORTEDTkeepFifthMARS_3500_5988_6085,DISTORTEDTkeepFifthMARS,,chronos_small_resid,default,,0.05557,0.10029,0.98187,0.12933,0.14,,1517.7,7834,1,0.01251,ok
ucr,048_UCR_Anomaly_DISTORTEDTkeepFifthMARS_3500_5988_6085,DISTORTEDTkeepFifthMARS,,chronos_small_quantile,default,,0.043,0.08581,0.98187,0.10696,0.14,,1517.7,7834,1,0.01251,ok
ucr,048_UCR_Anomaly_DISTORTEDTkeepFifthMARS_3500_5988_6085,DISTORTEDTkeepFifthMARS,,chronos_base_resid,default,,0.05237,0.09839,0.98187,0.11859,0.24,,1629.6,7834,1,0.01251,ok
ucr,048_UCR_Anomaly_DISTORTEDTkeepFifthMARS_3500_5988_6085,DISTORTEDTkeepFifthMARS,,chronos_base_quantile,default,,0.02334,0.05334,0.88115,0.05598,0.24,,1629.6,7834,1,0.01251,ok
ucr,048_UCR_Anomaly_DISTORTEDTkeepFifthMARS_3500_5988_6085,DISTORTEDTkeepFifthMARS,,timesfm_resid,default,,0.0574,0.11146,0.98187,0.11037,3.26,,1901.4,7834,1,0.01251,ok
ucr,048_UCR_Anomaly_DISTORTEDTkeepFifthMARS_3500_5988_6085,DISTORTEDTkeepFifthMARS,,timesfm_quantile,default,,0.05766,0.15284,0.98286,0.12712,3.26,,1901.4,7834,1,0.01251,ok
ucr,049_UCR_Anomaly_DISTORTEDTkeepFirstMARS_3500_5365_5380,DISTORTEDTkeepFirstMARS,,chronos_small_resid,default,,0.00336,0.00434,0.83447,0.00481,0.18,,1517.8,7906,1,0.00202,ok
ucr,049_UCR_Anomaly_DISTORTEDTkeepFirstMARS_3500_5365_5380,DISTORTEDTkeepFirstMARS,,chronos_small_quantile,default,,0.00256,0.00351,0.69403,0.00368,0.18,,1517.8,7906,1,0.00202,ok
ucr,049_UCR_Anomaly_DISTORTEDTkeepFirstMARS_3500_5365_5380,DISTORTEDTkeepFirstMARS,,chronos_base_resid,default,,0.00299,0.00406,0.72919,0.00527,0.44,,1630.1,7906,1,0.00202,ok
ucr,049_UCR_Anomaly_DISTORTEDTkeepFirstMARS_3500_5365_5380,DISTORTEDTkeepFirstMARS,,chronos_base_quantile,default,,0.00267,0.00372,0.65464,0.00435,0.44,,1630.1,7906,1,0.00202,ok
ucr,049_UCR_Anomaly_DISTORTEDTkeepFirstMARS_3500_5365_5380,DISTORTEDTkeepFirstMARS,,timesfm_resid,default,,0.00171,0.00356,0.70528,0.00053,3.23,,1901.4,7906,1,0.00202,ok
ucr,049_UCR_Anomaly_DISTORTEDTkeepFirstMARS_3500_5365_5380,DISTORTEDTkeepFirstMARS,,timesfm_quantile,default,,0.00195,0.00402,0.79679,0.00038,3.23,,1901.4,7906,1,0.00202,ok
ucr,050_UCR_Anomaly_DISTORTEDTkeepForthMARS_3500_5988_6085,DISTORTEDTkeepForthMARS,,chronos_small_resid,default,,0.02108,0.03408,0.86082,0.11037,0.15,,1517.7,7808,1,0.01255,ok
ucr,050_UCR_Anomaly_DISTORTEDTkeepForthMARS_3500_5988_6085,DISTORTEDTkeepForthMARS,,chronos_small_quantile,default,,0.01343,0.02047,0.67121,0.01901,0.15,,1517.7,7808,1,0.01255,ok
ucr,050_UCR_Anomaly_DISTORTEDTkeepForthMARS_3500_5988_6085,DISTORTEDTkeepForthMARS,,chronos_base_resid,default,,0.02041,0.02936,0.71499,0.10969,0.31,,1628.6,7808,1,0.01255,ok
ucr,050_UCR_Anomaly_DISTORTEDTkeepForthMARS_3500_5988_6085,DISTORTEDTkeepForthMARS,,chronos_base_quantile,default,,0.01427,0.01998,0.73642,0.02097,0.31,,1628.6,7808,1,0.01255,ok
ucr,050_UCR_Anomaly_DISTORTEDTkeepForthMARS_3500_5988_6085,DISTORTEDTkeepForthMARS,,timesfm_resid,default,,0.02834,0.03931,0.83299,0.06553,2.75,,1901.4,7808,1,0.01255,ok
ucr,050_UCR_Anomaly_DISTORTEDTkeepForthMARS_3500_5988_6085,DISTORTEDTkeepForthMARS,,timesfm_quantile,default,,0.02142,0.02428,0.82015,0.0432,2.75,,1901.4,7808,1,0.01255,ok
ucr,051_UCR_Anomaly_DISTORTEDTkeepSecondMARS_3500_9330_9340,DISTORTEDTkeepSecondMARS,,chronos_small_resid,default,,0.00403,0.00407,0.97807,0.00874,0.14,,1517.8,7888,1,0.00139,ok
ucr,051_UCR_Anomaly_DISTORTEDTkeepSecondMARS_3500_9330_9340,DISTORTEDTkeepSecondMARS,,chronos_small_quantile,default,,0.00555,0.00525,0.77176,0.01242,0.14,,1517.8,7888,1,0.00139,ok
ucr,051_UCR_Anomaly_DISTORTEDTkeepSecondMARS_3500_9330_9340,DISTORTEDTkeepSecondMARS,,chronos_base_resid,default,,0.00319,0.00321,0.97807,0.00803,0.24,,1630.1,7888,1,0.00139,ok
ucr,051_UCR_Anomaly_DISTORTEDTkeepSecondMARS_3500_9330_9340,DISTORTEDTkeepSecondMARS,,chronos_base_quantile,default,,0.00493,0.00465,0.9839,0.01443,0.24,,1630.1,7888,1,0.00139,ok
ucr,051_UCR_Anomaly_DISTORTEDTkeepSecondMARS_3500_9330_9340,DISTORTEDTkeepSecondMARS,,timesfm_resid,default,,0.01974,0.01548,0.97705,0.04486,2.75,,1901.4,7888,1,0.00139,ok
ucr,051_UCR_Anomaly_DISTORTEDTkeepSecondMARS_3500_9330_9340,DISTORTEDTkeepSecondMARS,,timesfm_quantile,default,,0.02621,0.01895,0.98279,0.07196,2.75,,1901.4,7888,1,0.00139,ok
ucr,052_UCR_Anomaly_DISTORTEDTkeepThirdMARS_3500_4711_4809,DISTORTEDTkeepThirdMARS,,chronos_small_resid,default,,0.04648,0.04802,0.70373,0.11649,0.15,,1517.7,7808,1,0.01268,ok
ucr,052_UCR_Anomaly_DISTORTEDTkeepThirdMARS_3500_4711_4809,DISTORTEDTkeepThirdMARS,,chronos_small_quantile,default,,0.01946,0.02613,0.68269,0.02817,0.15,,1517.7,7808,1,0.01268,ok
ucr,052_UCR_Anomaly_DISTORTEDTkeepThirdMARS_3500_4711_4809,DISTORTEDTkeepThirdMARS,,chronos_base_resid,default,,0.40991,0.27047,0.94853,0.59322,0.26,,1628.6,7808,1,0.01268,ok
ucr,052_UCR_Anomaly_DISTORTEDTkeepThirdMARS_3500_4711_4809,DISTORTEDTkeepThirdMARS,,chronos_base_quantile,default,,0.03407,0.03482,0.69432,0.08152,0.26,,1628.6,7808,1,0.01268,ok
ucr,052_UCR_Anomaly_DISTORTEDTkeepThirdMARS_3500_4711_4809,DISTORTEDTkeepThirdMARS,,timesfm_resid,default,,0.05711,0.06805,0.96452,0.16252,2.7,,1901.4,7808,1,0.01268,ok
ucr,052_UCR_Anomaly_DISTORTEDTkeepThirdMARS_3500_4711_4809,DISTORTEDTkeepThirdMARS,,timesfm_quantile,default,,0.03655,0.03373,0.72326,0.12108,2.7,,1901.4,7808,1,0.01268,ok
ucr,053_UCR_Anomaly_DISTORTEDWalkingAceleration1_1500_2764_2995,DISTORTEDWalkingAceleration1,,chronos_small_resid,default,,0.03894,0.05973,0.66643,0.03342,0.14,,1493.5,5184,1,0.04475,ok
ucr,053_UCR_Anomaly_DISTORTEDWalkingAceleration1_1500_2764_2995,DISTORTEDWalkingAceleration1,,chronos_small_quantile,default,,0.04376,0.06267,0.66459,0.04333,0.14,,1493.5,5184,1,0.04475,ok
ucr,053_UCR_Anomaly_DISTORTEDWalkingAceleration1_1500_2764_2995,DISTORTEDWalkingAceleration1,,chronos_base_resid,default,,0.03881,0.05824,0.64822,0.01786,0.23,,1569.2,5184,1,0.04475,ok
ucr,053_UCR_Anomaly_DISTORTEDWalkingAceleration1_1500_2764_2995,DISTORTEDWalkingAceleration1,,chronos_base_quantile,default,,0.04706,0.06793,0.66881,0.03304,0.23,,1569.2,5184,1,0.04475,ok
ucr,053_UCR_Anomaly_DISTORTEDWalkingAceleration1_1500_2764_2995,DISTORTEDWalkingAceleration1,,timesfm_resid,default,,0.04247,0.06472,0.6595,0.05126,2.51,,1901.4,5184,1,0.04475,ok
ucr,053_UCR_Anomaly_DISTORTEDWalkingAceleration1_1500_2764_2995,DISTORTEDWalkingAceleration1,,timesfm_quantile,default,,0.04295,0.06293,0.66954,0.02586,2.51,,1901.4,5184,1,0.04475,ok
ucr,054_UCR_Anomaly_DISTORTEDWalkingAceleration5_2700_5920_5979,DISTORTEDWalkingAceleration5,,chronos_small_resid,default,,0.1601,0.17468,0.94448,0.30442,0.13,,1483.4,3984,1,0.01506,ok
ucr,054_UCR_Anomaly_DISTORTEDWalkingAceleration5_2700_5920_5979,DISTORTEDWalkingAceleration5,,chronos_small_quantile,default,,0.22253,0.17981,0.92344,0.38692,0.13,,1483.4,3984,1,0.01506,ok
ucr,054_UCR_Anomaly_DISTORTEDWalkingAceleration5_2700_5920_5979,DISTORTEDWalkingAceleration5,,chronos_base_resid,default,,0.15964,0.17864,0.94448,0.32961,0.22,,1540.7,3984,1,0.01506,ok
ucr,054_UCR_Anomaly_DISTORTEDWalkingAceleration5_2700_5920_5979,DISTORTEDWalkingAceleration5,,chronos_base_quantile,default,,0.13167,0.12046,0.92344,0.31204,0.22,,1540.7,3984,1,0.01506,ok
ucr,054_UCR_Anomaly_DISTORTEDWalkingAceleration5_2700_5920_5979,DISTORTEDWalkingAceleration5,,timesfm_resid,default,,0.20334,0.20714,0.92344,0.38079,1.34,,1901.4,3984,1,0.01506,ok
ucr,054_UCR_Anomaly_DISTORTEDWalkingAceleration5_2700_5920_5979,DISTORTEDWalkingAceleration5,,timesfm_quantile,default,,0.35683,0.29155,0.96219,0.5525,1.34,,1901.4,3984,1,0.01506,ok
ucr,055_UCR_Anomaly_DISTORTEDapneaecg2_10000_20950_21100,DISTORTEDapneaecg2,,chronos_small_resid,default,,0.01164,0.01629,0.91645,0.02735,0.34,,1593.6,28501,1,0.0053,ok
ucr,055_UCR_Anomaly_DISTORTEDapneaecg2_10000_20950_21100,DISTORTEDapneaecg2,,chronos_small_quantile,default,,0.01916,0.01859,0.88212,0.0513,0.34,,1593.6,28501,1,0.0053,ok
ucr,055_UCR_Anomaly_DISTORTEDapneaecg2_10000_20950_21100,DISTORTEDapneaecg2,,chronos_base_resid,default,,0.01124,0.01504,0.93313,0.02752,0.68,,1824.4,28501,1,0.0053,ok
ucr,055_UCR_Anomaly_DISTORTEDapneaecg2_10000_20950_21100,DISTORTEDapneaecg2,,chronos_base_quantile,default,,0.03121,0.02659,0.78906,0.07973,0.68,,1824.4,28501,1,0.0053,ok
ucr,055_UCR_Anomaly_DISTORTEDapneaecg2_10000_20950_21100,DISTORTEDapneaecg2,,timesfm_resid,default,,0.01295,0.01493,0.88426,0.03434,9.35,,1901.4,28501,1,0.0053,ok
ucr,055_UCR_Anomaly_DISTORTEDapneaecg2_10000_20950_21100,DISTORTEDapneaecg2,,timesfm_quantile,default,,0.01375,0.01529,0.66998,0.03673,9.35,,1901.4,28501,1,0.0053,ok
ucr,056_UCR_Anomaly_DISTORTEDapneaecg3_5000_11111_11211,DISTORTEDapneaecg3,,chronos_small_resid,default,,0.00374,0.00479,0.66071,0.00484,0.46,,1593.6,33379,1,0.00303,ok
ucr,056_UCR_Anomaly_DISTORTEDapneaecg3_5000_11111_11211,DISTORTEDapneaecg3,,chronos_small_quantile,default,,0.00334,0.00456,0.68257,0.00491,0.46,,1593.6,33379,1,0.00303,ok
ucr,056_UCR_Anomaly_DISTORTEDapneaecg3_5000_11111_11211,DISTORTEDapneaecg3,,chronos_base_resid,default,,0.00375,0.00486,0.66091,0.00466,1.07,,1824.4,33379,1,0.00303,ok
ucr,056_UCR_Anomaly_DISTORTEDapneaecg3_5000_11111_11211,DISTORTEDapneaecg3,,chronos_base_quantile,default,,0.00316,0.00453,0.68292,0.00431,1.07,,1824.4,33379,1,0.00303,ok
ucr,056_UCR_Anomaly_DISTORTEDapneaecg3_5000_11111_11211,DISTORTEDapneaecg3,,timesfm_resid,default,,0.00407,0.00517,0.66496,0.00525,12.5,,1901.4,33379,1,0.00303,ok
ucr,056_UCR_Anomaly_DISTORTEDapneaecg3_5000_11111_11211,DISTORTEDapneaecg3,,timesfm_quantile,default,,0.00493,0.00571,0.6806,0.01208,12.5,,1901.4,33379,1,0.00303,ok
ucr,057_UCR_Anomaly_DISTORTEDapneaecg4_6000_16000_16100,DISTORTEDapneaecg4,,chronos_small_resid,default,,0.00225,0.00351,0.67069,0.00096,0.37,,1593.6,32269,1,0.00313,ok
ucr,057_UCR_Anomaly_DISTORTEDapneaecg4_6000_16000_16100,DISTORTEDapneaecg4,,chronos_small_quantile,default,,0.0029,0.00439,0.68874,0.00078,0.37,,1593.6,32269,1,0.00313,ok
ucr,057_UCR_Anomaly_DISTORTEDapneaecg4_6000_16000_16100,DISTORTEDapneaecg4,,chronos_base_resid,default,,0.00235,0.00374,0.66574,0.00093,0.76,,1824.4,32269,1,0.00313,ok
ucr,057_UCR_Anomaly_DISTORTEDapneaecg4_6000_16000_16100,DISTORTEDapneaecg4,,chronos_base_quantile,default,,0.00299,0.0045,0.67959,0.00054,0.76,,1824.4,32269,1,0.00313,ok
ucr,057_UCR_Anomaly_DISTORTEDapneaecg4_6000_16000_16100,DISTORTEDapneaecg4,,timesfm_resid,default,,0.00217,0.00341,0.6688,0.0,10.59,,1901.4,32269,1,0.00313,ok
ucr,057_UCR_Anomaly_DISTORTEDapneaecg4_6000_16000_16100,DISTORTEDapneaecg4,,timesfm_quantile,default,,0.00313,0.00456,0.76761,0.0,10.59,,1901.4,32269,1,0.00313,ok
ucr,058_UCR_Anomaly_DISTORTEDapneaecg_10000_12240_12308,DISTORTEDapneaecg,,chronos_small_resid,default,,0.00241,0.0029,0.70558,0.00318,0.31,,1593.6,28501,1,0.00242,ok
ucr,058_UCR_Anomaly_DISTORTEDapneaecg_10000_12240_12308,DISTORTEDapneaecg,,chronos_small_quantile,default,,0.00231,0.00349,0.67585,0.00037,0.31,,1593.6,28501,1,0.00242,ok
ucr,058_UCR_Anomaly_DISTORTEDapneaecg_10000_12240_12308,DISTORTEDapneaecg,,chronos_base_resid,default,,0.0024,0.00302,0.72045,0.00311,0.67,,1824.4,28501,1,0.00242,ok
ucr,058_UCR_Anomaly_DISTORTEDapneaecg_10000_12240_12308,DISTORTEDapneaecg,,chronos_base_quantile,default,,0.00234,0.0035,0.68021,0.00086,0.67,,1824.4,28501,1,0.00242,ok
ucr,058_UCR_Anomaly_DISTORTEDapneaecg_10000_12240_12308,DISTORTEDapneaecg,,timesfm_resid,default,,0.00293,0.00347,0.71666,0.00409,9.74,,1901.4,28501,1,0.00242,ok
ucr,058_UCR_Anomaly_DISTORTEDapneaecg_10000_12240_12308,DISTORTEDapneaecg,,timesfm_quantile,default,,0.00229,0.00347,0.68413,0.00055,9.74,,1901.4,28501,1,0.00242,ok
ucr,059_UCR_Anomaly_DISTORTEDgait1_20000_38500_38800,DISTORTEDgait1,,chronos_small_resid,default,,0.00549,0.00847,0.68902,0.00208,0.51,,1593.6,45000,1,0.00669,ok
ucr,059_UCR_Anomaly_DISTORTEDgait1_20000_38500_38800,DISTORTEDgait1,,chronos_small_quantile,default,,0.00597,0.00808,0.71262,0.00037,0.51,,1593.6,45000,1,0.00669,ok
ucr,059_UCR_Anomaly_DISTORTEDgait1_20000_38500_38800,DISTORTEDgait1,,chronos_base_resid,default,,0.00566,0.00818,0.6764,0.00212,1.05,,1824.4,45000,1,0.00669,ok
ucr,059_UCR_Anomaly_DISTORTEDgait1_20000_38500_38800,DISTORTEDgait1,,chronos_base_quantile,default,,0.00657,0.00833,0.86926,0.00041,1.05,,1824.4,45000,1,0.00669,ok
ucr,059_UCR_Anomaly_DISTORTEDgait1_20000_38500_38800,DISTORTEDgait1,,timesfm_resid,default,,0.00675,0.0087,0.83496,0.01123,16.2,,1901.4,45000,1,0.00669,ok
ucr,059_UCR_Anomaly_DISTORTEDgait1_20000_38500_38800,DISTORTEDgait1,,timesfm_quantile,default,,0.00685,0.00887,0.86434,0.00565,16.2,,1901.4,45000,1,0.00669,ok
ucr,060_UCR_Anomaly_DISTORTEDgait2_22000_46500_46800,DISTORTEDgait2,,chronos_small_resid,default,,0.00677,0.0097,0.84105,0.00764,0.58,,1593.6,43000,1,0.007,ok
ucr,060_UCR_Anomaly_DISTORTEDgait2_22000_46500_46800,DISTORTEDgait2,,chronos_small_quantile,default,,0.00658,0.00921,0.77576,0.00737,0.58,,1593.6,43000,1,0.007,ok
ucr,060_UCR_Anomaly_DISTORTEDgait2_22000_46500_46800,DISTORTEDgait2,,chronos_base_resid,default,,0.00736,0.01069,0.68091,0.00736,1.05,,1824.4,43000,1,0.007,ok
ucr,060_UCR_Anomaly_DISTORTEDgait2_22000_46500_46800,DISTORTEDgait2,,chronos_base_quantile,default,,0.00758,0.01051,0.65291,0.01086,1.05,,1824.4,43000,1,0.007,ok
ucr,060_UCR_Anomaly_DISTORTEDgait2_22000_46500_46800,DISTORTEDgait2,,timesfm_resid,default,,0.01234,0.01675,0.77267,0.03037,14.9,,1901.4,43000,1,0.007,ok
ucr,060_UCR_Anomaly_DISTORTEDgait2_22000_46500_46800,DISTORTEDgait2,,timesfm_quantile,default,,0.00877,0.01238,0.71376,0.01754,14.9,,1901.4,43000,1,0.007,ok
ucr,061_UCR_Anomaly_DISTORTEDgait3_24500_59900_60500,DISTORTEDgait3,,chronos_small_resid,default,,0.04143,0.04632,0.73355,0.10411,0.5,,1593.6,40500,1,0.01484,ok
ucr,061_UCR_Anomaly_DISTORTEDgait3_24500_59900_60500,DISTORTEDgait3,,chronos_small_quantile,default,,0.0199,0.02407,0.67574,0.03907,0.5,,1593.6,40500,1,0.01484,ok
ucr,061_UCR_Anomaly_DISTORTEDgait3_24500_59900_60500,DISTORTEDgait3,,chronos_base_resid,default,,0.0176,0.02131,0.83295,0.05298,0.9,,1824.4,40500,1,0.01484,ok
ucr,061_UCR_Anomaly_DISTORTEDgait3_24500_59900_60500,DISTORTEDgait3,,chronos_base_quantile,default,,0.0226,0.02644,0.68489,0.04085,0.9,,1824.4,40500,1,0.01484,ok
ucr,061_UCR_Anomaly_DISTORTEDgait3_24500_59900_60500,DISTORTEDgait3,,timesfm_resid,default,,0.01313,0.01691,0.72281,0.01472,13.6,,1901.4,40500,1,0.01484,ok
ucr,061_UCR_Anomaly_DISTORTEDgait3_24500_59900_60500,DISTORTEDgait3,,timesfm_quantile,default,,0.01401,0.01646,0.82544,0.00305,13.6,,1901.4,40500,1,0.01484,ok
ucr,062_UCR_Anomaly_DISTORTEDgaitHunt1_18500_33070_33180,DISTORTEDgaitHunt1,,chronos_small_resid,default,,0.00198,0.00286,0.65884,0.00079,0.54,,1593.6,45500,1,0.00244,ok
ucr,062_UCR_Anomaly_DISTORTEDgaitHunt1_18500_33070_33180,DISTORTEDgaitHunt1,,chronos_small_quantile,default,,0.00248,0.00361,0.72374,0.00214,0.54,,1593.6,45500,1,0.00244,ok
ucr,062_UCR_Anomaly_DISTORTEDgaitHunt1_18500_33070_33180,DISTORTEDgaitHunt1,,chronos_base_resid,default,,0.00239,0.00332,0.65585,0.00329,1.11,,1824.4,45500,1,0.00244,ok
ucr,062_UCR_Anomaly_DISTORTEDgaitHunt1_18500_33070_33180,DISTORTEDgaitHunt1,,chronos_base_quantile,default,,0.00228,0.00346,0.79383,0.00081,1.11,,1824.4,45500,1,0.00244,ok
ucr,062_UCR_Anomaly_DISTORTEDgaitHunt1_18500_33070_33180,DISTORTEDgaitHunt1,,timesfm_resid,default,,0.00244,0.00343,0.65298,0.00303,15.75,,1901.4,45500,1,0.00244,ok
ucr,062_UCR_Anomaly_DISTORTEDgaitHunt1_18500_33070_33180,DISTORTEDgaitHunt1,,timesfm_quantile,default,,0.00231,0.00345,0.80382,0.00114,15.75,,1901.4,45500,1,0.00244,ok
ucr,063_UCR_Anomaly_DISTORTEDgaitHunt2_18500_31200_31850,DISTORTEDgaitHunt2,,chronos_small_resid,default,,0.01413,0.01621,0.67011,0.01295,0.49,,1593.6,45500,1,0.01431,ok
ucr,063_UCR_Anomaly_DISTORTEDgaitHunt2_18500_31200_31850,DISTORTEDgaitHunt2,,chronos_small_quantile,default,,0.01271,0.01478,0.6492,0.01067,0.49,,1593.6,45500,1,0.01431,ok
ucr,063_UCR_Anomaly_DISTORTEDgaitHunt2_18500_31200_31850,DISTORTEDgaitHunt2,,chronos_base_resid,default,,0.01348,0.01537,0.67329,0.01021,1.09,,1824.4,45500,1,0.01431,ok
ucr,063_UCR_Anomaly_DISTORTEDgaitHunt2_18500_31200_31850,DISTORTEDgaitHunt2,,chronos_base_quantile,default,,0.01305,0.01506,0.65356,0.00355,1.09,,1824.4,45500,1,0.01431,ok
ucr,063_UCR_Anomaly_DISTORTEDgaitHunt2_18500_31200_31850,DISTORTEDgaitHunt2,,timesfm_resid,default,,0.01424,0.0164,0.67061,0.01553,16.08,,1901.4,45500,1,0.01431,ok
ucr,063_UCR_Anomaly_DISTORTEDgaitHunt2_18500_31200_31850,DISTORTEDgaitHunt2,,timesfm_quantile,default,,0.01314,0.01519,0.79739,0.00436,16.08,,1901.4,45500,1,0.01431,ok
ucr,064_UCR_Anomaly_DISTORTEDgaitHunt3_23400_38400_39200,DISTORTEDgaitHunt3,,chronos_small_resid,default,,0.02208,0.02567,0.73488,0.02732,0.7,,1593.6,40600,1,0.01973,ok
ucr,064_UCR_Anomaly_DISTORTEDgaitHunt3_23400_38400_39200,DISTORTEDgaitHunt3,,chronos_small_quantile,default,,0.01854,0.02122,0.72365,0.02098,0.7,,1593.6,40600,1,0.01973,ok
ucr,064_UCR_Anomaly_DISTORTEDgaitHunt3_23400_38400_39200,DISTORTEDgaitHunt3,,chronos_base_resid,default,,0.02125,0.02467,0.84242,0.02472,1.14,,1824.4,40600,1,0.01973,ok
ucr,064_UCR_Anomaly_DISTORTEDgaitHunt3_23400_38400_39200,DISTORTEDgaitHunt3,,chronos_base_quantile,default,,0.01851,0.02147,0.7559,0.01639,1.14,,1824.4,40600,1,0.01973,ok
ucr,064_UCR_Anomaly_DISTORTEDgaitHunt3_23400_38400_39200,DISTORTEDgaitHunt3,,timesfm_resid,default,,0.02499,0.02911,0.81693,0.04908,13.65,,1901.4,40600,1,0.01973,ok
ucr,064_UCR_Anomaly_DISTORTEDgaitHunt3_23400_38400_39200,DISTORTEDgaitHunt3,,timesfm_quantile,default,,0.01892,0.02189,0.75726,0.02181,13.65,,1901.4,40600,1,0.01973,ok
ucr,065_UCR_Anomaly_DISTORTEDinsectEPG1_3000_7000_7030,DISTORTEDinsectEPG1,,chronos_small_resid,default,,0.00433,0.00662,0.71474,0.00571,0.13,,1509.7,7001,1,0.00443,ok
ucr,065_UCR_Anomaly_DISTORTEDinsectEPG1_3000_7000_7030,DISTORTEDinsectEPG1,,chronos_small_quantile,default,,0.00439,0.0063,0.69393,0.00533,0.13,,1509.7,7001,1,0.00443,ok
ucr,065_UCR_Anomaly_DISTORTEDinsectEPG1_3000_7000_7030,DISTORTEDinsectEPG1,,chronos_base_resid,default,,0.00486,0.00688,0.70595,0.00648,0.25,,1612.4,7001,1,0.00443,ok
ucr,065_UCR_Anomaly_DISTORTEDinsectEPG1_3000_7000_7030,DISTORTEDinsectEPG1,,chronos_base_quantile,default,,0.0045,0.00682,0.79832,0.00299,0.25,,1612.4,7001,1,0.00443,ok
ucr,065_UCR_Anomaly_DISTORTEDinsectEPG1_3000_7000_7030,DISTORTEDinsectEPG1,,timesfm_resid,default,,0.00649,0.00802,0.72303,0.00891,2.63,,1901.4,7001,1,0.00443,ok
ucr,065_UCR_Anomaly_DISTORTEDinsectEPG1_3000_7000_7030,DISTORTEDinsectEPG1,,timesfm_quantile,default,,0.00471,0.0066,0.67415,0.00757,2.63,,1901.4,7001,1,0.00443,ok
ucr,066_UCR_Anomaly_DISTORTEDinsectEPG2_3700_8000_8025,DISTORTEDinsectEPG2,,chronos_small_resid,default,,0.01051,0.01456,0.94216,0.024,0.15,,1503.6,6298,1,0.00413,ok
ucr,066_UCR_Anomaly_DISTORTEDinsectEPG2_3700_8000_8025,DISTORTEDinsectEPG2,,chronos_small_quantile,default,,0.04203,0.04084,0.7632,0.07847,0.15,,1503.6,6298,1,0.00413,ok
ucr,066_UCR_Anomaly_DISTORTEDinsectEPG2_3700_8000_8025,DISTORTEDinsectEPG2,,chronos_base_resid,default,,0.01473,0.01512,0.78356,0.03711,0.23,,1598.6,6298,1,0.00413,ok
ucr,066_UCR_Anomaly_DISTORTEDinsectEPG2_3700_8000_8025,DISTORTEDinsectEPG2,,chronos_base_quantile,default,,0.01675,0.0167,0.66814,0.04149,0.23,,1598.6,6298,1,0.00413,ok
ucr,066_UCR_Anomaly_DISTORTEDinsectEPG2_3700_8000_8025,DISTORTEDinsectEPG2,,timesfm_resid,default,,0.01698,0.01565,0.68521,0.03885,2.68,,1901.4,6298,1,0.00413,ok
ucr,066_UCR_Anomaly_DISTORTEDinsectEPG2_3700_8000_8025,DISTORTEDinsectEPG2,,timesfm_quantile,default,,0.0124,0.01182,0.67156,0.03211,2.68,,1901.4,6298,1,0.00413,ok
ucr,067_UCR_Anomaly_DISTORTEDinsectEPG3_5200_7000_7050,DISTORTEDinsectEPG3,,chronos_small_resid,default,,0.01028,0.01365,0.63795,0.00372,0.12,,1490.2,4798,1,0.01063,ok
ucr,067_UCR_Anomaly_DISTORTEDinsectEPG3_5200_7000_7050,DISTORTEDinsectEPG3,,chronos_small_quantile,default,,0.00947,0.01405,0.68348,0.00948,0.12,,1490.2,4798,1,0.01063,ok
ucr,067_UCR_Anomaly_DISTORTEDinsectEPG3_5200_7000_7050,DISTORTEDinsectEPG3,,chronos_base_resid,default,,0.01171,0.01546,0.69393,0.01328,0.23,,1558.1,4798,1,0.01063,ok
ucr,067_UCR_Anomaly_DISTORTEDinsectEPG3_5200_7000_7050,DISTORTEDinsectEPG3,,chronos_base_quantile,default,,0.01095,0.01546,0.70924,0.01486,0.23,,1558.1,4798,1,0.01063,ok
ucr,067_UCR_Anomaly_DISTORTEDinsectEPG3_5200_7000_7050,DISTORTEDinsectEPG3,,timesfm_resid,default,,0.00998,0.01411,0.76899,0.01119,2.66,,1901.4,4798,1,0.01063,ok
ucr,067_UCR_Anomaly_DISTORTEDinsectEPG3_5200_7000_7050,DISTORTEDinsectEPG3,,timesfm_quantile,default,,0.01006,0.01499,0.82261,0.00522,2.66,,1901.4,4798,1,0.01063,ok
ucr,068_UCR_Anomaly_DISTORTEDinsectEPG4_1300_6508_6558,DISTORTEDinsectEPG4,,chronos_small_resid,default,,0.00669,0.0091,0.68721,0.00922,0.15,,1525.8,8698,1,0.00586,ok
ucr,068_UCR_Anomaly_DISTORTEDinsectEPG4_1300_6508_6558,DISTORTEDinsectEPG4,,chronos_small_quantile,default,,0.01097,0.01115,0.69274,0.02464,0.15,,1525.8,8698,1,0.00586,ok
ucr,068_UCR_Anomaly_DISTORTEDinsectEPG4_1300_6508_6558,DISTORTEDinsectEPG4,,chronos_base_resid,default,,0.0084,0.01038,0.71684,0.02038,0.27,,1648.6,8698,1,0.00586,ok
ucr,068_UCR_Anomaly_DISTORTEDinsectEPG4_1300_6508_6558,DISTORTEDinsectEPG4,,chronos_base_quantile,default,,0.03462,0.02439,0.80278,0.08333,0.27,,1648.6,8698,1,0.00586,ok
ucr,068_UCR_Anomaly_DISTORTEDinsectEPG4_1300_6508_6558,DISTORTEDinsectEPG4,,timesfm_resid,default,,0.01084,0.01059,0.74647,0.03335,3.95,,1901.4,8698,1,0.00586,ok
ucr,068_UCR_Anomaly_DISTORTEDinsectEPG4_1300_6508_6558,DISTORTEDinsectEPG4,,timesfm_quantile,default,,0.00741,0.00978,0.67563,0.01857,3.95,,1901.4,8698,1,0.00586,ok
ucr,069_UCR_Anomaly_DISTORTEDinsectEPG5_3200_8500_8501,DISTORTEDinsectEPG5,,chronos_small_resid,default,,0.00029,0.00058,0.85237,0.0,0.19,,1508.7,6828,1,0.00029,ok
ucr,069_UCR_Anomaly_DISTORTEDinsectEPG5_3200_8500_8501,DISTORTEDinsectEPG5,,chronos_small_quantile,default,,0.00029,0.00057,0.97528,0.0,0.19,,1508.7,6828,1,0.00029,ok
ucr,069_UCR_Anomaly_DISTORTEDinsectEPG5_3200_8500_8501,DISTORTEDinsectEPG5,,chronos_base_resid,default,,0.0004,0.00061,0.73735,0.0,0.29,,1605.0,6828,1,0.00029,ok
ucr,069_UCR_Anomaly_DISTORTEDinsectEPG5_3200_8500_8501,DISTORTEDinsectEPG5,,chronos_base_quantile,default,,0.00029,0.00059,0.67973,0.0,0.29,,1605.0,6828,1,0.00029,ok
ucr,069_UCR_Anomaly_DISTORTEDinsectEPG5_3200_8500_8501,DISTORTEDinsectEPG5,,timesfm_resid,default,,0.00121,0.00132,0.91318,0.00282,2.8,,1901.4,6828,1,0.00029,ok
ucr,069_UCR_Anomaly_DISTORTEDinsectEPG5_3200_8500_8501,DISTORTEDinsectEPG5,,timesfm_quantile,default,,0.00122,0.00117,0.66665,0.00304,2.8,,1901.4,6828,1,0.00029,ok
ucr,070_UCR_Anomaly_DISTORTEDltstdbs30791AI_17555_52600_52800,DISTORTEDltstdbs30791AI,,chronos_small_resid,default,,0.01446,0.01565,0.75468,0.03478,0.51,,1593.6,38568,1,0.00521,ok
ucr,070_UCR_Anomaly_DISTORTEDltstdbs30791AI_17555_52600_52800,DISTORTEDltstdbs30791AI,,chronos_small_quantile,default,,0.00542,0.00796,0.73726,0.00471,0.51,,1593.6,38568,1,0.00521,ok
ucr,070_UCR_Anomaly_DISTORTEDltstdbs30791AI_17555_52600_52800,DISTORTEDltstdbs30791AI,,chronos_base_resid,default,,0.01598,0.01855,0.72016,0.03866,1.04,,1824.4,38568,1,0.00521,ok
ucr,070_UCR_Anomaly_DISTORTEDltstdbs30791AI_17555_52600_52800,DISTORTEDltstdbs30791AI,,chronos_base_quantile,default,,0.00606,0.00844,0.68319,0.00982,1.04,,1824.4,38568,1,0.00521,ok
ucr,070_UCR_Anomaly_DISTORTEDltstdbs30791AI_17555_52600_52800,DISTORTEDltstdbs30791AI,,timesfm_resid,default,,0.0582,0.03617,0.81997,0.15761,13.41,,1901.4,38568,1,0.00521,ok
ucr,070_UCR_Anomaly_DISTORTEDltstdbs30791AI_17555_52600_52800,DISTORTEDltstdbs30791AI,,timesfm_quantile,default,,0.00977,0.01114,0.67739,0.02391,13.41,,1901.4,38568,1,0.00521,ok
ucr,071_UCR_Anomaly_DISTORTEDltstdbs30791AS_23000_52600_52800,DISTORTEDltstdbs30791AS,,chronos_small_resid,default,,0.24288,0.09454,0.99898,0.38265,0.36,,1593.6,32000,1,0.00628,ok
ucr,071_UCR_Anomaly_DISTORTEDltstdbs30791AS_23000_52600_52800,DISTORTEDltstdbs30791AS,,chronos_small_quantile,default,,0.0077,0.00995,0.7359,0.03274,0.36,,1593.6,32000,1,0.00628,ok
ucr,071_UCR_Anomaly_DISTORTEDltstdbs30791AS_23000_52600_52800,DISTORTEDltstdbs30791AS,,chronos_base_resid,default,,0.27574,0.09402,0.99897,0.38236,0.74,,1824.4,32000,1,0.00628,ok
ucr,071_UCR_Anomaly_DISTORTEDltstdbs30791AS_23000_52600_52800,DISTORTEDltstdbs30791AS,,chronos_base_quantile,default,,0.00814,0.01036,0.70084,0.01627,0.74,,1824.4,32000,1,0.00628,ok
ucr,071_UCR_Anomaly_DISTORTEDltstdbs30791AS_23000_52600_52800,DISTORTEDltstdbs30791AS,,timesfm_resid,default,,0.09804,0.04697,0.85537,0.24079,10.55,,1901.4,32000,1,0.00628,ok
ucr,071_UCR_Anomaly_DISTORTEDltstdbs30791AS_23000_52600_52800,DISTORTEDltstdbs30791AS,,timesfm_quantile,default,,0.07923,0.02842,0.96478,0.18584,10.55,,1901.4,32000,1,0.00628,ok
ucr,072_UCR_Anomaly_DISTORTEDltstdbs30791ES_20000_52600_52800,DISTORTEDltstdbs30791ES,,chronos_small_resid,default,,0.0075,0.00997,0.7578,0.01569,0.47,,1593.6,35000,1,0.00574,ok
ucr,072_UCR_Anomaly_DISTORTEDltstdbs30791ES_20000_52600_52800,DISTORTEDltstdbs30791ES,,chronos_small_quantile,default,,0.00546,0.00819,0.67562,0.00208,0.47,,1593.6,35000,1,0.00574,ok
ucr,072_UCR_Anomaly_DISTORTEDltstdbs30791ES_20000_52600_52800,DISTORTEDltstdbs30791ES,,chronos_base_resid,default,,0.00766,0.01034,0.77686,0.01739,0.97,,1824.4,35000,1,0.00574,ok
ucr,072_UCR_Anomaly_DISTORTEDltstdbs30791ES_20000_52600_52800,DISTORTEDltstdbs30791ES,,chronos_base_quantile,default,,0.0056,0.0084,0.66528,0.0028,0.97,,1824.4,35000,1,0.00574,ok
ucr,072_UCR_Anomaly_DISTORTEDltstdbs30791ES_20000_52600_52800,DISTORTEDltstdbs30791ES,,timesfm_resid,default,,0.01372,0.0185,0.728,0.03032,12.22,,1901.4,35000,1,0.00574,ok
ucr,072_UCR_Anomaly_DISTORTEDltstdbs30791ES_20000_52600_52800,DISTORTEDltstdbs30791ES,,timesfm_quantile,default,,0.0134,0.01508,0.74745,0.02935,12.22,,1901.4,35000,1,0.00574,ok
ucr,073_UCR_Anomaly_DISTORTEDpark3m_60000_72150_72495,DISTORTEDpark3m,,chronos_small_resid,default,,0.01639,0.01848,0.69998,0.04044,0.36,,1593.6,30000,1,0.01153,ok
ucr,073_UCR_Anomaly_DISTORTEDpark3m_60000_72150_72495,DISTORTEDpark3m,,chronos_small_quantile,default,,0.01218,0.01531,0.72929,0.01652,0.36,,1593.6,30000,1,0.01153,ok
ucr,073_UCR_Anomaly_DISTORTEDpark3m_60000_72150_72495,DISTORTEDpark3m,,chronos_base_resid,default,,0.04304,0.01919,0.92747,0.20679,0.74,,1824.4,30000,1,0.01153,ok
ucr,073_UCR_Anomaly_DISTORTEDpark3m_60000_72150_72495,DISTORTEDpark3m,,chronos_base_quantile,default,,0.01097,0.01402,0.74964,0.00485,0.74,,1824.4,30000,1,0.01153,ok
ucr,073_UCR_Anomaly_DISTORTEDpark3m_60000_72150_72495,DISTORTEDpark3m,,timesfm_resid,default,,0.01778,0.01781,0.71694,0.04197,11.75,,1901.4,30000,1,0.01153,ok
ucr,073_UCR_Anomaly_DISTORTEDpark3m_60000_72150_72495,DISTORTEDpark3m,,timesfm_quantile,default,,0.01206,0.01495,0.69492,0.01487,11.75,,1901.4,30000,1,0.01153,ok
ucr,074_UCR_Anomaly_DISTORTEDqtdbSel1005V_4000_12400_12800,DISTORTEDqtdbSel1005V,,chronos_small_resid,default,,0.01129,0.01474,0.65324,0.01006,0.36,,1593.6,32001,1,0.01253,ok
ucr,074_UCR_Anomaly_DISTORTEDqtdbSel1005V_4000_12400_12800,DISTORTEDqtdbSel1005V,,chronos_small_quantile,default,,0.01332,0.01785,0.66822,0.01818,0.36,,1593.6,32001,1,0.01253,ok
ucr,074_UCR_Anomaly_DISTORTEDqtdbSel1005V_4000_12400_12800,DISTORTEDqtdbSel1005V,,chronos_base_resid,default,,0.01092,0.01464,0.65269,0.00495,0.81,,1824.4,32001,1,0.01253,ok
ucr,074_UCR_Anomaly_DISTORTEDqtdbSel1005V_4000_12400_12800,DISTORTEDqtdbSel1005V,,chronos_base_quantile,default,,0.01489,0.02024,0.76188,0.02322,0.81,,1824.4,32001,1,0.01253,ok
ucr,074_UCR_Anomaly_DISTORTEDqtdbSel1005V_4000_12400_12800,DISTORTEDqtdbSel1005V,,timesfm_resid,default,,0.01327,0.01738,0.67237,0.01545,10.62,,1901.4,32001,1,0.01253,ok
ucr,074_UCR_Anomaly_DISTORTEDqtdbSel1005V_4000_12400_12800,DISTORTEDqtdbSel1005V,,timesfm_quantile,default,,0.01395,0.01723,0.67544,0.02502,10.62,,1901.4,32001,1,0.01253,ok
ucr,075_UCR_Anomaly_DISTORTEDqtdbSel100MLII_4000_13400_13800,DISTORTEDqtdbSel100MLII,,chronos_small_resid,default,,0.01247,0.01688,0.66212,0.00539,0.33,,1593.6,26000,1,0.01542,ok
ucr,075_UCR_Anomaly_DISTORTEDqtdbSel100MLII_4000_13400_13800,DISTORTEDqtdbSel100MLII,,chronos_small_quantile,default,,0.01528,0.01968,0.68483,0.01064,0.33,,1593.6,26000,1,0.01542,ok
ucr,075_UCR_Anomaly_DISTORTEDqtdbSel100MLII_4000_13400_13800,DISTORTEDqtdbSel100MLII,,chronos_base_resid,default,,0.01209,0.01639,0.67421,0.00617,0.57,,1824.4,26000,1,0.01542,ok
ucr,075_UCR_Anomaly_DISTORTEDqtdbSel100MLII_4000_13400_13800,DISTORTEDqtdbSel100MLII,,chronos_base_quantile,default,,0.01532,0.0195,0.68793,0.0089,0.57,,1824.4,26000,1,0.01542,ok
ucr,075_UCR_Anomaly_DISTORTEDqtdbSel100MLII_4000_13400_13800,DISTORTEDqtdbSel100MLII,,timesfm_resid,default,,0.01409,0.0207,0.69153,0.01544,9.96,,1901.4,26000,1,0.01542,ok
ucr,075_UCR_Anomaly_DISTORTEDqtdbSel100MLII_4000_13400_13800,DISTORTEDqtdbSel100MLII,,timesfm_quantile,default,,0.0157,0.02048,0.73452,0.01667,9.96,,1901.4,26000,1,0.01542,ok
ucr,076_UCR_Anomaly_DISTORTEDresperation10_48000_130700_131880,DISTORTEDresperation10,,chronos_small_resid,default,,0.01056,0.01088,0.79916,0.01608,1.57,,1593.6,147000,1,0.00803,ok
ucr,076_UCR_Anomaly_DISTORTEDresperation10_48000_130700_131880,DISTORTEDresperation10,,chronos_small_quantile,default,,0.00814,0.00868,0.68464,0.01079,1.57,,1593.6,147000,1,0.00803,ok
ucr,076_UCR_Anomaly_DISTORTEDresperation10_48000_130700_131880,DISTORTEDresperation10,,chronos_base_resid,default,,0.01074,0.01095,0.68078,0.02531,3.45,,1824.4,147000,1,0.00803,ok
ucr,076_UCR_Anomaly_DISTORTEDresperation10_48000_130700_131880,DISTORTEDresperation10,,chronos_base_quantile,default,,0.00962,0.01006,0.67407,0.02289,3.45,,1824.4,147000,1,0.00803,ok
ucr,076_UCR_Anomaly_DISTORTEDresperation10_48000_130700_131880,DISTORTEDresperation10,,timesfm_resid,default,,0.01182,0.01178,0.66973,0.02975,49.93,,1901.4,147000,1,0.00803,ok
ucr,076_UCR_Anomaly_DISTORTEDresperation10_48000_130700_131880,DISTORTEDresperation10,,timesfm_quantile,default,,0.0161,0.01375,0.67072,0.03318,49.93,,1901.4,147000,1,0.00803,ok
ucr,077_UCR_Anomaly_DISTORTEDresperation11_58000_110800_110801,DISTORTEDresperation11,,chronos_small_resid,default,,0.01702,0.00343,0.85455,0.00525,1.53,,1593.6,137000,1,1e-05,ok
ucr,077_UCR_Anomaly_DISTORTEDresperation11_58000_110800_110801,DISTORTEDresperation11,,chronos_small_quantile,default,,0.83333,0.29193,0.77811,0.05634,1.53,,1593.6,137000,1,1e-05,ok
ucr,077_UCR_Anomaly_DISTORTEDresperation11_58000_110800_110801,DISTORTEDresperation11,,chronos_base_resid,default,,0.02017,0.00344,0.80807,0.01691,2.75,,1824.4,137000,1,1e-05,ok
ucr,077_UCR_Anomaly_DISTORTEDresperation11_58000_110800_110801,DISTORTEDresperation11,,chronos_base_quantile,default,,0.64286,0.2922,0.67365,0.05634,2.75,,1824.4,137000,1,1e-05,ok
ucr,077_UCR_Anomaly_DISTORTEDresperation11_58000_110800_110801,DISTORTEDresperation11,,timesfm_resid,default,,0.00218,0.0016,0.72852,0.00275,46.06,,1901.4,137000,1,1e-05,ok
ucr,077_UCR_Anomaly_DISTORTEDresperation11_58000_110800_110801,DISTORTEDresperation11,,timesfm_quantile,default,,0.00011,0.00021,0.83121,0.00021,46.06,,1901.4,137000,1,1e-05,ok
ucr,078_UCR_Anomaly_DISTORTEDresperation1_100000_110260_110412,DISTORTEDresperation1,,chronos_small_resid,default,,0.00113,0.00169,0.67268,0.00035,1.17,,1593.6,100000,1,0.00153,ok
ucr,078_UCR_Anomaly_DISTORTEDresperation1_100000_110260_110412,DISTORTEDresperation1,,chronos_small_quantile,default,,0.00151,0.00218,0.68381,0.00019,1.17,,1593.6,100000,1,0.00153,ok
ucr,078_UCR_Anomaly_DISTORTEDresperation1_100000_110260_110412,DISTORTEDresperation1,,chronos_base_resid,default,,0.00114,0.0017,0.74674,0.00141,2.59,,1824.4,100000,1,0.00153,ok
ucr,078_UCR_Anomaly_DISTORTEDresperation1_100000_110260_110412,DISTORTEDresperation1,,chronos_base_quantile,default,,0.0015,0.00219,0.71467,0.00047,2.59,,1824.4,100000,1,0.00153,ok
ucr,078_UCR_Anomaly_DISTORTEDresperation1_100000_110260_110412,DISTORTEDresperation1,,timesfm_resid,default,,0.00104,0.00163,0.71929,0.0,34.22,,1901.4,100000,1,0.00153,ok
ucr,078_UCR_Anomaly_DISTORTEDresperation1_100000_110260_110412,DISTORTEDresperation1,,timesfm_quantile,default,,0.00151,0.00222,0.7184,8e-05,34.22,,1901.4,100000,1,0.00153,ok
ucr,079_UCR_Anomaly_DISTORTEDresperation2_30000_168250_168250,DISTORTEDresperation2,,chronos_small_resid,default,,1e-05,1e-05,0.65402,0.0,1.86,,1593.6,170051,1,1e-05,ok
ucr,079_UCR_Anomaly_DISTORTEDresperation2_30000_168250_168250,DISTORTEDresperation2,,chronos_small_quantile,default,,1e-05,2e-05,0.65665,0.0,1.86,,1593.6,170051,1,1e-05,ok
ucr,079_UCR_Anomaly_DISTORTEDresperation2_30000_168250_168250,DISTORTEDresperation2,,chronos_base_resid,default,,1e-05,1e-05,0.65188,0.0,3.41,,1824.4,170051,1,1e-05,ok
ucr,079_UCR_Anomaly_DISTORTEDresperation2_30000_168250_168250,DISTORTEDresperation2,,chronos_base_quantile,default,,1e-05,2e-05,0.65626,0.0,3.41,,1824.4,170051,1,1e-05,ok
ucr,079_UCR_Anomaly_DISTORTEDresperation2_30000_168250_168250,DISTORTEDresperation2,,timesfm_resid,default,,1e-05,2e-05,0.63429,0.0,56.53,,1901.4,170051,1,1e-05,ok
ucr,079_UCR_Anomaly_DISTORTEDresperation2_30000_168250_168250,DISTORTEDresperation2,,timesfm_quantile,default,,1e-05,2e-05,0.63864,0.0,56.53,,1901.4,170051,1,1e-05,ok
ucr,080_UCR_Anomaly_DISTORTEDresperation2_30000_168250_168251,DISTORTEDresperation2,,chronos_small_resid,default,,1e-05,2e-05,0.65698,0.0,2.26,,1593.6,160050,1,1e-05,ok
ucr,080_UCR_Anomaly_DISTORTEDresperation2_30000_168250_168251,DISTORTEDresperation2,,chronos_small_quantile,default,,1e-05,2e-05,0.65815,0.0,2.26,,1593.6,160050,1,1e-05,ok
ucr,080_UCR_Anomaly_DISTORTEDresperation2_30000_168250_168251,DISTORTEDresperation2,,chronos_base_resid,default,,1e-05,2e-05,0.64667,0.0,3.55,,1824.4,160050,1,1e-05,ok
ucr,080_UCR_Anomaly_DISTORTEDresperation2_30000_168250_168251,DISTORTEDresperation2,,chronos_base_quantile,default,,1e-05,2e-05,0.64844,0.0,3.55,,1824.4,160050,1,1e-05,ok
ucr,080_UCR_Anomaly_DISTORTEDresperation2_30000_168250_168251,DISTORTEDresperation2,,timesfm_resid,default,,1e-05,2e-05,0.63756,0.0,54.35,,1901.4,160050,1,1e-05,ok
ucr,080_UCR_Anomaly_DISTORTEDresperation2_30000_168250_168251,DISTORTEDresperation2,,timesfm_quantile,default,,1e-05,2e-05,0.64555,0.0,54.35,,1901.4,160050,1,1e-05,ok
ucr,081_UCR_Anomaly_DISTORTEDresperation3_45000_158250_158251,DISTORTEDresperation3,,chronos_small_resid,default,,2e-05,3e-05,0.66741,0.0,1.6,,1593.6,145100,1,1e-05,ok
ucr,081_UCR_Anomaly_DISTORTEDresperation3_45000_158250_158251,DISTORTEDresperation3,,chronos_small_quantile,default,,1e-05,3e-05,0.66381,0.0,1.6,,1593.6,145100,1,1e-05,ok
ucr,081_UCR_Anomaly_DISTORTEDresperation3_45000_158250_158251,DISTORTEDresperation3,,chronos_base_resid,default,,2e-05,3e-05,0.65993,0.0,3.53,,1824.4,145100,1,1e-05,ok
ucr,081_UCR_Anomaly_DISTORTEDresperation3_45000_158250_158251,DISTORTEDresperation3,,chronos_base_quantile,default,,1e-05,3e-05,0.65791,0.0,3.53,,1824.4,145100,1,1e-05,ok
ucr,081_UCR_Anomaly_DISTORTEDresperation3_45000_158250_158251,DISTORTEDresperation3,,timesfm_resid,default,,2e-05,3e-05,0.64807,0.0,48.12,,1901.4,145100,1,1e-05,ok
ucr,081_UCR_Anomaly_DISTORTEDresperation3_45000_158250_158251,DISTORTEDresperation3,,timesfm_quantile,default,,1e-05,3e-05,0.64711,0.0,48.12,,1901.4,145100,1,1e-05,ok
ucr,082_UCR_Anomaly_DISTORTEDresperation4_70000_128430_128431,DISTORTEDresperation4,,chronos_small_resid,default,,2e-05,2e-05,0.81816,0.0,1.58,,1593.6,125250,1,2e-05,ok
ucr,082_UCR_Anomaly_DISTORTEDresperation4_70000_128430_128431,DISTORTEDresperation4,,chronos_small_quantile,default,,2e-05,3e-05,0.7314,0.0,1.58,,1593.6,125250,1,2e-05,ok
ucr,082_UCR_Anomaly_DISTORTEDresperation4_70000_128430_128431,DISTORTEDresperation4,,chronos_base_resid,default,,2e-05,3e-05,0.85973,0.0,2.9,,1824.4,125250,1,2e-05,ok
ucr,082_UCR_Anomaly_DISTORTEDresperation4_70000_128430_128431,DISTORTEDresperation4,,chronos_base_quantile,default,,2e-05,3e-05,0.72818,0.0,2.9,,1824.4,125250,1,2e-05,ok
ucr,082_UCR_Anomaly_DISTORTEDresperation4_70000_128430_128431,DISTORTEDresperation4,,timesfm_resid,default,,2e-05,3e-05,0.82122,0.0,44.38,,1901.4,125250,1,2e-05,ok
ucr,082_UCR_Anomaly_DISTORTEDresperation4_70000_128430_128431,DISTORTEDresperation4,,timesfm_quantile,default,,2e-05,3e-05,0.86476,0.0,44.38,,1901.4,125250,1,2e-05,ok
ucr,083_UCR_Anomaly_DISTORTEDresperation9_38000_143411_143511,DISTORTEDresperation9,,chronos_small_resid,default,,0.00121,0.00157,0.66131,0.00253,1.75,,1593.6,157000,1,0.00064,ok
ucr,083_UCR_Anomaly_DISTORTEDresperation9_38000_143411_143511,DISTORTEDresperation9,,chronos_small_quantile,default,,0.00111,0.00134,0.68241,0.00182,1.75,,1593.6,157000,1,0.00064,ok
ucr,083_UCR_Anomaly_DISTORTEDresperation9_38000_143411_143511,DISTORTEDresperation9,,chronos_base_resid,default,,0.00098,0.00149,0.7306,0.00149,3.76,,1824.4,157000,1,0.00064,ok
ucr,083_UCR_Anomaly_DISTORTEDresperation9_38000_143411_143511,DISTORTEDresperation9,,chronos_base_quantile,default,,0.00113,0.00144,0.68286,0.00252,3.76,,1824.4,157000,1,0.00064,ok
ucr,083_UCR_Anomaly_DISTORTEDresperation9_38000_143411_143511,DISTORTEDresperation9,,timesfm_resid,default,,0.00114,0.00146,0.74,0.00233,51.84,,1901.4,157000,1,0.00064,ok
ucr,083_UCR_Anomaly_DISTORTEDresperation9_38000_143411_143511,DISTORTEDresperation9,,timesfm_quantile,default,,0.0033,0.00235,0.64746,0.01398,51.84,,1901.4,157000,1,0.00064,ok
ucr,084_UCR_Anomaly_DISTORTEDs20101mML2_12000_35774_35874,DISTORTEDs20101mML2,,chronos_small_resid,default,,0.01505,0.01693,0.68622,0.07997,0.6,,1593.6,28000,1,0.00361,ok
ucr,084_UCR_Anomaly_DISTORTEDs20101mML2_12000_35774_35874,DISTORTEDs20101mML2,,chronos_small_quantile,default,,0.00896,0.00985,0.6766,0.02275,0.6,,1593.6,28000,1,0.00361,ok
ucr,084_UCR_Anomaly_DISTORTEDs20101mML2_12000_35774_35874,DISTORTEDs20101mML2,,chronos_base_resid,default,,0.01308,0.01521,0.67522,0.03172,0.93,,1824.4,28000,1,0.00361,ok
ucr,084_UCR_Anomaly_DISTORTEDs20101mML2_12000_35774_35874,DISTORTEDs20101mML2,,chronos_base_quantile,default,,0.01607,0.01465,0.66781,0.03573,0.93,,1824.4,28000,1,0.00361,ok
ucr,084_UCR_Anomaly_DISTORTEDs20101mML2_12000_35774_35874,DISTORTEDs20101mML2,,timesfm_resid,default,,0.03514,0.02306,0.67852,0.09525,9.57,,1901.4,28000,1,0.00361,ok
ucr,084_UCR_Anomaly_DISTORTEDs20101mML2_12000_35774_35874,DISTORTEDs20101mML2,,timesfm_quantile,default,,0.13432,0.05711,0.77103,0.2497,9.57,,1901.4,28000,1,0.00361,ok
ucr,085_UCR_Anomaly_DISTORTEDs20101m_10000_35774_35874,DISTORTEDs20101m,,chronos_small_resid,default,,0.00604,0.00674,0.67467,0.03422,0.33,,1593.6,30000,1,0.00337,ok
ucr,085_UCR_Anomaly_DISTORTEDs20101m_10000_35774_35874,DISTORTEDs20101m,,chronos_small_quantile,default,,0.00376,0.00579,0.6717,0.00602,0.33,,1593.6,30000,1,0.00337,ok
ucr,085_UCR_Anomaly_DISTORTEDs20101m_10000_35774_35874,DISTORTEDs20101m,,chronos_base_resid,default,,0.00852,0.00586,0.67592,0.06143,0.69,,1824.4,30000,1,0.00337,ok
ucr,085_UCR_Anomaly_DISTORTEDs20101m_10000_35774_35874,DISTORTEDs20101m,,chronos_base_quantile,default,,0.0037,0.0055,0.84094,0.00793,0.69,,1824.4,30000,1,0.00337,ok
ucr,085_UCR_Anomaly_DISTORTEDs20101m_10000_35774_35874,DISTORTEDs20101m,,timesfm_resid,default,,0.0127,0.00869,0.64856,0.06633,10.94,,1901.4,30000,1,0.00337,ok
ucr,085_UCR_Anomaly_DISTORTEDs20101m_10000_35774_35874,DISTORTEDs20101m,,timesfm_quantile,default,,0.03122,0.01769,0.70789,0.06993,10.94,,1901.4,30000,1,0.00337,ok
ucr,086_UCR_Anomaly_DISTORTEDsddb49_20000_67950_68200,DISTORTEDsddb49,,chronos_small_resid,default,,0.01636,0.01569,0.82979,0.04799,0.68,,1593.6,60000,1,0.00418,ok
ucr,086_UCR_Anomaly_DISTORTEDsddb49_20000_67950_68200,DISTORTEDsddb49,,chronos_small_quantile,default,,0.00914,0.0096,0.68126,0.02297,0.68,,1593.6,60000,1,0.00418,ok
ucr,086_UCR_Anomaly_DISTORTEDsddb49_20000_67950_68200,DISTORTEDsddb49,,chronos_base_resid,default,,0.04183,0.02253,0.88297,0.06225,1.51,,1824.4,60000,1,0.00418,ok
ucr,086_UCR_Anomaly_DISTORTEDsddb49_20000_67950_68200,DISTORTEDsddb49,,chronos_base_quantile,default,,0.01137,0.01132,0.67611,0.03121,1.51,,1824.4,60000,1,0.00418,ok
ucr,086_UCR_Anomaly_DISTORTEDsddb49_20000_67950_68200,DISTORTEDsddb49,,timesfm_resid,default,,0.04565,0.02577,0.71044,0.13576,20.14,,1901.4,60000,1,0.00418,ok
ucr,086_UCR_Anomaly_DISTORTEDsddb49_20000_67950_68200,DISTORTEDsddb49,,timesfm_quantile,default,,0.02092,0.018,0.64654,0.05854,20.14,,1901.4,60000,1,0.00418,ok
ucr,087_UCR_Anomaly_DISTORTEDsel840mECG1_17000_51370_51740,DISTORTEDsel840mECG1,,chronos_small_resid,default,,0.02107,0.01758,0.80312,0.0982,0.51,,1593.6,43000,1,0.00863,ok
ucr,087_UCR_Anomaly_DISTORTEDsel840mECG1_17000_51370_51740,DISTORTEDsel840mECG1,,chronos_small_quantile,default,,0.0081,0.01043,0.84496,0.00203,0.51,,1593.6,43000,1,0.00863,ok
ucr,087_UCR_Anomaly_DISTORTEDsel840mECG1_17000_51370_51740,DISTORTEDsel840mECG1,,chronos_base_resid,default,,0.03836,0.03076,0.79602,0.12729,1.08,,1824.4,43000,1,0.00863,ok
ucr,087_UCR_Anomaly_DISTORTEDsel840mECG1_17000_51370_51740,DISTORTEDsel840mECG1,,chronos_base_quantile,default,,0.00868,0.01115,0.74174,0.00602,1.08,,1824.4,43000,1,0.00863,ok
ucr,087_UCR_Anomaly_DISTORTEDsel840mECG1_17000_51370_51740,DISTORTEDsel840mECG1,,timesfm_resid,default,,0.01364,0.01764,0.76026,0.02666,16.54,,1901.4,43000,1,0.00863,ok
ucr,087_UCR_Anomaly_DISTORTEDsel840mECG1_17000_51370_51740,DISTORTEDsel840mECG1,,timesfm_quantile,default,,0.01008,0.01346,0.6597,0.01405,16.54,,1901.4,43000,1,0.00863,ok
ucr,088_UCR_Anomaly_DISTORTEDsel840mECG2_20000_49370_49740,DISTORTEDsel840mECG2,,chronos_small_resid,default,,0.01459,0.01681,0.67727,0.03191,0.68,,1593.6,37001,1,0.01003,ok
ucr,088_UCR_Anomaly_DISTORTEDsel840mECG2_20000_49370_49740,DISTORTEDsel840mECG2,,chronos_small_quantile,default,,0.00932,0.01206,0.68365,0.00441,0.68,,1593.6,37001,1,0.01003,ok
ucr,088_UCR_Anomaly_DISTORTEDsel840mECG2_20000_49370_49740,DISTORTEDsel840mECG2,,chronos_base_resid,default,,0.01298,0.01551,0.67568,0.0193,1.02,,1824.4,37001,1,0.01003,ok
ucr,088_UCR_Anomaly_DISTORTEDsel840mECG2_20000_49370_49740,DISTORTEDsel840mECG2,,chronos_base_quantile,default,,0.00945,0.01212,0.6689,0.00334,1.02,,1824.4,37001,1,0.01003,ok
ucr,088_UCR_Anomaly_DISTORTEDsel840mECG2_20000_49370_49740,DISTORTEDsel840mECG2,,timesfm_resid,default,,0.01783,0.02056,0.67442,0.03934,13.34,,1901.4,37001,1,0.01003,ok
ucr,088_UCR_Anomaly_DISTORTEDsel840mECG2_20000_49370_49740,DISTORTEDsel840mECG2,,timesfm_quantile,default,,0.01182,0.01509,0.67056,0.02062,13.34,,1901.4,37001,1,0.01003,ok
ucr,089_UCR_Anomaly_DISTORTEDtiltAPB1_100000_114283_114350,DISTORTEDtiltAPB1,,chronos_small_resid,default,,0.00385,0.0054,0.69048,0.00652,0.41,,1593.6,30001,1,0.00227,ok
ucr,089_UCR_Anomaly_DISTORTEDtiltAPB1_100000_114283_114350,DISTORTEDtiltAPB1,,chronos_small_quantile,default,,0.0025,0.00337,0.66752,0.00361,0.41,,1593.6,30001,1,0.00227,ok
ucr,089_UCR_Anomaly_DISTORTEDtiltAPB1_100000_114283_114350,DISTORTEDtiltAPB1,,chronos_base_resid,default,,0.00906,0.01161,0.69122,0.02311,0.83,,1824.4,30001,1,0.00227,ok
ucr,089_UCR_Anomaly_DISTORTEDtiltAPB1_100000_114283_114350,DISTORTEDtiltAPB1,,chronos_base_quantile,default,,0.01162,0.01182,0.67832,0.03055,0.83,,1824.4,30001,1,0.00227,ok
ucr,089_UCR_Anomaly_DISTORTEDtiltAPB1_100000_114283_114350,DISTORTEDtiltAPB1,,timesfm_resid,default,,0.01749,0.01646,0.65828,0.05411,10.64,,1901.4,30001,1,0.00227,ok
ucr,089_UCR_Anomaly_DISTORTEDtiltAPB1_100000_114283_114350,DISTORTEDtiltAPB1,,timesfm_quantile,default,,0.00636,0.00739,0.65695,0.0182,10.64,,1901.4,30001,1,0.00227,ok
ucr,090_UCR_Anomaly_DISTORTEDtiltAPB2_50000_124159_124985,DISTORTEDtiltAPB2,,chronos_small_resid,default,,0.01148,0.01246,0.69771,0.01235,0.87,,1593.6,78767,1,0.0105,ok
ucr,090_UCR_Anomaly_DISTORTEDtiltAPB2_50000_124159_124985,DISTORTEDtiltAPB2,,chronos_small_quantile,default,,0.0127,0.01342,0.78528,0.01641,0.87,,1593.6,78767,1,0.0105,ok
ucr,090_UCR_Anomaly_DISTORTEDtiltAPB2_50000_124159_124985,DISTORTEDtiltAPB2,,chronos_base_resid,default,,0.01117,0.01231,0.6364,0.01368,1.73,,1824.4,78767,1,0.0105,ok
ucr,090_UCR_Anomaly_DISTORTEDtiltAPB2_50000_124159_124985,DISTORTEDtiltAPB2,,chronos_base_quantile,default,,0.01014,0.01124,0.75929,0.01139,1.73,,1824.4,78767,1,0.0105,ok
ucr,090_UCR_Anomaly_DISTORTEDtiltAPB2_50000_124159_124985,DISTORTEDtiltAPB2,,timesfm_resid,default,,0.01696,0.01865,0.66283,0.02467,26.51,,1901.4,78767,1,0.0105,ok
ucr,090_UCR_Anomaly_DISTORTEDtiltAPB2_50000_124159_124985,DISTORTEDtiltAPB2,,timesfm_quantile,default,,0.01087,0.01247,0.73002,0.0128,26.51,,1901.4,78767,1,0.0105,ok
ucr,091_UCR_Anomaly_DISTORTEDtiltAPB3_40000_114000_114370,DISTORTEDtiltAPB3,,chronos_small_resid,default,,0.00349,0.00459,0.71407,0.00324,1.12,,1593.6,89489,1,0.00415,ok
ucr,091_UCR_Anomaly_DISTORTEDtiltAPB3_40000_114000_114370,DISTORTEDtiltAPB3,,chronos_small_quantile,default,,0.0037,0.00474,0.78278,0.00146,1.12,,1593.6,89489,1,0.00415,ok
ucr,091_UCR_Anomaly_DISTORTEDtiltAPB3_40000_114000_114370,DISTORTEDtiltAPB3,,chronos_base_resid,default,,0.00308,0.00398,0.64689,0.00108,1.94,,1824.4,89489,1,0.00415,ok
ucr,091_UCR_Anomaly_DISTORTEDtiltAPB3_40000_114000_114370,DISTORTEDtiltAPB3,,chronos_base_quantile,default,,0.00414,0.0053,0.76404,0.00513,1.94,,1824.4,89489,1,0.00415,ok
ucr,091_UCR_Anomaly_DISTORTEDtiltAPB3_40000_114000_114370,DISTORTEDtiltAPB3,,timesfm_resid,default,,0.00389,0.00497,0.65195,0.0037,28.64,,1901.4,89489,1,0.00415,ok
ucr,091_UCR_Anomaly_DISTORTEDtiltAPB3_40000_114000_114370,DISTORTEDtiltAPB3,,timesfm_quantile,default,,0.00378,0.00499,0.70054,0.00331,28.64,,1901.4,89489,1,0.00415,ok
ucr,092_UCR_Anomaly_DISTORTEDtiltAPB4_20000_67995_67996,DISTORTEDtiltAPB4,,chronos_small_resid,default,,0.00191,0.00193,0.8254,0.00349,1.35,,1593.6,108001,1,2e-05,ok
ucr,092_UCR_Anomaly_DISTORTEDtiltAPB4_20000_67995_67996,DISTORTEDtiltAPB4,,chronos_small_quantile,default,,0.00018,0.00024,0.80968,0.00046,1.35,,1593.6,108001,1,2e-05,ok
ucr,092_UCR_Anomaly_DISTORTEDtiltAPB4_20000_67995_67996,DISTORTEDtiltAPB4,,chronos_base_resid,default,,0.00159,0.00186,0.8334,0.00349,3.39,,1824.4,108001,1,2e-05,ok
ucr,092_UCR_Anomaly_DISTORTEDtiltAPB4_20000_67995_67996,DISTORTEDtiltAPB4,,chronos_base_quantile,default,,0.00027,0.00032,0.76472,0.00066,3.39,,1824.4,108001,1,2e-05,ok
ucr,092_UCR_Anomaly_DISTORTEDtiltAPB4_20000_67995_67996,DISTORTEDtiltAPB4,,timesfm_resid,default,,0.00045,0.00083,0.74135,0.00103,41.08,,1901.4,108001,1,2e-05,ok
ucr,092_UCR_Anomaly_DISTORTEDtiltAPB4_20000_67995_67996,DISTORTEDtiltAPB4,,timesfm_quantile,default,,0.00034,0.00063,0.69774,0.00073,41.08,,1901.4,108001,1,2e-05,ok
ucr,093_UCR_Anomaly_NOISE1sddb40_35000_52000_52620,NOISE1sddb40,,chronos_small_resid,default,,0.01767,0.02103,0.67414,0.02368,0.51,,1593.6,44795,1,0.01386,ok
ucr,093_UCR_Anomaly_NOISE1sddb40_35000_52000_52620,NOISE1sddb40,,chronos_small_quantile,default,,0.01345,0.01549,0.66604,0.00745,0.51,,1593.6,44795,1,0.01386,ok
ucr,093_UCR_Anomaly_NOISE1sddb40_35000_52000_52620,NOISE1sddb40,,chronos_base_resid,default,,0.01877,0.02149,0.6738,0.02298,1.4,,1824.4,44795,1,0.01386,ok
ucr,093_UCR_Anomaly_NOISE1sddb40_35000_52000_52620,NOISE1sddb40,,chronos_base_quantile,default,,0.01436,0.01649,0.67132,0.02106,1.4,,1824.4,44795,1,0.01386,ok
ucr,093_UCR_Anomaly_NOISE1sddb40_35000_52000_52620,NOISE1sddb40,,timesfm_resid,default,,0.02461,0.0301,0.68372,0.0491,14.48,,1901.4,44795,1,0.01386,ok
ucr,093_UCR_Anomaly_NOISE1sddb40_35000_52000_52620,NOISE1sddb40,,timesfm_quantile,default,,0.01712,0.02092,0.71105,0.02966,14.48,,1901.4,44795,1,0.01386,ok
ucr,094_UCR_Anomaly_NOISEBIDMC1_2500_5400_5600,NOISEBIDMC1,,chronos_small_resid,default,,0.12276,0.08938,0.98954,0.28248,0.15,,1525.3,8500,1,0.02365,ok
ucr,094_UCR_Anomaly_NOISEBIDMC1_2500_5400_5600,NOISEBIDMC1,,chronos_small_quantile,default,,0.13943,0.13684,0.98985,0.27966,0.15,,1525.3,8500,1,0.02365,ok
ucr,094_UCR_Anomaly_NOISEBIDMC1_2500_5400_5600,NOISEBIDMC1,,chronos_base_resid,default,,0.13135,0.10275,0.98954,0.29745,0.25,,1646.5,8500,1,0.02365,ok
ucr,094_UCR_Anomaly_NOISEBIDMC1_2500_5400_5600,NOISEBIDMC1,,chronos_base_quantile,default,,0.1443,0.12649,0.98975,0.28462,0.25,,1646.5,8500,1,0.02365,ok
ucr,094_UCR_Anomaly_NOISEBIDMC1_2500_5400_5600,NOISEBIDMC1,,timesfm_resid,default,,0.17696,0.21094,0.99571,0.3086,4.22,,1901.4,8500,1,0.02365,ok
ucr,094_UCR_Anomaly_NOISEBIDMC1_2500_5400_5600,NOISEBIDMC1,,timesfm_quantile,default,,0.1406,0.12484,0.99433,0.25,4.22,,1901.4,8500,1,0.02365,ok
ucr,095_UCR_Anomaly_NOISECIMIS44AirTemperature4_4000_5549_5597,NOISECIMIS44AirTemperature4,,chronos_small_resid,default,,0.08655,0.07358,0.78902,0.20057,0.17,,1485.1,4184,1,0.01171,ok
ucr,095_UCR_Anomaly_NOISECIMIS44AirTemperature4_4000_5549_5597,NOISECIMIS44AirTemperature4,,chronos_small_quantile,default,,0.09194,0.07387,0.79201,0.21474,0.17,,1485.1,4184,1,0.01171,ok
ucr,095_UCR_Anomaly_NOISECIMIS44AirTemperature4_4000_5549_5597,NOISECIMIS44AirTemperature4,,chronos_base_resid,default,,0.06649,0.05478,0.74226,0.14951,0.23,,1546.7,4184,1,0.01171,ok
ucr,095_UCR_Anomaly_NOISECIMIS44AirTemperature4_4000_5549_5597,NOISECIMIS44AirTemperature4,,chronos_base_quantile,default,,0.09382,0.06625,0.81936,0.2036,0.23,,1546.7,4184,1,0.01171,ok
ucr,095_UCR_Anomaly_NOISECIMIS44AirTemperature4_4000_5549_5597,NOISECIMIS44AirTemperature4,,timesfm_resid,default,,0.21316,0.13078,0.99752,0.45522,3.0,,1901.4,4184,1,0.01171,ok
ucr,095_UCR_Anomaly_NOISECIMIS44AirTemperature4_4000_5549_5597,NOISECIMIS44AirTemperature4,,timesfm_quantile,default,,0.32718,0.18745,0.99842,0.5002,3.0,,1901.4,4184,1,0.01171,ok
ucr,096_UCR_Anomaly_NOISEECG4_5000_16900_17100,NOISEECG4,,chronos_small_resid,default,,0.03203,0.02896,0.74252,0.12353,0.4,,1593.6,25000,1,0.00804,ok
ucr,096_UCR_Anomaly_NOISEECG4_5000_16900_17100,NOISEECG4,,chronos_small_quantile,default,,0.01169,0.01451,0.73219,0.02857,0.4,,1593.6,25000,1,0.00804,ok
ucr,096_UCR_Anomaly_NOISEECG4_5000_16900_17100,NOISEECG4,,chronos_base_resid,default,,0.02799,0.0286,0.68886,0.06488,0.73,,1824.4,25000,1,0.00804,ok
ucr,096_UCR_Anomaly_NOISEECG4_5000_16900_17100,NOISEECG4,,chronos_base_quantile,default,,0.00948,0.01303,0.76793,0.0199,0.73,,1824.4,25000,1,0.00804,ok
ucr,096_UCR_Anomaly_NOISEECG4_5000_16900_17100,NOISEECG4,,timesfm_resid,default,,0.03108,0.03087,0.89325,0.13215,9.65,,1901.4,25000,1,0.00804,ok
ucr,096_UCR_Anomaly_NOISEECG4_5000_16900_17100,NOISEECG4,,timesfm_quantile,default,,0.01698,0.01776,0.92601,0.04282,9.65,,1901.4,25000,1,0.00804,ok
ucr,097_UCR_Anomaly_NOISEGP711MarkerLFM5z3_5000_5948_5993,NOISEGP711MarkerLFM5z3,,chronos_small_resid,default,,0.00719,0.01402,0.70009,0.00619,0.14,,1509.7,7000,1,0.00657,ok
ucr,097_UCR_Anomaly_NOISEGP711MarkerLFM5z3_5000_5948_5993,NOISEGP711MarkerLFM5z3,,chronos_small_quantile,default,,0.00602,0.00905,0.682,0.00229,0.14,,1509.7,7000,1,0.00657,ok
ucr,097_UCR_Anomaly_NOISEGP711MarkerLFM5z3_5000_5948_5993,NOISEGP711MarkerLFM5z3,,chronos_base_resid,default,,0.00769,0.01563,0.69633,0.00822,0.23,,1612.4,7000,1,0.00657,ok
ucr,097_UCR_Anomaly_NOISEGP711MarkerLFM5z3_5000_5948_5993,NOISEGP711MarkerLFM5z3,,chronos_base_quantile,default,,0.00619,0.0092,0.68121,0.0035,0.23,,1612.4,7000,1,0.00657,ok
ucr,097_UCR_Anomaly_NOISEGP711MarkerLFM5z3_5000_5948_5993,NOISEGP711MarkerLFM5z3,,timesfm_resid,default,,0.08043,0.05292,0.7704,0.18827,2.6,,1901.4,7000,1,0.00657,ok
ucr,097_UCR_Anomaly_NOISEGP711MarkerLFM5z3_5000_5948_5993,NOISEGP711MarkerLFM5z3,,timesfm_quantile,default,,0.03597,0.02859,0.71249,0.11775,2.6,,1901.4,7000,1,0.00657,ok
ucr,098_UCR_Anomaly_NOISEInternalBleeding16_1200_4187_4199,NOISEInternalBleeding16,,chronos_small_resid,default,,0.00182,0.00241,0.68997,0.00068,0.14,,1503.6,6301,1,0.00206,ok
ucr,098_UCR_Anomaly_NOISEInternalBleeding16_1200_4187_4199,NOISEInternalBleeding16,,chronos_small_quantile,default,,0.0028,0.0033,0.69734,0.00452,0.14,,1503.6,6301,1,0.00206,ok
ucr,098_UCR_Anomaly_NOISEInternalBleeding16_1200_4187_4199,NOISEInternalBleeding16,,chronos_base_resid,default,,0.00223,0.00297,0.79321,0.00248,0.23,,1598.6,6301,1,0.00206,ok
ucr,098_UCR_Anomaly_NOISEInternalBleeding16_1200_4187_4199,NOISEInternalBleeding16,,chronos_base_quantile,default,,0.00192,0.00285,0.71237,0.00159,0.23,,1598.6,6301,1,0.00206,ok
ucr,098_UCR_Anomaly_NOISEInternalBleeding16_1200_4187_4199,NOISEInternalBleeding16,,timesfm_resid,default,,0.01034,0.00874,0.77172,0.0248,2.68,,1901.4,6301,1,0.00206,ok
ucr,098_UCR_Anomaly_NOISEInternalBleeding16_1200_4187_4199,NOISEInternalBleeding16,,timesfm_quantile,default,,0.00349,0.00377,0.72049,0.00664,2.68,,1901.4,6301,1,0.00206,ok
ucr,099_UCR_Anomaly_NOISEInternalBleeding6_1500_3474_3629,NOISEInternalBleeding6,,chronos_small_resid,default,,0.04034,0.04568,0.69344,0.06246,0.14,,1502.4,6154,1,0.02535,ok
ucr,099_UCR_Anomaly_NOISEInternalBleeding6_1500_3474_3629,NOISEInternalBleeding6,,chronos_small_quantile,default,,0.0444,0.0482,0.68654,0.10493,0.14,,1502.4,6154,1,0.02535,ok
ucr,099_UCR_Anomaly_NOISEInternalBleeding6_1500_3474_3629,NOISEInternalBleeding6,,chronos_base_resid,default,,0.15566,0.10724,0.90802,0.31677,0.24,,1590.3,6154,1,0.02535,ok
ucr,099_UCR_Anomaly_NOISEInternalBleeding6_1500_3474_3629,NOISEInternalBleeding6,,chronos_base_quantile,default,,0.06622,0.06623,0.71261,0.15929,0.24,,1590.3,6154,1,0.02535,ok
ucr,099_UCR_Anomaly_NOISEInternalBleeding6_1500_3474_3629,NOISEInternalBleeding6,,timesfm_resid,default,,0.32667,0.23407,0.99274,0.48787,2.68,,1901.4,6154,1,0.02535,ok
ucr,099_UCR_Anomaly_NOISEInternalBleeding6_1500_3474_3629,NOISEInternalBleeding6,,timesfm_quantile,default,,0.34435,0.24297,0.99264,0.49638,2.68,,1901.4,6154,1,0.02535,ok
ucr,100_UCR_Anomaly_NOISELab2Cmac011215EPG1_5000_17210_17260,NOISELab2Cmac011215EPG1,,chronos_small_resid,default,,0.14717,0.02837,0.89706,0.19047,0.32,,1593.6,25001,1,0.00204,ok
ucr,100_UCR_Anomaly_NOISELab2Cmac011215EPG1_5000_17210_17260,NOISELab2Cmac011215EPG1,,chronos_small_quantile,default,,0.12862,0.03091,0.87435,0.18345,0.32,,1593.6,25001,1,0.00204,ok
ucr,100_UCR_Anomaly_NOISELab2Cmac011215EPG1_5000_17210_17260,NOISELab2Cmac011215EPG1,,chronos_base_resid,default,,0.15284,0.03142,0.90995,0.20073,0.67,,1824.4,25001,1,0.00204,ok
ucr,100_UCR_Anomaly_NOISELab2Cmac011215EPG1_5000_17210_17260,NOISELab2Cmac011215EPG1,,chronos_base_quantile,default,,0.21862,0.06164,0.95037,0.27581,0.67,,1824.4,25001,1,0.00204,ok
ucr,100_UCR_Anomaly_NOISELab2Cmac011215EPG1_5000_17210_17260,NOISELab2Cmac011215EPG1,,timesfm_resid,default,,0.15548,0.03592,0.77946,0.2184,9.58,,1901.4,25001,1,0.00204,ok
ucr,100_UCR_Anomaly_NOISELab2Cmac011215EPG1_5000_17210_17260,NOISELab2Cmac011215EPG1,,timesfm_quantile,default,,0.1071,0.04352,0.73454,0.21202,9.58,,1901.4,25001,1,0.00204,ok
ucr,101_UCR_Anomaly_NOISELab2Cmac011215EPG4_6000_17390_17520,NOISELab2Cmac011215EPG4,,chronos_small_resid,default,,0.00499,0.00755,0.72266,0.00507,0.32,,1593.6,24066,1,0.00544,ok
ucr,101_UCR_Anomaly_NOISELab2Cmac011215EPG4_6000_17390_17520,NOISELab2Cmac011215EPG4,,chronos_small_quantile,default,,0.00535,0.00822,0.75129,0.00623,0.32,,1593.6,24066,1,0.00544,ok
ucr,101_UCR_Anomaly_NOISELab2Cmac011215EPG4_6000_17390_17520,NOISELab2Cmac011215EPG4,,chronos_base_resid,default,,0.00482,0.00758,0.71183,0.00437,0.6,,1824.4,24066,1,0.00544,ok
ucr,101_UCR_Anomaly_NOISELab2Cmac011215EPG4_6000_17390_17520,NOISELab2Cmac011215EPG4,,chronos_base_quantile,default,,0.0048,0.00769,0.83813,0.00402,0.6,,1824.4,24066,1,0.00544,ok
ucr,101_UCR_Anomaly_NOISELab2Cmac011215EPG4_6000_17390_17520,NOISELab2Cmac011215EPG4,,timesfm_resid,default,,0.00616,0.0083,0.67678,0.00731,7.7,,1901.4,24066,1,0.00544,ok
ucr,101_UCR_Anomaly_NOISELab2Cmac011215EPG4_6000_17390_17520,NOISELab2Cmac011215EPG4,,timesfm_quantile,default,,0.00538,0.00786,0.67615,0.00628,7.7,,1901.4,24066,1,0.00544,ok
ucr,102_UCR_Anomaly_NOISEMesoplodonDensirostris_10000_19280_19440,NOISEMesoplodonDensirostris,,chronos_small_resid,default,,0.05358,0.02974,0.92791,0.17565,0.3,,1578.1,14667,1,0.01098,ok
ucr,102_UCR_Anomaly_NOISEMesoplodonDensirostris_10000_19280_19440,NOISEMesoplodonDensirostris,,chronos_small_quantile,default,,0.01375,0.01782,0.78527,0.02874,0.3,,1578.1,14667,1,0.01098,ok
ucr,102_UCR_Anomaly_NOISEMesoplodonDensirostris_10000_19280_19440,NOISEMesoplodonDensirostris,,chronos_base_resid,default,,0.0431,0.02586,0.94462,0.17701,0.5,,1797.3,14667,1,0.01098,ok
ucr,102_UCR_Anomaly_NOISEMesoplodonDensirostris_10000_19280_19440,NOISEMesoplodonDensirostris,,chronos_base_quantile,default,,0.01316,0.01737,0.7509,0.03077,0.5,,1797.3,14667,1,0.01098,ok
ucr,102_UCR_Anomaly_NOISEMesoplodonDensirostris_10000_19280_19440,NOISEMesoplodonDensirostris,,timesfm_resid,default,,0.05507,0.02977,0.97526,0.22603,5.15,,1901.4,14667,1,0.01098,ok
ucr,102_UCR_Anomaly_NOISEMesoplodonDensirostris_10000_19280_19440,NOISEMesoplodonDensirostris,,timesfm_quantile,default,,0.06392,0.0337,0.97407,0.22182,5.15,,1901.4,14667,1,0.01098,ok
ucr,103_UCR_Anomaly_NOISETkeepThirdMARS_3500_4711_4809,NOISETkeepThirdMARS,,chronos_small_resid,default,,0.12076,0.07472,0.94226,0.26921,0.13,,1517.7,7808,1,0.01268,ok
ucr,103_UCR_Anomaly_NOISETkeepThirdMARS_3500_4711_4809,NOISETkeepThirdMARS,,chronos_small_quantile,default,,0.02702,0.03493,0.66716,0.05984,0.13,,1517.7,7808,1,0.01268,ok
ucr,103_UCR_Anomaly_NOISETkeepThirdMARS_3500_4711_4809,NOISETkeepThirdMARS,,chronos_base_resid,default,,0.52385,0.34056,0.99726,0.69247,0.26,,1628.6,7808,1,0.01268,ok
ucr,103_UCR_Anomaly_NOISETkeepThirdMARS_3500_4711_4809,NOISETkeepThirdMARS,,chronos_base_quantile,default,,0.04295,0.03835,0.71914,0.1325,0.26,,1628.6,7808,1,0.01268,ok
ucr,103_UCR_Anomaly_NOISETkeepThirdMARS_3500_4711_4809,NOISETkeepThirdMARS,,timesfm_resid,default,,0.10813,0.13256,0.9643,0.26294,3.18,,1901.4,7808,1,0.01268,ok
ucr,103_UCR_Anomaly_NOISETkeepThirdMARS_3500_4711_4809,NOISETkeepThirdMARS,,timesfm_quantile,default,,0.06,0.05449,0.96529,0.15495,3.18,,1901.4,7808,1,0.01268,ok
ucr,104_UCR_Anomaly_NOISEapneaecg4_6000_16000_16100,NOISEapneaecg4,,chronos_small_resid,default,,0.0022,0.00347,0.66319,0.00064,0.47,,1593.6,32269,1,0.00313,ok
ucr,104_UCR_Anomaly_NOISEapneaecg4_6000_16000_16100,NOISEapneaecg4,,chronos_small_quantile,default,,0.00307,0.00456,0.68764,0.00015,0.47,,1593.6,32269,1,0.00313,ok
ucr,104_UCR_Anomaly_NOISEapneaecg4_6000_16000_16100,NOISEapneaecg4,,chronos_base_resid,default,,0.0023,0.00361,0.66229,0.00066,0.75,,1824.4,32269,1,0.00313,ok
ucr,104_UCR_Anomaly_NOISEapneaecg4_6000_16000_16100,NOISEapneaecg4,,chronos_base_quantile,default,,0.00305,0.00456,0.67665,0.00029,0.75,,1824.4,32269,1,0.00313,ok
ucr,104_UCR_Anomaly_NOISEapneaecg4_6000_16000_16100,NOISEapneaecg4,,timesfm_resid,default,,0.00227,0.00354,0.66613,0.00027,11.0,,1901.4,32269,1,0.00313,ok
ucr,104_UCR_Anomaly_NOISEapneaecg4_6000_16000_16100,NOISEapneaecg4,,timesfm_quantile,default,,0.00307,0.00453,0.68237,0.00017,11.0,,1901.4,32269,1,0.00313,ok
ucr,105_UCR_Anomaly_NOISEgait3_24500_59900_60500,NOISEgait3,,chronos_small_resid,default,,0.02384,0.02481,0.79606,0.07282,0.51,,1593.6,40500,1,0.01484,ok
ucr,105_UCR_Anomaly_NOISEgait3_24500_59900_60500,NOISEgait3,,chronos_small_quantile,default,,0.01799,0.02063,0.71665,0.02536,0.51,,1593.6,40500,1,0.01484,ok
ucr,105_UCR_Anomaly_NOISEgait3_24500_59900_60500,NOISEgait3,,chronos_base_resid,default,,0.01899,0.02033,0.7817,0.0528,1.04,,1824.4,40500,1,0.01484,ok
ucr,105_UCR_Anomaly_NOISEgait3_24500_59900_60500,NOISEgait3,,chronos_base_quantile,default,,0.02152,0.02493,0.70841,0.0492,1.04,,1824.4,40500,1,0.01484,ok
ucr,105_UCR_Anomaly_NOISEgait3_24500_59900_60500,NOISEgait3,,timesfm_resid,default,,0.01372,0.01709,0.78767,0.01531,16.51,,1901.4,40500,1,0.01484,ok
ucr,105_UCR_Anomaly_NOISEgait3_24500_59900_60500,NOISEgait3,,timesfm_quantile,default,,0.01378,0.01614,0.72208,0.00622,16.51,,1901.4,40500,1,0.01484,ok
ucr,106_UCR_Anomaly_NOISEgaitHunt2_18500_31200_31850,NOISEgaitHunt2,,chronos_small_resid,default,,0.02092,0.02325,0.74701,0.03628,0.73,,1593.6,45500,1,0.01431,ok
ucr,106_UCR_Anomaly_NOISEgaitHunt2_18500_31200_31850,NOISEgaitHunt2,,chronos_small_quantile,default,,0.01637,0.01861,0.73831,0.02348,0.73,,1593.6,45500,1,0.01431,ok
ucr,106_UCR_Anomaly_NOISEgaitHunt2_18500_31200_31850,NOISEgaitHunt2,,chronos_base_resid,default,,0.02815,0.0284,0.70636,0.05026,1.29,,1824.4,45500,1,0.01431,ok
ucr,106_UCR_Anomaly_NOISEgaitHunt2_18500_31200_31850,NOISEgaitHunt2,,chronos_base_quantile,default,,0.01504,0.0171,0.67412,0.01905,1.29,,1824.4,45500,1,0.01431,ok
ucr,106_UCR_Anomaly_NOISEgaitHunt2_18500_31200_31850,NOISEgaitHunt2,,timesfm_resid,default,,0.01321,0.01656,0.66587,0.01309,22.07,,1901.4,45500,1,0.01431,ok
ucr,106_UCR_Anomaly_NOISEgaitHunt2_18500_31200_31850,NOISEgaitHunt2,,timesfm_quantile,default,,0.01392,0.01771,0.88092,0.0072,22.07,,1901.4,45500,1,0.01431,ok
ucr,107_UCR_Anomaly_NOISEinsectEPG3_5200_7000_7050,NOISEinsectEPG3,,chronos_small_resid,default,,0.00817,0.01199,0.62761,0.00248,0.13,,1490.2,4798,1,0.01063,ok
ucr,107_UCR_Anomaly_NOISEinsectEPG3_5200_7000_7050,NOISEinsectEPG3,,chronos_small_quantile,default,,0.0093,0.01399,0.6197,0.00183,0.13,,1490.2,4798,1,0.01063,ok
ucr,107_UCR_Anomaly_NOISEinsectEPG3_5200_7000_7050,NOISEinsectEPG3,,chronos_base_resid,default,,0.00952,0.01348,0.66896,0.00353,0.27,,1558.1,4798,1,0.01063,ok
ucr,107_UCR_Anomaly_NOISEinsectEPG3_5200_7000_7050,NOISEinsectEPG3,,chronos_base_quantile,default,,0.00979,0.0147,0.64844,0.00386,0.27,,1558.1,4798,1,0.01063,ok
ucr,107_UCR_Anomaly_NOISEinsectEPG3_5200_7000_7050,NOISEinsectEPG3,,timesfm_resid,default,,0.00852,0.01255,0.70454,0.00899,3.43,,1901.4,4798,1,0.01063,ok
ucr,107_UCR_Anomaly_NOISEinsectEPG3_5200_7000_7050,NOISEinsectEPG3,,timesfm_quantile,default,,0.00985,0.01473,0.75627,0.00348,3.43,,1901.4,4798,1,0.01063,ok
ucr,108_UCR_Anomaly_NOISEresperation2_30000_168250_168250,NOISEresperation2,,chronos_small_resid,default,,1e-05,1e-05,0.65493,0.0,2.5,,1593.6,170051,1,1e-05,ok
ucr,108_UCR_Anomaly_NOISEresperation2_30000_168250_168250,NOISEresperation2,,chronos_small_quantile,default,,1e-05,2e-05,0.67019,0.0,2.5,,1593.6,170051,1,1e-05,ok
ucr,108_UCR_Anomaly_NOISEresperation2_30000_168250_168250,NOISEresperation2,,chronos_base_resid,default,,1e-05,1e-05,0.68422,0.0,4.41,,1824.4,170051,1,1e-05,ok
ucr,108_UCR_Anomaly_NOISEresperation2_30000_168250_168250,NOISEresperation2,,chronos_base_quantile,default,,1e-05,2e-05,0.6754,0.0,4.41,,1824.4,170051,1,1e-05,ok
ucr,108_UCR_Anomaly_NOISEresperation2_30000_168250_168250,NOISEresperation2,,timesfm_resid,default,,1e-05,1e-05,0.68467,0.0,56.96,,1901.4,170051,1,1e-05,ok
ucr,108_UCR_Anomaly_NOISEresperation2_30000_168250_168250,NOISEresperation2,,timesfm_quantile,default,,1e-05,2e-05,0.70797,0.0,56.96,,1901.4,170051,1,1e-05,ok
ucr,109_UCR_Anomaly_1sddb40_35000_52000_52620,1sddb40,,chronos_small_resid,default,,0.01908,0.02265,0.67478,0.02814,0.5,,1593.6,44795,1,0.01386,ok
ucr,109_UCR_Anomaly_1sddb40_35000_52000_52620,1sddb40,,chronos_small_quantile,default,,0.01339,0.01551,0.65896,0.00672,0.5,,1593.6,44795,1,0.01386,ok
ucr,109_UCR_Anomaly_1sddb40_35000_52000_52620,1sddb40,,chronos_base_resid,default,,0.0198,0.0232,0.67547,0.03156,1.26,,1824.4,44795,1,0.01386,ok
ucr,109_UCR_Anomaly_1sddb40_35000_52000_52620,1sddb40,,chronos_base_quantile,default,,0.01334,0.01559,0.66023,0.00712,1.26,,1824.4,44795,1,0.01386,ok
ucr,109_UCR_Anomaly_1sddb40_35000_52000_52620,1sddb40,,timesfm_resid,default,,0.02147,0.02645,0.74971,0.03319,14.52,,1901.4,44795,1,0.01386,ok
ucr,109_UCR_Anomaly_1sddb40_35000_52000_52620,1sddb40,,timesfm_quantile,default,,0.01943,0.0225,0.7502,0.03279,14.52,,1901.4,44795,1,0.01386,ok
ucr,110_UCR_Anomaly_2sddb40_35000_56600_56900,2sddb40,,chronos_small_resid,default,,0.00391,0.00583,0.66981,0.0,0.52,,1593.6,45001,1,0.00669,ok
ucr,110_UCR_Anomaly_2sddb40_35000_56600_56900,2sddb40,,chronos_small_quantile,default,,0.00669,0.00921,0.66864,0.0,0.52,,1593.6,45001,1,0.00669,ok
ucr,110_UCR_Anomaly_2sddb40_35000_56600_56900,2sddb40,,chronos_base_resid,default,,0.00396,0.00592,0.79932,0.0,1.15,,1824.4,45001,1,0.00669,ok
ucr,110_UCR_Anomaly_2sddb40_35000_56600_56900,2sddb40,,chronos_base_quantile,default,,0.00661,0.00957,0.67659,0.00044,1.15,,1824.4,45001,1,0.00669,ok
ucr,110_UCR_Anomaly_2sddb40_35000_56600_56900,2sddb40,,timesfm_resid,default,,0.00592,0.00891,0.66897,0.00965,15.03,,1901.4,45001,1,0.00669,ok
ucr,110_UCR_Anomaly_2sddb40_35000_56600_56900,2sddb40,,timesfm_quantile,default,,0.00699,0.01112,0.67681,0.00955,15.03,,1901.4,45001,1,0.00669,ok
ucr,111_UCR_Anomaly_3sddb40_35000_46600_46900,3sddb40,,chronos_small_resid,default,,0.00854,0.01063,0.67073,0.01267,0.5,,1593.6,45000,1,0.00669,ok
ucr,111_UCR_Anomaly_3sddb40_35000_46600_46900,3sddb40,,chronos_small_quantile,default,,0.00651,0.00881,0.66184,0.00374,0.5,,1593.6,45000,1,0.00669,ok
ucr,111_UCR_Anomaly_3sddb40_35000_46600_46900,3sddb40,,chronos_base_resid,default,,0.00935,0.0111,0.67075,0.01715,1.13,,1824.4,45000,1,0.00669,ok
ucr,111_UCR_Anomaly_3sddb40_35000_46600_46900,3sddb40,,chronos_base_quantile,default,,0.00658,0.00903,0.67256,0.00343,1.13,,1824.4,45000,1,0.00669,ok
ucr,111_UCR_Anomaly_3sddb40_35000_46600_46900,3sddb40,,timesfm_resid,default,,0.01324,0.0141,0.69055,0.0329,18.22,,1901.4,45000,1,0.00669,ok
ucr,111_UCR_Anomaly_3sddb40_35000_46600_46900,3sddb40,,timesfm_quantile,default,,0.00806,0.00964,0.66734,0.01143,18.22,,1901.4,45000,1,0.00669,ok
ucr,112_UCR_Anomaly_BIDMC1_2500_5400_5600,BIDMC1,,chronos_small_resid,default,,0.12497,0.09709,0.98931,0.27518,0.15,,1525.3,8500,1,0.02365,ok
ucr,112_UCR_Anomaly_BIDMC1_2500_5400_5600,BIDMC1,,chronos_small_quantile,default,,0.14085,0.0984,0.99005,0.27172,0.15,,1525.3,8500,1,0.02365,ok
ucr,112_UCR_Anomaly_BIDMC1_2500_5400_5600,BIDMC1,,chronos_base_resid,default,,0.12046,0.09167,0.98931,0.27801,0.34,,1646.5,8500,1,0.02365,ok
ucr,112_UCR_Anomaly_BIDMC1_2500_5400_5600,BIDMC1,,chronos_base_quantile,default,,0.06562,0.05938,0.8555,0.18671,0.34,,1646.5,8500,1,0.02365,ok
ucr,112_UCR_Anomaly_BIDMC1_2500_5400_5600,BIDMC1,,timesfm_resid,default,,0.17798,0.21807,0.98931,0.31237,5.37,,1901.4,8500,1,0.02365,ok
ucr,112_UCR_Anomaly_BIDMC1_2500_5400_5600,BIDMC1,,timesfm_quantile,default,,0.15254,0.12282,0.99576,0.26952,5.37,,1901.4,8500,1,0.02365,ok
ucr,113_UCR_Anomaly_CIMIS44AirTemperature1_4000_5391_5392,CIMIS44AirTemperature1,,chronos_small_resid,default,,0.00051,0.00205,0.78609,0.0,0.13,,1485.1,4184,1,0.00048,ok
ucr,113_UCR_Anomaly_CIMIS44AirTemperature1_4000_5391_5392,CIMIS44AirTemperature1,,chronos_small_quantile,default,,0.00048,0.00115,0.75427,0.0,0.13,,1485.1,4184,1,0.00048,ok
ucr,113_UCR_Anomaly_CIMIS44AirTemperature1_4000_5391_5392,CIMIS44AirTemperature1,,chronos_base_resid,default,,0.00038,0.00254,0.74606,0.0,0.23,,1546.7,4184,1,0.00048,ok
ucr,113_UCR_Anomaly_CIMIS44AirTemperature1_4000_5391_5392,CIMIS44AirTemperature1,,chronos_base_quantile,default,,0.00048,0.00122,0.69935,0.0,0.23,,1546.7,4184,1,0.00048,ok
ucr,113_UCR_Anomaly_CIMIS44AirTemperature1_4000_5391_5392,CIMIS44AirTemperature1,,timesfm_resid,default,,0.00052,0.00275,0.77382,0.0,2.91,,1901.4,4184,1,0.00048,ok
ucr,113_UCR_Anomaly_CIMIS44AirTemperature1_4000_5391_5392,CIMIS44AirTemperature1,,timesfm_quantile,default,,0.00048,0.00132,0.78067,0.0,2.91,,1901.4,4184,1,0.00048,ok
ucr,114_UCR_Anomaly_CIMIS44AirTemperature2_4000_5703_5727,CIMIS44AirTemperature2,,chronos_small_resid,default,,0.11839,0.0885,0.802,0.25419,0.13,,1485.1,4184,1,0.00598,ok
ucr,114_UCR_Anomaly_CIMIS44AirTemperature2_4000_5703_5727,CIMIS44AirTemperature2,,chronos_small_quantile,default,,0.42412,0.1676,0.99883,0.4119,0.13,,1485.1,4184,1,0.00598,ok
ucr,114_UCR_Anomaly_CIMIS44AirTemperature2_4000_5703_5727,CIMIS44AirTemperature2,,chronos_base_resid,default,,0.1283,0.09658,0.74763,0.24339,0.24,,1546.7,4184,1,0.00598,ok
ucr,114_UCR_Anomaly_CIMIS44AirTemperature2_4000_5703_5727,CIMIS44AirTemperature2,,chronos_base_quantile,default,,0.39381,0.18432,0.9988,0.42692,0.24,,1546.7,4184,1,0.00598,ok
ucr,114_UCR_Anomaly_CIMIS44AirTemperature2_4000_5703_5727,CIMIS44AirTemperature2,,timesfm_resid,default,,0.25059,0.13849,0.90936,0.32645,3.14,,1901.4,4184,1,0.00598,ok
ucr,114_UCR_Anomaly_CIMIS44AirTemperature2_4000_5703_5727,CIMIS44AirTemperature2,,timesfm_quantile,default,,0.45222,0.21302,0.99883,0.49895,3.14,,1901.4,4184,1,0.00598,ok
ucr,115_UCR_Anomaly_CIMIS44AirTemperature3_4000_6520_6544,CIMIS44AirTemperature3,,chronos_small_resid,default,,0.20702,0.10978,0.82717,0.37016,0.21,,1485.1,4184,1,0.00598,ok
ucr,115_UCR_Anomaly_CIMIS44AirTemperature3_4000_6520_6544,CIMIS44AirTemperature3,,chronos_small_quantile,default,,0.39455,0.15474,0.99884,0.41947,0.21,,1485.1,4184,1,0.00598,ok
ucr,115_UCR_Anomaly_CIMIS44AirTemperature3_4000_6520_6544,CIMIS44AirTemperature3,,chronos_base_resid,default,,0.20706,0.10613,0.82716,0.35507,0.26,,1546.7,4184,1,0.00598,ok
ucr,115_UCR_Anomaly_CIMIS44AirTemperature3_4000_6520_6544,CIMIS44AirTemperature3,,chronos_base_quantile,default,,0.41597,0.17358,0.99884,0.43131,0.26,,1546.7,4184,1,0.00598,ok
ucr,115_UCR_Anomaly_CIMIS44AirTemperature3_4000_6520_6544,CIMIS44AirTemperature3,,timesfm_resid,default,,0.17527,0.0873,0.97421,0.28255,3.27,,1901.4,4184,1,0.00598,ok
ucr,115_UCR_Anomaly_CIMIS44AirTemperature3_4000_6520_6544,CIMIS44AirTemperature3,,timesfm_quantile,default,,0.40335,0.14739,0.99884,0.4106,3.27,,1901.4,4184,1,0.00598,ok
ucr,116_UCR_Anomaly_CIMIS44AirTemperature4_4000_5549_5597,CIMIS44AirTemperature4,,chronos_small_resid,default,,0.10511,0.07312,0.81135,0.22128,0.11,,1485.1,4184,1,0.01171,ok
ucr,116_UCR_Anomaly_CIMIS44AirTemperature4_4000_5549_5597,CIMIS44AirTemperature4,,chronos_small_quantile,default,,0.09834,0.07608,0.8015,0.21857,0.11,,1485.1,4184,1,0.01171,ok
ucr,116_UCR_Anomaly_CIMIS44AirTemperature4_4000_5549_5597,CIMIS44AirTemperature4,,chronos_base_resid,default,,0.08533,0.06031,0.79167,0.20589,0.22,,1546.7,4184,1,0.01171,ok
ucr,116_UCR_Anomaly_CIMIS44AirTemperature4_4000_5549_5597,CIMIS44AirTemperature4,,chronos_base_quantile,default,,0.0712,0.05324,0.72249,0.199,0.22,,1546.7,4184,1,0.01171,ok
ucr,116_UCR_Anomaly_CIMIS44AirTemperature4_4000_5549_5597,CIMIS44AirTemperature4,,timesfm_resid,default,,0.18657,0.11171,0.94341,0.33691,2.68,,1901.4,4184,1,0.01171,ok
ucr,116_UCR_Anomaly_CIMIS44AirTemperature4_4000_5549_5597,CIMIS44AirTemperature4,,timesfm_quantile,default,,0.20295,0.16326,0.89643,0.40179,2.68,,1901.4,4184,1,0.01171,ok
ucr,117_UCR_Anomaly_CIMIS44AirTemperature5_4000_4852_4900,CIMIS44AirTemperature5,,chronos_small_resid,default,,0.09459,0.09587,0.90369,0.23237,0.14,,1485.1,4184,1,0.01171,ok
ucr,117_UCR_Anomaly_CIMIS44AirTemperature5_4000_4852_4900,CIMIS44AirTemperature5,,chronos_small_quantile,default,,0.09268,0.07892,0.96898,0.20757,0.14,,1485.1,4184,1,0.01171,ok
ucr,117_UCR_Anomaly_CIMIS44AirTemperature5_4000_4852_4900,CIMIS44AirTemperature5,,chronos_base_resid,default,,0.06755,0.0762,0.83996,0.15116,0.23,,1546.7,4184,1,0.01171,ok
ucr,117_UCR_Anomaly_CIMIS44AirTemperature5_4000_4852_4900,CIMIS44AirTemperature5,,chronos_base_quantile,default,,0.06533,0.05657,0.79209,0.14336,0.23,,1546.7,4184,1,0.01171,ok
ucr,117_UCR_Anomaly_CIMIS44AirTemperature5_4000_4852_4900,CIMIS44AirTemperature5,,timesfm_resid,default,,0.14394,0.08996,0.99737,0.35057,2.69,,1901.4,4184,1,0.01171,ok
ucr,117_UCR_Anomaly_CIMIS44AirTemperature5_4000_4852_4900,CIMIS44AirTemperature5,,timesfm_quantile,default,,0.04278,0.04372,0.77175,0.11547,2.69,,1901.4,4184,1,0.01171,ok
ucr,118_UCR_Anomaly_CIMIS44AirTemperature6_4000_6006_6054,CIMIS44AirTemperature6,,chronos_small_resid,default,,0.04634,0.08908,0.82504,0.10664,0.13,,1485.1,4184,1,0.01171,ok
ucr,118_UCR_Anomaly_CIMIS44AirTemperature6_4000_6006_6054,CIMIS44AirTemperature6,,chronos_small_quantile,default,,0.10141,0.12384,0.86552,0.21661,0.13,,1485.1,4184,1,0.01171,ok
ucr,118_UCR_Anomaly_CIMIS44AirTemperature6_4000_6006_6054,CIMIS44AirTemperature6,,chronos_base_resid,default,,0.0338,0.07282,0.75945,0.07444,0.23,,1546.7,4184,1,0.01171,ok
ucr,118_UCR_Anomaly_CIMIS44AirTemperature6_4000_6006_6054,CIMIS44AirTemperature6,,chronos_base_quantile,default,,0.08858,0.1266,0.91678,0.25666,0.23,,1546.7,4184,1,0.01171,ok
ucr,118_UCR_Anomaly_CIMIS44AirTemperature6_4000_6006_6054,CIMIS44AirTemperature6,,timesfm_resid,default,,0.03161,0.05363,0.77723,0.06265,2.72,,1901.4,4184,1,0.01171,ok
ucr,118_UCR_Anomaly_CIMIS44AirTemperature6_4000_6006_6054,CIMIS44AirTemperature6,,timesfm_quantile,default,,0.0457,0.05139,0.83739,0.11434,2.72,,1901.4,4184,1,0.01171,ok
ucr,119_UCR_Anomaly_ECG1_10000_11800_12100,ECG1,,chronos_small_resid,default,,0.06941,0.04327,0.99901,0.28608,0.32,,1593.6,20000,1,0.01505,ok
ucr,119_UCR_Anomaly_ECG1_10000_11800_12100,ECG1,,chronos_small_quantile,default,,0.01652,0.02164,0.82527,0.02391,0.32,,1593.6,20000,1,0.01505,ok
ucr,119_UCR_Anomaly_ECG1_10000_11800_12100,ECG1,,chronos_base_resid,default,,0.05289,0.04037,0.85143,0.2218,0.59,,1824.4,20000,1,0.01505,ok
ucr,119_UCR_Anomaly_ECG1_10000_11800_12100,ECG1,,chronos_base_quantile,default,,0.02957,0.02734,0.77406,0.13072,0.59,,1824.4,20000,1,0.01505,ok
ucr,119_UCR_Anomaly_ECG1_10000_11800_12100,ECG1,,timesfm_resid,default,,0.16737,0.09689,0.99639,0.29971,6.83,,1901.4,20000,1,0.01505,ok
ucr,119_UCR_Anomaly_ECG1_10000_11800_12100,ECG1,,timesfm_quantile,default,,0.03062,0.03019,0.72315,0.06751,6.83,,1901.4,20000,1,0.01505,ok
ucr,120_UCR_Anomaly_ECG2_15000_16000_16100,ECG2,,chronos_small_resid,default,,0.03843,0.02029,0.86558,0.14134,0.17,,1579.8,15000,1,0.00673,ok
ucr,120_UCR_Anomaly_ECG2_15000_16000_16100,ECG2,,chronos_small_quantile,default,,0.00622,0.00936,0.85077,0.00217,0.17,,1579.8,15000,1,0.00673,ok
ucr,120_UCR_Anomaly_ECG2_15000_16000_16100,ECG2,,chronos_base_resid,default,,0.03676,0.01952,0.77578,0.14113,0.37,,1803.1,15000,1,0.00673,ok
ucr,120_UCR_Anomaly_ECG2_15000_16000_16100,ECG2,,chronos_base_quantile,default,,0.00788,0.0105,0.87572,0.01724,0.37,,1803.1,15000,1,0.00673,ok
ucr,120_UCR_Anomaly_ECG2_15000_16000_16100,ECG2,,timesfm_resid,default,,0.01053,0.01667,0.69598,0.0184,5.26,,1901.4,15000,1,0.00673,ok
ucr,120_UCR_Anomaly_ECG2_15000_16000_16100,ECG2,,timesfm_quantile,default,,0.00743,0.01077,0.87679,0.01007,5.26,,1901.4,15000,1,0.00673,ok
ucr,121_UCR_Anomaly_ECG3_15000_16000_16100,ECG3,,chronos_small_resid,default,,0.02139,0.02087,0.67671,0.06363,0.17,,1579.8,15000,1,0.00673,ok
ucr,121_UCR_Anomaly_ECG3_15000_16000_16100,ECG3,,chronos_small_quantile,default,,0.02296,0.02141,0.78732,0.06109,0.17,,1579.8,15000,1,0.00673,ok
ucr,121_UCR_Anomaly_ECG3_15000_16000_16100,ECG3,,chronos_base_resid,default,,0.02455,0.02072,0.67357,0.06603,0.39,,1803.1,15000,1,0.00673,ok
ucr,121_UCR_Anomaly_ECG3_15000_16000_16100,ECG3,,chronos_base_quantile,default,,0.02975,0.02537,0.82251,0.071,0.39,,1803.1,15000,1,0.00673,ok
ucr,121_UCR_Anomaly_ECG3_15000_16000_16100,ECG3,,timesfm_resid,default,,0.03459,0.02889,0.93751,0.0905,5.49,,1901.4,15000,1,0.00673,ok
ucr,121_UCR_Anomaly_ECG3_15000_16000_16100,ECG3,,timesfm_quantile,default,,0.05858,0.04684,0.89172,0.13841,5.49,,1901.4,15000,1,0.00673,ok
ucr,122_UCR_Anomaly_ECG3_8000_17000_17100,ECG3,,chronos_small_resid,default,,0.015,0.0147,0.68429,0.04371,0.53,,1593.6,22000,1,0.00459,ok
ucr,122_UCR_Anomaly_ECG3_8000_17000_17100,ECG3,,chronos_small_quantile,default,,0.0163,0.01522,0.65269,0.04368,0.53,,1593.6,22000,1,0.00459,ok
ucr,122_UCR_Anomaly_ECG3_8000_17000_17100,ECG3,,chronos_base_resid,default,,0.01562,0.01527,0.67644,0.04476,0.66,,1824.4,22000,1,0.00459,ok
ucr,122_UCR_Anomaly_ECG3_8000_17000_17100,ECG3,,chronos_base_quantile,default,,0.00991,0.01009,0.65365,0.02314,0.66,,1824.4,22000,1,0.00459,ok
ucr,122_UCR_Anomaly_ECG3_8000_17000_17100,ECG3,,timesfm_resid,default,,0.01665,0.01632,0.92426,0.04886,7.64,,1901.4,22000,1,0.00459,ok
ucr,122_UCR_Anomaly_ECG3_8000_17000_17100,ECG3,,timesfm_quantile,default,,0.01312,0.01276,0.8323,0.03832,7.64,,1901.4,22000,1,0.00459,ok
ucr,123_UCR_Anomaly_ECG4_5000_16800_17100,ECG4,,chronos_small_resid,default,,0.00208,0.00439,0.81773,0.00773,2.09,,1593.6,195000,1,0.00154,ok
ucr,123_UCR_Anomaly_ECG4_5000_16800_17100,ECG4,,chronos_small_quantile,default,,0.00154,0.00255,0.79069,0.00505,2.09,,1593.6,195000,1,0.00154,ok
ucr,123_UCR_Anomaly_ECG4_5000_16800_17100,ECG4,,chronos_base_resid,default,,0.00225,0.00501,0.70722,0.00633,4.49,,1824.4,195000,1,0.00154,ok
ucr,123_UCR_Anomaly_ECG4_5000_16800_17100,ECG4,,chronos_base_quantile,default,,0.00479,0.00539,0.76118,0.00505,4.49,,1824.4,195000,1,0.00154,ok
ucr,123_UCR_Anomaly_ECG4_5000_16800_17100,ECG4,,timesfm_resid,default,,0.01321,0.01918,0.95548,0.04009,67.04,,1901.4,195000,1,0.00154,ok
ucr,123_UCR_Anomaly_ECG4_5000_16800_17100,ECG4,,timesfm_quantile,default,,0.00187,0.00645,0.85364,0.00505,67.04,,1901.4,195000,1,0.00154,ok
ucr,124_UCR_Anomaly_ECG4_5000_16900_17100,ECG4,,chronos_small_resid,default,,0.02602,0.02376,0.68758,0.09496,0.34,,1593.6,25000,1,0.00804,ok
ucr,124_UCR_Anomaly_ECG4_5000_16900_17100,ECG4,,chronos_small_quantile,default,,0.01447,0.01715,0.68917,0.0373,0.34,,1593.6,25000,1,0.00804,ok
ucr,124_UCR_Anomaly_ECG4_5000_16900_17100,ECG4,,chronos_base_resid,default,,0.02426,0.02433,0.68704,0.06404,0.66,,1824.4,25000,1,0.00804,ok
ucr,124_UCR_Anomaly_ECG4_5000_16900_17100,ECG4,,chronos_base_quantile,default,,0.00995,0.01308,0.7198,0.01985,0.66,,1824.4,25000,1,0.00804,ok
ucr,124_UCR_Anomaly_ECG4_5000_16900_17100,ECG4,,timesfm_resid,default,,0.04783,0.03776,0.87573,0.16143,9.42,,1901.4,25000,1,0.00804,ok
ucr,124_UCR_Anomaly_ECG4_5000_16900_17100,ECG4,,timesfm_quantile,default,,0.0257,0.01957,0.90987,0.10445,9.42,,1901.4,25000,1,0.00804,ok
ucr,125_UCR_Anomaly_ECG4_5000_17000_17100,ECG4,,chronos_small_resid,default,,0.04305,0.02971,0.68773,0.11112,0.33,,1593.6,25000,1,0.00404,ok
ucr,125_UCR_Anomaly_ECG4_5000_17000_17100,ECG4,,chronos_small_quantile,default,,0.02431,0.01937,0.6801,0.05936,0.33,,1593.6,25000,1,0.00404,ok
ucr,125_UCR_Anomaly_ECG4_5000_17000_17100,ECG4,,chronos_base_resid,default,,0.06206,0.0276,0.72047,0.16108,0.64,,1824.4,25000,1,0.00404,ok
ucr,125_UCR_Anomaly_ECG4_5000_17000_17100,ECG4,,chronos_base_quantile,default,,0.01333,0.01236,0.7148,0.03742,0.64,,1824.4,25000,1,0.00404,ok
ucr,125_UCR_Anomaly_ECG4_5000_17000_17100,ECG4,,timesfm_resid,default,,0.0807,0.03455,0.87682,0.19085,9.34,,1901.4,25000,1,0.00404,ok
ucr,125_UCR_Anomaly_ECG4_5000_17000_17100,ECG4,,timesfm_quantile,default,,0.01887,0.01234,0.82276,0.08489,9.34,,1901.4,25000,1,0.00404,ok
ucr,126_UCR_Anomaly_ECG4_8000_17000_17100,ECG4,,chronos_small_resid,default,,0.01406,0.01389,0.68429,0.03714,0.39,,1593.6,22000,1,0.00459,ok
ucr,126_UCR_Anomaly_ECG4_8000_17000_17100,ECG4,,chronos_small_quantile,default,,0.03146,0.02482,0.66639,0.07784,0.39,,1593.6,22000,1,0.00459,ok
ucr,126_UCR_Anomaly_ECG4_8000_17000_17100,ECG4,,chronos_base_resid,default,,0.0137,0.01338,0.67687,0.03447,0.78,,1824.4,22000,1,0.00459,ok
ucr,126_UCR_Anomaly_ECG4_8000_17000_17100,ECG4,,chronos_base_quantile,default,,0.02201,0.01863,0.6545,0.05192,0.78,,1824.4,22000,1,0.00459,ok
ucr,126_UCR_Anomaly_ECG4_8000_17000_17100,ECG4,,timesfm_resid,default,,0.01811,0.01624,0.74515,0.04241,8.44,,1901.4,22000,1,0.00459,ok
ucr,126_UCR_Anomaly_ECG4_8000_17000_17100,ECG4,,timesfm_quantile,default,,0.04414,0.03258,0.73907,0.10102,8.44,,1901.4,22000,1,0.00459,ok
ucr,127_UCR_Anomaly_GP711MarkerLFM5z1_5000_6168_6212,GP711MarkerLFM5z1,,chronos_small_resid,default,,0.00902,0.01166,0.6898,0.01986,0.14,,1509.7,7000,1,0.00643,ok
ucr,127_UCR_Anomaly_GP711MarkerLFM5z1_5000_6168_6212,GP711MarkerLFM5z1,,chronos_small_quantile,default,,0.00643,0.00944,0.68499,0.0,0.14,,1509.7,7000,1,0.00643,ok
ucr,127_UCR_Anomaly_GP711MarkerLFM5z1_5000_6168_6212,GP711MarkerLFM5z1,,chronos_base_resid,default,,0.00846,0.01074,0.69085,0.00808,0.23,,1612.4,7000,1,0.00643,ok
ucr,127_UCR_Anomaly_GP711MarkerLFM5z1_5000_6168_6212,GP711MarkerLFM5z1,,chronos_base_quantile,default,,0.00643,0.00945,0.68435,0.0,0.23,,1612.4,7000,1,0.00643,ok
ucr,127_UCR_Anomaly_GP711MarkerLFM5z1_5000_6168_6212,GP711MarkerLFM5z1,,timesfm_resid,default,,0.22201,0.16207,0.93929,0.39999,2.67,,1901.4,7000,1,0.00643,ok
ucr,127_UCR_Anomaly_GP711MarkerLFM5z1_5000_6168_6212,GP711MarkerLFM5z1,,timesfm_quantile,default,,0.10757,0.09098,0.93871,0.24397,2.67,,1901.4,7000,1,0.00643,ok
ucr,128_UCR_Anomaly_GP711MarkerLFM5z2_5000_7175_7388,GP711MarkerLFM5z2,,chronos_small_resid,default,,0.03061,0.04451,0.68357,0.0464,0.13,,1509.7,7000,1,0.03057,ok
ucr,128_UCR_Anomaly_GP711MarkerLFM5z2_5000_7175_7388,GP711MarkerLFM5z2,,chronos_small_quantile,default,,0.02964,0.04563,0.958,0.04061,0.13,,1509.7,7000,1,0.03057,ok
ucr,128_UCR_Anomaly_GP711MarkerLFM5z2_5000_7175_7388,GP711MarkerLFM5z2,,chronos_base_resid,default,,0.03351,0.04804,0.70963,0.0557,0.24,,1612.4,7000,1,0.03057,ok
ucr,128_UCR_Anomaly_GP711MarkerLFM5z2_5000_7175_7388,GP711MarkerLFM5z2,,chronos_base_quantile,default,,0.03157,0.05017,0.958,0.04959,0.24,,1612.4,7000,1,0.03057,ok
ucr,128_UCR_Anomaly_GP711MarkerLFM5z2_5000_7175_7388,GP711MarkerLFM5z2,,timesfm_resid,default,,0.4408,0.37116,0.99442,0.62018,2.71,,1901.4,7000,1,0.03057,ok
ucr,128_UCR_Anomaly_GP711MarkerLFM5z2_5000_7175_7388,GP711MarkerLFM5z2,,timesfm_quantile,default,,0.37417,0.34919,0.99317,0.56611,2.71,,1901.4,7000,1,0.03057,ok
ucr,129_UCR_Anomaly_GP711MarkerLFM5z3_5000_5948_5993,GP711MarkerLFM5z3,,chronos_small_resid,default,,0.00581,0.01317,0.68563,0.00542,0.14,,1509.7,7000,1,0.00657,ok
ucr,129_UCR_Anomaly_GP711MarkerLFM5z3_5000_5948_5993,GP711MarkerLFM5z3,,chronos_small_quantile,default,,0.00634,0.00963,0.67417,0.00088,0.14,,1509.7,7000,1,0.00657,ok
ucr,129_UCR_Anomaly_GP711MarkerLFM5z3_5000_5948_5993,GP711MarkerLFM5z3,,chronos_base_resid,default,,0.00534,0.01149,0.69347,0.00542,0.24,,1612.4,7000,1,0.00657,ok
ucr,129_UCR_Anomaly_GP711MarkerLFM5z3_5000_5948_5993,GP711MarkerLFM5z3,,chronos_base_quantile,default,,0.00635,0.00952,0.67736,0.00097,0.24,,1612.4,7000,1,0.00657,ok
ucr,129_UCR_Anomaly_GP711MarkerLFM5z3_5000_5948_5993,GP711MarkerLFM5z3,,timesfm_resid,default,,0.05406,0.046,0.95543,0.13861,2.73,,1901.4,7000,1,0.00657,ok
ucr,129_UCR_Anomaly_GP711MarkerLFM5z3_5000_5948_5993,GP711MarkerLFM5z3,,timesfm_quantile,default,,0.03717,0.03079,0.6952,0.09416,2.73,,1901.4,7000,1,0.00657,ok
ucr,130_UCR_Anomaly_GP711MarkerLFM5z4_4000_6527_6645,GP711MarkerLFM5z4,,chronos_small_resid,default,,0.0296,0.03454,0.68185,0.06411,0.14,,1518.2,8000,1,0.01487,ok
ucr,130_UCR_Anomaly_GP711MarkerLFM5z4_4000_6527_6645,GP711MarkerLFM5z4,,chronos_small_quantile,default,,0.02107,0.02524,0.71616,0.04057,0.14,,1518.2,8000,1,0.01487,ok
ucr,130_UCR_Anomaly_GP711MarkerLFM5z4_4000_6527_6645,GP711MarkerLFM5z4,,chronos_base_resid,default,,0.03281,0.03835,0.69045,0.07348,0.24,,1631.4,8000,1,0.01487,ok
ucr,130_UCR_Anomaly_GP711MarkerLFM5z4_4000_6527_6645,GP711MarkerLFM5z4,,chronos_base_quantile,default,,0.01758,0.02376,0.69948,0.0324,0.24,,1631.4,8000,1,0.01487,ok
ucr,130_UCR_Anomaly_GP711MarkerLFM5z4_4000_6527_6645,GP711MarkerLFM5z4,,timesfm_resid,default,,0.29573,0.1606,0.99619,0.45781,2.52,,1901.4,8000,1,0.01487,ok
ucr,130_UCR_Anomaly_GP711MarkerLFM5z4_4000_6527_6645,GP711MarkerLFM5z4,,timesfm_quantile,default,,0.03516,0.03677,0.93534,0.08632,2.52,,1901.4,8000,1,0.01487,ok
ucr,131_UCR_Anomaly_GP711MarkerLFM5z5_5000_8612_8716,GP711MarkerLFM5z5,,chronos_small_resid,default,,0.02049,0.03653,0.68273,0.02678,0.15,,1509.7,7000,1,0.015,ok
ucr,131_UCR_Anomaly_GP711MarkerLFM5z5_5000_8612_8716,GP711MarkerLFM5z5,,chronos_small_quantile,default,,0.01397,0.02509,0.77421,0.00508,0.15,,1509.7,7000,1,0.015,ok
ucr,131_UCR_Anomaly_GP711MarkerLFM5z5_5000_8612_8716,GP711MarkerLFM5z5,,chronos_base_resid,default,,0.02038,0.03404,0.68901,0.04058,0.23,,1612.4,7000,1,0.015,ok
ucr,131_UCR_Anomaly_GP711MarkerLFM5z5_5000_8612_8716,GP711MarkerLFM5z5,,chronos_base_quantile,default,,0.01411,0.05234,0.97757,0.00696,0.23,,1612.4,7000,1,0.015,ok
ucr,131_UCR_Anomaly_GP711MarkerLFM5z5_5000_8612_8716,GP711MarkerLFM5z5,,timesfm_resid,default,,0.28918,0.23374,0.99605,0.45626,2.53,,1901.4,7000,1,0.015,ok
ucr,131_UCR_Anomaly_GP711MarkerLFM5z5_5000_8612_8716,GP711MarkerLFM5z5,,timesfm_quantile,default,,0.28256,0.1716,0.99605,0.45455,2.53,,1901.4,7000,1,0.015,ok
ucr,132_UCR_Anomaly_InternalBleeding10_3200_4526_4556,InternalBleeding10,,chronos_small_resid,default,,0.00773,0.01301,0.66989,0.01056,0.2,,1487.0,4301,1,0.00721,ok
ucr,132_UCR_Anomaly_InternalBleeding10_3200_4526_4556,InternalBleeding10,,chronos_small_quantile,default,,0.00631,0.01076,0.72871,0.00552,0.2,,1487.0,4301,1,0.00721,ok
ucr,132_UCR_Anomaly_InternalBleeding10_3200_4526_4556,InternalBleeding10,,chronos_base_resid,default,,0.00825,0.01316,0.67266,0.02148,0.31,,1551.1,4301,1,0.00721,ok
ucr,132_UCR_Anomaly_InternalBleeding10_3200_4526_4556,InternalBleeding10,,chronos_base_quantile,default,,0.00681,0.01017,0.68492,0.0,0.31,,1551.1,4301,1,0.00721,ok
ucr,132_UCR_Anomaly_InternalBleeding10_3200_4526_4556,InternalBleeding10,,timesfm_resid,default,,0.01821,0.03435,0.9571,0.04517,4.06,,1901.4,4301,1,0.00721,ok
ucr,132_UCR_Anomaly_InternalBleeding10_3200_4526_4556,InternalBleeding10,,timesfm_quantile,default,,0.00732,0.01266,0.71548,0.01059,4.06,,1901.4,4301,1,0.00721,ok
ucr,133_UCR_Anomaly_InternalBleeding14_2800_5607_5634,InternalBleeding14,,chronos_small_resid,default,,0.00357,0.00705,0.6976,0.0,0.21,,1489.8,4701,1,0.00596,ok
ucr,133_UCR_Anomaly_InternalBleeding14_2800_5607_5634,InternalBleeding14,,chronos_small_quantile,default,,0.00596,0.00813,0.69465,0.0,0.21,,1489.8,4701,1,0.00596,ok
ucr,133_UCR_Anomaly_InternalBleeding14_2800_5607_5634,InternalBleeding14,,chronos_base_resid,default,,0.00445,0.00806,0.70309,0.00198,0.22,,1556.6,4701,1,0.00596,ok
ucr,133_UCR_Anomaly_InternalBleeding14_2800_5607_5634,InternalBleeding14,,chronos_base_quantile,default,,0.00546,0.00782,0.68871,0.0,0.22,,1556.6,4701,1,0.00596,ok
ucr,133_UCR_Anomaly_InternalBleeding14_2800_5607_5634,InternalBleeding14,,timesfm_resid,default,,0.27508,0.1541,0.99849,0.4068,2.54,,1901.4,4701,1,0.00596,ok
ucr,133_UCR_Anomaly_InternalBleeding14_2800_5607_5634,InternalBleeding14,,timesfm_quantile,default,,0.22297,0.08106,0.99849,0.35294,2.54,,1901.4,4701,1,0.00596,ok
ucr,134_UCR_Anomaly_InternalBleeding15_1700_5684_5854,InternalBleeding15,,chronos_small_resid,default,,0.06966,0.07425,0.86762,0.14465,0.12,,1500.7,5901,1,0.02898,ok
ucr,134_UCR_Anomaly_InternalBleeding15_1700_5684_5854,InternalBleeding15,,chronos_small_quantile,default,,0.05865,0.06512,0.69278,0.12774,0.12,,1500.7,5901,1,0.02898,ok
ucr,134_UCR_Anomaly_InternalBleeding15_1700_5684_5854,InternalBleeding15,,chronos_base_resid,default,,0.08031,0.08517,0.8674,0.16177,0.4,,1584.5,5901,1,0.02898,ok
ucr,134_UCR_Anomaly_InternalBleeding15_1700_5684_5854,InternalBleeding15,,chronos_base_quantile,default,,0.05841,0.06525,0.67724,0.12381,0.4,,1584.5,5901,1,0.02898,ok
ucr,134_UCR_Anomaly_InternalBleeding15_1700_5684_5854,InternalBleeding15,,timesfm_resid,default,,0.15798,0.17275,0.92184,0.30367,4.59,,1901.4,5901,1,0.02898,ok
ucr,134_UCR_Anomaly_InternalBleeding15_1700_5684_5854,InternalBleeding15,,timesfm_quantile,default,,0.12035,0.10774,0.71818,0.24328,4.59,,1901.4,5901,1,0.02898,ok
ucr,135_UCR_Anomaly_InternalBleeding16_1200_4187_4199,InternalBleeding16,,chronos_small_resid,default,,0.00208,0.00291,0.66984,0.00212,0.15,,1503.6,6301,1,0.00206,ok
ucr,135_UCR_Anomaly_InternalBleeding16_1200_4187_4199,InternalBleeding16,,chronos_small_quantile,default,,0.00874,0.00691,0.73701,0.01887,0.15,,1503.6,6301,1,0.00206,ok
ucr,135_UCR_Anomaly_InternalBleeding16_1200_4187_4199,InternalBleeding16,,chronos_base_resid,default,,0.00282,0.00351,0.72681,0.00382,0.27,,1598.6,6301,1,0.00206,ok
ucr,135_UCR_Anomaly_InternalBleeding16_1200_4187_4199,InternalBleeding16,,chronos_base_quantile,default,,0.00194,0.00286,0.75648,0.00092,0.27,,1598.6,6301,1,0.00206,ok
ucr,135_UCR_Anomaly_InternalBleeding16_1200_4187_4199,InternalBleeding16,,timesfm_resid,default,,0.01882,0.01411,0.75794,0.04185,3.03,,1901.4,6301,1,0.00206,ok
ucr,135_UCR_Anomaly_InternalBleeding16_1200_4187_4199,InternalBleeding16,,timesfm_quantile,default,,0.13772,0.06467,0.80406,0.19161,3.03,,1901.4,6301,1,0.00206,ok
ucr,136_UCR_Anomaly_InternalBleeding17_1600_3198_3309,InternalBleeding17,,chronos_small_resid,default,,0.02115,0.03394,0.73819,0.02223,0.2,,1500.7,5900,1,0.01898,ok
ucr,136_UCR_Anomaly_InternalBleeding17_1600_3198_3309,InternalBleeding17,,chronos_small_quantile,default,,0.02366,0.0481,0.78755,0.13231,0.2,,1500.7,5900,1,0.01898,ok
ucr,136_UCR_Anomaly_InternalBleeding17_1600_3198_3309,InternalBleeding17,,chronos_base_resid,default,,0.02158,0.02821,0.66715,0.02802,0.35,,1584.5,5900,1,0.01898,ok
ucr,136_UCR_Anomaly_InternalBleeding17_1600_3198_3309,InternalBleeding17,,chronos_base_quantile,default,,0.03942,0.03468,0.90301,0.20901,0.35,,1584.5,5900,1,0.01898,ok
ucr,136_UCR_Anomaly_InternalBleeding17_1600_3198_3309,InternalBleeding17,,timesfm_resid,default,,0.40648,0.28139,0.99547,0.57647,3.14,,1901.4,5900,1,0.01898,ok
ucr,136_UCR_Anomaly_InternalBleeding17_1600_3198_3309,InternalBleeding17,,timesfm_quantile,default,,0.29798,0.18508,0.99528,0.50088,3.14,,1901.4,5900,1,0.01898,ok
ucr,137_UCR_Anomaly_InternalBleeding18_2300_4485_4587,InternalBleeding18,,chronos_small_resid,default,,0.02389,0.03532,0.67922,0.02773,0.22,,1494.0,5200,1,0.01981,ok
ucr,137_UCR_Anomaly_InternalBleeding18_2300_4485_4587,InternalBleeding18,,chronos_small_quantile,default,,0.01609,0.02572,0.7368,0.00326,0.22,,1494.0,5200,1,0.01981,ok
ucr,137_UCR_Anomaly_InternalBleeding18_2300_4485_4587,InternalBleeding18,,chronos_base_resid,default,,0.02446,0.02983,0.70982,0.03062,0.39,,1569.4,5200,1,0.01981,ok
ucr,137_UCR_Anomaly_InternalBleeding18_2300_4485_4587,InternalBleeding18,,chronos_base_quantile,default,,0.01725,0.02661,0.91208,0.00479,0.39,,1569.4,5200,1,0.01981,ok
ucr,137_UCR_Anomaly_InternalBleeding18_2300_4485_4587,InternalBleeding18,,timesfm_resid,default,,0.27329,0.16879,0.99573,0.45031,3.4,,1901.4,5200,1,0.01981,ok
ucr,137_UCR_Anomaly_InternalBleeding18_2300_4485_4587,InternalBleeding18,,timesfm_quantile,default,,0.05916,0.05371,0.79419,0.15771,3.4,,1901.4,5200,1,0.01981,ok
ucr,138_UCR_Anomaly_InternalBleeding19_3000_4187_4197,InternalBleeding19,,chronos_small_resid,default,,0.00473,0.00507,0.67158,0.00955,0.13,,1488.6,4500,1,0.00244,ok
ucr,138_UCR_Anomaly_InternalBleeding19_3000_4187_4197,InternalBleeding19,,chronos_small_quantile,default,,0.03383,0.02457,0.77055,0.07504,0.13,,1488.6,4500,1,0.00244,ok
ucr,138_UCR_Anomaly_InternalBleeding19_3000_4187_4197,InternalBleeding19,,chronos_base_resid,default,,0.00794,0.00791,0.68096,0.01561,0.39,,1553.0,4500,1,0.00244,ok
ucr,138_UCR_Anomaly_InternalBleeding19_3000_4187_4197,InternalBleeding19,,chronos_base_quantile,default,,0.00635,0.00615,0.74493,0.01306,0.39,,1553.0,4500,1,0.00244,ok
ucr,138_UCR_Anomaly_InternalBleeding19_3000_4187_4197,InternalBleeding19,,timesfm_resid,default,,0.67045,0.20218,0.99966,0.66563,7.11,,1901.4,4500,1,0.00244,ok
ucr,138_UCR_Anomaly_InternalBleeding19_3000_4187_4197,InternalBleeding19,,timesfm_quantile,default,,0.69319,0.2372,0.99966,0.70016,7.11,,1901.4,4500,1,0.00244,ok
ucr,139_UCR_Anomaly_InternalBleeding20_2700_5759_5919,InternalBleeding20,,chronos_small_resid,default,,0.04702,0.06888,0.66852,0.0926,0.35,,1490.2,4800,1,0.03354,ok
ucr,139_UCR_Anomaly_InternalBleeding20_2700_5759_5919,InternalBleeding20,,chronos_small_quantile,default,,0.03,0.04713,0.65568,0.01569,0.35,,1490.2,4800,1,0.03354,ok
ucr,139_UCR_Anomaly_InternalBleeding20_2700_5759_5919,InternalBleeding20,,chronos_base_resid,default,,0.19077,0.14193,0.99183,0.38398,0.56,,1558.1,4800,1,0.03354,ok
ucr,139_UCR_Anomaly_InternalBleeding20_2700_5759_5919,InternalBleeding20,,chronos_base_quantile,default,,0.03231,0.04633,0.64913,0.03318,0.56,,1558.1,4800,1,0.03354,ok
ucr,139_UCR_Anomaly_InternalBleeding20_2700_5759_5919,InternalBleeding20,,timesfm_resid,default,,0.20212,0.20636,0.97112,0.41544,3.95,,1901.4,4800,1,0.03354,ok
ucr,139_UCR_Anomaly_InternalBleeding20_2700_5759_5919,InternalBleeding20,,timesfm_quantile,default,,0.07842,0.07668,0.99183,0.3125,3.95,,1901.4,4800,1,0.03354,ok
ucr,140_UCR_Anomaly_InternalBleeding4_1000_4675_5033,InternalBleeding4,,chronos_small_resid,default,,0.38072,0.3267,0.99293,0.54239,0.22,,1503.6,6321,1,0.05679,ok
ucr,140_UCR_Anomaly_InternalBleeding4_1000_4675_5033,InternalBleeding4,,chronos_small_quantile,default,,0.1023,0.09233,0.98298,0.27478,0.22,,1503.6,6321,1,0.05679,ok
ucr,140_UCR_Anomaly_InternalBleeding4_1000_4675_5033,InternalBleeding4,,chronos_base_resid,default,,0.36414,0.30469,0.98298,0.53062,0.34,,1598.6,6321,1,0.05679,ok
ucr,140_UCR_Anomaly_InternalBleeding4_1000_4675_5033,InternalBleeding4,,chronos_base_quantile,default,,0.07941,0.08589,0.87351,0.14374,0.34,,1598.6,6321,1,0.05679,ok
ucr,140_UCR_Anomaly_InternalBleeding4_1000_4675_5033,InternalBleeding4,,timesfm_resid,default,,0.53494,0.47285,0.99445,0.66081,4.29,,1901.4,6321,1,0.05679,ok
ucr,140_UCR_Anomaly_InternalBleeding4_1000_4675_5033,InternalBleeding4,,timesfm_quantile,default,,0.22101,0.19553,0.98589,0.34217,4.29,,1901.4,6321,1,0.05679,ok
ucr,141_UCR_Anomaly_InternalBleeding5_4000_6200_6370,InternalBleeding5,,chronos_small_resid,default,,0.22497,0.20455,0.81048,0.35708,0.2,,1478.5,3415,1,0.05007,ok
ucr,141_UCR_Anomaly_InternalBleeding5_4000_6200_6370,InternalBleeding5,,chronos_small_quantile,default,,0.09147,0.1045,0.71229,0.15244,0.2,,1478.5,3415,1,0.05007,ok
ucr,141_UCR_Anomaly_InternalBleeding5_4000_6200_6370,InternalBleeding5,,chronos_base_resid,default,,0.2896,0.23821,0.98429,0.48985,0.36,,1527.3,3415,1,0.05007,ok
ucr,141_UCR_Anomaly_InternalBleeding5_4000_6200_6370,InternalBleeding5,,chronos_base_quantile,default,,0.11534,0.11715,0.71584,0.23148,0.36,,1527.3,3415,1,0.05007,ok
ucr,141_UCR_Anomaly_InternalBleeding5_4000_6200_6370,InternalBleeding5,,timesfm_resid,default,,0.48575,0.39576,0.98429,0.72338,2.57,,1901.4,3415,1,0.05007,ok
ucr,141_UCR_Anomaly_InternalBleeding5_4000_6200_6370,InternalBleeding5,,timesfm_quantile,default,,0.27521,0.21929,0.98381,0.45257,2.57,,1901.4,3415,1,0.05007,ok
ucr,142_UCR_Anomaly_InternalBleeding6_1500_3474_3629,InternalBleeding6,,chronos_small_resid,default,,0.0225,0.02971,0.68025,0.02342,0.21,,1502.4,6154,1,0.02535,ok
ucr,142_UCR_Anomaly_InternalBleeding6_1500_3474_3629,InternalBleeding6,,chronos_small_quantile,default,,0.02361,0.03451,0.8804,0.02673,0.21,,1502.4,6154,1,0.02535,ok
ucr,142_UCR_Anomaly_InternalBleeding6_1500_3474_3629,InternalBleeding6,,chronos_base_resid,default,,0.03424,0.03771,0.73832,0.04567,0.35,,1590.3,6154,1,0.02535,ok
ucr,142_UCR_Anomaly_InternalBleeding6_1500_3474_3629,InternalBleeding6,,chronos_base_quantile,default,,0.0251,0.03611,0.70067,0.03362,0.35,,1590.3,6154,1,0.02535,ok
ucr,142_UCR_Anomaly_InternalBleeding6_1500_3474_3629,InternalBleeding6,,timesfm_resid,default,,0.35035,0.25519,0.99238,0.53568,3.31,,1901.4,6154,1,0.02535,ok
ucr,142_UCR_Anomaly_InternalBleeding6_1500_3474_3629,InternalBleeding6,,timesfm_quantile,default,,0.34426,0.24283,0.99144,0.5,3.31,,1901.4,6154,1,0.02535,ok
ucr,143_UCR_Anomaly_InternalBleeding8_2500_5865_5974,InternalBleeding8,,chronos_small_resid,default,,0.01972,0.03282,0.6807,0.00541,0.19,,1492.5,5001,1,0.022,ok
ucr,143_UCR_Anomaly_InternalBleeding8_2500_5865_5974,InternalBleeding8,,chronos_small_quantile,default,,0.02181,0.03178,0.69616,0.0007,0.19,,1492.5,5001,1,0.022,ok
ucr,143_UCR_Anomaly_InternalBleeding8_2500_5865_5974,InternalBleeding8,,chronos_base_resid,default,,0.02574,0.04543,0.6863,0.027,0.52,,1568.8,5001,1,0.022,ok
ucr,143_UCR_Anomaly_InternalBleeding8_2500_5865_5974,InternalBleeding8,,chronos_base_quantile,default,,0.02567,0.03951,0.69334,0.03625,0.52,,1568.8,5001,1,0.022,ok
ucr,143_UCR_Anomaly_InternalBleeding8_2500_5865_5974,InternalBleeding8,,timesfm_resid,default,,0.02305,0.06851,0.97291,0.03503,6.52,,1901.4,5001,1,0.022,ok
ucr,143_UCR_Anomaly_InternalBleeding8_2500_5865_5974,InternalBleeding8,,timesfm_quantile,default,,0.02242,0.05645,0.97331,0.01663,6.52,,1901.4,5001,1,0.022,ok
ucr,144_UCR_Anomaly_InternalBleeding9_4200_6599_6681,InternalBleeding9,,chronos_small_resid,default,,0.01909,0.0324,0.74068,0.00103,0.19,,1477.9,3301,1,0.02514,ok
ucr,144_UCR_Anomaly_InternalBleeding9_4200_6599_6681,InternalBleeding9,,chronos_small_quantile,default,,0.02918,0.04782,0.65132,0.03245,0.19,,1477.9,3301,1,0.02514,ok
ucr,144_UCR_Anomaly_InternalBleeding9_4200_6599_6681,InternalBleeding9,,chronos_base_resid,default,,0.02181,0.03653,0.74008,0.00066,0.22,,1524.8,3301,1,0.02514,ok
ucr,144_UCR_Anomaly_InternalBleeding9_4200_6599_6681,InternalBleeding9,,chronos_base_quantile,default,,0.02839,0.04863,0.72942,0.03233,0.22,,1524.8,3301,1,0.02514,ok
ucr,144_UCR_Anomaly_InternalBleeding9_4200_6599_6681,InternalBleeding9,,timesfm_resid,default,,0.01831,0.02766,0.68523,0.00682,1.3,,1901.4,3301,1,0.02514,ok
ucr,144_UCR_Anomaly_InternalBleeding9_4200_6599_6681,InternalBleeding9,,timesfm_quantile,default,,0.02393,0.03579,0.65967,0.00943,1.3,,1901.4,3301,1,0.02514,ok
ucr,145_UCR_Anomaly_Lab2Cmac011215EPG1_5000_17210_17260,Lab2Cmac011215EPG1,,chronos_small_resid,default,,0.14813,0.02852,0.8861,0.19135,0.31,,1593.6,25001,1,0.00204,ok
ucr,145_UCR_Anomaly_Lab2Cmac011215EPG1_5000_17210_17260,Lab2Cmac011215EPG1,,chronos_small_quantile,default,,0.13231,0.03091,0.88671,0.18463,0.31,,1593.6,25001,1,0.00204,ok
ucr,145_UCR_Anomaly_Lab2Cmac011215EPG1_5000_17210_17260,Lab2Cmac011215EPG1,,chronos_base_resid,default,,0.15556,0.03411,0.8967,0.21574,0.7,,1824.4,25001,1,0.00204,ok
ucr,145_UCR_Anomaly_Lab2Cmac011215EPG1_5000_17210_17260,Lab2Cmac011215EPG1,,chronos_base_quantile,default,,0.22209,0.0614,0.93255,0.26098,0.7,,1824.4,25001,1,0.00204,ok
ucr,145_UCR_Anomaly_Lab2Cmac011215EPG1_5000_17210_17260,Lab2Cmac011215EPG1,,timesfm_resid,default,,0.16383,0.03662,0.77946,0.22147,12.13,,1901.4,25001,1,0.00204,ok
ucr,145_UCR_Anomaly_Lab2Cmac011215EPG1_5000_17210_17260,Lab2Cmac011215EPG1,,timesfm_quantile,default,,0.09271,0.02938,0.77045,0.21139,12.13,,1901.4,25001,1,0.00204,ok
ucr,146_UCR_Anomaly_Lab2Cmac011215EPG2_5000_27862_27932,Lab2Cmac011215EPG2,,chronos_small_resid,default,,0.0025,0.00416,0.66724,0.0014,0.49,,1593.6,24950,1,0.00285,ok
ucr,146_UCR_Anomaly_Lab2Cmac011215EPG2_5000_27862_27932,Lab2Cmac011215EPG2,,chronos_small_quantile,default,,0.00317,0.00469,0.66143,0.00482,0.49,,1593.6,24950,1,0.00285,ok
ucr,146_UCR_Anomaly_Lab2Cmac011215EPG2_5000_27862_27932,Lab2Cmac011215EPG2,,chronos_base_resid,default,,0.00247,0.00413,0.67497,0.00196,0.68,,1824.4,24950,1,0.00285,ok
ucr,146_UCR_Anomaly_Lab2Cmac011215EPG2_5000_27862_27932,Lab2Cmac011215EPG2,,chronos_base_quantile,default,,0.00277,0.0042,0.67409,0.00172,0.68,,1824.4,24950,1,0.00285,ok
ucr,146_UCR_Anomaly_Lab2Cmac011215EPG2_5000_27862_27932,Lab2Cmac011215EPG2,,timesfm_resid,default,,0.00518,0.00598,0.70893,0.03788,9.54,,1901.4,24950,1,0.00285,ok
ucr,146_UCR_Anomaly_Lab2Cmac011215EPG2_5000_27862_27932,Lab2Cmac011215EPG2,,timesfm_quantile,default,,0.0052,0.00654,0.67131,0.01001,9.54,,1901.4,24950,1,0.00285,ok
ucr,147_UCR_Anomaly_Lab2Cmac011215EPG3_5000_16390_16420,Lab2Cmac011215EPG3,,chronos_small_resid,default,,0.00299,0.00378,0.71464,0.00664,0.3,,1593.6,24950,1,0.00124,ok
ucr,147_UCR_Anomaly_Lab2Cmac011215EPG3_5000_16390_16420,Lab2Cmac011215EPG3,,chronos_small_quantile,default,,0.00439,0.005,0.73363,0.01179,0.3,,1593.6,24950,1,0.00124,ok
ucr,147_UCR_Anomaly_Lab2Cmac011215EPG3_5000_16390_16420,Lab2Cmac011215EPG3,,chronos_base_resid,default,,0.0026,0.00357,0.80868,0.00503,0.66,,1824.4,24950,1,0.00124,ok
ucr,147_UCR_Anomaly_Lab2Cmac011215EPG3_5000_16390_16420,Lab2Cmac011215EPG3,,chronos_base_quantile,default,,0.00372,0.00469,0.76893,0.00836,0.66,,1824.4,24950,1,0.00124,ok
ucr,147_UCR_Anomaly_Lab2Cmac011215EPG3_5000_16390_16420,Lab2Cmac011215EPG3,,timesfm_resid,default,,0.00585,0.00596,0.67247,0.01305,9.38,,1901.4,24950,1,0.00124,ok
ucr,147_UCR_Anomaly_Lab2Cmac011215EPG3_5000_16390_16420,Lab2Cmac011215EPG3,,timesfm_quantile,default,,0.00557,0.00569,0.668,0.01161,9.38,,1901.4,24950,1,0.00124,ok
ucr,148_UCR_Anomaly_Lab2Cmac011215EPG4_6000_17390_17520,Lab2Cmac011215EPG4,,chronos_small_resid,default,,0.00489,0.00741,0.74983,0.00511,0.33,,1593.6,24066,1,0.00544,ok
ucr,148_UCR_Anomaly_Lab2Cmac011215EPG4_6000_17390_17520,Lab2Cmac011215EPG4,,chronos_small_quantile,default,,0.0052,0.00798,0.74026,0.00581,0.33,,1593.6,24066,1,0.00544,ok
ucr,148_UCR_Anomaly_Lab2Cmac011215EPG4_6000_17390_17520,Lab2Cmac011215EPG4,,chronos_base_resid,default,,0.00484,0.00749,0.7223,0.00451,0.69,,1824.4,24066,1,0.00544,ok
ucr,148_UCR_Anomaly_Lab2Cmac011215EPG4_6000_17390_17520,Lab2Cmac011215EPG4,,chronos_base_quantile,default,,0.00479,0.00759,0.83802,0.00409,0.69,,1824.4,24066,1,0.00544,ok
ucr,148_UCR_Anomaly_Lab2Cmac011215EPG4_6000_17390_17520,Lab2Cmac011215EPG4,,timesfm_resid,default,,0.00627,0.0083,0.67496,0.00735,8.06,,1901.4,24066,1,0.00544,ok
ucr,148_UCR_Anomaly_Lab2Cmac011215EPG4_6000_17390_17520,Lab2Cmac011215EPG4,,timesfm_quantile,default,,0.00536,0.00785,0.66765,0.00567,8.06,,1901.4,24066,1,0.00544,ok
ucr,149_UCR_Anomaly_Lab2Cmac011215EPG5_7000_17390_17520,Lab2Cmac011215EPG5,,chronos_small_resid,default,,0.00906,0.01092,0.7284,0.01737,0.32,,1593.6,22826,1,0.00574,ok
ucr,149_UCR_Anomaly_Lab2Cmac011215EPG5_7000_17390_17520,Lab2Cmac011215EPG5,,chronos_small_quantile,default,,0.00922,0.01026,0.72004,0.0257,0.32,,1593.6,22826,1,0.00574,ok
ucr,149_UCR_Anomaly_Lab2Cmac011215EPG5_7000_17390_17520,Lab2Cmac011215EPG5,,chronos_base_resid,default,,0.00815,0.0104,0.73068,0.01394,0.76,,1824.4,22826,1,0.00574,ok
ucr,149_UCR_Anomaly_Lab2Cmac011215EPG5_7000_17390_17520,Lab2Cmac011215EPG5,,chronos_base_quantile,default,,0.00553,0.00804,0.75304,0.00642,0.76,,1824.4,22826,1,0.00574,ok
ucr,149_UCR_Anomaly_Lab2Cmac011215EPG5_7000_17390_17520,Lab2Cmac011215EPG5,,timesfm_resid,default,,0.01006,0.01241,0.68095,0.01972,7.9,,1901.4,22826,1,0.00574,ok
ucr,149_UCR_Anomaly_Lab2Cmac011215EPG5_7000_17390_17520,Lab2Cmac011215EPG5,,timesfm_quantile,default,,0.0072,0.0098,0.66604,0.01085,7.9,,1901.4,22826,1,0.00574,ok
ucr,150_UCR_Anomaly_Lab2Cmac011215EPG6_7000_12190_12420,Lab2Cmac011215EPG6,,chronos_small_resid,default,,0.00674,0.01013,0.6676,0.00116,0.31,,1593.6,22859,1,0.01011,ok
ucr,150_UCR_Anomaly_Lab2Cmac011215EPG6_7000_12190_12420,Lab2Cmac011215EPG6,,chronos_small_quantile,default,,0.00901,0.01301,0.68829,0.0019,0.31,,1593.6,22859,1,0.01011,ok
ucr,150_UCR_Anomaly_Lab2Cmac011215EPG6_7000_12190_12420,Lab2Cmac011215EPG6,,chronos_base_resid,default,,0.00696,0.01066,0.65325,0.00045,0.63,,1824.4,22859,1,0.01011,ok
ucr,150_UCR_Anomaly_Lab2Cmac011215EPG6_7000_12190_12420,Lab2Cmac011215EPG6,,chronos_base_quantile,default,,0.00982,0.01346,0.65534,0.00038,0.63,,1824.4,22859,1,0.01011,ok
ucr,150_UCR_Anomaly_Lab2Cmac011215EPG6_7000_12190_12420,Lab2Cmac011215EPG6,,timesfm_resid,default,,0.00693,0.01073,0.65462,0.0006,8.39,,1901.4,22859,1,0.01011,ok
ucr,150_UCR_Anomaly_Lab2Cmac011215EPG6_7000_12190_12420,Lab2Cmac011215EPG6,,timesfm_quantile,default,,0.01011,0.01416,0.65545,0.0,8.39,,1901.4,22859,1,0.01011,ok
ucr,151_UCR_Anomaly_MesoplodonDensirostris_10000_19280_19440,MesoplodonDensirostris,,chronos_small_resid,default,,0.02649,0.02748,0.75125,0.06699,0.45,,1578.1,14667,1,0.01098,ok
ucr,151_UCR_Anomaly_MesoplodonDensirostris_10000_19280_19440,MesoplodonDensirostris,,chronos_small_quantile,default,,0.01278,0.01726,0.74049,0.02059,0.45,,1578.1,14667,1,0.01098,ok
ucr,151_UCR_Anomaly_MesoplodonDensirostris_10000_19280_19440,MesoplodonDensirostris,,chronos_base_resid,default,,0.02805,0.02609,0.75608,0.05529,0.38,,1797.3,14667,1,0.01098,ok
ucr,151_UCR_Anomaly_MesoplodonDensirostris_10000_19280_19440,MesoplodonDensirostris,,chronos_base_quantile,default,,0.01176,0.01663,0.73531,0.01724,0.38,,1797.3,14667,1,0.01098,ok
ucr,151_UCR_Anomaly_MesoplodonDensirostris_10000_19280_19440,MesoplodonDensirostris,,timesfm_resid,default,,0.07124,0.03524,0.96617,0.23915,5.32,,1901.4,14667,1,0.01098,ok
ucr,151_UCR_Anomaly_MesoplodonDensirostris_10000_19280_19440,MesoplodonDensirostris,,timesfm_quantile,default,,0.08605,0.0445,0.86498,0.23357,5.32,,1901.4,14667,1,0.01098,ok
ucr,152_UCR_Anomaly_PowerDemand1_9000_18485_18821,PowerDemand1,,chronos_small_resid,default,,0.05684,0.06418,0.7332,0.12675,0.32,,1593.6,20931,1,0.0161,ok
ucr,152_UCR_Anomaly_PowerDemand1_9000_18485_18821,PowerDemand1,,chronos_small_quantile,default,,0.04523,0.03029,0.95502,0.225,0.32,,1593.6,20931,1,0.0161,ok
ucr,152_UCR_Anomaly_PowerDemand1_9000_18485_18821,PowerDemand1,,chronos_base_resid,default,,0.05046,0.05986,0.72591,0.11117,0.67,,1824.4,20931,1,0.0161,ok
ucr,152_UCR_Anomaly_PowerDemand1_9000_18485_18821,PowerDemand1,,chronos_base_quantile,default,,0.04268,0.02774,0.95502,0.225,0.67,,1824.4,20931,1,0.0161,ok
ucr,152_UCR_Anomaly_PowerDemand1_9000_18485_18821,PowerDemand1,,timesfm_resid,default,,0.04516,0.05285,0.69518,0.10325,8.26,,1901.4,20931,1,0.0161,ok
ucr,152_UCR_Anomaly_PowerDemand1_9000_18485_18821,PowerDemand1,,timesfm_quantile,default,,0.02263,0.02677,0.68216,0.04594,8.26,,1901.4,20931,1,0.0161,ok
ucr,153_UCR_Anomaly_PowerDemand2_14000_23357_23717,PowerDemand2,,chronos_small_resid,default,,0.02245,0.03112,0.66322,0.0237,0.2,,1587.6,15931,1,0.02266,ok
ucr,153_UCR_Anomaly_PowerDemand2_14000_23357_23717,PowerDemand2,,chronos_small_quantile,default,,0.0235,0.03392,0.71697,0.01578,0.2,,1587.6,15931,1,0.02266,ok
ucr,153_UCR_Anomaly_PowerDemand2_14000_23357_23717,PowerDemand2,,chronos_base_resid,default,,0.0223,0.03087,0.67273,0.02062,0.4,,1813.2,15931,1,0.02266,ok
ucr,153_UCR_Anomaly_PowerDemand2_14000_23357_23717,PowerDemand2,,chronos_base_quantile,default,,0.02325,0.03307,0.71904,0.01413,0.4,,1813.2,15931,1,0.02266,ok
ucr,153_UCR_Anomaly_PowerDemand2_14000_23357_23717,PowerDemand2,,timesfm_resid,default,,0.02201,0.0284,0.66645,0.02195,5.13,,1901.4,15931,1,0.02266,ok
ucr,153_UCR_Anomaly_PowerDemand2_14000_23357_23717,PowerDemand2,,timesfm_quantile,default,,0.02292,0.03192,0.72734,0.02577,5.13,,1901.4,15931,1,0.02266,ok
ucr,154_UCR_Anomaly_PowerDemand3_16000_23405_23477,PowerDemand3,,chronos_small_resid,default,,0.01414,0.02436,0.66242,0.03528,0.18,,1570.2,13931,1,0.00524,ok
ucr,154_UCR_Anomaly_PowerDemand3_16000_23405_23477,PowerDemand3,,chronos_small_quantile,default,,0.03188,0.01387,0.81536,0.15,0.18,,1570.2,13931,1,0.00524,ok
ucr,154_UCR_Anomaly_PowerDemand3_16000_23405_23477,PowerDemand3,,chronos_base_resid,default,,0.02417,0.03653,0.6726,0.06356,0.35,,1767.7,13931,1,0.00524,ok
ucr,154_UCR_Anomaly_PowerDemand3_16000_23405_23477,PowerDemand3,,chronos_base_quantile,default,,0.03157,0.01357,0.81991,0.15458,0.35,,1767.7,13931,1,0.00524,ok
ucr,154_UCR_Anomaly_PowerDemand3_16000_23405_23477,PowerDemand3,,timesfm_resid,default,,0.01302,0.01987,0.64985,0.02925,5.35,,1901.4,13931,1,0.00524,ok
ucr,154_UCR_Anomaly_PowerDemand3_16000_23405_23477,PowerDemand3,,timesfm_quantile,default,,0.02367,0.01693,0.768,0.11912,5.35,,1901.4,13931,1,0.00524,ok
ucr,155_UCR_Anomaly_PowerDemand4_18000_24005_24077,PowerDemand4,,chronos_small_resid,default,,0.16068,0.08302,0.89759,0.33169,0.2,,1552.9,11931,1,0.00612,ok
ucr,155_UCR_Anomaly_PowerDemand4_18000_24005_24077,PowerDemand4,,chronos_small_quantile,default,,0.10756,0.06667,0.84016,0.24962,0.2,,1552.9,11931,1,0.00612,ok
ucr,155_UCR_Anomaly_PowerDemand4_18000_24005_24077,PowerDemand4,,chronos_base_resid,default,,0.17157,0.09327,0.89791,0.35243,0.63,,1722.2,11931,1,0.00612,ok
ucr,155_UCR_Anomaly_PowerDemand4_18000_24005_24077,PowerDemand4,,chronos_base_quantile,default,,0.06148,0.03913,0.76601,0.1572,0.63,,1722.2,11931,1,0.00612,ok
ucr,155_UCR_Anomaly_PowerDemand4_18000_24005_24077,PowerDemand4,,timesfm_resid,default,,0.0734,0.04879,0.74202,0.19619,3.99,,1901.4,11931,1,0.00612,ok
ucr,155_UCR_Anomaly_PowerDemand4_18000_24005_24077,PowerDemand4,,timesfm_quantile,default,,0.06096,0.03434,0.87315,0.18996,3.99,,1901.4,11931,1,0.00612,ok
ucr,156_UCR_Anomaly_TkeepFifthMARS_3500_5988_6085,TkeepFifthMARS,,chronos_small_resid,default,,0.06601,0.10907,0.97851,0.16993,0.15,,1517.7,7834,1,0.01251,ok
ucr,156_UCR_Anomaly_TkeepFifthMARS_3500_5988_6085,TkeepFifthMARS,,chronos_small_quantile,default,,0.06013,0.10555,0.98203,0.13817,0.15,,1517.7,7834,1,0.01251,ok
ucr,156_UCR_Anomaly_TkeepFifthMARS_3500_5988_6085,TkeepFifthMARS,,chronos_base_resid,default,,0.09009,0.1272,0.97539,0.22421,0.26,,1629.6,7834,1,0.01251,ok
ucr,156_UCR_Anomaly_TkeepFifthMARS_3500_5988_6085,TkeepFifthMARS,,chronos_base_quantile,default,,0.046,0.09862,0.98363,0.15493,0.26,,1629.6,7834,1,0.01251,ok
ucr,156_UCR_Anomaly_TkeepFifthMARS_3500_5988_6085,TkeepFifthMARS,,timesfm_resid,default,,0.09301,0.15519,0.98946,0.20833,2.65,,1901.4,7834,1,0.01251,ok
ucr,156_UCR_Anomaly_TkeepFifthMARS_3500_5988_6085,TkeepFifthMARS,,timesfm_quantile,default,,0.04912,0.14112,0.98162,0.14531,2.65,,1901.4,7834,1,0.01251,ok
ucr,157_UCR_Anomaly_TkeepFirstMARS_3500_5365_5380,TkeepFirstMARS,,chronos_small_resid,default,,0.00419,0.00507,0.71399,0.00722,0.15,,1517.8,7906,1,0.00202,ok
ucr,157_UCR_Anomaly_TkeepFirstMARS_3500_5365_5380,TkeepFirstMARS,,chronos_small_quantile,default,,0.00351,0.00466,0.68507,0.00632,0.15,,1517.8,7906,1,0.00202,ok
ucr,157_UCR_Anomaly_TkeepFirstMARS_3500_5365_5380,TkeepFirstMARS,,chronos_base_resid,default,,0.004,0.00475,0.72701,0.00722,0.24,,1630.1,7906,1,0.00202,ok
ucr,157_UCR_Anomaly_TkeepFirstMARS_3500_5365_5380,TkeepFirstMARS,,chronos_base_quantile,default,,0.0056,0.00669,0.72018,0.01424,0.24,,1630.1,7906,1,0.00202,ok
ucr,157_UCR_Anomaly_TkeepFirstMARS_3500_5365_5380,TkeepFirstMARS,,timesfm_resid,default,,0.0047,0.00626,0.79863,0.01029,3.09,,1901.4,7906,1,0.00202,ok
ucr,157_UCR_Anomaly_TkeepFirstMARS_3500_5365_5380,TkeepFirstMARS,,timesfm_quantile,default,,0.00702,0.00775,0.83515,0.01419,3.09,,1901.4,7906,1,0.00202,ok
ucr,158_UCR_Anomaly_TkeepForthMARS_3500_5988_6085,TkeepForthMARS,,chronos_small_resid,default,,0.01802,0.02643,0.9413,0.01762,0.17,,1517.7,7808,1,0.01255,ok
ucr,158_UCR_Anomaly_TkeepForthMARS_3500_5988_6085,TkeepForthMARS,,chronos_small_quantile,default,,0.01295,0.02101,0.66072,0.01772,0.17,,1517.7,7808,1,0.01255,ok
ucr,158_UCR_Anomaly_TkeepForthMARS_3500_5988_6085,TkeepForthMARS,,chronos_base_resid,default,,0.01628,0.02619,0.96007,0.10519,0.25,,1628.6,7808,1,0.01255,ok
ucr,158_UCR_Anomaly_TkeepForthMARS_3500_5988_6085,TkeepForthMARS,,chronos_base_quantile,default,,0.01377,0.02012,0.65429,0.0198,0.25,,1628.6,7808,1,0.01255,ok
ucr,158_UCR_Anomaly_TkeepForthMARS_3500_5988_6085,TkeepForthMARS,,timesfm_resid,default,,0.0511,0.05977,0.96311,0.1313,2.54,,1901.4,7808,1,0.01255,ok
ucr,158_UCR_Anomaly_TkeepForthMARS_3500_5988_6085,TkeepForthMARS,,timesfm_quantile,default,,0.07465,0.06195,0.87127,0.1541,2.54,,1901.4,7808,1,0.01255,ok
ucr,159_UCR_Anomaly_TkeepSecondMARS_3500_9330_9340,TkeepSecondMARS,,chronos_small_resid,default,,0.00415,0.00443,0.90393,0.0086,0.13,,1517.8,7888,1,0.00139,ok
ucr,159_UCR_Anomaly_TkeepSecondMARS_3500_9330_9340,TkeepSecondMARS,,chronos_small_quantile,default,,0.00488,0.00494,0.98365,0.01039,0.13,,1517.8,7888,1,0.00139,ok
ucr,159_UCR_Anomaly_TkeepSecondMARS_3500_9330_9340,TkeepSecondMARS,,chronos_base_resid,default,,0.00318,0.00327,0.98085,0.00508,0.25,,1630.1,7888,1,0.00139,ok
ucr,159_UCR_Anomaly_TkeepSecondMARS_3500_9330_9340,TkeepSecondMARS,,chronos_base_quantile,default,,0.00481,0.00467,0.9839,0.01245,0.25,,1630.1,7888,1,0.00139,ok
ucr,159_UCR_Anomaly_TkeepSecondMARS_3500_9330_9340,TkeepSecondMARS,,timesfm_resid,default,,0.03303,0.02826,0.98136,0.08039,2.82,,1901.4,7888,1,0.00139,ok
ucr,159_UCR_Anomaly_TkeepSecondMARS_3500_9330_9340,TkeepSecondMARS,,timesfm_quantile,default,,0.07522,0.05808,0.98365,0.18,2.82,,1901.4,7888,1,0.00139,ok
ucr,160_UCR_Anomaly_TkeepThirdMARS_3500_4711_4809,TkeepThirdMARS,,chronos_small_resid,default,,0.11269,0.06749,0.94214,0.27831,0.14,,1517.7,7808,1,0.01268,ok
ucr,160_UCR_Anomaly_TkeepThirdMARS_3500_4711_4809,TkeepThirdMARS,,chronos_small_quantile,default,,0.02661,0.03219,0.69041,0.0512,0.14,,1517.7,7808,1,0.01268,ok
ucr,160_UCR_Anomaly_TkeepThirdMARS_3500_4711_4809,TkeepThirdMARS,,chronos_base_resid,default,,0.60958,0.41763,0.99732,0.71876,0.22,,1628.6,7808,1,0.01268,ok
ucr,160_UCR_Anomaly_TkeepThirdMARS_3500_4711_4809,TkeepThirdMARS,,chronos_base_quantile,default,,0.06224,0.04241,0.96039,0.24485,0.22,,1628.6,7808,1,0.01268,ok
ucr,160_UCR_Anomaly_TkeepThirdMARS_3500_4711_4809,TkeepThirdMARS,,timesfm_resid,default,,0.07195,0.09446,0.96299,0.18397,2.53,,1901.4,7808,1,0.01268,ok
ucr,160_UCR_Anomaly_TkeepThirdMARS_3500_4711_4809,TkeepThirdMARS,,timesfm_quantile,default,,0.02422,0.03045,0.87593,0.06281,2.53,,1901.4,7808,1,0.01268,ok
ucr,161_UCR_Anomaly_WalkingAceleration1_1500_2764_2995,WalkingAceleration1,,chronos_small_resid,default,,0.03306,0.05118,0.6521,0.01786,0.14,,1493.5,5184,1,0.04475,ok
ucr,161_UCR_Anomaly_WalkingAceleration1_1500_2764_2995,WalkingAceleration1,,chronos_small_quantile,default,,0.0421,0.05979,0.65902,0.01754,0.14,,1493.5,5184,1,0.04475,ok
ucr,161_UCR_Anomaly_WalkingAceleration1_1500_2764_2995,WalkingAceleration1,,chronos_base_resid,default,,0.03523,0.05312,0.64585,0.01786,0.28,,1569.2,5184,1,0.04475,ok
ucr,161_UCR_Anomaly_WalkingAceleration1_1500_2764_2995,WalkingAceleration1,,chronos_base_quantile,default,,0.04432,0.06337,0.65668,0.03226,0.28,,1569.2,5184,1,0.04475,ok
ucr,161_UCR_Anomaly_WalkingAceleration1_1500_2764_2995,WalkingAceleration1,,timesfm_resid,default,,0.03892,0.05788,0.65292,0.03226,2.62,,1901.4,5184,1,0.04475,ok
ucr,161_UCR_Anomaly_WalkingAceleration1_1500_2764_2995,WalkingAceleration1,,timesfm_quantile,default,,0.04244,0.0606,0.66509,0.03226,2.62,,1901.4,5184,1,0.04475,ok
ucr,162_UCR_Anomaly_WalkingAceleration5_2700_5920_5979,WalkingAceleration5,,chronos_small_resid,default,,0.20173,0.20942,0.92344,0.37058,0.19,,1483.4,3984,1,0.01506,ok
ucr,162_UCR_Anomaly_WalkingAceleration5_2700_5920_5979,WalkingAceleration5,,chronos_small_quantile,default,,0.12685,0.10631,0.92344,0.29293,0.19,,1483.4,3984,1,0.01506,ok
ucr,162_UCR_Anomaly_WalkingAceleration5_2700_5920_5979,WalkingAceleration5,,chronos_base_resid,default,,0.19271,0.19755,0.92567,0.37908,0.37,,1540.7,3984,1,0.01506,ok
ucr,162_UCR_Anomaly_WalkingAceleration5_2700_5920_5979,WalkingAceleration5,,chronos_base_quantile,default,,0.08875,0.07941,0.92344,0.19645,0.37,,1540.7,3984,1,0.01506,ok
ucr,162_UCR_Anomaly_WalkingAceleration5_2700_5920_5979,WalkingAceleration5,,timesfm_resid,default,,0.20828,0.20505,0.92344,0.38242,1.47,,1901.4,3984,1,0.01506,ok
ucr,162_UCR_Anomaly_WalkingAceleration5_2700_5920_5979,WalkingAceleration5,,timesfm_quantile,default,,0.3341,0.28083,0.95888,0.54622,1.47,,1901.4,3984,1,0.01506,ok
ucr,163_UCR_Anomaly_apneaecg2_10000_20950_21100,apneaecg2,,chronos_small_resid,default,,0.01288,0.01668,0.89523,0.02504,0.31,,1593.6,28501,1,0.0053,ok
ucr,163_UCR_Anomaly_apneaecg2_10000_20950_21100,apneaecg2,,chronos_small_quantile,default,,0.02434,0.02216,0.80509,0.05513,0.31,,1593.6,28501,1,0.0053,ok
ucr,163_UCR_Anomaly_apneaecg2_10000_20950_21100,apneaecg2,,chronos_base_resid,default,,0.01338,0.01633,0.93313,0.02787,0.69,,1824.4,28501,1,0.0053,ok
ucr,163_UCR_Anomaly_apneaecg2_10000_20950_21100,apneaecg2,,chronos_base_quantile,default,,0.04041,0.03391,0.77651,0.09382,0.69,,1824.4,28501,1,0.0053,ok
ucr,163_UCR_Anomaly_apneaecg2_10000_20950_21100,apneaecg2,,timesfm_resid,default,,0.01473,0.01615,0.73872,0.03111,11.32,,1901.4,28501,1,0.0053,ok
ucr,163_UCR_Anomaly_apneaecg2_10000_20950_21100,apneaecg2,,timesfm_quantile,default,,0.01617,0.01643,0.72479,0.03433,11.32,,1901.4,28501,1,0.0053,ok
ucr,164_UCR_Anomaly_apneaecg3_5000_11111_11211,apneaecg3,,chronos_small_resid,default,,0.0042,0.0055,0.66947,0.00474,0.47,,1593.6,33379,1,0.00303,ok
ucr,164_UCR_Anomaly_apneaecg3_5000_11111_11211,apneaecg3,,chronos_small_quantile,default,,0.00531,0.00616,0.67753,0.01215,0.47,,1593.6,33379,1,0.00303,ok
ucr,164_UCR_Anomaly_apneaecg3_5000_11111_11211,apneaecg3,,chronos_base_resid,default,,0.00426,0.0055,0.67056,0.00772,1.05,,1824.4,33379,1,0.00303,ok
ucr,164_UCR_Anomaly_apneaecg3_5000_11111_11211,apneaecg3,,chronos_base_quantile,default,,0.00378,0.00505,0.68191,0.00647,1.05,,1824.4,33379,1,0.00303,ok
ucr,164_UCR_Anomaly_apneaecg3_5000_11111_11211,apneaecg3,,timesfm_resid,default,,0.0044,0.00542,0.66839,0.00827,13.47,,1901.4,33379,1,0.00303,ok
ucr,164_UCR_Anomaly_apneaecg3_5000_11111_11211,apneaecg3,,timesfm_quantile,default,,0.00497,0.00575,0.67574,0.01245,13.47,,1901.4,33379,1,0.00303,ok
ucr,165_UCR_Anomaly_apneaecg4_6000_16000_16100,apneaecg4,,chronos_small_resid,default,,0.00215,0.00345,0.66794,0.00067,0.34,,1593.6,32269,1,0.00313,ok
ucr,165_UCR_Anomaly_apneaecg4_6000_16000_16100,apneaecg4,,chronos_small_quantile,default,,0.00313,0.00457,0.68436,0.0,0.34,,1593.6,32269,1,0.00313,ok
ucr,165_UCR_Anomaly_apneaecg4_6000_16000_16100,apneaecg4,,chronos_base_resid,default,,0.00211,0.00351,0.66421,0.00081,0.77,,1824.4,32269,1,0.00313,ok
ucr,165_UCR_Anomaly_apneaecg4_6000_16000_16100,apneaecg4,,chronos_base_quantile,default,,0.00313,0.00459,0.67913,0.0,0.77,,1824.4,32269,1,0.00313,ok
ucr,165_UCR_Anomaly_apneaecg4_6000_16000_16100,apneaecg4,,timesfm_resid,default,,0.00212,0.00344,0.67037,7e-05,10.26,,1901.4,32269,1,0.00313,ok
ucr,165_UCR_Anomaly_apneaecg4_6000_16000_16100,apneaecg4,,timesfm_quantile,default,,0.00313,0.00449,0.72003,0.0,10.26,,1901.4,32269,1,0.00313,ok
ucr,166_UCR_Anomaly_apneaecg_10000_12240_12308,apneaecg,,chronos_small_resid,default,,0.00269,0.00309,0.72465,0.00374,0.33,,1593.6,28501,1,0.00242,ok
ucr,166_UCR_Anomaly_apneaecg_10000_12240_12308,apneaecg,,chronos_small_quantile,default,,0.00231,0.00349,0.67267,0.00036,0.33,,1593.6,28501,1,0.00242,ok
ucr,166_UCR_Anomaly_apneaecg_10000_12240_12308,apneaecg,,chronos_base_resid,default,,0.00258,0.003,0.71953,0.00358,0.74,,1824.4,28501,1,0.00242,ok
ucr,166_UCR_Anomaly_apneaecg_10000_12240_12308,apneaecg,,chronos_base_quantile,default,,0.00231,0.00346,0.74651,0.00077,0.74,,1824.4,28501,1,0.00242,ok
ucr,166_UCR_Anomaly_apneaecg_10000_12240_12308,apneaecg,,timesfm_resid,default,,0.00329,0.0035,0.69425,0.00506,10.79,,1901.4,28501,1,0.00242,ok
ucr,166_UCR_Anomaly_apneaecg_10000_12240_12308,apneaecg,,timesfm_quantile,default,,0.0027,0.0036,0.79312,0.00431,10.79,,1901.4,28501,1,0.00242,ok
ucr,167_UCR_Anomaly_gait1_20000_38500_38800,gait1,,chronos_small_resid,default,,0.00647,0.00943,0.78397,0.0065,0.54,,1593.6,45000,1,0.00669,ok
ucr,167_UCR_Anomaly_gait1_20000_38500_38800,gait1,,chronos_small_quantile,default,,0.00611,0.00876,0.70312,0.00703,0.54,,1593.6,45000,1,0.00669,ok
ucr,167_UCR_Anomaly_gait1_20000_38500_38800,gait1,,chronos_base_resid,default,,0.00612,0.00857,0.71484,0.00551,1.07,,1824.4,45000,1,0.00669,ok
ucr,167_UCR_Anomaly_gait1_20000_38500_38800,gait1,,chronos_base_quantile,default,,0.00632,0.0083,0.67889,0.00067,1.07,,1824.4,45000,1,0.00669,ok
ucr,167_UCR_Anomaly_gait1_20000_38500_38800,gait1,,timesfm_resid,default,,0.00707,0.00897,0.66482,0.01178,14.82,,1901.4,45000,1,0.00669,ok
ucr,167_UCR_Anomaly_gait1_20000_38500_38800,gait1,,timesfm_quantile,default,,0.00677,0.00883,0.70184,0.00846,14.82,,1901.4,45000,1,0.00669,ok
ucr,168_UCR_Anomaly_gait2_22000_46500_46800,gait2,,chronos_small_resid,default,,0.00686,0.0095,0.6874,0.00589,0.48,,1593.6,43000,1,0.007,ok
ucr,168_UCR_Anomaly_gait2_22000_46500_46800,gait2,,chronos_small_quantile,default,,0.00658,0.00873,0.74431,0.00703,0.48,,1593.6,43000,1,0.007,ok
ucr,168_UCR_Anomaly_gait2_22000_46500_46800,gait2,,chronos_base_resid,default,,0.00686,0.00972,0.78828,0.00891,1.04,,1824.4,43000,1,0.007,ok
ucr,168_UCR_Anomaly_gait2_22000_46500_46800,gait2,,chronos_base_quantile,default,,0.00907,0.01142,0.67832,0.02149,1.04,,1824.4,43000,1,0.007,ok
ucr,168_UCR_Anomaly_gait2_22000_46500_46800,gait2,,timesfm_resid,default,,0.0106,0.01549,0.78468,0.02165,14.65,,1901.4,43000,1,0.007,ok
ucr,168_UCR_Anomaly_gait2_22000_46500_46800,gait2,,timesfm_quantile,default,,0.00951,0.01391,0.76898,0.01477,14.65,,1901.4,43000,1,0.007,ok
ucr,169_UCR_Anomaly_gait3_24500_59900_60500,gait3,,chronos_small_resid,default,,0.02946,0.02288,0.89112,0.15524,0.51,,1593.6,40500,1,0.01484,ok
ucr,169_UCR_Anomaly_gait3_24500_59900_60500,gait3,,chronos_small_quantile,default,,0.0161,0.01821,0.69486,0.02049,0.51,,1593.6,40500,1,0.01484,ok
ucr,169_UCR_Anomaly_gait3_24500_59900_60500,gait3,,chronos_base_resid,default,,0.01802,0.02051,0.72715,0.02941,0.84,,1824.4,40500,1,0.01484,ok
ucr,169_UCR_Anomaly_gait3_24500_59900_60500,gait3,,chronos_base_quantile,default,,0.02371,0.02634,0.69332,0.04034,0.84,,1824.4,40500,1,0.01484,ok
ucr,169_UCR_Anomaly_gait3_24500_59900_60500,gait3,,timesfm_resid,default,,0.02251,0.02456,0.89469,0.04851,13.24,,1901.4,40500,1,0.01484,ok
ucr,169_UCR_Anomaly_gait3_24500_59900_60500,gait3,,timesfm_quantile,default,,0.01618,0.01912,0.79323,0.02288,13.24,,1901.4,40500,1,0.01484,ok
ucr,170_UCR_Anomaly_gaitHunt1_18500_33070_33180,gaitHunt1,,chronos_small_resid,default,,0.00334,0.00448,0.70338,0.00638,0.65,,1593.6,45500,1,0.00244,ok
ucr,170_UCR_Anomaly_gaitHunt1_18500_33070_33180,gaitHunt1,,chronos_small_quantile,default,,0.00272,0.0044,0.99387,0.00498,0.65,,1593.6,45500,1,0.00244,ok
ucr,170_UCR_Anomaly_gaitHunt1_18500_33070_33180,gaitHunt1,,chronos_base_resid,default,,0.00457,0.00531,0.8516,0.01005,1.09,,1824.4,45500,1,0.00244,ok
ucr,170_UCR_Anomaly_gaitHunt1_18500_33070_33180,gaitHunt1,,chronos_base_quantile,default,,0.00331,0.00415,0.65472,0.00522,1.09,,1824.4,45500,1,0.00244,ok
ucr,170_UCR_Anomaly_gaitHunt1_18500_33070_33180,gaitHunt1,,timesfm_resid,default,,0.00314,0.00391,0.65609,0.00534,17.19,,1901.4,45500,1,0.00244,ok
ucr,170_UCR_Anomaly_gaitHunt1_18500_33070_33180,gaitHunt1,,timesfm_quantile,default,,0.00294,0.00395,0.64778,0.0048,17.19,,1901.4,45500,1,0.00244,ok
ucr,171_UCR_Anomaly_gaitHunt2_18500_31200_31850,gaitHunt2,,chronos_small_resid,default,,0.01941,0.02143,0.72269,0.03275,0.51,,1593.6,45500,1,0.01431,ok
ucr,171_UCR_Anomaly_gaitHunt2_18500_31200_31850,gaitHunt2,,chronos_small_quantile,default,,0.01519,0.01737,0.68557,0.01928,0.51,,1593.6,45500,1,0.01431,ok
ucr,171_UCR_Anomaly_gaitHunt2_18500_31200_31850,gaitHunt2,,chronos_base_resid,default,,0.02152,0.02332,0.75271,0.03908,1.38,,1824.4,45500,1,0.01431,ok
ucr,171_UCR_Anomaly_gaitHunt2_18500_31200_31850,gaitHunt2,,chronos_base_quantile,default,,0.01383,0.01612,0.66341,0.00735,1.38,,1824.4,45500,1,0.01431,ok
ucr,171_UCR_Anomaly_gaitHunt2_18500_31200_31850,gaitHunt2,,timesfm_resid,default,,0.01357,0.01549,0.65724,0.01625,17.69,,1901.4,45500,1,0.01431,ok
ucr,171_UCR_Anomaly_gaitHunt2_18500_31200_31850,gaitHunt2,,timesfm_quantile,default,,0.01417,0.0161,0.65501,0.01656,17.69,,1901.4,45500,1,0.01431,ok
ucr,172_UCR_Anomaly_gaitHunt3_23400_38400_39200,gaitHunt3,,chronos_small_resid,default,,0.02491,0.02678,0.74588,0.03133,0.7,,1593.6,40600,1,0.01973,ok
ucr,172_UCR_Anomaly_gaitHunt3_23400_38400_39200,gaitHunt3,,chronos_small_quantile,default,,0.01992,0.02201,0.8595,0.02064,0.7,,1593.6,40600,1,0.01973,ok
ucr,172_UCR_Anomaly_gaitHunt3_23400_38400_39200,gaitHunt3,,chronos_base_resid,default,,0.02636,0.0283,0.699,0.03545,1.3,,1824.4,40600,1,0.01973,ok
ucr,172_UCR_Anomaly_gaitHunt3_23400_38400_39200,gaitHunt3,,chronos_base_quantile,default,,0.0193,0.02165,0.75724,0.01291,1.3,,1824.4,40600,1,0.01973,ok
ucr,172_UCR_Anomaly_gaitHunt3_23400_38400_39200,gaitHunt3,,timesfm_resid,default,,0.02277,0.02628,0.69333,0.03004,16.38,,1901.4,40600,1,0.01973,ok
ucr,172_UCR_Anomaly_gaitHunt3_23400_38400_39200,gaitHunt3,,timesfm_quantile,default,,0.01935,0.02199,0.72532,0.01043,16.38,,1901.4,40600,1,0.01973,ok
ucr,173_UCR_Anomaly_insectEPG1_3000_7000_7030,insectEPG1,,chronos_small_resid,default,,0.00464,0.0066,0.70785,0.0066,0.15,,1509.7,7001,1,0.00443,ok
ucr,173_UCR_Anomaly_insectEPG1_3000_7000_7030,insectEPG1,,chronos_small_quantile,default,,0.00451,0.00626,0.71371,0.0053,0.15,,1509.7,7001,1,0.00443,ok
ucr,173_UCR_Anomaly_insectEPG1_3000_7000_7030,insectEPG1,,chronos_base_resid,default,,0.00571,0.00768,0.71387,0.00932,0.23,,1612.4,7001,1,0.00443,ok
ucr,173_UCR_Anomaly_insectEPG1_3000_7000_7030,insectEPG1,,chronos_base_quantile,default,,0.0051,0.00712,0.68431,0.00662,0.23,,1612.4,7001,1,0.00443,ok
ucr,173_UCR_Anomaly_insectEPG1_3000_7000_7030,insectEPG1,,timesfm_resid,default,,0.00786,0.0092,0.71693,0.01627,2.85,,1901.4,7001,1,0.00443,ok
ucr,173_UCR_Anomaly_insectEPG1_3000_7000_7030,insectEPG1,,timesfm_quantile,default,,0.00535,0.0071,0.67501,0.00898,2.85,,1901.4,7001,1,0.00443,ok
ucr,174_UCR_Anomaly_insectEPG2_3700_8000_8025,insectEPG2,,chronos_small_resid,default,,0.0103,0.01481,0.96951,0.02219,0.15,,1503.6,6298,1,0.00413,ok
ucr,174_UCR_Anomaly_insectEPG2_3700_8000_8025,insectEPG2,,chronos_small_quantile,default,,0.01808,0.02209,0.75981,0.03522,0.15,,1503.6,6298,1,0.00413,ok
ucr,174_UCR_Anomaly_insectEPG2_3700_8000_8025,insectEPG2,,chronos_base_resid,default,,0.02088,0.01969,0.73617,0.05546,0.49,,1598.6,6298,1,0.00413,ok
ucr,174_UCR_Anomaly_insectEPG2_3700_8000_8025,insectEPG2,,chronos_base_quantile,default,,0.01663,0.01611,0.66493,0.03884,0.49,,1598.6,6298,1,0.00413,ok
ucr,174_UCR_Anomaly_insectEPG2_3700_8000_8025,insectEPG2,,timesfm_resid,default,,0.0205,0.01854,0.72478,0.04805,2.54,,1901.4,6298,1,0.00413,ok
ucr,174_UCR_Anomaly_insectEPG2_3700_8000_8025,insectEPG2,,timesfm_quantile,default,,0.01411,0.0129,0.66833,0.03755,2.54,,1901.4,6298,1,0.00413,ok
ucr,175_UCR_Anomaly_insectEPG3_5200_7000_7050,insectEPG3,,chronos_small_resid,default,,0.00902,0.01259,0.63123,0.00293,0.13,,1490.2,4798,1,0.01063,ok
ucr,175_UCR_Anomaly_insectEPG3_5200_7000_7050,insectEPG3,,chronos_small_quantile,default,,0.00895,0.01354,0.61412,0.00228,0.13,,1490.2,4798,1,0.01063,ok
ucr,175_UCR_Anomaly_insectEPG3_5200_7000_7050,insectEPG3,,chronos_base_resid,default,,0.01089,0.01453,0.72043,0.01124,0.24,,1558.1,4798,1,0.01063,ok
ucr,175_UCR_Anomaly_insectEPG3_5200_7000_7050,insectEPG3,,chronos_base_quantile,default,,0.01014,0.01464,0.65327,0.01253,0.24,,1558.1,4798,1,0.01063,ok
ucr,175_UCR_Anomaly_insectEPG3_5200_7000_7050,insectEPG3,,timesfm_resid,default,,0.0101,0.01399,0.73707,0.01164,2.88,,1901.4,4798,1,0.01063,ok
ucr,175_UCR_Anomaly_insectEPG3_5200_7000_7050,insectEPG3,,timesfm_quantile,default,,0.01004,0.01484,0.74867,0.00997,2.88,,1901.4,4798,1,0.01063,ok
ucr,176_UCR_Anomaly_insectEPG4_1300_6508_6558,insectEPG4,,chronos_small_resid,default,,0.0074,0.00958,0.6896,0.01013,0.14,,1525.8,8698,1,0.00586,ok
ucr,176_UCR_Anomaly_insectEPG4_1300_6508_6558,insectEPG4,,chronos_small_quantile,default,,0.00748,0.00953,0.67757,0.01539,0.14,,1525.8,8698,1,0.00586,ok
ucr,176_UCR_Anomaly_insectEPG4_1300_6508_6558,insectEPG4,,chronos_base_resid,default,,0.0105,0.01165,0.70188,0.02124,0.26,,1648.6,8698,1,0.00586,ok
ucr,176_UCR_Anomaly_insectEPG4_1300_6508_6558,insectEPG4,,chronos_base_quantile,default,,0.01541,0.01102,0.85616,0.08593,0.26,,1648.6,8698,1,0.00586,ok
ucr,176_UCR_Anomaly_insectEPG4_1300_6508_6558,insectEPG4,,timesfm_resid,default,,0.01469,0.01269,0.69376,0.03481,4.1,,1901.4,8698,1,0.00586,ok
ucr,176_UCR_Anomaly_insectEPG4_1300_6508_6558,insectEPG4,,timesfm_quantile,default,,0.00765,0.00944,0.65857,0.01485,4.1,,1901.4,8698,1,0.00586,ok
ucr,177_UCR_Anomaly_insectEPG5_3200_8500_8501,insectEPG5,,chronos_small_resid,default,,0.0005,0.00087,0.8524,0.0,0.17,,1508.7,6828,1,0.00029,ok
ucr,177_UCR_Anomaly_insectEPG5_3200_8500_8501,insectEPG5,,chronos_small_quantile,default,,0.00035,0.0007,0.83144,0.0,0.17,,1508.7,6828,1,0.00029,ok
ucr,177_UCR_Anomaly_insectEPG5_3200_8500_8501,insectEPG5,,chronos_base_resid,default,,0.00026,0.00045,0.94944,0.0,0.21,,1605.0,6828,1,0.00029,ok
ucr,177_UCR_Anomaly_insectEPG5_3200_8500_8501,insectEPG5,,chronos_base_quantile,default,,0.00029,0.00057,0.67463,0.0,0.21,,1605.0,6828,1,0.00029,ok
ucr,177_UCR_Anomaly_insectEPG5_3200_8500_8501,insectEPG5,,timesfm_resid,default,,0.00088,0.001,0.99593,0.00078,2.61,,1901.4,6828,1,0.00029,ok
ucr,177_UCR_Anomaly_insectEPG5_3200_8500_8501,insectEPG5,,timesfm_quantile,default,,0.00054,0.00069,0.81932,0.00078,2.61,,1901.4,6828,1,0.00029,ok
ucr,178_UCR_Anomaly_ltstdbs30791AI_17555_52600_52800,ltstdbs30791AI,,chronos_small_resid,default,,0.01596,0.01707,0.75456,0.03414,0.46,,1593.6,38568,1,0.00521,ok
ucr,178_UCR_Anomaly_ltstdbs30791AI_17555_52600_52800,ltstdbs30791AI,,chronos_small_quantile,default,,0.00523,0.0077,0.69957,0.00409,0.46,,1593.6,38568,1,0.00521,ok
ucr,178_UCR_Anomaly_ltstdbs30791AI_17555_52600_52800,ltstdbs30791AI,,chronos_base_resid,default,,0.01864,0.02121,0.73151,0.04358,1.01,,1824.4,38568,1,0.00521,ok
ucr,178_UCR_Anomaly_ltstdbs30791AI_17555_52600_52800,ltstdbs30791AI,,chronos_base_quantile,default,,0.00595,0.00838,0.67523,0.0086,1.01,,1824.4,38568,1,0.00521,ok
ucr,178_UCR_Anomaly_ltstdbs30791AI_17555_52600_52800,ltstdbs30791AI,,timesfm_resid,default,,0.05951,0.04446,0.80047,0.14879,14.42,,1901.4,38568,1,0.00521,ok
ucr,178_UCR_Anomaly_ltstdbs30791AI_17555_52600_52800,ltstdbs30791AI,,timesfm_quantile,default,,0.01077,0.01272,0.67004,0.02493,14.42,,1901.4,38568,1,0.00521,ok
ucr,179_UCR_Anomaly_ltstdbs30791AS_23000_52600_52800,ltstdbs30791AS,,chronos_small_resid,default,,0.21305,0.09433,0.96961,0.3603,0.63,,1593.6,32000,1,0.00628,ok
ucr,179_UCR_Anomaly_ltstdbs30791AS_23000_52600_52800,ltstdbs30791AS,,chronos_small_quantile,default,,0.00631,0.00903,0.72069,0.01358,0.63,,1593.6,32000,1,0.00628,ok
ucr,179_UCR_Anomaly_ltstdbs30791AS_23000_52600_52800,ltstdbs30791AS,,chronos_base_resid,default,,0.25367,0.09585,0.99898,0.38357,0.81,,1824.4,32000,1,0.00628,ok
ucr,179_UCR_Anomaly_ltstdbs30791AS_23000_52600_52800,ltstdbs30791AS,,chronos_base_quantile,default,,0.00741,0.0098,0.67624,0.01293,0.81,,1824.4,32000,1,0.00628,ok
ucr,179_UCR_Anomaly_ltstdbs30791AS_23000_52600_52800,ltstdbs30791AS,,timesfm_resid,default,,0.11416,0.05698,0.8873,0.27372,11.43,,1901.4,32000,1,0.00628,ok
ucr,179_UCR_Anomaly_ltstdbs30791AS_23000_52600_52800,ltstdbs30791AS,,timesfm_quantile,default,,0.07656,0.03073,0.90687,0.19028,11.43,,1901.4,32000,1,0.00628,ok
ucr,180_UCR_Anomaly_ltstdbs30791ES_20000_52600_52800,ltstdbs30791ES,,chronos_small_resid,default,,0.00854,0.01095,0.82261,0.01837,0.49,,1593.6,35000,1,0.00574,ok
ucr,180_UCR_Anomaly_ltstdbs30791ES_20000_52600_52800,ltstdbs30791ES,,chronos_small_quantile,default,,0.00538,0.00809,0.66528,0.00222,0.49,,1593.6,35000,1,0.00574,ok
ucr,180_UCR_Anomaly_ltstdbs30791ES_20000_52600_52800,ltstdbs30791ES,,chronos_base_resid,default,,0.00873,0.01156,0.80107,0.01952,1.0,,1824.4,35000,1,0.00574,ok
ucr,180_UCR_Anomaly_ltstdbs30791ES_20000_52600_52800,ltstdbs30791ES,,chronos_base_quantile,default,,0.00552,0.0083,0.66337,0.0028,1.0,,1824.4,35000,1,0.00574,ok
ucr,180_UCR_Anomaly_ltstdbs30791ES_20000_52600_52800,ltstdbs30791ES,,timesfm_resid,default,,0.01646,0.02257,0.693,0.04029,11.79,,1901.4,35000,1,0.00574,ok
ucr,180_UCR_Anomaly_ltstdbs30791ES_20000_52600_52800,ltstdbs30791ES,,timesfm_quantile,default,,0.02149,0.02178,0.77603,0.05606,11.79,,1901.4,35000,1,0.00574,ok
ucr,181_UCR_Anomaly_park3m_60000_72150_72495,park3m,,chronos_small_resid,default,,0.01168,0.01434,0.71383,0.01747,0.5,,1593.6,30000,1,0.01153,ok
ucr,181_UCR_Anomaly_park3m_60000_72150_72495,park3m,,chronos_small_quantile,default,,0.01245,0.01559,0.74673,0.01791,0.5,,1593.6,30000,1,0.01153,ok
ucr,181_UCR_Anomaly_park3m_60000_72150_72495,park3m,,chronos_base_resid,default,,0.01334,0.0158,0.73499,0.02995,0.74,,1824.4,30000,1,0.01153,ok
ucr,181_UCR_Anomaly_park3m_60000_72150_72495,park3m,,chronos_base_quantile,default,,0.0121,0.01497,0.75705,0.01678,0.74,,1824.4,30000,1,0.01153,ok
ucr,181_UCR_Anomaly_park3m_60000_72150_72495,park3m,,timesfm_resid,default,,0.01813,0.02094,0.72935,0.04221,10.68,,1901.4,30000,1,0.01153,ok
ucr,181_UCR_Anomaly_park3m_60000_72150_72495,park3m,,timesfm_quantile,default,,0.01391,0.01722,0.71081,0.02263,10.68,,1901.4,30000,1,0.01153,ok
ucr,182_UCR_Anomaly_qtdbSel1005V_4000_12400_12800,qtdbSel1005V,,chronos_small_resid,default,,0.01032,0.01376,0.65541,0.00429,0.36,,1593.6,32001,1,0.01253,ok
ucr,182_UCR_Anomaly_qtdbSel1005V_4000_12400_12800,qtdbSel1005V,,chronos_small_quantile,default,,0.01253,0.0169,0.66596,0.00745,0.36,,1593.6,32001,1,0.01253,ok
ucr,182_UCR_Anomaly_qtdbSel1005V_4000_12400_12800,qtdbSel1005V,,chronos_base_resid,default,,0.01028,0.01393,0.65583,0.00443,0.79,,1824.4,32001,1,0.01253,ok
ucr,182_UCR_Anomaly_qtdbSel1005V_4000_12400_12800,qtdbSel1005V,,chronos_base_quantile,default,,0.0137,0.0191,0.80871,0.01144,0.79,,1824.4,32001,1,0.01253,ok
ucr,182_UCR_Anomaly_qtdbSel1005V_4000_12400_12800,qtdbSel1005V,,timesfm_resid,default,,0.01398,0.01788,0.6683,0.01756,10.45,,1901.4,32001,1,0.01253,ok
ucr,182_UCR_Anomaly_qtdbSel1005V_4000_12400_12800,qtdbSel1005V,,timesfm_quantile,default,,0.01706,0.01887,0.69002,0.0611,10.45,,1901.4,32001,1,0.01253,ok
ucr,183_UCR_Anomaly_qtdbSel100MLII_4000_13400_13800,qtdbSel100MLII,,chronos_small_resid,default,,0.0118,0.01578,0.67508,0.00617,0.31,,1593.6,26000,1,0.01542,ok
ucr,183_UCR_Anomaly_qtdbSel100MLII_4000_13400_13800,qtdbSel100MLII,,chronos_small_quantile,default,,0.01552,0.02013,0.70693,0.01064,0.31,,1593.6,26000,1,0.01542,ok
ucr,183_UCR_Anomaly_qtdbSel100MLII_4000_13400_13800,qtdbSel100MLII,,chronos_base_resid,default,,0.01157,0.01573,0.67404,0.00615,0.71,,1824.4,26000,1,0.01542,ok
ucr,183_UCR_Anomaly_qtdbSel100MLII_4000_13400_13800,qtdbSel100MLII,,chronos_base_quantile,default,,0.01563,0.01995,0.68067,0.01342,0.71,,1824.4,26000,1,0.01542,ok
ucr,183_UCR_Anomaly_qtdbSel100MLII_4000_13400_13800,qtdbSel100MLII,,timesfm_resid,default,,0.01631,0.02227,0.68002,0.01947,9.33,,1901.4,26000,1,0.01542,ok
ucr,183_UCR_Anomaly_qtdbSel100MLII_4000_13400_13800,qtdbSel100MLII,,timesfm_quantile,default,,0.01988,0.02453,0.71453,0.03275,9.33,,1901.4,26000,1,0.01542,ok
ucr,184_UCR_Anomaly_resperation10_48000_130700_131880,resperation10,,chronos_small_resid,default,,0.01135,0.01178,0.67663,0.01774,1.57,,1593.6,147000,1,0.00803,ok
ucr,184_UCR_Anomaly_resperation10_48000_130700_131880,resperation10,,chronos_small_quantile,default,,0.00722,0.00784,0.66369,0.00619,1.57,,1593.6,147000,1,0.00803,ok
ucr,184_UCR_Anomaly_resperation10_48000_130700_131880,resperation10,,chronos_base_resid,default,,0.00952,0.00991,0.6858,0.01321,3.67,,1824.4,147000,1,0.00803,ok
ucr,184_UCR_Anomaly_resperation10_48000_130700_131880,resperation10,,chronos_base_quantile,default,,0.00783,0.00843,0.67541,0.00792,3.67,,1824.4,147000,1,0.00803,ok
ucr,184_UCR_Anomaly_resperation10_48000_130700_131880,resperation10,,timesfm_resid,default,,0.03112,0.03112,0.67671,0.08276,52.9,,1901.4,147000,1,0.00803,ok
ucr,184_UCR_Anomaly_resperation10_48000_130700_131880,resperation10,,timesfm_quantile,default,,0.00869,0.00917,0.67429,0.01371,52.9,,1901.4,147000,1,0.00803,ok
ucr,185_UCR_Anomaly_resperation11_58000_110800_110801,resperation11,,chronos_small_resid,default,,0.00247,0.00346,0.77611,0.00524,1.5,,1593.6,137000,1,1e-05,ok
ucr,185_UCR_Anomaly_resperation11_58000_110800_110801,resperation11,,chronos_small_quantile,default,,0.00202,0.00118,0.75017,0.00275,1.5,,1593.6,137000,1,1e-05,ok
ucr,185_UCR_Anomaly_resperation11_58000_110800_110801,resperation11,,chronos_base_resid,default,,0.00242,0.00349,0.81708,0.00524,3.12,,1824.4,137000,1,1e-05,ok
ucr,185_UCR_Anomaly_resperation11_58000_110800_110801,resperation11,,chronos_base_quantile,default,,0.02991,0.00336,0.65152,0.01691,3.12,,1824.4,137000,1,1e-05,ok
ucr,185_UCR_Anomaly_resperation11_58000_110800_110801,resperation11,,timesfm_resid,default,,0.26786,0.0318,0.7562,0.05634,46.14,,1901.4,137000,1,1e-05,ok
ucr,185_UCR_Anomaly_resperation11_58000_110800_110801,resperation11,,timesfm_quantile,default,,0.0002,0.00032,0.71728,0.00041,46.14,,1901.4,137000,1,1e-05,ok
ucr,186_UCR_Anomaly_resperation1_100000_110260_110412,resperation1,,chronos_small_resid,default,,0.00148,0.00213,0.67019,0.00162,1.14,,1593.6,100000,1,0.00153,ok
ucr,186_UCR_Anomaly_resperation1_100000_110260_110412,resperation1,,chronos_small_quantile,default,,0.00149,0.00216,0.89865,8e-05,1.14,,1593.6,100000,1,0.00153,ok
ucr,186_UCR_Anomaly_resperation1_100000_110260_110412,resperation1,,chronos_base_resid,default,,0.00101,0.00159,0.67396,0.00024,2.54,,1824.4,100000,1,0.00153,ok
ucr,186_UCR_Anomaly_resperation1_100000_110260_110412,resperation1,,chronos_base_quantile,default,,0.00146,0.00218,0.6437,0.00019,2.54,,1824.4,100000,1,0.00153,ok
ucr,186_UCR_Anomaly_resperation1_100000_110260_110412,resperation1,,timesfm_resid,default,,0.00364,0.00428,0.83471,0.01092,33.16,,1901.4,100000,1,0.00153,ok
ucr,186_UCR_Anomaly_resperation1_100000_110260_110412,resperation1,,timesfm_quantile,default,,0.00328,0.00317,0.78339,0.01359,33.16,,1901.4,100000,1,0.00153,ok
ucr,187_UCR_Anomaly_resperation2_30000_168250_168250,resperation2,,chronos_small_resid,default,,1e-05,1e-05,0.66885,0.0,1.84,,1593.6,170051,1,1e-05,ok
ucr,187_UCR_Anomaly_resperation2_30000_168250_168250,resperation2,,chronos_small_quantile,default,,1e-05,2e-05,0.67412,0.0,1.84,,1593.6,170051,1,1e-05,ok
ucr,187_UCR_Anomaly_resperation2_30000_168250_168250,resperation2,,chronos_base_resid,default,,1e-05,1e-05,0.72834,0.0,3.43,,1824.4,170051,1,1e-05,ok
ucr,187_UCR_Anomaly_resperation2_30000_168250_168250,resperation2,,chronos_base_quantile,default,,1e-05,2e-05,0.71979,0.0,3.43,,1824.4,170051,1,1e-05,ok
ucr,187_UCR_Anomaly_resperation2_30000_168250_168250,resperation2,,timesfm_resid,default,,1e-05,1e-05,0.61007,0.0,56.43,,1901.4,170051,1,1e-05,ok
ucr,187_UCR_Anomaly_resperation2_30000_168250_168250,resperation2,,timesfm_quantile,default,,1e-05,2e-05,0.6656,0.0,56.43,,1901.4,170051,1,1e-05,ok
ucr,188_UCR_Anomaly_resperation2_30000_168250_168251,resperation2,,chronos_small_resid,default,,1e-05,2e-05,0.66824,0.0,2.3,,1593.6,160050,1,1e-05,ok
ucr,188_UCR_Anomaly_resperation2_30000_168250_168251,resperation2,,chronos_small_quantile,default,,1e-05,2e-05,0.67032,0.0,2.3,,1593.6,160050,1,1e-05,ok
ucr,188_UCR_Anomaly_resperation2_30000_168250_168251,resperation2,,chronos_base_resid,default,,1e-05,2e-05,0.7271,0.0,3.95,,1824.4,160050,1,1e-05,ok
ucr,188_UCR_Anomaly_resperation2_30000_168250_168251,resperation2,,chronos_base_quantile,default,,1e-05,2e-05,0.7132,0.0,3.95,,1824.4,160050,1,1e-05,ok
ucr,188_UCR_Anomaly_resperation2_30000_168250_168251,resperation2,,timesfm_resid,default,,1e-05,2e-05,0.61269,0.0,54.43,,1901.4,160050,1,1e-05,ok
ucr,188_UCR_Anomaly_resperation2_30000_168250_168251,resperation2,,timesfm_quantile,default,,1e-05,2e-05,0.66773,0.0,54.43,,1901.4,160050,1,1e-05,ok
ucr,189_UCR_Anomaly_resperation3_45000_158250_158251,resperation3,,chronos_small_resid,default,,1e-05,2e-05,0.6819,0.0,1.57,,1593.6,145100,1,1e-05,ok
ucr,189_UCR_Anomaly_resperation3_45000_158250_158251,resperation3,,chronos_small_quantile,default,,1e-05,3e-05,0.67162,0.0,1.57,,1593.6,145100,1,1e-05,ok
ucr,189_UCR_Anomaly_resperation3_45000_158250_158251,resperation3,,chronos_base_resid,default,,1e-05,2e-05,0.71889,0.0,4.02,,1824.4,145100,1,1e-05,ok
ucr,189_UCR_Anomaly_resperation3_45000_158250_158251,resperation3,,chronos_base_quantile,default,,1e-05,3e-05,0.73105,0.0,4.02,,1824.4,145100,1,1e-05,ok
ucr,189_UCR_Anomaly_resperation3_45000_158250_158251,resperation3,,timesfm_resid,default,,1e-05,2e-05,0.61606,0.0,58.54,,1901.4,145100,1,1e-05,ok
ucr,189_UCR_Anomaly_resperation3_45000_158250_158251,resperation3,,timesfm_quantile,default,,1e-05,3e-05,0.66346,0.0,58.54,,1901.4,145100,1,1e-05,ok
ucr,190_UCR_Anomaly_resperation4_70000_128430_128431,resperation4,,chronos_small_resid,default,,3e-05,4e-05,0.73428,0.0,1.47,,1593.6,125250,1,2e-05,ok
ucr,190_UCR_Anomaly_resperation4_70000_128430_128431,resperation4,,chronos_small_quantile,default,,2e-05,3e-05,0.70064,0.0,1.47,,1593.6,125250,1,2e-05,ok
ucr,190_UCR_Anomaly_resperation4_70000_128430_128431,resperation4,,chronos_base_resid,default,,1e-05,2e-05,0.68182,0.0,3.02,,1824.4,125250,1,2e-05,ok
ucr,190_UCR_Anomaly_resperation4_70000_128430_128431,resperation4,,chronos_base_quantile,default,,2e-05,3e-05,0.75764,0.0,3.02,,1824.4,125250,1,2e-05,ok
ucr,190_UCR_Anomaly_resperation4_70000_128430_128431,resperation4,,timesfm_resid,default,,1e-05,2e-05,0.74707,0.0,44.12,,1901.4,125250,1,2e-05,ok
ucr,190_UCR_Anomaly_resperation4_70000_128430_128431,resperation4,,timesfm_quantile,default,,2e-05,3e-05,0.7332,0.0,44.12,,1901.4,125250,1,2e-05,ok
ucr,191_UCR_Anomaly_resperation9_38000_143411_143511,resperation9,,chronos_small_resid,default,,0.00074,0.001,0.70493,0.00078,1.96,,1593.6,157000,1,0.00064,ok
ucr,191_UCR_Anomaly_resperation9_38000_143411_143511,resperation9,,chronos_small_quantile,default,,0.0006,0.00091,0.66876,0.00011,1.96,,1593.6,157000,1,0.00064,ok
ucr,191_UCR_Anomaly_resperation9_38000_143411_143511,resperation9,,chronos_base_resid,default,,0.00076,0.00105,0.80212,0.00088,3.71,,1824.4,157000,1,0.00064,ok
ucr,191_UCR_Anomaly_resperation9_38000_143411_143511,resperation9,,chronos_base_quantile,default,,0.0006,0.00089,0.69218,0.00021,3.71,,1824.4,157000,1,0.00064,ok
ucr,191_UCR_Anomaly_resperation9_38000_143411_143511,resperation9,,timesfm_resid,default,,0.0012,0.00136,0.62413,0.00229,53.07,,1901.4,157000,1,0.00064,ok
ucr,191_UCR_Anomaly_resperation9_38000_143411_143511,resperation9,,timesfm_quantile,default,,0.00077,0.001,0.66312,0.00113,53.07,,1901.4,157000,1,0.00064,ok
ucr,192_UCR_Anomaly_s20101mML2_12000_35774_35874,s20101mML2,,chronos_small_resid,default,,0.01546,0.01753,0.68405,0.07994,0.34,,1593.6,28000,1,0.00361,ok
ucr,192_UCR_Anomaly_s20101mML2_12000_35774_35874,s20101mML2,,chronos_small_quantile,default,,0.00977,0.00986,0.66501,0.02277,0.34,,1593.6,28000,1,0.00361,ok
ucr,192_UCR_Anomaly_s20101mML2_12000_35774_35874,s20101mML2,,chronos_base_resid,default,,0.01379,0.01618,0.68545,0.03311,0.7,,1824.4,28000,1,0.00361,ok
ucr,192_UCR_Anomaly_s20101mML2_12000_35774_35874,s20101mML2,,chronos_base_quantile,default,,0.0178,0.01625,0.67891,0.04288,0.7,,1824.4,28000,1,0.00361,ok
ucr,192_UCR_Anomaly_s20101mML2_12000_35774_35874,s20101mML2,,timesfm_resid,default,,0.04353,0.03064,0.69263,0.09986,9.21,,1901.4,28000,1,0.00361,ok
ucr,192_UCR_Anomaly_s20101mML2_12000_35774_35874,s20101mML2,,timesfm_quantile,default,,0.21798,0.06704,0.91762,0.31541,9.21,,1901.4,28000,1,0.00361,ok
ucr,193_UCR_Anomaly_s20101m_10000_35774_35874,s20101m,,chronos_small_resid,default,,0.00675,0.00567,0.67458,0.06162,0.33,,1593.6,30000,1,0.00337,ok
ucr,193_UCR_Anomaly_s20101m_10000_35774_35874,s20101m,,chronos_small_quantile,default,,0.00389,0.0057,0.64169,0.00632,0.33,,1593.6,30000,1,0.00337,ok
ucr,193_UCR_Anomaly_s20101m_10000_35774_35874,s20101m,,chronos_base_resid,default,,0.01348,0.00666,0.67971,0.06209,0.73,,1824.4,30000,1,0.00337,ok
ucr,193_UCR_Anomaly_s20101m_10000_35774_35874,s20101m,,chronos_base_quantile,default,,0.02437,0.01407,0.83405,0.06218,0.73,,1824.4,30000,1,0.00337,ok
ucr,193_UCR_Anomaly_s20101m_10000_35774_35874,s20101m,,timesfm_resid,default,,0.01376,0.009,0.65165,0.06668,11.14,,1901.4,30000,1,0.00337,ok
ucr,193_UCR_Anomaly_s20101m_10000_35774_35874,s20101m,,timesfm_quantile,default,,0.03399,0.02005,0.67334,0.07206,11.14,,1901.4,30000,1,0.00337,ok
ucr,194_UCR_Anomaly_sddb49_20000_67950_68200,sddb49,,chronos_small_resid,default,,0.01388,0.01399,0.83921,0.03403,0.65,,1593.6,60000,1,0.00418,ok
ucr,194_UCR_Anomaly_sddb49_20000_67950_68200,sddb49,,chronos_small_quantile,default,,0.00725,0.00806,0.74518,0.01535,0.65,,1593.6,60000,1,0.00418,ok
ucr,194_UCR_Anomaly_sddb49_20000_67950_68200,sddb49,,chronos_base_resid,default,,0.05012,0.02487,0.82303,0.13201,1.44,,1824.4,60000,1,0.00418,ok
ucr,194_UCR_Anomaly_sddb49_20000_67950_68200,sddb49,,chronos_base_quantile,default,,0.01231,0.01171,0.68133,0.03428,1.44,,1824.4,60000,1,0.00418,ok
ucr,194_UCR_Anomaly_sddb49_20000_67950_68200,sddb49,,timesfm_resid,default,,0.10554,0.0369,0.77422,0.20984,21.47,,1901.4,60000,1,0.00418,ok
ucr,194_UCR_Anomaly_sddb49_20000_67950_68200,sddb49,,timesfm_quantile,default,,0.10225,0.03193,0.67785,0.20446,21.47,,1901.4,60000,1,0.00418,ok
ucr,195_UCR_Anomaly_sel840mECG1_17000_51370_51740,sel840mECG1,,chronos_small_resid,default,,0.01879,0.01666,0.82337,0.09723,0.48,,1593.6,43000,1,0.00863,ok
ucr,195_UCR_Anomaly_sel840mECG1_17000_51370_51740,sel840mECG1,,chronos_small_quantile,default,,0.00822,0.0105,0.84389,0.00145,0.48,,1593.6,43000,1,0.00863,ok
ucr,195_UCR_Anomaly_sel840mECG1_17000_51370_51740,sel840mECG1,,chronos_base_resid,default,,0.03755,0.03,0.82095,0.12247,1.05,,1824.4,43000,1,0.00863,ok
ucr,195_UCR_Anomaly_sel840mECG1_17000_51370_51740,sel840mECG1,,chronos_base_quantile,default,,0.00846,0.01089,0.82896,0.00492,1.05,,1824.4,43000,1,0.00863,ok
ucr,195_UCR_Anomaly_sel840mECG1_17000_51370_51740,sel840mECG1,,timesfm_resid,default,,0.01318,0.01759,0.78425,0.02602,16.13,,1901.4,43000,1,0.00863,ok
ucr,195_UCR_Anomaly_sel840mECG1_17000_51370_51740,sel840mECG1,,timesfm_quantile,default,,0.011,0.01495,0.71683,0.01814,16.13,,1901.4,43000,1,0.00863,ok
ucr,196_UCR_Anomaly_sel840mECG2_20000_49370_49740,sel840mECG2,,chronos_small_resid,default,,0.0138,0.01601,0.6758,0.029,0.66,,1593.6,37001,1,0.01003,ok
ucr,196_UCR_Anomaly_sel840mECG2_20000_49370_49740,sel840mECG2,,chronos_small_quantile,default,,0.00948,0.01228,0.76803,0.00453,0.66,,1593.6,37001,1,0.01003,ok
ucr,196_UCR_Anomaly_sel840mECG2_20000_49370_49740,sel840mECG2,,chronos_base_resid,default,,0.01313,0.0157,0.68449,0.02883,1.03,,1824.4,37001,1,0.01003,ok
ucr,196_UCR_Anomaly_sel840mECG2_20000_49370_49740,sel840mECG2,,chronos_base_quantile,default,,0.00956,0.01224,0.80608,0.00421,1.03,,1824.4,37001,1,0.01003,ok
ucr,196_UCR_Anomaly_sel840mECG2_20000_49370_49740,sel840mECG2,,timesfm_resid,default,,0.01872,0.02203,0.67173,0.04119,13.57,,1901.4,37001,1,0.01003,ok
ucr,196_UCR_Anomaly_sel840mECG2_20000_49370_49740,sel840mECG2,,timesfm_quantile,default,,0.01243,0.01559,0.65982,0.0205,13.57,,1901.4,37001,1,0.01003,ok
ucr,197_UCR_Anomaly_tiltAPB1_100000_114283_114350,tiltAPB1,,chronos_small_resid,default,,0.00552,0.00739,0.68116,0.01245,0.35,,1593.6,30001,1,0.00227,ok
ucr,197_UCR_Anomaly_tiltAPB1_100000_114283_114350,tiltAPB1,,chronos_small_quantile,default,,0.35599,0.07115,0.99968,0.51238,0.35,,1593.6,30001,1,0.00227,ok
ucr,197_UCR_Anomaly_tiltAPB1_100000_114283_114350,tiltAPB1,,chronos_base_resid,default,,0.01621,0.027,0.70561,0.03951,0.7,,1824.4,30001,1,0.00227,ok
ucr,197_UCR_Anomaly_tiltAPB1_100000_114283_114350,tiltAPB1,,chronos_base_quantile,default,,0.27961,0.07745,0.93594,0.49871,0.7,,1824.4,30001,1,0.00227,ok
ucr,197_UCR_Anomaly_tiltAPB1_100000_114283_114350,tiltAPB1,,timesfm_resid,default,,0.02633,0.02247,0.65309,0.06441,10.27,,1901.4,30001,1,0.00227,ok
ucr,197_UCR_Anomaly_tiltAPB1_100000_114283_114350,tiltAPB1,,timesfm_quantile,default,,0.03329,0.02741,0.67577,0.08321,10.27,,1901.4,30001,1,0.00227,ok
ucr,198_UCR_Anomaly_tiltAPB2_50000_124159_124985,tiltAPB2,,chronos_small_resid,default,,0.01113,0.01298,0.71497,0.01283,0.85,,1593.6,78767,1,0.0105,ok
ucr,198_UCR_Anomaly_tiltAPB2_50000_124159_124985,tiltAPB2,,chronos_small_quantile,default,,0.01097,0.01226,0.78682,0.01397,0.85,,1593.6,78767,1,0.0105,ok
ucr,198_UCR_Anomaly_tiltAPB2_50000_124159_124985,tiltAPB2,,chronos_base_resid,default,,0.01185,0.01326,0.65643,0.01665,2.27,,1824.4,78767,1,0.0105,ok
ucr,198_UCR_Anomaly_tiltAPB2_50000_124159_124985,tiltAPB2,,chronos_base_quantile,default,,0.01037,0.01157,0.76408,0.0116,2.27,,1824.4,78767,1,0.0105,ok
ucr,198_UCR_Anomaly_tiltAPB2_50000_124159_124985,tiltAPB2,,timesfm_resid,default,,0.01582,0.01771,0.65221,0.02419,28.64,,1901.4,78767,1,0.0105,ok
ucr,198_UCR_Anomaly_tiltAPB2_50000_124159_124985,tiltAPB2,,timesfm_quantile,default,,0.01074,0.01297,0.74851,0.013,28.64,,1901.4,78767,1,0.0105,ok
ucr,199_UCR_Anomaly_tiltAPB3_40000_114000_114370,tiltAPB3,,chronos_small_resid,default,,0.00416,0.00547,0.72881,0.0047,1.43,,1593.6,89489,1,0.00415,ok
ucr,199_UCR_Anomaly_tiltAPB3_40000_114000_114370,tiltAPB3,,chronos_small_quantile,default,,0.00397,0.00521,0.78452,0.00555,1.43,,1593.6,89489,1,0.00415,ok
ucr,199_UCR_Anomaly_tiltAPB3_40000_114000_114370,tiltAPB3,,chronos_base_resid,default,,0.00348,0.00448,0.6684,0.00334,2.12,,1824.4,89489,1,0.00415,ok
ucr,199_UCR_Anomaly_tiltAPB3_40000_114000_114370,tiltAPB3,,chronos_base_quantile,default,,0.0043,0.00554,0.76935,0.00572,2.12,,1824.4,89489,1,0.00415,ok
ucr,199_UCR_Anomaly_tiltAPB3_40000_114000_114370,tiltAPB3,,timesfm_resid,default,,0.00399,0.00521,0.64356,0.00435,30.33,,1901.4,89489,1,0.00415,ok
ucr,199_UCR_Anomaly_tiltAPB3_40000_114000_114370,tiltAPB3,,timesfm_quantile,default,,0.00587,0.00688,0.68632,0.01381,30.33,,1901.4,89489,1,0.00415,ok
ucr,200_UCR_Anomaly_tiltAPB4_20000_67995_67996,tiltAPB4,,chronos_small_resid,default,,0.00131,0.00137,0.76872,0.00236,1.21,,1593.6,108001,1,2e-05,ok
ucr,200_UCR_Anomaly_tiltAPB4_20000_67995_67996,tiltAPB4,,chronos_small_quantile,default,,0.00016,0.00022,0.75302,0.00041,1.21,,1593.6,108001,1,2e-05,ok
ucr,200_UCR_Anomaly_tiltAPB4_20000_67995_67996,tiltAPB4,,chronos_base_resid,default,,0.00092,0.00109,0.76883,0.00236,2.57,,1824.4,108001,1,2e-05,ok
ucr,200_UCR_Anomaly_tiltAPB4_20000_67995_67996,tiltAPB4,,chronos_base_quantile,default,,0.00014,0.00022,0.75769,0.00036,2.57,,1824.4,108001,1,2e-05,ok
ucr,200_UCR_Anomaly_tiltAPB4_20000_67995_67996,tiltAPB4,,timesfm_resid,default,,0.00026,0.00051,0.80361,0.00066,36.95,,1901.4,108001,1,2e-05,ok
ucr,200_UCR_Anomaly_tiltAPB4_20000_67995_67996,tiltAPB4,,timesfm_quantile,default,,0.00012,0.00032,0.7425,0.00027,36.95,,1901.4,108001,1,2e-05,ok
ucr,201_UCR_Anomaly_CHARISfive_10000_17001_17016,CHARISfive,,chronos_small_resid,default,,0.00119,0.00146,0.71504,0.00247,0.36,,1593.6,31347,1,0.00051,ok
ucr,201_UCR_Anomaly_CHARISfive_10000_17001_17016,CHARISfive,,chronos_small_quantile,default,,0.00261,0.00198,0.80756,0.00743,0.36,,1593.6,31347,1,0.00051,ok
ucr,201_UCR_Anomaly_CHARISfive_10000_17001_17016,CHARISfive,,chronos_base_resid,default,,0.00202,0.00236,0.70888,0.00454,0.77,,1824.4,31347,1,0.00051,ok
ucr,201_UCR_Anomaly_CHARISfive_10000_17001_17016,CHARISfive,,chronos_base_quantile,default,,0.00167,0.00157,0.65456,0.00363,0.77,,1824.4,31347,1,0.00051,ok
ucr,201_UCR_Anomaly_CHARISfive_10000_17001_17016,CHARISfive,,timesfm_resid,default,,0.00511,0.0034,0.76325,0.0119,10.18,,1901.4,31347,1,0.00051,ok
ucr,201_UCR_Anomaly_CHARISfive_10000_17001_17016,CHARISfive,,timesfm_quantile,default,,0.0009,0.00096,0.61584,0.00164,10.18,,1901.4,31347,1,0.00051,ok
ucr,202_UCR_Anomaly_CHARISfive_10411_10998_11028,CHARISfive,,chronos_small_resid,default,,0.00471,0.00485,0.72171,0.01029,0.36,,1593.6,31379,1,0.00099,ok
ucr,202_UCR_Anomaly_CHARISfive_10411_10998_11028,CHARISfive,,chronos_small_quantile,default,,0.0174,0.01494,0.68777,0.03592,0.36,,1593.6,31379,1,0.00099,ok
ucr,202_UCR_Anomaly_CHARISfive_10411_10998_11028,CHARISfive,,chronos_base_resid,default,,0.00686,0.00603,0.74795,0.01688,0.76,,1824.4,31379,1,0.00099,ok
ucr,202_UCR_Anomaly_CHARISfive_10411_10998_11028,CHARISfive,,chronos_base_quantile,default,,0.01298,0.01043,0.67401,0.03269,0.76,,1824.4,31379,1,0.00099,ok
ucr,202_UCR_Anomaly_CHARISfive_10411_10998_11028,CHARISfive,,timesfm_resid,default,,0.0054,0.00792,0.72296,0.01743,10.66,,1901.4,31379,1,0.00099,ok
ucr,202_UCR_Anomaly_CHARISfive_10411_10998_11028,CHARISfive,,timesfm_quantile,default,,0.00507,0.00644,0.6825,0.01516,10.66,,1901.4,31379,1,0.00099,ok
ucr,203_UCR_Anomaly_CHARISfive_10500_10995_11028,CHARISfive,,chronos_small_resid,default,,0.00193,0.00276,0.77323,0.00361,0.34,,1593.6,31112,1,0.00109,ok
ucr,203_UCR_Anomaly_CHARISfive_10500_10995_11028,CHARISfive,,chronos_small_quantile,default,,0.00141,0.00205,0.68515,0.00168,0.34,,1593.6,31112,1,0.00109,ok
ucr,203_UCR_Anomaly_CHARISfive_10500_10995_11028,CHARISfive,,chronos_base_resid,default,,0.00195,0.00267,0.73432,0.00392,0.74,,1824.4,31112,1,0.00109,ok
ucr,203_UCR_Anomaly_CHARISfive_10500_10995_11028,CHARISfive,,chronos_base_quantile,default,,0.00139,0.0018,0.66066,0.00205,0.74,,1824.4,31112,1,0.00109,ok
ucr,203_UCR_Anomaly_CHARISfive_10500_10995_11028,CHARISfive,,timesfm_resid,default,,0.00239,0.00281,0.89847,0.00557,11.53,,1901.4,31112,1,0.00109,ok
ucr,203_UCR_Anomaly_CHARISfive_10500_10995_11028,CHARISfive,,timesfm_quantile,default,,0.00231,0.00256,0.66606,0.00451,11.53,,1901.4,31112,1,0.00109,ok
ucr,204_UCR_Anomaly_CHARISfive_12412_15000_15070,CHARISfive,,chronos_small_resid,default,,0.22439,0.05062,0.90207,0.27756,0.33,,1593.6,29587,1,0.0024,ok
ucr,204_UCR_Anomaly_CHARISfive_12412_15000_15070,CHARISfive,,chronos_small_quantile,default,,0.03587,0.02884,0.72215,0.0964,0.33,,1593.6,29587,1,0.0024,ok
ucr,204_UCR_Anomaly_CHARISfive_12412_15000_15070,CHARISfive,,chronos_base_resid,default,,0.13488,0.05083,0.8946,0.19195,0.64,,1824.4,29587,1,0.0024,ok
ucr,204_UCR_Anomaly_CHARISfive_12412_15000_15070,CHARISfive,,chronos_base_quantile,default,,0.14849,0.06297,0.82759,0.24323,0.64,,1824.4,29587,1,0.0024,ok
ucr,204_UCR_Anomaly_CHARISfive_12412_15000_15070,CHARISfive,,timesfm_resid,default,,0.26626,0.09229,0.91392,0.30928,13.83,,1901.4,29587,1,0.0024,ok
ucr,204_UCR_Anomaly_CHARISfive_12412_15000_15070,CHARISfive,,timesfm_quantile,default,,0.06855,0.05141,0.74719,0.1449,13.83,,1901.4,29587,1,0.0024,ok
ucr,205_UCR_Anomaly_CHARISfive_9812_28995_29085,CHARISfive,,chronos_small_resid,default,,0.00195,0.00303,0.81851,0.0,0.53,,1593.6,30058,1,0.00303,ok
ucr,205_UCR_Anomaly_CHARISfive_9812_28995_29085,CHARISfive,,chronos_small_quantile,default,,0.00267,0.00502,0.90715,0.00298,0.53,,1593.6,30058,1,0.00303,ok
ucr,205_UCR_Anomaly_CHARISfive_9812_28995_29085,CHARISfive,,chronos_base_resid,default,,0.00214,0.0034,0.66276,0.00012,0.72,,1824.4,30058,1,0.00303,ok
ucr,205_UCR_Anomaly_CHARISfive_9812_28995_29085,CHARISfive,,chronos_base_quantile,default,,0.00275,0.00483,0.89327,0.00298,0.72,,1824.4,30058,1,0.00303,ok
ucr,205_UCR_Anomaly_CHARISfive_9812_28995_29085,CHARISfive,,timesfm_resid,default,,0.00239,0.00389,0.69037,0.00116,13.77,,1901.4,30058,1,0.00303,ok
ucr,205_UCR_Anomaly_CHARISfive_9812_28995_29085,CHARISfive,,timesfm_quantile,default,,0.00311,0.00469,0.69096,0.00298,13.77,,1901.4,30058,1,0.00303,ok
ucr,206_UCR_Anomaly_CHARISten_25130_29080_29140,CHARISten,,chronos_small_resid,default,,0.00319,0.0061,0.71718,0.00319,0.3,,1593.6,16870,1,0.00362,ok
ucr,206_UCR_Anomaly_CHARISten_25130_29080_29140,CHARISten,,chronos_small_quantile,default,,0.00388,0.00601,0.74535,0.00588,0.3,,1593.6,16870,1,0.00362,ok
ucr,206_UCR_Anomaly_CHARISten_25130_29080_29140,CHARISten,,chronos_base_resid,default,,0.0051,0.00752,0.73271,0.00912,0.61,,1824.4,16870,1,0.00362,ok
ucr,206_UCR_Anomaly_CHARISten_25130_29080_29140,CHARISten,,chronos_base_quantile,default,,0.00969,0.01092,0.78901,0.02842,0.61,,1824.4,16870,1,0.00362,ok
ucr,206_UCR_Anomaly_CHARISten_25130_29080_29140,CHARISten,,timesfm_resid,default,,0.03112,0.03284,0.77292,0.08329,8.04,,1901.4,16870,1,0.00362,ok
ucr,206_UCR_Anomaly_CHARISten_25130_29080_29140,CHARISten,,timesfm_quantile,default,,0.05811,0.0511,0.73049,0.11458,8.04,,1901.4,16870,1,0.00362,ok
ucr,207_UCR_Anomaly_CHARISten_3165_26929_26989,CHARISten,,chronos_small_resid,default,,0.00264,0.00321,0.78163,0.00392,0.52,,1593.6,36705,1,0.00166,ok
ucr,207_UCR_Anomaly_CHARISten_3165_26929_26989,CHARISten,,chronos_small_quantile,default,,0.00229,0.00276,0.72209,0.00279,0.52,,1593.6,36705,1,0.00166,ok
ucr,207_UCR_Anomaly_CHARISten_3165_26929_26989,CHARISten,,chronos_base_resid,default,,0.00235,0.00308,0.70106,0.0032,1.01,,1824.4,36705,1,0.00166,ok
ucr,207_UCR_Anomaly_CHARISten_3165_26929_26989,CHARISten,,chronos_base_quantile,default,,0.00204,0.00266,0.70369,0.00309,1.01,,1824.4,36705,1,0.00166,ok
ucr,207_UCR_Anomaly_CHARISten_3165_26929_26989,CHARISten,,timesfm_resid,default,,0.10225,0.04229,0.99841,0.13543,14.41,,1901.4,36705,1,0.00166,ok
ucr,207_UCR_Anomaly_CHARISten_3165_26929_26989,CHARISten,,timesfm_quantile,default,,0.12988,0.0405,0.99866,0.16245,14.41,,1901.4,36705,1,0.00166,ok
ucr,208_UCR_Anomaly_CHARISten_5130_27929_27989,CHARISten,,chronos_small_resid,default,,0.002,0.00263,0.75355,0.00381,0.8,,1593.6,35740,1,0.00171,ok
ucr,208_UCR_Anomaly_CHARISten_5130_27929_27989,CHARISten,,chronos_small_quantile,default,,0.00189,0.0026,0.72426,0.00316,0.8,,1593.6,35740,1,0.00171,ok
ucr,208_UCR_Anomaly_CHARISten_5130_27929_27989,CHARISten,,chronos_base_resid,default,,0.00191,0.00259,0.69983,0.00371,1.02,,1824.4,35740,1,0.00171,ok
ucr,208_UCR_Anomaly_CHARISten_5130_27929_27989,CHARISten,,chronos_base_quantile,default,,0.0019,0.00265,0.69987,0.00312,1.02,,1824.4,35740,1,0.00171,ok
ucr,208_UCR_Anomaly_CHARISten_5130_27929_27989,CHARISten,,timesfm_resid,default,,0.00314,0.00406,0.68051,0.00466,11.62,,1901.4,35740,1,0.00171,ok
ucr,208_UCR_Anomaly_CHARISten_5130_27929_27989,CHARISten,,timesfm_quantile,default,,0.01949,0.01502,0.77628,0.02769,11.62,,1901.4,35740,1,0.00171,ok
ucr,209_UCR_Anomaly_Fantasia_19000_26970_27270,Fantasia,,chronos_small_resid,default,,0.00642,0.00781,0.68334,0.00984,0.84,,1593.6,73000,1,0.00412,ok
ucr,209_UCR_Anomaly_Fantasia_19000_26970_27270,Fantasia,,chronos_small_quantile,default,,0.0044,0.00553,0.67093,0.0036,0.84,,1593.6,73000,1,0.00412,ok
ucr,209_UCR_Anomaly_Fantasia_19000_26970_27270,Fantasia,,chronos_base_resid,default,,0.006,0.0075,0.68451,0.01712,1.7,,1824.4,73000,1,0.00412,ok
ucr,209_UCR_Anomaly_Fantasia_19000_26970_27270,Fantasia,,chronos_base_quantile,default,,0.00462,0.0057,0.6751,0.00734,1.7,,1824.4,73000,1,0.00412,ok
ucr,209_UCR_Anomaly_Fantasia_19000_26970_27270,Fantasia,,timesfm_resid,default,,0.00926,0.00981,0.69872,0.0253,23.64,,1901.4,73000,1,0.00412,ok
ucr,209_UCR_Anomaly_Fantasia_19000_26970_27270,Fantasia,,timesfm_quantile,default,,0.00459,0.00568,0.67637,0.00703,23.64,,1901.4,73000,1,0.00412,ok
ucr,210_UCR_Anomaly_Italianpowerdemand_36123_74900_74996,Italianpowerdemand,,chronos_small_resid,default,,0.00083,0.00124,0.66724,0.00016,0.99,,1593.6,83696,1,0.00116,ok
ucr,210_UCR_Anomaly_Italianpowerdemand_36123_74900_74996,Italianpowerdemand,,chronos_small_quantile,default,,0.00115,0.00169,0.71933,3e-05,0.99,,1593.6,83696,1,0.00116,ok
ucr,210_UCR_Anomaly_Italianpowerdemand_36123_74900_74996,Italianpowerdemand,,chronos_base_resid,default,,0.0008,0.00122,0.67139,0.00026,2.02,,1824.4,83696,1,0.00116,ok
ucr,210_UCR_Anomaly_Italianpowerdemand_36123_74900_74996,Italianpowerdemand,,chronos_base_quantile,default,,0.00114,0.00168,0.70196,6e-05,2.02,,1824.4,83696,1,0.00116,ok
ucr,210_UCR_Anomaly_Italianpowerdemand_36123_74900_74996,Italianpowerdemand,,timesfm_resid,default,,0.00079,0.00118,0.67342,8e-05,30.61,,1901.4,83696,1,0.00116,ok
ucr,210_UCR_Anomaly_Italianpowerdemand_36123_74900_74996,Italianpowerdemand,,timesfm_quantile,default,,0.00108,0.00164,0.69368,0.00027,30.61,,1901.4,83696,1,0.00116,ok
ucr,211_UCR_Anomaly_Italianpowerdemand_38113_39240_39336,Italianpowerdemand,,chronos_small_resid,default,,0.00141,0.00186,0.73222,0.0018,1.07,,1593.6,81467,1,0.00119,ok
ucr,211_UCR_Anomaly_Italianpowerdemand_38113_39240_39336,Italianpowerdemand,,chronos_small_quantile,default,,0.00132,0.0018,0.70128,0.00207,1.07,,1593.6,81467,1,0.00119,ok
ucr,211_UCR_Anomaly_Italianpowerdemand_38113_39240_39336,Italianpowerdemand,,chronos_base_resid,default,,0.00127,0.00171,0.69928,0.00148,1.97,,1824.4,81467,1,0.00119,ok
ucr,211_UCR_Anomaly_Italianpowerdemand_38113_39240_39336,Italianpowerdemand,,chronos_base_quantile,default,,0.00146,0.0019,0.67743,0.00256,1.97,,1824.4,81467,1,0.00119,ok
ucr,211_UCR_Anomaly_Italianpowerdemand_38113_39240_39336,Italianpowerdemand,,timesfm_resid,default,,0.00091,0.00128,0.79338,0.00031,27.92,,1901.4,81467,1,0.00119,ok
ucr,211_UCR_Anomaly_Italianpowerdemand_38113_39240_39336,Italianpowerdemand,,timesfm_quantile,default,,0.0011,0.00166,0.72783,0.00039,27.92,,1901.4,81467,1,0.00119,ok
ucr,212_UCR_Anomaly_Italianpowerdemand_8913_29480_29504,Italianpowerdemand,,chronos_small_resid,default,,0.00879,0.00713,0.7169,0.02123,0.3,,1593.6,21018,1,0.00119,ok
ucr,212_UCR_Anomaly_Italianpowerdemand_8913_29480_29504,Italianpowerdemand,,chronos_small_quantile,default,,0.01422,0.01049,0.66162,0.03039,0.3,,1593.6,21018,1,0.00119,ok
ucr,212_UCR_Anomaly_Italianpowerdemand_8913_29480_29504,Italianpowerdemand,,chronos_base_resid,default,,0.00844,0.00722,0.68379,0.02251,0.61,,1824.4,21018,1,0.00119,ok
ucr,212_UCR_Anomaly_Italianpowerdemand_8913_29480_29504,Italianpowerdemand,,chronos_base_quantile,default,,0.02296,0.01551,0.66509,0.04956,0.61,,1824.4,21018,1,0.00119,ok
ucr,212_UCR_Anomaly_Italianpowerdemand_8913_29480_29504,Italianpowerdemand,,timesfm_resid,default,,0.00421,0.00399,0.68435,0.01056,7.86,,1901.4,21018,1,0.00119,ok
ucr,212_UCR_Anomaly_Italianpowerdemand_8913_29480_29504,Italianpowerdemand,,timesfm_quantile,default,,0.05304,0.01735,0.73773,0.10483,7.86,,1901.4,21018,1,0.00119,ok
ucr,213_UCR_Anomaly_STAFFIIIDatabase_33211_126920_127370,STAFFIIIDatabase,,chronos_small_resid,default,,0.01651,0.00673,0.68097,0.02819,2.96,,1593.6,266789,1,0.00169,ok
ucr,213_UCR_Anomaly_STAFFIIIDatabase_33211_126920_127370,STAFFIIIDatabase,,chronos_small_quantile,default,,0.00174,0.00231,0.74393,0.00243,2.96,,1593.6,266789,1,0.00169,ok
ucr,213_UCR_Anomaly_STAFFIIIDatabase_33211_126920_127370,STAFFIIIDatabase,,chronos_base_resid,default,,0.09955,0.00854,0.80142,0.12733,5.78,,1824.4,266789,1,0.00169,ok
ucr,213_UCR_Anomaly_STAFFIIIDatabase_33211_126920_127370,STAFFIIIDatabase,,chronos_base_quantile,default,,0.00177,0.00232,0.7623,0.00263,5.78,,1824.4,266789,1,0.00169,ok
ucr,213_UCR_Anomaly_STAFFIIIDatabase_33211_126920_127370,STAFFIIIDatabase,,timesfm_resid,default,,0.01168,0.00449,0.68841,0.01958,98.47,,1901.4,266789,1,0.00169,ok
ucr,213_UCR_Anomaly_STAFFIIIDatabase_33211_126920_127370,STAFFIIIDatabase,,timesfm_quantile,default,,0.00208,0.0025,0.70739,0.00398,98.47,,1901.4,266789,1,0.00169,ok
ucr,214_UCR_Anomaly_STAFFIIIDatabase_34211_125720_126370,STAFFIIIDatabase,,chronos_small_resid,default,,0.00255,0.00294,0.67874,0.00309,2.89,,1593.6,265479,1,0.00245,ok
ucr,214_UCR_Anomaly_STAFFIIIDatabase_34211_125720_126370,STAFFIIIDatabase,,chronos_small_quantile,default,,0.0028,0.00328,0.68107,0.00452,2.89,,1593.6,265479,1,0.00245,ok
ucr,214_UCR_Anomaly_STAFFIIIDatabase_34211_125720_126370,STAFFIIIDatabase,,chronos_base_resid,default,,0.0033,0.00364,0.67625,0.00476,6.6,,1824.4,265479,1,0.00245,ok
ucr,214_UCR_Anomaly_STAFFIIIDatabase_34211_125720_126370,STAFFIIIDatabase,,chronos_base_quantile,default,,0.00279,0.00325,0.68207,0.00459,6.6,,1824.4,265479,1,0.00245,ok
ucr,214_UCR_Anomaly_STAFFIIIDatabase_34211_125720_126370,STAFFIIIDatabase,,timesfm_resid,default,,0.00688,0.00428,0.7359,0.0346,86.31,,1901.4,265479,1,0.00245,ok
ucr,214_UCR_Anomaly_STAFFIIIDatabase_34211_125720_126370,STAFFIIIDatabase,,timesfm_quantile,default,,0.00346,0.00379,0.68917,0.00631,86.31,,1901.4,265479,1,0.00245,ok
ucr,215_UCR_Anomaly_STAFFIIIDatabase_36276_106720_107370,STAFFIIIDatabase,,chronos_small_resid,default,,0.00253,0.00276,0.6669,0.00285,2.92,,1593.6,263714,1,0.00247,ok
ucr,215_UCR_Anomaly_STAFFIIIDatabase_36276_106720_107370,STAFFIIIDatabase,,chronos_small_quantile,default,,0.00263,0.00305,0.79595,0.00289,2.92,,1593.6,263714,1,0.00247,ok
ucr,215_UCR_Anomaly_STAFFIIIDatabase_36276_106720_107370,STAFFIIIDatabase,,chronos_base_resid,default,,0.00262,0.00283,0.6655,0.00354,6.11,,1824.4,263714,1,0.00247,ok
ucr,215_UCR_Anomaly_STAFFIIIDatabase_36276_106720_107370,STAFFIIIDatabase,,chronos_base_quantile,default,,0.00278,0.00325,0.82176,0.00498,6.11,,1824.4,263714,1,0.00247,ok
ucr,215_UCR_Anomaly_STAFFIIIDatabase_36276_106720_107370,STAFFIIIDatabase,,timesfm_resid,default,,0.00291,0.00318,0.66375,0.00411,104.18,,1901.4,263714,1,0.00247,ok
ucr,215_UCR_Anomaly_STAFFIIIDatabase_36276_106720_107370,STAFFIIIDatabase,,timesfm_quantile,default,,0.00296,0.00343,0.76066,0.00505,104.18,,1901.4,263714,1,0.00247,ok
ucr,216_UCR_Anomaly_STAFFIIIDatabase_37216_160720_161370,STAFFIIIDatabase,,chronos_small_resid,default,,0.00485,0.00478,0.66539,0.01298,2.9,,1593.6,262674,1,0.00248,ok
ucr,216_UCR_Anomaly_STAFFIIIDatabase_37216_160720_161370,STAFFIIIDatabase,,chronos_small_quantile,default,,0.00448,0.00373,0.73427,0.02768,2.9,,1593.6,262674,1,0.00248,ok
ucr,216_UCR_Anomaly_STAFFIIIDatabase_37216_160720_161370,STAFFIIIDatabase,,chronos_base_resid,default,,0.00297,0.00321,0.67738,0.00414,6.26,,1824.4,262674,1,0.00248,ok
ucr,216_UCR_Anomaly_STAFFIIIDatabase_37216_160720_161370,STAFFIIIDatabase,,chronos_base_quantile,default,,0.00353,0.00347,0.71851,0.02038,6.26,,1824.4,262674,1,0.00248,ok
ucr,216_UCR_Anomaly_STAFFIIIDatabase_37216_160720_161370,STAFFIIIDatabase,,timesfm_resid,default,,0.00362,0.00381,0.67387,0.0062,88.13,,1901.4,262674,1,0.00248,ok
ucr,216_UCR_Anomaly_STAFFIIIDatabase_37216_160720_161370,STAFFIIIDatabase,,timesfm_quantile,default,,0.00513,0.00359,0.67724,0.03744,88.13,,1901.4,262674,1,0.00248,ok
ucr,217_UCR_Anomaly_STAFFIIIDatabase_38211_150720_151370,STAFFIIIDatabase,,chronos_small_resid,default,,0.00233,0.00259,0.81009,0.00324,2.72,,1593.6,261479,1,0.00249,ok
ucr,217_UCR_Anomaly_STAFFIIIDatabase_38211_150720_151370,STAFFIIIDatabase,,chronos_small_quantile,default,,0.00255,0.00288,0.70049,0.00322,2.72,,1593.6,261479,1,0.00249,ok
ucr,217_UCR_Anomaly_STAFFIIIDatabase_38211_150720_151370,STAFFIIIDatabase,,chronos_base_resid,default,,0.00229,0.0025,0.92296,0.00309,5.27,,1824.4,261479,1,0.00249,ok
ucr,217_UCR_Anomaly_STAFFIIIDatabase_38211_150720_151370,STAFFIIIDatabase,,chronos_base_quantile,default,,0.00259,0.00291,0.66381,0.00345,5.27,,1824.4,261479,1,0.00249,ok
ucr,217_UCR_Anomaly_STAFFIIIDatabase_38211_150720_151370,STAFFIIIDatabase,,timesfm_resid,default,,0.00233,0.00274,0.67858,0.00398,113.16,,1901.4,261479,1,0.00249,ok
ucr,217_UCR_Anomaly_STAFFIIIDatabase_38211_150720_151370,STAFFIIIDatabase,,timesfm_quantile,default,,0.0023,0.00266,0.65923,0.00102,113.16,,1901.4,261479,1,0.00249,ok
ucr,218_UCR_Anomaly_STAFFIIIDatabase_41117_210720_211370,STAFFIIIDatabase,,chronos_small_resid,default,,0.0032,0.00326,0.67021,0.01315,2.79,,1593.6,258823,1,0.00252,ok
ucr,218_UCR_Anomaly_STAFFIIIDatabase_41117_210720_211370,STAFFIIIDatabase,,chronos_small_quantile,default,,0.00286,0.00318,0.67275,0.00455,2.79,,1593.6,258823,1,0.00252,ok
ucr,218_UCR_Anomaly_STAFFIIIDatabase_41117_210720_211370,STAFFIIIDatabase,,chronos_base_resid,default,,0.00276,0.00298,0.67208,0.00413,6.04,,1824.4,258823,1,0.00252,ok
ucr,218_UCR_Anomaly_STAFFIIIDatabase_41117_210720_211370,STAFFIIIDatabase,,chronos_base_quantile,default,,0.00277,0.00314,0.6758,0.00414,6.04,,1824.4,258823,1,0.00252,ok
ucr,218_UCR_Anomaly_STAFFIIIDatabase_41117_210720_211370,STAFFIIIDatabase,,timesfm_resid,default,,0.00302,0.00326,0.67875,0.00442,86.27,,1901.4,258823,1,0.00252,ok
ucr,218_UCR_Anomaly_STAFFIIIDatabase_41117_210720_211370,STAFFIIIDatabase,,timesfm_quantile,default,,0.00345,0.00369,0.67558,0.00622,86.27,,1901.4,258823,1,0.00252,ok
ucr,219_UCR_Anomaly_STAFFIIIDatabase_41612_64632_64852,STAFFIIIDatabase,,chronos_small_resid,default,,0.00206,0.00265,0.79556,0.00467,2.76,,1593.6,258228,1,0.00086,ok
ucr,219_UCR_Anomaly_STAFFIIIDatabase_41612_64632_64852,STAFFIIIDatabase,,chronos_small_quantile,default,,0.00113,0.00167,0.89543,0.00209,2.76,,1593.6,258228,1,0.00086,ok
ucr,219_UCR_Anomaly_STAFFIIIDatabase_41612_64632_64852,STAFFIIIDatabase,,chronos_base_resid,default,,0.01051,0.00375,0.82179,0.05212,4.82,,1824.4,258228,1,0.00086,ok
ucr,219_UCR_Anomaly_STAFFIIIDatabase_41612_64632_64852,STAFFIIIDatabase,,chronos_base_quantile,default,,0.00117,0.0017,0.89214,0.00208,4.82,,1824.4,258228,1,0.00086,ok
ucr,219_UCR_Anomaly_STAFFIIIDatabase_41612_64632_64852,STAFFIIIDatabase,,timesfm_resid,default,,0.001,0.00161,0.77612,0.00177,103.7,,1901.4,258228,1,0.00086,ok
ucr,219_UCR_Anomaly_STAFFIIIDatabase_41612_64632_64852,STAFFIIIDatabase,,timesfm_quantile,default,,0.00099,0.00175,0.87183,0.00171,103.7,,1901.4,258228,1,0.00086,ok
ucr,220_UCR_Anomaly_STAFFIIIDatabase_43217_250720_251370,STAFFIIIDatabase,,chronos_small_resid,default,,0.00314,0.00341,0.67971,0.00433,3.23,,1593.6,256573,1,0.00254,ok
ucr,220_UCR_Anomaly_STAFFIIIDatabase_43217_250720_251370,STAFFIIIDatabase,,chronos_small_quantile,default,,0.00246,0.00281,0.67054,0.00242,3.23,,1593.6,256573,1,0.00254,ok
ucr,220_UCR_Anomaly_STAFFIIIDatabase_43217_250720_251370,STAFFIIIDatabase,,chronos_base_resid,default,,0.00312,0.00337,0.67253,0.00396,6.26,,1824.4,256573,1,0.00254,ok
ucr,220_UCR_Anomaly_STAFFIIIDatabase_43217_250720_251370,STAFFIIIDatabase,,chronos_base_quantile,default,,0.00238,0.00273,0.67149,0.00103,6.26,,1824.4,256573,1,0.00254,ok
ucr,220_UCR_Anomaly_STAFFIIIDatabase_43217_250720_251370,STAFFIIIDatabase,,timesfm_resid,default,,0.00334,0.00396,0.68656,0.00426,83.87,,1901.4,256573,1,0.00254,ok
ucr,220_UCR_Anomaly_STAFFIIIDatabase_43217_250720_251370,STAFFIIIDatabase,,timesfm_quantile,default,,0.00241,0.00281,0.68013,0.0027,83.87,,1901.4,256573,1,0.00254,ok
ucr,221_UCR_Anomaly_STAFFIIIDatabase_45616_163632_164852,STAFFIIIDatabase,,chronos_small_resid,default,,0.00389,0.00426,0.74596,0.00407,2.88,,1593.6,252724,1,0.00483,ok
ucr,221_UCR_Anomaly_STAFFIIIDatabase_45616_163632_164852,STAFFIIIDatabase,,chronos_small_quantile,default,,0.00526,0.00568,0.68027,0.00728,2.88,,1593.6,252724,1,0.00483,ok
ucr,221_UCR_Anomaly_STAFFIIIDatabase_45616_163632_164852,STAFFIIIDatabase,,chronos_base_resid,default,,0.0039,0.00426,0.67304,0.00191,5.09,,1824.4,252724,1,0.00483,ok
ucr,221_UCR_Anomaly_STAFFIIIDatabase_45616_163632_164852,STAFFIIIDatabase,,chronos_base_quantile,default,,0.00506,0.00545,0.68014,0.00404,5.09,,1824.4,252724,1,0.00483,ok
ucr,221_UCR_Anomaly_STAFFIIIDatabase_45616_163632_164852,STAFFIIIDatabase,,timesfm_resid,default,,0.00465,0.00497,0.82746,0.00306,100.58,,1901.4,252724,1,0.00483,ok
ucr,221_UCR_Anomaly_STAFFIIIDatabase_45616_163632_164852,STAFFIIIDatabase,,timesfm_quantile,default,,0.00457,0.00494,0.67971,0.0051,100.58,,1901.4,252724,1,0.00483,ok
ucr,222_UCR_Anomaly_mit14046longtermecg_56123_91200_91700,mit14046longtermecg,,chronos_small_resid,default,,0.00414,0.00483,0.89247,0.00732,1.79,,1593.6,155379,1,0.00322,ok
ucr,222_UCR_Anomaly_mit14046longtermecg_56123_91200_91700,mit14046longtermecg,,chronos_small_quantile,default,,0.00307,0.00367,0.70138,0.00199,1.79,,1593.6,155379,1,0.00322,ok
ucr,222_UCR_Anomaly_mit14046longtermecg_56123_91200_91700,mit14046longtermecg,,chronos_base_resid,default,,0.00556,0.00582,0.84137,0.01137,3.65,,1824.4,155379,1,0.00322,ok
ucr,222_UCR_Anomaly_mit14046longtermecg_56123_91200_91700,mit14046longtermecg,,chronos_base_quantile,default,,0.00308,0.00372,0.72061,0.00199,3.65,,1824.4,155379,1,0.00322,ok
ucr,222_UCR_Anomaly_mit14046longtermecg_56123_91200_91700,mit14046longtermecg,,timesfm_resid,default,,0.00557,0.00602,0.71679,0.01072,51.21,,1901.4,155379,1,0.00322,ok
ucr,222_UCR_Anomaly_mit14046longtermecg_56123_91200_91700,mit14046longtermecg,,timesfm_quantile,default,,0.00318,0.00379,0.68106,0.00361,51.21,,1901.4,155379,1,0.00322,ok
ucr,223_UCR_Anomaly_mit14046longtermecg_74123_131200_131700,mit14046longtermecg,,chronos_small_resid,default,,0.00373,0.00423,0.63608,0.00117,1.11,,1593.6,106263,1,0.00471,ok
ucr,223_UCR_Anomaly_mit14046longtermecg_74123_131200_131700,mit14046longtermecg,,chronos_small_quantile,default,,0.00509,0.00585,0.68926,0.00783,1.11,,1593.6,106263,1,0.00471,ok
ucr,223_UCR_Anomaly_mit14046longtermecg_74123_131200_131700,mit14046longtermecg,,chronos_base_resid,default,,0.00354,0.00406,0.63306,0.00123,2.23,,1824.4,106263,1,0.00471,ok
ucr,223_UCR_Anomaly_mit14046longtermecg_74123_131200_131700,mit14046longtermecg,,chronos_base_quantile,default,,0.00509,0.00591,0.6608,0.01041,2.23,,1824.4,106263,1,0.00471,ok
ucr,223_UCR_Anomaly_mit14046longtermecg_74123_131200_131700,mit14046longtermecg,,timesfm_resid,default,,0.00402,0.00458,0.62375,0.00343,34.71,,1901.4,106263,1,0.00471,ok
ucr,223_UCR_Anomaly_mit14046longtermecg_74123_131200_131700,mit14046longtermecg,,timesfm_quantile,default,,0.00496,0.00573,0.67013,0.00716,34.71,,1901.4,106263,1,0.00471,ok
ucr,224_UCR_Anomaly_mit14046longtermecg_76123_191200_191700,mit14046longtermecg,,chronos_small_resid,default,,0.00354,0.0042,0.67503,0.00283,1.76,,1593.6,123630,1,0.00405,ok
ucr,224_UCR_Anomaly_mit14046longtermecg_76123_191200_191700,mit14046longtermecg,,chronos_small_quantile,default,,0.00507,0.00564,0.79733,0.01148,1.76,,1593.6,123630,1,0.00405,ok
ucr,224_UCR_Anomaly_mit14046longtermecg_76123_191200_191700,mit14046longtermecg,,chronos_base_resid,default,,0.00349,0.00416,0.71241,0.00257,2.52,,1824.4,123630,1,0.00405,ok
ucr,224_UCR_Anomaly_mit14046longtermecg_76123_191200_191700,mit14046longtermecg,,chronos_base_quantile,default,,0.00536,0.00587,0.68268,0.01278,2.52,,1824.4,123630,1,0.00405,ok
ucr,224_UCR_Anomaly_mit14046longtermecg_76123_191200_191700,mit14046longtermecg,,timesfm_resid,default,,0.00369,0.00444,0.69548,0.00519,42.04,,1901.4,123630,1,0.00405,ok
ucr,224_UCR_Anomaly_mit14046longtermecg_76123_191200_191700,mit14046longtermecg,,timesfm_quantile,default,,0.00493,0.00524,0.72623,0.01157,42.04,,1901.4,123630,1,0.00405,ok
ucr,225_UCR_Anomaly_mit14046longtermecg_81214_143000_143300,mit14046longtermecg,,chronos_small_resid,default,,0.00605,0.006,0.61034,0.0148,1.73,,1593.6,118785,1,0.00253,ok
ucr,225_UCR_Anomaly_mit14046longtermecg_81214_143000_143300,mit14046longtermecg,,chronos_small_quantile,default,,0.00461,0.00409,0.80643,0.03373,1.73,,1593.6,118785,1,0.00253,ok
ucr,225_UCR_Anomaly_mit14046longtermecg_81214_143000_143300,mit14046longtermecg,,chronos_base_resid,default,,0.00571,0.00587,0.6147,0.01425,3.19,,1824.4,118785,1,0.00253,ok
ucr,225_UCR_Anomaly_mit14046longtermecg_81214_143000_143300,mit14046longtermecg,,chronos_base_quantile,default,,0.0036,0.00415,0.74977,0.00682,3.19,,1824.4,118785,1,0.00253,ok
ucr,225_UCR_Anomaly_mit14046longtermecg_81214_143000_143300,mit14046longtermecg,,timesfm_resid,default,,0.00392,0.00485,0.61245,0.00808,48.89,,1901.4,118785,1,0.00253,ok
ucr,225_UCR_Anomaly_mit14046longtermecg_81214_143000_143300,mit14046longtermecg,,timesfm_quantile,default,,0.00348,0.00418,0.7055,0.00717,48.89,,1901.4,118785,1,0.00253,ok
ucr,226_UCR_Anomaly_mit14046longtermecg_96123_123000_123300,mit14046longtermecg,,chronos_small_resid,default,,0.02052,0.01584,0.65519,0.08598,1.01,,1593.6,93878,1,0.00321,ok
ucr,226_UCR_Anomaly_mit14046longtermecg_96123_123000_123300,mit14046longtermecg,,chronos_small_quantile,default,,0.00421,0.005,0.67403,0.00769,1.01,,1593.6,93878,1,0.00321,ok
ucr,226_UCR_Anomaly_mit14046longtermecg_96123_123000_123300,mit14046longtermecg,,chronos_base_resid,default,,0.01779,0.0175,0.65588,0.04426,2.33,,1824.4,93878,1,0.00321,ok
ucr,226_UCR_Anomaly_mit14046longtermecg_96123_123000_123300,mit14046longtermecg,,chronos_base_quantile,default,,0.00438,0.00516,0.67652,0.00876,2.33,,1824.4,93878,1,0.00321,ok
ucr,226_UCR_Anomaly_mit14046longtermecg_96123_123000_123300,mit14046longtermecg,,timesfm_resid,default,,0.02703,0.02124,0.65557,0.04861,31.32,,1901.4,93878,1,0.00321,ok
ucr,226_UCR_Anomaly_mit14046longtermecg_96123_123000_123300,mit14046longtermecg,,timesfm_quantile,default,,0.00765,0.0078,0.66319,0.01773,31.32,,1901.4,93878,1,0.00321,ok
ucr,227_UCR_Anomaly_mit14134longtermecg_11231_29000_29100,mit14134longtermecg,,chronos_small_resid,default,,0.00255,0.00329,0.72862,0.00429,0.72,,1593.6,48071,1,0.0021,ok
ucr,227_UCR_Anomaly_mit14134longtermecg_11231_29000_29100,mit14134longtermecg,,chronos_small_quantile,default,,0.00221,0.00317,0.68957,0.00183,0.72,,1593.6,48071,1,0.0021,ok
ucr,227_UCR_Anomaly_mit14134longtermecg_11231_29000_29100,mit14134longtermecg,,chronos_base_resid,default,,0.00267,0.00358,0.73654,0.00429,1.09,,1824.4,48071,1,0.0021,ok
ucr,227_UCR_Anomaly_mit14134longtermecg_11231_29000_29100,mit14134longtermecg,,chronos_base_quantile,default,,0.00241,0.00331,0.75246,0.003,1.09,,1824.4,48071,1,0.0021,ok
ucr,227_UCR_Anomaly_mit14134longtermecg_11231_29000_29100,mit14134longtermecg,,timesfm_resid,default,,0.00288,0.00365,0.75858,0.00486,17.99,,1901.4,48071,1,0.0021,ok
ucr,227_UCR_Anomaly_mit14134longtermecg_11231_29000_29100,mit14134longtermecg,,timesfm_quantile,default,,0.00347,0.00429,0.72845,0.00851,17.99,,1901.4,48071,1,0.0021,ok
ucr,228_UCR_Anomaly_mit14134longtermecg_11361_47830_47850,mit14134longtermecg,,chronos_small_resid,default,,0.00151,0.00168,0.75361,0.00408,0.7,,1593.6,47639,1,0.00044,ok
ucr,228_UCR_Anomaly_mit14134longtermecg_11361_47830_47850,mit14134longtermecg,,chronos_small_quantile,default,,0.00085,0.001,0.70431,0.00228,0.7,,1593.6,47639,1,0.00044,ok
ucr,228_UCR_Anomaly_mit14134longtermecg_11361_47830_47850,mit14134longtermecg,,chronos_base_resid,default,,0.00214,0.00246,0.71273,0.00504,1.11,,1824.4,47639,1,0.00044,ok
ucr,228_UCR_Anomaly_mit14134longtermecg_11361_47830_47850,mit14134longtermecg,,chronos_base_quantile,default,,0.0012,0.0014,0.6745,0.0035,1.11,,1824.4,47639,1,0.00044,ok
ucr,228_UCR_Anomaly_mit14134longtermecg_11361_47830_47850,mit14134longtermecg,,timesfm_resid,default,,0.00191,0.00209,0.7377,0.00473,16.04,,1901.4,47639,1,0.00044,ok
ucr,228_UCR_Anomaly_mit14134longtermecg_11361_47830_47850,mit14134longtermecg,,timesfm_quantile,default,,0.00082,0.00106,0.68041,0.00206,16.04,,1901.4,47639,1,0.00044,ok
ucr,229_UCR_Anomaly_mit14134longtermecg_16363_57960_57970,mit14134longtermecg,,chronos_small_resid,default,,0.00156,0.00187,0.66376,0.00401,0.74,,1593.6,42637,1,0.00026,ok
ucr,229_UCR_Anomaly_mit14134longtermecg_16363_57960_57970,mit14134longtermecg,,chronos_small_quantile,default,,0.00045,0.00059,0.68508,0.00082,0.74,,1593.6,42637,1,0.00026,ok
ucr,229_UCR_Anomaly_mit14134longtermecg_16363_57960_57970,mit14134longtermecg,,chronos_base_resid,default,,0.00145,0.0017,0.66291,0.00386,1.01,,1824.4,42637,1,0.00026,ok
ucr,229_UCR_Anomaly_mit14134longtermecg_16363_57960_57970,mit14134longtermecg,,chronos_base_quantile,default,,0.00043,0.0006,0.66514,0.00099,1.01,,1824.4,42637,1,0.00026,ok
ucr,229_UCR_Anomaly_mit14134longtermecg_16363_57960_57970,mit14134longtermecg,,timesfm_resid,default,,0.00166,0.00182,0.66409,0.00373,13.99,,1901.4,42637,1,0.00026,ok
ucr,229_UCR_Anomaly_mit14134longtermecg_16363_57960_57970,mit14134longtermecg,,timesfm_quantile,default,,0.00062,0.00079,0.69655,0.0018,13.99,,1901.4,42637,1,0.00026,ok
ucr,230_UCR_Anomaly_mit14134longtermecg_19363_19510_19610,mit14134longtermecg,,chronos_small_resid,default,,0.00429,0.00453,0.72431,0.02608,0.64,,1593.6,39637,1,0.00255,ok
ucr,230_UCR_Anomaly_mit14134longtermecg_19363_19510_19610,mit14134longtermecg,,chronos_small_quantile,default,,0.00301,0.00409,0.66083,0.00488,0.64,,1593.6,39637,1,0.00255,ok
ucr,230_UCR_Anomaly_mit14134longtermecg_19363_19510_19610,mit14134longtermecg,,chronos_base_resid,default,,0.00392,0.00436,0.71236,0.00653,1.03,,1824.4,39637,1,0.00255,ok
ucr,230_UCR_Anomaly_mit14134longtermecg_19363_19510_19610,mit14134longtermecg,,chronos_base_quantile,default,,0.00316,0.00419,0.65915,0.00577,1.03,,1824.4,39637,1,0.00255,ok
ucr,230_UCR_Anomaly_mit14134longtermecg_19363_19510_19610,mit14134longtermecg,,timesfm_resid,default,,0.00482,0.00501,0.68321,0.01141,13.98,,1901.4,39637,1,0.00255,ok
ucr,230_UCR_Anomaly_mit14134longtermecg_19363_19510_19610,mit14134longtermecg,,timesfm_quantile,default,,0.00319,0.00423,0.66198,0.00576,13.98,,1901.4,39637,1,0.00255,ok
ucr,231_UCR_Anomaly_mit14134longtermecg_8763_47530_47790,mit14134longtermecg,,chronos_small_resid,default,,0.00446,0.00662,0.66347,0.00419,1.01,,1593.6,50237,1,0.0052,ok
ucr,231_UCR_Anomaly_mit14134longtermecg_8763_47530_47790,mit14134longtermecg,,chronos_small_quantile,default,,0.00503,0.00697,0.69275,0.00161,1.01,,1593.6,50237,1,0.0052,ok
ucr,231_UCR_Anomaly_mit14134longtermecg_8763_47530_47790,mit14134longtermecg,,chronos_base_resid,default,,0.00471,0.00713,0.66603,0.00525,1.41,,1824.4,50237,1,0.0052,ok
ucr,231_UCR_Anomaly_mit14134longtermecg_8763_47530_47790,mit14134longtermecg,,chronos_base_quantile,default,,0.00503,0.00702,0.67267,0.0023,1.41,,1824.4,50237,1,0.0052,ok
ucr,231_UCR_Anomaly_mit14134longtermecg_8763_47530_47790,mit14134longtermecg,,timesfm_resid,default,,0.00595,0.00845,0.65382,0.00837,17.45,,1901.4,50237,1,0.0052,ok
ucr,231_UCR_Anomaly_mit14134longtermecg_8763_47530_47790,mit14134longtermecg,,timesfm_quantile,default,,0.00481,0.00672,0.64601,0.00449,17.45,,1901.4,50237,1,0.0052,ok
ucr,232_UCR_Anomaly_mit14134longtermecg_8763_57530_57790,mit14134longtermecg,,chronos_small_resid,default,,0.00437,0.00652,0.6699,0.00193,0.89,,1593.6,50237,1,0.0052,ok
ucr,232_UCR_Anomaly_mit14134longtermecg_8763_57530_57790,mit14134longtermecg,,chronos_small_quantile,default,,0.00533,0.0076,0.68677,0.00532,0.89,,1593.6,50237,1,0.0052,ok
ucr,232_UCR_Anomaly_mit14134longtermecg_8763_57530_57790,mit14134longtermecg,,chronos_base_resid,default,,0.00429,0.00648,0.67305,0.00241,1.51,,1824.4,50237,1,0.0052,ok
ucr,232_UCR_Anomaly_mit14134longtermecg_8763_57530_57790,mit14134longtermecg,,chronos_base_quantile,default,,0.00519,0.00786,0.67251,0.00372,1.51,,1824.4,50237,1,0.0052,ok
ucr,232_UCR_Anomaly_mit14134longtermecg_8763_57530_57790,mit14134longtermecg,,timesfm_resid,default,,0.00518,0.00736,0.66588,0.00711,20.71,,1901.4,50237,1,0.0052,ok
ucr,232_UCR_Anomaly_mit14134longtermecg_8763_57530_57790,mit14134longtermecg,,timesfm_quantile,default,,0.00541,0.00823,0.64915,0.00791,20.71,,1901.4,50237,1,0.0052,ok
ucr,233_UCR_Anomaly_mit14157longtermecg_18913_24500_24501,mit14157longtermecg,,chronos_small_resid,default,,0.00014,0.00027,0.68092,0.00027,1.4,,1593.6,73797,1,3e-05,ok
ucr,233_UCR_Anomaly_mit14157longtermecg_18913_24500_24501,mit14157longtermecg,,chronos_small_quantile,default,,0.0002,0.00035,0.72144,0.00038,1.4,,1593.6,73797,1,3e-05,ok
ucr,233_UCR_Anomaly_mit14157longtermecg_18913_24500_24501,mit14157longtermecg,,chronos_base_resid,default,,0.00018,0.00035,0.67813,0.00027,2.16,,1824.4,73797,1,3e-05,ok
ucr,233_UCR_Anomaly_mit14157longtermecg_18913_24500_24501,mit14157longtermecg,,chronos_base_quantile,default,,0.00157,0.00334,0.82075,0.0026,2.16,,1824.4,73797,1,3e-05,ok
ucr,233_UCR_Anomaly_mit14157longtermecg_18913_24500_24501,mit14157longtermecg,,timesfm_resid,default,,0.00063,0.00117,0.79329,0.00105,32.68,,1901.4,73797,1,3e-05,ok
ucr,233_UCR_Anomaly_mit14157longtermecg_18913_24500_24501,mit14157longtermecg,,timesfm_quantile,default,,0.00579,0.00482,0.84445,0.00319,32.68,,1901.4,73797,1,3e-05,ok
ucr,234_UCR_Anomaly_mit14157longtermecg_18913_24600_24601,mit14157longtermecg,,chronos_small_resid,default,,0.00036,0.00052,0.64802,0.00089,1.1,,1593.6,79797,1,3e-05,ok
ucr,234_UCR_Anomaly_mit14157longtermecg_18913_24600_24601,mit14157longtermecg,,chronos_small_quantile,default,,3e-05,5e-05,0.7603,0.0,1.1,,1593.6,79797,1,3e-05,ok
ucr,234_UCR_Anomaly_mit14157longtermecg_18913_24600_24601,mit14157longtermecg,,chronos_base_resid,default,,0.0005,0.00072,0.65902,0.00123,1.71,,1824.4,79797,1,3e-05,ok
ucr,234_UCR_Anomaly_mit14157longtermecg_18913_24600_24601,mit14157longtermecg,,chronos_base_quantile,default,,0.00016,0.00021,0.64794,0.00041,1.71,,1824.4,79797,1,3e-05,ok
ucr,234_UCR_Anomaly_mit14157longtermecg_18913_24600_24601,mit14157longtermecg,,timesfm_resid,default,,0.00249,0.00278,0.64472,0.00472,26.54,,1901.4,79797,1,3e-05,ok
ucr,234_UCR_Anomaly_mit14157longtermecg_18913_24600_24601,mit14157longtermecg,,timesfm_quantile,default,,0.00303,0.0027,0.67039,0.00472,26.54,,1901.4,79797,1,3e-05,ok
ucr,235_UCR_Anomaly_mit14157longtermecg_18913_75450_75451,mit14157longtermecg,,chronos_small_resid,default,,0.00087,0.00146,0.68344,0.00198,0.96,,1593.6,78387,1,3e-05,ok
ucr,235_UCR_Anomaly_mit14157longtermecg_18913_75450_75451,mit14157longtermecg,,chronos_small_quantile,default,,0.00036,0.00065,0.76291,0.00084,0.96,,1593.6,78387,1,3e-05,ok
ucr,235_UCR_Anomaly_mit14157longtermecg_18913_75450_75451,mit14157longtermecg,,chronos_base_resid,default,,0.00128,0.00169,0.69035,0.00203,1.68,,1824.4,78387,1,3e-05,ok
ucr,235_UCR_Anomaly_mit14157longtermecg_18913_75450_75451,mit14157longtermecg,,chronos_base_quantile,default,,0.0005,0.00078,0.66378,0.00111,1.68,,1824.4,78387,1,3e-05,ok
ucr,235_UCR_Anomaly_mit14157longtermecg_18913_75450_75451,mit14157longtermecg,,timesfm_resid,default,,0.00612,0.00585,0.73654,0.0048,27.57,,1901.4,78387,1,3e-05,ok
ucr,235_UCR_Anomaly_mit14157longtermecg_18913_75450_75451,mit14157longtermecg,,timesfm_quantile,default,,0.00157,0.00293,0.69535,0.00326,27.57,,1901.4,78387,1,3e-05,ok
ucr,236_UCR_Anomaly_mit14157longtermecg_19313_46350_46390,mit14157longtermecg,,chronos_small_resid,default,,0.00105,0.00135,0.66088,0.00357,1.1,,1593.6,77687,1,0.00053,ok
ucr,236_UCR_Anomaly_mit14157longtermecg_19313_46350_46390,mit14157longtermecg,,chronos_small_quantile,default,,0.00069,0.00097,0.73042,0.00205,1.1,,1593.6,77687,1,0.00053,ok
ucr,236_UCR_Anomaly_mit14157longtermecg_19313_46350_46390,mit14157longtermecg,,chronos_base_resid,default,,0.00119,0.00144,0.67008,0.00393,1.67,,1824.4,77687,1,0.00053,ok
ucr,236_UCR_Anomaly_mit14157longtermecg_19313_46350_46390,mit14157longtermecg,,chronos_base_quantile,default,,0.00058,0.00085,0.64982,0.0011,1.67,,1824.4,77687,1,0.00053,ok
ucr,236_UCR_Anomaly_mit14157longtermecg_19313_46350_46390,mit14157longtermecg,,timesfm_resid,default,,0.00115,0.00162,0.78669,0.00283,24.68,,1901.4,77687,1,0.00053,ok
ucr,236_UCR_Anomaly_mit14157longtermecg_19313_46350_46390,mit14157longtermecg,,timesfm_quantile,default,,0.0011,0.00169,0.798,0.00238,24.68,,1901.4,77687,1,0.00053,ok
ucr,237_UCR_Anomaly_mit14157longtermecg_19313_89560_90370,mit14157longtermecg,,chronos_small_resid,default,,0.01193,0.01344,0.67674,0.0178,0.99,,1593.6,77687,1,0.01044,ok
ucr,237_UCR_Anomaly_mit14157longtermecg_19313_89560_90370,mit14157longtermecg,,chronos_small_quantile,default,,0.00963,0.01101,0.77678,0.00318,0.99,,1593.6,77687,1,0.01044,ok
ucr,237_UCR_Anomaly_mit14157longtermecg_19313_89560_90370,mit14157longtermecg,,chronos_base_resid,default,,0.01482,0.01626,0.66595,0.02053,1.51,,1824.4,77687,1,0.01044,ok
ucr,237_UCR_Anomaly_mit14157longtermecg_19313_89560_90370,mit14157longtermecg,,chronos_base_quantile,default,,0.00983,0.01124,0.77606,0.00302,1.51,,1824.4,77687,1,0.01044,ok
ucr,237_UCR_Anomaly_mit14157longtermecg_19313_89560_90370,mit14157longtermecg,,timesfm_resid,default,,0.02242,0.02489,0.64174,0.04354,27.24,,1901.4,77687,1,0.01044,ok
ucr,237_UCR_Anomaly_mit14157longtermecg_19313_89560_90370,mit14157longtermecg,,timesfm_quantile,default,,0.01207,0.01536,0.66367,0.01991,27.24,,1901.4,77687,1,0.01044,ok
ucr,238_UCR_Anomaly_mit14157longtermecg_21311_72600_72780,mit14157longtermecg,,chronos_small_resid,default,,0.00687,0.00694,0.72518,0.01748,1.18,,1593.6,77689,1,0.00233,ok
ucr,238_UCR_Anomaly_mit14157longtermecg_21311_72600_72780,mit14157longtermecg,,chronos_small_quantile,default,,0.00358,0.00423,0.67519,0.00684,1.18,,1593.6,77689,1,0.00233,ok
ucr,238_UCR_Anomaly_mit14157longtermecg_21311_72600_72780,mit14157longtermecg,,chronos_base_resid,default,,0.00708,0.00744,0.76556,0.0166,1.84,,1824.4,77689,1,0.00233,ok
ucr,238_UCR_Anomaly_mit14157longtermecg_21311_72600_72780,mit14157longtermecg,,chronos_base_quantile,default,,0.00365,0.00429,0.67216,0.00744,1.84,,1824.4,77689,1,0.00233,ok
ucr,238_UCR_Anomaly_mit14157longtermecg_21311_72600_72780,mit14157longtermecg,,timesfm_resid,default,,0.00633,0.00713,0.77846,0.01315,26.64,,1901.4,77689,1,0.00233,ok
ucr,238_UCR_Anomaly_mit14157longtermecg_21311_72600_72780,mit14157longtermecg,,timesfm_quantile,default,,0.00623,0.00628,0.70471,0.01545,26.64,,1901.4,77689,1,0.00233,ok
ucr,239_UCR_Anomaly_taichidbS0715Master_190037_593450_593514,taichidbS0715Master,,chronos_small_resid,default,,0.00061,0.00148,0.69019,0.00169,7.71,,1593.6,707630,1,9e-05,ok
ucr,239_UCR_Anomaly_taichidbS0715Master_190037_593450_593514,taichidbS0715Master,,chronos_small_quantile,default,,0.00017,0.00032,0.70034,0.00059,7.71,,1593.6,707630,1,9e-05,ok
ucr,239_UCR_Anomaly_taichidbS0715Master_190037_593450_593514,taichidbS0715Master,,chronos_base_resid,default,,0.00053,0.00112,0.7394,0.00135,13.19,,1824.4,707630,1,9e-05,ok
ucr,239_UCR_Anomaly_taichidbS0715Master_190037_593450_593514,taichidbS0715Master,,chronos_base_quantile,default,,0.00017,0.00031,0.69634,0.00057,13.19,,1824.4,707630,1,9e-05,ok
ucr,239_UCR_Anomaly_taichidbS0715Master_190037_593450_593514,taichidbS0715Master,,timesfm_resid,default,,0.00028,0.00784,0.6679,0.0009,323.84,,1901.4,707630,1,9e-05,ok
ucr,239_UCR_Anomaly_taichidbS0715Master_190037_593450_593514,taichidbS0715Master,,timesfm_quantile,default,,0.00022,0.00033,0.7029,0.00078,323.84,,1901.4,707630,1,9e-05,ok
ucr,240_UCR_Anomaly_taichidbS0715Master_240030_884100_884200,taichidbS0715Master,,chronos_small_resid,default,,0.00036,0.00068,0.69127,0.00086,11.17,,1593.6,659970,1,0.00015,ok
ucr,240_UCR_Anomaly_taichidbS0715Master_240030_884100_884200,taichidbS0715Master,,chronos_small_quantile,default,,0.00015,0.00029,0.68923,0.00027,11.17,,1593.6,659970,1,0.00015,ok
ucr,240_UCR_Anomaly_taichidbS0715Master_240030_884100_884200,taichidbS0715Master,,chronos_base_resid,default,,0.00051,0.00076,0.67864,0.00142,14.07,,1824.4,659970,1,0.00015,ok
ucr,240_UCR_Anomaly_taichidbS0715Master_240030_884100_884200,taichidbS0715Master,,chronos_base_quantile,default,,0.00015,0.00032,0.67852,0.00026,14.07,,1824.4,659970,1,0.00015,ok
ucr,240_UCR_Anomaly_taichidbS0715Master_240030_884100_884200,taichidbS0715Master,,timesfm_resid,default,,0.00029,0.00051,0.67941,0.00079,301.13,,1901.4,659970,1,0.00015,ok
ucr,240_UCR_Anomaly_taichidbS0715Master_240030_884100_884200,taichidbS0715Master,,timesfm_quantile,default,,0.00023,0.00038,0.72238,0.0005,301.13,,1901.4,659970,1,0.00015,ok
ucr,241_UCR_Anomaly_taichidbS0715Master_250000_837400_839100,taichidbS0715Master,,chronos_small_resid,default,,0.0025,0.00268,0.71298,0.00305,9.37,,1593.6,650000,1,0.00262,ok
ucr,241_UCR_Anomaly_taichidbS0715Master_250000_837400_839100,taichidbS0715Master,,chronos_small_quantile,default,,0.00253,0.00271,0.65986,0.00129,9.37,,1593.6,650000,1,0.00262,ok
ucr,241_UCR_Anomaly_taichidbS0715Master_250000_837400_839100,taichidbS0715Master,,chronos_base_resid,default,,0.00253,0.00272,0.70419,0.00282,14.98,,1824.4,650000,1,0.00262,ok
ucr,241_UCR_Anomaly_taichidbS0715Master_250000_837400_839100,taichidbS0715Master,,chronos_base_quantile,default,,0.00253,0.00269,0.65939,0.00127,14.98,,1824.4,650000,1,0.00262,ok
ucr,241_UCR_Anomaly_taichidbS0715Master_250000_837400_839100,taichidbS0715Master,,timesfm_resid,default,,0.00216,0.00227,0.67661,0.00091,407.64,,1901.4,650000,1,0.00262,ok
ucr,241_UCR_Anomaly_taichidbS0715Master_250000_837400_839100,taichidbS0715Master,,timesfm_quantile,default,,0.0025,0.00264,0.67967,0.00137,407.64,,1901.4,650000,1,0.00262,ok
ucr,242_UCR_Anomaly_tilt12744mtable_100000_104630_104890,tilt12744mtable,,chronos_small_resid,default,,0.00215,0.00255,0.75805,0.00434,2.82,,1593.6,186667,1,0.0014,ok
ucr,242_UCR_Anomaly_tilt12744mtable_100000_104630_104890,tilt12744mtable,,chronos_small_quantile,default,,0.00159,0.00205,0.73131,0.00281,2.82,,1593.6,186667,1,0.0014,ok
ucr,242_UCR_Anomaly_tilt12744mtable_100000_104630_104890,tilt12744mtable,,chronos_base_resid,default,,0.00217,0.00261,0.75594,0.00301,4.43,,1824.4,186667,1,0.0014,ok
ucr,242_UCR_Anomaly_tilt12744mtable_100000_104630_104890,tilt12744mtable,,chronos_base_quantile,default,,0.00169,0.0021,0.75128,0.00267,4.43,,1824.4,186667,1,0.0014,ok
ucr,242_UCR_Anomaly_tilt12744mtable_100000_104630_104890,tilt12744mtable,,timesfm_resid,default,,0.00243,0.00286,0.68554,0.00481,86.6,,1901.4,186667,1,0.0014,ok
ucr,242_UCR_Anomaly_tilt12744mtable_100000_104630_104890,tilt12744mtable,,timesfm_quantile,default,,0.00259,0.00286,0.6763,0.00668,86.6,,1901.4,186667,1,0.0014,ok
ucr,243_UCR_Anomaly_tilt12744mtable_100000_203355_203400,tilt12744mtable,,chronos_small_resid,default,,0.00046,0.00067,0.65937,0.00093,2.37,,1593.6,150001,1,0.00031,ok
ucr,243_UCR_Anomaly_tilt12744mtable_100000_203355_203400,tilt12744mtable,,chronos_small_quantile,default,,0.00038,0.00049,0.68199,0.0007,2.37,,1593.6,150001,1,0.00031,ok
ucr,243_UCR_Anomaly_tilt12744mtable_100000_203355_203400,tilt12744mtable,,chronos_base_resid,default,,0.00035,0.00063,0.65363,0.00035,3.87,,1824.4,150001,1,0.00031,ok
ucr,243_UCR_Anomaly_tilt12744mtable_100000_203355_203400,tilt12744mtable,,chronos_base_quantile,default,,0.00031,0.00046,0.70539,0.0,3.87,,1824.4,150001,1,0.00031,ok
ucr,243_UCR_Anomaly_tilt12744mtable_100000_203355_203400,tilt12744mtable,,timesfm_resid,default,,0.00154,0.00173,0.80163,0.00434,69.74,,1901.4,150001,1,0.00031,ok
ucr,243_UCR_Anomaly_tilt12744mtable_100000_203355_203400,tilt12744mtable,,timesfm_quantile,default,,0.0003,0.00045,0.71994,2e-05,69.74,,1901.4,150001,1,0.00031,ok
ucr,244_UCR_Anomaly_tilt12754table_100013_104630_104890,tilt12754table,,chronos_small_resid,default,,0.00244,0.00271,0.81739,0.00466,3.17,,1593.6,200249,1,0.0013,ok
ucr,244_UCR_Anomaly_tilt12754table_100013_104630_104890,tilt12754table,,chronos_small_quantile,default,,0.00211,0.00233,0.7323,0.00471,3.17,,1593.6,200249,1,0.0013,ok
ucr,244_UCR_Anomaly_tilt12754table_100013_104630_104890,tilt12754table,,chronos_base_resid,default,,0.0029,0.00327,0.79541,0.00514,4.98,,1824.4,200249,1,0.0013,ok
ucr,244_UCR_Anomaly_tilt12754table_100013_104630_104890,tilt12754table,,chronos_base_quantile,default,,0.00302,0.00313,0.8181,0.00696,4.98,,1824.4,200249,1,0.0013,ok
ucr,244_UCR_Anomaly_tilt12754table_100013_104630_104890,tilt12754table,,timesfm_resid,default,,0.00541,0.00555,0.73386,0.013,86.44,,1901.4,200249,1,0.0013,ok
ucr,244_UCR_Anomaly_tilt12754table_100013_104630_104890,tilt12754table,,timesfm_quantile,default,,0.00408,0.00386,0.69055,0.01073,86.44,,1901.4,200249,1,0.0013,ok
ucr,245_UCR_Anomaly_tilt12754table_100211_270800_271070,tilt12754table,,chronos_small_resid,default,,0.00822,0.00792,0.63887,0.01951,3.26,,1593.6,198536,1,0.00136,ok
ucr,245_UCR_Anomaly_tilt12754table_100211_270800_271070,tilt12754table,,chronos_small_quantile,default,,0.00228,0.00257,0.67969,0.00558,3.26,,1593.6,198536,1,0.00136,ok
ucr,245_UCR_Anomaly_tilt12754table_100211_270800_271070,tilt12754table,,chronos_base_resid,default,,0.00884,0.00888,0.64737,0.02135,4.05,,1824.4,198536,1,0.00136,ok
ucr,245_UCR_Anomaly_tilt12754table_100211_270800_271070,tilt12754table,,chronos_base_quantile,default,,0.00279,0.00295,0.68397,0.00678,4.05,,1824.4,198536,1,0.00136,ok
ucr,245_UCR_Anomaly_tilt12754table_100211_270800_271070,tilt12754table,,timesfm_resid,default,,0.01205,0.01124,0.66112,0.03196,87.32,,1901.4,198536,1,0.00136,ok
ucr,245_UCR_Anomaly_tilt12754table_100211_270800_271070,tilt12754table,,timesfm_quantile,default,,0.00352,0.0031,0.67384,0.00926,87.32,,1901.4,198536,1,0.00136,ok
ucr,246_UCR_Anomaly_tilt12755mtable_100211_270800_271070,tilt12755mtable,,chronos_small_resid,default,,0.0025,0.00296,0.64325,0.00505,3.14,,1593.6,199656,1,0.00136,ok
ucr,246_UCR_Anomaly_tilt12755mtable_100211_270800_271070,tilt12755mtable,,chronos_small_quantile,default,,0.00307,0.00334,0.68878,0.0094,3.14,,1593.6,199656,1,0.00136,ok
ucr,246_UCR_Anomaly_tilt12755mtable_100211_270800_271070,tilt12755mtable,,chronos_base_resid,default,,0.00256,0.00307,0.64081,0.00464,5.01,,1824.4,199656,1,0.00136,ok
ucr,246_UCR_Anomaly_tilt12755mtable_100211_270800_271070,tilt12755mtable,,chronos_base_quantile,default,,0.00891,0.00675,0.70057,0.02573,5.01,,1824.4,199656,1,0.00136,ok
ucr,246_UCR_Anomaly_tilt12755mtable_100211_270800_271070,tilt12755mtable,,timesfm_resid,default,,0.00741,0.00781,0.65332,0.01703,68.82,,1901.4,199656,1,0.00136,ok
ucr,246_UCR_Anomaly_tilt12755mtable_100211_270800_271070,tilt12755mtable,,timesfm_quantile,default,,0.00472,0.00431,0.65935,0.01305,68.82,,1901.4,199656,1,0.00136,ok
ucr,247_UCR_Anomaly_tilt12755mtable_50211_121900_121980,tilt12755mtable,,chronos_small_resid,default,,0.00065,0.00098,0.80094,0.00095,1.96,,1593.6,149789,1,0.00054,ok
ucr,247_UCR_Anomaly_tilt12755mtable_50211_121900_121980,tilt12755mtable,,chronos_small_quantile,default,,0.00049,0.00074,0.70866,0.00013,1.96,,1593.6,149789,1,0.00054,ok
ucr,247_UCR_Anomaly_tilt12755mtable_50211_121900_121980,tilt12755mtable,,chronos_base_resid,default,,0.00084,0.00115,0.80235,0.00157,3.02,,1824.4,149789,1,0.00054,ok
ucr,247_UCR_Anomaly_tilt12755mtable_50211_121900_121980,tilt12755mtable,,chronos_base_quantile,default,,0.00049,0.00075,0.8746,0.00026,3.02,,1824.4,149789,1,0.00054,ok
ucr,247_UCR_Anomaly_tilt12755mtable_50211_121900_121980,tilt12755mtable,,timesfm_resid,default,,0.00253,0.00266,0.79862,0.00726,52.09,,1901.4,149789,1,0.00054,ok
ucr,247_UCR_Anomaly_tilt12755mtable_50211_121900_121980,tilt12755mtable,,timesfm_quantile,default,,0.00316,0.00391,0.74988,0.00933,52.09,,1901.4,149789,1,0.00054,ok
ucr,248_UCR_Anomaly_weallwalk_2000_4702_4707,weallwalk,,chronos_small_resid,default,,0.01266,0.00958,0.67358,0.02529,0.27,,1507.8,6432,1,0.00093,ok
ucr,248_UCR_Anomaly_weallwalk_2000_4702_4707,weallwalk,,chronos_small_quantile,default,,0.0012,0.00146,0.82695,0.00204,0.27,,1507.8,6432,1,0.00093,ok
ucr,248_UCR_Anomaly_weallwalk_2000_4702_4707,weallwalk,,chronos_base_resid,default,,0.0138,0.01114,0.67388,0.0291,0.32,,1599.1,6432,1,0.00093,ok
ucr,248_UCR_Anomaly_weallwalk_2000_4702_4707,weallwalk,,chronos_base_quantile,default,,0.00121,0.00138,0.81465,0.00157,0.32,,1599.1,6432,1,0.00093,ok
ucr,248_UCR_Anomaly_weallwalk_2000_4702_4707,weallwalk,,timesfm_resid,default,,0.00918,0.00956,0.67537,0.0232,2.78,,1901.4,6432,1,0.00093,ok
ucr,248_UCR_Anomaly_weallwalk_2000_4702_4707,weallwalk,,timesfm_quantile,default,,0.0045,0.00485,0.76384,0.01262,2.78,,1901.4,6432,1,0.00093,ok
ucr,249_UCR_Anomaly_weallwalk_2753_8285_8315,weallwalk,,chronos_small_resid,default,,0.00523,0.00813,0.69086,0.00914,0.16,,1517.7,7771,1,0.00399,ok
ucr,249_UCR_Anomaly_weallwalk_2753_8285_8315,weallwalk,,chronos_small_quantile,default,,0.00373,0.00565,0.88624,0.0037,0.16,,1517.7,7771,1,0.00399,ok
ucr,249_UCR_Anomaly_weallwalk_2753_8285_8315,weallwalk,,chronos_base_resid,default,,0.00491,0.0072,0.71823,0.00707,0.41,,1628.6,7771,1,0.00399,ok
ucr,249_UCR_Anomaly_weallwalk_2753_8285_8315,weallwalk,,chronos_base_quantile,default,,0.00377,0.00565,0.72221,0.00169,0.41,,1628.6,7771,1,0.00399,ok
ucr,249_UCR_Anomaly_weallwalk_2753_8285_8315,weallwalk,,timesfm_resid,default,,0.0046,0.00745,0.78132,0.00456,2.75,,1901.4,7771,1,0.00399,ok
ucr,249_UCR_Anomaly_weallwalk_2753_8285_8315,weallwalk,,timesfm_quantile,default,,0.00377,0.00593,0.89627,0.00195,2.75,,1901.4,7771,1,0.00399,ok
ucr,250_UCR_Anomaly_weallwalk_2951_7290_7296,weallwalk,,chronos_small_resid,default,,0.00384,0.00475,0.67942,0.00812,0.15,,1517.4,7517,1,0.00093,ok
ucr,250_UCR_Anomaly_weallwalk_2951_7290_7296,weallwalk,,chronos_small_quantile,default,,0.00238,0.0032,0.68326,0.00517,0.15,,1517.4,7517,1,0.00093,ok
ucr,250_UCR_Anomaly_weallwalk_2951_7290_7296,weallwalk,,chronos_base_resid,default,,0.00427,0.00531,0.6871,0.00897,0.38,,1621.8,7517,1,0.00093,ok
ucr,250_UCR_Anomaly_weallwalk_2951_7290_7296,weallwalk,,chronos_base_quantile,default,,0.003,0.00407,0.70735,0.00676,0.38,,1621.8,7517,1,0.00093,ok
ucr,250_UCR_Anomaly_weallwalk_2951_7290_7296,weallwalk,,timesfm_resid,default,,0.00671,0.00746,0.68525,0.016,2.79,,1901.4,7517,1,0.00093,ok
ucr,250_UCR_Anomaly_weallwalk_2951_7290_7296,weallwalk,,timesfm_quantile,default,,0.00196,0.00261,0.70128,0.00476,2.79,,1901.4,7517,1,0.00093,ok
