dataset,series,domain,anomaly_kind,detector,tier,config,auc_pr,vus_pr,affil_f1,event_f1,runtime_s,tune_s,peak_mb,n_test,n_channels,anomaly_frac,status
nasa,E-8,smap,point,iforest,default,,0.19943,0.18878,0.96937,0.36368,0.58,,0.0,8532,25,0.07302,ok
nasa,E-8,smap,point,iforest,tuned,"{'w': 50, 'n_estimators': 200}",0.11311,0.12136,0.8451,0.20492,2.12,5.96,0.0,8532,25,0.07302,ok
nasa,E-8,smap,point,lof,default,,0.20882,0.20503,0.96938,0.3621,1.46,,0.0,8532,25,0.07302,ok
nasa,E-8,smap,point,lof,tuned,"{'w': 200, 'k': 10}",0.23246,0.22945,0.9694,0.37308,0.85,2.41,0.0,8532,25,0.07302,ok
nasa,E-8,smap,point,knn,default,,0.21047,0.20179,0.9698,0.37162,0.58,,0.0,8532,25,0.07302,ok
nasa,E-8,smap,point,knn,tuned,"{'w': 50, 'k': 3}",0.14164,0.15337,0.94013,0.25208,1.44,1.58,0.0,8532,25,0.07302,ok
nasa,E-8,smap,point,ae,default,,0.23539,0.22772,0.97987,0.45188,7.33,,196.5,8532,25,0.07302,ok
nasa,E-8,smap,point,ae,tuned,"{'w': 50, 'hidden': 32, 'latent': 16}",0.21157,0.20437,0.97987,0.31535,3.24,7.34,0.0,8532,25,0.07302,ok
nasa,E-10,smap,contextual,iforest,default,,0.04735,0.06995,0.79772,0.08262,1.84,,17.0,8505,25,0.03786,ok
nasa,E-10,smap,contextual,iforest,tuned,"{'w': 50, 'n_estimators': 100}",0.06638,0.07809,0.8305,0.20222,1.47,6.17,0.0,8505,25,0.03786,ok
nasa,E-10,smap,contextual,lof,default,,0.85758,0.70029,0.81346,0.66667,0.89,,17.0,8505,25,0.03786,ok
nasa,E-10,smap,contextual,lof,tuned,"{'w': 200, 'k': 10}",0.84928,0.74303,0.83019,0.66667,0.95,2.29,0.0,8505,25,0.03786,ok
nasa,E-10,smap,contextual,knn,default,,0.88795,0.70438,0.82,0.69854,0.58,,17.0,8505,25,0.03786,ok
nasa,E-10,smap,contextual,knn,tuned,"{'w': 50, 'k': 3}",0.91257,0.66663,0.99302,0.8896,1.5,1.54,0.0,8505,25,0.03786,ok
nasa,E-10,smap,contextual,ae,default,,0.19869,0.20624,0.79116,0.26494,2.05,,196.2,8505,25,0.03786,ok
nasa,E-10,smap,contextual,ae,tuned,"{'w': 200, 'hidden': 32, 'latent': 16}",0.25809,0.26605,0.79471,0.34296,2.8,7.33,0.0,8505,25,0.03786,ok
nasa,E-12,smap,contextual,iforest,default,,0.03863,0.05984,0.73208,0.04062,1.82,,17.0,8512,25,0.06849,ok
nasa,E-12,smap,contextual,iforest,tuned,"{'w': 50, 'n_estimators': 100}",0.05069,0.06916,0.77831,0.22799,1.44,6.13,0.0,8512,25,0.06849,ok
nasa,E-12,smap,contextual,lof,default,,0.03943,0.06244,0.73244,0.04279,0.92,,17.0,8512,25,0.06849,ok
nasa,E-12,smap,contextual,lof,tuned,"{'w': 200, 'k': 10}",0.04028,0.06082,0.71538,0.0,0.95,2.45,0.0,8512,25,0.06849,ok
nasa,E-12,smap,contextual,knn,default,,0.05768,0.08154,0.72791,0.2062,0.54,,17.0,8512,25,0.06849,ok
nasa,E-12,smap,contextual,knn,tuned,"{'w': 50, 'k': 3}",0.12768,0.12848,0.84893,0.42402,1.42,1.55,0.0,8512,25,0.06849,ok
nasa,E-12,smap,contextual,ae,default,,0.10461,0.14721,0.75916,0.16667,2.03,,196.3,8512,25,0.06849,ok
nasa,E-12,smap,contextual,ae,tuned,"{'w': 200, 'hidden': 32, 'latent': 16}",0.12891,0.18196,0.76276,0.22909,2.76,7.45,0.0,8512,25,0.06849,ok
nasa,A-1,smap,point,iforest,default,,0.00589,0.00992,0.73051,0.0,1.8,,17.0,8640,25,0.00984,ok
nasa,A-1,smap,point,iforest,tuned,"{'w': 50, 'n_estimators': 100}",0.00595,0.01003,0.66963,0.0,1.41,6.05,0.0,8640,25,0.00984,ok
nasa,A-1,smap,point,lof,default,,0.00752,0.01235,0.62934,0.0,1.0,,17.0,8640,25,0.00984,ok
nasa,A-1,smap,point,lof,tuned,"{'w': 200, 'k': 10}",0.0104,0.01582,0.63527,0.0,1.02,2.35,0.0,8640,25,0.00984,ok
nasa,A-1,smap,point,knn,default,,0.0096,0.01474,0.71965,0.0,0.6,,17.0,8640,25,0.00984,ok
nasa,A-1,smap,point,knn,tuned,"{'w': 50, 'k': 3}",0.0137,0.01819,0.75947,0.01943,1.42,1.58,0.0,8640,25,0.00984,ok
nasa,A-1,smap,point,ae,default,,0.50982,0.50689,0.84404,0.73252,2.1,,198.1,8640,25,0.00984,ok
nasa,A-1,smap,point,ae,tuned,"{'w': 50, 'hidden': 32, 'latent': 16}",0.68785,0.50604,0.99737,0.78567,3.35,7.56,0.0,8640,25,0.00984,ok
nasa,P-2,smap,point,iforest,default,,0.29852,0.3294,0.93873,0.25,1.8,,17.0,8209,25,0.14935,ok
nasa,P-2,smap,point,iforest,tuned,"{'w': 50, 'n_estimators': 200}",0.24428,0.28173,0.93684,0.25,2.08,6.02,0.0,8209,25,0.14935,ok
nasa,P-2,smap,point,lof,default,,0.22043,0.24776,0.93975,0.25,0.84,,17.0,8209,25,0.14935,ok
nasa,P-2,smap,point,lof,tuned,"{'w': 200, 'k': 10}",0.22712,0.25329,0.93476,0.25,1.03,2.49,0.0,8209,25,0.14935,ok
nasa,P-2,smap,point,knn,default,,0.21231,0.24348,0.93931,0.25,0.59,,17.0,8209,25,0.14935,ok
nasa,P-2,smap,point,knn,tuned,"{'w': 200, 'k': 1}",0.23115,0.25853,0.93148,0.25,0.73,1.56,0.0,8209,25,0.14935,ok
nasa,P-2,smap,point,ae,default,,0.35977,0.36183,0.94591,0.45981,1.98,,193.7,8209,25,0.14935,ok
nasa,P-2,smap,point,ae,tuned,"{'w': 50, 'hidden': 32, 'latent': 16}",0.519,0.52013,0.94158,0.85657,3.28,7.43,0.0,8209,25,0.14935,ok
nasa,D-2,smap,point,iforest,default,,0.44301,0.44989,0.75833,0.40005,1.85,,17.0,8595,25,0.49075,ok
nasa,D-2,smap,point,iforest,tuned,"{'w': 50, 'n_estimators': 100}",0.47177,0.48051,0.86354,0.40065,1.44,6.1,0.0,8595,25,0.49075,ok
nasa,D-2,smap,point,lof,default,,0.97494,0.97205,0.99602,0.75,0.99,,17.0,8595,25,0.49075,ok
nasa,D-2,smap,point,lof,tuned,"{'w': 200, 'k': 10}",0.98113,0.97836,0.99416,0.75,1.12,2.32,0.0,8595,25,0.49075,ok
nasa,D-2,smap,point,knn,default,,0.97638,0.97375,0.99565,0.75,0.66,,17.0,8595,25,0.49075,ok
nasa,D-2,smap,point,knn,tuned,"{'w': 50, 'k': 3}",0.97302,0.96715,0.99719,0.75,1.46,1.56,0.0,8595,25,0.49075,ok
nasa,D-2,smap,point,ae,default,,0.97525,0.97446,0.98068,0.5,2.04,,198.1,8595,25,0.49075,ok
nasa,D-2,smap,point,ae,tuned,"{'w': 50, 'hidden': 32, 'latent': 16}",0.97206,0.96801,0.97831,0.25,3.33,7.29,0.0,8595,25,0.49075,ok
nasa,D-4,smap,point,iforest,default,,0.58122,0.58494,0.93843,0.42839,1.92,,17.0,8473,25,0.38334,ok
nasa,D-4,smap,point,iforest,tuned,"{'w': 50, 'n_estimators': 100}",0.5055,0.50669,0.8982,0.43177,1.31,5.72,0.0,8473,25,0.38334,ok
nasa,D-4,smap,point,lof,default,,0.32324,0.3267,0.6504,0.20791,0.76,,17.0,8473,25,0.38334,ok
nasa,D-4,smap,point,lof,tuned,"{'w': 100, 'k': 30}",0.32627,0.33007,0.65919,0.20732,1.11,2.15,0.0,8473,25,0.38334,ok
nasa,D-4,smap,point,knn,default,,0.32649,0.33036,0.68368,0.22401,0.76,,17.0,8473,25,0.38334,ok
nasa,D-4,smap,point,knn,tuned,"{'w': 50, 'k': 5}",0.35697,0.36108,0.72694,0.2869,1.62,1.61,0.0,8473,25,0.38334,ok
nasa,D-4,smap,point,ae,default,,0.34795,0.3518,0.68639,0.25077,2.17,,195.8,8473,25,0.38334,ok
nasa,D-4,smap,point,ae,tuned,"{'w': 200, 'hidden': 32, 'latent': 16}",0.30395,0.30796,0.65496,0.21204,2.84,7.35,0.0,8473,25,0.38334,ok
nasa,A-3,smap,contextual,iforest,default,,0.01398,0.02281,0.70749,0.0,2.09,,17.0,8205,25,0.02267,ok
nasa,A-3,smap,contextual,iforest,tuned,"{'w': 50, 'n_estimators': 100}",0.01436,0.02281,0.66039,0.0,1.28,6.03,0.0,8205,25,0.02267,ok
nasa,A-3,smap,contextual,lof,default,,0.01329,0.02146,0.66013,0.0,0.76,,17.0,8205,25,0.02267,ok
nasa,A-3,smap,contextual,lof,tuned,"{'w': 100, 'k': 30}",0.01312,0.0213,0.64333,0.0,1.19,2.23,0.0,8205,25,0.02267,ok
nasa,A-3,smap,contextual,knn,default,,0.01252,0.02043,0.66831,0.0,0.57,,17.0,8205,25,0.02267,ok
nasa,A-3,smap,contextual,knn,tuned,"{'w': 50, 'k': 5}",0.01368,0.02217,0.66472,0.0,1.38,1.52,0.0,8205,25,0.02267,ok
nasa,A-3,smap,contextual,ae,default,,0.0141,0.03154,0.95119,0.0,2.04,,193.4,8205,25,0.02267,ok
nasa,A-3,smap,contextual,ae,tuned,"{'w': 50, 'hidden': 64, 'latent': 8}",0.01376,0.02474,0.69345,0.0,3.4,7.38,0.0,8205,25,0.02267,ok
nasa,G-1,smap,contextual,iforest,default,,0.00828,0.01329,0.59978,0.0,1.99,,17.0,8469,25,0.01429,ok
nasa,G-1,smap,contextual,iforest,tuned,"{'w': 50, 'n_estimators': 100}",0.00975,0.01383,0.60154,0.0,1.3,6.44,0.0,8469,25,0.01429,ok
nasa,G-1,smap,contextual,lof,default,,0.00941,0.01432,0.64768,0.0,0.78,,17.0,8469,25,0.01429,ok
nasa,G-1,smap,contextual,lof,tuned,"{'w': 100, 'k': 30}",0.00948,0.01443,0.63933,0.0,1.13,2.17,0.0,8469,25,0.01429,ok
nasa,G-1,smap,contextual,knn,default,,0.00935,0.01448,0.64657,0.0,0.54,,17.0,8469,25,0.01429,ok
nasa,G-1,smap,contextual,knn,tuned,"{'w': 50, 'k': 5}",0.01039,0.01449,0.65176,0.0,1.45,1.63,0.0,8469,25,0.01429,ok
nasa,G-1,smap,contextual,ae,default,,0.00841,0.01381,0.68554,0.0,2.14,,195.8,8469,25,0.01429,ok
nasa,G-1,smap,contextual,ae,tuned,"{'w': 200, 'hidden': 32, 'latent': 16}",0.00924,0.01508,0.65796,0.0,2.94,8.35,0.0,8469,25,0.01429,ok
nasa,D-5,smap,point,iforest,default,,0.06978,0.08824,0.86854,0.16925,1.84,,17.0,7628,25,0.00669,ok
nasa,D-5,smap,point,lof,default,,0.04196,0.05917,0.86272,0.10164,0.72,,17.0,7628,25,0.00669,ok
nasa,D-5,smap,point,knn,default,,0.03248,0.04782,0.8578,0.0817,0.71,,17.0,7628,25,0.00669,ok
nasa,D-5,smap,point,ae,default,,0.00783,0.015,0.8519,0.0,2.05,,189.1,7628,25,0.00669,ok
nasa,D-7,smap,point,iforest,default,,0.36006,0.37066,0.71145,0.2926,2.09,,17.0,7642,25,0.35357,ok
nasa,D-7,smap,point,lof,default,,0.89777,0.8934,0.97094,0.75,0.7,,17.0,7642,25,0.35357,ok
nasa,D-7,smap,point,knn,default,,0.89883,0.89396,0.97094,0.75,0.55,,17.0,7642,25,0.35357,ok
nasa,D-7,smap,point,ae,default,,0.99457,0.98855,0.99542,1.0,2.01,,189.2,7642,25,0.35357,ok
nasa,P-4,smap,point,iforest,default,,0.05643,0.08205,0.33107,0.00196,1.75,,17.0,7783,25,0.05692,ok
nasa,P-4,smap,point,lof,default,,0.06018,0.08992,0.39272,0.17304,0.7,,17.0,7783,25,0.05692,ok
nasa,P-4,smap,point,knn,default,,0.1872,0.23593,0.89735,0.46154,0.53,,17.0,7783,25,0.05692,ok
nasa,P-4,smap,point,ae,default,,0.96251,0.89929,0.99578,0.94919,1.72,,191.3,7783,25,0.05692,ok
nasa,T-1,smap,mixed,iforest,default,,0.09563,0.11935,0.55322,0.05408,1.81,,17.0,8612,25,0.17836,ok
nasa,T-1,smap,mixed,iforest,tuned,"{'w': 50, 'n_estimators': 100}",0.09973,0.1191,0.59088,0.01965,1.67,5.99,0.0,8612,25,0.17836,ok
nasa,T-1,smap,mixed,lof,default,,0.10207,0.1287,0.56344,0.13973,0.79,,17.0,8612,25,0.17836,ok
nasa,T-1,smap,mixed,lof,tuned,"{'w': 50, 'k': 30}",0.09567,0.1137,0.55231,0.00534,1.9,2.19,0.0,8612,25,0.17836,ok
nasa,T-1,smap,mixed,knn,default,,0.09599,0.11874,0.54351,0.10658,0.58,,17.0,8612,25,0.17836,ok
nasa,T-1,smap,mixed,knn,tuned,"{'w': 50, 'k': 5}",0.09603,0.11691,0.54877,0.11215,1.86,1.56,0.0,8612,25,0.17836,ok
nasa,T-1,smap,mixed,ae,default,,0.26324,0.30089,0.71085,0.48677,2.1,,198.1,8612,25,0.17836,ok
nasa,T-1,smap,mixed,ae,tuned,"{'w': 50, 'hidden': 32, 'latent': 16}",0.13651,0.1629,0.61937,0.17564,3.34,7.6,0.0,8612,25,0.17836,ok
nasa,D-8,smap,point,iforest,default,,0.00648,0.00972,0.06736,0.0,1.92,,17.0,7874,25,0.00648,ok
nasa,D-8,smap,point,lof,default,,0.05935,0.10208,0.44507,0.18045,0.68,,17.0,7874,25,0.00648,ok
nasa,D-8,smap,point,knn,default,,0.0593,0.10201,0.44507,0.18045,0.55,,17.0,7874,25,0.00648,ok
nasa,D-8,smap,point,ae,default,,0.20588,0.27115,0.58331,0.42907,1.72,,191.4,7874,25,0.00648,ok
nasa,F-2,smap,point,iforest,default,,0.33603,0.3472,0.72487,0.32204,1.78,,17.0,8626,25,0.3428,ok
nasa,F-2,smap,point,iforest,tuned,"{'w': 50, 'n_estimators': 200}",0.2859,0.29729,0.639,0.2514,2.15,5.72,0.0,8626,25,0.3428,ok
nasa,F-2,smap,point,lof,default,,0.56615,0.57972,0.88287,0.65487,0.85,,17.0,8626,25,0.3428,ok
nasa,F-2,smap,point,lof,tuned,"{'w': 50, 'k': 30}",0.56205,0.57046,0.87679,0.65451,1.91,2.81,0.0,8626,25,0.3428,ok
nasa,F-2,smap,point,knn,default,,0.55174,0.56335,0.87847,0.65463,0.58,,17.0,8626,25,0.3428,ok
nasa,F-2,smap,point,knn,tuned,"{'w': 50, 'k': 5}",0.54897,0.55996,0.87565,0.65092,1.41,1.51,0.0,8626,25,0.3428,ok
nasa,F-2,smap,point,ae,default,,0.58317,0.5929,0.88653,0.66021,2.07,,198.0,8626,25,0.3428,ok
nasa,F-2,smap,point,ae,tuned,"{'w': 50, 'hidden': 64, 'latent': 8}",0.56469,0.57723,0.88037,0.65578,3.4,7.28,0.0,8626,25,0.3428,ok
nasa,T-3,smap,point,iforest,default,,0.01486,0.02185,0.63389,0.0,1.76,,17.0,8579,25,0.02145,ok
nasa,T-3,smap,point,iforest,tuned,"{'w': 100, 'n_estimators': 200}",0.01486,0.02185,0.63389,0.0,2.12,6.03,0.0,8579,25,0.02145,ok
nasa,T-3,smap,point,lof,default,,0.14512,0.20762,0.78619,0.39741,0.82,,17.0,8579,25,0.02145,ok
nasa,T-3,smap,point,lof,tuned,"{'w': 100, 'k': 50}",0.14512,0.20762,0.78619,0.39741,1.44,2.19,0.0,8579,25,0.02145,ok
nasa,T-3,smap,point,knn,default,,0.14503,0.20763,0.78619,0.39394,0.61,,17.0,8579,25,0.02145,ok
nasa,T-3,smap,point,knn,tuned,"{'w': 100, 'k': 3}",0.14505,0.20758,0.78619,0.39394,0.97,1.67,0.0,8579,25,0.02145,ok
nasa,T-3,smap,point,ae,default,,0.14864,0.21231,0.79041,0.40138,2.19,,196.9,8579,25,0.02145,ok
nasa,T-3,smap,point,ae,tuned,"{'w': 50, 'hidden': 64, 'latent': 8}",0.30784,0.2923,0.83213,0.61468,3.12,7.86,0.0,8579,25,0.02145,ok
nasa,D-12,smap,point,iforest,default,,0.34226,0.34873,0.0,0.0,1.37,,17.0,7918,25,0.34605,ok
nasa,D-12,smap,point,lof,default,,0.91474,0.90352,0.96603,0.75,0.28,,17.0,7918,25,0.34605,ok
nasa,D-12,smap,point,knn,default,,0.91474,0.90352,0.96603,0.75,0.23,,17.0,7918,25,0.34605,ok
nasa,D-12,smap,point,ae,default,,0.91398,0.90219,0.96603,0.75,1.2,,185.2,7918,25,0.34605,ok
nasa,G-6,smap,point,iforest,default,,0.0219,0.03208,0.76705,0.04365,1.81,,17.0,8640,25,0.01169,ok
nasa,G-6,smap,point,iforest,tuned,"{'w': 50, 'n_estimators': 200}",0.0279,0.04537,0.77002,0.06364,1.93,5.6,0.0,8640,25,0.01169,ok
nasa,G-6,smap,point,lof,default,,0.06651,0.10025,0.75188,0.21604,0.77,,17.0,8640,25,0.01169,ok
nasa,G-6,smap,point,lof,tuned,"{'w': 100, 'k': 50}",0.06651,0.10025,0.75188,0.21604,1.13,2.51,0.0,8640,25,0.01169,ok
nasa,G-6,smap,point,knn,default,,0.06631,0.09778,0.75164,0.21222,0.62,,17.0,8640,25,0.01169,ok
nasa,G-6,smap,point,knn,tuned,"{'w': 50, 'k': 3}",0.05489,0.08372,0.75988,0.17818,1.6,1.57,0.0,8640,25,0.01169,ok
nasa,G-6,smap,point,ae,default,,0.06587,0.10071,0.75135,0.21627,2.23,,198.1,8640,25,0.01169,ok
nasa,G-6,smap,point,ae,tuned,"{'w': 100, 'hidden': 32, 'latent': 8}",0.05736,0.08155,0.74869,0.18716,2.48,7.39,0.0,8640,25,0.01169,ok
nasa,P-7,smap,contextual,iforest,default,,0.51057,0.50361,0.85991,0.85561,1.78,,17.0,8071,25,0.20456,ok
nasa,P-7,smap,contextual,iforest,tuned,"{'w': 50, 'n_estimators': 100}",0.38624,0.38428,0.71124,0.47817,1.42,5.93,0.0,8071,25,0.20456,ok
nasa,P-7,smap,contextual,lof,default,,0.53037,0.53519,0.8563,0.83562,0.9,,17.0,8071,25,0.20456,ok
nasa,P-7,smap,contextual,lof,tuned,"{'w': 50, 'k': 30}",0.48284,0.47981,0.81148,0.77332,2.21,2.37,0.0,8071,25,0.20456,ok
nasa,P-7,smap,contextual,knn,default,,0.53064,0.5339,0.8574,0.84058,0.6,,17.0,8071,25,0.20456,ok
nasa,P-7,smap,contextual,knn,tuned,"{'w': 200, 'k': 1}",0.49123,0.50029,0.82237,0.81657,0.78,1.58,0.0,8071,25,0.20456,ok
nasa,P-7,smap,contextual,ae,default,,0.52348,0.5245,0.85199,0.83751,2.04,,191.7,8071,25,0.20456,ok
nasa,P-7,smap,contextual,ae,tuned,"{'w': 50, 'hidden': 32, 'latent': 16}",0.53006,0.52808,0.85102,0.83064,3.1,7.22,0.0,8071,25,0.20456,ok
nasa,A-5,smap,point,iforest,default,,0.0135,0.02471,0.21394,0.0,1.25,,17.0,4693,25,0.01087,ok
nasa,A-5,smap,point,lof,default,,0.01134,0.01702,0.0,0.0,0.22,,17.0,4693,25,0.01087,ok
nasa,A-5,smap,point,knn,default,,0.01376,0.02709,0.97462,0.0,0.17,,17.0,4693,25,0.01087,ok
nasa,A-5,smap,point,ae,default,,0.0135,0.03216,0.97601,0.0,0.82,,155.4,4693,25,0.01087,ok
nasa,A-7,smap,contextual,iforest,default,,0.15709,0.16537,0.41409,0.03183,1.81,,17.0,8631,25,0.27818,ok
nasa,A-7,smap,contextual,iforest,tuned,"{'w': 50, 'n_estimators': 200}",0.16637,0.17471,0.51974,0.03181,1.98,6.03,0.0,8631,25,0.27818,ok
nasa,A-7,smap,contextual,lof,default,,0.28753,0.29584,0.48527,0.0743,0.82,,17.0,8631,25,0.27818,ok
nasa,A-7,smap,contextual,lof,tuned,"{'w': 200, 'k': 10}",0.23853,0.24578,0.42716,0.04705,0.93,2.6,0.0,8631,25,0.27818,ok
nasa,A-7,smap,contextual,knn,default,,0.48222,0.4925,0.80106,0.54737,0.63,,17.0,8631,25,0.27818,ok
nasa,A-7,smap,contextual,knn,tuned,"{'w': 50, 'k': 3}",0.77888,0.79131,0.95722,0.94999,1.5,1.56,0.0,8631,25,0.27818,ok
nasa,A-7,smap,contextual,ae,default,,0.15924,0.16744,0.42353,0.04319,2.17,,198.1,8631,25,0.27818,ok
nasa,A-7,smap,contextual,ae,tuned,"{'w': 50, 'hidden': 64, 'latent': 8}",0.2877,0.29435,0.53937,0.1591,3.02,7.32,0.0,8631,25,0.27818,ok
nasa,P-2,smap,point,iforest,default,,0.29852,0.3294,0.93873,0.25,1.75,,17.0,8209,25,0.14935,ok
nasa,P-2,smap,point,iforest,tuned,"{'w': 50, 'n_estimators': 200}",0.24428,0.28173,0.93684,0.25,1.98,5.9,0.0,8209,25,0.14935,ok
nasa,P-2,smap,point,lof,default,,0.22043,0.24776,0.93975,0.25,0.76,,17.0,8209,25,0.14935,ok
nasa,P-2,smap,point,lof,tuned,"{'w': 200, 'k': 10}",0.22712,0.25329,0.93476,0.25,0.94,2.15,0.0,8209,25,0.14935,ok
nasa,P-2,smap,point,knn,default,,0.21231,0.24348,0.93931,0.25,0.94,,17.0,8209,25,0.14935,ok
nasa,P-2,smap,point,knn,tuned,"{'w': 200, 'k': 1}",0.23115,0.25853,0.93148,0.25,0.76,1.55,0.0,8209,25,0.14935,ok
nasa,P-2,smap,point,ae,default,,0.35977,0.36183,0.94591,0.45981,2.09,,193.7,8209,25,0.14935,ok
nasa,P-2,smap,point,ae,tuned,"{'w': 50, 'hidden': 32, 'latent': 16}",0.519,0.52013,0.94158,0.85657,3.16,7.36,0.0,8209,25,0.14935,ok
nasa,A-9,smap,contextual,iforest,default,,0.27574,0.2825,0.20821,0.0,1.82,,17.0,8434,25,0.45826,ok
nasa,A-9,smap,contextual,lof,default,,0.53997,0.54657,0.65603,0.33014,0.36,,17.0,8434,25,0.45826,ok
nasa,A-9,smap,contextual,knn,default,,0.53974,0.54644,0.65648,0.33014,0.3,,17.0,8434,25,0.45826,ok
nasa,A-9,smap,contextual,ae,default,,0.53967,0.54638,0.65585,0.32987,1.33,,193.0,8434,25,0.45826,ok
nasa,M-6,msl,point,iforest,default,,0.04586,0.06412,0.54891,0.0,1.7,,17.0,2049,55,0.08834,ok
nasa,M-6,msl,point,lof,default,,0.9139,0.97102,0.99566,0.97524,0.65,,17.0,2049,55,0.08834,ok
nasa,M-6,msl,point,knn,default,,0.79309,0.94008,0.99566,0.96636,0.38,,17.0,2049,55,0.08834,ok
nasa,M-6,msl,point,ae,default,,0.87959,0.96163,0.99536,0.96429,1.72,,166.3,2049,55,0.08834,ok
nasa,M-2,msl,contextual,iforest,default,,0.95221,0.96822,0.9823,0.74062,1.81,,17.0,2277,55,0.5011,ok
nasa,M-2,msl,contextual,lof,default,,0.7598,0.77766,0.91964,0.47745,0.62,,17.0,2277,55,0.5011,ok
nasa,M-2,msl,contextual,knn,default,,0.7579,0.78142,0.93877,0.48293,0.41,,17.0,2277,55,0.5011,ok
nasa,M-2,msl,contextual,ae,default,,0.66352,0.68165,0.96374,0.48659,2.32,,187.1,2277,55,0.5011,ok
nasa,P-10,msl,point,iforest,default,,0.04711,0.07303,0.87549,0.15956,2.91,,17.0,6100,55,0.02148,ok
nasa,P-10,msl,point,iforest,tuned,"{'w': 50, 'n_estimators': 200}",0.31322,0.25334,0.99473,0.56487,2.96,10.82,0.0,6100,55,0.02148,ok
nasa,P-10,msl,point,lof,default,,0.76232,0.6587,0.99683,0.86042,1.87,,17.0,6100,55,0.02148,ok
nasa,P-10,msl,point,lof,tuned,"{'w': 50, 'k': 30}",0.77572,0.59675,0.99734,0.85686,6.12,6.34,0.0,6100,55,0.02148,ok
nasa,P-10,msl,point,knn,default,,0.77456,0.66469,0.99683,0.8683,2.21,,17.0,6100,55,0.02148,ok
nasa,P-10,msl,point,knn,tuned,"{'w': 50, 'k': 3}",0.73903,0.56624,0.9972,0.83196,4.39,4.66,0.0,6100,55,0.02148,ok
nasa,P-10,msl,point,ae,default,,0.91878,0.81835,0.99835,0.9731,4.29,,362.6,6100,55,0.02148,ok
nasa,P-10,msl,point,ae,tuned,"{'w': 50, 'hidden': 32, 'latent': 16}",0.42876,0.33932,0.99359,0.63894,5.97,15.75,0.0,6100,55,0.02148,ok
nasa,T-5,msl,point,iforest,default,,0.00835,0.01218,0.41384,0.0,1.39,,17.0,2218,55,0.01172,ok
nasa,T-5,msl,point,lof,default,,0.96818,0.93402,0.99969,0.98913,0.69,,17.0,2218,55,0.01172,ok
nasa,T-5,msl,point,knn,default,,0.9645,0.92361,0.99969,0.98913,0.45,,17.0,2218,55,0.01172,ok
nasa,T-5,msl,point,ae,default,,0.99163,0.95272,0.99977,0.98936,1.45,,183.0,2218,55,0.01172,ok
nasa,M-3,msl,contextual,iforest,default,,0.20056,0.28048,0.85011,0.29285,1.94,,17.0,2127,55,0.11801,ok
nasa,M-3,msl,contextual,lof,default,,0.07103,0.10689,0.67558,0.01677,0.79,,17.0,2127,55,0.11801,ok
nasa,M-3,msl,contextual,knn,default,,0.07013,0.10619,0.66885,0.00623,0.43,,17.0,2127,55,0.11801,ok
nasa,M-3,msl,contextual,ae,default,,0.12955,0.19622,0.72967,0.13555,1.82,,174.8,2127,55,0.11801,ok
nasa,M-5,msl,contextual,iforest,default,,0.1262,0.16937,0.61335,0.0162,1.96,,17.0,2303,55,0.1307,ok
nasa,M-5,msl,contextual,lof,default,,0.12507,0.16557,0.6625,0.02355,0.79,,17.0,2303,55,0.1307,ok
nasa,M-5,msl,contextual,knn,default,,0.12913,0.17149,0.69344,0.08511,0.47,,17.0,2303,55,0.1307,ok
nasa,M-5,msl,contextual,ae,default,,0.14403,0.18447,0.67512,0.11125,1.76,,186.7,2303,55,0.1307,ok
nasa,C-1,msl,mixed,iforest,default,,0.14844,0.22277,0.54074,0.2027,2.01,,17.0,2264,55,0.13781,ok
nasa,C-1,msl,mixed,lof,default,,0.13505,0.19601,0.5346,0.09569,0.84,,17.0,2264,55,0.13781,ok
nasa,C-1,msl,mixed,knn,default,,0.1383,0.20125,0.52677,0.09179,0.48,,17.0,2264,55,0.13781,ok
nasa,C-1,msl,mixed,ae,default,,0.54216,0.53916,0.74276,0.5,1.89,,186.6,2264,55,0.13781,ok
nasa,T-12,msl,contextual,iforest,default,,0.07005,0.12541,0.91494,0.04731,1.78,,17.0,2430,55,0.04979,ok
nasa,T-12,msl,contextual,lof,default,,0.23549,0.24277,0.7232,0.47965,0.39,,17.0,2430,55,0.04979,ok
nasa,T-12,msl,contextual,knn,default,,0.23705,0.24157,0.72205,0.47802,0.21,,17.0,2430,55,0.04979,ok
nasa,T-12,msl,contextual,ae,default,,0.82842,0.74074,0.99425,0.94715,1.11,,192.1,2430,55,0.04979,ok
nasa,F-4,msl,point,iforest,default,,0.09904,0.12196,0.8687,0.24368,2.57,,17.0,3422,55,0.02075,ok
nasa,F-4,msl,point,lof,default,,0.03504,0.04525,0.65057,0.06536,0.96,,17.0,3422,55,0.02075,ok
nasa,F-4,msl,point,knn,default,,0.03606,0.04714,0.6472,0.06781,0.6,,17.0,3422,55,0.02075,ok
nasa,F-4,msl,point,ae,default,,0.0487,0.06554,0.53727,0.11504,1.86,,262.9,3422,55,0.02075,ok
nasa,D-14,msl,point,iforest,default,,0.04515,0.07056,0.38303,0.0,1.89,,17.0,2625,55,0.08457,ok
nasa,D-14,msl,point,iforest,tuned,"{'w': 50, 'n_estimators': 100}",0.04645,0.07206,0.36435,0.0,1.48,10.21,0.0,2625,55,0.08457,ok
nasa,D-14,msl,point,lof,default,,0.98263,0.85054,0.9877,0.90346,1.36,,17.0,2625,55,0.08457,ok
nasa,D-14,msl,point,lof,tuned,"{'w': 100, 'k': 50}",0.98263,0.85054,0.9877,0.90346,0.98,6.56,0.0,2625,55,0.08457,ok
nasa,D-14,msl,point,knn,default,,0.98462,0.89114,0.98972,0.91705,0.46,,17.0,2625,55,0.08457,ok
nasa,D-14,msl,point,knn,tuned,"{'w': 50, 'k': 3}",0.9937,0.84402,0.99811,0.98593,2.0,3.0,0.0,2625,55,0.08457,ok
nasa,D-14,msl,point,ae,default,,0.9737,0.95873,0.98038,0.84281,2.75,,218.2,2625,55,0.08457,ok
nasa,D-14,msl,point,ae,tuned,"{'w': 50, 'hidden': 64, 'latent': 8}",0.99295,0.93519,0.99499,0.96113,4.06,14.71,0.0,2625,55,0.08457,ok
nasa,P-14,msl,point,iforest,default,,0.02531,0.04283,0.68968,0.0309,1.96,,17.0,6100,55,0.02967,ok
nasa,P-14,msl,point,iforest,tuned,"{'w': 50, 'n_estimators': 200}",0.02761,0.04037,0.62427,0.05011,1.97,10.21,0.0,6100,55,0.02967,ok
nasa,P-14,msl,point,lof,default,,0.63815,0.52065,0.99493,0.78678,1.15,,17.0,6100,55,0.02967,ok
nasa,P-14,msl,point,lof,tuned,"{'w': 100, 'k': 50}",0.63815,0.52065,0.99493,0.78678,1.38,4.6,0.0,6100,55,0.02967,ok
nasa,P-14,msl,point,knn,default,,0.66937,0.54432,0.99653,0.80374,1.15,,17.0,6100,55,0.02967,ok
nasa,P-14,msl,point,knn,tuned,"{'w': 100, 'k': 5}",0.66937,0.54432,0.99653,0.80374,1.31,2.46,0.0,6100,55,0.02967,ok
nasa,P-14,msl,point,ae,default,,0.72088,0.63956,0.99579,0.82243,3.29,,355.5,6100,55,0.02967,ok
nasa,P-14,msl,point,ae,tuned,"{'w': 100, 'hidden': 64, 'latent': 8}",0.72089,0.63966,0.99579,0.82243,4.22,11.08,0.0,6100,55,0.02967,ok
nasa,P-11,msl,point,iforest,default,,0.64954,0.61004,0.91549,0.65571,2.3,,17.0,3535,55,0.0645,ok
nasa,P-11,msl,point,iforest,tuned,"{'w': 50, 'n_estimators': 100}",0.64012,0.56289,0.82965,0.68172,1.19,10.38,0.0,3535,55,0.0645,ok
nasa,P-11,msl,point,lof,default,,0.0574,0.09101,0.62738,0.03175,0.96,,17.0,3535,55,0.0645,ok
nasa,P-11,msl,point,lof,tuned,"{'w': 50, 'k': 50}",0.04691,0.08057,0.77209,0.00095,2.44,4.37,0.0,3535,55,0.0645,ok
nasa,P-11,msl,point,knn,default,,0.0592,0.09482,0.63504,0.04265,0.58,,17.0,3535,55,0.0645,ok
nasa,P-11,msl,point,knn,tuned,"{'w': 50, 'k': 3}",0.06092,0.09932,0.63949,0.04348,1.45,2.81,0.0,3535,55,0.0645,ok
nasa,P-11,msl,point,ae,default,,0.06298,0.09267,0.66462,0.0846,2.27,,274.4,3535,55,0.0645,ok
nasa,P-11,msl,point,ae,tuned,"{'w': 50, 'hidden': 64, 'latent': 8}",0.06953,0.10279,0.66302,0.04678,3.81,11.28,0.0,3535,55,0.0645,ok
nasa,D-16,msl,contextual,iforest,default,,0.35615,0.36896,0.92344,0.35582,1.3,,17.0,2191,55,0.29712,ok
nasa,D-16,msl,contextual,lof,default,,0.2333,0.26367,0.74696,0.13158,0.37,,17.0,2191,55,0.29712,ok
nasa,D-16,msl,contextual,knn,default,,0.20482,0.23673,0.6208,0.06029,0.23,,17.0,2191,55,0.29712,ok
nasa,D-16,msl,contextual,ae,default,,0.40925,0.42453,0.72967,0.34774,1.11,,174.1,2191,55,0.29712,ok
nasa,F-8,msl,contextual,iforest,default,,0.35226,0.3691,0.88313,0.40554,1.36,,17.0,2487,55,0.21592,ok
nasa,F-8,msl,contextual,iforest,tuned,"{'w': 50, 'n_estimators': 100}",0.33339,0.34158,0.94805,0.36111,0.9,6.29,0.0,2487,55,0.21592,ok
nasa,F-8,msl,contextual,lof,default,,0.17208,0.19528,0.63227,0.03038,0.75,,17.0,2487,55,0.21592,ok
nasa,F-8,msl,contextual,lof,tuned,"{'w': 50, 'k': 50}",0.17192,0.19768,0.59789,0.01619,1.63,3.66,0.0,2487,55,0.21592,ok
nasa,F-8,msl,contextual,knn,default,,0.17241,0.19577,0.63683,0.03157,0.41,,17.0,2487,55,0.21592,ok
nasa,F-8,msl,contextual,knn,tuned,"{'w': 50, 'k': 3}",0.17093,0.19527,0.61406,0.03157,1.14,2.64,0.0,2487,55,0.21592,ok
nasa,F-8,msl,contextual,ae,default,,0.6591,0.63715,0.9711,0.71669,1.81,,205.3,2487,55,0.21592,ok
nasa,F-8,msl,contextual,ae,tuned,"{'w': 200, 'hidden': 32, 'latent': 16}",0.76579,0.73872,0.97597,0.75,1.84,9.0,0.0,2487,55,0.21592,ok
smd,machine-1-1,server,,iforest,default,,0.42613,0.41458,0.68559,0.46652,4.8,,17.0,28479,38,0.0946,ok
smd,machine-1-1,server,,iforest,tuned,"{'w': 200, 'n_estimators': 200}",0.40382,0.40207,0.68903,0.4266,7.99,17.89,0.0,28479,38,0.0946,ok
smd,machine-1-1,server,,lof,default,,0.57624,0.63028,0.87797,0.60937,26.1,,17.0,28479,38,0.0946,ok
smd,machine-1-1,server,,lof,tuned,"{'w': 50, 'k': 10}",0.61536,0.63685,0.90957,0.72998,99.26,79.9,0.0,28479,38,0.0946,ok
smd,machine-1-1,server,,knn,default,,0.5915,0.64043,0.85071,0.60827,29.67,,17.0,28479,38,0.0946,ok
smd,machine-1-1,server,,knn,tuned,"{'w': 50, 'k': 1}",0.65556,0.66838,0.90452,0.73445,68.5,48.12,0.0,28479,38,0.0946,ok
smd,machine-1-1,server,,ae,default,,0.55237,0.62213,0.92088,0.72057,14.9,,669.7,28479,38,0.0946,ok
smd,machine-1-1,server,,ae,tuned,"{'w': 100, 'hidden': 32, 'latent': 8}",0.55444,0.62435,0.91935,0.71711,14.24,62.4,0.0,28479,38,0.0946,ok
smd,machine-1-3,server,,iforest,default,,0.22993,0.25203,0.83034,0.28322,4.17,,17.0,23703,38,0.03447,ok
smd,machine-1-3,server,,iforest,tuned,"{'w': 100, 'n_estimators': 100}",0.23223,0.24902,0.78366,0.28783,4.63,15.2,0.0,23703,38,0.03447,ok
smd,machine-1-3,server,,lof,default,,0.06734,0.10056,0.72994,0.16745,27.08,,17.0,23703,38,0.03447,ok
smd,machine-1-3,server,,lof,tuned,"{'w': 50, 'k': 30}",0.06559,0.09317,0.69615,0.17856,74.77,70.5,0.0,23703,38,0.03447,ok
smd,machine-1-3,server,,knn,default,,0.10603,0.13873,0.72427,0.21706,19.08,,17.0,23703,38,0.03447,ok
smd,machine-1-3,server,,knn,tuned,"{'w': 50, 'k': 5}",0.13,0.14099,0.81817,0.21086,48.83,35.14,0.0,23703,38,0.03447,ok
smd,machine-1-3,server,,ae,default,,0.31923,0.36861,0.90118,0.41497,12.38,,583.2,23703,38,0.03447,ok
smd,machine-1-3,server,,ae,tuned,"{'w': 50, 'hidden': 64, 'latent': 8}",0.37065,0.39349,0.91325,0.48253,22.59,56.14,0.0,23703,38,0.03447,ok
smd,machine-1-5,server,,iforest,default,,0.03021,0.04079,0.66654,0.10987,4.27,,17.0,23706,38,0.00422,ok
smd,machine-1-5,server,,iforest,tuned,"{'w': 100, 'n_estimators': 200}",0.03021,0.04079,0.66654,0.10987,6.39,15.14,0.0,23706,38,0.00422,ok
smd,machine-1-5,server,,lof,default,,0.00469,0.00651,0.71769,0.00944,26.64,,17.0,23706,38,0.00422,ok
smd,machine-1-5,server,,lof,tuned,"{'w': 50, 'k': 30}",0.00486,0.00722,0.76922,0.0157,74.31,69.98,0.0,23706,38,0.00422,ok
smd,machine-1-5,server,,knn,default,,0.11242,0.03,0.67519,0.24719,18.78,,17.0,23706,38,0.00422,ok
smd,machine-1-5,server,,knn,tuned,"{'w': 50, 'k': 3}",0.11205,0.02359,0.68369,0.2439,48.87,34.48,0.0,23706,38,0.00422,ok
smd,machine-1-5,server,,ae,default,,0.0082,0.01273,0.55998,0.0383,12.43,,583.2,23706,38,0.00422,ok
smd,machine-1-5,server,,ae,tuned,"{'w': 50, 'hidden': 64, 'latent': 8}",0.39554,0.31296,0.91391,0.34978,22.25,56.92,0.0,23706,38,0.00422,ok
smd,machine-1-7,server,,iforest,default,,0.26744,0.34578,0.68111,0.42578,4.13,,17.0,23697,38,0.10119,ok
smd,machine-1-7,server,,iforest,tuned,"{'w': 100, 'n_estimators': 100}",0.26448,0.33842,0.67174,0.42115,5.97,14.63,0.0,23697,38,0.10119,ok
smd,machine-1-7,server,,lof,default,,0.1169,0.23183,0.74532,0.12948,26.49,,17.0,23697,38,0.10119,ok
smd,machine-1-7,server,,lof,tuned,"{'w': 50, 'k': 50}",0.10971,0.20725,0.82204,0.36025,76.82,69.08,0.0,23697,38,0.10119,ok
smd,machine-1-7,server,,knn,default,,0.73982,0.75113,0.89433,0.57921,17.21,,17.0,23697,38,0.10119,ok
smd,machine-1-7,server,,knn,tuned,"{'w': 50, 'k': 3}",0.73177,0.71488,0.88335,0.65769,51.76,33.31,0.0,23697,38,0.10119,ok
smd,machine-1-7,server,,ae,default,,0.33419,0.45319,0.91277,0.57663,12.51,,583.2,23697,38,0.10119,ok
smd,machine-1-7,server,,ae,tuned,"{'w': 50, 'hidden': 64, 'latent': 8}",0.69086,0.76799,0.92547,0.72308,22.75,56.68,0.0,23697,38,0.10119,ok
smd,machine-2-1,server,,iforest,default,,0.32983,0.37119,0.75198,0.36631,4.37,,17.0,23694,38,0.04938,ok
smd,machine-2-1,server,,iforest,tuned,"{'w': 100, 'n_estimators': 100}",0.321,0.35982,0.74355,0.36034,5.42,15.55,0.0,23694,38,0.04938,ok
smd,machine-2-1,server,,lof,default,,0.21564,0.37523,0.81917,0.44195,27.26,,17.0,23694,38,0.04938,ok
smd,machine-2-1,server,,lof,tuned,"{'w': 50, 'k': 30}",0.0534,0.08587,0.67696,0.08989,68.51,69.17,0.0,23694,38,0.04938,ok
smd,machine-2-1,server,,knn,default,,0.21293,0.34365,0.88118,0.37871,16.87,,17.0,23694,38,0.04938,ok
smd,machine-2-1,server,,knn,tuned,"{'w': 50, 'k': 3}",0.20579,0.28925,0.85527,0.38334,32.5,24.49,0.0,23694,38,0.04938,ok
smd,machine-2-1,server,,ae,default,,0.22641,0.31697,0.77105,0.38609,11.98,,583.2,23694,38,0.04938,ok
smd,machine-2-1,server,,ae,tuned,"{'w': 50, 'hidden': 64, 'latent': 8}",0.28522,0.45091,0.89208,0.5332,27.93,56.9,0.0,23694,38,0.04938,ok
smd,machine-2-3,server,,iforest,default,,0.52454,0.37395,0.66867,0.34283,5.66,,17.0,23689,38,0.01136,ok
smd,machine-2-3,server,,iforest,tuned,"{'w': 100, 'n_estimators': 100}",0.51133,0.36307,0.65542,0.32867,5.24,19.97,0.0,23689,38,0.01136,ok
smd,machine-2-3,server,,lof,default,,0.01381,0.02124,0.53439,0.04819,28.02,,17.0,23689,38,0.01136,ok
smd,machine-2-3,server,,lof,tuned,"{'w': 50, 'k': 30}",0.01113,0.0187,0.54051,0.04834,69.52,69.31,0.0,23689,38,0.01136,ok
smd,machine-2-3,server,,knn,default,,0.21297,0.19771,0.79139,0.33482,12.58,,17.0,23689,38,0.01136,ok
smd,machine-2-3,server,,knn,tuned,"{'w': 50, 'k': 3}",0.24931,0.25644,0.80621,0.33775,32.72,24.09,0.0,23689,38,0.01136,ok
smd,machine-2-3,server,,ae,default,,0.22633,0.20396,0.92054,0.19633,11.78,,582.8,23689,38,0.01136,ok
smd,machine-2-3,server,,ae,tuned,"{'w': 50, 'hidden': 64, 'latent': 8}",0.38838,0.43366,0.94992,0.45139,30.53,63.17,0.0,23689,38,0.01136,ok
smd,machine-2-5,server,,iforest,default,,0.15893,0.1846,0.58739,0.19146,5.21,,17.0,23689,38,0.04137,ok
smd,machine-2-5,server,,iforest,tuned,"{'w': 100, 'n_estimators': 100}",0.155,0.18249,0.58893,0.19157,4.33,20.47,0.0,23689,38,0.04137,ok
smd,machine-2-5,server,,lof,default,,0.12013,0.20141,0.75169,0.27639,24.48,,17.0,23689,38,0.04137,ok
smd,machine-2-5,server,,lof,tuned,"{'w': 50, 'k': 30}",0.09832,0.12757,0.80383,0.21069,75.14,68.39,0.0,23689,38,0.04137,ok
smd,machine-2-5,server,,knn,default,,0.54405,0.63579,0.8941,0.60973,12.72,,17.0,23689,38,0.04137,ok
smd,machine-2-5,server,,knn,tuned,"{'w': 50, 'k': 3}",0.59763,0.71944,0.88539,0.67777,32.44,24.58,0.0,23689,38,0.04137,ok
smd,machine-2-5,server,,ae,default,,0.34856,0.43881,0.92046,0.48154,11.89,,582.8,23689,38,0.04137,ok
smd,machine-2-5,server,,ae,tuned,"{'w': 50, 'hidden': 32, 'latent': 16}",0.40794,0.60767,0.942,0.51832,27.47,56.58,0.0,23689,38,0.04137,ok
smd,machine-2-7,server,,iforest,default,,0.73885,0.53631,0.48697,0.10231,5.52,,17.0,23696,38,0.0176,ok
smd,machine-2-7,server,,iforest,tuned,"{'w': 100, 'n_estimators': 100}",0.73874,0.53613,0.50813,0.10032,6.05,20.16,0.0,23696,38,0.0176,ok
smd,machine-2-7,server,,lof,default,,0.17617,0.1043,0.56893,0.07598,27.11,,17.0,23696,38,0.0176,ok
smd,machine-2-7,server,,lof,tuned,"{'w': 50, 'k': 30}",0.02845,0.03354,0.62156,0.07323,55.24,68.48,0.0,23696,38,0.0176,ok
smd,machine-2-7,server,,knn,default,,0.29716,0.28776,0.86104,0.27748,12.94,,17.0,23696,38,0.0176,ok
smd,machine-2-7,server,,knn,tuned,"{'w': 50, 'k': 3}",0.22816,0.21806,0.83816,0.27144,32.89,24.7,0.0,23696,38,0.0176,ok
smd,machine-2-7,server,,ae,default,,0.56035,0.48652,0.93112,0.32153,12.19,,583.2,23696,38,0.0176,ok
smd,machine-2-7,server,,ae,tuned,"{'w': 50, 'hidden': 64, 'latent': 8}",0.58179,0.55034,0.95645,0.45874,31.13,69.2,0.0,23696,38,0.0176,ok
smd,machine-2-9,server,,iforest,default,,0.26459,0.26307,0.7036,0.29068,6.42,,17.0,28722,38,0.0611,ok
smd,machine-2-9,server,,iforest,tuned,"{'w': 400, 'n_estimators': 200}",0.20199,0.26614,0.69265,0.2939,17.33,24.04,0.0,28722,38,0.0611,ok
smd,machine-2-9,server,,lof,default,,0.0493,0.07733,0.48133,0.00516,39.17,,17.0,28722,38,0.0611,ok
smd,machine-2-9,server,,lof,tuned,"{'w': 50, 'k': 10}",0.10071,0.14337,0.74532,0.18082,70.5,95.41,0.0,28722,38,0.0611,ok
smd,machine-2-9,server,,knn,default,,0.30183,0.30635,0.70291,0.31539,18.45,,17.0,28722,38,0.0611,ok
smd,machine-2-9,server,,knn,tuned,"{'w': 50, 'k': 1}",0.36729,0.35989,0.79787,0.42548,47.26,36.62,0.0,28722,38,0.0611,ok
smd,machine-2-9,server,,ae,default,,0.69974,0.73983,0.91331,0.57778,21.14,,674.3,28722,38,0.0611,ok
smd,machine-2-9,server,,ae,tuned,"{'w': 100, 'hidden': 32, 'latent': 8}",0.70217,0.74332,0.91416,0.57778,23.67,109.3,0.0,28722,38,0.0611,ok
smd,machine-3-10,server,,iforest,default,,0.66454,0.53598,0.40956,0.32763,5.79,,17.0,23693,38,0.04419,ok
smd,machine-3-10,server,,iforest,tuned,"{'w': 400, 'n_estimators': 200}",0.49405,0.40744,0.29188,0.24085,11.98,20.12,0.0,23693,38,0.04419,ok
smd,machine-3-10,server,,lof,default,,0.06128,0.10353,0.68352,0.1886,26.38,,17.0,23693,38,0.04419,ok
smd,machine-3-10,server,,lof,tuned,"{'w': 50, 'k': 30}",0.09007,0.12305,0.61352,0.19643,48.44,60.57,0.0,23693,38,0.04419,ok
smd,machine-3-10,server,,knn,default,,0.07368,0.11517,0.7342,0.1864,12.59,,17.0,23693,38,0.04419,ok
smd,machine-3-10,server,,knn,tuned,"{'w': 50, 'k': 3}",0.07084,0.10515,0.73147,0.1836,32.71,24.44,0.0,23693,38,0.04419,ok
smd,machine-3-10,server,,ae,default,,0.28567,0.34055,0.89106,0.4406,12.06,,583.2,23693,38,0.04419,ok
smd,machine-3-10,server,,ae,tuned,"{'w': 50, 'hidden': 32, 'latent': 16}",0.54477,0.54708,0.89784,0.4728,31.7,68.48,0.0,23693,38,0.04419,ok
smd,machine-3-2,server,,iforest,default,,0.05716,0.09251,0.45009,0.10236,5.18,,17.0,23703,38,0.04679,ok
smd,machine-3-2,server,,iforest,tuned,"{'w': 100, 'n_estimators': 100}",0.06428,0.09661,0.44041,0.14286,4.89,22.86,0.0,23703,38,0.04679,ok
smd,machine-3-2,server,,lof,default,,0.09597,0.2103,0.81238,0.23804,25.65,,17.0,23703,38,0.04679,ok
smd,machine-3-2,server,,lof,tuned,"{'w': 100, 'k': 50}",0.09597,0.2103,0.81238,0.23804,20.16,72.66,0.0,23703,38,0.04679,ok
smd,machine-3-2,server,,knn,default,,0.10851,0.24104,0.83168,0.26518,13.0,,17.0,23703,38,0.04679,ok
smd,machine-3-2,server,,knn,tuned,"{'w': 100, 'k': 3}",0.10698,0.23481,0.82632,0.25899,14.04,24.01,0.0,23703,38,0.04679,ok
smd,machine-3-2,server,,ae,default,,0.09601,0.16975,0.75541,0.22922,11.74,,583.2,23703,38,0.04679,ok
smd,machine-3-2,server,,ae,tuned,"{'w': 50, 'hidden': 32, 'latent': 16}",0.1671,0.29669,0.85058,0.47364,28.31,57.91,0.0,23703,38,0.04679,ok
smd,machine-3-4,server,,iforest,default,,0.21854,0.25654,0.70321,0.38784,5.0,,17.0,23687,38,0.04125,ok
smd,machine-3-4,server,,iforest,tuned,"{'w': 400, 'n_estimators': 200}",0.07268,0.11323,0.73845,0.16116,13.55,20.26,0.0,23687,38,0.04125,ok
smd,machine-3-4,server,,lof,default,,0.08293,0.15759,0.74634,0.23711,23.61,,0.0,23687,38,0.04125,ok
smd,machine-3-4,server,,lof,tuned,"{'w': 50, 'k': 50}",0.09297,0.13065,0.7518,0.25564,80.07,78.58,0.0,23687,38,0.04125,ok
smd,machine-3-4,server,,knn,default,,0.08078,0.15118,0.76537,0.23518,17.44,,0.0,23687,38,0.04125,ok
smd,machine-3-4,server,,knn,tuned,"{'w': 50, 'k': 3}",0.11242,0.17893,0.76101,0.31528,36.17,40.68,0.0,23687,38,0.04125,ok
smd,machine-3-4,server,,ae,default,,0.84977,0.73368,0.79783,0.4709,17.77,,582.8,23687,38,0.04125,ok
smd,machine-3-4,server,,ae,tuned,"{'w': 50, 'hidden': 64, 'latent': 8}",0.86023,0.72667,0.78598,0.52169,22.54,56.83,0.0,23687,38,0.04125,ok
smd,machine-3-6,server,,iforest,default,,0.74995,0.72449,0.92598,0.6497,4.94,,17.0,28726,38,0.04157,ok
smd,machine-3-6,server,,iforest,tuned,"{'w': 200, 'n_estimators': 100}",0.71019,0.67434,0.8773,0.55991,9.87,25.87,0.0,28726,38,0.04157,ok
smd,machine-3-6,server,,lof,default,,0.4241,0.54848,0.79582,0.51236,42.03,,17.0,28726,38,0.04157,ok
smd,machine-3-6,server,,lof,tuned,"{'w': 50, 'k': 10}",0.54024,0.63712,0.86424,0.66537,112.54,117.43,0.0,28726,38,0.04157,ok
smd,machine-3-6,server,,knn,default,,0.60536,0.75234,0.93452,0.67378,22.85,,17.0,28726,38,0.04157,ok
smd,machine-3-6,server,,knn,tuned,"{'w': 50, 'k': 1}",0.68645,0.79127,0.94139,0.76035,50.97,40.14,0.0,28726,38,0.04157,ok
smd,machine-3-6,server,,ae,default,,0.51436,0.674,0.92817,0.63755,14.78,,675.4,28726,38,0.04157,ok
smd,machine-3-6,server,,ae,tuned,"{'w': 50, 'hidden': 32, 'latent': 8}",0.6194,0.77132,0.96574,0.73472,40.82,90.06,0.0,28726,38,0.04157,ok
smd,machine-3-8,server,,iforest,default,,0.46439,0.41392,0.81388,0.5406,6.74,,17.0,28704,38,0.04776,ok
smd,machine-3-8,server,,iforest,tuned,"{'w': 400, 'n_estimators': 200}",0.64312,0.58074,0.81741,0.4994,20.68,26.75,0.0,28704,38,0.04776,ok
smd,machine-3-8,server,,lof,default,,0.03665,0.06507,0.59947,0.02506,41.94,,17.0,28704,38,0.04776,ok
smd,machine-3-8,server,,lof,tuned,"{'w': 400, 'k': 50}",0.09448,0.11659,0.53896,0.2414,9.62,106.46,0.0,28704,38,0.04776,ok
smd,machine-3-8,server,,knn,default,,0.48674,0.4472,0.8801,0.54203,20.03,,17.0,28704,38,0.04776,ok
smd,machine-3-8,server,,knn,tuned,"{'w': 400, 'k': 5}",0.44973,0.43936,0.84219,0.47091,7.06,40.6,0.0,28704,38,0.04776,ok
smd,machine-3-8,server,,ae,default,,0.28032,0.32139,0.72874,0.48704,15.26,,673.9,28704,38,0.04776,ok
smd,machine-3-8,server,,ae,tuned,"{'w': 100, 'hidden': 32, 'latent': 8}",0.28216,0.32388,0.73358,0.48704,16.18,84.54,0.0,28704,38,0.04776,ok
ucr,001_UCR_Anomaly_DISTORTED1sddb40_35000_52000_52620,DISTORTED1sddb40,,iforest,default,,0.37022,0.25531,0.99677,0.53484,3.62,,17.0,44795,1,0.01386,ok
ucr,001_UCR_Anomaly_DISTORTED1sddb40_35000_52000_52620,DISTORTED1sddb40,,iforest,tuned,"{'w': 100, 'n_estimators': 200}",0.37022,0.25531,0.99677,0.53484,5.11,11.93,0.0,44795,1,0.01386,ok
ucr,001_UCR_Anomaly_DISTORTED1sddb40_35000_52000_52620,DISTORTED1sddb40,,lof,default,,0.03834,0.04012,0.61905,0.10009,3.25,,17.0,44795,1,0.01386,ok
ucr,001_UCR_Anomaly_DISTORTED1sddb40_35000_52000_52620,DISTORTED1sddb40,,lof,tuned,"{'w': 200, 'k': 50}",0.04219,0.04356,0.61904,0.12118,3.06,7.6,0.0,44795,1,0.01386,ok
ucr,001_UCR_Anomaly_DISTORTED1sddb40_35000_52000_52620,DISTORTED1sddb40,,knn,default,,0.33619,0.30761,0.7992,0.519,1.96,,17.0,44795,1,0.01386,ok
ucr,001_UCR_Anomaly_DISTORTED1sddb40_35000_52000_52620,DISTORTED1sddb40,,knn,tuned,"{'w': 200, 'k': 5}",0.58061,0.4517,0.99676,0.70089,2.59,5.28,0.0,44795,1,0.01386,ok
ucr,001_UCR_Anomaly_DISTORTED1sddb40_35000_52000_52620,DISTORTED1sddb40,,ae,default,,0.03299,0.03659,0.64471,0.09325,13.46,,43.0,44795,1,0.01386,ok
ucr,001_UCR_Anomaly_DISTORTED1sddb40_35000_52000_52620,DISTORTED1sddb40,,ae,tuned,"{'w': 200, 'hidden': 32, 'latent': 8}",0.58267,0.46803,0.99671,0.72617,11.88,65.69,0.0,44795,1,0.01386,ok
ucr,003_UCR_Anomaly_DISTORTED3sddb40_35000_46600_46900,DISTORTED3sddb40,,iforest,default,,0.01063,0.01371,0.62483,0.01583,3.47,,17.0,45000,1,0.00669,ok
ucr,003_UCR_Anomaly_DISTORTED3sddb40_35000_46600_46900,DISTORTED3sddb40,,iforest,tuned,"{'w': 100, 'n_estimators': 100}",0.01146,0.01461,0.62212,0.02319,3.99,11.48,0.0,45000,1,0.00669,ok
ucr,003_UCR_Anomaly_DISTORTED3sddb40_35000_46600_46900,DISTORTED3sddb40,,lof,default,,0.02525,0.02653,0.6416,0.07578,3.39,,17.0,45000,1,0.00669,ok
ucr,003_UCR_Anomaly_DISTORTED3sddb40_35000_46600_46900,DISTORTED3sddb40,,lof,tuned,"{'w': 200, 'k': 50}",0.01293,0.01659,0.62181,0.04447,3.13,7.37,0.0,45000,1,0.00669,ok
ucr,003_UCR_Anomaly_DISTORTED3sddb40_35000_46600_46900,DISTORTED3sddb40,,knn,default,,0.0297,0.03223,0.60649,0.0881,2.04,,17.0,45000,1,0.00669,ok
ucr,003_UCR_Anomaly_DISTORTED3sddb40_35000_46600_46900,DISTORTED3sddb40,,knn,tuned,"{'w': 200, 'k': 5}",0.01655,0.02047,0.62165,0.05474,2.77,5.98,0.0,45000,1,0.00669,ok
ucr,003_UCR_Anomaly_DISTORTED3sddb40_35000_46600_46900,DISTORTED3sddb40,,ae,default,,0.03162,0.04047,0.65508,0.10428,14.08,,43.0,45000,1,0.00669,ok
ucr,003_UCR_Anomaly_DISTORTED3sddb40_35000_46600_46900,DISTORTED3sddb40,,ae,tuned,"{'w': 200, 'hidden': 32, 'latent': 8}",0.01934,0.02646,0.64998,0.06725,11.69,66.55,0.0,45000,1,0.00669,ok
ucr,005_UCR_Anomaly_DISTORTEDCIMIS44AirTemperature1_4000_5391_5392,DISTORTEDCIMIS44AirTemperature1,,iforest,default,,0.00065,0.00129,0.81337,0.0,1.25,,17.0,4184,1,0.00048,ok
ucr,005_UCR_Anomaly_DISTORTEDCIMIS44AirTemperature1_4000_5391_5392,DISTORTEDCIMIS44AirTemperature1,,iforest,tuned,"{'w': 50, 'n_estimators': 200}",0.00072,0.00176,0.81373,0.0,1.36,5.99,0.0,4184,1,0.00048,ok
ucr,005_UCR_Anomaly_DISTORTEDCIMIS44AirTemperature1_4000_5391_5392,DISTORTEDCIMIS44AirTemperature1,,lof,default,,0.00123,0.00231,0.81523,0.00325,0.19,,17.0,4184,1,0.00048,ok
ucr,005_UCR_Anomaly_DISTORTEDCIMIS44AirTemperature1_4000_5391_5392,DISTORTEDCIMIS44AirTemperature1,,lof,tuned,"{'w': 50, 'k': 50}",0.00266,0.00435,0.80786,0.00697,0.44,1.8,0.0,4184,1,0.00048,ok
ucr,005_UCR_Anomaly_DISTORTEDCIMIS44AirTemperature1_4000_5391_5392,DISTORTEDCIMIS44AirTemperature1,,knn,default,,0.00228,0.0049,0.82359,0.00606,0.09,,17.0,4184,1,0.00048,ok
ucr,005_UCR_Anomaly_DISTORTEDCIMIS44AirTemperature1_4000_5391_5392,DISTORTEDCIMIS44AirTemperature1,,knn,tuned,"{'w': 100, 'k': 3}",0.00223,0.00493,0.81727,0.00588,0.3,1.38,0.0,4184,1,0.00048,ok
ucr,005_UCR_Anomaly_DISTORTEDCIMIS44AirTemperature1_4000_5391_5392,DISTORTEDCIMIS44AirTemperature1,,ae,default,,0.08681,0.15438,0.99722,0.15385,1.68,,23.9,4184,1,0.00048,ok
ucr,005_UCR_Anomaly_DISTORTEDCIMIS44AirTemperature1_4000_5391_5392,DISTORTEDCIMIS44AirTemperature1,,ae,tuned,"{'w': 100, 'hidden': 32, 'latent': 8}",0.00627,0.01433,0.85547,0.0155,1.9,10.45,0.0,4184,1,0.00048,ok
ucr,007_UCR_Anomaly_DISTORTEDCIMIS44AirTemperature3_4000_6520_6544,DISTORTEDCIMIS44AirTemperature3,,iforest,default,,0.0049,0.00755,0.64116,0.0,1.28,,17.0,4184,1,0.00598,ok
ucr,007_UCR_Anomaly_DISTORTEDCIMIS44AirTemperature3_4000_6520_6544,DISTORTEDCIMIS44AirTemperature3,,iforest,tuned,"{'w': 50, 'n_estimators': 200}",0.00806,0.01058,0.6144,0.0,1.51,6.07,0.0,4184,1,0.00598,ok
ucr,007_UCR_Anomaly_DISTORTEDCIMIS44AirTemperature3_4000_6520_6544,DISTORTEDCIMIS44AirTemperature3,,lof,default,,0.03867,0.05522,0.71012,0.11823,0.19,,17.0,4184,1,0.00598,ok
ucr,007_UCR_Anomaly_DISTORTEDCIMIS44AirTemperature3_4000_6520_6544,DISTORTEDCIMIS44AirTemperature3,,lof,tuned,"{'w': 100, 'k': 50}",0.03867,0.05522,0.71012,0.11823,0.44,1.79,0.0,4184,1,0.00598,ok
ucr,007_UCR_Anomaly_DISTORTEDCIMIS44AirTemperature3_4000_6520_6544,DISTORTEDCIMIS44AirTemperature3,,knn,default,,0.10626,0.1393,0.69193,0.25581,0.09,,17.0,4184,1,0.00598,ok
ucr,007_UCR_Anomaly_DISTORTEDCIMIS44AirTemperature3_4000_6520_6544,DISTORTEDCIMIS44AirTemperature3,,knn,tuned,"{'w': 50, 'k': 5}",0.98383,0.78752,0.99883,0.98404,0.37,1.37,0.0,4184,1,0.00598,ok
ucr,007_UCR_Anomaly_DISTORTEDCIMIS44AirTemperature3_4000_6520_6544,DISTORTEDCIMIS44AirTemperature3,,ae,default,,1.0,0.89335,0.99883,1.0,1.71,,23.9,4184,1,0.00598,ok
ucr,007_UCR_Anomaly_DISTORTEDCIMIS44AirTemperature3_4000_6520_6544,DISTORTEDCIMIS44AirTemperature3,,ae,tuned,"{'w': 100, 'hidden': 32, 'latent': 8}",0.51992,0.51374,0.80879,0.7312,1.81,9.92,0.0,4184,1,0.00598,ok
ucr,009_UCR_Anomaly_DISTORTEDCIMIS44AirTemperature5_4000_4852_4900,DISTORTEDCIMIS44AirTemperature5,,iforest,default,,0.05538,0.07895,0.95717,0.15241,1.15,,17.0,4184,1,0.01171,ok
ucr,009_UCR_Anomaly_DISTORTEDCIMIS44AirTemperature5_4000_4852_4900,DISTORTEDCIMIS44AirTemperature5,,iforest,tuned,"{'w': 50, 'n_estimators': 100}",0.04267,0.06247,0.93766,0.09784,0.84,5.68,0.0,4184,1,0.01171,ok
ucr,009_UCR_Anomaly_DISTORTEDCIMIS44AirTemperature5_4000_4852_4900,DISTORTEDCIMIS44AirTemperature5,,lof,default,,0.18893,0.30311,0.9872,0.3572,0.18,,17.0,4184,1,0.01171,ok
ucr,009_UCR_Anomaly_DISTORTEDCIMIS44AirTemperature5_4000_4852_4900,DISTORTEDCIMIS44AirTemperature5,,lof,tuned,"{'w': 100, 'k': 30}",0.46846,0.55263,0.99504,0.66323,0.4,1.85,0.0,4184,1,0.01171,ok
ucr,009_UCR_Anomaly_DISTORTEDCIMIS44AirTemperature5_4000_4852_4900,DISTORTEDCIMIS44AirTemperature5,,knn,default,,0.74347,0.72963,0.99641,0.83457,0.1,,17.0,4184,1,0.01171,ok
ucr,009_UCR_Anomaly_DISTORTEDCIMIS44AirTemperature5_4000_4852_4900,DISTORTEDCIMIS44AirTemperature5,,knn,tuned,"{'w': 50, 'k': 5}",0.96017,0.87506,0.99949,0.97059,0.36,1.42,0.0,4184,1,0.01171,ok
ucr,009_UCR_Anomaly_DISTORTEDCIMIS44AirTemperature5_4000_4852_4900,DISTORTEDCIMIS44AirTemperature5,,ae,default,,0.99402,0.94979,0.99982,0.99438,1.67,,23.9,4184,1,0.01171,ok
ucr,009_UCR_Anomaly_DISTORTEDCIMIS44AirTemperature5_4000_4852_4900,DISTORTEDCIMIS44AirTemperature5,,ae,tuned,"{'w': 100, 'hidden': 32, 'latent': 8}",0.95718,0.92358,0.99927,0.94519,2.03,10.33,0.0,4184,1,0.01171,ok
ucr,011_UCR_Anomaly_DISTORTEDECG1_10000_11800_12100,DISTORTEDECG1,,iforest,default,,0.44618,0.30245,0.99629,0.64129,2.23,,17.0,20000,1,0.01505,ok
ucr,011_UCR_Anomaly_DISTORTEDECG1_10000_11800_12100,DISTORTEDECG1,,iforest,tuned,"{'w': 100, 'n_estimators': 100}",0.43368,0.29489,0.9963,0.63996,2.22,8.1,0.0,20000,1,0.01505,ok
ucr,011_UCR_Anomaly_DISTORTEDECG1_10000_11800_12100,DISTORTEDECG1,,lof,default,,0.52111,0.40549,0.99626,0.67169,0.68,,17.0,20000,1,0.01505,ok
ucr,011_UCR_Anomaly_DISTORTEDECG1_10000_11800_12100,DISTORTEDECG1,,lof,tuned,"{'w': 100, 'k': 30}",0.57161,0.44512,0.99626,0.70725,1.42,2.87,0.0,20000,1,0.01505,ok
ucr,011_UCR_Anomaly_DISTORTEDECG1_10000_11800_12100,DISTORTEDECG1,,knn,default,,0.69487,0.5418,0.9963,0.82626,0.48,,17.0,20000,1,0.01505,ok
ucr,011_UCR_Anomaly_DISTORTEDECG1_10000_11800_12100,DISTORTEDECG1,,knn,tuned,"{'w': 100, 'k': 3}",0.75458,0.58578,0.9963,0.85298,1.25,2.02,0.0,20000,1,0.01505,ok
ucr,011_UCR_Anomaly_DISTORTEDECG1_10000_11800_12100,DISTORTEDECG1,,ae,default,,0.68309,0.534,0.9963,0.81532,4.48,,30.7,20000,1,0.01505,ok
ucr,011_UCR_Anomaly_DISTORTEDECG1_10000_11800_12100,DISTORTEDECG1,,ae,tuned,"{'w': 100, 'hidden': 32, 'latent': 8}",0.63345,0.49805,0.99628,0.78129,5.27,22.84,0.0,20000,1,0.01505,ok
ucr,013_UCR_Anomaly_DISTORTEDECG3_15000_16000_16100,DISTORTEDECG3,,iforest,default,,0.00341,0.00693,0.75855,0.0,1.93,,17.0,15000,1,0.00673,ok
ucr,013_UCR_Anomaly_DISTORTEDECG3_15000_16000_16100,DISTORTEDECG3,,iforest,tuned,"{'w': 100, 'n_estimators': 100}",0.00341,0.00683,0.76401,0.0,1.93,8.96,0.0,15000,1,0.00673,ok
ucr,013_UCR_Anomaly_DISTORTEDECG3_15000_16000_16100,DISTORTEDECG3,,lof,default,,0.90165,0.76064,0.99811,0.89205,0.74,,17.0,15000,1,0.00673,ok
ucr,013_UCR_Anomaly_DISTORTEDECG3_15000_16000_16100,DISTORTEDECG3,,lof,tuned,"{'w': 100, 'k': 30}",0.89122,0.7425,0.99811,0.88709,1.23,4.34,0.0,15000,1,0.00673,ok
ucr,013_UCR_Anomaly_DISTORTEDECG3_15000_16000_16100,DISTORTEDECG3,,knn,default,,0.25487,0.24401,0.70151,0.45697,0.46,,17.0,15000,1,0.00673,ok
ucr,013_UCR_Anomaly_DISTORTEDECG3_15000_16000_16100,DISTORTEDECG3,,knn,tuned,"{'w': 100, 'k': 3}",0.29423,0.28433,0.71011,0.49845,1.08,2.66,0.0,15000,1,0.00673,ok
ucr,013_UCR_Anomaly_DISTORTEDECG3_15000_16000_16100,DISTORTEDECG3,,ae,default,,0.46028,0.2954,0.99814,0.62254,5.8,,29.5,15000,1,0.00673,ok
ucr,013_UCR_Anomaly_DISTORTEDECG3_15000_16000_16100,DISTORTEDECG3,,ae,tuned,"{'w': 100, 'hidden': 64, 'latent': 8}",0.15768,0.15172,0.72305,0.33263,6.47,33.71,0.0,15000,1,0.00673,ok
ucr,015_UCR_Anomaly_DISTORTEDECG4_5000_16800_17100,DISTORTEDECG4,,iforest,default,,0.01189,0.01226,0.84356,0.02931,12.09,,17.0,195000,1,0.00154,ok
ucr,015_UCR_Anomaly_DISTORTEDECG4_5000_16800_17100,DISTORTEDECG4,,iforest,tuned,"{'w': 50, 'n_estimators': 200}",0.00813,0.00792,0.84448,0.01894,15.72,6.55,0.0,195000,1,0.00154,ok
ucr,015_UCR_Anomaly_DISTORTEDECG4_5000_16800_17100,DISTORTEDECG4,,lof,default,,0.2393,0.16062,0.99889,0.30254,4.6,,17.0,195000,1,0.00154,ok
ucr,015_UCR_Anomaly_DISTORTEDECG4_5000_16800_17100,DISTORTEDECG4,,lof,tuned,"{'w': 50, 'k': 30}",0.24438,0.09005,0.99949,0.28574,14.25,1.7,0.0,195000,1,0.00154,ok
ucr,015_UCR_Anomaly_DISTORTEDECG4_5000_16800_17100,DISTORTEDECG4,,knn,default,,0.16711,0.07707,0.99907,0.25302,3.79,,17.0,195000,1,0.00154,ok
ucr,015_UCR_Anomaly_DISTORTEDECG4_5000_16800_17100,DISTORTEDECG4,,knn,tuned,"{'w': 50, 'k': 5}",0.09663,0.03719,0.96852,0.18225,13.47,1.63,0.0,195000,1,0.00154,ok
ucr,015_UCR_Anomaly_DISTORTEDECG4_5000_16800_17100,DISTORTEDECG4,,ae,default,,0.28029,0.14279,0.9991,0.30801,12.89,,99.8,195000,1,0.00154,ok
ucr,015_UCR_Anomaly_DISTORTEDECG4_5000_16800_17100,DISTORTEDECG4,,ae,tuned,"{'w': 50, 'hidden': 32, 'latent': 16}",0.1705,0.07032,0.99937,0.22728,17.12,12.43,0.0,195000,1,0.00154,ok
ucr,017_UCR_Anomaly_DISTORTEDECG4_5000_17000_17100,DISTORTEDECG4,,iforest,default,,0.00376,0.00453,0.7752,0.0,2.44,,17.0,25000,1,0.00404,ok
ucr,017_UCR_Anomaly_DISTORTEDECG4_5000_17000_17100,DISTORTEDECG4,,iforest,tuned,"{'w': 50, 'n_estimators': 100}",0.00504,0.00564,0.75744,0.0052,2.19,6.53,0.0,25000,1,0.00404,ok
ucr,017_UCR_Anomaly_DISTORTEDECG4_5000_17000_17100,DISTORTEDECG4,,lof,default,,0.89161,0.73075,0.99899,0.86765,0.65,,17.0,25000,1,0.00404,ok
ucr,017_UCR_Anomaly_DISTORTEDECG4_5000_17000_17100,DISTORTEDECG4,,lof,tuned,"{'w': 50, 'k': 30}",0.96669,0.79759,0.999,0.88125,1.81,1.61,0.0,25000,1,0.00404,ok
ucr,017_UCR_Anomaly_DISTORTEDECG4_5000_17000_17100,DISTORTEDECG4,,knn,default,,0.90438,0.74138,0.99899,0.875,0.48,,17.0,25000,1,0.00404,ok
ucr,017_UCR_Anomaly_DISTORTEDECG4_5000_17000_17100,DISTORTEDECG4,,knn,tuned,"{'w': 50, 'k': 5}",0.82143,0.47104,0.99898,0.73726,1.64,1.3,0.0,25000,1,0.00404,ok
ucr,017_UCR_Anomaly_DISTORTEDECG4_5000_17000_17100,DISTORTEDECG4,,ae,default,,0.88187,0.69506,0.999,0.85897,2.98,,31.7,25000,1,0.00404,ok
ucr,017_UCR_Anomaly_DISTORTEDECG4_5000_17000_17100,DISTORTEDECG4,,ae,tuned,"{'w': 50, 'hidden': 64, 'latent': 8}",0.69126,0.41493,0.99896,0.61004,5.87,12.0,0.0,25000,1,0.00404,ok
ucr,019_UCR_Anomaly_DISTORTEDGP711MarkerLFM5z1_5000_6168_6212,DISTORTEDGP711MarkerLFM5z1,,iforest,default,,0.00475,0.00725,0.6642,0.0,1.42,,17.0,7000,1,0.00643,ok
ucr,019_UCR_Anomaly_DISTORTEDGP711MarkerLFM5z1_5000_6168_6212,DISTORTEDGP711MarkerLFM5z1,,iforest,tuned,"{'w': 50, 'n_estimators': 200}",0.0038,0.00636,0.65818,0.0,1.73,6.41,0.0,7000,1,0.00643,ok
ucr,019_UCR_Anomaly_DISTORTEDGP711MarkerLFM5z1_5000_6168_6212,DISTORTEDGP711MarkerLFM5z1,,lof,default,,0.44493,0.58057,0.99664,0.66667,0.26,,17.0,7000,1,0.00643,ok
ucr,019_UCR_Anomaly_DISTORTEDGP711MarkerLFM5z1_5000_6168_6212,DISTORTEDGP711MarkerLFM5z1,,lof,tuned,"{'w': 50, 'k': 30}",0.01066,0.01864,0.60305,0.01948,0.69,1.65,0.0,7000,1,0.00643,ok
ucr,019_UCR_Anomaly_DISTORTEDGP711MarkerLFM5z1_5000_6168_6212,DISTORTEDGP711MarkerLFM5z1,,knn,default,,0.29693,0.40048,0.99507,0.53718,0.15,,17.0,7000,1,0.00643,ok
ucr,019_UCR_Anomaly_DISTORTEDGP711MarkerLFM5z1_5000_6168_6212,DISTORTEDGP711MarkerLFM5z1,,knn,tuned,"{'w': 50, 'k': 5}",0.00872,0.0275,0.61924,0.01791,0.61,1.31,0.0,7000,1,0.00643,ok
ucr,019_UCR_Anomaly_DISTORTEDGP711MarkerLFM5z1_5000_6168_6212,DISTORTEDGP711MarkerLFM5z1,,ae,default,,0.29147,0.42328,0.99493,0.51199,1.97,,24.5,7000,1,0.00643,ok
ucr,019_UCR_Anomaly_DISTORTEDGP711MarkerLFM5z1_5000_6168_6212,DISTORTEDGP711MarkerLFM5z1,,ae,tuned,"{'w': 100, 'hidden': 64, 'latent': 8}",0.31424,0.46529,0.99515,0.51351,2.32,11.31,0.0,7000,1,0.00643,ok
ucr,021_UCR_Anomaly_DISTORTEDGP711MarkerLFM5z3_5000_5948_5993,DISTORTEDGP711MarkerLFM5z3,,iforest,default,,0.33851,0.33906,0.96295,0.48881,1.79,,17.0,7000,1,0.00657,ok
ucr,021_UCR_Anomaly_DISTORTEDGP711MarkerLFM5z3_5000_5948_5993,DISTORTEDGP711MarkerLFM5z3,,iforest,tuned,"{'w': 50, 'n_estimators': 100}",0.03345,0.04572,0.68787,0.09464,1.11,6.87,0.0,7000,1,0.00657,ok
ucr,021_UCR_Anomaly_DISTORTEDGP711MarkerLFM5z3_5000_5948_5993,DISTORTEDGP711MarkerLFM5z3,,lof,default,,0.95215,0.8763,0.99871,0.91221,0.26,,17.0,7000,1,0.00657,ok
ucr,021_UCR_Anomaly_DISTORTEDGP711MarkerLFM5z3_5000_5948_5993,DISTORTEDGP711MarkerLFM5z3,,lof,tuned,"{'w': 100, 'k': 30}",0.97804,0.90385,0.99878,0.98077,0.57,1.63,0.0,7000,1,0.00657,ok
ucr,021_UCR_Anomaly_DISTORTEDGP711MarkerLFM5z3_5000_5948_5993,DISTORTEDGP711MarkerLFM5z3,,knn,default,,0.98249,0.91414,0.99884,0.98077,0.15,,17.0,7000,1,0.00657,ok
ucr,021_UCR_Anomaly_DISTORTEDGP711MarkerLFM5z3_5000_5948_5993,DISTORTEDGP711MarkerLFM5z3,,knn,tuned,"{'w': 50, 'k': 3}",0.91546,0.86475,0.99869,0.89079,0.53,1.33,0.0,7000,1,0.00657,ok
ucr,021_UCR_Anomaly_DISTORTEDGP711MarkerLFM5z3_5000_5948_5993,DISTORTEDGP711MarkerLFM5z3,,ae,default,,0.93913,0.85924,0.99849,0.91306,1.98,,24.5,7000,1,0.00657,ok
ucr,021_UCR_Anomaly_DISTORTEDGP711MarkerLFM5z3_5000_5948_5993,DISTORTEDGP711MarkerLFM5z3,,ae,tuned,"{'w': 100, 'hidden': 32, 'latent': 8}",0.72305,0.71248,0.99793,0.80201,2.28,11.12,0.0,7000,1,0.00657,ok
ucr,023_UCR_Anomaly_DISTORTEDGP711MarkerLFM5z5_5000_8612_8716,DISTORTEDGP711MarkerLFM5z5,,iforest,default,,0.99991,0.92721,0.99962,0.99419,1.39,,17.0,7000,1,0.015,ok
ucr,023_UCR_Anomaly_DISTORTEDGP711MarkerLFM5z5_5000_8612_8716,DISTORTEDGP711MarkerLFM5z5,,iforest,tuned,"{'w': 50, 'n_estimators': 200}",0.11538,0.1137,0.72586,0.25417,1.62,6.4,0.0,7000,1,0.015,ok
ucr,023_UCR_Anomaly_DISTORTEDGP711MarkerLFM5z5_5000_8612_8716,DISTORTEDGP711MarkerLFM5z5,,lof,default,,0.39002,0.56568,0.89249,0.63722,0.25,,17.0,7000,1,0.015,ok
ucr,023_UCR_Anomaly_DISTORTEDGP711MarkerLFM5z5_5000_8612_8716,DISTORTEDGP711MarkerLFM5z5,,lof,tuned,"{'w': 50, 'k': 30}",0.15493,0.25916,0.80569,0.35944,0.68,1.65,0.0,7000,1,0.015,ok
ucr,023_UCR_Anomaly_DISTORTEDGP711MarkerLFM5z5_5000_8612_8716,DISTORTEDGP711MarkerLFM5z5,,knn,default,,0.85637,0.91157,0.99811,0.92127,0.14,,17.0,7000,1,0.015,ok
ucr,023_UCR_Anomaly_DISTORTEDGP711MarkerLFM5z5_5000_8612_8716,DISTORTEDGP711MarkerLFM5z5,,knn,tuned,"{'w': 50, 'k': 5}",0.43929,0.57346,0.99449,0.6432,0.53,1.31,0.0,7000,1,0.015,ok
ucr,023_UCR_Anomaly_DISTORTEDGP711MarkerLFM5z5_5000_8612_8716,DISTORTEDGP711MarkerLFM5z5,,ae,default,,0.73276,0.85327,0.99667,0.85745,1.98,,24.5,7000,1,0.015,ok
ucr,023_UCR_Anomaly_DISTORTEDGP711MarkerLFM5z5_5000_8612_8716,DISTORTEDGP711MarkerLFM5z5,,ae,tuned,"{'w': 100, 'hidden': 32, 'latent': 8}",0.63753,0.807,0.9956,0.80505,2.34,12.42,0.0,7000,1,0.015,ok
ucr,025_UCR_Anomaly_DISTORTEDInternalBleeding14_2800_5607_5634,DISTORTEDInternalBleeding14,,iforest,default,,0.04978,0.07168,0.73436,0.1543,1.41,,17.0,4701,1,0.00596,ok
ucr,025_UCR_Anomaly_DISTORTEDInternalBleeding14_2800_5607_5634,DISTORTEDInternalBleeding14,,iforest,tuned,"{'w': 50, 'n_estimators': 200}",0.0291,0.03592,0.85163,0.07645,1.45,6.06,0.0,4701,1,0.00596,ok
ucr,025_UCR_Anomaly_DISTORTEDInternalBleeding14_2800_5607_5634,DISTORTEDInternalBleeding14,,lof,default,,0.96544,0.87989,0.9989,0.95755,0.17,,17.0,4701,1,0.00596,ok
ucr,025_UCR_Anomaly_DISTORTEDInternalBleeding14_2800_5607_5634,DISTORTEDInternalBleeding14,,lof,tuned,"{'w': 50, 'k': 50}",0.63055,0.71911,0.99825,0.73846,0.53,1.46,0.0,4701,1,0.00596,ok
ucr,025_UCR_Anomaly_DISTORTEDInternalBleeding14_2800_5607_5634,DISTORTEDInternalBleeding14,,knn,default,,0.90217,0.82873,0.99853,0.85806,0.1,,17.0,4701,1,0.00596,ok
ucr,025_UCR_Anomaly_DISTORTEDInternalBleeding14_2800_5607_5634,DISTORTEDInternalBleeding14,,knn,tuned,"{'w': 50, 'k': 5}",0.84344,0.79536,0.99825,0.84253,0.38,1.16,0.0,4701,1,0.00596,ok
ucr,025_UCR_Anomaly_DISTORTEDInternalBleeding14_2800_5607_5634,DISTORTEDInternalBleeding14,,ae,default,,0.69713,0.77707,0.99809,0.79905,1.33,,23.8,4701,1,0.00596,ok
ucr,025_UCR_Anomaly_DISTORTEDInternalBleeding14_2800_5607_5634,DISTORTEDInternalBleeding14,,ae,tuned,"{'w': 200, 'hidden': 32, 'latent': 16}",0.01405,0.01997,0.7539,0.04035,1.42,6.81,0.0,4701,1,0.00596,ok
ucr,027_UCR_Anomaly_DISTORTEDInternalBleeding16_1200_4187_4199,DISTORTEDInternalBleeding16,,iforest,default,,0.01398,0.01983,0.66529,0.04414,1.34,,17.0,6301,1,0.00206,ok
ucr,027_UCR_Anomaly_DISTORTEDInternalBleeding16_1200_4187_4199,DISTORTEDInternalBleeding16,,lof,default,,0.02049,0.0274,0.66738,0.05274,0.14,,17.0,6301,1,0.00206,ok
ucr,027_UCR_Anomaly_DISTORTEDInternalBleeding16_1200_4187_4199,DISTORTEDInternalBleeding16,,knn,default,,0.05413,0.07173,0.99222,0.12717,0.11,,17.0,6301,1,0.00206,ok
ucr,027_UCR_Anomaly_DISTORTEDInternalBleeding16_1200_4187_4199,DISTORTEDInternalBleeding16,,ae,default,,0.02929,0.06294,0.7088,0.09594,0.73,,23.9,6301,1,0.00206,ok
ucr,029_UCR_Anomaly_DISTORTEDInternalBleeding18_2300_4485_4587,DISTORTEDInternalBleeding18,,iforest,default,,0.01611,0.02045,0.60698,0.0,1.31,,17.0,5200,1,0.01981,ok
ucr,029_UCR_Anomaly_DISTORTEDInternalBleeding18_2300_4485_4587,DISTORTEDInternalBleeding18,,lof,default,,0.01064,0.01672,0.73088,0.0,0.15,,17.0,5200,1,0.01981,ok
ucr,029_UCR_Anomaly_DISTORTEDInternalBleeding18_2300_4485_4587,DISTORTEDInternalBleeding18,,knn,default,,0.08697,0.07886,0.71038,0.20279,0.1,,17.0,5200,1,0.01981,ok
ucr,029_UCR_Anomaly_DISTORTEDInternalBleeding18_2300_4485_4587,DISTORTEDInternalBleeding18,,ae,default,,0.02447,0.02728,0.8063,0.00384,1.09,,23.8,5200,1,0.01981,ok
ucr,031_UCR_Anomaly_DISTORTEDInternalBleeding20_2700_5759_5919,DISTORTEDInternalBleeding20,,iforest,default,,0.11101,0.1063,0.71061,0.24086,1.29,,17.0,4800,1,0.03354,ok
ucr,031_UCR_Anomaly_DISTORTEDInternalBleeding20_2700_5759_5919,DISTORTEDInternalBleeding20,,iforest,tuned,"{'w': 50, 'n_estimators': 100}",0.06552,0.0741,0.71163,0.1296,0.97,6.09,0.0,4800,1,0.03354,ok
ucr,031_UCR_Anomaly_DISTORTEDInternalBleeding20_2700_5759_5919,DISTORTEDInternalBleeding20,,lof,default,,0.17022,0.18419,0.69034,0.37916,0.17,,17.0,4800,1,0.03354,ok
ucr,031_UCR_Anomaly_DISTORTEDInternalBleeding20_2700_5759_5919,DISTORTEDInternalBleeding20,,lof,tuned,"{'w': 50, 'k': 30}",0.66242,0.54196,0.99284,0.83251,0.54,1.44,0.0,4800,1,0.03354,ok
ucr,031_UCR_Anomaly_DISTORTEDInternalBleeding20_2700_5759_5919,DISTORTEDInternalBleeding20,,knn,default,,0.87242,0.70185,0.99768,0.95091,0.09,,17.0,4800,1,0.03354,ok
ucr,031_UCR_Anomaly_DISTORTEDInternalBleeding20_2700_5759_5919,DISTORTEDInternalBleeding20,,knn,tuned,"{'w': 50, 'k': 3}",0.55718,0.43757,0.99104,0.77363,0.4,1.17,0.0,4800,1,0.03354,ok
ucr,031_UCR_Anomaly_DISTORTEDInternalBleeding20_2700_5759_5919,DISTORTEDInternalBleeding20,,ae,default,,0.90101,0.67608,0.99942,0.98665,1.3,,23.7,4800,1,0.03354,ok
ucr,031_UCR_Anomaly_DISTORTEDInternalBleeding20_2700_5759_5919,DISTORTEDInternalBleeding20,,ae,tuned,"{'w': 50, 'hidden': 64, 'latent': 8}",0.61638,0.45073,0.99183,0.80126,2.77,6.82,0.0,4800,1,0.03354,ok
ucr,033_UCR_Anomaly_DISTORTEDInternalBleeding5_4000_6200_6370,DISTORTEDInternalBleeding5,,iforest,default,,0.43155,0.34682,0.91466,0.66352,1.26,,17.0,3415,1,0.05007,ok
ucr,033_UCR_Anomaly_DISTORTEDInternalBleeding5_4000_6200_6370,DISTORTEDInternalBleeding5,,iforest,tuned,"{'w': 50, 'n_estimators': 100}",0.08053,0.08864,0.76808,0.12126,0.9,6.13,0.0,3415,1,0.05007,ok
ucr,033_UCR_Anomaly_DISTORTEDInternalBleeding5_4000_6200_6370,DISTORTEDInternalBleeding5,,lof,default,,0.70477,0.62205,0.99462,0.81752,0.15,,17.0,3415,1,0.05007,ok
ucr,033_UCR_Anomaly_DISTORTEDInternalBleeding5_4000_6200_6370,DISTORTEDInternalBleeding5,,lof,tuned,"{'w': 50, 'k': 50}",0.46212,0.39149,0.98751,0.56729,0.45,1.8,0.0,3415,1,0.05007,ok
ucr,033_UCR_Anomaly_DISTORTEDInternalBleeding5_4000_6200_6370,DISTORTEDInternalBleeding5,,knn,default,,0.75811,0.69506,0.99265,0.86373,0.07,,17.0,3415,1,0.05007,ok
ucr,033_UCR_Anomaly_DISTORTEDInternalBleeding5_4000_6200_6370,DISTORTEDInternalBleeding5,,knn,tuned,"{'w': 50, 'k': 3}",0.55102,0.48908,0.98624,0.73035,0.33,1.32,0.0,3415,1,0.05007,ok
ucr,033_UCR_Anomaly_DISTORTEDInternalBleeding5_4000_6200_6370,DISTORTEDInternalBleeding5,,ae,default,,0.70788,0.67273,0.98934,0.82869,1.62,,22.4,3415,1,0.05007,ok
ucr,033_UCR_Anomaly_DISTORTEDInternalBleeding5_4000_6200_6370,DISTORTEDInternalBleeding5,,ae,tuned,"{'w': 50, 'hidden': 64, 'latent': 8}",0.41505,0.40899,0.98431,0.5638,3.54,10.17,0.0,3415,1,0.05007,ok
ucr,035_UCR_Anomaly_DISTORTEDInternalBleeding8_2500_5865_5974,DISTORTEDInternalBleeding8,,iforest,default,,0.01959,0.03203,0.71639,0.02016,1.33,,17.0,5001,1,0.022,ok
ucr,035_UCR_Anomaly_DISTORTEDInternalBleeding8_2500_5865_5974,DISTORTEDInternalBleeding8,,lof,default,,0.02773,0.03366,0.70232,0.05901,0.16,,17.0,5001,1,0.022,ok
ucr,035_UCR_Anomaly_DISTORTEDInternalBleeding8_2500_5865_5974,DISTORTEDInternalBleeding8,,knn,default,,0.05031,0.12312,0.91638,0.11378,0.1,,17.0,5001,1,0.022,ok
ucr,035_UCR_Anomaly_DISTORTEDInternalBleeding8_2500_5865_5974,DISTORTEDInternalBleeding8,,ae,default,,0.01322,0.02828,0.70696,0.00476,1.17,,23.8,5001,1,0.022,ok
ucr,037_UCR_Anomaly_DISTORTEDLab2Cmac011215EPG1_5000_17210_17260,DISTORTEDLab2Cmac011215EPG1,,iforest,default,,1.0,0.46329,0.99971,0.76842,2.52,,17.0,25001,1,0.00204,ok
ucr,037_UCR_Anomaly_DISTORTEDLab2Cmac011215EPG1_5000_17210_17260,DISTORTEDLab2Cmac011215EPG1,,iforest,tuned,"{'w': 50, 'n_estimators': 100}",0.99406,0.49203,0.99971,0.76842,2.25,6.25,0.0,25001,1,0.00204,ok
ucr,037_UCR_Anomaly_DISTORTEDLab2Cmac011215EPG1_5000_17210_17260,DISTORTEDLab2Cmac011215EPG1,,lof,default,,0.99316,0.48865,0.99972,0.76702,0.66,,17.0,25001,1,0.00204,ok
ucr,037_UCR_Anomaly_DISTORTEDLab2Cmac011215EPG1_5000_17210_17260,DISTORTEDLab2Cmac011215EPG1,,lof,tuned,"{'w': 50, 'k': 30}",1.0,0.51341,0.99971,0.76842,2.14,1.72,0.0,25001,1,0.00204,ok
ucr,037_UCR_Anomaly_DISTORTEDLab2Cmac011215EPG1_5000_17210_17260,DISTORTEDLab2Cmac011215EPG1,,knn,default,,0.99316,0.4915,0.99972,0.76702,0.46,,17.0,25001,1,0.00204,ok
ucr,037_UCR_Anomaly_DISTORTEDLab2Cmac011215EPG1_5000_17210_17260,DISTORTEDLab2Cmac011215EPG1,,knn,tuned,"{'w': 50, 'k': 3}",0.99888,0.51748,0.9997,0.76842,1.62,1.32,0.0,25001,1,0.00204,ok
ucr,037_UCR_Anomaly_DISTORTEDLab2Cmac011215EPG1_5000_17210_17260,DISTORTEDLab2Cmac011215EPG1,,ae,default,,0.97431,0.52772,0.99968,0.76842,3.02,,31.7,25001,1,0.00204,ok
ucr,037_UCR_Anomaly_DISTORTEDLab2Cmac011215EPG1_5000_17210_17260,DISTORTEDLab2Cmac011215EPG1,,ae,tuned,"{'w': 50, 'hidden': 32, 'latent': 16}",0.99157,0.52476,0.99968,0.76842,5.58,11.29,0.0,25001,1,0.00204,ok
ucr,039_UCR_Anomaly_DISTORTEDLab2Cmac011215EPG3_5000_16390_16420,DISTORTEDLab2Cmac011215EPG3,,iforest,default,,0.94216,0.33246,0.99987,0.68235,2.52,,17.0,24950,1,0.00124,ok
ucr,039_UCR_Anomaly_DISTORTEDLab2Cmac011215EPG3_5000_16390_16420,DISTORTEDLab2Cmac011215EPG3,,iforest,tuned,"{'w': 50, 'n_estimators': 200}",0.99899,0.3138,0.9999,0.68235,3.08,6.82,0.0,24950,1,0.00124,ok
ucr,039_UCR_Anomaly_DISTORTEDLab2Cmac011215EPG3_5000_16390_16420,DISTORTEDLab2Cmac011215EPG3,,lof,default,,0.73244,0.33065,0.9996,0.62129,0.65,,17.0,24950,1,0.00124,ok
ucr,039_UCR_Anomaly_DISTORTEDLab2Cmac011215EPG3_5000_16390_16420,DISTORTEDLab2Cmac011215EPG3,,lof,tuned,"{'w': 50, 'k': 30}",0.97865,0.30626,0.99988,0.68235,1.8,1.67,0.0,24950,1,0.00124,ok
ucr,039_UCR_Anomaly_DISTORTEDLab2Cmac011215EPG3_5000_16390_16420,DISTORTEDLab2Cmac011215EPG3,,knn,default,,0.1792,0.24238,0.75305,0.36257,0.45,,17.0,24950,1,0.00124,ok
ucr,039_UCR_Anomaly_DISTORTEDLab2Cmac011215EPG3_5000_16390_16420,DISTORTEDLab2Cmac011215EPG3,,knn,tuned,"{'w': 50, 'k': 3}",0.97736,0.31378,0.99986,0.68235,1.55,1.26,0.0,24950,1,0.00124,ok
ucr,039_UCR_Anomaly_DISTORTEDLab2Cmac011215EPG3_5000_16390_16420,DISTORTEDLab2Cmac011215EPG3,,ae,default,,0.75501,0.32818,0.99964,0.64069,2.7,,31.7,24950,1,0.00124,ok
ucr,039_UCR_Anomaly_DISTORTEDLab2Cmac011215EPG3_5000_16390_16420,DISTORTEDLab2Cmac011215EPG3,,ae,tuned,"{'w': 50, 'hidden': 32, 'latent': 16}",0.95221,0.32031,0.99983,0.68235,6.16,10.5,0.0,24950,1,0.00124,ok
ucr,041_UCR_Anomaly_DISTORTEDLab2Cmac011215EPG5_7000_17390_17520,DISTORTEDLab2Cmac011215EPG5,,iforest,default,,0.54206,0.38295,0.99803,0.60859,2.7,,17.0,22826,1,0.00574,ok
ucr,041_UCR_Anomaly_DISTORTEDLab2Cmac011215EPG5_7000_17390_17520,DISTORTEDLab2Cmac011215EPG5,,iforest,tuned,"{'w': 50, 'n_estimators': 100}",0.47175,0.21547,0.99827,0.4886,2.28,7.03,0.0,22826,1,0.00574,ok
ucr,041_UCR_Anomaly_DISTORTEDLab2Cmac011215EPG5_7000_17390_17520,DISTORTEDLab2Cmac011215EPG5,,lof,default,,0.60894,0.328,0.99863,0.64673,0.73,,17.0,22826,1,0.00574,ok
ucr,041_UCR_Anomaly_DISTORTEDLab2Cmac011215EPG5_7000_17390_17520,DISTORTEDLab2Cmac011215EPG5,,lof,tuned,"{'w': 50, 'k': 30}",0.52066,0.27573,0.99846,0.60193,1.99,2.2,0.0,22826,1,0.00574,ok
ucr,041_UCR_Anomaly_DISTORTEDLab2Cmac011215EPG5_7000_17390_17520,DISTORTEDLab2Cmac011215EPG5,,knn,default,,0.49534,0.2777,0.99824,0.56507,0.49,,17.0,22826,1,0.00574,ok
ucr,041_UCR_Anomaly_DISTORTEDLab2Cmac011215EPG5_7000_17390_17520,DISTORTEDLab2Cmac011215EPG5,,knn,tuned,"{'w': 50, 'k': 3}",0.51637,0.27085,0.99861,0.53392,1.77,1.64,0.0,22826,1,0.00574,ok
ucr,041_UCR_Anomaly_DISTORTEDLab2Cmac011215EPG5_7000_17390_17520,DISTORTEDLab2Cmac011215EPG5,,ae,default,,0.53561,0.27157,0.99824,0.54447,3.68,,31.0,22826,1,0.00574,ok
ucr,041_UCR_Anomaly_DISTORTEDLab2Cmac011215EPG5_7000_17390_17520,DISTORTEDLab2Cmac011215EPG5,,ae,tuned,"{'w': 50, 'hidden': 32, 'latent': 16}",0.5042,0.27304,0.99778,0.59536,7.98,16.28,0.0,22826,1,0.00574,ok
ucr,043_UCR_Anomaly_DISTORTEDMesoplodonDensirostris_10000_19280_19440,DISTORTEDMesoplodonDensirostris,,iforest,default,,0.02825,0.03288,0.68791,0.05963,1.91,,17.0,14667,1,0.01098,ok
ucr,043_UCR_Anomaly_DISTORTEDMesoplodonDensirostris_10000_19280_19440,DISTORTEDMesoplodonDensirostris,,iforest,tuned,"{'w': 100, 'n_estimators': 200}",0.02825,0.03288,0.68791,0.05963,2.55,7.63,0.0,14667,1,0.01098,ok
ucr,043_UCR_Anomaly_DISTORTEDMesoplodonDensirostris_10000_19280_19440,DISTORTEDMesoplodonDensirostris,,lof,default,,0.10945,0.1224,0.73389,0.26539,0.57,,17.0,14667,1,0.01098,ok
ucr,043_UCR_Anomaly_DISTORTEDMesoplodonDensirostris_10000_19280_19440,DISTORTEDMesoplodonDensirostris,,lof,tuned,"{'w': 50, 'k': 50}",0.2845,0.19169,0.9975,0.51307,2.07,2.98,0.0,14667,1,0.01098,ok
ucr,043_UCR_Anomaly_DISTORTEDMesoplodonDensirostris_10000_19280_19440,DISTORTEDMesoplodonDensirostris,,knn,default,,0.86758,0.70133,0.9996,0.97917,0.37,,17.0,14667,1,0.01098,ok
ucr,043_UCR_Anomaly_DISTORTEDMesoplodonDensirostris_10000_19280_19440,DISTORTEDMesoplodonDensirostris,,knn,tuned,"{'w': 100, 'k': 3}",0.8802,0.71714,0.9996,0.98103,1.01,1.99,0.0,14667,1,0.01098,ok
ucr,043_UCR_Anomaly_DISTORTEDMesoplodonDensirostris_10000_19280_19440,DISTORTEDMesoplodonDensirostris,,ae,default,,0.88339,0.65671,0.99728,0.98379,4.16,,28.0,14667,1,0.01098,ok
ucr,043_UCR_Anomaly_DISTORTEDMesoplodonDensirostris_10000_19280_19440,DISTORTEDMesoplodonDensirostris,,ae,tuned,"{'w': 100, 'hidden': 32, 'latent': 16}",0.86758,0.61721,0.99734,0.93579,5.02,22.35,0.0,14667,1,0.01098,ok
ucr,045_UCR_Anomaly_DISTORTEDPowerDemand2_14000_23357_23717,DISTORTEDPowerDemand2,,iforest,default,,0.01186,0.01567,0.61987,0.0,2.08,,17.0,15931,1,0.02266,ok
ucr,045_UCR_Anomaly_DISTORTEDPowerDemand2_14000_23357_23717,DISTORTEDPowerDemand2,,iforest,tuned,"{'w': 100, 'n_estimators': 100}",0.01178,0.01565,0.62117,0.0,2.33,8.7,0.0,15931,1,0.02266,ok
ucr,045_UCR_Anomaly_DISTORTEDPowerDemand2_14000_23357_23717,DISTORTEDPowerDemand2,,lof,default,,0.0227,0.02811,0.634,0.0,0.74,,17.0,15931,1,0.02266,ok
ucr,045_UCR_Anomaly_DISTORTEDPowerDemand2_14000_23357_23717,DISTORTEDPowerDemand2,,lof,tuned,"{'w': 100, 'k': 30}",0.03294,0.03771,0.66669,0.03571,1.61,4.27,0.0,15931,1,0.02266,ok
ucr,045_UCR_Anomaly_DISTORTEDPowerDemand2_14000_23357_23717,DISTORTEDPowerDemand2,,knn,default,,0.1403,0.13957,0.72899,0.35593,0.49,,17.0,15931,1,0.02266,ok
ucr,045_UCR_Anomaly_DISTORTEDPowerDemand2_14000_23357_23717,DISTORTEDPowerDemand2,,knn,tuned,"{'w': 100, 'k': 5}",0.1403,0.13957,0.72899,0.35593,1.08,2.9,0.0,15931,1,0.02266,ok
ucr,045_UCR_Anomaly_DISTORTEDPowerDemand2_14000_23357_23717,DISTORTEDPowerDemand2,,ae,default,,0.04014,0.04565,0.69813,0.06902,6.28,,29.4,15931,1,0.02266,ok
ucr,045_UCR_Anomaly_DISTORTEDPowerDemand2_14000_23357_23717,DISTORTEDPowerDemand2,,ae,tuned,"{'w': 100, 'hidden': 64, 'latent': 8}",0.0257,0.03075,0.67632,0.03203,6.44,30.74,0.0,15931,1,0.02266,ok
ucr,047_UCR_Anomaly_DISTORTEDPowerDemand4_18000_24005_24077,DISTORTEDPowerDemand4,,iforest,default,,0.00781,0.01019,0.71672,0.0,1.87,,17.0,11931,1,0.00612,ok
ucr,047_UCR_Anomaly_DISTORTEDPowerDemand4_18000_24005_24077,DISTORTEDPowerDemand4,,iforest,tuned,"{'w': 400, 'n_estimators': 100}",0.00559,0.00992,0.70389,0.0,2.76,9.65,0.0,11931,1,0.00612,ok
ucr,047_UCR_Anomaly_DISTORTEDPowerDemand4_18000_24005_24077,DISTORTEDPowerDemand4,,lof,default,,0.99981,0.84526,0.99877,1.0,0.76,,17.0,11931,1,0.00612,ok
ucr,047_UCR_Anomaly_DISTORTEDPowerDemand4_18000_24005_24077,DISTORTEDPowerDemand4,,lof,tuned,"{'w': 100, 'k': 30}",0.99946,0.85576,0.99877,1.0,1.12,4.9,0.0,11931,1,0.00612,ok
ucr,047_UCR_Anomaly_DISTORTEDPowerDemand4_18000_24005_24077,DISTORTEDPowerDemand4,,knn,default,,0.99946,0.82657,0.99887,1.0,0.41,,17.0,11931,1,0.00612,ok
ucr,047_UCR_Anomaly_DISTORTEDPowerDemand4_18000_24005_24077,DISTORTEDPowerDemand4,,knn,tuned,"{'w': 100, 'k': 3}",0.99946,0.8392,0.99887,1.0,0.88,3.17,0.0,11931,1,0.00612,ok
ucr,047_UCR_Anomaly_DISTORTEDPowerDemand4_18000_24005_24077,DISTORTEDPowerDemand4,,ae,default,,0.9989,0.87284,0.9988,1.0,6.72,,28.4,11931,1,0.00612,ok
ucr,047_UCR_Anomaly_DISTORTEDPowerDemand4_18000_24005_24077,DISTORTEDPowerDemand4,,ae,tuned,"{'w': 200, 'hidden': 32, 'latent': 16}",0.25406,0.29086,0.84656,0.49799,4.68,40.88,0.0,11931,1,0.00612,ok
ucr,049_UCR_Anomaly_DISTORTEDTkeepFirstMARS_3500_5365_5380,DISTORTEDTkeepFirstMARS,,iforest,default,,0.00373,0.00592,0.8855,0.01348,1.48,,17.0,7906,1,0.00202,ok
ucr,049_UCR_Anomaly_DISTORTEDTkeepFirstMARS_3500_5365_5380,DISTORTEDTkeepFirstMARS,,iforest,tuned,"{'w': 100, 'n_estimators': 100}",0.00337,0.00508,0.87746,0.00296,1.22,5.86,0.0,7906,1,0.00202,ok
ucr,049_UCR_Anomaly_DISTORTEDTkeepFirstMARS_3500_5365_5380,DISTORTEDTkeepFirstMARS,,lof,default,,0.00261,0.00385,0.88199,0.0,0.23,,17.0,7906,1,0.00202,ok
ucr,049_UCR_Anomaly_DISTORTEDTkeepFirstMARS_3500_5365_5380,DISTORTEDTkeepFirstMARS,,lof,tuned,"{'w': 100, 'k': 50}",0.00261,0.00385,0.88199,0.0,0.57,1.71,0.0,7906,1,0.00202,ok
ucr,049_UCR_Anomaly_DISTORTEDTkeepFirstMARS_3500_5365_5380,DISTORTEDTkeepFirstMARS,,knn,default,,0.00291,0.00424,0.8709,0.0,0.15,,17.0,7906,1,0.00202,ok
ucr,049_UCR_Anomaly_DISTORTEDTkeepFirstMARS_3500_5365_5380,DISTORTEDTkeepFirstMARS,,knn,tuned,"{'w': 100, 'k': 5}",0.00291,0.00424,0.8709,0.0,0.47,1.23,0.0,7906,1,0.00202,ok
ucr,049_UCR_Anomaly_DISTORTEDTkeepFirstMARS_3500_5365_5380,DISTORTEDTkeepFirstMARS,,ae,default,,0.00421,0.00668,0.855,0.015,1.63,,25.5,7906,1,0.00202,ok
ucr,049_UCR_Anomaly_DISTORTEDTkeepFirstMARS_3500_5365_5380,DISTORTEDTkeepFirstMARS,,ae,tuned,"{'w': 100, 'hidden': 32, 'latent': 8}",0.00587,0.01088,0.90996,0.02139,1.94,8.16,0.0,7906,1,0.00202,ok
ucr,051_UCR_Anomaly_DISTORTEDTkeepSecondMARS_3500_9330_9340,DISTORTEDTkeepSecondMARS,,iforest,default,,0.00224,0.00335,0.69705,0.0,1.4,,17.0,7888,1,0.00139,ok
ucr,051_UCR_Anomaly_DISTORTEDTkeepSecondMARS_3500_9330_9340,DISTORTEDTkeepSecondMARS,,iforest,tuned,"{'w': 100, 'n_estimators': 100}",0.00236,0.00342,0.70253,0.00021,1.18,5.79,0.0,7888,1,0.00139,ok
ucr,051_UCR_Anomaly_DISTORTEDTkeepSecondMARS_3500_9330_9340,DISTORTEDTkeepSecondMARS,,lof,default,,0.86791,0.40032,0.99983,0.7,0.25,,17.0,7888,1,0.00139,ok
ucr,051_UCR_Anomaly_DISTORTEDTkeepSecondMARS_3500_9330_9340,DISTORTEDTkeepSecondMARS,,lof,tuned,"{'w': 100, 'k': 50}",0.86791,0.40032,0.99983,0.7,0.6,1.6,0.0,7888,1,0.00139,ok
ucr,051_UCR_Anomaly_DISTORTEDTkeepSecondMARS_3500_9330_9340,DISTORTEDTkeepSecondMARS,,knn,default,,0.93409,0.43993,0.99986,0.7,0.15,,17.0,7888,1,0.00139,ok
ucr,051_UCR_Anomaly_DISTORTEDTkeepSecondMARS_3500_9330_9340,DISTORTEDTkeepSecondMARS,,knn,tuned,"{'w': 200, 'k': 1}",0.89545,0.52184,0.99979,0.7,0.48,1.25,0.0,7888,1,0.00139,ok
ucr,051_UCR_Anomaly_DISTORTEDTkeepSecondMARS_3500_9330_9340,DISTORTEDTkeepSecondMARS,,ae,default,,0.98052,0.42563,0.99986,0.7,1.59,,25.5,7888,1,0.00139,ok
ucr,051_UCR_Anomaly_DISTORTEDTkeepSecondMARS_3500_9330_9340,DISTORTEDTkeepSecondMARS,,ae,tuned,"{'w': 100, 'hidden': 32, 'latent': 8}",0.98601,0.4322,0.99986,0.7,2.01,7.92,0.0,7888,1,0.00139,ok
ucr,053_UCR_Anomaly_DISTORTEDWalkingAceleration1_1500_2764_2995,DISTORTEDWalkingAceleration1,,iforest,default,,0.02329,0.03672,0.3343,0.0,1.28,,17.0,5184,1,0.04475,ok
ucr,053_UCR_Anomaly_DISTORTEDWalkingAceleration1_1500_2764_2995,DISTORTEDWalkingAceleration1,,lof,default,,0.02364,0.03696,0.37952,0.0,0.18,,17.0,5184,1,0.04475,ok
ucr,053_UCR_Anomaly_DISTORTEDWalkingAceleration1_1500_2764_2995,DISTORTEDWalkingAceleration1,,knn,default,,0.02621,0.03744,0.39561,0.0,0.09,,17.0,5184,1,0.04475,ok
ucr,053_UCR_Anomaly_DISTORTEDWalkingAceleration1_1500_2764_2995,DISTORTEDWalkingAceleration1,,ae,default,,0.02313,0.03599,0.36531,0.0,0.94,,23.7,5184,1,0.04475,ok
ucr,055_UCR_Anomaly_DISTORTEDapneaecg2_10000_20950_21100,DISTORTEDapneaecg2,,iforest,default,,0.30183,0.09705,0.99888,0.40099,2.45,,17.0,28501,1,0.0053,ok
ucr,055_UCR_Anomaly_DISTORTEDapneaecg2_10000_20950_21100,DISTORTEDapneaecg2,,iforest,tuned,"{'w': 100, 'n_estimators': 100}",0.32375,0.10893,0.99886,0.40842,2.77,7.21,0.0,28501,1,0.0053,ok
ucr,055_UCR_Anomaly_DISTORTEDapneaecg2_10000_20950_21100,DISTORTEDapneaecg2,,lof,default,,0.29758,0.10543,0.99886,0.40777,1.12,,17.0,28501,1,0.0053,ok
ucr,055_UCR_Anomaly_DISTORTEDapneaecg2_10000_20950_21100,DISTORTEDapneaecg2,,lof,tuned,"{'w': 50, 'k': 30}",0.85908,0.54857,0.99892,0.82438,3.27,2.93,0.0,28501,1,0.0053,ok
ucr,055_UCR_Anomaly_DISTORTEDapneaecg2_10000_20950_21100,DISTORTEDapneaecg2,,knn,default,,0.98464,0.74322,0.99888,0.95792,0.85,,17.0,28501,1,0.0053,ok
ucr,055_UCR_Anomaly_DISTORTEDapneaecg2_10000_20950_21100,DISTORTEDapneaecg2,,knn,tuned,"{'w': 100, 'k': 3}",0.98766,0.75651,0.99889,0.95792,1.99,1.97,0.0,28501,1,0.0053,ok
ucr,055_UCR_Anomaly_DISTORTEDapneaecg2_10000_20950_21100,DISTORTEDapneaecg2,,ae,default,,0.97022,0.72975,0.99883,0.94966,5.38,,33.5,28501,1,0.0053,ok
ucr,055_UCR_Anomaly_DISTORTEDapneaecg2_10000_20950_21100,DISTORTEDapneaecg2,,ae,tuned,"{'w': 100, 'hidden': 64, 'latent': 8}",0.97444,0.74048,0.99896,0.94966,5.72,21.4,0.0,28501,1,0.0053,ok
ucr,057_UCR_Anomaly_DISTORTEDapneaecg4_6000_16000_16100,DISTORTEDapneaecg4,,iforest,default,,0.00158,0.00415,0.68677,0.0,2.63,,17.0,32269,1,0.00313,ok
ucr,057_UCR_Anomaly_DISTORTEDapneaecg4_6000_16000_16100,DISTORTEDapneaecg4,,iforest,tuned,"{'w': 400, 'n_estimators': 100}",0.00158,0.00365,0.62641,0.0,5.86,6.76,0.0,32269,1,0.00313,ok
ucr,057_UCR_Anomaly_DISTORTEDapneaecg4_6000_16000_16100,DISTORTEDapneaecg4,,lof,default,,0.0016,0.00406,0.65769,0.0,0.92,,17.0,32269,1,0.00313,ok
ucr,057_UCR_Anomaly_DISTORTEDapneaecg4_6000_16000_16100,DISTORTEDapneaecg4,,lof,tuned,"{'w': 50, 'k': 30}",0.0104,0.01416,0.60713,0.02645,2.41,1.91,0.0,32269,1,0.00313,ok
ucr,057_UCR_Anomaly_DISTORTEDapneaecg4_6000_16000_16100,DISTORTEDapneaecg4,,knn,default,,0.00438,0.00564,0.63373,0.00503,0.61,,17.0,32269,1,0.00313,ok
ucr,057_UCR_Anomaly_DISTORTEDapneaecg4_6000_16000_16100,DISTORTEDapneaecg4,,knn,tuned,"{'w': 50, 'k': 3}",0.00245,0.00416,0.59947,0.00083,2.21,1.42,0.0,32269,1,0.00313,ok
ucr,057_UCR_Anomaly_DISTORTEDapneaecg4_6000_16000_16100,DISTORTEDapneaecg4,,ae,default,,0.00158,0.00407,0.64717,0.0,3.66,,34.9,32269,1,0.00313,ok
ucr,057_UCR_Anomaly_DISTORTEDapneaecg4_6000_16000_16100,DISTORTEDapneaecg4,,ae,tuned,"{'w': 50, 'hidden': 64, 'latent': 8}",0.00162,0.00281,0.64917,0.0,7.15,14.12,0.0,32269,1,0.00313,ok
ucr,059_UCR_Anomaly_DISTORTEDgait1_20000_38500_38800,DISTORTEDgait1,,iforest,default,,0.00747,0.01117,0.64417,0.01086,3.52,,17.0,45000,1,0.00669,ok
ucr,059_UCR_Anomaly_DISTORTEDgait1_20000_38500_38800,DISTORTEDgait1,,iforest,tuned,"{'w': 400, 'n_estimators': 100}",0.02292,0.02809,0.6245,0.07258,8.16,9.51,0.0,45000,1,0.00669,ok
ucr,059_UCR_Anomaly_DISTORTEDgait1_20000_38500_38800,DISTORTEDgait1,,lof,default,,0.06839,0.05916,0.72511,0.15866,2.0,,17.0,45000,1,0.00669,ok
ucr,059_UCR_Anomaly_DISTORTEDgait1_20000_38500_38800,DISTORTEDgait1,,lof,tuned,"{'w': 200, 'k': 10}",0.51545,0.28687,0.9983,0.59388,2.55,5.21,0.0,45000,1,0.00669,ok
ucr,059_UCR_Anomaly_DISTORTEDgait1_20000_38500_38800,DISTORTEDgait1,,knn,default,,0.18139,0.08159,0.99824,0.36607,1.48,,17.0,45000,1,0.00669,ok
ucr,059_UCR_Anomaly_DISTORTEDgait1_20000_38500_38800,DISTORTEDgait1,,knn,tuned,"{'w': 200, 'k': 1}",0.46696,0.30072,0.99809,0.53607,2.87,3.3,0.0,45000,1,0.00669,ok
ucr,059_UCR_Anomaly_DISTORTEDgait1_20000_38500_38800,DISTORTEDgait1,,ae,default,,0.00902,0.01193,0.65733,0.01047,9.49,,42.5,45000,1,0.00669,ok
ucr,059_UCR_Anomaly_DISTORTEDgait1_20000_38500_38800,DISTORTEDgait1,,ae,tuned,"{'w': 200, 'hidden': 32, 'latent': 16}",0.08177,0.14029,0.99168,0.18197,9.43,41.4,0.0,45000,1,0.00669,ok
ucr,061_UCR_Anomaly_DISTORTEDgait3_24500_59900_60500,DISTORTEDgait3,,iforest,default,,0.01944,0.04337,0.73521,0.02853,3.28,,17.0,40500,1,0.01484,ok
ucr,061_UCR_Anomaly_DISTORTEDgait3_24500_59900_60500,DISTORTEDgait3,,iforest,tuned,"{'w': 400, 'n_estimators': 200}",0.03739,0.04876,0.85498,0.08661,8.7,10.46,0.0,40500,1,0.01484,ok
ucr,061_UCR_Anomaly_DISTORTEDgait3_24500_59900_60500,DISTORTEDgait3,,lof,default,,0.01774,0.02675,0.83626,0.02556,2.11,,17.0,40500,1,0.01484,ok
ucr,061_UCR_Anomaly_DISTORTEDgait3_24500_59900_60500,DISTORTEDgait3,,lof,tuned,"{'w': 200, 'k': 10}",0.01655,0.01928,0.846,0.02024,2.75,6.73,0.0,40500,1,0.01484,ok
ucr,061_UCR_Anomaly_DISTORTEDgait3_24500_59900_60500,DISTORTEDgait3,,knn,default,,0.01598,0.02189,0.73005,0.0179,1.69,,17.0,40500,1,0.01484,ok
ucr,061_UCR_Anomaly_DISTORTEDgait3_24500_59900_60500,DISTORTEDgait3,,knn,tuned,"{'w': 100, 'k': 3}",0.01569,0.02143,0.73381,0.01702,2.9,4.53,0.0,40500,1,0.01484,ok
ucr,061_UCR_Anomaly_DISTORTEDgait3_24500_59900_60500,DISTORTEDgait3,,ae,default,,0.0364,0.03563,0.80969,0.09731,10.08,,40.3,40500,1,0.01484,ok
ucr,061_UCR_Anomaly_DISTORTEDgait3_24500_59900_60500,DISTORTEDgait3,,ae,tuned,"{'w': 200, 'hidden': 32, 'latent': 16}",0.03451,0.03501,0.84619,0.06065,9.65,49.13,0.0,40500,1,0.01484,ok
ucr,063_UCR_Anomaly_DISTORTEDgaitHunt2_18500_31200_31850,DISTORTEDgaitHunt2,,iforest,default,,0.02079,0.02203,0.82935,0.03687,3.56,,17.0,45500,1,0.01431,ok
ucr,063_UCR_Anomaly_DISTORTEDgaitHunt2_18500_31200_31850,DISTORTEDgaitHunt2,,iforest,tuned,"{'w': 100, 'n_estimators': 100}",0.02176,0.02304,0.82922,0.04111,3.98,9.78,0.0,45500,1,0.01431,ok
ucr,063_UCR_Anomaly_DISTORTEDgaitHunt2_18500_31200_31850,DISTORTEDgaitHunt2,,lof,default,,0.27805,0.25172,0.99353,0.51152,1.87,,17.0,45500,1,0.01431,ok
ucr,063_UCR_Anomaly_DISTORTEDgaitHunt2_18500_31200_31850,DISTORTEDgaitHunt2,,lof,tuned,"{'w': 200, 'k': 10}",0.22029,0.24076,0.84006,0.43443,2.54,4.68,0.0,45500,1,0.01431,ok
ucr,063_UCR_Anomaly_DISTORTEDgaitHunt2_18500_31200_31850,DISTORTEDgaitHunt2,,knn,default,,0.36622,0.31184,0.99365,0.6099,1.44,,17.0,45500,1,0.01431,ok
ucr,063_UCR_Anomaly_DISTORTEDgaitHunt2_18500_31200_31850,DISTORTEDgaitHunt2,,knn,tuned,"{'w': 100, 'k': 5}",0.36622,0.31184,0.99365,0.6099,2.91,3.1,0.0,45500,1,0.01431,ok
ucr,063_UCR_Anomaly_DISTORTEDgaitHunt2_18500_31200_31850,DISTORTEDgaitHunt2,,ae,default,,0.23386,0.2257,0.85154,0.40684,8.7,,42.4,45500,1,0.01431,ok
ucr,063_UCR_Anomaly_DISTORTEDgaitHunt2_18500_31200_31850,DISTORTEDgaitHunt2,,ae,tuned,"{'w': 200, 'hidden': 32, 'latent': 16}",0.03472,0.0423,0.78885,0.08052,11.21,41.13,0.0,45500,1,0.01431,ok
ucr,065_UCR_Anomaly_DISTORTEDinsectEPG1_3000_7000_7030,DISTORTEDinsectEPG1,,iforest,default,,0.00794,0.01159,0.85992,0.01734,1.55,,17.0,7001,1,0.00443,ok
ucr,065_UCR_Anomaly_DISTORTEDinsectEPG1_3000_7000_7030,DISTORTEDinsectEPG1,,iforest,tuned,"{'w': 50, 'n_estimators': 200}",0.01983,0.023,0.83871,0.05895,2.22,8.61,0.0,7001,1,0.00443,ok
ucr,065_UCR_Anomaly_DISTORTEDinsectEPG1_3000_7000_7030,DISTORTEDinsectEPG1,,lof,default,,0.00549,0.00834,0.79909,0.0,0.24,,17.0,7001,1,0.00443,ok
ucr,065_UCR_Anomaly_DISTORTEDinsectEPG1_3000_7000_7030,DISTORTEDinsectEPG1,,lof,tuned,"{'w': 50, 'k': 30}",0.03173,0.0349,0.78173,0.0867,0.72,1.67,0.0,7001,1,0.00443,ok
ucr,065_UCR_Anomaly_DISTORTEDinsectEPG1_3000_7000_7030,DISTORTEDinsectEPG1,,knn,default,,0.00945,0.01254,0.78815,0.0293,0.15,,17.0,7001,1,0.00443,ok
ucr,065_UCR_Anomaly_DISTORTEDinsectEPG1_3000_7000_7030,DISTORTEDinsectEPG1,,knn,tuned,"{'w': 50, 'k': 5}",0.05982,0.06578,0.78929,0.15026,1.04,1.34,0.0,7001,1,0.00443,ok
ucr,065_UCR_Anomaly_DISTORTEDinsectEPG1_3000_7000_7030,DISTORTEDinsectEPG1,,ae,default,,0.00404,0.00597,0.75673,0.0,2.49,,24.3,7001,1,0.00443,ok
ucr,065_UCR_Anomaly_DISTORTEDinsectEPG1_3000_7000_7030,DISTORTEDinsectEPG1,,ae,tuned,"{'w': 50, 'hidden': 64, 'latent': 8}",0.01447,0.01735,0.76872,0.0436,3.33,8.15,0.0,7001,1,0.00443,ok
ucr,067_UCR_Anomaly_DISTORTEDinsectEPG3_5200_7000_7050,DISTORTEDinsectEPG3,,iforest,default,,0.02516,0.03607,0.74689,0.07102,1.52,,17.0,4798,1,0.01063,ok
ucr,067_UCR_Anomaly_DISTORTEDinsectEPG3_5200_7000_7050,DISTORTEDinsectEPG3,,iforest,tuned,"{'w': 50, 'n_estimators': 100}",0.04666,0.04955,0.74846,0.1217,0.98,7.38,0.0,4798,1,0.01063,ok
ucr,067_UCR_Anomaly_DISTORTEDinsectEPG3_5200_7000_7050,DISTORTEDinsectEPG3,,lof,default,,0.00951,0.01392,0.73302,0.0,0.21,,17.0,4798,1,0.01063,ok
ucr,067_UCR_Anomaly_DISTORTEDinsectEPG3_5200_7000_7050,DISTORTEDinsectEPG3,,lof,tuned,"{'w': 50, 'k': 50}",0.04332,0.04514,0.71464,0.11353,0.6,2.06,0.0,4798,1,0.01063,ok
ucr,067_UCR_Anomaly_DISTORTEDinsectEPG3_5200_7000_7050,DISTORTEDinsectEPG3,,knn,default,,0.02413,0.03168,0.71576,0.08063,0.11,,17.0,4798,1,0.01063,ok
ucr,067_UCR_Anomaly_DISTORTEDinsectEPG3_5200_7000_7050,DISTORTEDinsectEPG3,,knn,tuned,"{'w': 50, 'k': 5}",0.08016,0.07991,0.7441,0.18963,0.44,1.37,0.0,4798,1,0.01063,ok
ucr,067_UCR_Anomaly_DISTORTEDinsectEPG3_5200_7000_7050,DISTORTEDinsectEPG3,,ae,default,,0.01064,0.01613,0.71915,0.0,1.9,,24.0,4798,1,0.01063,ok
ucr,067_UCR_Anomaly_DISTORTEDinsectEPG3_5200_7000_7050,DISTORTEDinsectEPG3,,ae,tuned,"{'w': 50, 'hidden': 32, 'latent': 16}",0.0228,0.02916,0.71423,0.05716,4.56,11.72,0.0,4798,1,0.01063,ok
ucr,069_UCR_Anomaly_DISTORTEDinsectEPG5_3200_8500_8501,DISTORTEDinsectEPG5,,iforest,default,,0.04792,0.09698,0.99561,0.1,1.38,,17.0,6828,1,0.00029,ok
ucr,069_UCR_Anomaly_DISTORTEDinsectEPG5_3200_8500_8501,DISTORTEDinsectEPG5,,iforest,tuned,"{'w': 50, 'n_estimators': 200}",0.01877,0.03511,0.99561,0.0367,1.66,5.77,0.0,6828,1,0.00029,ok
ucr,069_UCR_Anomaly_DISTORTEDinsectEPG5_3200_8500_8501,DISTORTEDinsectEPG5,,lof,default,,0.06667,0.1045,0.99726,0.1,0.21,,17.0,6828,1,0.00029,ok
ucr,069_UCR_Anomaly_DISTORTEDinsectEPG5_3200_8500_8501,DISTORTEDinsectEPG5,,lof,tuned,"{'w': 100, 'k': 50}",0.06667,0.1045,0.99726,0.1,0.47,1.52,0.0,6828,1,0.00029,ok
ucr,069_UCR_Anomaly_DISTORTEDinsectEPG5_3200_8500_8501,DISTORTEDinsectEPG5,,knn,default,,0.06667,0.1045,0.99726,0.1,0.23,,17.0,6828,1,0.00029,ok
ucr,069_UCR_Anomaly_DISTORTEDinsectEPG5_3200_8500_8501,DISTORTEDinsectEPG5,,knn,tuned,"{'w': 50, 'k': 3}",0.04643,0.09698,0.99712,0.1,0.44,1.15,0.0,6828,1,0.00029,ok
ucr,069_UCR_Anomaly_DISTORTEDinsectEPG5_3200_8500_8501,DISTORTEDinsectEPG5,,ae,default,,0.053,0.11262,0.99733,0.1,1.5,,24.3,6828,1,0.00029,ok
ucr,069_UCR_Anomaly_DISTORTEDinsectEPG5_3200_8500_8501,DISTORTEDinsectEPG5,,ae,tuned,"{'w': 50, 'hidden': 64, 'latent': 8}",0.04697,0.09698,0.99712,0.1,3.09,7.66,0.0,6828,1,0.00029,ok
ucr,071_UCR_Anomaly_DISTORTEDltstdbs30791AS_23000_52600_52800,DISTORTEDltstdbs30791AS,,iforest,default,,0.75658,0.47379,0.99867,0.7759,2.68,,17.0,32000,1,0.00628,ok
ucr,071_UCR_Anomaly_DISTORTEDltstdbs30791AS_23000_52600_52800,DISTORTEDltstdbs30791AS,,iforest,tuned,"{'w': 100, 'n_estimators': 100}",0.74775,0.46952,0.99866,0.7605,3.04,10.24,0.0,32000,1,0.00628,ok
ucr,071_UCR_Anomaly_DISTORTEDltstdbs30791AS_23000_52600_52800,DISTORTEDltstdbs30791AS,,lof,default,,0.89877,0.70475,0.9981,0.873,1.62,,17.0,32000,1,0.00628,ok
ucr,071_UCR_Anomaly_DISTORTEDltstdbs30791AS_23000_52600_52800,DISTORTEDltstdbs30791AS,,lof,tuned,"{'w': 200, 'k': 10}",0.93526,0.85986,0.99867,0.8936,1.89,5.68,0.0,32000,1,0.00628,ok
ucr,071_UCR_Anomaly_DISTORTEDltstdbs30791AS_23000_52600_52800,DISTORTEDltstdbs30791AS,,knn,default,,0.89246,0.69461,0.99813,0.87986,1.08,,17.0,32000,1,0.00628,ok
ucr,071_UCR_Anomaly_DISTORTEDltstdbs30791AS_23000_52600_52800,DISTORTEDltstdbs30791AS,,knn,tuned,"{'w': 100, 'k': 3}",0.89362,0.69834,0.99813,0.87986,2.24,3.73,0.0,32000,1,0.00628,ok
ucr,071_UCR_Anomaly_DISTORTEDltstdbs30791AS_23000_52600_52800,DISTORTEDltstdbs30791AS,,ae,default,,0.81166,0.65037,0.99802,0.84986,8.8,,36.2,32000,1,0.00628,ok
ucr,071_UCR_Anomaly_DISTORTEDltstdbs30791AS_23000_52600_52800,DISTORTEDltstdbs30791AS,,ae,tuned,"{'w': 100, 'hidden': 32, 'latent': 8}",0.84487,0.67157,0.9981,0.86148,9.89,48.01,0.0,32000,1,0.00628,ok
ucr,073_UCR_Anomaly_DISTORTEDpark3m_60000_72150_72495,DISTORTEDpark3m,,iforest,default,,0.11911,0.12619,0.67787,0.2705,2.86,,17.0,30000,1,0.01153,ok
ucr,073_UCR_Anomaly_DISTORTEDpark3m_60000_72150_72495,DISTORTEDpark3m,,iforest,tuned,"{'w': 400, 'n_estimators': 200}",0.45708,0.48292,0.92668,0.71638,6.61,18.5,0.0,30000,1,0.01153,ok
ucr,073_UCR_Anomaly_DISTORTEDpark3m_60000_72150_72495,DISTORTEDpark3m,,lof,default,,0.47391,0.35203,0.99609,0.59359,3.63,,17.0,30000,1,0.01153,ok
ucr,073_UCR_Anomaly_DISTORTEDpark3m_60000_72150_72495,DISTORTEDpark3m,,lof,tuned,"{'w': 100, 'k': 50}",0.47391,0.35203,0.99609,0.59359,7.32,26.5,0.0,30000,1,0.01153,ok
ucr,073_UCR_Anomaly_DISTORTEDpark3m_60000_72150_72495,DISTORTEDpark3m,,knn,default,,0.50067,0.37513,0.99604,0.63896,3.3,,17.0,30000,1,0.01153,ok
ucr,073_UCR_Anomaly_DISTORTEDpark3m_60000_72150_72495,DISTORTEDpark3m,,knn,tuned,"{'w': 100, 'k': 3}",0.51993,0.39545,0.99604,0.66308,4.34,16.19,0.0,30000,1,0.01153,ok
ucr,073_UCR_Anomaly_DISTORTEDpark3m_60000_72150_72495,DISTORTEDpark3m,,ae,default,,0.05958,0.06,0.63616,0.1326,28.59,,38.7,30000,1,0.01153,ok
ucr,073_UCR_Anomaly_DISTORTEDpark3m_60000_72150_72495,DISTORTEDpark3m,,ae,tuned,"{'w': 100, 'hidden': 32, 'latent': 16}",0.04224,0.04011,0.6315,0.08052,21.09,149.72,0.0,30000,1,0.01153,ok
ucr,075_UCR_Anomaly_DISTORTEDqtdbSel100MLII_4000_13400_13800,DISTORTEDqtdbSel100MLII,,iforest,default,,0.0113,0.01651,0.6487,0.00435,2.8,,17.0,26000,1,0.01542,ok
ucr,075_UCR_Anomaly_DISTORTEDqtdbSel100MLII_4000_13400_13800,DISTORTEDqtdbSel100MLII,,iforest,tuned,"{'w': 50, 'n_estimators': 200}",0.0117,0.01702,0.66204,0.01148,2.94,6.03,0.0,26000,1,0.01542,ok
ucr,075_UCR_Anomaly_DISTORTEDqtdbSel100MLII_4000_13400_13800,DISTORTEDqtdbSel100MLII,,lof,default,,0.0145,0.01876,0.66668,0.01433,0.65,,17.0,26000,1,0.01542,ok
ucr,075_UCR_Anomaly_DISTORTEDqtdbSel100MLII_4000_13400_13800,DISTORTEDqtdbSel100MLII,,lof,tuned,"{'w': 50, 'k': 30}",0.01051,0.01389,0.66412,0.00122,1.86,1.81,0.0,26000,1,0.01542,ok
ucr,075_UCR_Anomaly_DISTORTEDqtdbSel100MLII_4000_13400_13800,DISTORTEDqtdbSel100MLII,,knn,default,,0.01296,0.01755,0.6489,0.0118,0.48,,17.0,26000,1,0.01542,ok
ucr,075_UCR_Anomaly_DISTORTEDqtdbSel100MLII_4000_13400_13800,DISTORTEDqtdbSel100MLII,,knn,tuned,"{'w': 50, 'k': 3}",0.01327,0.01859,0.67643,0.01423,1.7,1.34,0.0,26000,1,0.01542,ok
ucr,075_UCR_Anomaly_DISTORTEDqtdbSel100MLII_4000_13400_13800,DISTORTEDqtdbSel100MLII,,ae,default,,0.01201,0.01541,0.64376,0.00461,2.88,,32.0,26000,1,0.01542,ok
ucr,075_UCR_Anomaly_DISTORTEDqtdbSel100MLII_4000_13400_13800,DISTORTEDqtdbSel100MLII,,ae,tuned,"{'w': 50, 'hidden': 64, 'latent': 8}",0.01428,0.0204,0.66324,0.01635,4.78,10.03,0.0,26000,1,0.01542,ok
ucr,077_UCR_Anomaly_DISTORTEDresperation11_58000_110800_110801,DISTORTEDresperation11,,iforest,default,,0.00014,0.0003,0.74958,0.00036,8.68,,17.0,137000,1,1e-05,ok
ucr,077_UCR_Anomaly_DISTORTEDresperation11_58000_110800_110801,DISTORTEDresperation11,,iforest,tuned,"{'w': 100, 'n_estimators': 200}",0.00014,0.0003,0.74958,0.00036,12.64,18.16,0.0,137000,1,1e-05,ok
ucr,077_UCR_Anomaly_DISTORTEDresperation11_58000_110800_110801,DISTORTEDresperation11,,lof,default,,0.00565,0.0058,0.90639,0.00525,10.9,,17.0,137000,1,1e-05,ok
ucr,077_UCR_Anomaly_DISTORTEDresperation11_58000_110800_110801,DISTORTEDresperation11,,lof,tuned,"{'w': 100, 'k': 30}",0.01786,0.0058,0.89765,0.00525,14.56,14.9,0.0,137000,1,1e-05,ok
ucr,077_UCR_Anomaly_DISTORTEDresperation11_58000_110800_110801,DISTORTEDresperation11,,knn,default,,0.5,0.10184,0.97943,0.05556,8.9,,17.0,137000,1,1e-05,ok
ucr,077_UCR_Anomaly_DISTORTEDresperation11_58000_110800_110801,DISTORTEDresperation11,,knn,tuned,"{'w': 200, 'k': 1}",0.00088,0.00123,0.82154,0.00141,8.46,9.89,0.0,137000,1,1e-05,ok
ucr,077_UCR_Anomaly_DISTORTEDresperation11_58000_110800_110801,DISTORTEDresperation11,,ae,default,,0.5,0.08774,0.99987,0.05634,25.84,,80.9,137000,1,1e-05,ok
ucr,077_UCR_Anomaly_DISTORTEDresperation11_58000_110800_110801,DISTORTEDresperation11,,ae,tuned,"{'w': 100, 'hidden': 32, 'latent': 8}",0.5,0.08774,0.99987,0.05634,29.5,118.69,0.0,137000,1,1e-05,ok
ucr,079_UCR_Anomaly_DISTORTEDresperation2_30000_168250_168250,DISTORTEDresperation2,,iforest,default,,1e-05,2e-05,0.64747,0.0,9.62,,17.0,170051,1,1e-05,ok
ucr,079_UCR_Anomaly_DISTORTEDresperation2_30000_168250_168250,DISTORTEDresperation2,,iforest,tuned,"{'w': 400, 'n_estimators': 200}",1e-05,2e-05,0.56275,0.0,38.3,11.59,0.0,170051,1,1e-05,ok
ucr,079_UCR_Anomaly_DISTORTEDresperation2_30000_168250_168250,DISTORTEDresperation2,,lof,default,,4e-05,0.0001,0.57235,8e-05,10.57,,17.0,170051,1,1e-05,ok
ucr,079_UCR_Anomaly_DISTORTEDresperation2_30000_168250_168250,DISTORTEDresperation2,,lof,tuned,"{'w': 100, 'k': 10}",3e-05,7e-05,0.57758,7e-05,19.14,6.28,0.0,170051,1,1e-05,ok
ucr,079_UCR_Anomaly_DISTORTEDresperation2_30000_168250_168250,DISTORTEDresperation2,,knn,default,,1e-05,2e-05,0.60311,0.0,10.82,,17.0,170051,1,1e-05,ok
ucr,079_UCR_Anomaly_DISTORTEDresperation2_30000_168250_168250,DISTORTEDresperation2,,knn,tuned,"{'w': 100, 'k': 1}",1e-05,2e-05,0.59871,0.0,14.67,4.07,0.0,170051,1,1e-05,ok
ucr,079_UCR_Anomaly_DISTORTEDresperation2_30000_168250_168250,DISTORTEDresperation2,,ae,default,,1e-05,2e-05,0.62605,0.0,22.94,,91.7,170051,1,1e-05,ok
ucr,079_UCR_Anomaly_DISTORTEDresperation2_30000_168250_168250,DISTORTEDresperation2,,ae,tuned,"{'w': 100, 'hidden': 32, 'latent': 8}",1e-05,2e-05,0.61179,0.0,24.97,46.11,0.0,170051,1,1e-05,ok
ucr,081_UCR_Anomaly_DISTORTEDresperation3_45000_158250_158251,DISTORTEDresperation3,,iforest,default,,1e-05,3e-05,0.66341,0.0,9.82,,17.0,145100,1,1e-05,ok
ucr,081_UCR_Anomaly_DISTORTEDresperation3_45000_158250_158251,DISTORTEDresperation3,,iforest,tuned,"{'w': 400, 'n_estimators': 100}",1e-05,3e-05,0.64527,0.0,26.04,16.59,0.0,145100,1,1e-05,ok
ucr,081_UCR_Anomaly_DISTORTEDresperation3_45000_158250_158251,DISTORTEDresperation3,,lof,default,,2e-05,2e-05,0.61973,0.0,8.97,,17.0,145100,1,1e-05,ok
ucr,081_UCR_Anomaly_DISTORTEDresperation3_45000_158250_158251,DISTORTEDresperation3,,lof,tuned,"{'w': 50, 'k': 10}",1e-05,2e-05,0.64382,0.0,27.42,9.89,0.0,145100,1,1e-05,ok
ucr,081_UCR_Anomaly_DISTORTEDresperation3_45000_158250_158251,DISTORTEDresperation3,,knn,default,,1e-05,2e-05,0.62976,0.0,7.76,,17.0,145100,1,1e-05,ok
ucr,081_UCR_Anomaly_DISTORTEDresperation3_45000_158250_158251,DISTORTEDresperation3,,knn,tuned,"{'w': 100, 'k': 1}",1e-05,2e-05,0.63111,0.0,11.87,6.97,0.0,145100,1,1e-05,ok
ucr,081_UCR_Anomaly_DISTORTEDresperation3_45000_158250_158251,DISTORTEDresperation3,,ae,default,,1e-05,2e-05,0.64082,0.0,23.44,,83.9,145100,1,1e-05,ok
ucr,081_UCR_Anomaly_DISTORTEDresperation3_45000_158250_158251,DISTORTEDresperation3,,ae,tuned,"{'w': 50, 'hidden': 32, 'latent': 8}",1e-05,2e-05,0.66276,0.0,47.52,88.66,0.0,145100,1,1e-05,ok
ucr,083_UCR_Anomaly_DISTORTEDresperation9_38000_143411_143511,DISTORTEDresperation9,,iforest,default,,0.00141,0.0021,0.65953,0.00285,10.26,,17.0,157000,1,0.00064,ok
ucr,083_UCR_Anomaly_DISTORTEDresperation9_38000_143411_143511,DISTORTEDresperation9,,iforest,tuned,"{'w': 400, 'n_estimators': 200}",0.0007,0.00104,0.69238,0.0,32.34,14.96,0.0,157000,1,0.00064,ok
ucr,083_UCR_Anomaly_DISTORTEDresperation9_38000_143411_143511,DISTORTEDresperation9,,lof,default,,0.14424,0.09803,0.62113,0.19462,8.4,,17.0,157000,1,0.00064,ok
ucr,083_UCR_Anomaly_DISTORTEDresperation9_38000_143411_143511,DISTORTEDresperation9,,lof,tuned,"{'w': 100, 'k': 30}",0.21286,0.11546,0.62705,0.20576,15.98,9.02,0.0,157000,1,0.00064,ok
ucr,083_UCR_Anomaly_DISTORTEDresperation9_38000_143411_143511,DISTORTEDresperation9,,knn,default,,0.16612,0.10334,0.63827,0.20761,7.98,,17.0,157000,1,0.00064,ok
ucr,083_UCR_Anomaly_DISTORTEDresperation9_38000_143411_143511,DISTORTEDresperation9,,knn,tuned,"{'w': 200, 'k': 5}",0.00999,0.0119,0.62864,0.02788,10.3,6.05,0.0,157000,1,0.00064,ok
ucr,083_UCR_Anomaly_DISTORTEDresperation9_38000_143411_143511,DISTORTEDresperation9,,ae,default,,0.92323,0.14286,0.97384,0.77744,21.63,,88.2,157000,1,0.00064,ok
ucr,083_UCR_Anomaly_DISTORTEDresperation9_38000_143411_143511,DISTORTEDresperation9,,ae,tuned,"{'w': 100, 'hidden': 32, 'latent': 8}",0.9514,0.1343,0.99999,0.80195,29.65,67.2,0.0,157000,1,0.00064,ok
ucr,085_UCR_Anomaly_DISTORTEDs20101m_10000_35774_35874,DISTORTEDs20101m,,iforest,default,,0.00346,0.0044,0.58247,0.00301,2.79,,17.0,30000,1,0.00337,ok
ucr,085_UCR_Anomaly_DISTORTEDs20101m_10000_35774_35874,DISTORTEDs20101m,,iforest,tuned,"{'w': 100, 'n_estimators': 200}",0.00346,0.0044,0.58247,0.00301,3.87,8.13,0.0,30000,1,0.00337,ok
ucr,085_UCR_Anomaly_DISTORTEDs20101m_10000_35774_35874,DISTORTEDs20101m,,lof,default,,0.98519,0.6227,0.99939,0.8132,0.93,,17.0,30000,1,0.00337,ok
ucr,085_UCR_Anomaly_DISTORTEDs20101m_10000_35774_35874,DISTORTEDs20101m,,lof,tuned,"{'w': 100, 'k': 50}",0.98519,0.6227,0.99939,0.8132,2.06,2.81,0.0,30000,1,0.00337,ok
ucr,085_UCR_Anomaly_DISTORTEDs20101m_10000_35774_35874,DISTORTEDs20101m,,knn,default,,0.95004,0.60045,0.9994,0.79906,0.72,,17.0,30000,1,0.00337,ok
ucr,085_UCR_Anomaly_DISTORTEDs20101m_10000_35774_35874,DISTORTEDs20101m,,knn,tuned,"{'w': 100, 'k': 3}",0.94774,0.60762,0.9994,0.79906,1.82,2.03,0.0,30000,1,0.00337,ok
ucr,085_UCR_Anomaly_DISTORTEDs20101m_10000_35774_35874,DISTORTEDs20101m,,ae,default,,0.89959,0.43692,0.99937,0.78654,5.09,,34.7,30000,1,0.00337,ok
ucr,085_UCR_Anomaly_DISTORTEDs20101m_10000_35774_35874,DISTORTEDs20101m,,ae,tuned,"{'w': 100, 'hidden': 64, 'latent': 8}",0.90282,0.45116,0.99938,0.79023,6.16,22.71,0.0,30000,1,0.00337,ok
ucr,087_UCR_Anomaly_DISTORTEDsel840mECG1_17000_51370_51740,DISTORTEDsel840mECG1,,iforest,default,,0.041,0.04626,0.75031,0.10738,3.38,,17.0,43000,1,0.00863,ok
ucr,087_UCR_Anomaly_DISTORTEDsel840mECG1_17000_51370_51740,DISTORTEDsel840mECG1,,iforest,tuned,"{'w': 100, 'n_estimators': 200}",0.041,0.04626,0.75031,0.10738,5.41,9.37,0.0,43000,1,0.00863,ok
ucr,087_UCR_Anomaly_DISTORTEDsel840mECG1_17000_51370_51740,DISTORTEDsel840mECG1,,lof,default,,0.03178,0.03785,0.74003,0.07579,1.68,,17.0,43000,1,0.00863,ok
ucr,087_UCR_Anomaly_DISTORTEDsel840mECG1_17000_51370_51740,DISTORTEDsel840mECG1,,lof,tuned,"{'w': 100, 'k': 30}",0.04584,0.05149,0.74633,0.11383,3.09,4.44,0.0,43000,1,0.00863,ok
ucr,087_UCR_Anomaly_DISTORTEDsel840mECG1_17000_51370_51740,DISTORTEDsel840mECG1,,knn,default,,0.1555,0.10016,0.96937,0.31459,1.25,,17.0,43000,1,0.00863,ok
ucr,087_UCR_Anomaly_DISTORTEDsel840mECG1_17000_51370_51740,DISTORTEDsel840mECG1,,knn,tuned,"{'w': 100, 'k': 3}",0.18816,0.1087,0.99786,0.39924,2.87,3.01,0.0,43000,1,0.00863,ok
ucr,087_UCR_Anomaly_DISTORTEDsel840mECG1_17000_51370_51740,DISTORTEDsel840mECG1,,ae,default,,0.24587,0.11624,0.99786,0.40988,8.23,,40.1,43000,1,0.00863,ok
ucr,087_UCR_Anomaly_DISTORTEDsel840mECG1_17000_51370_51740,DISTORTEDsel840mECG1,,ae,tuned,"{'w': 100, 'hidden': 32, 'latent': 8}",0.18031,0.08631,0.99786,0.34941,10.93,38.5,0.0,43000,1,0.00863,ok
ucr,089_UCR_Anomaly_DISTORTEDtiltAPB1_100000_114283_114350,DISTORTEDtiltAPB1,,iforest,default,,0.07402,0.10112,0.65067,0.18323,3.35,,17.0,30001,1,0.00227,ok
ucr,089_UCR_Anomaly_DISTORTEDtiltAPB1_100000_114283_114350,DISTORTEDtiltAPB1,,iforest,tuned,"{'w': 400, 'n_estimators': 100}",0.01971,0.03103,0.55973,0.06631,5.89,30.95,0.0,30001,1,0.00227,ok
ucr,089_UCR_Anomaly_DISTORTEDtiltAPB1_100000_114283_114350,DISTORTEDtiltAPB1,,lof,default,,0.10269,0.10269,0.71216,0.19593,6.91,,17.0,30001,1,0.00227,ok
ucr,089_UCR_Anomaly_DISTORTEDtiltAPB1_100000_114283_114350,DISTORTEDtiltAPB1,,lof,tuned,"{'w': 200, 'k': 30}",0.39683,0.24491,0.86,0.50622,4.23,32.26,0.0,30001,1,0.00227,ok
ucr,089_UCR_Anomaly_DISTORTEDtiltAPB1_100000_114283_114350,DISTORTEDtiltAPB1,,knn,default,,0.67538,0.43305,0.99941,0.76638,3.03,,17.0,30001,1,0.00227,ok
ucr,089_UCR_Anomaly_DISTORTEDtiltAPB1_100000_114283_114350,DISTORTEDtiltAPB1,,knn,tuned,"{'w': 200, 'k': 3}",0.96302,0.47721,0.99963,0.78814,2.66,20.4,0.0,30001,1,0.00227,ok
ucr,089_UCR_Anomaly_DISTORTEDtiltAPB1_100000_114283_114350,DISTORTEDtiltAPB1,,ae,default,,0.22261,0.25588,0.99775,0.31698,34.55,,42.4,30001,1,0.00227,ok
ucr,089_UCR_Anomaly_DISTORTEDtiltAPB1_100000_114283_114350,DISTORTEDtiltAPB1,,ae,tuned,"{'w': 100, 'hidden': 64, 'latent': 16}",0.22261,0.25588,0.99775,0.31698,35.4,169.78,0.0,30001,1,0.00227,ok
ucr,091_UCR_Anomaly_DISTORTEDtiltAPB3_40000_114000_114370,DISTORTEDtiltAPB3,,iforest,default,,0.00228,0.00303,0.69335,0.0,6.21,,17.0,89489,1,0.00415,ok
ucr,091_UCR_Anomaly_DISTORTEDtiltAPB3_40000_114000_114370,DISTORTEDtiltAPB3,,iforest,tuned,"{'w': 200, 'n_estimators': 200}",0.00208,0.00377,0.72893,0.0,12.18,15.84,0.0,89489,1,0.00415,ok
ucr,091_UCR_Anomaly_DISTORTEDtiltAPB3_40000_114000_114370,DISTORTEDtiltAPB3,,lof,default,,0.00684,0.00783,0.83347,0.01342,5.79,,17.0,89489,1,0.00415,ok
ucr,091_UCR_Anomaly_DISTORTEDtiltAPB3_40000_114000_114370,DISTORTEDtiltAPB3,,lof,tuned,"{'w': 200, 'k': 30}",0.00688,0.00838,0.83548,0.01524,6.08,8.54,0.0,89489,1,0.00415,ok
ucr,091_UCR_Anomaly_DISTORTEDtiltAPB3_40000_114000_114370,DISTORTEDtiltAPB3,,knn,default,,0.0059,0.00715,0.8421,0.0072,4.31,,17.0,89489,1,0.00415,ok
ucr,091_UCR_Anomaly_DISTORTEDtiltAPB3_40000_114000_114370,DISTORTEDtiltAPB3,,knn,tuned,"{'w': 200, 'k': 3}",0.00767,0.0093,0.84487,0.0172,5.63,6.37,0.0,89489,1,0.00415,ok
ucr,091_UCR_Anomaly_DISTORTEDtiltAPB3_40000_114000_114370,DISTORTEDtiltAPB3,,ae,default,,0.00412,0.00551,0.85817,0.0,18.48,,61.3,89489,1,0.00415,ok
ucr,091_UCR_Anomaly_DISTORTEDtiltAPB3_40000_114000_114370,DISTORTEDtiltAPB3,,ae,tuned,"{'w': 100, 'hidden': 64, 'latent': 8}",0.00395,0.00529,0.85112,0.0,23.67,86.38,0.0,89489,1,0.00415,ok
ucr,093_UCR_Anomaly_NOISE1sddb40_35000_52000_52620,NOISE1sddb40,,iforest,default,,0.37081,0.25353,0.99787,0.54004,3.7,,17.0,44795,1,0.01386,ok
ucr,093_UCR_Anomaly_NOISE1sddb40_35000_52000_52620,NOISE1sddb40,,iforest,tuned,"{'w': 200, 'n_estimators': 100}",0.298,0.30208,0.75611,0.54398,5.46,11.99,0.0,44795,1,0.01386,ok
ucr,093_UCR_Anomaly_NOISE1sddb40_35000_52000_52620,NOISE1sddb40,,lof,default,,0.04277,0.04562,0.63938,0.11238,2.86,,17.0,44795,1,0.01386,ok
ucr,093_UCR_Anomaly_NOISE1sddb40_35000_52000_52620,NOISE1sddb40,,lof,tuned,"{'w': 200, 'k': 50}",0.04097,0.04382,0.629,0.12321,3.21,7.7,0.0,44795,1,0.01386,ok
ucr,093_UCR_Anomaly_NOISE1sddb40_35000_52000_52620,NOISE1sddb40,,knn,default,,0.45505,0.3584,0.99788,0.6212,2.01,,17.0,44795,1,0.01386,ok
ucr,093_UCR_Anomaly_NOISE1sddb40_35000_52000_52620,NOISE1sddb40,,knn,tuned,"{'w': 200, 'k': 5}",0.68137,0.56612,0.99678,0.74954,2.77,5.38,0.0,44795,1,0.01386,ok
ucr,093_UCR_Anomaly_NOISE1sddb40_35000_52000_52620,NOISE1sddb40,,ae,default,,0.03662,0.04346,0.64639,0.11505,14.19,,43.0,44795,1,0.01386,ok
ucr,093_UCR_Anomaly_NOISE1sddb40_35000_52000_52620,NOISE1sddb40,,ae,tuned,"{'w': 200, 'hidden': 32, 'latent': 8}",0.72588,0.62414,0.99929,0.77127,13.93,69.7,0.0,44795,1,0.01386,ok
ucr,095_UCR_Anomaly_NOISECIMIS44AirTemperature4_4000_5549_5597,NOISECIMIS44AirTemperature4,,iforest,default,,0.02685,0.03689,0.78219,0.07493,1.35,,17.0,4184,1,0.01171,ok
ucr,095_UCR_Anomaly_NOISECIMIS44AirTemperature4_4000_5549_5597,NOISECIMIS44AirTemperature4,,iforest,tuned,"{'w': 50, 'n_estimators': 200}",0.04739,0.05278,0.80827,0.12686,1.59,6.41,0.0,4184,1,0.01171,ok
ucr,095_UCR_Anomaly_NOISECIMIS44AirTemperature4_4000_5549_5597,NOISECIMIS44AirTemperature4,,lof,default,,0.03854,0.05264,0.8215,0.11518,0.19,,17.0,4184,1,0.01171,ok
ucr,095_UCR_Anomaly_NOISECIMIS44AirTemperature4_4000_5549_5597,NOISECIMIS44AirTemperature4,,lof,tuned,"{'w': 50, 'k': 50}",0.08749,0.09968,0.83228,0.22284,0.53,1.81,0.0,4184,1,0.01171,ok
ucr,095_UCR_Anomaly_NOISECIMIS44AirTemperature4_4000_5549_5597,NOISECIMIS44AirTemperature4,,knn,default,,0.05477,0.07574,0.83827,0.16926,0.09,,17.0,4184,1,0.01171,ok
ucr,095_UCR_Anomaly_NOISECIMIS44AirTemperature4_4000_5549_5597,NOISECIMIS44AirTemperature4,,knn,tuned,"{'w': 50, 'k': 5}",0.18338,0.18672,0.84811,0.37688,0.38,1.35,0.0,4184,1,0.01171,ok
ucr,095_UCR_Anomaly_NOISECIMIS44AirTemperature4_4000_5549_5597,NOISECIMIS44AirTemperature4,,ae,default,,0.78963,0.6497,0.99733,0.84293,1.75,,23.9,4184,1,0.01171,ok
ucr,095_UCR_Anomaly_NOISECIMIS44AirTemperature4_4000_5549_5597,NOISECIMIS44AirTemperature4,,ae,tuned,"{'w': 100, 'hidden': 32, 'latent': 8}",0.33965,0.33723,0.92385,0.58194,2.03,10.52,0.0,4184,1,0.01171,ok
ucr,097_UCR_Anomaly_NOISEGP711MarkerLFM5z3_5000_5948_5993,NOISEGP711MarkerLFM5z3,,iforest,default,,0.66471,0.57452,0.9981,0.74445,1.58,,17.0,7000,1,0.00657,ok
ucr,097_UCR_Anomaly_NOISEGP711MarkerLFM5z3_5000_5948_5993,NOISEGP711MarkerLFM5z3,,iforest,tuned,"{'w': 50, 'n_estimators': 200}",0.08553,0.10128,0.71065,0.23163,1.84,6.68,0.0,7000,1,0.00657,ok
ucr,097_UCR_Anomaly_NOISEGP711MarkerLFM5z3_5000_5948_5993,NOISEGP711MarkerLFM5z3,,lof,default,,0.94184,0.8815,0.9986,0.91221,0.26,,17.0,7000,1,0.00657,ok
ucr,097_UCR_Anomaly_NOISEGP711MarkerLFM5z3_5000_5948_5993,NOISEGP711MarkerLFM5z3,,lof,tuned,"{'w': 50, 'k': 30}",0.95164,0.88775,0.99885,0.91306,0.7,1.67,0.0,7000,1,0.00657,ok
ucr,097_UCR_Anomaly_NOISEGP711MarkerLFM5z3_5000_5948_5993,NOISEGP711MarkerLFM5z3,,knn,default,,0.98249,0.91465,0.99884,0.98077,0.14,,17.0,7000,1,0.00657,ok
ucr,097_UCR_Anomaly_NOISEGP711MarkerLFM5z3_5000_5948_5993,NOISEGP711MarkerLFM5z3,,knn,tuned,"{'w': 50, 'k': 3}",0.90779,0.86297,0.99869,0.89079,0.58,1.36,0.0,7000,1,0.00657,ok
ucr,097_UCR_Anomaly_NOISEGP711MarkerLFM5z3_5000_5948_5993,NOISEGP711MarkerLFM5z3,,ae,default,,0.92989,0.84234,0.99838,0.90785,2.07,,24.5,7000,1,0.00657,ok
ucr,097_UCR_Anomaly_NOISEGP711MarkerLFM5z3_5000_5948_5993,NOISEGP711MarkerLFM5z3,,ae,tuned,"{'w': 100, 'hidden': 64, 'latent': 8}",0.82621,0.78849,0.99843,0.84659,2.43,12.17,0.0,7000,1,0.00657,ok
ucr,099_UCR_Anomaly_NOISEInternalBleeding6_1500_3474_3629,NOISEInternalBleeding6,,iforest,default,,0.87897,0.68548,0.99906,0.97774,1.46,,17.0,6154,1,0.02535,ok
ucr,099_UCR_Anomaly_NOISEInternalBleeding6_1500_3474_3629,NOISEInternalBleeding6,,lof,default,,0.90508,0.77484,0.99913,0.97973,0.17,,17.0,6154,1,0.02535,ok
ucr,099_UCR_Anomaly_NOISEInternalBleeding6_1500_3474_3629,NOISEInternalBleeding6,,knn,default,,0.94379,0.83936,0.99925,1.0,0.11,,17.0,6154,1,0.02535,ok
ucr,099_UCR_Anomaly_NOISEInternalBleeding6_1500_3474_3629,NOISEInternalBleeding6,,ae,default,,0.91592,0.76189,0.99927,1.0,1.01,,23.8,6154,1,0.02535,ok
ucr,101_UCR_Anomaly_NOISELab2Cmac011215EPG4_6000_17390_17520,NOISELab2Cmac011215EPG4,,iforest,default,,0.00446,0.00609,0.77385,0.0,2.58,,17.0,24066,1,0.00544,ok
ucr,101_UCR_Anomaly_NOISELab2Cmac011215EPG4_6000_17390_17520,NOISELab2Cmac011215EPG4,,iforest,tuned,"{'w': 50, 'n_estimators': 100}",0.00603,0.00765,0.86242,0.0077,2.36,6.87,0.0,24066,1,0.00544,ok
ucr,101_UCR_Anomaly_NOISELab2Cmac011215EPG4_6000_17390_17520,NOISELab2Cmac011215EPG4,,lof,default,,0.02161,0.02785,0.77932,0.06355,0.69,,17.0,24066,1,0.00544,ok
ucr,101_UCR_Anomaly_NOISELab2Cmac011215EPG4_6000_17390_17520,NOISELab2Cmac011215EPG4,,lof,tuned,"{'w': 50, 'k': 30}",0.21028,0.26563,0.82684,0.44536,2.01,1.91,0.0,24066,1,0.00544,ok
ucr,101_UCR_Anomaly_NOISELab2Cmac011215EPG4_6000_17390_17520,NOISELab2Cmac011215EPG4,,knn,default,,0.13761,0.21027,0.77775,0.34016,0.5,,17.0,24066,1,0.00544,ok
ucr,101_UCR_Anomaly_NOISELab2Cmac011215EPG4_6000_17390_17520,NOISELab2Cmac011215EPG4,,knn,tuned,"{'w': 50, 'k': 3}",0.25102,0.31714,0.86925,0.47663,1.75,1.45,0.0,24066,1,0.00544,ok
ucr,101_UCR_Anomaly_NOISELab2Cmac011215EPG4_6000_17390_17520,NOISELab2Cmac011215EPG4,,ae,default,,0.01104,0.01418,0.77439,0.03297,3.57,,31.4,24066,1,0.00544,ok
ucr,101_UCR_Anomaly_NOISELab2Cmac011215EPG4_6000_17390_17520,NOISELab2Cmac011215EPG4,,ae,tuned,"{'w': 50, 'hidden': 64, 'latent': 8}",0.09221,0.11076,0.80716,0.21963,6.7,14.69,0.0,24066,1,0.00544,ok
ucr,103_UCR_Anomaly_NOISETkeepThirdMARS_3500_4711_4809,NOISETkeepThirdMARS,,iforest,default,,0.27249,0.339,0.99449,0.47911,1.55,,17.0,7808,1,0.01268,ok
ucr,103_UCR_Anomaly_NOISETkeepThirdMARS_3500_4711_4809,NOISETkeepThirdMARS,,iforest,tuned,"{'w': 100, 'n_estimators': 100}",0.26089,0.32752,0.99449,0.47911,1.31,6.26,0.0,7808,1,0.01268,ok
ucr,103_UCR_Anomaly_NOISETkeepThirdMARS_3500_4711_4809,NOISETkeepThirdMARS,,lof,default,,0.73139,0.83303,0.99685,0.84403,0.24,,17.0,7808,1,0.01268,ok
ucr,103_UCR_Anomaly_NOISETkeepThirdMARS_3500_4711_4809,NOISETkeepThirdMARS,,lof,tuned,"{'w': 100, 'k': 30}",0.88007,0.90533,0.99777,0.92889,0.62,1.94,0.0,7808,1,0.01268,ok
ucr,103_UCR_Anomaly_NOISETkeepThirdMARS_3500_4711_4809,NOISETkeepThirdMARS,,knn,default,,0.99598,0.94604,0.99984,1.0,0.15,,17.0,7808,1,0.01268,ok
ucr,103_UCR_Anomaly_NOISETkeepThirdMARS_3500_4711_4809,NOISETkeepThirdMARS,,knn,tuned,"{'w': 50, 'k': 5}",0.55413,0.73079,0.99566,0.7707,0.65,1.26,0.0,7808,1,0.01268,ok
ucr,103_UCR_Anomaly_NOISETkeepThirdMARS_3500_4711_4809,NOISETkeepThirdMARS,,ae,default,,0.63038,0.76738,0.99572,0.81897,1.66,,25.5,7808,1,0.01268,ok
ucr,103_UCR_Anomaly_NOISETkeepThirdMARS_3500_4711_4809,NOISETkeepThirdMARS,,ae,tuned,"{'w': 100, 'hidden': 32, 'latent': 8}",0.48086,0.57051,0.99413,0.69376,2.1,8.4,0.0,7808,1,0.01268,ok
ucr,105_UCR_Anomaly_NOISEgait3_24500_59900_60500,NOISEgait3,,iforest,default,,0.03686,0.05592,0.98808,0.15399,3.68,,17.0,40500,1,0.01484,ok
ucr,105_UCR_Anomaly_NOISEgait3_24500_59900_60500,NOISEgait3,,iforest,tuned,"{'w': 100, 'n_estimators': 200}",0.03686,0.05592,0.98808,0.15399,5.49,11.28,0.0,40500,1,0.01484,ok
ucr,105_UCR_Anomaly_NOISEgait3_24500_59900_60500,NOISEgait3,,lof,default,,0.03143,0.03926,0.78791,0.05397,2.06,,17.0,40500,1,0.01484,ok
ucr,105_UCR_Anomaly_NOISEgait3_24500_59900_60500,NOISEgait3,,lof,tuned,"{'w': 100, 'k': 30}",0.03141,0.03984,0.80572,0.05351,3.37,6.13,0.0,40500,1,0.01484,ok
ucr,105_UCR_Anomaly_NOISEgait3_24500_59900_60500,NOISEgait3,,knn,default,,0.03203,0.03862,0.74978,0.05847,1.46,,17.0,40500,1,0.01484,ok
ucr,105_UCR_Anomaly_NOISEgait3_24500_59900_60500,NOISEgait3,,knn,tuned,"{'w': 100, 'k': 3}",0.03288,0.03928,0.75008,0.05901,2.98,4.2,0.0,40500,1,0.01484,ok
ucr,105_UCR_Anomaly_NOISEgait3_24500_59900_60500,NOISEgait3,,ae,default,,0.02319,0.0251,0.75113,0.03652,10.99,,40.3,40500,1,0.01484,ok
ucr,105_UCR_Anomaly_NOISEgait3_24500_59900_60500,NOISEgait3,,ae,tuned,"{'w': 200, 'hidden': 32, 'latent': 16}",0.02554,0.02763,0.84619,0.03837,10.23,54.02,0.0,40500,1,0.01484,ok
ucr,107_UCR_Anomaly_NOISEinsectEPG3_5200_7000_7050,NOISEinsectEPG3,,iforest,default,,0.01507,0.02061,0.78775,0.0,1.53,,17.0,4798,1,0.01063,ok
ucr,107_UCR_Anomaly_NOISEinsectEPG3_5200_7000_7050,NOISEinsectEPG3,,iforest,tuned,"{'w': 50, 'n_estimators': 100}",0.03578,0.03615,0.79665,0.08903,1.05,6.71,0.0,4798,1,0.01063,ok
ucr,107_UCR_Anomaly_NOISEinsectEPG3_5200_7000_7050,NOISEinsectEPG3,,lof,default,,0.00726,0.01091,0.70514,0.0,0.22,,17.0,4798,1,0.01063,ok
ucr,107_UCR_Anomaly_NOISEinsectEPG3_5200_7000_7050,NOISEinsectEPG3,,lof,tuned,"{'w': 50, 'k': 30}",0.01598,0.01836,0.71228,0.01717,0.58,1.84,0.0,4798,1,0.01063,ok
ucr,107_UCR_Anomaly_NOISEinsectEPG3_5200_7000_7050,NOISEinsectEPG3,,knn,default,,0.00869,0.01203,0.71134,0.0,0.11,,17.0,4798,1,0.01063,ok
ucr,107_UCR_Anomaly_NOISEinsectEPG3_5200_7000_7050,NOISEinsectEPG3,,knn,tuned,"{'w': 50, 'k': 5}",0.02068,0.02303,0.73064,0.05964,0.45,1.48,0.0,4798,1,0.01063,ok
ucr,107_UCR_Anomaly_NOISEinsectEPG3_5200_7000_7050,NOISEinsectEPG3,,ae,default,,0.00558,0.0091,0.6872,0.0,2.01,,24.0,4798,1,0.01063,ok
ucr,107_UCR_Anomaly_NOISEinsectEPG3_5200_7000_7050,NOISEinsectEPG3,,ae,tuned,"{'w': 50, 'hidden': 32, 'latent': 16}",0.00856,0.0111,0.68812,0.0,4.84,12.5,0.0,4798,1,0.01063,ok
ucr,109_UCR_Anomaly_1sddb40_35000_52000_52620,1sddb40,,iforest,default,,0.36646,0.25187,0.99787,0.53632,3.84,,17.0,44795,1,0.01386,ok
ucr,109_UCR_Anomaly_1sddb40_35000_52000_52620,1sddb40,,iforest,tuned,"{'w': 200, 'n_estimators': 100}",0.30804,0.3084,0.7575,0.55058,5.51,11.94,0.0,44795,1,0.01386,ok
ucr,109_UCR_Anomaly_1sddb40_35000_52000_52620,1sddb40,,lof,default,,0.03998,0.04241,0.63766,0.10594,2.97,,17.0,44795,1,0.01386,ok
ucr,109_UCR_Anomaly_1sddb40_35000_52000_52620,1sddb40,,lof,tuned,"{'w': 200, 'k': 50}",0.0383,0.04141,0.6281,0.11664,3.89,7.81,0.0,44795,1,0.01386,ok
ucr,109_UCR_Anomaly_1sddb40_35000_52000_52620,1sddb40,,knn,default,,0.44904,0.35345,0.99787,0.62054,2.02,,17.0,44795,1,0.01386,ok
ucr,109_UCR_Anomaly_1sddb40_35000_52000_52620,1sddb40,,knn,tuned,"{'w': 200, 'k': 5}",0.67578,0.55816,0.99678,0.74954,2.78,5.39,0.0,44795,1,0.01386,ok
ucr,109_UCR_Anomaly_1sddb40_35000_52000_52620,1sddb40,,ae,default,,0.03716,0.04295,0.64642,0.11723,14.03,,43.0,44795,1,0.01386,ok
ucr,109_UCR_Anomaly_1sddb40_35000_52000_52620,1sddb40,,ae,tuned,"{'w': 200, 'hidden': 32, 'latent': 8}",0.72336,0.61842,0.9993,0.77028,12.77,68.71,0.0,44795,1,0.01386,ok
ucr,111_UCR_Anomaly_3sddb40_35000_46600_46900,3sddb40,,iforest,default,,0.01171,0.01472,0.62667,0.01812,3.62,,17.0,45000,1,0.00669,ok
ucr,111_UCR_Anomaly_3sddb40_35000_46600_46900,3sddb40,,iforest,tuned,"{'w': 200, 'n_estimators': 100}",0.01866,0.02336,0.6111,0.05711,5.52,11.98,0.0,45000,1,0.00669,ok
ucr,111_UCR_Anomaly_3sddb40_35000_46600_46900,3sddb40,,lof,default,,0.02864,0.02963,0.63055,0.07863,2.96,,17.0,45000,1,0.00669,ok
ucr,111_UCR_Anomaly_3sddb40_35000_46600_46900,3sddb40,,lof,tuned,"{'w': 200, 'k': 50}",0.01246,0.01621,0.61706,0.04055,3.2,7.89,0.0,45000,1,0.00669,ok
ucr,111_UCR_Anomaly_3sddb40_35000_46600_46900,3sddb40,,knn,default,,0.03019,0.03321,0.60585,0.08839,2.0,,17.0,45000,1,0.00669,ok
ucr,111_UCR_Anomaly_3sddb40_35000_46600_46900,3sddb40,,knn,tuned,"{'w': 200, 'k': 5}",0.01637,0.0197,0.61503,0.05301,2.78,5.36,0.0,45000,1,0.00669,ok
ucr,111_UCR_Anomaly_3sddb40_35000_46600_46900,3sddb40,,ae,default,,0.0314,0.04044,0.65174,0.10395,14.28,,43.0,45000,1,0.00669,ok
ucr,111_UCR_Anomaly_3sddb40_35000_46600_46900,3sddb40,,ae,tuned,"{'w': 200, 'hidden': 32, 'latent': 8}",0.01886,0.02638,0.64218,0.06574,12.73,68.22,0.0,45000,1,0.00669,ok
ucr,113_UCR_Anomaly_CIMIS44AirTemperature1_4000_5391_5392,CIMIS44AirTemperature1,,iforest,default,,0.00069,0.00138,0.81417,0.0,1.33,,17.0,4184,1,0.00048,ok
ucr,113_UCR_Anomaly_CIMIS44AirTemperature1_4000_5391_5392,CIMIS44AirTemperature1,,iforest,tuned,"{'w': 50, 'n_estimators': 100}",0.00073,0.00141,0.81716,0.0,0.9,6.39,0.0,4184,1,0.00048,ok
ucr,113_UCR_Anomaly_CIMIS44AirTemperature1_4000_5391_5392,CIMIS44AirTemperature1,,lof,default,,0.0013,0.00311,0.81737,0.00343,0.26,,17.0,4184,1,0.00048,ok
ucr,113_UCR_Anomaly_CIMIS44AirTemperature1_4000_5391_5392,CIMIS44AirTemperature1,,lof,tuned,"{'w': 50, 'k': 50}",0.00324,0.00523,0.8156,0.00816,0.51,1.85,0.0,4184,1,0.00048,ok
ucr,113_UCR_Anomaly_CIMIS44AirTemperature1_4000_5391_5392,CIMIS44AirTemperature1,,knn,default,,0.00261,0.00609,0.83487,0.00671,0.09,,17.0,4184,1,0.00048,ok
ucr,113_UCR_Anomaly_CIMIS44AirTemperature1_4000_5391_5392,CIMIS44AirTemperature1,,knn,tuned,"{'w': 50, 'k': 5}",0.00391,0.00617,0.81461,0.00985,0.35,1.51,0.0,4184,1,0.00048,ok
ucr,113_UCR_Anomaly_CIMIS44AirTemperature1_4000_5391_5392,CIMIS44AirTemperature1,,ae,default,,0.08497,0.15438,0.99697,0.15385,1.76,,23.9,4184,1,0.00048,ok
ucr,113_UCR_Anomaly_CIMIS44AirTemperature1_4000_5391_5392,CIMIS44AirTemperature1,,ae,tuned,"{'w': 100, 'hidden': 32, 'latent': 8}",0.01607,0.03737,0.91309,0.03636,1.95,10.57,0.0,4184,1,0.00048,ok
ucr,115_UCR_Anomaly_CIMIS44AirTemperature3_4000_6520_6544,CIMIS44AirTemperature3,,iforest,default,,0.0058,0.00925,0.63449,0.0,1.36,,17.0,4184,1,0.00598,ok
ucr,115_UCR_Anomaly_CIMIS44AirTemperature3_4000_6520_6544,CIMIS44AirTemperature3,,iforest,tuned,"{'w': 50, 'n_estimators': 100}",0.00881,0.01168,0.62574,0.00558,0.95,6.33,0.0,4184,1,0.00598,ok
ucr,115_UCR_Anomaly_CIMIS44AirTemperature3_4000_6520_6544,CIMIS44AirTemperature3,,lof,default,,0.04184,0.06044,0.72414,0.1292,0.2,,17.0,4184,1,0.00598,ok
ucr,115_UCR_Anomaly_CIMIS44AirTemperature3_4000_6520_6544,CIMIS44AirTemperature3,,lof,tuned,"{'w': 50, 'k': 50}",0.98974,0.8916,0.9988,0.98404,0.52,1.79,0.0,4184,1,0.00598,ok
ucr,115_UCR_Anomaly_CIMIS44AirTemperature3_4000_6520_6544,CIMIS44AirTemperature3,,knn,default,,0.25607,0.26665,0.72475,0.44248,0.09,,17.0,4184,1,0.00598,ok
ucr,115_UCR_Anomaly_CIMIS44AirTemperature3_4000_6520_6544,CIMIS44AirTemperature3,,knn,tuned,"{'w': 50, 'k': 5}",0.98395,0.87989,0.9988,0.96739,0.38,1.37,0.0,4184,1,0.00598,ok
ucr,115_UCR_Anomaly_CIMIS44AirTemperature3_4000_6520_6544,CIMIS44AirTemperature3,,ae,default,,1.0,0.89187,0.99883,1.0,1.79,,23.9,4184,1,0.00598,ok
ucr,115_UCR_Anomaly_CIMIS44AirTemperature3_4000_6520_6544,CIMIS44AirTemperature3,,ae,tuned,"{'w': 100, 'hidden': 32, 'latent': 8}",0.99846,0.89907,0.99883,1.0,2.41,10.45,0.0,4184,1,0.00598,ok
ucr,117_UCR_Anomaly_CIMIS44AirTemperature5_4000_4852_4900,CIMIS44AirTemperature5,,iforest,default,,0.08067,0.12902,0.97614,0.17235,1.33,,17.0,4184,1,0.01171,ok
ucr,117_UCR_Anomaly_CIMIS44AirTemperature5_4000_4852_4900,CIMIS44AirTemperature5,,iforest,tuned,"{'w': 50, 'n_estimators': 100}",0.06641,0.1002,0.96819,0.14747,0.97,6.5,0.0,4184,1,0.01171,ok
ucr,117_UCR_Anomaly_CIMIS44AirTemperature5_4000_4852_4900,CIMIS44AirTemperature5,,lof,default,,0.24964,0.36593,0.98892,0.47059,0.18,,17.0,4184,1,0.01171,ok
ucr,117_UCR_Anomaly_CIMIS44AirTemperature5_4000_4852_4900,CIMIS44AirTemperature5,,lof,tuned,"{'w': 50, 'k': 50}",0.93465,0.84624,0.99927,0.93427,0.53,1.8,0.0,4184,1,0.01171,ok
ucr,117_UCR_Anomaly_CIMIS44AirTemperature5_4000_4852_4900,CIMIS44AirTemperature5,,knn,default,,0.57664,0.67156,0.99504,0.7352,0.09,,17.0,4184,1,0.01171,ok
ucr,117_UCR_Anomaly_CIMIS44AirTemperature5_4000_4852_4900,CIMIS44AirTemperature5,,knn,tuned,"{'w': 50, 'k': 5}",0.90699,0.85515,0.99853,0.92145,0.37,1.37,0.0,4184,1,0.01171,ok
ucr,117_UCR_Anomaly_CIMIS44AirTemperature5_4000_4852_4900,CIMIS44AirTemperature5,,ae,default,,0.98492,0.94572,0.99975,0.98864,1.75,,23.9,4184,1,0.01171,ok
ucr,117_UCR_Anomaly_CIMIS44AirTemperature5_4000_4852_4900,CIMIS44AirTemperature5,,ae,tuned,"{'w': 100, 'hidden': 32, 'latent': 8}",0.9408,0.91211,0.99903,0.93944,2.02,10.4,0.0,4184,1,0.01171,ok
ucr,119_UCR_Anomaly_ECG1_10000_11800_12100,ECG1,,iforest,default,,0.55891,0.4004,0.9963,0.7128,2.19,,17.0,20000,1,0.01505,ok
ucr,119_UCR_Anomaly_ECG1_10000_11800_12100,ECG1,,iforest,tuned,"{'w': 100, 'n_estimators': 100}",0.54615,0.38524,0.9963,0.70828,2.22,7.96,0.0,20000,1,0.01505,ok
ucr,119_UCR_Anomaly_ECG1_10000_11800_12100,ECG1,,lof,default,,0.55592,0.43682,0.99626,0.69754,0.68,,17.0,20000,1,0.01505,ok
ucr,119_UCR_Anomaly_ECG1_10000_11800_12100,ECG1,,lof,tuned,"{'w': 100, 'k': 30}",0.60697,0.46429,0.99626,0.72995,1.44,2.87,0.0,20000,1,0.01505,ok
ucr,119_UCR_Anomaly_ECG1_10000_11800_12100,ECG1,,knn,default,,0.7373,0.57096,0.99633,0.84385,0.49,,17.0,20000,1,0.01505,ok
ucr,119_UCR_Anomaly_ECG1_10000_11800_12100,ECG1,,knn,tuned,"{'w': 100, 'k': 3}",0.79917,0.6214,0.99633,0.87584,1.28,2.0,0.0,20000,1,0.01505,ok
ucr,119_UCR_Anomaly_ECG1_10000_11800_12100,ECG1,,ae,default,,0.73819,0.56834,0.99633,0.84305,4.57,,30.7,20000,1,0.01505,ok
ucr,119_UCR_Anomaly_ECG1_10000_11800_12100,ECG1,,ae,tuned,"{'w': 100, 'hidden': 32, 'latent': 8}",0.69743,0.54881,0.99629,0.83739,5.24,22.77,0.0,20000,1,0.01505,ok
ucr,121_UCR_Anomaly_ECG3_15000_16000_16100,ECG3,,iforest,default,,0.00341,0.00693,0.86447,0.0,1.94,,17.0,15000,1,0.00673,ok
ucr,121_UCR_Anomaly_ECG3_15000_16000_16100,ECG3,,iforest,tuned,"{'w': 100, 'n_estimators': 100}",0.00341,0.00681,0.86447,0.0,1.93,8.98,0.0,15000,1,0.00673,ok
ucr,121_UCR_Anomaly_ECG3_15000_16000_16100,ECG3,,lof,default,,0.91019,0.80809,0.99861,0.89803,0.81,,17.0,15000,1,0.00673,ok
ucr,121_UCR_Anomaly_ECG3_15000_16000_16100,ECG3,,lof,tuned,"{'w': 100, 'k': 30}",0.91019,0.82214,0.99861,0.89803,1.26,4.62,0.0,15000,1,0.00673,ok
ucr,121_UCR_Anomaly_ECG3_15000_16000_16100,ECG3,,knn,default,,0.58716,0.37288,0.99811,0.66675,0.46,,17.0,15000,1,0.00673,ok
ucr,121_UCR_Anomaly_ECG3_15000_16000_16100,ECG3,,knn,tuned,"{'w': 100, 'k': 3}",0.68001,0.44132,0.99811,0.73841,1.06,2.65,0.0,15000,1,0.00673,ok
ucr,121_UCR_Anomaly_ECG3_15000_16000_16100,ECG3,,ae,default,,0.45204,0.32103,0.99814,0.64596,5.76,,29.5,15000,1,0.00673,ok
ucr,121_UCR_Anomaly_ECG3_15000_16000_16100,ECG3,,ae,tuned,"{'w': 100, 'hidden': 64, 'latent': 8}",0.16892,0.18228,0.71667,0.35974,6.99,33.87,0.0,15000,1,0.00673,ok
ucr,123_UCR_Anomaly_ECG4_5000_16800_17100,ECG4,,iforest,default,,0.0143,0.01586,0.85539,0.03742,12.11,,17.0,195000,1,0.00154,ok
ucr,123_UCR_Anomaly_ECG4_5000_16800_17100,ECG4,,iforest,tuned,"{'w': 50, 'n_estimators': 200}",0.01112,0.01145,0.85207,0.02738,15.77,6.52,0.0,195000,1,0.00154,ok
ucr,123_UCR_Anomaly_ECG4_5000_16800_17100,ECG4,,lof,default,,0.62108,0.22665,0.99971,0.60084,4.51,,17.0,195000,1,0.00154,ok
ucr,123_UCR_Anomaly_ECG4_5000_16800_17100,ECG4,,lof,tuned,"{'w': 50, 'k': 50}",0.49151,0.16027,0.9997,0.52345,14.62,1.64,0.0,195000,1,0.00154,ok
ucr,123_UCR_Anomaly_ECG4_5000_16800_17100,ECG4,,knn,default,,0.47441,0.22702,0.99947,0.41471,3.84,,17.0,195000,1,0.00154,ok
ucr,123_UCR_Anomaly_ECG4_5000_16800_17100,ECG4,,knn,tuned,"{'w': 50, 'k': 5}",0.40047,0.1321,0.99963,0.50195,13.55,1.35,0.0,195000,1,0.00154,ok
ucr,123_UCR_Anomaly_ECG4_5000_16800_17100,ECG4,,ae,default,,0.34128,0.19695,0.9991,0.34067,13.13,,99.8,195000,1,0.00154,ok
ucr,123_UCR_Anomaly_ECG4_5000_16800_17100,ECG4,,ae,tuned,"{'w': 50, 'hidden': 32, 'latent': 16}",0.22727,0.10619,0.9994,0.25504,17.71,12.02,0.0,195000,1,0.00154,ok
ucr,125_UCR_Anomaly_ECG4_5000_17000_17100,ECG4,,iforest,default,,0.00577,0.00625,0.80098,0.00666,2.42,,17.0,25000,1,0.00404,ok
ucr,125_UCR_Anomaly_ECG4_5000_17000_17100,ECG4,,iforest,tuned,"{'w': 50, 'n_estimators': 100}",0.00642,0.00665,0.68308,0.01148,2.3,6.78,0.0,25000,1,0.00404,ok
ucr,125_UCR_Anomaly_ECG4_5000_17000_17100,ECG4,,lof,default,,0.89739,0.75152,0.99899,0.86765,0.68,,17.0,25000,1,0.00404,ok
ucr,125_UCR_Anomaly_ECG4_5000_17000_17100,ECG4,,lof,tuned,"{'w': 50, 'k': 30}",0.89794,0.57843,0.99898,0.83952,1.89,1.72,0.0,25000,1,0.00404,ok
ucr,125_UCR_Anomaly_ECG4_5000_17000_17100,ECG4,,knn,default,,0.91705,0.76098,0.99903,0.875,0.48,,17.0,25000,1,0.00404,ok
ucr,125_UCR_Anomaly_ECG4_5000_17000_17100,ECG4,,knn,tuned,"{'w': 50, 'k': 3}",0.87385,0.49377,0.999,0.80656,1.66,1.31,0.0,25000,1,0.00404,ok
ucr,125_UCR_Anomaly_ECG4_5000_17000_17100,ECG4,,ae,default,,0.89195,0.71024,0.999,0.85515,3.22,,31.7,25000,1,0.00404,ok
ucr,125_UCR_Anomaly_ECG4_5000_17000_17100,ECG4,,ae,tuned,"{'w': 50, 'hidden': 64, 'latent': 8}",0.72393,0.42489,0.99898,0.6679,6.2,11.87,0.0,25000,1,0.00404,ok
ucr,127_UCR_Anomaly_GP711MarkerLFM5z1_5000_6168_6212,GP711MarkerLFM5z1,,iforest,default,,0.00582,0.00881,0.69203,0.00024,1.63,,17.0,7000,1,0.00643,ok
ucr,127_UCR_Anomaly_GP711MarkerLFM5z1_5000_6168_6212,GP711MarkerLFM5z1,,iforest,tuned,"{'w': 50, 'n_estimators': 100}",0.0053,0.00778,0.67095,0.0,1.15,6.66,0.0,7000,1,0.00643,ok
ucr,127_UCR_Anomaly_GP711MarkerLFM5z1_5000_6168_6212,GP711MarkerLFM5z1,,lof,default,,0.97263,0.88691,0.99875,0.90963,0.25,,17.0,7000,1,0.00643,ok
ucr,127_UCR_Anomaly_GP711MarkerLFM5z1_5000_6168_6212,GP711MarkerLFM5z1,,lof,tuned,"{'w': 50, 'k': 30}",0.99714,0.88126,0.99889,1.0,0.68,1.63,0.0,7000,1,0.00643,ok
ucr,127_UCR_Anomaly_GP711MarkerLFM5z1_5000_6168_6212,GP711MarkerLFM5z1,,knn,default,,0.52943,0.5498,0.99732,0.69146,0.14,,17.0,7000,1,0.00643,ok
ucr,127_UCR_Anomaly_GP711MarkerLFM5z1_5000_6168_6212,GP711MarkerLFM5z1,,knn,tuned,"{'w': 50, 'k': 3}",0.42351,0.36159,0.9978,0.50111,0.57,1.34,0.0,7000,1,0.00643,ok
ucr,127_UCR_Anomaly_GP711MarkerLFM5z1_5000_6168_6212,GP711MarkerLFM5z1,,ae,default,,0.29849,0.42967,0.99471,0.54305,2.05,,24.5,7000,1,0.00643,ok
ucr,127_UCR_Anomaly_GP711MarkerLFM5z1_5000_6168_6212,GP711MarkerLFM5z1,,ae,tuned,"{'w': 100, 'hidden': 64, 'latent': 8}",0.2896,0.42292,0.99515,0.51351,2.42,11.7,0.0,7000,1,0.00643,ok
ucr,129_UCR_Anomaly_GP711MarkerLFM5z3_5000_5948_5993,GP711MarkerLFM5z3,,iforest,default,,0.66687,0.55936,0.99818,0.72549,1.59,,17.0,7000,1,0.00657,ok
ucr,129_UCR_Anomaly_GP711MarkerLFM5z3_5000_5948_5993,GP711MarkerLFM5z3,,iforest,tuned,"{'w': 50, 'n_estimators': 100}",0.11561,0.14083,0.70776,0.25701,1.16,6.51,0.0,7000,1,0.00657,ok
ucr,129_UCR_Anomaly_GP711MarkerLFM5z3_5000_5948_5993,GP711MarkerLFM5z3,,lof,default,,0.90539,0.83794,0.9986,0.89798,0.25,,17.0,7000,1,0.00657,ok
ucr,129_UCR_Anomaly_GP711MarkerLFM5z3_5000_5948_5993,GP711MarkerLFM5z3,,lof,tuned,"{'w': 50, 'k': 30}",0.99726,0.91277,0.99893,1.0,0.69,1.65,0.0,7000,1,0.00657,ok
ucr,129_UCR_Anomaly_GP711MarkerLFM5z3_5000_5948_5993,GP711MarkerLFM5z3,,knn,default,,0.98637,0.9149,0.99884,1.0,0.14,,17.0,7000,1,0.00657,ok
ucr,129_UCR_Anomaly_GP711MarkerLFM5z3_5000_5948_5993,GP711MarkerLFM5z3,,knn,tuned,"{'w': 50, 'k': 3}",0.90487,0.86335,0.99869,0.88294,0.57,1.29,0.0,7000,1,0.00657,ok
ucr,129_UCR_Anomaly_GP711MarkerLFM5z3_5000_5948_5993,GP711MarkerLFM5z3,,ae,default,,0.92826,0.84832,0.99838,0.90785,2.2,,24.5,7000,1,0.00657,ok
ucr,129_UCR_Anomaly_GP711MarkerLFM5z3_5000_5948_5993,GP711MarkerLFM5z3,,ae,tuned,"{'w': 100, 'hidden': 64, 'latent': 8}",0.83459,0.79826,0.99843,0.85799,2.42,12.25,0.0,7000,1,0.00657,ok
ucr,131_UCR_Anomaly_GP711MarkerLFM5z5_5000_8612_8716,GP711MarkerLFM5z5,,iforest,default,,0.99374,0.94477,0.99963,0.9881,1.48,,17.0,7000,1,0.015,ok
ucr,131_UCR_Anomaly_GP711MarkerLFM5z5_5000_8612_8716,GP711MarkerLFM5z5,,iforest,tuned,"{'w': 50, 'n_estimators': 100}",0.33955,0.23827,0.99576,0.52475,1.14,6.88,0.0,7000,1,0.015,ok
ucr,131_UCR_Anomaly_GP711MarkerLFM5z5_5000_8612_8716,GP711MarkerLFM5z5,,lof,default,,0.55791,0.77837,0.99562,0.79878,0.25,,17.0,7000,1,0.015,ok
ucr,131_UCR_Anomaly_GP711MarkerLFM5z5_5000_8612_8716,GP711MarkerLFM5z5,,lof,tuned,"{'w': 50, 'k': 30}",0.33161,0.50579,0.99329,0.57489,0.68,1.67,0.0,7000,1,0.015,ok
ucr,131_UCR_Anomaly_GP711MarkerLFM5z5_5000_8612_8716,GP711MarkerLFM5z5,,knn,default,,0.68134,0.83757,0.99617,0.84129,0.14,,17.0,7000,1,0.015,ok
ucr,131_UCR_Anomaly_GP711MarkerLFM5z5_5000_8612_8716,GP711MarkerLFM5z5,,knn,tuned,"{'w': 50, 'k': 3}",0.40229,0.60072,0.99327,0.6649,0.57,1.32,0.0,7000,1,0.015,ok
ucr,131_UCR_Anomaly_GP711MarkerLFM5z5_5000_8612_8716,GP711MarkerLFM5z5,,ae,default,,0.6255,0.83215,0.99641,0.82985,2.01,,24.5,7000,1,0.015,ok
ucr,131_UCR_Anomaly_GP711MarkerLFM5z5_5000_8612_8716,GP711MarkerLFM5z5,,ae,tuned,"{'w': 100, 'hidden': 64, 'latent': 8}",0.65114,0.82165,0.99591,0.81652,2.28,11.69,0.0,7000,1,0.015,ok
ucr,133_UCR_Anomaly_InternalBleeding14_2800_5607_5634,InternalBleeding14,,iforest,default,,0.95524,0.78908,0.99876,0.97115,1.37,,17.0,4701,1,0.00596,ok
ucr,133_UCR_Anomaly_InternalBleeding14_2800_5607_5634,InternalBleeding14,,iforest,tuned,"{'w': 50, 'n_estimators': 200}",0.05922,0.07067,0.69134,0.14751,1.61,6.29,0.0,4701,1,0.00596,ok
ucr,133_UCR_Anomaly_InternalBleeding14_2800_5607_5634,InternalBleeding14,,lof,default,,0.95294,0.86489,0.9989,0.92647,0.17,,17.0,4701,1,0.00596,ok
ucr,133_UCR_Anomaly_InternalBleeding14_2800_5607_5634,InternalBleeding14,,lof,tuned,"{'w': 50, 'k': 50}",0.33032,0.49946,0.99562,0.54902,0.57,1.43,0.0,4701,1,0.00596,ok
ucr,133_UCR_Anomaly_InternalBleeding14_2800_5607_5634,InternalBleeding14,,knn,default,,0.94563,0.87329,0.99871,0.92647,0.09,,17.0,4701,1,0.00596,ok
ucr,133_UCR_Anomaly_InternalBleeding14_2800_5607_5634,InternalBleeding14,,knn,tuned,"{'w': 50, 'k': 3}",0.92822,0.85277,0.99858,0.87847,0.4,1.24,0.0,4701,1,0.00596,ok
ucr,133_UCR_Anomaly_InternalBleeding14_2800_5607_5634,InternalBleeding14,,ae,default,,0.83277,0.78013,0.99858,0.84253,1.31,,23.8,4701,1,0.00596,ok
ucr,133_UCR_Anomaly_InternalBleeding14_2800_5607_5634,InternalBleeding14,,ae,tuned,"{'w': 200, 'hidden': 32, 'latent': 16}",0.82668,0.72986,0.99849,0.83837,1.55,7.35,0.0,4701,1,0.00596,ok
ucr,135_UCR_Anomaly_InternalBleeding16_1200_4187_4199,InternalBleeding16,,iforest,default,,0.00839,0.01137,0.66582,0.0268,1.59,,17.0,6301,1,0.00206,ok
ucr,135_UCR_Anomaly_InternalBleeding16_1200_4187_4199,InternalBleeding16,,lof,default,,0.01135,0.0155,0.68252,0.02592,0.19,,17.0,6301,1,0.00206,ok
ucr,135_UCR_Anomaly_InternalBleeding16_1200_4187_4199,InternalBleeding16,,knn,default,,0.05987,0.08172,0.68241,0.14689,0.14,,17.0,6301,1,0.00206,ok
ucr,135_UCR_Anomaly_InternalBleeding16_1200_4187_4199,InternalBleeding16,,ae,default,,0.01693,0.03088,0.73579,0.05628,0.9,,23.9,6301,1,0.00206,ok
ucr,137_UCR_Anomaly_InternalBleeding18_2300_4485_4587,InternalBleeding18,,iforest,default,,0.02785,0.03165,0.65681,0.03072,1.32,,17.0,5200,1,0.01981,ok
ucr,137_UCR_Anomaly_InternalBleeding18_2300_4485_4587,InternalBleeding18,,lof,default,,0.01257,0.02712,0.67974,0.0028,0.22,,17.0,5200,1,0.01981,ok
ucr,137_UCR_Anomaly_InternalBleeding18_2300_4485_4587,InternalBleeding18,,knn,default,,0.41292,0.33773,0.72274,0.66597,0.1,,17.0,5200,1,0.01981,ok
ucr,137_UCR_Anomaly_InternalBleeding18_2300_4485_4587,InternalBleeding18,,ae,default,,0.03378,0.03596,0.67277,0.07182,1.17,,23.8,5200,1,0.01981,ok
ucr,139_UCR_Anomaly_InternalBleeding20_2700_5759_5919,InternalBleeding20,,iforest,default,,0.12216,0.11741,0.72505,0.24848,1.35,,17.0,4800,1,0.03354,ok
ucr,139_UCR_Anomaly_InternalBleeding20_2700_5759_5919,InternalBleeding20,,iforest,tuned,"{'w': 50, 'n_estimators': 200}",0.0582,0.06807,0.68328,0.11,1.59,6.58,0.0,4800,1,0.03354,ok
ucr,139_UCR_Anomaly_InternalBleeding20_2700_5759_5919,InternalBleeding20,,lof,default,,0.77754,0.73195,0.99341,0.8949,0.16,,17.0,4800,1,0.03354,ok
ucr,139_UCR_Anomaly_InternalBleeding20_2700_5759_5919,InternalBleeding20,,lof,tuned,"{'w': 100, 'k': 50}",0.77754,0.73195,0.99341,0.8949,0.46,1.41,0.0,4800,1,0.03354,ok
ucr,139_UCR_Anomaly_InternalBleeding20_2700_5759_5919,InternalBleeding20,,knn,default,,0.99833,0.88253,0.99951,0.99915,0.1,,17.0,4800,1,0.03354,ok
ucr,139_UCR_Anomaly_InternalBleeding20_2700_5759_5919,InternalBleeding20,,knn,tuned,"{'w': 50, 'k': 3}",0.9169,0.70402,0.99945,0.9957,0.38,1.15,0.0,4800,1,0.03354,ok
ucr,139_UCR_Anomaly_InternalBleeding20_2700_5759_5919,InternalBleeding20,,ae,default,,0.9743,0.73141,0.99953,0.99394,1.34,,23.7,4800,1,0.03354,ok
ucr,139_UCR_Anomaly_InternalBleeding20_2700_5759_5919,InternalBleeding20,,ae,tuned,"{'w': 50, 'hidden': 64, 'latent': 8}",0.70531,0.51403,0.99802,0.82305,2.82,7.18,0.0,4800,1,0.03354,ok
ucr,141_UCR_Anomaly_InternalBleeding5_4000_6200_6370,InternalBleeding5,,iforest,default,,0.63514,0.49658,0.99185,0.78972,1.29,,17.0,3415,1,0.05007,ok
ucr,141_UCR_Anomaly_InternalBleeding5_4000_6200_6370,InternalBleeding5,,iforest,tuned,"{'w': 50, 'n_estimators': 200}",0.09749,0.10525,0.75485,0.14196,1.54,6.36,0.0,3415,1,0.05007,ok
ucr,141_UCR_Anomaly_InternalBleeding5_4000_6200_6370,InternalBleeding5,,lof,default,,0.74047,0.72143,0.99462,0.83616,0.16,,17.0,3415,1,0.05007,ok
ucr,141_UCR_Anomaly_InternalBleeding5_4000_6200_6370,InternalBleeding5,,lof,tuned,"{'w': 50, 'k': 50}",0.68147,0.61425,0.99379,0.83107,0.44,1.77,0.0,3415,1,0.05007,ok
ucr,141_UCR_Anomaly_InternalBleeding5_4000_6200_6370,InternalBleeding5,,knn,default,,0.78922,0.7257,0.99087,0.93465,0.07,,17.0,3415,1,0.05007,ok
ucr,141_UCR_Anomaly_InternalBleeding5_4000_6200_6370,InternalBleeding5,,knn,tuned,"{'w': 50, 'k': 5}",0.61477,0.54425,0.98992,0.72422,0.35,1.52,0.0,3415,1,0.05007,ok
ucr,141_UCR_Anomaly_InternalBleeding5_4000_6200_6370,InternalBleeding5,,ae,default,,0.70559,0.69347,0.9875,0.83657,1.71,,22.4,3415,1,0.05007,ok
ucr,141_UCR_Anomaly_InternalBleeding5_4000_6200_6370,InternalBleeding5,,ae,tuned,"{'w': 100, 'hidden': 32, 'latent': 8}",0.73709,0.68366,0.98948,0.83183,1.95,10.26,0.0,3415,1,0.05007,ok
ucr,143_UCR_Anomaly_InternalBleeding8_2500_5865_5974,InternalBleeding8,,iforest,default,,0.02012,0.03716,0.79019,0.01906,1.34,,17.0,5001,1,0.022,ok
ucr,143_UCR_Anomaly_InternalBleeding8_2500_5865_5974,InternalBleeding8,,lof,default,,0.04155,0.04557,0.71896,0.08776,0.15,,17.0,5001,1,0.022,ok
ucr,143_UCR_Anomaly_InternalBleeding8_2500_5865_5974,InternalBleeding8,,knn,default,,0.29726,0.45541,0.98647,0.50623,0.09,,17.0,5001,1,0.022,ok
ucr,143_UCR_Anomaly_InternalBleeding8_2500_5865_5974,InternalBleeding8,,ae,default,,0.01293,0.02505,0.67982,0.00176,1.12,,23.8,5001,1,0.022,ok
ucr,145_UCR_Anomaly_Lab2Cmac011215EPG1_5000_17210_17260,Lab2Cmac011215EPG1,,iforest,default,,1.0,0.38824,0.99972,0.76842,2.67,,17.0,25001,1,0.00204,ok
ucr,145_UCR_Anomaly_Lab2Cmac011215EPG1_5000_17210_17260,Lab2Cmac011215EPG1,,iforest,tuned,"{'w': 50, 'n_estimators': 100}",1.0,0.49108,0.99971,0.76842,2.34,6.65,0.0,25001,1,0.00204,ok
ucr,145_UCR_Anomaly_Lab2Cmac011215EPG1_5000_17210_17260,Lab2Cmac011215EPG1,,lof,default,,0.99259,0.4673,0.99972,0.76702,0.68,,17.0,25001,1,0.00204,ok
ucr,145_UCR_Anomaly_Lab2Cmac011215EPG1_5000_17210_17260,Lab2Cmac011215EPG1,,lof,tuned,"{'w': 50, 'k': 30}",0.99962,0.51199,0.99971,0.76842,1.94,1.75,0.0,25001,1,0.00204,ok
ucr,145_UCR_Anomaly_Lab2Cmac011215EPG1_5000_17210_17260,Lab2Cmac011215EPG1,,knn,default,,0.99316,0.46614,0.99972,0.76702,0.49,,17.0,25001,1,0.00204,ok
ucr,145_UCR_Anomaly_Lab2Cmac011215EPG1_5000_17210_17260,Lab2Cmac011215EPG1,,knn,tuned,"{'w': 50, 'k': 3}",0.99888,0.51366,0.9997,0.76842,1.75,1.35,0.0,25001,1,0.00204,ok
ucr,145_UCR_Anomaly_Lab2Cmac011215EPG1_5000_17210_17260,Lab2Cmac011215EPG1,,ae,default,,0.97035,0.52811,0.99968,0.76842,3.16,,31.7,25001,1,0.00204,ok
ucr,145_UCR_Anomaly_Lab2Cmac011215EPG1_5000_17210_17260,Lab2Cmac011215EPG1,,ae,tuned,"{'w': 50, 'hidden': 64, 'latent': 8}",0.98522,0.5127,0.99968,0.76842,6.48,12.45,0.0,25001,1,0.00204,ok
ucr,147_UCR_Anomaly_Lab2Cmac011215EPG3_5000_16390_16420,Lab2Cmac011215EPG3,,iforest,default,,0.96945,0.25018,0.99989,0.68235,2.69,,17.0,24950,1,0.00124,ok
ucr,147_UCR_Anomaly_Lab2Cmac011215EPG3_5000_16390_16420,Lab2Cmac011215EPG3,,iforest,tuned,"{'w': 50, 'n_estimators': 100}",1.0,0.29269,0.99989,0.68235,2.38,6.89,0.0,24950,1,0.00124,ok
ucr,147_UCR_Anomaly_Lab2Cmac011215EPG3_5000_16390_16420,Lab2Cmac011215EPG3,,lof,default,,0.75811,0.34335,0.9996,0.62129,0.66,,17.0,24950,1,0.00124,ok
ucr,147_UCR_Anomaly_Lab2Cmac011215EPG3_5000_16390_16420,Lab2Cmac011215EPG3,,lof,tuned,"{'w': 50, 'k': 30}",0.97187,0.33987,0.99988,0.68235,1.93,1.69,0.0,24950,1,0.00124,ok
ucr,147_UCR_Anomaly_Lab2Cmac011215EPG3_5000_16390_16420,Lab2Cmac011215EPG3,,knn,default,,0.19175,0.25773,0.76145,0.36257,0.49,,17.0,24950,1,0.00124,ok
ucr,147_UCR_Anomaly_Lab2Cmac011215EPG3_5000_16390_16420,Lab2Cmac011215EPG3,,knn,tuned,"{'w': 50, 'k': 3}",0.97847,0.31102,0.99986,0.68235,1.76,1.34,0.0,24950,1,0.00124,ok
ucr,147_UCR_Anomaly_Lab2Cmac011215EPG3_5000_16390_16420,Lab2Cmac011215EPG3,,ae,default,,0.79684,0.3321,0.99964,0.64069,3.1,,31.7,24950,1,0.00124,ok
ucr,147_UCR_Anomaly_Lab2Cmac011215EPG3_5000_16390_16420,Lab2Cmac011215EPG3,,ae,tuned,"{'w': 50, 'hidden': 64, 'latent': 8}",0.95503,0.32337,0.99985,0.68235,5.73,11.96,0.0,24950,1,0.00124,ok
ucr,149_UCR_Anomaly_Lab2Cmac011215EPG5_7000_17390_17520,Lab2Cmac011215EPG5,,iforest,default,,0.64301,0.48472,0.99837,0.66216,2.55,,17.0,22826,1,0.00574,ok
ucr,149_UCR_Anomaly_Lab2Cmac011215EPG5_7000_17390_17520,Lab2Cmac011215EPG5,,iforest,tuned,"{'w': 50, 'n_estimators': 100}",0.54182,0.30214,0.99846,0.60533,2.32,7.18,0.0,22826,1,0.00574,ok
ucr,149_UCR_Anomaly_Lab2Cmac011215EPG5_7000_17390_17520,Lab2Cmac011215EPG5,,lof,default,,0.69362,0.40588,0.99866,0.6864,0.74,,17.0,22826,1,0.00574,ok
ucr,149_UCR_Anomaly_Lab2Cmac011215EPG5_7000_17390_17520,Lab2Cmac011215EPG5,,lof,tuned,"{'w': 50, 'k': 30}",0.55964,0.29918,0.9985,0.61352,1.98,2.15,0.0,22826,1,0.00574,ok
ucr,149_UCR_Anomaly_Lab2Cmac011215EPG5_7000_17390_17520,Lab2Cmac011215EPG5,,knn,default,,0.59516,0.3265,0.99866,0.64533,0.5,,17.0,22826,1,0.00574,ok
ucr,149_UCR_Anomaly_Lab2Cmac011215EPG5_7000_17390_17520,Lab2Cmac011215EPG5,,knn,tuned,"{'w': 50, 'k': 3}",0.55323,0.29484,0.99858,0.60695,1.75,1.54,0.0,22826,1,0.00574,ok
ucr,149_UCR_Anomaly_Lab2Cmac011215EPG5_7000_17390_17520,Lab2Cmac011215EPG5,,ae,default,,0.6562,0.39683,0.99863,0.66177,4.02,,31.0,22826,1,0.00574,ok
ucr,149_UCR_Anomaly_Lab2Cmac011215EPG5_7000_17390_17520,Lab2Cmac011215EPG5,,ae,tuned,"{'w': 50, 'hidden': 64, 'latent': 8}",0.58142,0.33261,0.99861,0.615,8.33,15.96,0.0,22826,1,0.00574,ok
ucr,151_UCR_Anomaly_MesoplodonDensirostris_10000_19280_19440,MesoplodonDensirostris,,iforest,default,,0.02454,0.02912,0.69617,0.05013,1.97,,17.0,14667,1,0.01098,ok
ucr,151_UCR_Anomaly_MesoplodonDensirostris_10000_19280_19440,MesoplodonDensirostris,,iforest,tuned,"{'w': 100, 'n_estimators': 200}",0.02454,0.02912,0.69617,0.05013,2.5,8.48,0.0,14667,1,0.01098,ok
ucr,151_UCR_Anomaly_MesoplodonDensirostris_10000_19280_19440,MesoplodonDensirostris,,lof,default,,0.02731,0.03732,0.70689,0.08299,0.54,,17.0,14667,1,0.01098,ok
ucr,151_UCR_Anomaly_MesoplodonDensirostris_10000_19280_19440,MesoplodonDensirostris,,lof,tuned,"{'w': 50, 'k': 50}",0.05438,0.05949,0.72813,0.12974,1.87,2.79,0.0,14667,1,0.01098,ok
ucr,151_UCR_Anomaly_MesoplodonDensirostris_10000_19280_19440,MesoplodonDensirostris,,knn,default,,0.84446,0.66092,0.9973,0.93232,0.37,,17.0,14667,1,0.01098,ok
ucr,151_UCR_Anomaly_MesoplodonDensirostris_10000_19280_19440,MesoplodonDensirostris,,knn,tuned,"{'w': 100, 'k': 3}",0.85762,0.66922,0.9973,0.93232,0.99,1.94,0.0,14667,1,0.01098,ok
ucr,151_UCR_Anomaly_MesoplodonDensirostris_10000_19280_19440,MesoplodonDensirostris,,ae,default,,0.85554,0.61075,0.99726,0.9332,4.11,,28.0,14667,1,0.01098,ok
ucr,151_UCR_Anomaly_MesoplodonDensirostris_10000_19280_19440,MesoplodonDensirostris,,ae,tuned,"{'w': 100, 'hidden': 32, 'latent': 8}",0.837,0.58709,0.99732,0.93056,4.94,22.61,0.0,14667,1,0.01098,ok
ucr,153_UCR_Anomaly_PowerDemand2_14000_23357_23717,PowerDemand2,,iforest,default,,0.01165,0.01605,0.62848,0.0,2.13,,17.0,15931,1,0.02266,ok
ucr,153_UCR_Anomaly_PowerDemand2_14000_23357_23717,PowerDemand2,,iforest,tuned,"{'w': 100, 'n_estimators': 100}",0.0116,0.01611,0.62815,0.0,2.0,8.84,0.0,15931,1,0.02266,ok
ucr,153_UCR_Anomaly_PowerDemand2_14000_23357_23717,PowerDemand2,,lof,default,,0.01912,0.02404,0.64042,0.0,0.71,,17.0,15931,1,0.02266,ok
ucr,153_UCR_Anomaly_PowerDemand2_14000_23357_23717,PowerDemand2,,lof,tuned,"{'w': 100, 'k': 30}",0.02642,0.03233,0.65216,0.02782,1.3,3.7,0.0,15931,1,0.02266,ok
ucr,153_UCR_Anomaly_PowerDemand2_14000_23357_23717,PowerDemand2,,knn,default,,0.13791,0.14471,0.71925,0.36159,0.44,,17.0,15931,1,0.02266,ok
ucr,153_UCR_Anomaly_PowerDemand2_14000_23357_23717,PowerDemand2,,knn,tuned,"{'w': 100, 'k': 3}",0.15487,0.15986,0.72363,0.37848,1.07,2.85,0.0,15931,1,0.02266,ok
ucr,153_UCR_Anomaly_PowerDemand2_14000_23357_23717,PowerDemand2,,ae,default,,0.05391,0.05685,0.70181,0.11512,5.46,,29.4,15931,1,0.02266,ok
ucr,153_UCR_Anomaly_PowerDemand2_14000_23357_23717,PowerDemand2,,ae,tuned,"{'w': 100, 'hidden': 64, 'latent': 8}",0.02765,0.03136,0.68627,0.03355,6.16,30.86,0.0,15931,1,0.02266,ok
ucr,155_UCR_Anomaly_PowerDemand4_18000_24005_24077,PowerDemand4,,iforest,default,,0.00701,0.00923,0.70412,0.0,1.83,,17.0,11931,1,0.00612,ok
ucr,155_UCR_Anomaly_PowerDemand4_18000_24005_24077,PowerDemand4,,iforest,tuned,"{'w': 400, 'n_estimators': 100}",0.00433,0.0074,0.69042,0.0,2.74,9.69,0.0,11931,1,0.00612,ok
ucr,155_UCR_Anomaly_PowerDemand4_18000_24005_24077,PowerDemand4,,lof,default,,0.99946,0.85502,0.99877,1.0,0.82,,17.0,11931,1,0.00612,ok
ucr,155_UCR_Anomaly_PowerDemand4_18000_24005_24077,PowerDemand4,,lof,tuned,"{'w': 100, 'k': 30}",0.99838,0.85001,0.99876,1.0,1.39,5.2,0.0,11931,1,0.00612,ok
ucr,155_UCR_Anomaly_PowerDemand4_18000_24005_24077,PowerDemand4,,knn,default,,0.99946,0.8215,0.99843,1.0,0.59,,17.0,11931,1,0.00612,ok
ucr,155_UCR_Anomaly_PowerDemand4_18000_24005_24077,PowerDemand4,,knn,tuned,"{'w': 100, 'k': 3}",0.99946,0.84128,0.99843,1.0,0.96,3.65,0.0,11931,1,0.00612,ok
ucr,155_UCR_Anomaly_PowerDemand4_18000_24005_24077,PowerDemand4,,ae,default,,0.9989,0.87401,0.9988,1.0,6.73,,28.4,11931,1,0.00612,ok
ucr,155_UCR_Anomaly_PowerDemand4_18000_24005_24077,PowerDemand4,,ae,tuned,"{'w': 100, 'hidden': 64, 'latent': 8}",0.99945,0.85438,0.9988,1.0,7.02,39.24,0.0,11931,1,0.00612,ok
ucr,157_UCR_Anomaly_TkeepFirstMARS_3500_5365_5380,TkeepFirstMARS,,iforest,default,,0.00131,0.00273,0.37144,0.0,1.53,,17.0,7906,1,0.00202,ok
ucr,157_UCR_Anomaly_TkeepFirstMARS_3500_5365_5380,TkeepFirstMARS,,iforest,tuned,"{'w': 100, 'n_estimators': 200}",0.00131,0.00273,0.37144,0.0,1.9,6.24,0.0,7906,1,0.00202,ok
ucr,157_UCR_Anomaly_TkeepFirstMARS_3500_5365_5380,TkeepFirstMARS,,lof,default,,0.00173,0.00249,0.44831,0.0,0.23,,17.0,7906,1,0.00202,ok
ucr,157_UCR_Anomaly_TkeepFirstMARS_3500_5365_5380,TkeepFirstMARS,,lof,tuned,"{'w': 100, 'k': 30}",0.00138,0.00279,0.39357,0.0,0.9,1.62,0.0,7906,1,0.00202,ok
ucr,157_UCR_Anomaly_TkeepFirstMARS_3500_5365_5380,TkeepFirstMARS,,knn,default,,0.19417,0.26796,0.99595,0.37576,0.15,,17.0,7906,1,0.00202,ok
ucr,157_UCR_Anomaly_TkeepFirstMARS_3500_5365_5380,TkeepFirstMARS,,knn,tuned,"{'w': 50, 'k': 3}",0.21788,0.3,0.99696,0.37576,0.66,1.26,0.0,7906,1,0.00202,ok
ucr,157_UCR_Anomaly_TkeepFirstMARS_3500_5365_5380,TkeepFirstMARS,,ae,default,,0.02845,0.03706,0.52694,0.07115,1.7,,25.5,7906,1,0.00202,ok
ucr,157_UCR_Anomaly_TkeepFirstMARS_3500_5365_5380,TkeepFirstMARS,,ae,tuned,"{'w': 100, 'hidden': 32, 'latent': 8}",0.37984,0.49133,0.93049,0.53333,2.33,8.35,0.0,7906,1,0.00202,ok
ucr,159_UCR_Anomaly_TkeepSecondMARS_3500_9330_9340,TkeepSecondMARS,,iforest,default,,0.05775,0.09313,0.98314,0.14925,1.48,,17.0,7888,1,0.00139,ok
ucr,159_UCR_Anomaly_TkeepSecondMARS_3500_9330_9340,TkeepSecondMARS,,iforest,tuned,"{'w': 100, 'n_estimators': 200}",0.05775,0.09313,0.98314,0.14925,2.09,6.91,0.0,7888,1,0.00139,ok
ucr,159_UCR_Anomaly_TkeepSecondMARS_3500_9330_9340,TkeepSecondMARS,,lof,default,,0.87576,0.40026,0.99986,0.7,0.24,,17.0,7888,1,0.00139,ok
ucr,159_UCR_Anomaly_TkeepSecondMARS_3500_9330_9340,TkeepSecondMARS,,lof,tuned,"{'w': 100, 'k': 30}",0.9,0.4045,0.99986,0.7,0.74,1.63,0.0,7888,1,0.00139,ok
ucr,159_UCR_Anomaly_TkeepSecondMARS_3500_9330_9340,TkeepSecondMARS,,knn,default,,0.97576,0.46249,0.99986,0.7,0.16,,17.0,7888,1,0.00139,ok
ucr,159_UCR_Anomaly_TkeepSecondMARS_3500_9330_9340,TkeepSecondMARS,,knn,tuned,"{'w': 50, 'k': 3}",0.99242,0.2872,0.99986,0.7,0.66,1.5,0.0,7888,1,0.00139,ok
ucr,159_UCR_Anomaly_TkeepSecondMARS_3500_9330_9340,TkeepSecondMARS,,ae,default,,0.94367,0.39957,0.99986,0.7,1.95,,25.5,7888,1,0.00139,ok
ucr,159_UCR_Anomaly_TkeepSecondMARS_3500_9330_9340,TkeepSecondMARS,,ae,tuned,"{'w': 100, 'hidden': 32, 'latent': 8}",0.95965,0.42216,0.99986,0.7,2.07,8.42,0.0,7888,1,0.00139,ok
ucr,161_UCR_Anomaly_WalkingAceleration1_1500_2764_2995,WalkingAceleration1,,iforest,default,,0.023,0.0362,0.34397,0.0,1.34,,17.0,5184,1,0.04475,ok
ucr,161_UCR_Anomaly_WalkingAceleration1_1500_2764_2995,WalkingAceleration1,,lof,default,,0.02341,0.03651,0.41283,0.0,0.14,,17.0,5184,1,0.04475,ok
ucr,161_UCR_Anomaly_WalkingAceleration1_1500_2764_2995,WalkingAceleration1,,knn,default,,0.02578,0.03703,0.41675,0.0,0.09,,17.0,5184,1,0.04475,ok
ucr,161_UCR_Anomaly_WalkingAceleration1_1500_2764_2995,WalkingAceleration1,,ae,default,,0.02291,0.03547,0.4054,0.0,1.03,,23.7,5184,1,0.04475,ok
ucr,163_UCR_Anomaly_apneaecg2_10000_20950_21100,apneaecg2,,iforest,default,,0.30131,0.0926,0.9989,0.40057,2.57,,17.0,28501,1,0.0053,ok
ucr,163_UCR_Anomaly_apneaecg2_10000_20950_21100,apneaecg2,,iforest,tuned,"{'w': 100, 'n_estimators': 100}",0.3212,0.10034,0.99888,0.40465,2.81,7.72,0.0,28501,1,0.0053,ok
ucr,163_UCR_Anomaly_apneaecg2_10000_20950_21100,apneaecg2,,lof,default,,0.30098,0.10949,0.99886,0.40852,0.91,,17.0,28501,1,0.0053,ok
ucr,163_UCR_Anomaly_apneaecg2_10000_20950_21100,apneaecg2,,lof,tuned,"{'w': 50, 'k': 30}",0.849,0.51919,0.99862,0.79141,2.77,3.22,0.0,28501,1,0.0053,ok
ucr,163_UCR_Anomaly_apneaecg2_10000_20950_21100,apneaecg2,,knn,default,,0.98918,0.75162,0.99889,0.96311,0.69,,17.0,28501,1,0.0053,ok
ucr,163_UCR_Anomaly_apneaecg2_10000_20950_21100,apneaecg2,,knn,tuned,"{'w': 100, 'k': 3}",0.989,0.76443,0.99889,0.96311,1.76,1.99,0.0,28501,1,0.0053,ok
ucr,163_UCR_Anomaly_apneaecg2_10000_20950_21100,apneaecg2,,ae,default,,0.98197,0.74678,0.99894,0.95234,4.94,,33.5,28501,1,0.0053,ok
ucr,163_UCR_Anomaly_apneaecg2_10000_20950_21100,apneaecg2,,ae,tuned,"{'w': 100, 'hidden': 64, 'latent': 8}",0.98924,0.76657,0.99892,0.96026,6.01,22.8,0.0,28501,1,0.0053,ok
ucr,165_UCR_Anomaly_apneaecg4_6000_16000_16100,apneaecg4,,iforest,default,,0.00158,0.00415,0.65513,0.0,2.9,,17.0,32269,1,0.00313,ok
ucr,165_UCR_Anomaly_apneaecg4_6000_16000_16100,apneaecg4,,iforest,tuned,"{'w': 400, 'n_estimators': 200}",0.00158,0.00371,0.62122,0.0,7.28,6.78,0.0,32269,1,0.00313,ok
ucr,165_UCR_Anomaly_apneaecg4_6000_16000_16100,apneaecg4,,lof,default,,0.0016,0.00409,0.65795,0.0,0.9,,17.0,32269,1,0.00313,ok
ucr,165_UCR_Anomaly_apneaecg4_6000_16000_16100,apneaecg4,,lof,tuned,"{'w': 400, 'k': 10}",0.00176,0.0028,0.64153,0.0,1.68,1.89,0.0,32269,1,0.00313,ok
ucr,165_UCR_Anomaly_apneaecg4_6000_16000_16100,apneaecg4,,knn,default,,0.00518,0.00653,0.63413,0.0101,0.65,,17.0,32269,1,0.00313,ok
ucr,165_UCR_Anomaly_apneaecg4_6000_16000_16100,apneaecg4,,knn,tuned,"{'w': 50, 'k': 3}",0.00415,0.00687,0.58427,0.00863,2.27,1.45,0.0,32269,1,0.00313,ok
ucr,165_UCR_Anomaly_apneaecg4_6000_16000_16100,apneaecg4,,ae,default,,0.00158,0.00407,0.64565,0.0,4.04,,34.9,32269,1,0.00313,ok
ucr,165_UCR_Anomaly_apneaecg4_6000_16000_16100,apneaecg4,,ae,tuned,"{'w': 50, 'hidden': 64, 'latent': 8}",0.00162,0.00283,0.64424,0.0,7.33,14.29,0.0,32269,1,0.00313,ok
ucr,167_UCR_Anomaly_gait1_20000_38500_38800,gait1,,iforest,default,,0.01187,0.01298,0.6234,0.02274,3.49,,17.0,45000,1,0.00669,ok
ucr,167_UCR_Anomaly_gait1_20000_38500_38800,gait1,,iforest,tuned,"{'w': 400, 'n_estimators': 200}",0.06367,0.06465,0.61252,0.14988,11.59,9.84,0.0,45000,1,0.00669,ok
ucr,167_UCR_Anomaly_gait1_20000_38500_38800,gait1,,lof,default,,0.37064,0.31942,0.79624,0.52322,1.94,,17.0,45000,1,0.00669,ok
ucr,167_UCR_Anomaly_gait1_20000_38500_38800,gait1,,lof,tuned,"{'w': 100, 'k': 30}",0.46709,0.28115,0.99835,0.57436,4.57,5.52,0.0,45000,1,0.00669,ok
ucr,167_UCR_Anomaly_gait1_20000_38500_38800,gait1,,knn,default,,0.49444,0.24791,0.99828,0.59104,2.13,,17.0,45000,1,0.00669,ok
ucr,167_UCR_Anomaly_gait1_20000_38500_38800,gait1,,knn,tuned,"{'w': 100, 'k': 5}",0.49444,0.24791,0.99828,0.59104,4.59,3.65,0.0,45000,1,0.00669,ok
ucr,167_UCR_Anomaly_gait1_20000_38500_38800,gait1,,ae,default,,0.01839,0.01985,0.66435,0.04728,9.64,,42.5,45000,1,0.00669,ok
ucr,167_UCR_Anomaly_gait1_20000_38500_38800,gait1,,ae,tuned,"{'w': 200, 'hidden': 32, 'latent': 16}",0.11145,0.15783,0.73324,0.25051,9.96,45.76,0.0,45000,1,0.00669,ok
ucr,169_UCR_Anomaly_gait3_24500_59900_60500,gait3,,iforest,default,,0.0307,0.0529,0.81974,0.08091,3.29,,17.0,40500,1,0.01484,ok
ucr,169_UCR_Anomaly_gait3_24500_59900_60500,gait3,,iforest,tuned,"{'w': 100, 'n_estimators': 200}",0.0307,0.0529,0.81974,0.08091,4.77,11.06,0.0,40500,1,0.01484,ok
ucr,169_UCR_Anomaly_gait3_24500_59900_60500,gait3,,lof,default,,0.03252,0.04656,0.85385,0.06415,2.05,,17.0,40500,1,0.01484,ok
ucr,169_UCR_Anomaly_gait3_24500_59900_60500,gait3,,lof,tuned,"{'w': 100, 'k': 30}",0.03726,0.05286,0.84976,0.09741,3.32,5.97,0.0,40500,1,0.01484,ok
ucr,169_UCR_Anomaly_gait3_24500_59900_60500,gait3,,knn,default,,0.03654,0.04396,0.76567,0.07898,1.49,,17.0,40500,1,0.01484,ok
ucr,169_UCR_Anomaly_gait3_24500_59900_60500,gait3,,knn,tuned,"{'w': 100, 'k': 5}",0.03654,0.04396,0.76567,0.07898,2.96,4.18,0.0,40500,1,0.01484,ok
ucr,169_UCR_Anomaly_gait3_24500_59900_60500,gait3,,ae,default,,0.02971,0.03013,0.76564,0.06269,10.52,,40.3,40500,1,0.01484,ok
ucr,169_UCR_Anomaly_gait3_24500_59900_60500,gait3,,ae,tuned,"{'w': 200, 'hidden': 32, 'latent': 16}",0.02715,0.02939,0.84619,0.04405,10.2,53.33,0.0,40500,1,0.01484,ok
ucr,171_UCR_Anomaly_gaitHunt2_18500_31200_31850,gaitHunt2,,iforest,default,,0.1844,0.17448,0.77658,0.35363,3.57,,17.0,45500,1,0.01431,ok
ucr,171_UCR_Anomaly_gaitHunt2_18500_31200_31850,gaitHunt2,,iforest,tuned,"{'w': 100, 'n_estimators': 100}",0.20486,0.19035,0.78799,0.38826,4.19,10.01,0.0,45500,1,0.01431,ok
ucr,171_UCR_Anomaly_gaitHunt2_18500_31200_31850,gaitHunt2,,lof,default,,0.43542,0.46895,0.99338,0.65077,1.89,,17.0,45500,1,0.01431,ok
ucr,171_UCR_Anomaly_gaitHunt2_18500_31200_31850,gaitHunt2,,lof,tuned,"{'w': 100, 'k': 30}",0.5026,0.50998,0.99338,0.70696,3.37,4.72,0.0,45500,1,0.01431,ok
ucr,171_UCR_Anomaly_gaitHunt2_18500_31200_31850,gaitHunt2,,knn,default,,0.42979,0.42678,0.92913,0.61951,1.41,,17.0,45500,1,0.01431,ok
ucr,171_UCR_Anomaly_gaitHunt2_18500_31200_31850,gaitHunt2,,knn,tuned,"{'w': 100, 'k': 5}",0.42979,0.42678,0.92913,0.61951,3.13,3.21,0.0,45500,1,0.01431,ok
ucr,171_UCR_Anomaly_gaitHunt2_18500_31200_31850,gaitHunt2,,ae,default,,0.47426,0.39638,0.99387,0.61364,9.05,,42.4,45500,1,0.01431,ok
ucr,171_UCR_Anomaly_gaitHunt2_18500_31200_31850,gaitHunt2,,ae,tuned,"{'w': 200, 'hidden': 32, 'latent': 16}",0.13159,0.14137,0.78071,0.30901,13.5,46.25,0.0,45500,1,0.01431,ok
ucr,173_UCR_Anomaly_insectEPG1_3000_7000_7030,insectEPG1,,iforest,default,,0.03094,0.04468,0.88051,0.09764,1.78,,17.0,7001,1,0.00443,ok
ucr,173_UCR_Anomaly_insectEPG1_3000_7000_7030,insectEPG1,,iforest,tuned,"{'w': 50, 'n_estimators': 100}",0.07594,0.08185,0.87313,0.18019,1.73,7.97,0.0,7001,1,0.00443,ok
ucr,173_UCR_Anomaly_insectEPG1_3000_7000_7030,insectEPG1,,lof,default,,0.0095,0.01431,0.77349,0.0331,0.36,,17.0,7001,1,0.00443,ok
ucr,173_UCR_Anomaly_insectEPG1_3000_7000_7030,insectEPG1,,lof,tuned,"{'w': 50, 'k': 30}",0.07027,0.08144,0.82999,0.18354,1.18,2.9,0.0,7001,1,0.00443,ok
ucr,173_UCR_Anomaly_insectEPG1_3000_7000_7030,insectEPG1,,knn,default,,0.02498,0.03393,0.80603,0.07732,0.15,,17.0,7001,1,0.00443,ok
ucr,173_UCR_Anomaly_insectEPG1_3000_7000_7030,insectEPG1,,knn,tuned,"{'w': 50, 'k': 3}",0.1053,0.13664,0.8529,0.25256,0.55,1.2,0.0,7001,1,0.00443,ok
ucr,173_UCR_Anomaly_insectEPG1_3000_7000_7030,insectEPG1,,ae,default,,0.00987,0.01366,0.7722,0.03251,1.55,,24.3,7001,1,0.00443,ok
ucr,173_UCR_Anomaly_insectEPG1_3000_7000_7030,insectEPG1,,ae,tuned,"{'w': 50, 'hidden': 64, 'latent': 8}",0.05847,0.06987,0.80139,0.15026,3.1,10.4,0.0,7001,1,0.00443,ok
ucr,175_UCR_Anomaly_insectEPG3_5200_7000_7050,insectEPG3,,iforest,default,,0.0275,0.03523,0.79999,0.08083,1.51,,17.0,4798,1,0.01063,ok
ucr,175_UCR_Anomaly_insectEPG3_5200_7000_7050,insectEPG3,,iforest,tuned,"{'w': 50, 'n_estimators': 200}",0.06917,0.06842,0.8339,0.16256,1.71,7.92,0.0,4798,1,0.01063,ok
ucr,175_UCR_Anomaly_insectEPG3_5200_7000_7050,insectEPG3,,lof,default,,0.00972,0.01533,0.7111,0.0,0.39,,17.0,4798,1,0.01063,ok
ucr,175_UCR_Anomaly_insectEPG3_5200_7000_7050,insectEPG3,,lof,tuned,"{'w': 50, 'k': 30}",0.06011,0.05921,0.75246,0.1553,0.91,3.01,0.0,4798,1,0.01063,ok
ucr,175_UCR_Anomaly_insectEPG3_5200_7000_7050,insectEPG3,,knn,default,,0.02215,0.02788,0.72031,0.06667,0.16,,17.0,4798,1,0.01063,ok
ucr,175_UCR_Anomaly_insectEPG3_5200_7000_7050,insectEPG3,,knn,tuned,"{'w': 50, 'k': 3}",0.07791,0.0789,0.76883,0.20588,0.54,1.35,0.0,4798,1,0.01063,ok
ucr,175_UCR_Anomaly_insectEPG3_5200_7000_7050,insectEPG3,,ae,default,,0.00861,0.01237,0.70812,0.0,2.04,,24.0,4798,1,0.01063,ok
ucr,175_UCR_Anomaly_insectEPG3_5200_7000_7050,insectEPG3,,ae,tuned,"{'w': 50, 'hidden': 32, 'latent': 16}",0.02693,0.02965,0.69683,0.07919,5.07,13.18,0.0,4798,1,0.01063,ok
ucr,177_UCR_Anomaly_insectEPG5_3200_8500_8501,insectEPG5,,iforest,default,,0.02922,0.05121,0.99619,0.05333,1.57,,17.0,6828,1,0.00029,ok
ucr,177_UCR_Anomaly_insectEPG5_3200_8500_8501,insectEPG5,,iforest,tuned,"{'w': 50, 'n_estimators': 200}",0.02269,0.04255,0.9959,0.05333,1.72,6.14,0.0,6828,1,0.00029,ok
ucr,177_UCR_Anomaly_insectEPG5_3200_8500_8501,insectEPG5,,lof,default,,0.06667,0.1045,0.99726,0.1,0.21,,17.0,6828,1,0.00029,ok
ucr,177_UCR_Anomaly_insectEPG5_3200_8500_8501,insectEPG5,,lof,tuned,"{'w': 50, 'k': 30}",0.04792,0.10745,0.99719,0.1,0.54,1.54,0.0,6828,1,0.00029,ok
ucr,177_UCR_Anomaly_insectEPG5_3200_8500_8501,insectEPG5,,knn,default,,0.06667,0.1045,0.99726,0.1,0.13,,17.0,6828,1,0.00029,ok
ucr,177_UCR_Anomaly_insectEPG5_3200_8500_8501,insectEPG5,,knn,tuned,"{'w': 50, 'k': 5}",0.0495,0.10745,0.99719,0.1,0.48,1.19,0.0,6828,1,0.00029,ok
ucr,177_UCR_Anomaly_insectEPG5_3200_8500_8501,insectEPG5,,ae,default,,0.053,0.11262,0.99733,0.1,1.6,,24.3,6828,1,0.00029,ok
ucr,177_UCR_Anomaly_insectEPG5_3200_8500_8501,insectEPG5,,ae,tuned,"{'w': 50, 'hidden': 64, 'latent': 8}",0.0495,0.10745,0.99719,0.1,3.24,7.95,0.0,6828,1,0.00029,ok
ucr,179_UCR_Anomaly_ltstdbs30791AS_23000_52600_52800,ltstdbs30791AS,,iforest,default,,0.74324,0.44461,0.99866,0.77912,2.81,,17.0,32000,1,0.00628,ok
ucr,179_UCR_Anomaly_ltstdbs30791AS_23000_52600_52800,ltstdbs30791AS,,iforest,tuned,"{'w': 100, 'n_estimators': 200}",0.74324,0.44461,0.99866,0.77912,4.07,10.85,0.0,32000,1,0.00628,ok
ucr,179_UCR_Anomaly_ltstdbs30791AS_23000_52600_52800,ltstdbs30791AS,,lof,default,,0.89658,0.70837,0.9981,0.87524,1.6,,17.0,32000,1,0.00628,ok
ucr,179_UCR_Anomaly_ltstdbs30791AS_23000_52600_52800,ltstdbs30791AS,,lof,tuned,"{'w': 200, 'k': 10}",0.96707,0.8802,0.99873,0.96512,2.0,5.6,0.0,32000,1,0.00628,ok
ucr,179_UCR_Anomaly_ltstdbs30791AS_23000_52600_52800,ltstdbs30791AS,,knn,default,,0.89235,0.69466,0.99813,0.87986,1.12,,17.0,32000,1,0.00628,ok
ucr,179_UCR_Anomaly_ltstdbs30791AS_23000_52600_52800,ltstdbs30791AS,,knn,tuned,"{'w': 100, 'k': 3}",0.89263,0.69552,0.99813,0.87986,2.31,3.84,0.0,32000,1,0.00628,ok
ucr,179_UCR_Anomaly_ltstdbs30791AS_23000_52600_52800,ltstdbs30791AS,,ae,default,,0.83854,0.68028,0.9981,0.86088,9.34,,36.2,32000,1,0.00628,ok
ucr,179_UCR_Anomaly_ltstdbs30791AS_23000_52600_52800,ltstdbs30791AS,,ae,tuned,"{'w': 100, 'hidden': 32, 'latent': 8}",0.84162,0.67518,0.99812,0.86389,10.54,49.57,0.0,32000,1,0.00628,ok
ucr,181_UCR_Anomaly_park3m_60000_72150_72495,park3m,,iforest,default,,0.31308,0.32822,0.87957,0.58158,2.98,,17.0,30000,1,0.01153,ok
ucr,181_UCR_Anomaly_park3m_60000_72150_72495,park3m,,iforest,tuned,"{'w': 400, 'n_estimators': 100}",0.82499,0.6634,0.99733,0.86924,5.98,19.52,0.0,30000,1,0.01153,ok
ucr,181_UCR_Anomaly_park3m_60000_72150_72495,park3m,,lof,default,,0.80525,0.64281,0.99646,0.85729,3.46,,17.0,30000,1,0.01153,ok
ucr,181_UCR_Anomaly_park3m_60000_72150_72495,park3m,,lof,tuned,"{'w': 100, 'k': 50}",0.80525,0.64281,0.99646,0.85729,4.69,24.68,0.0,30000,1,0.01153,ok
ucr,181_UCR_Anomaly_park3m_60000_72150_72495,park3m,,knn,default,,0.80801,0.6604,0.99638,0.90979,2.02,,17.0,30000,1,0.01153,ok
ucr,181_UCR_Anomaly_park3m_60000_72150_72495,park3m,,knn,tuned,"{'w': 100, 'k': 3}",0.83917,0.67679,0.99638,0.91347,3.14,14.66,0.0,30000,1,0.01153,ok
ucr,181_UCR_Anomaly_park3m_60000_72150_72495,park3m,,ae,default,,0.39855,0.24744,0.99691,0.55787,21.25,,38.7,30000,1,0.01153,ok
ucr,181_UCR_Anomaly_park3m_60000_72150_72495,park3m,,ae,tuned,"{'w': 50, 'hidden': 64, 'latent': 8}",0.14814,0.1115,0.77791,0.27553,50.96,152.93,0.0,30000,1,0.01153,ok
ucr,183_UCR_Anomaly_qtdbSel100MLII_4000_13400_13800,qtdbSel100MLII,,iforest,default,,0.01052,0.01396,0.64863,0.00231,2.42,,17.0,26000,1,0.01542,ok
ucr,183_UCR_Anomaly_qtdbSel100MLII_4000_13400_13800,qtdbSel100MLII,,iforest,tuned,"{'w': 50, 'n_estimators': 200}",0.0117,0.01573,0.663,0.01072,3.17,6.13,0.0,26000,1,0.01542,ok
ucr,183_UCR_Anomaly_qtdbSel100MLII_4000_13400_13800,qtdbSel100MLII,,lof,default,,0.01394,0.01831,0.66702,0.01382,0.72,,17.0,26000,1,0.01542,ok
ucr,183_UCR_Anomaly_qtdbSel100MLII_4000_13400_13800,qtdbSel100MLII,,lof,tuned,"{'w': 50, 'k': 30}",0.01222,0.01482,0.65148,0.00289,1.98,1.84,0.0,26000,1,0.01542,ok
ucr,183_UCR_Anomaly_qtdbSel100MLII_4000_13400_13800,qtdbSel100MLII,,knn,default,,0.01328,0.01686,0.65197,0.01059,0.48,,17.0,26000,1,0.01542,ok
ucr,183_UCR_Anomaly_qtdbSel100MLII_4000_13400_13800,qtdbSel100MLII,,knn,tuned,"{'w': 50, 'k': 5}",0.01382,0.01826,0.66778,0.01423,1.77,1.35,0.0,26000,1,0.01542,ok
ucr,183_UCR_Anomaly_qtdbSel100MLII_4000_13400_13800,qtdbSel100MLII,,ae,default,,0.01188,0.01525,0.64401,0.00466,3.06,,32.0,26000,1,0.01542,ok
ucr,183_UCR_Anomaly_qtdbSel100MLII_4000_13400_13800,qtdbSel100MLII,,ae,tuned,"{'w': 50, 'hidden': 64, 'latent': 8}",0.01328,0.01883,0.65961,0.01438,5.13,10.37,0.0,26000,1,0.01542,ok
ucr,185_UCR_Anomaly_resperation11_58000_110800_110801,resperation11,,iforest,default,,0.00027,0.0005,0.76922,0.00071,9.4,,17.0,137000,1,1e-05,ok
ucr,185_UCR_Anomaly_resperation11_58000_110800_110801,resperation11,,iforest,tuned,"{'w': 400, 'n_estimators': 200}",1e-05,3e-05,0.78808,0.0,33.69,21.23,0.0,137000,1,1e-05,ok
ucr,185_UCR_Anomaly_resperation11_58000_110800_110801,resperation11,,lof,default,,0.00467,0.0058,0.84136,0.00525,17.1,,17.0,137000,1,1e-05,ok
ucr,185_UCR_Anomaly_resperation11_58000_110800_110801,resperation11,,lof,tuned,"{'w': 100, 'k': 10}",0.33333,0.10184,0.8116,0.05556,18.28,19.78,0.0,137000,1,1e-05,ok
ucr,185_UCR_Anomaly_resperation11_58000_110800_110801,resperation11,,knn,default,,0.5,0.10184,0.98495,0.05556,10.88,,17.0,137000,1,1e-05,ok
ucr,185_UCR_Anomaly_resperation11_58000_110800_110801,resperation11,,knn,tuned,"{'w': 200, 'k': 1}",0.0061,0.00578,0.9161,0.00525,8.85,12.45,0.0,137000,1,1e-05,ok
ucr,185_UCR_Anomaly_resperation11_58000_110800_110801,resperation11,,ae,default,,0.5,0.08774,0.99987,0.05634,27.2,,80.9,137000,1,1e-05,ok
ucr,185_UCR_Anomaly_resperation11_58000_110800_110801,resperation11,,ae,tuned,"{'w': 100, 'hidden': 32, 'latent': 8}",0.5,0.08774,0.99987,0.05634,31.44,117.82,0.0,137000,1,1e-05,ok
ucr,187_UCR_Anomaly_resperation2_30000_168250_168250,resperation2,,iforest,default,,1e-05,2e-05,0.63901,0.0,10.85,,17.0,170051,1,1e-05,ok
ucr,187_UCR_Anomaly_resperation2_30000_168250_168250,resperation2,,iforest,tuned,"{'w': 400, 'n_estimators': 200}",1e-05,2e-05,0.61551,0.0,33.77,12.5,0.0,170051,1,1e-05,ok
ucr,187_UCR_Anomaly_resperation2_30000_168250_168250,resperation2,,lof,default,,1e-05,2e-05,0.51171,0.0,8.16,,17.0,170051,1,1e-05,ok
ucr,187_UCR_Anomaly_resperation2_30000_168250_168250,resperation2,,lof,tuned,"{'w': 100, 'k': 30}",1e-05,3e-05,0.51717,0.0,13.15,5.45,0.0,170051,1,1e-05,ok
ucr,187_UCR_Anomaly_resperation2_30000_168250_168250,resperation2,,knn,default,,1e-05,2e-05,0.53315,0.0,6.89,,17.0,170051,1,1e-05,ok
ucr,187_UCR_Anomaly_resperation2_30000_168250_168250,resperation2,,knn,tuned,"{'w': 100, 'k': 1}",1e-05,2e-05,0.53561,0.0,12.16,4.15,0.0,170051,1,1e-05,ok
ucr,187_UCR_Anomaly_resperation2_30000_168250_168250,resperation2,,ae,default,,1e-05,2e-05,0.57905,0.0,19.67,,91.7,170051,1,1e-05,ok
ucr,187_UCR_Anomaly_resperation2_30000_168250_168250,resperation2,,ae,tuned,"{'w': 100, 'hidden': 32, 'latent': 8}",1e-05,2e-05,0.59759,0.0,25.04,48.43,0.0,170051,1,1e-05,ok
ucr,189_UCR_Anomaly_resperation3_45000_158250_158251,resperation3,,iforest,default,,1e-05,3e-05,0.65418,0.0,9.73,,17.0,145100,1,1e-05,ok
ucr,189_UCR_Anomaly_resperation3_45000_158250_158251,resperation3,,iforest,tuned,"{'w': 400, 'n_estimators': 200}",1e-05,3e-05,0.67469,0.0,30.07,16.47,0.0,145100,1,1e-05,ok
ucr,189_UCR_Anomaly_resperation3_45000_158250_158251,resperation3,,lof,default,,2e-05,3e-05,0.53888,0.0,9.94,,17.0,145100,1,1e-05,ok
ucr,189_UCR_Anomaly_resperation3_45000_158250_158251,resperation3,,lof,tuned,"{'w': 50, 'k': 10}",2e-05,4e-05,0.59353,0.0,27.88,9.78,0.0,145100,1,1e-05,ok
ucr,189_UCR_Anomaly_resperation3_45000_158250_158251,resperation3,,knn,default,,1e-05,3e-05,0.57527,0.0,7.58,,17.0,145100,1,1e-05,ok
ucr,189_UCR_Anomaly_resperation3_45000_158250_158251,resperation3,,knn,tuned,"{'w': 100, 'k': 1}",1e-05,2e-05,0.57438,0.0,11.7,7.05,0.0,145100,1,1e-05,ok
ucr,189_UCR_Anomaly_resperation3_45000_158250_158251,resperation3,,ae,default,,1e-05,3e-05,0.60936,0.0,23.43,,83.9,145100,1,1e-05,ok
ucr,189_UCR_Anomaly_resperation3_45000_158250_158251,resperation3,,ae,tuned,"{'w': 200, 'hidden': 32, 'latent': 8}",1e-05,3e-05,0.56575,0.0,28.75,92.54,0.0,145100,1,1e-05,ok
ucr,191_UCR_Anomaly_resperation9_38000_143411_143511,resperation9,,iforest,default,,0.00158,0.00237,0.77078,0.00351,10.14,,17.0,157000,1,0.00064,ok
ucr,191_UCR_Anomaly_resperation9_38000_143411_143511,resperation9,,iforest,tuned,"{'w': 400, 'n_estimators': 200}",0.00072,0.00108,0.88798,0.0,32.06,14.73,0.0,157000,1,0.00064,ok
ucr,191_UCR_Anomaly_resperation9_38000_143411_143511,resperation9,,lof,default,,0.17144,0.0925,0.59235,0.17954,8.89,,17.0,157000,1,0.00064,ok
ucr,191_UCR_Anomaly_resperation9_38000_143411_143511,resperation9,,lof,tuned,"{'w': 100, 'k': 30}",0.31882,0.1223,0.59691,0.34631,14.46,8.84,0.0,157000,1,0.00064,ok
ucr,191_UCR_Anomaly_resperation9_38000_143411_143511,resperation9,,knn,default,,0.08802,0.07431,0.61134,0.17573,9.01,,17.0,157000,1,0.00064,ok
ucr,191_UCR_Anomaly_resperation9_38000_143411_143511,resperation9,,knn,tuned,"{'w': 200, 'k': 5}",0.00665,0.00817,0.59519,0.01921,10.42,6.17,0.0,157000,1,0.00064,ok
ucr,191_UCR_Anomaly_resperation9_38000_143411_143511,resperation9,,ae,default,,0.99548,0.14535,0.99999,0.80195,21.88,,88.2,157000,1,0.00064,ok
ucr,191_UCR_Anomaly_resperation9_38000_143411_143511,resperation9,,ae,tuned,"{'w': 100, 'hidden': 32, 'latent': 8}",0.88854,0.12896,0.9587,0.76719,27.72,64.93,0.0,157000,1,0.00064,ok
ucr,193_UCR_Anomaly_s20101m_10000_35774_35874,s20101m,,iforest,default,,0.00286,0.00388,0.58594,0.0,2.76,,17.0,30000,1,0.00337,ok
ucr,193_UCR_Anomaly_s20101m_10000_35774_35874,s20101m,,iforest,tuned,"{'w': 100, 'n_estimators': 200}",0.00286,0.00388,0.58594,0.0,3.87,7.91,0.0,30000,1,0.00337,ok
ucr,193_UCR_Anomaly_s20101m_10000_35774_35874,s20101m,,lof,default,,0.99608,0.70074,0.99938,0.8132,0.98,,17.0,30000,1,0.00337,ok
ucr,193_UCR_Anomaly_s20101m_10000_35774_35874,s20101m,,lof,tuned,"{'w': 100, 'k': 30}",0.98801,0.68346,0.99939,0.8132,2.0,2.88,0.0,30000,1,0.00337,ok
ucr,193_UCR_Anomaly_s20101m_10000_35774_35874,s20101m,,knn,default,,0.97364,0.68768,0.9994,0.8132,0.8,,17.0,30000,1,0.00337,ok
ucr,193_UCR_Anomaly_s20101m_10000_35774_35874,s20101m,,knn,tuned,"{'w': 100, 'k': 5}",0.97364,0.68768,0.9994,0.8132,1.84,2.06,0.0,30000,1,0.00337,ok
ucr,193_UCR_Anomaly_s20101m_10000_35774_35874,s20101m,,ae,default,,0.94093,0.45962,0.99937,0.79389,5.31,,34.7,30000,1,0.00337,ok
ucr,193_UCR_Anomaly_s20101m_10000_35774_35874,s20101m,,ae,tuned,"{'w': 100, 'hidden': 64, 'latent': 8}",0.88449,0.41633,0.99937,0.76765,6.14,22.98,0.0,30000,1,0.00337,ok
ucr,195_UCR_Anomaly_sel840mECG1_17000_51370_51740,sel840mECG1,,iforest,default,,0.04858,0.06666,0.8024,0.13196,3.68,,17.0,43000,1,0.00863,ok
ucr,195_UCR_Anomaly_sel840mECG1_17000_51370_51740,sel840mECG1,,iforest,tuned,"{'w': 100, 'n_estimators': 100}",0.04311,0.0583,0.77551,0.11527,4.07,9.44,0.0,43000,1,0.00863,ok
ucr,195_UCR_Anomaly_sel840mECG1_17000_51370_51740,sel840mECG1,,lof,default,,0.02982,0.03964,0.80847,0.06525,1.66,,17.0,43000,1,0.00863,ok
ucr,195_UCR_Anomaly_sel840mECG1_17000_51370_51740,sel840mECG1,,lof,tuned,"{'w': 100, 'k': 30}",0.04933,0.05763,0.90333,0.12731,3.05,4.43,0.0,43000,1,0.00863,ok
ucr,195_UCR_Anomaly_sel840mECG1_17000_51370_51740,sel840mECG1,,knn,default,,0.13823,0.11128,0.9392,0.30924,1.27,,17.0,43000,1,0.00863,ok
ucr,195_UCR_Anomaly_sel840mECG1_17000_51370_51740,sel840mECG1,,knn,tuned,"{'w': 100, 'k': 3}",0.18466,0.12303,0.96937,0.37416,3.11,3.08,0.0,43000,1,0.00863,ok
ucr,195_UCR_Anomaly_sel840mECG1_17000_51370_51740,sel840mECG1,,ae,default,,0.28308,0.12678,0.99784,0.41457,8.23,,40.1,43000,1,0.00863,ok
ucr,195_UCR_Anomaly_sel840mECG1_17000_51370_51740,sel840mECG1,,ae,tuned,"{'w': 100, 'hidden': 32, 'latent': 8}",0.12188,0.09379,0.92343,0.26199,9.83,39.13,0.0,43000,1,0.00863,ok
ucr,197_UCR_Anomaly_tiltAPB1_100000_114283_114350,tiltAPB1,,iforest,default,,0.21635,0.16696,0.66075,0.2807,3.14,,17.0,30001,1,0.00227,ok
ucr,197_UCR_Anomaly_tiltAPB1_100000_114283_114350,tiltAPB1,,iforest,tuned,"{'w': 400, 'n_estimators': 100}",0.04208,0.07196,0.51056,0.1371,5.97,29.25,0.0,30001,1,0.00227,ok
ucr,197_UCR_Anomaly_tiltAPB1_100000_114283_114350,tiltAPB1,,lof,default,,0.05302,0.06306,0.70256,0.13763,7.33,,17.0,30001,1,0.00227,ok
ucr,197_UCR_Anomaly_tiltAPB1_100000_114283_114350,tiltAPB1,,lof,tuned,"{'w': 200, 'k': 30}",0.02255,0.02953,0.66266,0.0624,4.48,32.29,0.0,30001,1,0.00227,ok
ucr,197_UCR_Anomaly_tiltAPB1_100000_114283_114350,tiltAPB1,,knn,default,,0.7138,0.44958,0.99941,0.77273,3.24,,17.0,30001,1,0.00227,ok
ucr,197_UCR_Anomaly_tiltAPB1_100000_114283_114350,tiltAPB1,,knn,tuned,"{'w': 200, 'k': 3}",0.98417,0.47932,0.99966,0.78814,2.69,20.87,0.0,30001,1,0.00227,ok
ucr,197_UCR_Anomaly_tiltAPB1_100000_114283_114350,tiltAPB1,,ae,default,,0.53675,0.42351,0.99893,0.6156,35.16,,42.4,30001,1,0.00227,ok
ucr,197_UCR_Anomaly_tiltAPB1_100000_114283_114350,tiltAPB1,,ae,tuned,"{'w': 200, 'hidden': 64, 'latent': 8}",0.97647,0.49674,0.99967,0.78936,21.42,171.83,0.0,30001,1,0.00227,ok
ucr,199_UCR_Anomaly_tiltAPB3_40000_114000_114370,tiltAPB3,,iforest,default,,0.00231,0.00308,0.7078,0.0,5.93,,17.0,89489,1,0.00415,ok
ucr,199_UCR_Anomaly_tiltAPB3_40000_114000_114370,tiltAPB3,,iforest,tuned,"{'w': 200, 'n_estimators': 200}",0.00209,0.00343,0.72512,0.0,12.07,15.48,0.0,89489,1,0.00415,ok
ucr,199_UCR_Anomaly_tiltAPB3_40000_114000_114370,tiltAPB3,,lof,default,,0.00688,0.00806,0.81732,0.0145,5.84,,17.0,89489,1,0.00415,ok
ucr,199_UCR_Anomaly_tiltAPB3_40000_114000_114370,tiltAPB3,,lof,tuned,"{'w': 200, 'k': 30}",0.00745,0.00931,0.82892,0.0164,6.13,8.56,0.0,89489,1,0.00415,ok
ucr,199_UCR_Anomaly_tiltAPB3_40000_114000_114370,tiltAPB3,,knn,default,,0.00642,0.00776,0.83834,0.00843,4.3,,17.0,89489,1,0.00415,ok
ucr,199_UCR_Anomaly_tiltAPB3_40000_114000_114370,tiltAPB3,,knn,tuned,"{'w': 200, 'k': 3}",0.00965,0.01168,0.84417,0.02233,5.55,6.14,0.0,89489,1,0.00415,ok
ucr,199_UCR_Anomaly_tiltAPB3_40000_114000_114370,tiltAPB3,,ae,default,,0.00433,0.00579,0.85819,0.0,19.01,,61.3,89489,1,0.00415,ok
ucr,199_UCR_Anomaly_tiltAPB3_40000_114000_114370,tiltAPB3,,ae,tuned,"{'w': 100, 'hidden': 64, 'latent': 8}",0.00413,0.00551,0.85262,0.0,22.76,86.67,0.0,89489,1,0.00415,ok
ucr,201_UCR_Anomaly_CHARISfive_10000_17001_17016,CHARISfive,,iforest,default,,0.00375,0.00536,0.50472,0.00891,2.79,,17.0,31347,1,0.00051,ok
ucr,201_UCR_Anomaly_CHARISfive_10000_17001_17016,CHARISfive,,iforest,tuned,"{'w': 50, 'n_estimators': 100}",0.92361,0.17657,0.99992,0.89655,2.87,7.96,0.0,31347,1,0.00051,ok
ucr,201_UCR_Anomaly_CHARISfive_10000_17001_17016,CHARISfive,,lof,default,,0.72015,0.20849,0.99979,0.58211,1.01,,17.0,31347,1,0.00051,ok
ucr,201_UCR_Anomaly_CHARISfive_10000_17001_17016,CHARISfive,,lof,tuned,"{'w': 50, 'k': 30}",0.66699,0.12608,0.99974,0.41754,2.95,2.79,0.0,31347,1,0.00051,ok
ucr,201_UCR_Anomaly_CHARISfive_10000_17001_17016,CHARISfive,,knn,default,,0.90781,0.18879,0.99993,0.89655,0.74,,17.0,31347,1,0.00051,ok
ucr,201_UCR_Anomaly_CHARISfive_10000_17001_17016,CHARISfive,,knn,tuned,"{'w': 50, 'k': 3}",0.92338,0.12631,0.99993,0.89655,2.52,2.3,0.0,31347,1,0.00051,ok
ucr,201_UCR_Anomaly_CHARISfive_10000_17001_17016,CHARISfive,,ae,default,,0.15884,0.10649,0.61058,0.1746,5.17,,34.7,31347,1,0.00051,ok
ucr,201_UCR_Anomaly_CHARISfive_10000_17001_17016,CHARISfive,,ae,tuned,"{'w': 50, 'hidden': 64, 'latent': 8}",0.6546,0.15052,0.99974,0.41754,10.66,22.46,0.0,31347,1,0.00051,ok
ucr,203_UCR_Anomaly_CHARISfive_10500_10995_11028,CHARISfive,,iforest,default,,0.00249,0.00402,0.8147,0.00915,2.72,,17.0,31112,1,0.00109,ok
ucr,203_UCR_Anomaly_CHARISfive_10500_10995_11028,CHARISfive,,iforest,tuned,"{'w': 100, 'n_estimators': 100}",0.00263,0.00429,0.87382,0.00956,3.06,7.81,0.0,31112,1,0.00109,ok
ucr,203_UCR_Anomaly_CHARISfive_10500_10995_11028,CHARISfive,,lof,default,,0.00079,0.00118,0.5121,0.0,0.99,,17.0,31112,1,0.00109,ok
ucr,203_UCR_Anomaly_CHARISfive_10500_10995_11028,CHARISfive,,lof,tuned,"{'w': 50, 'k': 50}",0.02479,0.02097,0.51763,0.05673,3.4,2.99,0.0,31112,1,0.00109,ok
ucr,203_UCR_Anomaly_CHARISfive_10500_10995_11028,CHARISfive,,knn,default,,0.00201,0.00275,0.49442,0.00443,0.76,,17.0,31112,1,0.00109,ok
ucr,203_UCR_Anomaly_CHARISfive_10500_10995_11028,CHARISfive,,knn,tuned,"{'w': 50, 'k': 5}",0.01856,0.01641,0.50006,0.04158,2.63,2.36,0.0,31112,1,0.00109,ok
ucr,203_UCR_Anomaly_CHARISfive_10500_10995_11028,CHARISfive,,ae,default,,0.00099,0.00152,0.51379,0.0,5.31,,34.7,31112,1,0.00109,ok
ucr,203_UCR_Anomaly_CHARISfive_10500_10995_11028,CHARISfive,,ae,tuned,"{'w': 100, 'hidden': 32, 'latent': 8}",0.00098,0.00156,0.53666,0.0,6.68,23.63,0.0,31112,1,0.00109,ok
ucr,205_UCR_Anomaly_CHARISfive_9812_28995_29085,CHARISfive,,iforest,default,,0.00153,0.00377,0.55631,0.0,2.8,,17.0,30058,1,0.00303,ok
ucr,205_UCR_Anomaly_CHARISfive_9812_28995_29085,CHARISfive,,iforest,tuned,"{'w': 400, 'n_estimators': 200}",0.00158,0.0027,0.56002,0.0,6.81,7.49,0.0,30058,1,0.00303,ok
ucr,205_UCR_Anomaly_CHARISfive_9812_28995_29085,CHARISfive,,lof,default,,0.00195,0.00347,0.78139,0.00028,0.97,,17.0,30058,1,0.00303,ok
ucr,205_UCR_Anomaly_CHARISfive_9812_28995_29085,CHARISfive,,lof,tuned,"{'w': 100, 'k': 30}",0.00243,0.00421,0.78478,0.00086,2.04,2.92,0.0,30058,1,0.00303,ok
ucr,205_UCR_Anomaly_CHARISfive_9812_28995_29085,CHARISfive,,knn,default,,0.00264,0.00411,0.79633,0.00039,0.75,,17.0,30058,1,0.00303,ok
ucr,205_UCR_Anomaly_CHARISfive_9812_28995_29085,CHARISfive,,knn,tuned,"{'w': 100, 'k': 3}",0.00275,0.00431,0.79705,0.00061,2.09,2.05,0.0,30058,1,0.00303,ok
ucr,205_UCR_Anomaly_CHARISfive_9812_28995_29085,CHARISfive,,ae,default,,0.0018,0.00302,0.87058,0.0,5.05,,34.7,30058,1,0.00303,ok
ucr,205_UCR_Anomaly_CHARISfive_9812_28995_29085,CHARISfive,,ae,tuned,"{'w': 100, 'hidden': 32, 'latent': 8}",0.00172,0.00291,0.86974,0.0,8.29,23.49,0.0,30058,1,0.00303,ok
ucr,207_UCR_Anomaly_CHARISten_3165_26929_26989,CHARISten,,iforest,default,,0.00252,0.00399,0.59588,0.0,3.23,,17.0,36705,1,0.00166,ok
ucr,207_UCR_Anomaly_CHARISten_3165_26929_26989,CHARISten,,iforest,tuned,"{'w': 50, 'n_estimators': 200}",0.00259,0.00385,0.60308,0.00228,3.95,6.01,0.0,36705,1,0.00166,ok
ucr,207_UCR_Anomaly_CHARISten_3165_26929_26989,CHARISten,,lof,default,,0.01327,0.01788,0.60776,0.03743,0.88,,17.0,36705,1,0.00166,ok
ucr,207_UCR_Anomaly_CHARISten_3165_26929_26989,CHARISten,,lof,tuned,"{'w': 100, 'k': 50}",0.01327,0.01788,0.60776,0.03743,2.81,1.99,0.0,36705,1,0.00166,ok
ucr,207_UCR_Anomaly_CHARISten_3165_26929_26989,CHARISten,,knn,default,,0.01693,0.02538,0.62648,0.05128,0.95,,17.0,36705,1,0.00166,ok
ucr,207_UCR_Anomaly_CHARISten_3165_26929_26989,CHARISten,,knn,tuned,"{'w': 100, 'k': 3}",0.01753,0.02547,0.63196,0.05395,2.38,1.94,0.0,36705,1,0.00166,ok
ucr,207_UCR_Anomaly_CHARISten_3165_26929_26989,CHARISten,,ae,default,,0.00817,0.01085,0.60617,0.0226,3.51,,36.2,36705,1,0.00166,ok
ucr,207_UCR_Anomaly_CHARISten_3165_26929_26989,CHARISten,,ae,tuned,"{'w': 100, 'hidden': 32, 'latent': 16}",0.00779,0.0104,0.60619,0.02166,6.33,7.98,0.0,36705,1,0.00166,ok
ucr,209_UCR_Anomaly_Fantasia_19000_26970_27270,Fantasia,,iforest,default,,0.00397,0.00529,0.94551,0.00499,5.53,,17.0,73000,1,0.00412,ok
ucr,209_UCR_Anomaly_Fantasia_19000_26970_27270,Fantasia,,iforest,tuned,"{'w': 100, 'n_estimators': 200}",0.00397,0.00529,0.94551,0.00499,9.15,9.77,0.0,73000,1,0.00412,ok
ucr,209_UCR_Anomaly_Fantasia_19000_26970_27270,Fantasia,,lof,default,,0.01025,0.01245,0.77571,0.03042,2.91,,17.0,73000,1,0.00412,ok
ucr,209_UCR_Anomaly_Fantasia_19000_26970_27270,Fantasia,,lof,tuned,"{'w': 200, 'k': 10}",0.05722,0.06299,0.77387,0.13793,4.16,5.14,0.0,73000,1,0.00412,ok
ucr,209_UCR_Anomaly_Fantasia_19000_26970_27270,Fantasia,,knn,default,,0.05086,0.05424,0.9454,0.12013,2.39,,17.0,73000,1,0.00412,ok
ucr,209_UCR_Anomaly_Fantasia_19000_26970_27270,Fantasia,,knn,tuned,"{'w': 200, 'k': 1}",0.12049,0.15352,0.94516,0.33205,4.13,3.22,0.0,73000,1,0.00412,ok
ucr,209_UCR_Anomaly_Fantasia_19000_26970_27270,Fantasia,,ae,default,,0.45417,0.31909,0.99931,0.53064,10.21,,53.0,73000,1,0.00412,ok
ucr,209_UCR_Anomaly_Fantasia_19000_26970_27270,Fantasia,,ae,tuned,"{'w': 200, 'hidden': 32, 'latent': 16}",0.01888,0.02247,0.66874,0.04791,14.38,41.54,0.0,73000,1,0.00412,ok
ucr,211_UCR_Anomaly_Italianpowerdemand_38113_39240_39336,Italianpowerdemand,,iforest,default,,0.00381,0.0058,0.7748,0.01336,5.87,,17.0,81467,1,0.00119,ok
ucr,211_UCR_Anomaly_Italianpowerdemand_38113_39240_39336,Italianpowerdemand,,iforest,tuned,"{'w': 400, 'n_estimators': 100}",0.00343,0.00514,0.77411,0.01158,15.19,14.9,0.0,81467,1,0.00119,ok
ucr,211_UCR_Anomaly_Italianpowerdemand_38113_39240_39336,Italianpowerdemand,,lof,default,,0.00066,0.0011,0.71681,0.0,4.76,,17.0,81467,1,0.00119,ok
ucr,211_UCR_Anomaly_Italianpowerdemand_38113_39240_39336,Italianpowerdemand,,lof,tuned,"{'w': 200, 'k': 30}",0.00072,0.00111,0.67959,0.0,5.45,7.72,0.0,81467,1,0.00119,ok
ucr,211_UCR_Anomaly_Italianpowerdemand_38113_39240_39336,Italianpowerdemand,,knn,default,,0.00077,0.00123,0.72428,0.0,3.81,,17.0,81467,1,0.00119,ok
ucr,211_UCR_Anomaly_Italianpowerdemand_38113_39240_39336,Italianpowerdemand,,knn,tuned,"{'w': 200, 'k': 5}",0.00079,0.00121,0.68303,0.0,4.98,6.05,0.0,81467,1,0.00119,ok
ucr,211_UCR_Anomaly_Italianpowerdemand_38113_39240_39336,Italianpowerdemand,,ae,default,,0.00924,0.01254,0.67649,0.02613,17.22,,58.8,81467,1,0.00119,ok
ucr,211_UCR_Anomaly_Italianpowerdemand_38113_39240_39336,Italianpowerdemand,,ae,tuned,"{'w': 100, 'hidden': 64, 'latent': 16}",0.00924,0.01254,0.67649,0.02613,21.99,59.96,0.0,81467,1,0.00119,ok
ucr,213_UCR_Anomaly_STAFFIIIDatabase_33211_126920_127370,STAFFIIIDatabase,,iforest,default,,0.00533,0.00459,0.71043,0.01268,18.21,,17.0,266789,1,0.00169,ok
ucr,213_UCR_Anomaly_STAFFIIIDatabase_33211_126920_127370,STAFFIIIDatabase,,iforest,tuned,"{'w': 200, 'n_estimators': 200}",0.0046,0.00476,0.7087,0.00993,36.96,14.06,0.0,266789,1,0.00169,ok
ucr,213_UCR_Anomaly_STAFFIIIDatabase_33211_126920_127370,STAFFIIIDatabase,,lof,default,,0.03113,0.03414,0.73299,0.07598,13.06,,17.0,266789,1,0.00169,ok
ucr,213_UCR_Anomaly_STAFFIIIDatabase_33211_126920_127370,STAFFIIIDatabase,,lof,tuned,"{'w': 100, 'k': 10}",0.06285,0.06823,0.75312,0.13536,21.77,5.94,0.0,266789,1,0.00169,ok
ucr,213_UCR_Anomaly_STAFFIIIDatabase_33211_126920_127370,STAFFIIIDatabase,,knn,default,,0.26268,0.04362,0.97733,0.45681,11.63,,17.0,266789,1,0.00169,ok
ucr,213_UCR_Anomaly_STAFFIIIDatabase_33211_126920_127370,STAFFIIIDatabase,,knn,tuned,"{'w': 200, 'k': 3}",0.39159,0.11763,0.99951,0.54318,16.74,4.52,0.0,266789,1,0.00169,ok
ucr,213_UCR_Anomaly_STAFFIIIDatabase_33211_126920_127370,STAFFIIIDatabase,,ae,default,,0.31224,0.06251,0.99941,0.47166,26.88,,131.0,266789,1,0.00169,ok
ucr,213_UCR_Anomaly_STAFFIIIDatabase_33211_126920_127370,STAFFIIIDatabase,,ae,tuned,"{'w': 200, 'hidden': 32, 'latent': 8}",0.38571,0.08476,0.99949,0.48698,46.38,54.37,0.0,266789,1,0.00169,ok
ucr,215_UCR_Anomaly_STAFFIIIDatabase_36276_106720_107370,STAFFIIIDatabase,,iforest,default,,0.00243,0.0026,0.68384,0.00277,17.98,,17.0,263714,1,0.00247,ok
ucr,215_UCR_Anomaly_STAFFIIIDatabase_36276_106720_107370,STAFFIIIDatabase,,iforest,tuned,"{'w': 200, 'n_estimators': 200}",0.0022,0.00241,0.67768,0.00264,41.44,16.78,0.0,263714,1,0.00247,ok
ucr,215_UCR_Anomaly_STAFFIIIDatabase_36276_106720_107370,STAFFIIIDatabase,,lof,default,,0.04236,0.01309,0.8962,0.10691,13.91,,17.0,263714,1,0.00247,ok
ucr,215_UCR_Anomaly_STAFFIIIDatabase_36276_106720_107370,STAFFIIIDatabase,,lof,tuned,"{'w': 200, 'k': 30}",0.16797,0.09438,0.6609,0.2469,17.55,11.85,0.0,263714,1,0.00247,ok
ucr,215_UCR_Anomaly_STAFFIIIDatabase_36276_106720_107370,STAFFIIIDatabase,,knn,default,,0.17978,0.02384,0.973,0.24846,12.02,,17.0,263714,1,0.00247,ok
ucr,215_UCR_Anomaly_STAFFIIIDatabase_36276_106720_107370,STAFFIIIDatabase,,knn,tuned,"{'w': 100, 'k': 3}",0.19055,0.02578,0.98381,0.27498,22.21,6.43,0.0,263714,1,0.00247,ok
ucr,215_UCR_Anomaly_STAFFIIIDatabase_36276_106720_107370,STAFFIIIDatabase,,ae,default,,0.12011,0.01237,0.89997,0.18407,27.27,,130.6,263714,1,0.00247,ok
ucr,215_UCR_Anomaly_STAFFIIIDatabase_36276_106720_107370,STAFFIIIDatabase,,ae,tuned,"{'w': 100, 'hidden': 32, 'latent': 8}",0.00243,0.00282,0.66721,0.00304,37.44,77.68,0.0,263714,1,0.00247,ok
ucr,217_UCR_Anomaly_STAFFIIIDatabase_38211_150720_151370,STAFFIIIDatabase,,iforest,default,,0.0029,0.00326,0.62406,0.00169,15.71,,17.0,261479,1,0.00249,ok
ucr,217_UCR_Anomaly_STAFFIIIDatabase_38211_150720_151370,STAFFIIIDatabase,,iforest,tuned,"{'w': 200, 'n_estimators': 200}",0.00251,0.00275,0.62567,0.00047,38.67,14.67,0.0,261479,1,0.00249,ok
ucr,217_UCR_Anomaly_STAFFIIIDatabase_38211_150720_151370,STAFFIIIDatabase,,lof,default,,0.00619,0.00634,0.62626,0.01642,18.97,,17.0,261479,1,0.00249,ok
ucr,217_UCR_Anomaly_STAFFIIIDatabase_38211_150720_151370,STAFFIIIDatabase,,lof,tuned,"{'w': 200, 'k': 10}",0.01186,0.01196,0.60063,0.03033,18.91,12.82,0.0,261479,1,0.00249,ok
ucr,217_UCR_Anomaly_STAFFIIIDatabase_38211_150720_151370,STAFFIIIDatabase,,knn,default,,0.00434,0.00441,0.61468,0.01092,15.11,,17.0,261479,1,0.00249,ok
ucr,217_UCR_Anomaly_STAFFIIIDatabase_38211_150720_151370,STAFFIIIDatabase,,knn,tuned,"{'w': 200, 'k': 1}",0.00794,0.00776,0.60803,0.01859,16.56,6.82,0.0,261479,1,0.00249,ok
ucr,217_UCR_Anomaly_STAFFIIIDatabase_38211_150720_151370,STAFFIIIDatabase,,ae,default,,0.0049,0.00496,0.67455,0.01458,27.94,,130.1,261479,1,0.00249,ok
ucr,217_UCR_Anomaly_STAFFIIIDatabase_38211_150720_151370,STAFFIIIDatabase,,ae,tuned,"{'w': 200, 'hidden': 32, 'latent': 8}",0.00202,0.00222,0.65847,0.00083,46.65,74.7,0.0,261479,1,0.00249,ok
ucr,219_UCR_Anomaly_STAFFIIIDatabase_41612_64632_64852,STAFFIIIDatabase,,iforest,default,,0.00254,0.00268,0.66892,0.00569,15.56,,17.0,258228,1,0.00086,ok
ucr,219_UCR_Anomaly_STAFFIIIDatabase_41612_64632_64852,STAFFIIIDatabase,,iforest,tuned,"{'w': 400, 'n_estimators': 100}",0.0018,0.00205,0.66428,0.00503,54.7,14.79,0.0,258228,1,0.00086,ok
ucr,219_UCR_Anomaly_STAFFIIIDatabase_41612_64632_64852,STAFFIIIDatabase,,lof,default,,0.0069,0.01154,0.67713,0.02119,15.86,,17.0,258228,1,0.00086,ok
ucr,219_UCR_Anomaly_STAFFIIIDatabase_41612_64632_64852,STAFFIIIDatabase,,lof,tuned,"{'w': 100, 'k': 10}",0.01785,0.02267,0.68031,0.05411,23.19,7.5,0.0,258228,1,0.00086,ok
ucr,219_UCR_Anomaly_STAFFIIIDatabase_41612_64632_64852,STAFFIIIDatabase,,knn,default,,0.11321,0.04218,0.75825,0.17652,13.06,,17.0,258228,1,0.00086,ok
ucr,219_UCR_Anomaly_STAFFIIIDatabase_41612_64632_64852,STAFFIIIDatabase,,knn,tuned,"{'w': 200, 'k': 1}",0.0869,0.06991,0.66246,0.16161,16.87,6.21,0.0,258228,1,0.00086,ok
ucr,219_UCR_Anomaly_STAFFIIIDatabase_41612_64632_64852,STAFFIIIDatabase,,ae,default,,0.7637,0.10306,0.99994,0.78039,28.86,,128.5,258228,1,0.00086,ok
ucr,219_UCR_Anomaly_STAFFIIIDatabase_41612_64632_64852,STAFFIIIDatabase,,ae,tuned,"{'w': 100, 'hidden': 64, 'latent': 8}",0.773,0.10239,0.99995,0.78039,40.56,70.66,0.0,258228,1,0.00086,ok
ucr,221_UCR_Anomaly_STAFFIIIDatabase_45616_163632_164852,STAFFIIIDatabase,,iforest,default,,0.00487,0.00518,0.66626,0.00623,18.5,,17.0,252724,1,0.00483,ok
ucr,221_UCR_Anomaly_STAFFIIIDatabase_45616_163632_164852,STAFFIIIDatabase,,iforest,tuned,"{'w': 200, 'n_estimators': 200}",0.00535,0.00552,0.66462,0.00644,39.34,20.6,0.0,252724,1,0.00483,ok
ucr,221_UCR_Anomaly_STAFFIIIDatabase_45616_163632_164852,STAFFIIIDatabase,,lof,default,,0.16204,0.03833,0.99941,0.28484,15.27,,17.0,252724,1,0.00483,ok
ucr,221_UCR_Anomaly_STAFFIIIDatabase_45616_163632_164852,STAFFIIIDatabase,,lof,tuned,"{'w': 100, 'k': 50}",0.16204,0.03833,0.99941,0.28484,24.89,14.19,0.0,252724,1,0.00483,ok
ucr,221_UCR_Anomaly_STAFFIIIDatabase_45616_163632_164852,STAFFIIIDatabase,,knn,default,,0.20367,0.05217,0.99944,0.33414,13.53,,17.0,252724,1,0.00483,ok
ucr,221_UCR_Anomaly_STAFFIIIDatabase_45616_163632_164852,STAFFIIIDatabase,,knn,tuned,"{'w': 100, 'k': 1}",0.24166,0.06984,0.99944,0.34656,22.77,8.81,0.0,252724,1,0.00483,ok
ucr,221_UCR_Anomaly_STAFFIIIDatabase_45616_163632_164852,STAFFIIIDatabase,,ae,default,,0.22388,0.05221,0.99943,0.33174,29.99,,126.4,252724,1,0.00483,ok
ucr,221_UCR_Anomaly_STAFFIIIDatabase_45616_163632_164852,STAFFIIIDatabase,,ae,tuned,"{'w': 100, 'hidden': 32, 'latent': 8}",0.00721,0.00741,0.67588,0.01075,39.63,112.66,0.0,252724,1,0.00483,ok
ucr,223_UCR_Anomaly_mit14046longtermecg_74123_131200_131700,mit14046longtermecg,,iforest,default,,0.0027,0.00375,0.58268,0.00107,7.21,,17.0,106263,1,0.00471,ok
ucr,223_UCR_Anomaly_mit14046longtermecg_74123_131200_131700,mit14046longtermecg,,iforest,tuned,"{'w': 200, 'n_estimators': 200}",0.00257,0.00374,0.55849,0.0,15.23,24.26,0.0,106263,1,0.00471,ok
ucr,223_UCR_Anomaly_mit14046longtermecg_74123_131200_131700,mit14046longtermecg,,lof,default,,0.01213,0.01422,0.72623,0.02805,12.86,,17.0,106263,1,0.00471,ok
ucr,223_UCR_Anomaly_mit14046longtermecg_74123_131200_131700,mit14046longtermecg,,lof,tuned,"{'w': 100, 'k': 30}",0.01562,0.01896,0.76947,0.03798,14.33,27.82,0.0,106263,1,0.00471,ok
ucr,223_UCR_Anomaly_mit14046longtermecg_74123_131200_131700,mit14046longtermecg,,knn,default,,0.00713,0.00854,0.58063,0.0081,8.18,,17.0,106263,1,0.00471,ok
ucr,223_UCR_Anomaly_mit14046longtermecg_74123_131200_131700,mit14046longtermecg,,knn,tuned,"{'w': 100, 'k': 3}",0.00738,0.00877,0.57807,0.00917,11.93,16.5,0.0,106263,1,0.00471,ok
ucr,223_UCR_Anomaly_mit14046longtermecg_74123_131200_131700,mit14046longtermecg,,ae,default,,0.00485,0.00559,0.57882,0.00903,31.38,,70.8,106263,1,0.00471,ok
ucr,223_UCR_Anomaly_mit14046longtermecg_74123_131200_131700,mit14046longtermecg,,ae,tuned,"{'w': 100, 'hidden': 64, 'latent': 16}",0.00485,0.00559,0.57882,0.00903,34.12,151.57,0.0,106263,1,0.00471,ok
ucr,225_UCR_Anomaly_mit14046longtermecg_81214_143000_143300,mit14046longtermecg,,iforest,default,,0.00619,0.00697,0.52335,0.01558,8.23,,17.0,118785,1,0.00253,ok
ucr,225_UCR_Anomaly_mit14046longtermecg_81214_143000_143300,mit14046longtermecg,,iforest,tuned,"{'w': 200, 'n_estimators': 100}",0.00497,0.00633,0.517,0.01708,12.99,21.1,0.0,118785,1,0.00253,ok
ucr,225_UCR_Anomaly_mit14046longtermecg_81214_143000_143300,mit14046longtermecg,,lof,default,,0.22076,0.19602,0.64381,0.39133,12.76,,17.0,118785,1,0.00253,ok
ucr,225_UCR_Anomaly_mit14046longtermecg_81214_143000_143300,mit14046longtermecg,,lof,tuned,"{'w': 200, 'k': 30}",0.37282,0.33744,0.69838,0.58369,10.14,33.09,0.0,118785,1,0.00253,ok
ucr,225_UCR_Anomaly_mit14046longtermecg_81214_143000_143300,mit14046longtermecg,,knn,default,,0.0457,0.04261,0.51547,0.10314,9.52,,17.0,118785,1,0.00253,ok
ucr,225_UCR_Anomaly_mit14046longtermecg_81214_143000_143300,mit14046longtermecg,,knn,tuned,"{'w': 100, 'k': 3}",0.05082,0.04719,0.5144,0.11367,16.42,20.9,0.0,118785,1,0.00253,ok
ucr,225_UCR_Anomaly_mit14046longtermecg_81214_143000_143300,mit14046longtermecg,,ae,default,,0.04603,0.04536,0.51856,0.1116,34.11,,76.5,118785,1,0.00253,ok
ucr,225_UCR_Anomaly_mit14046longtermecg_81214_143000_143300,mit14046longtermecg,,ae,tuned,"{'w': 100, 'hidden': 64, 'latent': 16}",0.04603,0.04536,0.51856,0.1116,40.18,175.18,0.0,118785,1,0.00253,ok
ucr,227_UCR_Anomaly_mit14134longtermecg_11231_29000_29100,mit14134longtermecg,,iforest,default,,0.00294,0.00343,0.72377,0.00604,3.65,,17.0,48071,1,0.0021,ok
ucr,227_UCR_Anomaly_mit14134longtermecg_11231_29000_29100,mit14134longtermecg,,iforest,tuned,"{'w': 100, 'n_estimators': 100}",0.00287,0.00338,0.72316,0.00592,4.39,8.09,0.0,48071,1,0.0021,ok
ucr,227_UCR_Anomaly_mit14134longtermecg_11231_29000_29100,mit14134longtermecg,,lof,default,,0.05239,0.03914,0.72359,0.11922,1.5,,17.0,48071,1,0.0021,ok
ucr,227_UCR_Anomaly_mit14134longtermecg_11231_29000_29100,mit14134longtermecg,,lof,tuned,"{'w': 100, 'k': 50}",0.05239,0.03914,0.72359,0.11922,3.25,2.95,0.0,48071,1,0.0021,ok
ucr,227_UCR_Anomaly_mit14134longtermecg_11231_29000_29100,mit14134longtermecg,,knn,default,,0.76159,0.23163,0.99962,0.68197,1.29,,17.0,48071,1,0.0021,ok
ucr,227_UCR_Anomaly_mit14134longtermecg_11231_29000_29100,mit14134longtermecg,,knn,tuned,"{'w': 100, 'k': 3}",0.77616,0.23952,0.99962,0.68565,2.99,2.11,0.0,48071,1,0.0021,ok
ucr,227_UCR_Anomaly_mit14134longtermecg_11231_29000_29100,mit14134longtermecg,,ae,default,,0.01162,0.01059,0.72363,0.02946,6.78,,41.6,48071,1,0.0021,ok
ucr,227_UCR_Anomaly_mit14134longtermecg_11231_29000_29100,mit14134longtermecg,,ae,tuned,"{'w': 100, 'hidden': 32, 'latent': 8}",0.0029,0.00333,0.76367,0.00684,8.5,25.93,0.0,48071,1,0.0021,ok
ucr,229_UCR_Anomaly_mit14134longtermecg_16363_57960_57970,mit14134longtermecg,,iforest,default,,0.00063,0.00086,0.63246,0.00192,3.44,,17.0,42637,1,0.00026,ok
ucr,229_UCR_Anomaly_mit14134longtermecg_16363_57960_57970,mit14134longtermecg,,iforest,tuned,"{'w': 100, 'n_estimators': 200}",0.00063,0.00086,0.63246,0.00192,6.37,12.22,0.0,42637,1,0.00026,ok
ucr,229_UCR_Anomaly_mit14134longtermecg_16363_57960_57970,mit14134longtermecg,,lof,default,,0.00189,0.00316,0.64202,0.00596,2.15,,17.0,42637,1,0.00026,ok
ucr,229_UCR_Anomaly_mit14134longtermecg_16363_57960_57970,mit14134longtermecg,,lof,tuned,"{'w': 50, 'k': 30}",0.99242,0.11528,0.9999,0.66667,7.27,6.71,0.0,42637,1,0.00026,ok
ucr,229_UCR_Anomaly_mit14134longtermecg_16363_57960_57970,mit14134longtermecg,,knn,default,,0.00496,0.00853,0.65417,0.01429,1.84,,17.0,42637,1,0.00026,ok
ucr,229_UCR_Anomaly_mit14134longtermecg_16363_57960_57970,mit14134longtermecg,,knn,tuned,"{'w': 100, 'k': 3}",0.00523,0.00949,0.65449,0.01429,3.83,4.12,0.0,42637,1,0.00026,ok
ucr,229_UCR_Anomaly_mit14134longtermecg_16363_57960_57970,mit14134longtermecg,,ae,default,,0.11805,0.07454,0.70361,0.08871,10.03,,40.1,42637,1,0.00026,ok
ucr,229_UCR_Anomaly_mit14134longtermecg_16363_57960_57970,mit14134longtermecg,,ae,tuned,"{'w': 100, 'hidden': 64, 'latent': 8}",0.01385,0.0216,0.69661,0.0342,12.24,47.21,0.0,42637,1,0.00026,ok
ucr,231_UCR_Anomaly_mit14134longtermecg_8763_47530_47790,mit14134longtermecg,,iforest,default,,0.00357,0.00784,0.77781,0.00133,4.85,,17.0,50237,1,0.0052,ok
ucr,231_UCR_Anomaly_mit14134longtermecg_8763_47530_47790,mit14134longtermecg,,iforest,tuned,"{'w': 100, 'n_estimators': 200}",0.00357,0.00784,0.77781,0.00133,6.77,10.18,0.0,50237,1,0.0052,ok
ucr,231_UCR_Anomaly_mit14134longtermecg_8763_47530_47790,mit14134longtermecg,,lof,default,,0.01465,0.02902,0.77917,0.02754,1.41,,17.0,50237,1,0.0052,ok
ucr,231_UCR_Anomaly_mit14134longtermecg_8763_47530_47790,mit14134longtermecg,,lof,tuned,"{'w': 50, 'k': 30}",0.09883,0.10139,0.80076,0.2042,4.21,2.51,0.0,50237,1,0.0052,ok
ucr,231_UCR_Anomaly_mit14134longtermecg_8763_47530_47790,mit14134longtermecg,,knn,default,,0.03197,0.04923,0.81657,0.08534,1.15,,17.0,50237,1,0.0052,ok
ucr,231_UCR_Anomaly_mit14134longtermecg_8763_47530_47790,mit14134longtermecg,,knn,tuned,"{'w': 50, 'k': 3}",0.02775,0.0472,0.90695,0.06549,3.76,1.78,0.0,50237,1,0.0052,ok
ucr,231_UCR_Anomaly_mit14134longtermecg_8763_47530_47790,mit14134longtermecg,,ae,default,,0.00298,0.00513,0.67277,0.00037,6.77,,43.0,50237,1,0.0052,ok
ucr,231_UCR_Anomaly_mit14134longtermecg_8763_47530_47790,mit14134longtermecg,,ae,tuned,"{'w': 100, 'hidden': 64, 'latent': 8}",0.00302,0.00717,0.77828,0.00084,9.27,23.51,0.0,50237,1,0.0052,ok
ucr,233_UCR_Anomaly_mit14157longtermecg_18913_24500_24501,mit14157longtermecg,,iforest,default,,0.00158,0.00359,0.76831,0.00346,5.5,,17.0,73797,1,3e-05,ok
ucr,233_UCR_Anomaly_mit14157longtermecg_18913_24500_24501,mit14157longtermecg,,iforest,tuned,"{'w': 100, 'n_estimators': 100}",0.00158,0.00359,0.76914,0.00346,6.43,12.48,0.0,73797,1,3e-05,ok
ucr,233_UCR_Anomaly_mit14157longtermecg_18913_24500_24501,mit14157longtermecg,,lof,default,,0.00226,0.00532,0.76333,0.0051,4.22,,17.0,73797,1,3e-05,ok
ucr,233_UCR_Anomaly_mit14157longtermecg_18913_24500_24501,mit14157longtermecg,,lof,tuned,"{'w': 100, 'k': 30}",0.00236,0.00539,0.76218,0.0051,6.78,7.97,0.0,73797,1,3e-05,ok
ucr,233_UCR_Anomaly_mit14157longtermecg_18913_24500_24501,mit14157longtermecg,,knn,default,,0.00358,0.00539,0.74907,0.0051,3.38,,17.0,73797,1,3e-05,ok
ucr,233_UCR_Anomaly_mit14157longtermecg_18913_24500_24501,mit14157longtermecg,,knn,tuned,"{'w': 100, 'k': 3}",0.00346,0.00539,0.73356,0.0051,6.17,4.69,0.0,73797,1,3e-05,ok
ucr,233_UCR_Anomaly_mit14157longtermecg_18913_24500_24501,mit14157longtermecg,,ae,default,,0.00274,0.00539,0.73208,0.0051,13.59,,52.7,73797,1,3e-05,ok
ucr,233_UCR_Anomaly_mit14157longtermecg_18913_24500_24501,mit14157longtermecg,,ae,tuned,"{'w': 100, 'hidden': 32, 'latent': 16}",0.00299,0.00539,0.74985,0.0051,17.43,51.57,0.0,73797,1,3e-05,ok
ucr,235_UCR_Anomaly_mit14157longtermecg_18913_75450_75451,mit14157longtermecg,,iforest,default,,0.00189,0.00296,0.9704,0.0048,6.91,,17.0,78387,1,3e-05,ok
ucr,235_UCR_Anomaly_mit14157longtermecg_18913_75450_75451,mit14157longtermecg,,iforest,tuned,"{'w': 100, 'n_estimators': 100}",0.00185,0.00291,0.97038,0.0048,8.57,13.07,0.0,78387,1,3e-05,ok
ucr,235_UCR_Anomaly_mit14157longtermecg_18913_75450_75451,mit14157longtermecg,,lof,default,,0.00211,0.00501,0.81315,0.0048,4.62,,17.0,78387,1,3e-05,ok
ucr,235_UCR_Anomaly_mit14157longtermecg_18913_75450_75451,mit14157longtermecg,,lof,tuned,"{'w': 100, 'k': 30}",0.00271,0.00508,0.81136,0.0048,7.45,7.62,0.0,78387,1,3e-05,ok
ucr,235_UCR_Anomaly_mit14157longtermecg_18913_75450_75451,mit14157longtermecg,,knn,default,,0.00528,0.01015,0.82582,0.00913,3.87,,17.0,78387,1,3e-05,ok
ucr,235_UCR_Anomaly_mit14157longtermecg_18913_75450_75451,mit14157longtermecg,,knn,tuned,"{'w': 100, 'k': 3}",0.0058,0.01015,0.82602,0.00913,7.19,5.23,0.0,78387,1,3e-05,ok
ucr,235_UCR_Anomaly_mit14157longtermecg_18913_75450_75451,mit14157longtermecg,,ae,default,,0.00554,0.01015,0.81919,0.00915,14.02,,55.1,78387,1,3e-05,ok
ucr,235_UCR_Anomaly_mit14157longtermecg_18913_75450_75451,mit14157longtermecg,,ae,tuned,"{'w': 100, 'hidden': 32, 'latent': 16}",0.0047,0.01015,0.81847,0.00915,17.13,50.36,0.0,78387,1,3e-05,ok
ucr,237_UCR_Anomaly_mit14157longtermecg_19313_89560_90370,mit14157longtermecg,,iforest,default,,0.05658,0.06,0.65104,0.15414,6.92,,17.0,77687,1,0.01044,ok
ucr,237_UCR_Anomaly_mit14157longtermecg_19313_89560_90370,mit14157longtermecg,,iforest,tuned,"{'w': 100, 'n_estimators': 100}",0.05925,0.06352,0.6636,0.16253,8.54,13.37,0.0,77687,1,0.01044,ok
ucr,237_UCR_Anomaly_mit14157longtermecg_19313_89560_90370,mit14157longtermecg,,lof,default,,0.1526,0.15622,0.7177,0.33475,4.56,,17.0,77687,1,0.01044,ok
ucr,237_UCR_Anomaly_mit14157longtermecg_19313_89560_90370,mit14157longtermecg,,lof,tuned,"{'w': 100, 'k': 30}",0.16642,0.16424,0.71958,0.35716,8.23,7.72,0.0,77687,1,0.01044,ok
ucr,237_UCR_Anomaly_mit14157longtermecg_19313_89560_90370,mit14157longtermecg,,knn,default,,0.17817,0.17698,0.70687,0.36365,3.62,,17.0,77687,1,0.01044,ok
ucr,237_UCR_Anomaly_mit14157longtermecg_19313_89560_90370,mit14157longtermecg,,knn,tuned,"{'w': 100, 'k': 3}",0.18263,0.17991,0.70738,0.36671,7.16,4.79,0.0,77687,1,0.01044,ok
ucr,237_UCR_Anomaly_mit14157longtermecg_19313_89560_90370,mit14157longtermecg,,ae,default,,0.12988,0.13422,0.71002,0.3003,14.57,,55.0,77687,1,0.01044,ok
ucr,237_UCR_Anomaly_mit14157longtermecg_19313_89560_90370,mit14157longtermecg,,ae,tuned,"{'w': 100, 'hidden': 32, 'latent': 16}",0.1102,0.11071,0.70368,0.26858,15.93,46.13,0.0,77687,1,0.01044,ok
ucr,239_UCR_Anomaly_taichidbS0715Master_190037_593450_593514,taichidbS0715Master,,iforest,default,,0.00325,0.00348,0.66553,0.00814,48.63,,17.0,707630,1,9e-05,ok
ucr,239_UCR_Anomaly_taichidbS0715Master_190037_593450_593514,taichidbS0715Master,,iforest,tuned,"{'w': 400, 'n_estimators': 100}",0.00064,0.00094,0.67065,0.00167,174.42,52.3,0.0,707630,1,9e-05,ok
ucr,239_UCR_Anomaly_taichidbS0715Master_190037_593450_593514,taichidbS0715Master,,lof,default,,0.04922,0.01189,0.79256,0.13516,221.52,,17.0,707630,1,9e-05,ok
ucr,239_UCR_Anomaly_taichidbS0715Master_190037_593450_593514,taichidbS0715Master,,lof,tuned,"{'w': 50, 'k': 10}",0.00153,0.0033,0.6562,0.00595,440.36,155.91,0.0,707630,1,9e-05,ok
ucr,239_UCR_Anomaly_taichidbS0715Master_190037_593450_593514,taichidbS0715Master,,knn,default,,0.01392,0.01985,0.70138,0.03257,116.77,,17.0,707630,1,9e-05,ok
ucr,239_UCR_Anomaly_taichidbS0715Master_190037_593450_593514,taichidbS0715Master,,knn,tuned,"{'w': 100, 'k': 1}",0.02137,0.01843,0.70024,0.03257,129.46,64.67,0.0,707630,1,9e-05,ok
ucr,239_UCR_Anomaly_taichidbS0715Master_190037_593450_593514,taichidbS0715Master,,ae,default,,0.0014,0.00168,0.6951,0.00336,105.01,,319.6,707630,1,9e-05,ok
ucr,239_UCR_Anomaly_taichidbS0715Master_190037_593450_593514,taichidbS0715Master,,ae,tuned,"{'w': 50, 'hidden': 64, 'latent': 16}",0.00056,0.00082,0.66538,0.00151,194.4,452.76,0.0,707630,1,9e-05,ok
ucr,241_UCR_Anomaly_taichidbS0715Master_250000_837400_839100,taichidbS0715Master,,iforest,default,,0.00263,0.00273,0.66835,0.00555,39.2,,17.0,650000,1,0.00262,ok
ucr,241_UCR_Anomaly_taichidbS0715Master_250000_837400_839100,taichidbS0715Master,,iforest,tuned,"{'w': 400, 'n_estimators': 100}",0.00238,0.00245,0.66576,0.00272,128.14,59.72,0.0,650000,1,0.00262,ok
ucr,241_UCR_Anomaly_taichidbS0715Master_250000_837400_839100,taichidbS0715Master,,lof,default,,0.00999,0.00998,0.74701,0.03005,168.78,,17.0,650000,1,0.00262,ok
ucr,241_UCR_Anomaly_taichidbS0715Master_250000_837400_839100,taichidbS0715Master,,lof,tuned,"{'w': 50, 'k': 10}",0.01335,0.0122,0.71137,0.03952,726.24,195.32,0.0,650000,1,0.00262,ok
ucr,241_UCR_Anomaly_taichidbS0715Master_250000_837400_839100,taichidbS0715Master,,knn,default,,0.00808,0.00884,0.74131,0.01886,147.72,,17.0,650000,1,0.00262,ok
ucr,241_UCR_Anomaly_taichidbS0715Master_250000_837400_839100,taichidbS0715Master,,knn,tuned,"{'w': 50, 'k': 1}",0.00975,0.00987,0.7605,0.03118,389.56,80.95,0.0,650000,1,0.00262,ok
ucr,241_UCR_Anomaly_taichidbS0715Master_250000_837400_839100,taichidbS0715Master,,ae,default,,0.0022,0.00235,0.71257,0.00085,126.94,,302.3,650000,1,0.00262,ok
ucr,241_UCR_Anomaly_taichidbS0715Master_250000_837400_839100,taichidbS0715Master,,ae,tuned,"{'w': 50, 'hidden': 64, 'latent': 16}",0.00246,0.00262,0.8134,0.00102,249.16,528.34,0.0,650000,1,0.00262,ok
ucr,243_UCR_Anomaly_tilt12744mtable_100000_203355_203400,tilt12744mtable,,iforest,default,,0.00163,0.00241,0.62044,0.00422,10.36,,17.0,150001,1,0.00031,ok
ucr,243_UCR_Anomaly_tilt12744mtable_100000_203355_203400,tilt12744mtable,,iforest,tuned,"{'w': 400, 'n_estimators': 100}",0.00078,0.00122,0.56007,0.00263,30.13,30.63,0.0,150001,1,0.00031,ok
ucr,243_UCR_Anomaly_tilt12744mtable_100000_203355_203400,tilt12744mtable,,lof,default,,0.00946,0.01451,0.67828,0.0267,16.05,,17.0,150001,1,0.00031,ok
ucr,243_UCR_Anomaly_tilt12744mtable_100000_203355_203400,tilt12744mtable,,lof,tuned,"{'w': 200, 'k': 10}",0.19974,0.04604,0.73983,0.10478,13.43,28.83,0.0,150001,1,0.00031,ok
ucr,243_UCR_Anomaly_tilt12744mtable_100000_203355_203400,tilt12744mtable,,knn,default,,0.01741,0.02863,0.6768,0.04548,13.69,,17.0,150001,1,0.00031,ok
ucr,243_UCR_Anomaly_tilt12744mtable_100000_203355_203400,tilt12744mtable,,knn,tuned,"{'w': 200, 'k': 3}",0.01086,0.01564,0.61029,0.03103,12.6,19.46,0.0,150001,1,0.00031,ok
ucr,243_UCR_Anomaly_tilt12744mtable_100000_203355_203400,tilt12744mtable,,ae,default,,0.01436,0.02469,0.61086,0.03846,43.89,,90.7,150001,1,0.00031,ok
ucr,243_UCR_Anomaly_tilt12744mtable_100000_203355_203400,tilt12744mtable,,ae,tuned,"{'w': 100, 'hidden': 32, 'latent': 8}",0.01336,0.02773,0.60527,0.03846,50.35,178.25,0.0,150001,1,0.00031,ok
ucr,245_UCR_Anomaly_tilt12754table_100211_270800_271070,tilt12754table,,iforest,default,,0.01432,0.01821,0.58219,0.037,14.09,,17.0,198536,1,0.00136,ok
ucr,245_UCR_Anomaly_tilt12754table_100211_270800_271070,tilt12754table,,iforest,tuned,"{'w': 200, 'n_estimators': 200}",0.02163,0.03027,0.52496,0.0634,29.46,28.57,0.0,198536,1,0.00136,ok
ucr,245_UCR_Anomaly_tilt12754table_100211_270800_271070,tilt12754table,,lof,default,,0.00407,0.00468,0.86191,0.01037,20.33,,17.0,198536,1,0.00136,ok
ucr,245_UCR_Anomaly_tilt12754table_100211_270800_271070,tilt12754table,,lof,tuned,"{'w': 100, 'k': 10}",0.01027,0.01045,0.82562,0.02786,27.22,41.57,0.0,198536,1,0.00136,ok
ucr,245_UCR_Anomaly_tilt12754table_100211_270800_271070,tilt12754table,,knn,default,,0.06642,0.05578,0.76208,0.11787,17.77,,17.0,198536,1,0.00136,ok
ucr,245_UCR_Anomaly_tilt12754table_100211_270800_271070,tilt12754table,,knn,tuned,"{'w': 200, 'k': 3}",0.08674,0.07945,0.67708,0.16029,16.35,25.35,0.0,198536,1,0.00136,ok
ucr,245_UCR_Anomaly_tilt12754table_100211_270800_271070,tilt12754table,,ae,default,,0.05361,0.07039,0.66656,0.13387,46.37,,109.6,198536,1,0.00136,ok
ucr,245_UCR_Anomaly_tilt12754table_100211_270800_271070,tilt12754table,,ae,tuned,"{'w': 50, 'hidden': 64, 'latent': 16}",0.03356,0.03679,0.66451,0.09291,100.48,258.68,0.0,198536,1,0.00136,ok
ucr,247_UCR_Anomaly_tilt12755mtable_50211_121900_121980,tilt12755mtable,,iforest,default,,0.00099,0.00159,0.80048,0.00181,10.46,,17.0,149789,1,0.00054,ok
ucr,247_UCR_Anomaly_tilt12755mtable_50211_121900_121980,tilt12755mtable,,iforest,tuned,"{'w': 200, 'n_estimators': 200}",0.00114,0.00187,0.82525,0.00436,22.3,16.07,0.0,149789,1,0.00054,ok
ucr,247_UCR_Anomaly_tilt12755mtable_50211_121900_121980,tilt12755mtable,,lof,default,,0.04042,0.05007,0.92224,0.10819,8.74,,17.0,149789,1,0.00054,ok
ucr,247_UCR_Anomaly_tilt12755mtable_50211_121900_121980,tilt12755mtable,,lof,tuned,"{'w': 100, 'k': 30}",0.03686,0.06685,0.92764,0.09706,13.99,11.16,0.0,149789,1,0.00054,ok
ucr,247_UCR_Anomaly_tilt12755mtable_50211_121900_121980,tilt12755mtable,,knn,default,,0.00558,0.00603,0.84671,0.01433,8.32,,17.0,149789,1,0.00054,ok
ucr,247_UCR_Anomaly_tilt12755mtable_50211_121900_121980,tilt12755mtable,,knn,tuned,"{'w': 200, 'k': 5}",0.00706,0.01258,0.8437,0.02157,9.92,8.48,0.0,149789,1,0.00054,ok
ucr,247_UCR_Anomaly_tilt12755mtable_50211_121900_121980,tilt12755mtable,,ae,default,,0.0039,0.00483,0.8657,0.01236,27.01,,86.1,149789,1,0.00054,ok
ucr,247_UCR_Anomaly_tilt12755mtable_50211_121900_121980,tilt12755mtable,,ae,tuned,"{'w': 100, 'hidden': 32, 'latent': 8}",0.00159,0.00208,0.86352,0.00489,31.98,107.62,0.0,149789,1,0.00054,ok
ucr,249_UCR_Anomaly_weallwalk_2753_8285_8315,weallwalk,,iforest,default,,0.00317,0.00506,0.78484,0.0,1.66,,17.0,7771,1,0.00399,ok
ucr,249_UCR_Anomaly_weallwalk_2753_8285_8315,weallwalk,,iforest,tuned,"{'w': 50, 'n_estimators': 100}",0.00318,0.00474,0.72401,0.0,1.24,6.2,0.0,7771,1,0.00399,ok
ucr,249_UCR_Anomaly_weallwalk_2753_8285_8315,weallwalk,,lof,default,,0.00328,0.00481,0.7869,0.0,0.23,,17.0,7771,1,0.00399,ok
ucr,249_UCR_Anomaly_weallwalk_2753_8285_8315,weallwalk,,lof,tuned,"{'w': 200, 'k': 10}",0.00305,0.00431,0.91517,0.0,0.53,1.39,0.0,7771,1,0.00399,ok
ucr,249_UCR_Anomaly_weallwalk_2753_8285_8315,weallwalk,,knn,default,,0.0084,0.01112,0.79561,0.02315,0.14,,17.0,7771,1,0.00399,ok
ucr,249_UCR_Anomaly_weallwalk_2753_8285_8315,weallwalk,,knn,tuned,"{'w': 200, 'k': 1}",0.0033,0.00466,0.91031,0.0,0.52,1.14,0.0,7771,1,0.00399,ok
ucr,249_UCR_Anomaly_weallwalk_2753_8285_8315,weallwalk,,ae,default,,0.00853,0.01222,0.70937,0.02731,1.64,,25.4,7771,1,0.00399,ok
ucr,249_UCR_Anomaly_weallwalk_2753_8285_8315,weallwalk,,ae,tuned,"{'w': 200, 'hidden': 32, 'latent': 16}",0.00272,0.00408,0.91056,0.0,1.88,7.42,0.0,7771,1,0.00399,ok
