detectors=['chronos_small_resid', 'chronos_small_quantile', 'chronos_base_resid', 'chronos_base_quantile', 'timesfm_resid', 'timesfm_quantile']
tiers=['default']
datasets=['nasa', 'psm', 'smd', 'ucr']
shard=0/1
out=F:\CS\Paper\that\results\full_results_gpub.csv
already done: 1089 keys
[nasa] A-8                                timesfm_resid            default  vus=0.39853 affil=0.72126 (90.6s)
[nasa] A-8                                timesfm_quantile         default  vus=0.47453 affil=0.80549 (90.6s)
[nasa] A-9                                chronos_small_resid      default  vus=0.33325 affil=0.42781 (49.1s)
[nasa] A-9                                chronos_small_quantile   default  vus=0.41781 affil=0.62065 (49.1s)
[nasa] A-9                                chronos_base_resid       default  vus=0.34244 affil=0.45495 (9.2s)
[nasa] A-9                                chronos_base_quantile    default  vus=0.44859 affil=0.72229 (9.2s)
[nasa] A-9                                timesfm_resid            default  vus=0.36187 affil=0.50865 (75.5s)
[nasa] A-9                                timesfm_quantile         default  vus=0.44098 affil=0.72325 (75.5s)
[nasa] F-3                                chronos_small_resid      default  vus=0.03901 affil=0.75253 (2.9s)
[nasa] F-3                                chronos_small_quantile   default  vus=0.01613 affil=0.61255 (2.9s)
[nasa] F-3                                chronos_base_resid       default  vus=0.02094 affil=0.71555 (3.9s)
[nasa] F-3                                chronos_base_quantile    default  vus=0.01778 affil=0.64658 (3.9s)
[nasa] F-3                                timesfm_resid            default  vus=0.01974 affil=0.61846 (53.6s)
[nasa] F-3                                timesfm_quantile         default  vus=0.02085 affil=0.66003 (53.6s)
[nasa] M-6                                chronos_small_resid      default  vus=0.13521 affil=0.78239 (0.3s)
[nasa] M-6                                chronos_small_quantile   default  vus=0.10169 affil=0.6657 (0.3s)
[nasa] M-6                                chronos_base_resid       default  vus=0.12867 affil=0.74178 (0.7s)
[nasa] M-6                                chronos_base_quantile    default  vus=0.11231 affil=0.6576 (0.7s)
[nasa] M-6                                timesfm_resid            default  vus=0.15232 affil=0.75451 (9.0s)
[nasa] M-6                                timesfm_quantile         default  vus=0.11027 affil=0.66165 (9.0s)
[nasa] M-1                                chronos_small_resid      default  vus=0.63311 affil=0.94486 (0.4s)
[nasa] M-1                                chronos_small_quantile   default  vus=0.55028 affil=0.86905 (0.4s)
[nasa] M-1                                chronos_base_resid       default  vus=0.66645 affil=0.90789 (0.7s)
[nasa] M-1                                chronos_base_quantile    default  vus=0.54316 affil=0.8487 (0.7s)
[nasa] M-1                                timesfm_resid            default  vus=0.47343 affil=0.83206 (9.3s)
[nasa] M-1                                timesfm_quantile         default  vus=0.5205 affil=0.80631 (9.3s)
[nasa] M-2                                chronos_small_resid      default  vus=0.62856 affil=0.90654 (0.3s)
[nasa] M-2                                chronos_small_quantile   default  vus=0.55546 affil=0.82906 (0.3s)
[nasa] M-2                                chronos_base_resid       default  vus=0.65881 affil=0.90789 (0.7s)
[nasa] M-2                                chronos_base_quantile    default  vus=0.54862 affil=0.82703 (0.7s)
[nasa] M-2                                timesfm_resid            default  vus=0.47035 affil=0.83513 (9.0s)
[nasa] M-2                                timesfm_quantile         default  vus=0.5212 affil=0.80393 (9.0s)
[nasa] S-2                                chronos_small_resid      default  vus=0.01551 affil=0.71865 (0.3s)
[nasa] S-2                                chronos_small_quantile   default  vus=0.01226 affil=0.92255 (0.3s)
[nasa] S-2                                chronos_base_resid       default  vus=0.02633 affil=0.75795 (0.6s)
[nasa] S-2                                chronos_base_quantile    default  vus=0.01272 affil=0.68333 (0.6s)
[nasa] S-2                                timesfm_resid            default  vus=0.00789 affil=0.72791 (7.7s)
[nasa] S-2                                timesfm_quantile         default  vus=0.01348 affil=0.67118 (7.7s)
[nasa] P-10                               chronos_small_resid      default  vus=0.07185 affil=0.75909 (0.8s)
[nasa] P-10                               chronos_small_quantile   default  vus=0.05097 affil=0.75193 (0.8s)
[nasa] P-10                               chronos_base_resid       default  vus=0.0698 affil=0.76171 (2.1s)
[nasa] P-10                               chronos_base_quantile    default  vus=0.04647 affil=0.83116 (2.1s)
[nasa] P-10                               timesfm_resid            default  vus=0.07138 affil=0.81685 (23.2s)
[nasa] P-10                               timesfm_quantile         default  vus=0.04493 affil=0.7672 (23.2s)
[nasa] T-4                                chronos_small_resid      default  vus=0.07962 affil=0.96388 (0.4s)
[nasa] T-4                                chronos_small_quantile   default  vus=0.04593 affil=0.80406 (0.4s)
[nasa] T-4                                chronos_base_resid       default  vus=0.04409 affil=0.97221 (0.6s)
[nasa] T-4                                chronos_base_quantile    default  vus=0.05334 affil=0.68628 (0.6s)
[nasa] T-4                                timesfm_resid            default  vus=0.08376 affil=0.99079 (10.0s)
[nasa] T-4                                timesfm_quantile         default  vus=0.04661 affil=0.72821 (10.0s)
[nasa] T-5                                chronos_small_resid      default  vus=0.01684 affil=0.67875 (0.5s)
[nasa] T-5                                chronos_small_quantile   default  vus=0.02271 affil=0.80151 (0.5s)
[nasa] T-5                                chronos_base_resid       default  vus=0.02725 affil=0.65459 (1.1s)
[nasa] T-5                                chronos_base_quantile    default  vus=0.02288 affil=0.67017 (1.1s)
[nasa] T-5                                timesfm_resid            default  vus=0.0128 affil=0.86113 (16.1s)
[nasa] T-5                                timesfm_quantile         default  vus=0.02041 affil=0.72419 (16.1s)
[nasa] F-7                                chronos_small_resid      default  vus=0.12615 affil=0.69177 (1.1s)
[nasa] F-7                                chronos_small_quantile   default  vus=0.14721 affil=0.71404 (1.1s)
[nasa] F-7                                chronos_base_resid       default  vus=0.0959 affil=0.66875 (1.6s)
[nasa] F-7                                chronos_base_quantile    default  vus=0.13399 affil=0.72673 (1.6s)
[nasa] F-7                                timesfm_resid            default  vus=0.09073 affil=0.66367 (47.6s)
[nasa] F-7                                timesfm_quantile         default  vus=0.13277 affil=0.73103 (47.6s)
[nasa] M-3                                chronos_small_resid      default  vus=0.15604 affil=0.6866 (0.9s)
[nasa] M-3                                chronos_small_quantile   default  vus=0.14371 affil=0.68555 (0.9s)
[nasa] M-3                                chronos_base_resid       default  vus=0.18284 affil=0.71385 (1.1s)
[nasa] M-3                                chronos_base_quantile    default  vus=0.15339 affil=0.71122 (1.1s)
[nasa] M-3                                timesfm_resid            default  vus=0.19504 affil=0.7069 (23.8s)
[nasa] M-3                                timesfm_quantile         default  vus=0.14833 affil=0.75291 (23.8s)
[nasa] M-4                                chronos_small_resid      default  vus=0.13934 affil=0.66886 (0.9s)
[nasa] M-4                                chronos_small_quantile   default  vus=0.15613 affil=0.70046 (0.9s)
[nasa] M-4                                chronos_base_resid       default  vus=0.16061 affil=0.85941 (1.5s)
[nasa] M-4                                chronos_base_quantile    default  vus=0.15468 affil=0.72557 (1.5s)
[nasa] M-4                                timesfm_resid            default  vus=0.14809 affil=0.71489 (18.5s)
[nasa] M-4                                timesfm_quantile         default  vus=0.15649 affil=0.70342 (18.5s)
[nasa] M-5                                chronos_small_resid      default  vus=0.1496 affil=0.68555 (0.8s)
[nasa] M-5                                chronos_small_quantile   default  vus=0.16393 affil=0.76402 (0.8s)
[nasa] M-5                                chronos_base_resid       default  vus=0.17925 affil=0.91144 (1.3s)
[nasa] M-5                                chronos_base_quantile    default  vus=0.16133 affil=0.81497 (1.3s)
[nasa] M-5                                timesfm_resid            default  vus=0.18245 affil=0.75627 (26.2s)
[nasa] M-5                                timesfm_quantile         default  vus=0.18369 affil=0.7972 (26.2s)
[nasa] P-15                               chronos_small_resid      default  vus=0.00927 affil=0.71494 (0.9s)
[nasa] P-15                               chronos_small_quantile   default  vus=0.03043 affil=0.688 (0.9s)
[nasa] P-15                               chronos_base_resid       default  vus=0.00697 affil=0.68479 (1.9s)
[nasa] P-15                               chronos_base_quantile    default  vus=0.02694 affil=0.8645 (1.9s)
[nasa] P-15                               timesfm_resid            default  vus=0.00677 affil=0.71355 (32.2s)
[nasa] P-15                               timesfm_quantile         default  vus=0.02687 affil=0.66328 (32.2s)
[nasa] C-1                                chronos_small_resid      default  vus=0.27559 affil=0.81414 (0.6s)
[nasa] C-1                                chronos_small_quantile   default  vus=0.20113 affil=0.69128 (0.6s)
[nasa] C-1                                chronos_base_resid       default  vus=0.25871 affil=0.81945 (1.0s)
[nasa] C-1                                chronos_base_quantile    default  vus=0.18317 affil=0.6603 (1.0s)
[nasa] C-1                                timesfm_resid            default  vus=0.25023 affil=0.85833 (25.0s)
[nasa] C-1                                timesfm_quantile         default  vus=0.19996 affil=0.67287 (25.0s)
[nasa] C-2                                chronos_small_resid      default  vus=0.22291 affil=0.87166 (1.0s)
[nasa] C-2                                chronos_small_quantile   default  vus=0.09056 affil=0.64086 (1.0s)
[nasa] C-2                                chronos_base_resid       default  vus=0.24147 affil=0.84413 (1.2s)
[nasa] C-2                                chronos_base_quantile    default  vus=0.12854 affil=0.68414 (1.2s)
[nasa] C-2                                timesfm_resid            default  vus=0.13831 affil=0.7522 (25.9s)
[nasa] C-2                                timesfm_quantile         default  vus=0.09689 affil=0.74093 (25.9s)
[nasa] T-12                               chronos_small_resid      default  vus=0.15963 affil=0.96281 (0.9s)
[nasa] T-12                               chronos_small_quantile   default  vus=0.1383 affil=0.69241 (0.9s)
[nasa] T-12                               chronos_base_resid       default  vus=0.13911 affil=0.97377 (1.0s)
[nasa] T-12                               chronos_base_quantile    default  vus=0.14915 affil=0.74841 (1.0s)
[nasa] T-12                               timesfm_resid            default  vus=0.07076 affil=0.75116 (21.3s)
[nasa] T-12                               timesfm_quantile         default  vus=0.15884 affil=0.72166 (21.3s)
[nasa] T-13                               chronos_small_resid      default  vus=0.20443 affil=0.78142 (0.6s)
[nasa] T-13                               chronos_small_quantile   default  vus=0.15648 affil=0.71435 (0.6s)
[nasa] T-13                               chronos_base_resid       default  vus=0.22363 affil=0.78334 (0.7s)
[nasa] T-13                               chronos_base_quantile    default  vus=0.19386 affil=0.9498 (0.7s)
[nasa] T-13                               timesfm_resid            default  vus=0.18784 affil=0.75309 (15.3s)
[nasa] T-13                               timesfm_quantile         default  vus=0.20498 affil=0.76559 (15.3s)
[nasa] F-4                                chronos_small_resid      default  vus=0.04618 affil=0.67259 (0.6s)
[nasa] F-4                                chronos_small_quantile   default  vus=0.05512 affil=0.69573 (0.6s)
[nasa] F-4                                chronos_base_resid       default  vus=0.03773 affil=0.64837 (1.5s)
[nasa] F-4                                chronos_base_quantile    default  vus=0.0495 affil=0.70724 (1.5s)
[nasa] F-4                                timesfm_resid            default  vus=0.02884 affil=0.73776 (21.3s)
[nasa] F-4                                timesfm_quantile         default  vus=0.06324 affil=0.6969 (21.3s)
[nasa] F-5                                chronos_small_resid      default  vus=0.05077 affil=0.65337 (0.8s)
[nasa] F-5                                chronos_small_quantile   default  vus=0.0804 affil=0.74919 (0.8s)
[nasa] F-5                                chronos_base_resid       default  vus=0.04921 affil=0.64343 (1.5s)
[nasa] F-5                                chronos_base_quantile    default  vus=0.07645 affil=0.70588 (1.5s)
[nasa] F-5                                timesfm_resid            default  vus=0.06358 affil=0.65568 (27.3s)
[nasa] F-5                                timesfm_quantile         default  vus=0.07449 affil=0.74143 (27.3s)
[nasa] D-14                               chronos_small_resid      default  vus=0.22293 affil=0.77896 (0.6s)
[nasa] D-14                               chronos_small_quantile   default  vus=0.13739 affil=0.71783 (0.6s)
[nasa] D-14                               chronos_base_resid       default  vus=0.16688 affil=0.70916 (0.9s)
[nasa] D-14                               chronos_base_quantile    default  vus=0.13329 affil=0.7395 (0.9s)
[nasa] D-14                               timesfm_resid            default  vus=0.15864 affil=0.73428 (10.6s)
[nasa] D-14                               timesfm_quantile         default  vus=0.16546 affil=0.83771 (10.6s)
[nasa] T-9                                chronos_small_resid      default  vus=0.50568 affil=0.95208 (0.2s)
[nasa] T-9                                chronos_small_quantile   default  vus=0.22929 affil=0.81195 (0.2s)
[nasa] T-9                                chronos_base_resid       default  vus=0.51799 affil=0.95208 (0.4s)
[nasa] T-9                                chronos_base_quantile    default  vus=0.25022 affil=0.79445 (0.4s)
[nasa] T-9                                timesfm_resid            default  vus=0.51261 affil=0.95208 (5.2s)
[nasa] T-9                                timesfm_quantile         default  vus=0.23719 affil=0.73932 (5.2s)
[nasa] P-14                               chronos_small_resid      default  vus=0.04643 affil=0.70816 (0.9s)
[nasa] P-14                               chronos_small_quantile   default  vus=0.08561 affil=0.84185 (0.9s)
[nasa] P-14                               chronos_base_resid       default  vus=0.04391 affil=0.69908 (1.7s)
[nasa] P-14                               chronos_base_quantile    default  vus=0.08333 affil=0.80759 (1.7s)
[nasa] P-14                               timesfm_resid            default  vus=0.0483 affil=0.70782 (23.3s)
[nasa] P-14                               timesfm_quantile         default  vus=0.1128 affil=0.80857 (23.3s)
[nasa] T-8                                chronos_small_resid      default  vus=0.14913 affil=0.73188 (0.3s)
[nasa] T-8                                chronos_small_quantile   default  vus=0.10391 affil=0.6791 (0.3s)
[nasa] T-8                                chronos_base_resid       default  vus=0.17341 affil=0.75305 (0.6s)
[nasa] T-8                                chronos_base_quantile    default  vus=0.11265 affil=0.73313 (0.6s)
[nasa] T-8                                timesfm_resid            default  vus=0.13407 affil=0.7497 (6.4s)
[nasa] T-8                                timesfm_quantile         default  vus=0.09897 affil=0.66879 (6.4s)
[nasa] P-11                               chronos_small_resid      default  vus=0.11228 affil=0.66512 (0.5s)
[nasa] P-11                               chronos_small_quantile   default  vus=0.12765 affil=0.71601 (0.5s)
[nasa] P-11                               chronos_base_resid       default  vus=0.12851 affil=0.67462 (1.1s)
[nasa] P-11                               chronos_base_quantile    default  vus=0.13933 affil=0.7234 (1.1s)
[nasa] P-11                               timesfm_resid            default  vus=0.11168 affil=0.68504 (21.5s)
[nasa] P-11                               timesfm_quantile         default  vus=0.12446 affil=0.71727 (21.5s)
[nasa] D-15                               chronos_small_resid      default  vus=0.39426 affil=0.78666 (0.6s)
[nasa] D-15                               chronos_small_quantile   default  vus=0.34378 affil=0.77185 (0.6s)
[nasa] D-15                               chronos_base_resid       default  vus=0.39045 affil=0.77581 (1.0s)
[nasa] D-15                               chronos_base_quantile    default  vus=0.36206 affil=0.76733 (1.0s)
[nasa] D-15                               timesfm_resid            default  vus=0.37222 affil=0.78913 (11.4s)
[nasa] D-15                               timesfm_quantile         default  vus=0.35876 affil=0.77781 (11.4s)
[nasa] D-16                               chronos_small_resid      default  vus=0.27739 affil=0.67179 (0.5s)
[nasa] D-16                               chronos_small_quantile   default  vus=0.38844 affil=0.92501 (0.5s)
[nasa] D-16                               chronos_base_resid       default  vus=0.30342 affil=0.67851 (0.7s)
[nasa] D-16                               chronos_base_quantile    default  vus=0.38362 affil=0.92501 (0.7s)
[nasa] D-16                               timesfm_resid            default  vus=0.30039 affil=0.67528 (14.8s)
[nasa] D-16                               timesfm_quantile         default  vus=0.39418 affil=0.94759 (14.8s)
[nasa] M-7                                chronos_small_resid      default  vus=0.20512 affil=0.90774 (0.6s)
[nasa] M-7                                chronos_small_quantile   default  vus=0.07052 affil=0.98402 (0.6s)
[nasa] M-7                                chronos_base_resid       default  vus=0.24832 affil=0.90774 (0.7s)
[nasa] M-7                                chronos_base_quantile    default  vus=0.07029 affil=0.98402 (0.7s)
[nasa] M-7                                timesfm_resid            default  vus=0.28809 affil=0.99307 (14.5s)
[nasa] M-7                                timesfm_quantile         default  vus=0.16069 affil=0.98402 (14.5s)
[nasa] F-8                                chronos_small_resid      default  vus=0.28632 affil=0.80753 (0.7s)
[nasa] F-8                                chronos_small_quantile   default  vus=0.25344 affil=0.73015 (0.7s)
[nasa] F-8                                chronos_base_resid       default  vus=0.23618 affil=0.68162 (0.9s)
[nasa] F-8                                chronos_base_quantile    default  vus=0.25196 affil=0.73974 (0.9s)
[nasa] F-8                                timesfm_resid            default  vus=0.23781 affil=0.68464 (17.6s)
[nasa] F-8                                timesfm_quantile         default  vus=0.24022 affil=0.78229 (17.6s)
[psm] psm                                chronos_small_resid      default  vus=0.39356 affil=0.72145 (8.5s)
[psm] psm                                chronos_small_quantile   default  vus=0.35281 affil=0.53408 (8.5s)
[psm] psm                                chronos_base_resid       default  vus=0.38425 affil=0.73307 (16.8s)
[psm] psm                                chronos_base_quantile    default  vus=0.35478 affil=0.55231 (16.8s)
[psm] psm                                timesfm_resid            default  vus=0.40024 affil=0.74743 (212.0s)
[psm] psm                                timesfm_quantile         default  vus=0.38597 affil=0.79504 (212.0s)
[smd] machine-1-1                        chronos_small_resid      default  vus=0.25166 affil=0.79974 (3.8s)
[smd] machine-1-1                        chronos_small_quantile   default  vus=0.20344 affil=0.82325 (3.8s)
[smd] machine-1-1                        chronos_base_resid       default  vus=0.25475 affil=0.77017 (8.1s)
[smd] machine-1-1                        chronos_base_quantile    default  vus=0.20227 affil=0.82925 (8.1s)
[smd] machine-1-1                        timesfm_resid            default  vus=0.27536 affil=0.78332 (111.9s)
[smd] machine-1-1                        timesfm_quantile         default  vus=0.22477 affil=0.84442 (111.9s)
[smd] machine-1-2                        chronos_small_resid      default  vus=0.25237 affil=0.82906 (2.9s)
[smd] machine-1-2                        chronos_small_quantile   default  vus=0.06902 affil=0.72086 (2.9s)
[smd] machine-1-2                        chronos_base_resid       default  vus=0.24477 affil=0.82829 (6.7s)
[smd] machine-1-2                        chronos_base_quantile    default  vus=0.08156 affil=0.72206 (6.7s)
[smd] machine-1-2                        timesfm_resid            default  vus=0.24051 affil=0.83902 (95.3s)
[smd] machine-1-2                        timesfm_quantile         default  vus=0.08574 affil=0.70442 (95.3s)
[smd] machine-1-3                        chronos_small_resid      default  vus=0.12507 affil=0.7877 (3.0s)
[smd] machine-1-3                        chronos_small_quantile   default  vus=0.10875 affil=0.73902 (3.0s)
[smd] machine-1-3                        chronos_base_resid       default  vus=0.12307 affil=0.78539 (6.7s)
[smd] machine-1-3                        chronos_base_quantile    default  vus=0.11423 affil=0.79203 (6.7s)
[smd] machine-1-3                        timesfm_resid            default  vus=0.14324 affil=0.77131 (91.9s)
[smd] machine-1-3                        timesfm_quantile         default  vus=0.0958 affil=0.75134 (91.9s)
[smd] machine-1-4                        chronos_small_resid      default  vus=0.12919 affil=0.78002 (3.2s)
[smd] machine-1-4                        chronos_small_quantile   default  vus=0.09292 affil=0.80278 (3.2s)
[smd] machine-1-4                        chronos_base_resid       default  vus=0.13636 affil=0.77858 (6.9s)
[smd] machine-1-4                        chronos_base_quantile    default  vus=0.10524 affil=0.78983 (6.9s)
[smd] machine-1-4                        timesfm_resid            default  vus=0.13257 affil=0.75666 (94.7s)
[smd] machine-1-4                        timesfm_quantile         default  vus=0.09319 affil=0.76964 (94.7s)
[smd] machine-1-5                        chronos_small_resid      default  vus=0.02417 affil=0.78573 (3.1s)
[smd] machine-1-5                        chronos_small_quantile   default  vus=0.00743 affil=0.64974 (3.1s)
[smd] machine-1-5                        chronos_base_resid       default  vus=0.02723 affil=0.77669 (6.0s)
[smd] machine-1-5                        chronos_base_quantile    default  vus=0.00796 affil=0.65331 (6.0s)
[smd] machine-1-5                        timesfm_resid            default  vus=0.0248 affil=0.76415 (96.8s)
[smd] machine-1-5                        timesfm_quantile         default  vus=0.01775 affil=0.72084 (96.8s)
[smd] machine-1-6                        chronos_small_resid      default  vus=0.21155 affil=0.53156 (3.0s)
[smd] machine-1-6                        chronos_small_quantile   default  vus=0.20192 affil=0.59203 (3.0s)
[smd] machine-1-6                        chronos_base_resid       default  vus=0.21313 affil=0.52993 (5.3s)
[smd] machine-1-6                        chronos_base_quantile    default  vus=0.20311 affil=0.59954 (5.3s)
[smd] machine-1-6                        timesfm_resid            default  vus=0.20928 affil=0.55295 (92.1s)
[smd] machine-1-6                        timesfm_quantile         default  vus=0.27314 affil=0.66417 (92.1s)
[smd] machine-1-7                        chronos_small_resid      default  vus=0.15338 affil=0.6956 (2.9s)
[smd] machine-1-7                        chronos_small_quantile   default  vus=0.14185 affil=0.69792 (2.9s)
[smd] machine-1-7                        chronos_base_resid       default  vus=0.16438 affil=0.68707 (5.8s)
[smd] machine-1-7                        chronos_base_quantile    default  vus=0.14619 affil=0.68821 (5.8s)
[smd] machine-1-7                        timesfm_resid            default  vus=0.15737 affil=0.69445 (90.9s)
[smd] machine-1-7                        timesfm_quantile         default  vus=0.14189 affil=0.69021 (90.9s)
[smd] machine-1-8                        chronos_small_resid      default  vus=0.09645 affil=0.72328 (3.1s)
[smd] machine-1-8                        chronos_small_quantile   default  vus=0.07497 affil=0.73014 (3.1s)
[smd] machine-1-8                        chronos_base_resid       default  vus=0.08192 affil=0.71539 (6.7s)
[smd] machine-1-8                        chronos_base_quantile    default  vus=0.0689 affil=0.72291 (6.7s)
[smd] machine-1-8                        timesfm_resid            default  vus=0.11952 affil=0.7287 (91.1s)
[smd] machine-1-8                        timesfm_quantile         default  vus=0.06405 affil=0.71154 (91.1s)
[smd] machine-2-1                        chronos_small_resid      default  vus=0.08409 affil=0.68147 (3.4s)
[smd] machine-2-1                        chronos_small_quantile   default  vus=0.08722 affil=0.67273 (3.4s)
[smd] machine-2-1                        chronos_base_resid       default  vus=0.08307 affil=0.69854 (7.2s)
[smd] machine-2-1                        chronos_base_quantile    default  vus=0.091 affil=0.67792 (7.2s)
[smd] machine-2-1                        timesfm_resid            default  vus=0.08612 affil=0.69435 (97.5s)
[smd] machine-2-1                        timesfm_quantile         default  vus=0.09552 affil=0.67306 (97.5s)
[smd] machine-2-2                        chronos_small_resid      default  vus=0.11911 affil=0.62795 (3.2s)
[smd] machine-2-2                        chronos_small_quantile   default  vus=0.17511 affil=0.71536 (3.2s)
[smd] machine-2-2                        chronos_base_resid       default  vus=0.12072 affil=0.5892 (7.1s)
[smd] machine-2-2                        chronos_base_quantile    default  vus=0.17399 affil=0.68914 (7.1s)
[smd] machine-2-2                        timesfm_resid            default  vus=0.11804 affil=0.61278 (95.3s)
[smd] machine-2-2                        timesfm_quantile         default  vus=0.16058 affil=0.71716 (95.3s)
[smd] machine-2-3                        chronos_small_resid      default  vus=0.13859 affil=0.72541 (3.1s)
[smd] machine-2-3                        chronos_small_quantile   default  vus=0.09857 affil=0.6763 (3.1s)
[smd] machine-2-3                        chronos_base_resid       default  vus=0.12777 affil=0.74156 (6.8s)
[smd] machine-2-3                        chronos_base_quantile    default  vus=0.10331 affil=0.67471 (6.8s)
[smd] machine-2-3                        timesfm_resid            default  vus=0.13495 affil=0.70529 (93.9s)
[smd] machine-2-3                        timesfm_quantile         default  vus=0.07916 affil=0.67755 (93.9s)
[smd] machine-2-4                        chronos_small_resid      default  vus=0.17163 affil=0.65507 (3.1s)
[smd] machine-2-4                        chronos_small_quantile   default  vus=0.131 affil=0.70191 (3.1s)
[smd] machine-2-4                        chronos_base_resid       default  vus=0.19492 affil=0.66149 (6.6s)
[smd] machine-2-4                        chronos_base_quantile    default  vus=0.13724 affil=0.71807 (6.6s)
[smd] machine-2-4                        timesfm_resid            default  vus=0.17872 affil=0.67339 (92.7s)
[smd] machine-2-4                        timesfm_quantile         default  vus=0.14909 affil=0.73255 (92.7s)
[smd] machine-2-5                        chronos_small_resid      default  vus=0.07133 affil=0.6175 (3.3s)
[smd] machine-2-5                        chronos_small_quantile   default  vus=0.10819 affil=0.64266 (3.3s)
[smd] machine-2-5                        chronos_base_resid       default  vus=0.06839 affil=0.62628 (7.8s)
[smd] machine-2-5                        chronos_base_quantile    default  vus=0.10493 affil=0.65989 (7.8s)
[smd] machine-2-5                        timesfm_resid            default  vus=0.06239 affil=0.61238 (89.9s)
[smd] machine-2-5                        timesfm_quantile         default  vus=0.13093 affil=0.68714 (89.9s)
[smd] machine-2-6                        chronos_small_resid      default  vus=0.20352 affil=0.85542 (4.3s)
[smd] machine-2-6                        chronos_small_quantile   default  vus=0.06722 affil=0.68891 (4.3s)
[smd] machine-2-6                        chronos_base_resid       default  vus=0.19781 affil=0.80563 (8.2s)
[smd] machine-2-6                        chronos_base_quantile    default  vus=0.06742 affil=0.68395 (8.2s)
[smd] machine-2-6                        timesfm_resid            default  vus=0.18132 affil=0.72891 (122.9s)
[smd] machine-2-6                        timesfm_quantile         default  vus=0.06798 affil=0.68674 (122.9s)
[smd] machine-2-7                        chronos_small_resid      default  vus=0.12556 affil=0.57919 (3.1s)
[smd] machine-2-7                        chronos_small_quantile   default  vus=0.07476 affil=0.67689 (3.1s)
[smd] machine-2-7                        chronos_base_resid       default  vus=0.11981 affil=0.58075 (6.8s)
[smd] machine-2-7                        chronos_base_quantile    default  vus=0.07343 affil=0.62377 (6.8s)
[smd] machine-2-7                        timesfm_resid            default  vus=0.13613 affil=0.57103 (91.9s)
[smd] machine-2-7                        timesfm_quantile         default  vus=0.05788 affil=0.67517 (91.9s)
[smd] machine-2-8                        chronos_small_resid      default  vus=0.51455 affil=0.99912 (3.1s)
[smd] machine-2-8                        chronos_small_quantile   default  vus=0.09075 affil=0.99735 (3.1s)
[smd] machine-2-8                        chronos_base_resid       default  vus=0.61849 affil=0.99949 (6.5s)
[smd] machine-2-8                        chronos_base_quantile    default  vus=0.12638 affil=0.9988 (6.5s)
[smd] machine-2-8                        timesfm_resid            default  vus=0.49838 affil=0.99878 (126.6s)
[smd] machine-2-8                        timesfm_quantile         default  vus=0.08248 affil=0.95822 (126.6s)
[smd] machine-2-9                        chronos_small_resid      default  vus=0.11648 affil=0.60457 (3.9s)
[smd] machine-2-9                        chronos_small_quantile   default  vus=0.1015 affil=0.74084 (3.9s)
[smd] machine-2-9                        chronos_base_resid       default  vus=0.1359 affil=0.68374 (9.8s)
[smd] machine-2-9                        chronos_base_quantile    default  vus=0.10209 affil=0.73635 (9.8s)
[smd] machine-2-9                        timesfm_resid            default  vus=0.11963 affil=0.69198 (108.4s)
[smd] machine-2-9                        timesfm_quantile         default  vus=0.10259 affil=0.75219 (108.4s)
[smd] machine-3-1                        chronos_small_resid      default  vus=0.20814 affil=0.81038 (3.7s)
[smd] machine-3-1                        chronos_small_quantile   default  vus=0.09618 affil=0.86576 (3.7s)
[smd] machine-3-1                        chronos_base_resid       default  vus=0.20436 affil=0.80734 (8.4s)
[smd] machine-3-1                        chronos_base_quantile    default  vus=0.09571 affil=0.82735 (8.4s)
[smd] machine-3-1                        timesfm_resid            default  vus=0.25466 affil=0.86017 (121.1s)
[smd] machine-3-1                        timesfm_quantile         default  vus=0.09721 affil=0.85015 (121.1s)
[smd] machine-3-10                       chronos_small_resid      default  vus=0.40928 affil=0.73353 (2.9s)
[smd] machine-3-10                       chronos_small_quantile   default  vus=0.06394 affil=0.67243 (2.9s)
[smd] machine-3-10                       chronos_base_resid       default  vus=0.3885 affil=0.74067 (6.7s)
[smd] machine-3-10                       chronos_base_quantile    default  vus=0.06552 affil=0.69178 (6.7s)
[smd] machine-3-10                       timesfm_resid            default  vus=0.34079 affil=0.74327 (96.5s)
[smd] machine-3-10                       timesfm_quantile         default  vus=0.11296 affil=0.67393 (96.5s)
[smd] machine-3-11                       chronos_small_resid      default  vus=0.36238 affil=0.80068 (3.8s)
[smd] machine-3-11                       chronos_small_quantile   default  vus=0.29502 affil=0.79663 (3.8s)
[smd] machine-3-11                       chronos_base_resid       default  vus=0.40189 affil=0.81983 (8.0s)
[smd] machine-3-11                       chronos_base_quantile    default  vus=0.38074 affil=0.75141 (8.0s)
[smd] machine-3-11                       timesfm_resid            default  vus=0.36565 affil=0.90288 (120.8s)
[smd] machine-3-11                       timesfm_quantile         default  vus=0.23214 affil=0.88431 (120.8s)
[smd] machine-3-2                        chronos_small_resid      default  vus=0.05715 affil=0.70384 (4.4s)
[smd] machine-3-2                        chronos_small_quantile   default  vus=0.05891 affil=0.65206 (4.4s)
[smd] machine-3-2                        chronos_base_resid       default  vus=0.0577 affil=0.71573 (8.4s)
[smd] machine-3-2                        chronos_base_quantile    default  vus=0.05695 affil=0.67342 (8.4s)
[smd] machine-3-2                        timesfm_resid            default  vus=0.05614 affil=0.73317 (100.5s)
[smd] machine-3-2                        timesfm_quantile         default  vus=0.06996 affil=0.69272 (100.5s)
[smd] machine-3-3                        chronos_small_resid      default  vus=0.14244 affil=0.70783 (3.2s)
[smd] machine-3-3                        chronos_small_quantile   default  vus=0.04448 affil=0.71371 (3.2s)
[smd] machine-3-3                        chronos_base_resid       default  vus=0.13835 affil=0.72517 (6.9s)
[smd] machine-3-3                        chronos_base_quantile    default  vus=0.04717 affil=0.71815 (6.9s)
[smd] machine-3-3                        timesfm_resid            default  vus=0.15114 affil=0.70978 (106.9s)
[smd] machine-3-3                        timesfm_quantile         default  vus=0.05491 affil=0.72798 (106.9s)
[smd] machine-3-4                        chronos_small_resid      default  vus=0.06778 affil=0.71276 (3.2s)
[smd] machine-3-4                        chronos_small_quantile   default  vus=0.06567 affil=0.73933 (3.2s)
[smd] machine-3-4                        chronos_base_resid       default  vus=0.06861 affil=0.72668 (6.8s)
[smd] machine-3-4                        chronos_base_quantile    default  vus=0.06455 affil=0.74985 (6.8s)
[smd] machine-3-4                        timesfm_resid            default  vus=0.07522 affil=0.74639 (95.2s)
[smd] machine-3-4                        timesfm_quantile         default  vus=0.06775 affil=0.73188 (95.2s)
[smd] machine-3-5                        chronos_small_resid      default  vus=0.05153 affil=0.73445 (3.2s)
[smd] machine-3-5                        chronos_small_quantile   default  vus=0.06876 affil=0.71858 (3.2s)
[smd] machine-3-5                        chronos_base_resid       default  vus=0.0492 affil=0.7069 (6.8s)
[smd] machine-3-5                        chronos_base_quantile    default  vus=0.06038 affil=0.71599 (6.8s)
[smd] machine-3-5                        timesfm_resid            default  vus=0.06543 affil=0.75627 (102.1s)
[smd] machine-3-5                        timesfm_quantile         default  vus=0.06476 affil=0.72031 (102.1s)
[smd] machine-3-6                        chronos_small_resid      default  vus=0.08852 affil=0.74855 (4.0s)
[smd] machine-3-6                        chronos_small_quantile   default  vus=0.06746 affil=0.68821 (4.0s)
[smd] machine-3-6                        chronos_base_resid       default  vus=0.09097 affil=0.74266 (8.5s)
[smd] machine-3-6                        chronos_base_quantile    default  vus=0.07116 affil=0.68728 (8.5s)
[smd] machine-3-6                        timesfm_resid            default  vus=0.09448 affil=0.74238 (118.0s)
[smd] machine-3-6                        timesfm_quantile         default  vus=0.08522 affil=0.74502 (118.0s)
[smd] machine-3-7                        chronos_small_resid      default  vus=0.07522 affil=0.71785 (3.9s)
[smd] machine-3-7                        chronos_small_quantile   default  vus=0.0366 affil=0.70406 (3.9s)
[smd] machine-3-7                        chronos_base_resid       default  vus=0.11796 affil=0.76317 (8.5s)
[smd] machine-3-7                        chronos_base_quantile    default  vus=0.04252 affil=0.751 (8.5s)
[smd] machine-3-7                        timesfm_resid            default  vus=0.08345 affil=0.67304 (116.0s)
[smd] machine-3-7                        timesfm_quantile         default  vus=0.03303 affil=0.67596 (116.0s)
[smd] machine-3-8                        chronos_small_resid      default  vus=0.17573 affil=0.76901 (4.6s)
[smd] machine-3-8                        chronos_small_quantile   default  vus=0.07088 affil=0.70298 (4.6s)
[smd] machine-3-8                        chronos_base_resid       default  vus=0.22364 affil=0.77496 (8.2s)
[smd] machine-3-8                        chronos_base_quantile    default  vus=0.07181 affil=0.74925 (8.2s)
[smd] machine-3-8                        timesfm_resid            default  vus=0.18146 affil=0.78243 (125.7s)
[smd] machine-3-8                        timesfm_quantile         default  vus=0.06582 affil=0.72412 (125.7s)
[smd] machine-3-9                        chronos_small_resid      default  vus=0.20931 affil=0.78063 (3.9s)
[smd] machine-3-9                        chronos_small_quantile   default  vus=0.06917 affil=0.71386 (3.9s)
[smd] machine-3-9                        chronos_base_resid       default  vus=0.21812 affil=0.70968 (8.4s)
[smd] machine-3-9                        chronos_base_quantile    default  vus=0.08988 affil=0.75394 (8.4s)
[smd] machine-3-9                        timesfm_resid            default  vus=0.19566 affil=0.70745 (115.2s)
[smd] machine-3-9                        timesfm_quantile         default  vus=0.07583 affil=0.79789 (115.2s)
[ucr] 001_UCR_Anomaly_DISTORTED1sddb40_3 chronos_small_resid      default  vus=0.02398 affil=0.67275 (0.5s)
[ucr] 001_UCR_Anomaly_DISTORTED1sddb40_3 chronos_small_quantile   default  vus=0.01631 affil=0.6632 (0.5s)
[ucr] 001_UCR_Anomaly_DISTORTED1sddb40_3 chronos_base_resid       default  vus=0.0252 affil=0.67395 (1.0s)
[ucr] 001_UCR_Anomaly_DISTORTED1sddb40_3 chronos_base_quantile    default  vus=0.01615 affil=0.66088 (1.0s)
[ucr] 001_UCR_Anomaly_DISTORTED1sddb40_3 timesfm_resid            default  vus=0.02804 affil=0.68928 (14.5s)
[ucr] 001_UCR_Anomaly_DISTORTED1sddb40_3 timesfm_quantile         default  vus=0.01844 affil=0.676 (14.5s)
[ucr] 002_UCR_Anomaly_DISTORTED2sddb40_3 chronos_small_resid      default  vus=0.00744 affil=0.66699 (0.5s)
[ucr] 002_UCR_Anomaly_DISTORTED2sddb40_3 chronos_small_quantile   default  vus=0.00892 affil=0.67582 (0.5s)
[ucr] 002_UCR_Anomaly_DISTORTED2sddb40_3 chronos_base_resid       default  vus=0.00737 affil=0.83324 (0.9s)
[ucr] 002_UCR_Anomaly_DISTORTED2sddb40_3 chronos_base_quantile    default  vus=0.00904 affil=0.67464 (0.9s)
[ucr] 002_UCR_Anomaly_DISTORTED2sddb40_3 timesfm_resid            default  vus=0.01138 affil=0.67732 (16.0s)
[ucr] 002_UCR_Anomaly_DISTORTED2sddb40_3 timesfm_quantile         default  vus=0.01025 affil=0.67021 (16.0s)
[ucr] 003_UCR_Anomaly_DISTORTED3sddb40_3 chronos_small_resid      default  vus=0.01025 affil=0.67198 (0.7s)
[ucr] 003_UCR_Anomaly_DISTORTED3sddb40_3 chronos_small_quantile   default  vus=0.00909 affil=0.66788 (0.7s)
[ucr] 003_UCR_Anomaly_DISTORTED3sddb40_3 chronos_base_resid       default  vus=0.01111 affil=0.67459 (1.0s)
[ucr] 003_UCR_Anomaly_DISTORTED3sddb40_3 chronos_base_quantile    default  vus=0.00927 affil=0.67599 (1.0s)
[ucr] 003_UCR_Anomaly_DISTORTED3sddb40_3 timesfm_resid            default  vus=0.0139 affil=0.68803 (15.8s)
[ucr] 003_UCR_Anomaly_DISTORTED3sddb40_3 timesfm_quantile         default  vus=0.00987 affil=0.65755 (15.8s)
[ucr] 004_UCR_Anomaly_DISTORTEDBIDMC1_25 chronos_small_resid      default  vus=0.08515 affil=0.98942 (0.2s)
[ucr] 004_UCR_Anomaly_DISTORTEDBIDMC1_25 chronos_small_quantile   default  vus=0.064 affil=0.95077 (0.2s)
[ucr] 004_UCR_Anomaly_DISTORTEDBIDMC1_25 chronos_base_resid       default  vus=0.08265 affil=0.98942 (0.2s)
[ucr] 004_UCR_Anomaly_DISTORTEDBIDMC1_25 chronos_base_quantile    default  vus=0.04501 affil=0.72673 (0.2s)
[ucr] 004_UCR_Anomaly_DISTORTEDBIDMC1_25 timesfm_resid            default  vus=0.19349 affil=0.98931 (4.5s)
[ucr] 004_UCR_Anomaly_DISTORTEDBIDMC1_25 timesfm_quantile         default  vus=0.07721 affil=0.99433 (4.5s)
[ucr] 005_UCR_Anomaly_DISTORTEDCIMIS44Ai chronos_small_resid      default  vus=0.0044 affil=0.72356 (0.1s)
[ucr] 005_UCR_Anomaly_DISTORTEDCIMIS44Ai chronos_small_quantile   default  vus=0.00161 affil=0.6972 (0.1s)
[ucr] 005_UCR_Anomaly_DISTORTEDCIMIS44Ai chronos_base_resid       default  vus=0.00264 affil=0.71635 (0.3s)
[ucr] 005_UCR_Anomaly_DISTORTEDCIMIS44Ai chronos_base_quantile    default  vus=0.00161 affil=0.68247 (0.3s)
[ucr] 005_UCR_Anomaly_DISTORTEDCIMIS44Ai timesfm_resid            default  vus=0.00512 affil=0.74067 (2.9s)
[ucr] 005_UCR_Anomaly_DISTORTEDCIMIS44Ai timesfm_quantile         default  vus=0.00274 affil=0.80849 (2.9s)
[ucr] 006_UCR_Anomaly_DISTORTEDCIMIS44Ai chronos_small_resid      default  vus=0.09228 affil=0.80997 (0.1s)
[ucr] 006_UCR_Anomaly_DISTORTEDCIMIS44Ai chronos_small_quantile   default  vus=0.16941 affil=0.99883 (0.1s)
[ucr] 006_UCR_Anomaly_DISTORTEDCIMIS44Ai chronos_base_resid       default  vus=0.08808 affil=0.786 (0.2s)
[ucr] 006_UCR_Anomaly_DISTORTEDCIMIS44Ai chronos_base_quantile    default  vus=0.1859 affil=0.99883 (0.2s)
[ucr] 006_UCR_Anomaly_DISTORTEDCIMIS44Ai timesfm_resid            default  vus=0.16195 affil=0.92259 (2.8s)
[ucr] 006_UCR_Anomaly_DISTORTEDCIMIS44Ai timesfm_quantile         default  vus=0.19125 affil=0.99894 (2.8s)
[ucr] 007_UCR_Anomaly_DISTORTEDCIMIS44Ai chronos_small_resid      default  vus=0.09096 affil=0.70163 (0.1s)
[ucr] 007_UCR_Anomaly_DISTORTEDCIMIS44Ai chronos_small_quantile   default  vus=0.15639 affil=0.99884 (0.1s)
[ucr] 007_UCR_Anomaly_DISTORTEDCIMIS44Ai chronos_base_resid       default  vus=0.07573 affil=0.69364 (0.3s)
[ucr] 007_UCR_Anomaly_DISTORTEDCIMIS44Ai chronos_base_quantile    default  vus=0.15549 affil=0.99883 (0.3s)
[ucr] 007_UCR_Anomaly_DISTORTEDCIMIS44Ai timesfm_resid            default  vus=0.07286 affil=0.88306 (2.6s)
[ucr] 007_UCR_Anomaly_DISTORTEDCIMIS44Ai timesfm_quantile         default  vus=0.12014 affil=0.99884 (2.6s)
[ucr] 008_UCR_Anomaly_DISTORTEDCIMIS44Ai chronos_small_resid      default  vus=0.05115 affil=0.79167 (0.1s)
[ucr] 008_UCR_Anomaly_DISTORTEDCIMIS44Ai chronos_small_quantile   default  vus=0.05859 affil=0.8115 (0.1s)
[ucr] 008_UCR_Anomaly_DISTORTEDCIMIS44Ai chronos_base_resid       default  vus=0.03744 affil=0.7132 (0.2s)
[ucr] 008_UCR_Anomaly_DISTORTEDCIMIS44Ai chronos_base_quantile    default  vus=0.0339 affil=0.77885 (0.2s)
[ucr] 008_UCR_Anomaly_DISTORTEDCIMIS44Ai timesfm_resid            default  vus=0.13563 affil=0.99871 (2.6s)
[ucr] 008_UCR_Anomaly_DISTORTEDCIMIS44Ai timesfm_quantile         default  vus=0.2062 affil=0.83239 (2.6s)
[ucr] 009_UCR_Anomaly_DISTORTEDCIMIS44Ai chronos_small_resid      default  vus=0.07932 affil=0.88002 (0.1s)
[ucr] 009_UCR_Anomaly_DISTORTEDCIMIS44Ai chronos_small_quantile   default  vus=0.07457 affil=0.9366 (0.1s)
[ucr] 009_UCR_Anomaly_DISTORTEDCIMIS44Ai chronos_base_resid       default  vus=0.06344 affil=0.89139 (0.2s)
[ucr] 009_UCR_Anomaly_DISTORTEDCIMIS44Ai chronos_base_quantile    default  vus=0.05337 affil=0.78571 (0.2s)
[ucr] 009_UCR_Anomaly_DISTORTEDCIMIS44Ai timesfm_resid            default  vus=0.07389 affil=0.82876 (2.7s)
[ucr] 009_UCR_Anomaly_DISTORTEDCIMIS44Ai timesfm_quantile         default  vus=0.03822 affil=0.75253 (2.7s)
[ucr] 010_UCR_Anomaly_DISTORTEDCIMIS44Ai chronos_small_resid      default  vus=0.11177 affil=0.82917 (0.1s)
[ucr] 010_UCR_Anomaly_DISTORTEDCIMIS44Ai chronos_small_quantile   default  vus=0.13667 affil=0.99543 (0.1s)
[ucr] 010_UCR_Anomaly_DISTORTEDCIMIS44Ai chronos_base_resid       default  vus=0.09115 affil=0.84706 (0.2s)
[ucr] 010_UCR_Anomaly_DISTORTEDCIMIS44Ai chronos_base_quantile    default  vus=0.10675 affil=0.84199 (0.2s)
[ucr] 010_UCR_Anomaly_DISTORTEDCIMIS44Ai timesfm_resid            default  vus=0.08047 affil=0.78511 (2.6s)
[ucr] 010_UCR_Anomaly_DISTORTEDCIMIS44Ai timesfm_quantile         default  vus=0.05969 affil=0.80391 (2.6s)
[ucr] 011_UCR_Anomaly_DISTORTEDECG1_1000 chronos_small_resid      default  vus=0.03992 affil=0.99901 (0.3s)
[ucr] 011_UCR_Anomaly_DISTORTEDECG1_1000 chronos_small_quantile   default  vus=0.02205 affil=0.81452 (0.3s)
[ucr] 011_UCR_Anomaly_DISTORTEDECG1_1000 chronos_base_resid       default  vus=0.04438 affil=0.8735 (0.8s)
[ucr] 011_UCR_Anomaly_DISTORTEDECG1_1000 chronos_base_quantile    default  vus=0.02769 affil=0.8129 (0.8s)
[ucr] 011_UCR_Anomaly_DISTORTEDECG1_1000 timesfm_resid            default  vus=0.09258 affil=0.99639 (6.8s)
[ucr] 011_UCR_Anomaly_DISTORTEDECG1_1000 timesfm_quantile         default  vus=0.02673 affil=0.68149 (6.8s)
[ucr] 012_UCR_Anomaly_DISTORTEDECG2_1500 chronos_small_resid      default  vus=0.01896 affil=0.85879 (0.2s)
[ucr] 012_UCR_Anomaly_DISTORTEDECG2_1500 chronos_small_quantile   default  vus=0.00932 affil=0.85784 (0.2s)
[ucr] 012_UCR_Anomaly_DISTORTEDECG2_1500 chronos_base_resid       default  vus=0.01878 affil=0.83126 (0.5s)
[ucr] 012_UCR_Anomaly_DISTORTEDECG2_1500 chronos_base_quantile    default  vus=0.01078 affil=0.76849 (0.5s)
[ucr] 012_UCR_Anomaly_DISTORTEDECG2_1500 timesfm_resid            default  vus=0.01397 affil=0.6949 (5.6s)
[ucr] 012_UCR_Anomaly_DISTORTEDECG2_1500 timesfm_quantile         default  vus=0.00956 affil=0.88525 (5.6s)
[ucr] 013_UCR_Anomaly_DISTORTEDECG3_1500 chronos_small_resid      default  vus=0.02188 affil=0.67215 (0.2s)
[ucr] 013_UCR_Anomaly_DISTORTEDECG3_1500 chronos_small_quantile   default  vus=0.01814 affil=0.83555 (0.2s)
[ucr] 013_UCR_Anomaly_DISTORTEDECG3_1500 chronos_base_resid       default  vus=0.02193 affil=0.67635 (0.4s)
[ucr] 013_UCR_Anomaly_DISTORTEDECG3_1500 chronos_base_quantile    default  vus=0.02936 affil=0.94899 (0.4s)
[ucr] 013_UCR_Anomaly_DISTORTEDECG3_1500 timesfm_resid            default  vus=0.02606 affil=0.89349 (5.3s)
[ucr] 013_UCR_Anomaly_DISTORTEDECG3_1500 timesfm_quantile         default  vus=0.02954 affil=0.90786 (5.3s)
[ucr] 014_UCR_Anomaly_DISTORTEDECG3_8000 chronos_small_resid      default  vus=0.01653 affil=0.69243 (0.3s)
[ucr] 014_UCR_Anomaly_DISTORTEDECG3_8000 chronos_small_quantile   default  vus=0.01318 affil=0.66168 (0.3s)
[ucr] 014_UCR_Anomaly_DISTORTEDECG3_8000 chronos_base_resid       default  vus=0.01767 affil=0.68023 (0.6s)
[ucr] 014_UCR_Anomaly_DISTORTEDECG3_8000 chronos_base_quantile    default  vus=0.01324 affil=0.69393 (0.6s)
[ucr] 014_UCR_Anomaly_DISTORTEDECG3_8000 timesfm_resid            default  vus=0.01842 affil=0.89509 (9.3s)
[ucr] 014_UCR_Anomaly_DISTORTEDECG3_8000 timesfm_quantile         default  vus=0.01234 affil=0.80365 (9.3s)
[ucr] 015_UCR_Anomaly_DISTORTEDECG4_5000 chronos_small_resid      default  vus=0.00669 affil=0.80528 (2.0s)
[ucr] 015_UCR_Anomaly_DISTORTEDECG4_5000 chronos_small_quantile   default  vus=0.00684 affil=0.79729 (2.0s)
[ucr] 015_UCR_Anomaly_DISTORTEDECG4_5000 chronos_base_resid       default  vus=0.00791 affil=0.90247 (4.4s)
[ucr] 015_UCR_Anomaly_DISTORTEDECG4_5000 chronos_base_quantile    default  vus=0.00736 affil=0.74186 (4.4s)
[ucr] 015_UCR_Anomaly_DISTORTEDECG4_5000 timesfm_resid            default  vus=0.0083 affil=0.92158 (66.7s)
[ucr] 015_UCR_Anomaly_DISTORTEDECG4_5000 timesfm_quantile         default  vus=0.00604 affil=0.89337 (66.7s)
[ucr] 016_UCR_Anomaly_DISTORTEDECG4_5000 chronos_small_resid      default  vus=0.02341 affil=0.68675 (0.3s)
[ucr] 016_UCR_Anomaly_DISTORTEDECG4_5000 chronos_small_quantile   default  vus=0.01655 affil=0.69122 (0.3s)
[ucr] 016_UCR_Anomaly_DISTORTEDECG4_5000 chronos_base_resid       default  vus=0.02402 affil=0.68668 (0.7s)
[ucr] 016_UCR_Anomaly_DISTORTEDECG4_5000 chronos_base_quantile    default  vus=0.0137 affil=0.71426 (0.7s)
[ucr] 016_UCR_Anomaly_DISTORTEDECG4_5000 timesfm_resid            default  vus=0.03046 affil=0.86673 (9.3s)
[ucr] 016_UCR_Anomaly_DISTORTEDECG4_5000 timesfm_quantile         default  vus=0.0231 affil=0.96076 (9.3s)
[ucr] 017_UCR_Anomaly_DISTORTEDECG4_5000 chronos_small_resid      default  vus=0.02262 affil=0.70363 (0.3s)
[ucr] 017_UCR_Anomaly_DISTORTEDECG4_5000 chronos_small_quantile   default  vus=0.01413 affil=0.68189 (0.3s)
[ucr] 017_UCR_Anomaly_DISTORTEDECG4_5000 chronos_base_resid       default  vus=0.02911 affil=0.69414 (0.6s)
[ucr] 017_UCR_Anomaly_DISTORTEDECG4_5000 chronos_base_quantile    default  vus=0.01322 affil=0.69585 (0.6s)
[ucr] 017_UCR_Anomaly_DISTORTEDECG4_5000 timesfm_resid            default  vus=0.03238 affil=0.87153 (9.8s)
[ucr] 017_UCR_Anomaly_DISTORTEDECG4_5000 timesfm_quantile         default  vus=0.01293 affil=0.81149 (9.8s)
[ucr] 018_UCR_Anomaly_DISTORTEDECG4_8000 chronos_small_resid      default  vus=0.01252 affil=0.68429 (0.3s)
[ucr] 018_UCR_Anomaly_DISTORTEDECG4_8000 chronos_small_quantile   default  vus=0.0157 affil=0.65906 (0.3s)
[ucr] 018_UCR_Anomaly_DISTORTEDECG4_8000 chronos_base_resid       default  vus=0.01155 affil=0.67446 (0.8s)
[ucr] 018_UCR_Anomaly_DISTORTEDECG4_8000 chronos_base_quantile    default  vus=0.01115 affil=0.66064 (0.8s)
[ucr] 018_UCR_Anomaly_DISTORTEDECG4_8000 timesfm_resid            default  vus=0.01005 affil=0.79777 (9.0s)
[ucr] 018_UCR_Anomaly_DISTORTEDECG4_8000 timesfm_quantile         default  vus=0.01776 affil=0.70782 (9.0s)
[ucr] 019_UCR_Anomaly_DISTORTEDGP711Mark chronos_small_resid      default  vus=0.00918 affil=0.76857 (0.2s)
[ucr] 019_UCR_Anomaly_DISTORTEDGP711Mark chronos_small_quantile   default  vus=0.00941 affil=0.79613 (0.2s)
[ucr] 019_UCR_Anomaly_DISTORTEDGP711Mark chronos_base_resid       default  vus=0.00863 affil=0.6979 (0.2s)
[ucr] 019_UCR_Anomaly_DISTORTEDGP711Mark chronos_base_quantile    default  vus=0.00944 affil=0.67661 (0.2s)
[ucr] 019_UCR_Anomaly_DISTORTEDGP711Mark timesfm_resid            default  vus=0.04217 affil=0.939 (2.9s)
[ucr] 019_UCR_Anomaly_DISTORTEDGP711Mark timesfm_quantile         default  vus=0.0582 affil=0.939 (2.9s)
[ucr] 020_UCR_Anomaly_DISTORTEDGP711Mark chronos_small_resid      default  vus=0.04763 affil=0.68623 (0.1s)
[ucr] 020_UCR_Anomaly_DISTORTEDGP711Mark chronos_small_quantile   default  vus=0.04685 affil=0.89452 (0.1s)
[ucr] 020_UCR_Anomaly_DISTORTEDGP711Mark chronos_base_resid       default  vus=0.0482 affil=0.68634 (0.3s)
[ucr] 020_UCR_Anomaly_DISTORTEDGP711Mark chronos_base_quantile    default  vus=0.04443 affil=0.89564 (0.3s)
[ucr] 020_UCR_Anomaly_DISTORTEDGP711Mark timesfm_resid            default  vus=0.24564 affil=0.97594 (2.7s)
[ucr] 020_UCR_Anomaly_DISTORTEDGP711Mark timesfm_quantile         default  vus=0.1126 affil=0.81717 (2.7s)
[ucr] 021_UCR_Anomaly_DISTORTEDGP711Mark chronos_small_resid      default  vus=0.01379 affil=0.67235 (0.1s)
[ucr] 021_UCR_Anomaly_DISTORTEDGP711Mark chronos_small_quantile   default  vus=0.00935 affil=0.64866 (0.1s)
[ucr] 021_UCR_Anomaly_DISTORTEDGP711Mark chronos_base_resid       default  vus=0.01149 affil=0.67548 (0.2s)
[ucr] 021_UCR_Anomaly_DISTORTEDGP711Mark chronos_base_quantile    default  vus=0.00943 affil=0.66116 (0.2s)
[ucr] 021_UCR_Anomaly_DISTORTEDGP711Mark timesfm_resid            default  vus=0.22644 affil=0.9981 (2.6s)
[ucr] 021_UCR_Anomaly_DISTORTEDGP711Mark timesfm_quantile         default  vus=0.09891 affil=0.99812 (2.6s)
[ucr] 022_UCR_Anomaly_DISTORTEDGP711Mark chronos_small_resid      default  vus=0.03796 affil=0.81458 (0.2s)
[ucr] 022_UCR_Anomaly_DISTORTEDGP711Mark chronos_small_quantile   default  vus=0.02476 affil=0.66799 (0.2s)
[ucr] 022_UCR_Anomaly_DISTORTEDGP711Mark chronos_base_resid       default  vus=0.04095 affil=0.68727 (0.3s)
[ucr] 022_UCR_Anomaly_DISTORTEDGP711Mark chronos_base_quantile    default  vus=0.02626 affil=0.68862 (0.3s)
[ucr] 022_UCR_Anomaly_DISTORTEDGP711Mark timesfm_resid            default  vus=0.10721 affil=0.97315 (2.8s)
[ucr] 022_UCR_Anomaly_DISTORTEDGP711Mark timesfm_quantile         default  vus=0.03373 affil=0.7309 (2.8s)
[ucr] 023_UCR_Anomaly_DISTORTEDGP711Mark chronos_small_resid      default  vus=0.0346 affil=0.68173 (0.2s)
[ucr] 023_UCR_Anomaly_DISTORTEDGP711Mark chronos_small_quantile   default  vus=0.04248 affil=0.97525 (0.2s)
[ucr] 023_UCR_Anomaly_DISTORTEDGP711Mark chronos_base_resid       default  vus=0.03362 affil=0.68942 (0.2s)
[ucr] 023_UCR_Anomaly_DISTORTEDGP711Mark chronos_base_quantile    default  vus=0.02458 affil=0.67923 (0.2s)
[ucr] 023_UCR_Anomaly_DISTORTEDGP711Mark timesfm_resid            default  vus=0.10959 affil=0.99605 (2.6s)
[ucr] 023_UCR_Anomaly_DISTORTEDGP711Mark timesfm_quantile         default  vus=0.1359 affil=0.99604 (2.6s)
[ucr] 024_UCR_Anomaly_DISTORTEDInternalB chronos_small_resid      default  vus=0.0141 affil=0.67366 (0.1s)
[ucr] 024_UCR_Anomaly_DISTORTEDInternalB chronos_small_quantile   default  vus=0.01412 affil=0.64947 (0.1s)
[ucr] 024_UCR_Anomaly_DISTORTEDInternalB chronos_base_resid       default  vus=0.01191 affil=0.67183 (0.2s)
[ucr] 024_UCR_Anomaly_DISTORTEDInternalB chronos_base_quantile    default  vus=0.01045 affil=0.67567 (0.2s)
[ucr] 024_UCR_Anomaly_DISTORTEDInternalB timesfm_resid            default  vus=0.01936 affil=0.81469 (2.7s)
[ucr] 024_UCR_Anomaly_DISTORTEDInternalB timesfm_quantile         default  vus=0.01072 affil=0.63146 (2.7s)
[ucr] 025_UCR_Anomaly_DISTORTEDInternalB chronos_small_resid      default  vus=0.00726 affil=0.84397 (0.1s)
[ucr] 025_UCR_Anomaly_DISTORTEDInternalB chronos_small_quantile   default  vus=0.00798 affil=0.68183 (0.1s)
[ucr] 025_UCR_Anomaly_DISTORTEDInternalB chronos_base_resid       default  vus=0.00728 affil=0.71171 (0.2s)
[ucr] 025_UCR_Anomaly_DISTORTEDInternalB chronos_base_quantile    default  vus=0.00823 affil=0.6916 (0.2s)
[ucr] 025_UCR_Anomaly_DISTORTEDInternalB timesfm_resid            default  vus=0.10653 affil=0.99849 (2.6s)
[ucr] 025_UCR_Anomaly_DISTORTEDInternalB timesfm_quantile         default  vus=0.02344 affil=0.76664 (2.6s)
[ucr] 026_UCR_Anomaly_DISTORTEDInternalB chronos_small_resid      default  vus=0.05319 affil=0.92671 (0.1s)
[ucr] 026_UCR_Anomaly_DISTORTEDInternalB chronos_small_quantile   default  vus=0.05723 affil=0.72177 (0.1s)
[ucr] 026_UCR_Anomaly_DISTORTEDInternalB chronos_base_resid       default  vus=0.04764 affil=0.92671 (0.2s)
[ucr] 026_UCR_Anomaly_DISTORTEDInternalB chronos_base_quantile    default  vus=0.04472 affil=0.65846 (0.2s)
[ucr] 026_UCR_Anomaly_DISTORTEDInternalB timesfm_resid            default  vus=0.07187 affil=0.92671 (2.8s)
[ucr] 026_UCR_Anomaly_DISTORTEDInternalB timesfm_quantile         default  vus=0.07326 affil=0.9918 (2.8s)
[ucr] 027_UCR_Anomaly_DISTORTEDInternalB chronos_small_resid      default  vus=0.00288 affil=0.67515 (0.1s)
[ucr] 027_UCR_Anomaly_DISTORTEDInternalB chronos_small_quantile   default  vus=0.00283 affil=0.63767 (0.1s)
[ucr] 027_UCR_Anomaly_DISTORTEDInternalB chronos_base_resid       default  vus=0.00556 affil=0.71447 (0.2s)
[ucr] 027_UCR_Anomaly_DISTORTEDInternalB chronos_base_quantile    default  vus=0.00288 affil=0.70237 (0.2s)
[ucr] 027_UCR_Anomaly_DISTORTEDInternalB timesfm_resid            default  vus=0.09508 affil=0.79089 (2.6s)
[ucr] 027_UCR_Anomaly_DISTORTEDInternalB timesfm_quantile         default  vus=0.02014 affil=0.73149 (2.6s)
[ucr] 028_UCR_Anomaly_DISTORTEDInternalB chronos_small_resid      default  vus=0.03137 affil=0.87297 (0.1s)
[ucr] 028_UCR_Anomaly_DISTORTEDInternalB chronos_small_quantile   default  vus=0.03268 affil=0.66189 (0.1s)
[ucr] 028_UCR_Anomaly_DISTORTEDInternalB chronos_base_resid       default  vus=0.02915 affil=0.87285 (0.2s)
[ucr] 028_UCR_Anomaly_DISTORTEDInternalB chronos_base_quantile    default  vus=0.03039 affil=0.6669 (0.2s)
[ucr] 028_UCR_Anomaly_DISTORTEDInternalB timesfm_resid            default  vus=0.08438 affil=0.75502 (2.6s)
[ucr] 028_UCR_Anomaly_DISTORTEDInternalB timesfm_quantile         default  vus=0.07546 affil=0.9103 (2.6s)
[ucr] 029_UCR_Anomaly_DISTORTEDInternalB chronos_small_resid      default  vus=0.03874 affil=0.66869 (0.1s)
[ucr] 029_UCR_Anomaly_DISTORTEDInternalB chronos_small_quantile   default  vus=0.03255 affil=0.84452 (0.1s)
[ucr] 029_UCR_Anomaly_DISTORTEDInternalB chronos_base_resid       default  vus=0.07138 affil=0.70485 (0.2s)
[ucr] 029_UCR_Anomaly_DISTORTEDInternalB chronos_base_quantile    default  vus=0.03242 affil=0.88067 (0.2s)
[ucr] 029_UCR_Anomaly_DISTORTEDInternalB timesfm_resid            default  vus=0.09926 affil=0.99573 (2.7s)
[ucr] 029_UCR_Anomaly_DISTORTEDInternalB timesfm_quantile         default  vus=0.02759 affil=0.74172 (2.7s)
[ucr] 030_UCR_Anomaly_DISTORTEDInternalB chronos_small_resid      default  vus=0.00348 affil=0.66951 (0.1s)
[ucr] 030_UCR_Anomaly_DISTORTEDInternalB chronos_small_quantile   default  vus=0.0081 affil=0.71032 (0.1s)
[ucr] 030_UCR_Anomaly_DISTORTEDInternalB chronos_base_resid       default  vus=0.00492 affil=0.68804 (0.2s)
[ucr] 030_UCR_Anomaly_DISTORTEDInternalB chronos_base_quantile    default  vus=0.0057 affil=0.80256 (0.2s)
[ucr] 030_UCR_Anomaly_DISTORTEDInternalB timesfm_resid            default  vus=0.03111 affil=0.69015 (2.7s)
[ucr] 030_UCR_Anomaly_DISTORTEDInternalB timesfm_quantile         default  vus=0.00784 affil=0.68376 (2.7s)
[ucr] 031_UCR_Anomaly_DISTORTEDInternalB chronos_small_resid      default  vus=0.05593 affil=0.68643 (0.1s)
[ucr] 031_UCR_Anomaly_DISTORTEDInternalB chronos_small_quantile   default  vus=0.04429 affil=0.71788 (0.1s)
[ucr] 031_UCR_Anomaly_DISTORTEDInternalB chronos_base_resid       default  vus=0.05937 affil=0.67909 (0.2s)
[ucr] 031_UCR_Anomaly_DISTORTEDInternalB chronos_base_quantile    default  vus=0.04785 affil=0.63964 (0.2s)
[ucr] 031_UCR_Anomaly_DISTORTEDInternalB timesfm_resid            default  vus=0.14356 affil=0.96098 (2.7s)
[ucr] 031_UCR_Anomaly_DISTORTEDInternalB timesfm_quantile         default  vus=0.05506 affil=0.68996 (2.7s)
[ucr] 032_UCR_Anomaly_DISTORTEDInternalB chronos_small_resid      default  vus=0.29105 affil=0.98896 (0.1s)
[ucr] 032_UCR_Anomaly_DISTORTEDInternalB chronos_small_quantile   default  vus=0.10965 affil=0.98298 (0.1s)
[ucr] 032_UCR_Anomaly_DISTORTEDInternalB chronos_base_resid       default  vus=0.30872 affil=0.98298 (0.2s)
[ucr] 032_UCR_Anomaly_DISTORTEDInternalB chronos_base_quantile    default  vus=0.11529 affil=0.89438 (0.2s)
[ucr] 032_UCR_Anomaly_DISTORTEDInternalB timesfm_resid            default  vus=0.44361 affil=0.99314 (2.6s)
[ucr] 032_UCR_Anomaly_DISTORTEDInternalB timesfm_quantile         default  vus=0.12471 affil=0.98298 (2.6s)
[ucr] 033_UCR_Anomaly_DISTORTEDInternalB chronos_small_resid      default  vus=0.16213 affil=0.81955 (0.1s)
[ucr] 033_UCR_Anomaly_DISTORTEDInternalB chronos_small_quantile   default  vus=0.11094 affil=0.72768 (0.1s)
[ucr] 033_UCR_Anomaly_DISTORTEDInternalB chronos_base_resid       default  vus=0.13217 affil=0.83223 (0.2s)
[ucr] 033_UCR_Anomaly_DISTORTEDInternalB chronos_base_quantile    default  vus=0.12194 affil=0.79153 (0.2s)
[ucr] 033_UCR_Anomaly_DISTORTEDInternalB timesfm_resid            default  vus=0.26692 affil=0.98444 (1.3s)
[ucr] 033_UCR_Anomaly_DISTORTEDInternalB timesfm_quantile         default  vus=0.30271 affil=0.99573 (1.3s)
[ucr] 034_UCR_Anomaly_DISTORTEDInternalB chronos_small_resid      default  vus=0.03096 affil=0.69089 (0.1s)
[ucr] 034_UCR_Anomaly_DISTORTEDInternalB chronos_small_quantile   default  vus=0.04072 affil=0.69364 (0.1s)
[ucr] 034_UCR_Anomaly_DISTORTEDInternalB chronos_base_resid       default  vus=0.03706 affil=0.75707 (0.2s)
[ucr] 034_UCR_Anomaly_DISTORTEDInternalB chronos_base_quantile    default  vus=0.04473 affil=0.76958 (0.2s)
[ucr] 034_UCR_Anomaly_DISTORTEDInternalB timesfm_resid            default  vus=0.25352 affil=0.99229 (2.8s)
[ucr] 034_UCR_Anomaly_DISTORTEDInternalB timesfm_quantile         default  vus=0.09065 affil=0.85904 (2.8s)
[ucr] 035_UCR_Anomaly_DISTORTEDInternalB chronos_small_resid      default  vus=0.03473 affil=0.76335 (0.1s)
[ucr] 035_UCR_Anomaly_DISTORTEDInternalB chronos_small_quantile   default  vus=0.05559 affil=0.76135 (0.1s)
[ucr] 035_UCR_Anomaly_DISTORTEDInternalB chronos_base_resid       default  vus=0.05892 affil=0.76295 (0.2s)
[ucr] 035_UCR_Anomaly_DISTORTEDInternalB chronos_base_quantile    default  vus=0.04939 affil=0.76215 (0.2s)
[ucr] 035_UCR_Anomaly_DISTORTEDInternalB timesfm_resid            default  vus=0.06258 affil=0.69523 (2.6s)
[ucr] 035_UCR_Anomaly_DISTORTEDInternalB timesfm_quantile         default  vus=0.09783 affil=0.65891 (2.6s)
[ucr] 036_UCR_Anomaly_DISTORTEDInternalB chronos_small_resid      default  vus=0.02758 affil=0.70661 (0.1s)
[ucr] 036_UCR_Anomaly_DISTORTEDInternalB chronos_small_quantile   default  vus=0.03871 affil=0.66923 (0.1s)
[ucr] 036_UCR_Anomaly_DISTORTEDInternalB chronos_base_resid       default  vus=0.02636 affil=0.81763 (0.2s)
[ucr] 036_UCR_Anomaly_DISTORTEDInternalB chronos_base_quantile    default  vus=0.03813 affil=0.93027 (0.2s)
[ucr] 036_UCR_Anomaly_DISTORTEDInternalB timesfm_resid            default  vus=0.02928 affil=0.73447 (1.3s)
[ucr] 036_UCR_Anomaly_DISTORTEDInternalB timesfm_quantile         default  vus=0.04242 affil=0.63195 (1.3s)
[ucr] 037_UCR_Anomaly_DISTORTEDLab2Cmac0 chronos_small_resid      default  vus=0.02919 affil=0.90372 (0.3s)
[ucr] 037_UCR_Anomaly_DISTORTEDLab2Cmac0 chronos_small_quantile   default  vus=0.03594 affil=0.89555 (0.3s)
[ucr] 037_UCR_Anomaly_DISTORTEDLab2Cmac0 chronos_base_resid       default  vus=0.03318 affil=0.8881 (0.7s)
[ucr] 037_UCR_Anomaly_DISTORTEDLab2Cmac0 chronos_base_quantile    default  vus=0.0663 affil=0.93286 (0.7s)
[ucr] 037_UCR_Anomaly_DISTORTEDLab2Cmac0 timesfm_resid            default  vus=0.03733 affil=0.78074 (9.3s)
[ucr] 037_UCR_Anomaly_DISTORTEDLab2Cmac0 timesfm_quantile         default  vus=0.02966 affil=0.70556 (9.3s)
[ucr] 038_UCR_Anomaly_DISTORTEDLab2Cmac0 chronos_small_resid      default  vus=0.00432 affil=0.66791 (0.3s)
[ucr] 038_UCR_Anomaly_DISTORTEDLab2Cmac0 chronos_small_quantile   default  vus=0.00423 affil=0.65872 (0.3s)
[ucr] 038_UCR_Anomaly_DISTORTEDLab2Cmac0 chronos_base_resid       default  vus=0.00462 affil=0.67312 (0.9s)
[ucr] 038_UCR_Anomaly_DISTORTEDLab2Cmac0 chronos_base_quantile    default  vus=0.00427 affil=0.67039 (0.9s)
[ucr] 038_UCR_Anomaly_DISTORTEDLab2Cmac0 timesfm_resid            default  vus=0.00739 affil=0.66948 (9.4s)
[ucr] 038_UCR_Anomaly_DISTORTEDLab2Cmac0 timesfm_quantile         default  vus=0.00902 affil=0.68491 (9.4s)
[ucr] 039_UCR_Anomaly_DISTORTEDLab2Cmac0 chronos_small_resid      default  vus=0.00373 affil=0.7187 (0.3s)
[ucr] 039_UCR_Anomaly_DISTORTEDLab2Cmac0 chronos_small_quantile   default  vus=0.00522 affil=0.74503 (0.3s)
[ucr] 039_UCR_Anomaly_DISTORTEDLab2Cmac0 chronos_base_resid       default  vus=0.00348 affil=0.81474 (0.6s)
[ucr] 039_UCR_Anomaly_DISTORTEDLab2Cmac0 chronos_base_quantile    default  vus=0.00528 affil=0.81223 (0.6s)
[ucr] 039_UCR_Anomaly_DISTORTEDLab2Cmac0 timesfm_resid            default  vus=0.00605 affil=0.67419 (9.7s)
[ucr] 039_UCR_Anomaly_DISTORTEDLab2Cmac0 timesfm_quantile         default  vus=0.00614 affil=0.66396 (9.7s)
[ucr] 040_UCR_Anomaly_DISTORTEDLab2Cmac0 chronos_small_resid      default  vus=0.00734 affil=0.71835 (0.3s)
[ucr] 040_UCR_Anomaly_DISTORTEDLab2Cmac0 chronos_small_quantile   default  vus=0.00776 affil=0.72316 (0.3s)
[ucr] 040_UCR_Anomaly_DISTORTEDLab2Cmac0 chronos_base_resid       default  vus=0.00753 affil=0.73549 (0.6s)
[ucr] 040_UCR_Anomaly_DISTORTEDLab2Cmac0 chronos_base_quantile    default  vus=0.00751 affil=0.85279 (0.6s)
[ucr] 040_UCR_Anomaly_DISTORTEDLab2Cmac0 timesfm_resid            default  vus=0.00822 affil=0.66757 (8.5s)
[ucr] 040_UCR_Anomaly_DISTORTEDLab2Cmac0 timesfm_quantile         default  vus=0.00788 affil=0.66562 (8.5s)
[ucr] 041_UCR_Anomaly_DISTORTEDLab2Cmac0 chronos_small_resid      default  vus=0.01099 affil=0.74804 (0.3s)
[ucr] 041_UCR_Anomaly_DISTORTEDLab2Cmac0 chronos_small_quantile   default  vus=0.01147 affil=0.72644 (0.3s)
[ucr] 041_UCR_Anomaly_DISTORTEDLab2Cmac0 chronos_base_resid       default  vus=0.01071 affil=0.74573 (0.6s)
[ucr] 041_UCR_Anomaly_DISTORTEDLab2Cmac0 chronos_base_quantile    default  vus=0.00867 affil=0.75708 (0.6s)
[ucr] 041_UCR_Anomaly_DISTORTEDLab2Cmac0 timesfm_resid            default  vus=0.01173 affil=0.68314 (8.1s)
[ucr] 041_UCR_Anomaly_DISTORTEDLab2Cmac0 timesfm_quantile         default  vus=0.00951 affil=0.66571 (8.1s)
[ucr] 042_UCR_Anomaly_DISTORTEDLab2Cmac0 chronos_small_resid      default  vus=0.01035 affil=0.67254 (0.3s)
[ucr] 042_UCR_Anomaly_DISTORTEDLab2Cmac0 chronos_small_quantile   default  vus=0.01309 affil=0.65852 (0.3s)
[ucr] 042_UCR_Anomaly_DISTORTEDLab2Cmac0 chronos_base_resid       default  vus=0.01072 affil=0.65158 (0.6s)
[ucr] 042_UCR_Anomaly_DISTORTEDLab2Cmac0 chronos_base_quantile    default  vus=0.01366 affil=0.70166 (0.6s)
[ucr] 042_UCR_Anomaly_DISTORTEDLab2Cmac0 timesfm_resid            default  vus=0.01109 affil=0.66065 (8.1s)
[ucr] 042_UCR_Anomaly_DISTORTEDLab2Cmac0 timesfm_quantile         default  vus=0.01399 affil=0.65449 (8.1s)
[ucr] 043_UCR_Anomaly_DISTORTEDMesoplodo chronos_small_resid      default  vus=0.0265 affil=0.85808 (0.2s)
[ucr] 043_UCR_Anomaly_DISTORTEDMesoplodo chronos_small_quantile   default  vus=0.01706 affil=0.84609 (0.2s)
[ucr] 043_UCR_Anomaly_DISTORTEDMesoplodo chronos_base_resid       default  vus=0.02491 affil=0.88571 (0.3s)
[ucr] 043_UCR_Anomaly_DISTORTEDMesoplodo chronos_base_quantile    default  vus=0.01696 affil=0.77277 (0.3s)
[ucr] 043_UCR_Anomaly_DISTORTEDMesoplodo timesfm_resid            default  vus=0.03708 affil=0.9046 (5.4s)
[ucr] 043_UCR_Anomaly_DISTORTEDMesoplodo timesfm_quantile         default  vus=0.02892 affil=0.74214 (5.4s)
[ucr] 044_UCR_Anomaly_DISTORTEDPowerDema chronos_small_resid      default  vus=0.03694 affil=0.75334 (0.3s)
[ucr] 044_UCR_Anomaly_DISTORTEDPowerDema chronos_small_quantile   default  vus=0.02713 affil=0.95502 (0.3s)
[ucr] 044_UCR_Anomaly_DISTORTEDPowerDema chronos_base_resid       default  vus=0.03765 affil=0.75062 (0.7s)
[ucr] 044_UCR_Anomaly_DISTORTEDPowerDema chronos_base_quantile    default  vus=0.02496 affil=0.90098 (0.7s)
[ucr] 044_UCR_Anomaly_DISTORTEDPowerDema timesfm_resid            default  vus=0.03722 affil=0.82835 (8.1s)
[ucr] 044_UCR_Anomaly_DISTORTEDPowerDema timesfm_quantile         default  vus=0.02786 affil=0.86431 (8.1s)
[ucr] 045_UCR_Anomaly_DISTORTEDPowerDema chronos_small_resid      default  vus=0.03007 affil=0.69435 (0.2s)
[ucr] 045_UCR_Anomaly_DISTORTEDPowerDema chronos_small_quantile   default  vus=0.03062 affil=0.76601 (0.2s)
[ucr] 045_UCR_Anomaly_DISTORTEDPowerDema chronos_base_resid       default  vus=0.03015 affil=0.67813 (0.4s)
[ucr] 045_UCR_Anomaly_DISTORTEDPowerDema chronos_base_quantile    default  vus=0.03337 affil=0.739 (0.4s)
[ucr] 045_UCR_Anomaly_DISTORTEDPowerDema timesfm_resid            default  vus=0.02573 affil=0.66661 (5.4s)
[ucr] 045_UCR_Anomaly_DISTORTEDPowerDema timesfm_quantile         default  vus=0.02775 affil=0.72695 (5.4s)
[ucr] 046_UCR_Anomaly_DISTORTEDPowerDema chronos_small_resid      default  vus=0.02004 affil=0.6813 (0.2s)
[ucr] 046_UCR_Anomaly_DISTORTEDPowerDema chronos_small_quantile   default  vus=0.01478 affil=0.82418 (0.2s)
[ucr] 046_UCR_Anomaly_DISTORTEDPowerDema chronos_base_resid       default  vus=0.02195 affil=0.67831 (0.4s)
[ucr] 046_UCR_Anomaly_DISTORTEDPowerDema chronos_base_quantile    default  vus=0.0115 affil=0.73756 (0.4s)
[ucr] 046_UCR_Anomaly_DISTORTEDPowerDema timesfm_resid            default  vus=0.01958 affil=0.65758 (5.4s)
[ucr] 046_UCR_Anomaly_DISTORTEDPowerDema timesfm_quantile         default  vus=0.01302 affil=0.69638 (5.4s)
[ucr] 047_UCR_Anomaly_DISTORTEDPowerDema chronos_small_resid      default  vus=0.06989 affil=0.89759 (0.1s)
[ucr] 047_UCR_Anomaly_DISTORTEDPowerDema chronos_small_quantile   default  vus=0.06029 affil=0.82913 (0.1s)
[ucr] 047_UCR_Anomaly_DISTORTEDPowerDema chronos_base_resid       default  vus=0.08411 affil=0.89759 (0.3s)
[ucr] 047_UCR_Anomaly_DISTORTEDPowerDema chronos_base_quantile    default  vus=0.03476 affil=0.72104 (0.3s)
[ucr] 047_UCR_Anomaly_DISTORTEDPowerDema timesfm_resid            default  vus=0.0465 affil=0.82015 (3.9s)
[ucr] 047_UCR_Anomaly_DISTORTEDPowerDema timesfm_quantile         default  vus=0.01416 affil=0.69665 (3.9s)
[ucr] 048_UCR_Anomaly_DISTORTEDTkeepFift chronos_small_resid      default  vus=0.10029 affil=0.98187 (0.1s)
[ucr] 048_UCR_Anomaly_DISTORTEDTkeepFift chronos_small_quantile   default  vus=0.08581 affil=0.98187 (0.1s)
[ucr] 048_UCR_Anomaly_DISTORTEDTkeepFift chronos_base_resid       default  vus=0.09839 affil=0.98187 (0.2s)
[ucr] 048_UCR_Anomaly_DISTORTEDTkeepFift chronos_base_quantile    default  vus=0.05334 affil=0.88115 (0.2s)
[ucr] 048_UCR_Anomaly_DISTORTEDTkeepFift timesfm_resid            default  vus=0.11146 affil=0.98187 (3.3s)
[ucr] 048_UCR_Anomaly_DISTORTEDTkeepFift timesfm_quantile         default  vus=0.15284 affil=0.98286 (3.3s)
[ucr] 049_UCR_Anomaly_DISTORTEDTkeepFirs chronos_small_resid      default  vus=0.00434 affil=0.83447 (0.2s)
[ucr] 049_UCR_Anomaly_DISTORTEDTkeepFirs chronos_small_quantile   default  vus=0.00351 affil=0.69403 (0.2s)
[ucr] 049_UCR_Anomaly_DISTORTEDTkeepFirs chronos_base_resid       default  vus=0.00406 affil=0.72919 (0.4s)
[ucr] 049_UCR_Anomaly_DISTORTEDTkeepFirs chronos_base_quantile    default  vus=0.00372 affil=0.65464 (0.4s)
[ucr] 049_UCR_Anomaly_DISTORTEDTkeepFirs timesfm_resid            default  vus=0.00356 affil=0.70528 (3.2s)
[ucr] 049_UCR_Anomaly_DISTORTEDTkeepFirs timesfm_quantile         default  vus=0.00402 affil=0.79679 (3.2s)
[ucr] 050_UCR_Anomaly_DISTORTEDTkeepFort chronos_small_resid      default  vus=0.03408 affil=0.86082 (0.2s)
[ucr] 050_UCR_Anomaly_DISTORTEDTkeepFort chronos_small_quantile   default  vus=0.02047 affil=0.67121 (0.2s)
[ucr] 050_UCR_Anomaly_DISTORTEDTkeepFort chronos_base_resid       default  vus=0.02936 affil=0.71499 (0.3s)
[ucr] 050_UCR_Anomaly_DISTORTEDTkeepFort chronos_base_quantile    default  vus=0.01998 affil=0.73642 (0.3s)
[ucr] 050_UCR_Anomaly_DISTORTEDTkeepFort timesfm_resid            default  vus=0.03931 affil=0.83299 (2.7s)
[ucr] 050_UCR_Anomaly_DISTORTEDTkeepFort timesfm_quantile         default  vus=0.02428 affil=0.82015 (2.7s)
[ucr] 051_UCR_Anomaly_DISTORTEDTkeepSeco chronos_small_resid      default  vus=0.00407 affil=0.97807 (0.1s)
[ucr] 051_UCR_Anomaly_DISTORTEDTkeepSeco chronos_small_quantile   default  vus=0.00525 affil=0.77176 (0.1s)
[ucr] 051_UCR_Anomaly_DISTORTEDTkeepSeco chronos_base_resid       default  vus=0.00321 affil=0.97807 (0.2s)
[ucr] 051_UCR_Anomaly_DISTORTEDTkeepSeco chronos_base_quantile    default  vus=0.00465 affil=0.9839 (0.2s)
[ucr] 051_UCR_Anomaly_DISTORTEDTkeepSeco timesfm_resid            default  vus=0.01548 affil=0.97705 (2.7s)
[ucr] 051_UCR_Anomaly_DISTORTEDTkeepSeco timesfm_quantile         default  vus=0.01895 affil=0.98279 (2.7s)
[ucr] 052_UCR_Anomaly_DISTORTEDTkeepThir chronos_small_resid      default  vus=0.04802 affil=0.70373 (0.1s)
[ucr] 052_UCR_Anomaly_DISTORTEDTkeepThir chronos_small_quantile   default  vus=0.02613 affil=0.68269 (0.1s)
[ucr] 052_UCR_Anomaly_DISTORTEDTkeepThir chronos_base_resid       default  vus=0.27047 affil=0.94853 (0.3s)
[ucr] 052_UCR_Anomaly_DISTORTEDTkeepThir chronos_base_quantile    default  vus=0.03482 affil=0.69432 (0.3s)
[ucr] 052_UCR_Anomaly_DISTORTEDTkeepThir timesfm_resid            default  vus=0.06805 affil=0.96452 (2.7s)
[ucr] 052_UCR_Anomaly_DISTORTEDTkeepThir timesfm_quantile         default  vus=0.03373 affil=0.72326 (2.7s)
[ucr] 053_UCR_Anomaly_DISTORTEDWalkingAc chronos_small_resid      default  vus=0.05973 affil=0.66643 (0.1s)
[ucr] 053_UCR_Anomaly_DISTORTEDWalkingAc chronos_small_quantile   default  vus=0.06267 affil=0.66459 (0.1s)
[ucr] 053_UCR_Anomaly_DISTORTEDWalkingAc chronos_base_resid       default  vus=0.05824 affil=0.64822 (0.2s)
[ucr] 053_UCR_Anomaly_DISTORTEDWalkingAc chronos_base_quantile    default  vus=0.06793 affil=0.66881 (0.2s)
[ucr] 053_UCR_Anomaly_DISTORTEDWalkingAc timesfm_resid            default  vus=0.06472 affil=0.6595 (2.5s)
[ucr] 053_UCR_Anomaly_DISTORTEDWalkingAc timesfm_quantile         default  vus=0.06293 affil=0.66954 (2.5s)
[ucr] 054_UCR_Anomaly_DISTORTEDWalkingAc chronos_small_resid      default  vus=0.17468 affil=0.94448 (0.1s)
[ucr] 054_UCR_Anomaly_DISTORTEDWalkingAc chronos_small_quantile   default  vus=0.17981 affil=0.92344 (0.1s)
[ucr] 054_UCR_Anomaly_DISTORTEDWalkingAc chronos_base_resid       default  vus=0.17864 affil=0.94448 (0.2s)
[ucr] 054_UCR_Anomaly_DISTORTEDWalkingAc chronos_base_quantile    default  vus=0.12046 affil=0.92344 (0.2s)
[ucr] 054_UCR_Anomaly_DISTORTEDWalkingAc timesfm_resid            default  vus=0.20714 affil=0.92344 (1.3s)
[ucr] 054_UCR_Anomaly_DISTORTEDWalkingAc timesfm_quantile         default  vus=0.29155 affil=0.96219 (1.3s)
[ucr] 055_UCR_Anomaly_DISTORTEDapneaecg2 chronos_small_resid      default  vus=0.01629 affil=0.91645 (0.3s)
[ucr] 055_UCR_Anomaly_DISTORTEDapneaecg2 chronos_small_quantile   default  vus=0.01859 affil=0.88212 (0.3s)
[ucr] 055_UCR_Anomaly_DISTORTEDapneaecg2 chronos_base_resid       default  vus=0.01504 affil=0.93313 (0.7s)
[ucr] 055_UCR_Anomaly_DISTORTEDapneaecg2 chronos_base_quantile    default  vus=0.02659 affil=0.78906 (0.7s)
[ucr] 055_UCR_Anomaly_DISTORTEDapneaecg2 timesfm_resid            default  vus=0.01493 affil=0.88426 (9.3s)
[ucr] 055_UCR_Anomaly_DISTORTEDapneaecg2 timesfm_quantile         default  vus=0.01529 affil=0.66998 (9.3s)
[ucr] 056_UCR_Anomaly_DISTORTEDapneaecg3 chronos_small_resid      default  vus=0.00479 affil=0.66071 (0.5s)
[ucr] 056_UCR_Anomaly_DISTORTEDapneaecg3 chronos_small_quantile   default  vus=0.00456 affil=0.68257 (0.5s)
[ucr] 056_UCR_Anomaly_DISTORTEDapneaecg3 chronos_base_resid       default  vus=0.00486 affil=0.66091 (1.1s)
[ucr] 056_UCR_Anomaly_DISTORTEDapneaecg3 chronos_base_quantile    default  vus=0.00453 affil=0.68292 (1.1s)
[ucr] 056_UCR_Anomaly_DISTORTEDapneaecg3 timesfm_resid            default  vus=0.00517 affil=0.66496 (12.5s)
[ucr] 056_UCR_Anomaly_DISTORTEDapneaecg3 timesfm_quantile         default  vus=0.00571 affil=0.6806 (12.5s)
[ucr] 057_UCR_Anomaly_DISTORTEDapneaecg4 chronos_small_resid      default  vus=0.00351 affil=0.67069 (0.4s)
[ucr] 057_UCR_Anomaly_DISTORTEDapneaecg4 chronos_small_quantile   default  vus=0.00439 affil=0.68874 (0.4s)
[ucr] 057_UCR_Anomaly_DISTORTEDapneaecg4 chronos_base_resid       default  vus=0.00374 affil=0.66574 (0.8s)
[ucr] 057_UCR_Anomaly_DISTORTEDapneaecg4 chronos_base_quantile    default  vus=0.0045 affil=0.67959 (0.8s)
[ucr] 057_UCR_Anomaly_DISTORTEDapneaecg4 timesfm_resid            default  vus=0.00341 affil=0.6688 (10.6s)
[ucr] 057_UCR_Anomaly_DISTORTEDapneaecg4 timesfm_quantile         default  vus=0.00456 affil=0.76761 (10.6s)
[ucr] 058_UCR_Anomaly_DISTORTEDapneaecg_ chronos_small_resid      default  vus=0.0029 affil=0.70558 (0.3s)
[ucr] 058_UCR_Anomaly_DISTORTEDapneaecg_ chronos_small_quantile   default  vus=0.00349 affil=0.67585 (0.3s)
[ucr] 058_UCR_Anomaly_DISTORTEDapneaecg_ chronos_base_resid       default  vus=0.00302 affil=0.72045 (0.7s)
[ucr] 058_UCR_Anomaly_DISTORTEDapneaecg_ chronos_base_quantile    default  vus=0.0035 affil=0.68021 (0.7s)
[ucr] 058_UCR_Anomaly_DISTORTEDapneaecg_ timesfm_resid            default  vus=0.00347 affil=0.71666 (9.7s)
[ucr] 058_UCR_Anomaly_DISTORTEDapneaecg_ timesfm_quantile         default  vus=0.00347 affil=0.68413 (9.7s)
[ucr] 059_UCR_Anomaly_DISTORTEDgait1_200 chronos_small_resid      default  vus=0.00847 affil=0.68902 (0.5s)
[ucr] 059_UCR_Anomaly_DISTORTEDgait1_200 chronos_small_quantile   default  vus=0.00808 affil=0.71262 (0.5s)
[ucr] 059_UCR_Anomaly_DISTORTEDgait1_200 chronos_base_resid       default  vus=0.00818 affil=0.6764 (1.1s)
[ucr] 059_UCR_Anomaly_DISTORTEDgait1_200 chronos_base_quantile    default  vus=0.00833 affil=0.86926 (1.1s)
[ucr] 059_UCR_Anomaly_DISTORTEDgait1_200 timesfm_resid            default  vus=0.0087 affil=0.83496 (16.2s)
[ucr] 059_UCR_Anomaly_DISTORTEDgait1_200 timesfm_quantile         default  vus=0.00887 affil=0.86434 (16.2s)
[ucr] 060_UCR_Anomaly_DISTORTEDgait2_220 chronos_small_resid      default  vus=0.0097 affil=0.84105 (0.6s)
[ucr] 060_UCR_Anomaly_DISTORTEDgait2_220 chronos_small_quantile   default  vus=0.00921 affil=0.77576 (0.6s)
[ucr] 060_UCR_Anomaly_DISTORTEDgait2_220 chronos_base_resid       default  vus=0.01069 affil=0.68091 (1.1s)
[ucr] 060_UCR_Anomaly_DISTORTEDgait2_220 chronos_base_quantile    default  vus=0.01051 affil=0.65291 (1.1s)
[ucr] 060_UCR_Anomaly_DISTORTEDgait2_220 timesfm_resid            default  vus=0.01675 affil=0.77267 (14.9s)
[ucr] 060_UCR_Anomaly_DISTORTEDgait2_220 timesfm_quantile         default  vus=0.01238 affil=0.71376 (14.9s)
[ucr] 061_UCR_Anomaly_DISTORTEDgait3_245 chronos_small_resid      default  vus=0.04632 affil=0.73355 (0.5s)
[ucr] 061_UCR_Anomaly_DISTORTEDgait3_245 chronos_small_quantile   default  vus=0.02407 affil=0.67574 (0.5s)
[ucr] 061_UCR_Anomaly_DISTORTEDgait3_245 chronos_base_resid       default  vus=0.02131 affil=0.83295 (0.9s)
[ucr] 061_UCR_Anomaly_DISTORTEDgait3_245 chronos_base_quantile    default  vus=0.02644 affil=0.68489 (0.9s)
[ucr] 061_UCR_Anomaly_DISTORTEDgait3_245 timesfm_resid            default  vus=0.01691 affil=0.72281 (13.6s)
[ucr] 061_UCR_Anomaly_DISTORTEDgait3_245 timesfm_quantile         default  vus=0.01646 affil=0.82544 (13.6s)
[ucr] 062_UCR_Anomaly_DISTORTEDgaitHunt1 chronos_small_resid      default  vus=0.00286 affil=0.65884 (0.5s)
[ucr] 062_UCR_Anomaly_DISTORTEDgaitHunt1 chronos_small_quantile   default  vus=0.00361 affil=0.72374 (0.5s)
[ucr] 062_UCR_Anomaly_DISTORTEDgaitHunt1 chronos_base_resid       default  vus=0.00332 affil=0.65585 (1.1s)
[ucr] 062_UCR_Anomaly_DISTORTEDgaitHunt1 chronos_base_quantile    default  vus=0.00346 affil=0.79383 (1.1s)
[ucr] 062_UCR_Anomaly_DISTORTEDgaitHunt1 timesfm_resid            default  vus=0.00343 affil=0.65298 (15.8s)
[ucr] 062_UCR_Anomaly_DISTORTEDgaitHunt1 timesfm_quantile         default  vus=0.00345 affil=0.80382 (15.8s)
[ucr] 063_UCR_Anomaly_DISTORTEDgaitHunt2 chronos_small_resid      default  vus=0.01621 affil=0.67011 (0.5s)
[ucr] 063_UCR_Anomaly_DISTORTEDgaitHunt2 chronos_small_quantile   default  vus=0.01478 affil=0.6492 (0.5s)
[ucr] 063_UCR_Anomaly_DISTORTEDgaitHunt2 chronos_base_resid       default  vus=0.01537 affil=0.67329 (1.1s)
[ucr] 063_UCR_Anomaly_DISTORTEDgaitHunt2 chronos_base_quantile    default  vus=0.01506 affil=0.65356 (1.1s)
[ucr] 063_UCR_Anomaly_DISTORTEDgaitHunt2 timesfm_resid            default  vus=0.0164 affil=0.67061 (16.1s)
[ucr] 063_UCR_Anomaly_DISTORTEDgaitHunt2 timesfm_quantile         default  vus=0.01519 affil=0.79739 (16.1s)
[ucr] 064_UCR_Anomaly_DISTORTEDgaitHunt3 chronos_small_resid      default  vus=0.02567 affil=0.73488 (0.7s)
[ucr] 064_UCR_Anomaly_DISTORTEDgaitHunt3 chronos_small_quantile   default  vus=0.02122 affil=0.72365 (0.7s)
[ucr] 064_UCR_Anomaly_DISTORTEDgaitHunt3 chronos_base_resid       default  vus=0.02467 affil=0.84242 (1.1s)
[ucr] 064_UCR_Anomaly_DISTORTEDgaitHunt3 chronos_base_quantile    default  vus=0.02147 affil=0.7559 (1.1s)
[ucr] 064_UCR_Anomaly_DISTORTEDgaitHunt3 timesfm_resid            default  vus=0.02911 affil=0.81693 (13.6s)
[ucr] 064_UCR_Anomaly_DISTORTEDgaitHunt3 timesfm_quantile         default  vus=0.02189 affil=0.75726 (13.6s)
[ucr] 065_UCR_Anomaly_DISTORTEDinsectEPG chronos_small_resid      default  vus=0.00662 affil=0.71474 (0.1s)
[ucr] 065_UCR_Anomaly_DISTORTEDinsectEPG chronos_small_quantile   default  vus=0.0063 affil=0.69393 (0.1s)
[ucr] 065_UCR_Anomaly_DISTORTEDinsectEPG chronos_base_resid       default  vus=0.00688 affil=0.70595 (0.2s)
[ucr] 065_UCR_Anomaly_DISTORTEDinsectEPG chronos_base_quantile    default  vus=0.00682 affil=0.79832 (0.2s)
[ucr] 065_UCR_Anomaly_DISTORTEDinsectEPG timesfm_resid            default  vus=0.00802 affil=0.72303 (2.6s)
[ucr] 065_UCR_Anomaly_DISTORTEDinsectEPG timesfm_quantile         default  vus=0.0066 affil=0.67415 (2.6s)
[ucr] 066_UCR_Anomaly_DISTORTEDinsectEPG chronos_small_resid      default  vus=0.01456 affil=0.94216 (0.1s)
[ucr] 066_UCR_Anomaly_DISTORTEDinsectEPG chronos_small_quantile   default  vus=0.04084 affil=0.7632 (0.1s)
[ucr] 066_UCR_Anomaly_DISTORTEDinsectEPG chronos_base_resid       default  vus=0.01512 affil=0.78356 (0.2s)
[ucr] 066_UCR_Anomaly_DISTORTEDinsectEPG chronos_base_quantile    default  vus=0.0167 affil=0.66814 (0.2s)
[ucr] 066_UCR_Anomaly_DISTORTEDinsectEPG timesfm_resid            default  vus=0.01565 affil=0.68521 (2.7s)
[ucr] 066_UCR_Anomaly_DISTORTEDinsectEPG timesfm_quantile         default  vus=0.01182 affil=0.67156 (2.7s)
[ucr] 067_UCR_Anomaly_DISTORTEDinsectEPG chronos_small_resid      default  vus=0.01365 affil=0.63795 (0.1s)
[ucr] 067_UCR_Anomaly_DISTORTEDinsectEPG chronos_small_quantile   default  vus=0.01405 affil=0.68348 (0.1s)
[ucr] 067_UCR_Anomaly_DISTORTEDinsectEPG chronos_base_resid       default  vus=0.01546 affil=0.69393 (0.2s)
[ucr] 067_UCR_Anomaly_DISTORTEDinsectEPG chronos_base_quantile    default  vus=0.01546 affil=0.70924 (0.2s)
[ucr] 067_UCR_Anomaly_DISTORTEDinsectEPG timesfm_resid            default  vus=0.01411 affil=0.76899 (2.7s)
[ucr] 067_UCR_Anomaly_DISTORTEDinsectEPG timesfm_quantile         default  vus=0.01499 affil=0.82261 (2.7s)
[ucr] 068_UCR_Anomaly_DISTORTEDinsectEPG chronos_small_resid      default  vus=0.0091 affil=0.68721 (0.1s)
[ucr] 068_UCR_Anomaly_DISTORTEDinsectEPG chronos_small_quantile   default  vus=0.01115 affil=0.69274 (0.1s)
[ucr] 068_UCR_Anomaly_DISTORTEDinsectEPG chronos_base_resid       default  vus=0.01038 affil=0.71684 (0.3s)
[ucr] 068_UCR_Anomaly_DISTORTEDinsectEPG chronos_base_quantile    default  vus=0.02439 affil=0.80278 (0.3s)
[ucr] 068_UCR_Anomaly_DISTORTEDinsectEPG timesfm_resid            default  vus=0.01059 affil=0.74647 (3.9s)
[ucr] 068_UCR_Anomaly_DISTORTEDinsectEPG timesfm_quantile         default  vus=0.00978 affil=0.67563 (3.9s)
[ucr] 069_UCR_Anomaly_DISTORTEDinsectEPG chronos_small_resid      default  vus=0.00058 affil=0.85237 (0.2s)
[ucr] 069_UCR_Anomaly_DISTORTEDinsectEPG chronos_small_quantile   default  vus=0.00057 affil=0.97528 (0.2s)
[ucr] 069_UCR_Anomaly_DISTORTEDinsectEPG chronos_base_resid       default  vus=0.00061 affil=0.73735 (0.3s)
[ucr] 069_UCR_Anomaly_DISTORTEDinsectEPG chronos_base_quantile    default  vus=0.00059 affil=0.67973 (0.3s)
[ucr] 069_UCR_Anomaly_DISTORTEDinsectEPG timesfm_resid            default  vus=0.00132 affil=0.91318 (2.8s)
[ucr] 069_UCR_Anomaly_DISTORTEDinsectEPG timesfm_quantile         default  vus=0.00117 affil=0.66665 (2.8s)
[ucr] 070_UCR_Anomaly_DISTORTEDltstdbs30 chronos_small_resid      default  vus=0.01565 affil=0.75468 (0.5s)
[ucr] 070_UCR_Anomaly_DISTORTEDltstdbs30 chronos_small_quantile   default  vus=0.00796 affil=0.73726 (0.5s)
[ucr] 070_UCR_Anomaly_DISTORTEDltstdbs30 chronos_base_resid       default  vus=0.01855 affil=0.72016 (1.0s)
[ucr] 070_UCR_Anomaly_DISTORTEDltstdbs30 chronos_base_quantile    default  vus=0.00844 affil=0.68319 (1.0s)
[ucr] 070_UCR_Anomaly_DISTORTEDltstdbs30 timesfm_resid            default  vus=0.03617 affil=0.81997 (13.4s)
[ucr] 070_UCR_Anomaly_DISTORTEDltstdbs30 timesfm_quantile         default  vus=0.01114 affil=0.67739 (13.4s)
[ucr] 071_UCR_Anomaly_DISTORTEDltstdbs30 chronos_small_resid      default  vus=0.09454 affil=0.99898 (0.4s)
[ucr] 071_UCR_Anomaly_DISTORTEDltstdbs30 chronos_small_quantile   default  vus=0.00995 affil=0.7359 (0.4s)
[ucr] 071_UCR_Anomaly_DISTORTEDltstdbs30 chronos_base_resid       default  vus=0.09402 affil=0.99897 (0.7s)
[ucr] 071_UCR_Anomaly_DISTORTEDltstdbs30 chronos_base_quantile    default  vus=0.01036 affil=0.70084 (0.7s)
[ucr] 071_UCR_Anomaly_DISTORTEDltstdbs30 timesfm_resid            default  vus=0.04697 affil=0.85537 (10.6s)
[ucr] 071_UCR_Anomaly_DISTORTEDltstdbs30 timesfm_quantile         default  vus=0.02842 affil=0.96478 (10.6s)
[ucr] 072_UCR_Anomaly_DISTORTEDltstdbs30 chronos_small_resid      default  vus=0.00997 affil=0.7578 (0.5s)
[ucr] 072_UCR_Anomaly_DISTORTEDltstdbs30 chronos_small_quantile   default  vus=0.00819 affil=0.67562 (0.5s)
[ucr] 072_UCR_Anomaly_DISTORTEDltstdbs30 chronos_base_resid       default  vus=0.01034 affil=0.77686 (1.0s)
[ucr] 072_UCR_Anomaly_DISTORTEDltstdbs30 chronos_base_quantile    default  vus=0.0084 affil=0.66528 (1.0s)
[ucr] 072_UCR_Anomaly_DISTORTEDltstdbs30 timesfm_resid            default  vus=0.0185 affil=0.728 (12.2s)
[ucr] 072_UCR_Anomaly_DISTORTEDltstdbs30 timesfm_quantile         default  vus=0.01508 affil=0.74745 (12.2s)
[ucr] 073_UCR_Anomaly_DISTORTEDpark3m_60 chronos_small_resid      default  vus=0.01848 affil=0.69998 (0.4s)
[ucr] 073_UCR_Anomaly_DISTORTEDpark3m_60 chronos_small_quantile   default  vus=0.01531 affil=0.72929 (0.4s)
[ucr] 073_UCR_Anomaly_DISTORTEDpark3m_60 chronos_base_resid       default  vus=0.01919 affil=0.92747 (0.7s)
[ucr] 073_UCR_Anomaly_DISTORTEDpark3m_60 chronos_base_quantile    default  vus=0.01402 affil=0.74964 (0.7s)
[ucr] 073_UCR_Anomaly_DISTORTEDpark3m_60 timesfm_resid            default  vus=0.01781 affil=0.71694 (11.8s)
[ucr] 073_UCR_Anomaly_DISTORTEDpark3m_60 timesfm_quantile         default  vus=0.01495 affil=0.69492 (11.8s)
[ucr] 074_UCR_Anomaly_DISTORTEDqtdbSel10 chronos_small_resid      default  vus=0.01474 affil=0.65324 (0.4s)
[ucr] 074_UCR_Anomaly_DISTORTEDqtdbSel10 chronos_small_quantile   default  vus=0.01785 affil=0.66822 (0.4s)
[ucr] 074_UCR_Anomaly_DISTORTEDqtdbSel10 chronos_base_resid       default  vus=0.01464 affil=0.65269 (0.8s)
[ucr] 074_UCR_Anomaly_DISTORTEDqtdbSel10 chronos_base_quantile    default  vus=0.02024 affil=0.76188 (0.8s)
[ucr] 074_UCR_Anomaly_DISTORTEDqtdbSel10 timesfm_resid            default  vus=0.01738 affil=0.67237 (10.6s)
[ucr] 074_UCR_Anomaly_DISTORTEDqtdbSel10 timesfm_quantile         default  vus=0.01723 affil=0.67544 (10.6s)
[ucr] 075_UCR_Anomaly_DISTORTEDqtdbSel10 chronos_small_resid      default  vus=0.01688 affil=0.66212 (0.3s)
[ucr] 075_UCR_Anomaly_DISTORTEDqtdbSel10 chronos_small_quantile   default  vus=0.01968 affil=0.68483 (0.3s)
[ucr] 075_UCR_Anomaly_DISTORTEDqtdbSel10 chronos_base_resid       default  vus=0.01639 affil=0.67421 (0.6s)
[ucr] 075_UCR_Anomaly_DISTORTEDqtdbSel10 chronos_base_quantile    default  vus=0.0195 affil=0.68793 (0.6s)
[ucr] 075_UCR_Anomaly_DISTORTEDqtdbSel10 timesfm_resid            default  vus=0.0207 affil=0.69153 (10.0s)
[ucr] 075_UCR_Anomaly_DISTORTEDqtdbSel10 timesfm_quantile         default  vus=0.02048 affil=0.73452 (10.0s)
[ucr] 076_UCR_Anomaly_DISTORTEDresperati chronos_small_resid      default  vus=0.01088 affil=0.79916 (1.6s)
[ucr] 076_UCR_Anomaly_DISTORTEDresperati chronos_small_quantile   default  vus=0.00868 affil=0.68464 (1.6s)
[ucr] 076_UCR_Anomaly_DISTORTEDresperati chronos_base_resid       default  vus=0.01095 affil=0.68078 (3.4s)
[ucr] 076_UCR_Anomaly_DISTORTEDresperati chronos_base_quantile    default  vus=0.01006 affil=0.67407 (3.4s)
[ucr] 076_UCR_Anomaly_DISTORTEDresperati timesfm_resid            default  vus=0.01178 affil=0.66973 (49.9s)
[ucr] 076_UCR_Anomaly_DISTORTEDresperati timesfm_quantile         default  vus=0.01375 affil=0.67072 (49.9s)
[ucr] 077_UCR_Anomaly_DISTORTEDresperati chronos_small_resid      default  vus=0.00343 affil=0.85455 (1.5s)
[ucr] 077_UCR_Anomaly_DISTORTEDresperati chronos_small_quantile   default  vus=0.29193 affil=0.77811 (1.5s)
[ucr] 077_UCR_Anomaly_DISTORTEDresperati chronos_base_resid       default  vus=0.00344 affil=0.80807 (2.8s)
[ucr] 077_UCR_Anomaly_DISTORTEDresperati chronos_base_quantile    default  vus=0.2922 affil=0.67365 (2.8s)
[ucr] 077_UCR_Anomaly_DISTORTEDresperati timesfm_resid            default  vus=0.0016 affil=0.72852 (46.1s)
[ucr] 077_UCR_Anomaly_DISTORTEDresperati timesfm_quantile         default  vus=0.00021 affil=0.83121 (46.1s)
[ucr] 078_UCR_Anomaly_DISTORTEDresperati chronos_small_resid      default  vus=0.00169 affil=0.67268 (1.2s)
[ucr] 078_UCR_Anomaly_DISTORTEDresperati chronos_small_quantile   default  vus=0.00218 affil=0.68381 (1.2s)
[ucr] 078_UCR_Anomaly_DISTORTEDresperati chronos_base_resid       default  vus=0.0017 affil=0.74674 (2.6s)
[ucr] 078_UCR_Anomaly_DISTORTEDresperati chronos_base_quantile    default  vus=0.00219 affil=0.71467 (2.6s)
[ucr] 078_UCR_Anomaly_DISTORTEDresperati timesfm_resid            default  vus=0.00163 affil=0.71929 (34.2s)
[ucr] 078_UCR_Anomaly_DISTORTEDresperati timesfm_quantile         default  vus=0.00222 affil=0.7184 (34.2s)
[ucr] 079_UCR_Anomaly_DISTORTEDresperati chronos_small_resid      default  vus=1e-05 affil=0.65402 (1.9s)
[ucr] 079_UCR_Anomaly_DISTORTEDresperati chronos_small_quantile   default  vus=2e-05 affil=0.65665 (1.9s)
[ucr] 079_UCR_Anomaly_DISTORTEDresperati chronos_base_resid       default  vus=1e-05 affil=0.65188 (3.4s)
[ucr] 079_UCR_Anomaly_DISTORTEDresperati chronos_base_quantile    default  vus=2e-05 affil=0.65626 (3.4s)
[ucr] 079_UCR_Anomaly_DISTORTEDresperati timesfm_resid            default  vus=2e-05 affil=0.63429 (56.5s)
[ucr] 079_UCR_Anomaly_DISTORTEDresperati timesfm_quantile         default  vus=2e-05 affil=0.63864 (56.5s)
[ucr] 080_UCR_Anomaly_DISTORTEDresperati chronos_small_resid      default  vus=2e-05 affil=0.65698 (2.3s)
[ucr] 080_UCR_Anomaly_DISTORTEDresperati chronos_small_quantile   default  vus=2e-05 affil=0.65815 (2.3s)
[ucr] 080_UCR_Anomaly_DISTORTEDresperati chronos_base_resid       default  vus=2e-05 affil=0.64667 (3.6s)
[ucr] 080_UCR_Anomaly_DISTORTEDresperati chronos_base_quantile    default  vus=2e-05 affil=0.64844 (3.6s)
[ucr] 080_UCR_Anomaly_DISTORTEDresperati timesfm_resid            default  vus=2e-05 affil=0.63756 (54.3s)
[ucr] 080_UCR_Anomaly_DISTORTEDresperati timesfm_quantile         default  vus=2e-05 affil=0.64555 (54.3s)
[ucr] 081_UCR_Anomaly_DISTORTEDresperati chronos_small_resid      default  vus=3e-05 affil=0.66741 (1.6s)
[ucr] 081_UCR_Anomaly_DISTORTEDresperati chronos_small_quantile   default  vus=3e-05 affil=0.66381 (1.6s)
[ucr] 081_UCR_Anomaly_DISTORTEDresperati chronos_base_resid       default  vus=3e-05 affil=0.65993 (3.5s)
[ucr] 081_UCR_Anomaly_DISTORTEDresperati chronos_base_quantile    default  vus=3e-05 affil=0.65791 (3.5s)
[ucr] 081_UCR_Anomaly_DISTORTEDresperati timesfm_resid            default  vus=3e-05 affil=0.64807 (48.1s)
[ucr] 081_UCR_Anomaly_DISTORTEDresperati timesfm_quantile         default  vus=3e-05 affil=0.64711 (48.1s)
[ucr] 082_UCR_Anomaly_DISTORTEDresperati chronos_small_resid      default  vus=2e-05 affil=0.81816 (1.6s)
[ucr] 082_UCR_Anomaly_DISTORTEDresperati chronos_small_quantile   default  vus=3e-05 affil=0.7314 (1.6s)
[ucr] 082_UCR_Anomaly_DISTORTEDresperati chronos_base_resid       default  vus=3e-05 affil=0.85973 (2.9s)
[ucr] 082_UCR_Anomaly_DISTORTEDresperati chronos_base_quantile    default  vus=3e-05 affil=0.72818 (2.9s)
[ucr] 082_UCR_Anomaly_DISTORTEDresperati timesfm_resid            default  vus=3e-05 affil=0.82122 (44.4s)
[ucr] 082_UCR_Anomaly_DISTORTEDresperati timesfm_quantile         default  vus=3e-05 affil=0.86476 (44.4s)
[ucr] 083_UCR_Anomaly_DISTORTEDresperati chronos_small_resid      default  vus=0.00157 affil=0.66131 (1.8s)
[ucr] 083_UCR_Anomaly_DISTORTEDresperati chronos_small_quantile   default  vus=0.00134 affil=0.68241 (1.8s)
[ucr] 083_UCR_Anomaly_DISTORTEDresperati chronos_base_resid       default  vus=0.00149 affil=0.7306 (3.8s)
[ucr] 083_UCR_Anomaly_DISTORTEDresperati chronos_base_quantile    default  vus=0.00144 affil=0.68286 (3.8s)
[ucr] 083_UCR_Anomaly_DISTORTEDresperati timesfm_resid            default  vus=0.00146 affil=0.74 (51.8s)
[ucr] 083_UCR_Anomaly_DISTORTEDresperati timesfm_quantile         default  vus=0.00235 affil=0.64746 (51.8s)
[ucr] 084_UCR_Anomaly_DISTORTEDs20101mML chronos_small_resid      default  vus=0.01693 affil=0.68622 (0.6s)
[ucr] 084_UCR_Anomaly_DISTORTEDs20101mML chronos_small_quantile   default  vus=0.00985 affil=0.6766 (0.6s)
[ucr] 084_UCR_Anomaly_DISTORTEDs20101mML chronos_base_resid       default  vus=0.01521 affil=0.67522 (0.9s)
[ucr] 084_UCR_Anomaly_DISTORTEDs20101mML chronos_base_quantile    default  vus=0.01465 affil=0.66781 (0.9s)
[ucr] 084_UCR_Anomaly_DISTORTEDs20101mML timesfm_resid            default  vus=0.02306 affil=0.67852 (9.6s)
[ucr] 084_UCR_Anomaly_DISTORTEDs20101mML timesfm_quantile         default  vus=0.05711 affil=0.77103 (9.6s)
[ucr] 085_UCR_Anomaly_DISTORTEDs20101m_1 chronos_small_resid      default  vus=0.00674 affil=0.67467 (0.3s)
[ucr] 085_UCR_Anomaly_DISTORTEDs20101m_1 chronos_small_quantile   default  vus=0.00579 affil=0.6717 (0.3s)
[ucr] 085_UCR_Anomaly_DISTORTEDs20101m_1 chronos_base_resid       default  vus=0.00586 affil=0.67592 (0.7s)
[ucr] 085_UCR_Anomaly_DISTORTEDs20101m_1 chronos_base_quantile    default  vus=0.0055 affil=0.84094 (0.7s)
[ucr] 085_UCR_Anomaly_DISTORTEDs20101m_1 timesfm_resid            default  vus=0.00869 affil=0.64856 (10.9s)
[ucr] 085_UCR_Anomaly_DISTORTEDs20101m_1 timesfm_quantile         default  vus=0.01769 affil=0.70789 (10.9s)
[ucr] 086_UCR_Anomaly_DISTORTEDsddb49_20 chronos_small_resid      default  vus=0.01569 affil=0.82979 (0.7s)
[ucr] 086_UCR_Anomaly_DISTORTEDsddb49_20 chronos_small_quantile   default  vus=0.0096 affil=0.68126 (0.7s)
[ucr] 086_UCR_Anomaly_DISTORTEDsddb49_20 chronos_base_resid       default  vus=0.02253 affil=0.88297 (1.5s)
[ucr] 086_UCR_Anomaly_DISTORTEDsddb49_20 chronos_base_quantile    default  vus=0.01132 affil=0.67611 (1.5s)
[ucr] 086_UCR_Anomaly_DISTORTEDsddb49_20 timesfm_resid            default  vus=0.02577 affil=0.71044 (20.1s)
[ucr] 086_UCR_Anomaly_DISTORTEDsddb49_20 timesfm_quantile         default  vus=0.018 affil=0.64654 (20.1s)
[ucr] 087_UCR_Anomaly_DISTORTEDsel840mEC chronos_small_resid      default  vus=0.01758 affil=0.80312 (0.5s)
[ucr] 087_UCR_Anomaly_DISTORTEDsel840mEC chronos_small_quantile   default  vus=0.01043 affil=0.84496 (0.5s)
[ucr] 087_UCR_Anomaly_DISTORTEDsel840mEC chronos_base_resid       default  vus=0.03076 affil=0.79602 (1.1s)
[ucr] 087_UCR_Anomaly_DISTORTEDsel840mEC chronos_base_quantile    default  vus=0.01115 affil=0.74174 (1.1s)
[ucr] 087_UCR_Anomaly_DISTORTEDsel840mEC timesfm_resid            default  vus=0.01764 affil=0.76026 (16.5s)
[ucr] 087_UCR_Anomaly_DISTORTEDsel840mEC timesfm_quantile         default  vus=0.01346 affil=0.6597 (16.5s)
[ucr] 088_UCR_Anomaly_DISTORTEDsel840mEC chronos_small_resid      default  vus=0.01681 affil=0.67727 (0.7s)
[ucr] 088_UCR_Anomaly_DISTORTEDsel840mEC chronos_small_quantile   default  vus=0.01206 affil=0.68365 (0.7s)
[ucr] 088_UCR_Anomaly_DISTORTEDsel840mEC chronos_base_resid       default  vus=0.01551 affil=0.67568 (1.0s)
[ucr] 088_UCR_Anomaly_DISTORTEDsel840mEC chronos_base_quantile    default  vus=0.01212 affil=0.6689 (1.0s)
[ucr] 088_UCR_Anomaly_DISTORTEDsel840mEC timesfm_resid            default  vus=0.02056 affil=0.67442 (13.3s)
[ucr] 088_UCR_Anomaly_DISTORTEDsel840mEC timesfm_quantile         default  vus=0.01509 affil=0.67056 (13.3s)
[ucr] 089_UCR_Anomaly_DISTORTEDtiltAPB1_ chronos_small_resid      default  vus=0.0054 affil=0.69048 (0.4s)
[ucr] 089_UCR_Anomaly_DISTORTEDtiltAPB1_ chronos_small_quantile   default  vus=0.00337 affil=0.66752 (0.4s)
[ucr] 089_UCR_Anomaly_DISTORTEDtiltAPB1_ chronos_base_resid       default  vus=0.01161 affil=0.69122 (0.8s)
[ucr] 089_UCR_Anomaly_DISTORTEDtiltAPB1_ chronos_base_quantile    default  vus=0.01182 affil=0.67832 (0.8s)
[ucr] 089_UCR_Anomaly_DISTORTEDtiltAPB1_ timesfm_resid            default  vus=0.01646 affil=0.65828 (10.6s)
[ucr] 089_UCR_Anomaly_DISTORTEDtiltAPB1_ timesfm_quantile         default  vus=0.00739 affil=0.65695 (10.6s)
[ucr] 090_UCR_Anomaly_DISTORTEDtiltAPB2_ chronos_small_resid      default  vus=0.01246 affil=0.69771 (0.9s)
[ucr] 090_UCR_Anomaly_DISTORTEDtiltAPB2_ chronos_small_quantile   default  vus=0.01342 affil=0.78528 (0.9s)
[ucr] 090_UCR_Anomaly_DISTORTEDtiltAPB2_ chronos_base_resid       default  vus=0.01231 affil=0.6364 (1.7s)
[ucr] 090_UCR_Anomaly_DISTORTEDtiltAPB2_ chronos_base_quantile    default  vus=0.01124 affil=0.75929 (1.7s)
[ucr] 090_UCR_Anomaly_DISTORTEDtiltAPB2_ timesfm_resid            default  vus=0.01865 affil=0.66283 (26.5s)
[ucr] 090_UCR_Anomaly_DISTORTEDtiltAPB2_ timesfm_quantile         default  vus=0.01247 affil=0.73002 (26.5s)
[ucr] 091_UCR_Anomaly_DISTORTEDtiltAPB3_ chronos_small_resid      default  vus=0.00459 affil=0.71407 (1.1s)
[ucr] 091_UCR_Anomaly_DISTORTEDtiltAPB3_ chronos_small_quantile   default  vus=0.00474 affil=0.78278 (1.1s)
[ucr] 091_UCR_Anomaly_DISTORTEDtiltAPB3_ chronos_base_resid       default  vus=0.00398 affil=0.64689 (1.9s)
[ucr] 091_UCR_Anomaly_DISTORTEDtiltAPB3_ chronos_base_quantile    default  vus=0.0053 affil=0.76404 (1.9s)
[ucr] 091_UCR_Anomaly_DISTORTEDtiltAPB3_ timesfm_resid            default  vus=0.00497 affil=0.65195 (28.6s)
[ucr] 091_UCR_Anomaly_DISTORTEDtiltAPB3_ timesfm_quantile         default  vus=0.00499 affil=0.70054 (28.6s)
[ucr] 092_UCR_Anomaly_DISTORTEDtiltAPB4_ chronos_small_resid      default  vus=0.00193 affil=0.8254 (1.4s)
[ucr] 092_UCR_Anomaly_DISTORTEDtiltAPB4_ chronos_small_quantile   default  vus=0.00024 affil=0.80968 (1.4s)
[ucr] 092_UCR_Anomaly_DISTORTEDtiltAPB4_ chronos_base_resid       default  vus=0.00186 affil=0.8334 (3.4s)
[ucr] 092_UCR_Anomaly_DISTORTEDtiltAPB4_ chronos_base_quantile    default  vus=0.00032 affil=0.76472 (3.4s)
[ucr] 092_UCR_Anomaly_DISTORTEDtiltAPB4_ timesfm_resid            default  vus=0.00083 affil=0.74135 (41.1s)
[ucr] 092_UCR_Anomaly_DISTORTEDtiltAPB4_ timesfm_quantile         default  vus=0.00063 affil=0.69774 (41.1s)
[ucr] 093_UCR_Anomaly_NOISE1sddb40_35000 chronos_small_resid      default  vus=0.02103 affil=0.67414 (0.5s)
[ucr] 093_UCR_Anomaly_NOISE1sddb40_35000 chronos_small_quantile   default  vus=0.01549 affil=0.66604 (0.5s)
[ucr] 093_UCR_Anomaly_NOISE1sddb40_35000 chronos_base_resid       default  vus=0.02149 affil=0.6738 (1.4s)
[ucr] 093_UCR_Anomaly_NOISE1sddb40_35000 chronos_base_quantile    default  vus=0.01649 affil=0.67132 (1.4s)
[ucr] 093_UCR_Anomaly_NOISE1sddb40_35000 timesfm_resid            default  vus=0.0301 affil=0.68372 (14.5s)
[ucr] 093_UCR_Anomaly_NOISE1sddb40_35000 timesfm_quantile         default  vus=0.02092 affil=0.71105 (14.5s)
[ucr] 094_UCR_Anomaly_NOISEBIDMC1_2500_5 chronos_small_resid      default  vus=0.08938 affil=0.98954 (0.1s)
[ucr] 094_UCR_Anomaly_NOISEBIDMC1_2500_5 chronos_small_quantile   default  vus=0.13684 affil=0.98985 (0.1s)
[ucr] 094_UCR_Anomaly_NOISEBIDMC1_2500_5 chronos_base_resid       default  vus=0.10275 affil=0.98954 (0.3s)
[ucr] 094_UCR_Anomaly_NOISEBIDMC1_2500_5 chronos_base_quantile    default  vus=0.12649 affil=0.98975 (0.3s)
[ucr] 094_UCR_Anomaly_NOISEBIDMC1_2500_5 timesfm_resid            default  vus=0.21094 affil=0.99571 (4.2s)
[ucr] 094_UCR_Anomaly_NOISEBIDMC1_2500_5 timesfm_quantile         default  vus=0.12484 affil=0.99433 (4.2s)
[ucr] 095_UCR_Anomaly_NOISECIMIS44AirTem chronos_small_resid      default  vus=0.07358 affil=0.78902 (0.2s)
[ucr] 095_UCR_Anomaly_NOISECIMIS44AirTem chronos_small_quantile   default  vus=0.07387 affil=0.79201 (0.2s)
[ucr] 095_UCR_Anomaly_NOISECIMIS44AirTem chronos_base_resid       default  vus=0.05478 affil=0.74226 (0.2s)
[ucr] 095_UCR_Anomaly_NOISECIMIS44AirTem chronos_base_quantile    default  vus=0.06625 affil=0.81936 (0.2s)
[ucr] 095_UCR_Anomaly_NOISECIMIS44AirTem timesfm_resid            default  vus=0.13078 affil=0.99752 (3.0s)
[ucr] 095_UCR_Anomaly_NOISECIMIS44AirTem timesfm_quantile         default  vus=0.18745 affil=0.99842 (3.0s)
[ucr] 096_UCR_Anomaly_NOISEECG4_5000_169 chronos_small_resid      default  vus=0.02896 affil=0.74252 (0.4s)
[ucr] 096_UCR_Anomaly_NOISEECG4_5000_169 chronos_small_quantile   default  vus=0.01451 affil=0.73219 (0.4s)
[ucr] 096_UCR_Anomaly_NOISEECG4_5000_169 chronos_base_resid       default  vus=0.0286 affil=0.68886 (0.7s)
[ucr] 096_UCR_Anomaly_NOISEECG4_5000_169 chronos_base_quantile    default  vus=0.01303 affil=0.76793 (0.7s)
[ucr] 096_UCR_Anomaly_NOISEECG4_5000_169 timesfm_resid            default  vus=0.03087 affil=0.89325 (9.6s)
[ucr] 096_UCR_Anomaly_NOISEECG4_5000_169 timesfm_quantile         default  vus=0.01776 affil=0.92601 (9.6s)
[ucr] 097_UCR_Anomaly_NOISEGP711MarkerLF chronos_small_resid      default  vus=0.01402 affil=0.70009 (0.1s)
[ucr] 097_UCR_Anomaly_NOISEGP711MarkerLF chronos_small_quantile   default  vus=0.00905 affil=0.682 (0.1s)
[ucr] 097_UCR_Anomaly_NOISEGP711MarkerLF chronos_base_resid       default  vus=0.01563 affil=0.69633 (0.2s)
[ucr] 097_UCR_Anomaly_NOISEGP711MarkerLF chronos_base_quantile    default  vus=0.0092 affil=0.68121 (0.2s)
[ucr] 097_UCR_Anomaly_NOISEGP711MarkerLF timesfm_resid            default  vus=0.05292 affil=0.7704 (2.6s)
[ucr] 097_UCR_Anomaly_NOISEGP711MarkerLF timesfm_quantile         default  vus=0.02859 affil=0.71249 (2.6s)
[ucr] 098_UCR_Anomaly_NOISEInternalBleed chronos_small_resid      default  vus=0.00241 affil=0.68997 (0.1s)
[ucr] 098_UCR_Anomaly_NOISEInternalBleed chronos_small_quantile   default  vus=0.0033 affil=0.69734 (0.1s)
[ucr] 098_UCR_Anomaly_NOISEInternalBleed chronos_base_resid       default  vus=0.00297 affil=0.79321 (0.2s)
[ucr] 098_UCR_Anomaly_NOISEInternalBleed chronos_base_quantile    default  vus=0.00285 affil=0.71237 (0.2s)
[ucr] 098_UCR_Anomaly_NOISEInternalBleed timesfm_resid            default  vus=0.00874 affil=0.77172 (2.7s)
[ucr] 098_UCR_Anomaly_NOISEInternalBleed timesfm_quantile         default  vus=0.00377 affil=0.72049 (2.7s)
[ucr] 099_UCR_Anomaly_NOISEInternalBleed chronos_small_resid      default  vus=0.04568 affil=0.69344 (0.1s)
[ucr] 099_UCR_Anomaly_NOISEInternalBleed chronos_small_quantile   default  vus=0.0482 affil=0.68654 (0.1s)
[ucr] 099_UCR_Anomaly_NOISEInternalBleed chronos_base_resid       default  vus=0.10724 affil=0.90802 (0.2s)
[ucr] 099_UCR_Anomaly_NOISEInternalBleed chronos_base_quantile    default  vus=0.06623 affil=0.71261 (0.2s)
[ucr] 099_UCR_Anomaly_NOISEInternalBleed timesfm_resid            default  vus=0.23407 affil=0.99274 (2.7s)
[ucr] 099_UCR_Anomaly_NOISEInternalBleed timesfm_quantile         default  vus=0.24297 affil=0.99264 (2.7s)
[ucr] 100_UCR_Anomaly_NOISELab2Cmac01121 chronos_small_resid      default  vus=0.02837 affil=0.89706 (0.3s)
[ucr] 100_UCR_Anomaly_NOISELab2Cmac01121 chronos_small_quantile   default  vus=0.03091 affil=0.87435 (0.3s)
[ucr] 100_UCR_Anomaly_NOISELab2Cmac01121 chronos_base_resid       default  vus=0.03142 affil=0.90995 (0.7s)
[ucr] 100_UCR_Anomaly_NOISELab2Cmac01121 chronos_base_quantile    default  vus=0.06164 affil=0.95037 (0.7s)
[ucr] 100_UCR_Anomaly_NOISELab2Cmac01121 timesfm_resid            default  vus=0.03592 affil=0.77946 (9.6s)
[ucr] 100_UCR_Anomaly_NOISELab2Cmac01121 timesfm_quantile         default  vus=0.04352 affil=0.73454 (9.6s)
[ucr] 101_UCR_Anomaly_NOISELab2Cmac01121 chronos_small_resid      default  vus=0.00755 affil=0.72266 (0.3s)
[ucr] 101_UCR_Anomaly_NOISELab2Cmac01121 chronos_small_quantile   default  vus=0.00822 affil=0.75129 (0.3s)
[ucr] 101_UCR_Anomaly_NOISELab2Cmac01121 chronos_base_resid       default  vus=0.00758 affil=0.71183 (0.6s)
[ucr] 101_UCR_Anomaly_NOISELab2Cmac01121 chronos_base_quantile    default  vus=0.00769 affil=0.83813 (0.6s)
[ucr] 101_UCR_Anomaly_NOISELab2Cmac01121 timesfm_resid            default  vus=0.0083 affil=0.67678 (7.7s)
[ucr] 101_UCR_Anomaly_NOISELab2Cmac01121 timesfm_quantile         default  vus=0.00786 affil=0.67615 (7.7s)
[ucr] 102_UCR_Anomaly_NOISEMesoplodonDen chronos_small_resid      default  vus=0.02974 affil=0.92791 (0.3s)
[ucr] 102_UCR_Anomaly_NOISEMesoplodonDen chronos_small_quantile   default  vus=0.01782 affil=0.78527 (0.3s)
[ucr] 102_UCR_Anomaly_NOISEMesoplodonDen chronos_base_resid       default  vus=0.02586 affil=0.94462 (0.5s)
[ucr] 102_UCR_Anomaly_NOISEMesoplodonDen chronos_base_quantile    default  vus=0.01737 affil=0.7509 (0.5s)
[ucr] 102_UCR_Anomaly_NOISEMesoplodonDen timesfm_resid            default  vus=0.02977 affil=0.97526 (5.1s)
[ucr] 102_UCR_Anomaly_NOISEMesoplodonDen timesfm_quantile         default  vus=0.0337 affil=0.97407 (5.1s)
[ucr] 103_UCR_Anomaly_NOISETkeepThirdMAR chronos_small_resid      default  vus=0.07472 affil=0.94226 (0.1s)
[ucr] 103_UCR_Anomaly_NOISETkeepThirdMAR chronos_small_quantile   default  vus=0.03493 affil=0.66716 (0.1s)
[ucr] 103_UCR_Anomaly_NOISETkeepThirdMAR chronos_base_resid       default  vus=0.34056 affil=0.99726 (0.3s)
[ucr] 103_UCR_Anomaly_NOISETkeepThirdMAR chronos_base_quantile    default  vus=0.03835 affil=0.71914 (0.3s)
[ucr] 103_UCR_Anomaly_NOISETkeepThirdMAR timesfm_resid            default  vus=0.13256 affil=0.9643 (3.2s)
[ucr] 103_UCR_Anomaly_NOISETkeepThirdMAR timesfm_quantile         default  vus=0.05449 affil=0.96529 (3.2s)
[ucr] 104_UCR_Anomaly_NOISEapneaecg4_600 chronos_small_resid      default  vus=0.00347 affil=0.66319 (0.5s)
[ucr] 104_UCR_Anomaly_NOISEapneaecg4_600 chronos_small_quantile   default  vus=0.00456 affil=0.68764 (0.5s)
[ucr] 104_UCR_Anomaly_NOISEapneaecg4_600 chronos_base_resid       default  vus=0.00361 affil=0.66229 (0.7s)
[ucr] 104_UCR_Anomaly_NOISEapneaecg4_600 chronos_base_quantile    default  vus=0.00456 affil=0.67665 (0.7s)
[ucr] 104_UCR_Anomaly_NOISEapneaecg4_600 timesfm_resid            default  vus=0.00354 affil=0.66613 (11.0s)
[ucr] 104_UCR_Anomaly_NOISEapneaecg4_600 timesfm_quantile         default  vus=0.00453 affil=0.68237 (11.0s)
[ucr] 105_UCR_Anomaly_NOISEgait3_24500_5 chronos_small_resid      default  vus=0.02481 affil=0.79606 (0.5s)
[ucr] 105_UCR_Anomaly_NOISEgait3_24500_5 chronos_small_quantile   default  vus=0.02063 affil=0.71665 (0.5s)
[ucr] 105_UCR_Anomaly_NOISEgait3_24500_5 chronos_base_resid       default  vus=0.02033 affil=0.7817 (1.0s)
[ucr] 105_UCR_Anomaly_NOISEgait3_24500_5 chronos_base_quantile    default  vus=0.02493 affil=0.70841 (1.0s)
[ucr] 105_UCR_Anomaly_NOISEgait3_24500_5 timesfm_resid            default  vus=0.01709 affil=0.78767 (16.5s)
[ucr] 105_UCR_Anomaly_NOISEgait3_24500_5 timesfm_quantile         default  vus=0.01614 affil=0.72208 (16.5s)
[ucr] 106_UCR_Anomaly_NOISEgaitHunt2_185 chronos_small_resid      default  vus=0.02325 affil=0.74701 (0.7s)
[ucr] 106_UCR_Anomaly_NOISEgaitHunt2_185 chronos_small_quantile   default  vus=0.01861 affil=0.73831 (0.7s)
[ucr] 106_UCR_Anomaly_NOISEgaitHunt2_185 chronos_base_resid       default  vus=0.0284 affil=0.70636 (1.3s)
[ucr] 106_UCR_Anomaly_NOISEgaitHunt2_185 chronos_base_quantile    default  vus=0.0171 affil=0.67412 (1.3s)
[ucr] 106_UCR_Anomaly_NOISEgaitHunt2_185 timesfm_resid            default  vus=0.01656 affil=0.66587 (22.1s)
[ucr] 106_UCR_Anomaly_NOISEgaitHunt2_185 timesfm_quantile         default  vus=0.01771 affil=0.88092 (22.1s)
[ucr] 107_UCR_Anomaly_NOISEinsectEPG3_52 chronos_small_resid      default  vus=0.01199 affil=0.62761 (0.1s)
[ucr] 107_UCR_Anomaly_NOISEinsectEPG3_52 chronos_small_quantile   default  vus=0.01399 affil=0.6197 (0.1s)
[ucr] 107_UCR_Anomaly_NOISEinsectEPG3_52 chronos_base_resid       default  vus=0.01348 affil=0.66896 (0.3s)
[ucr] 107_UCR_Anomaly_NOISEinsectEPG3_52 chronos_base_quantile    default  vus=0.0147 affil=0.64844 (0.3s)
[ucr] 107_UCR_Anomaly_NOISEinsectEPG3_52 timesfm_resid            default  vus=0.01255 affil=0.70454 (3.4s)
[ucr] 107_UCR_Anomaly_NOISEinsectEPG3_52 timesfm_quantile         default  vus=0.01473 affil=0.75627 (3.4s)
[ucr] 108_UCR_Anomaly_NOISEresperation2_ chronos_small_resid      default  vus=1e-05 affil=0.65493 (2.5s)
[ucr] 108_UCR_Anomaly_NOISEresperation2_ chronos_small_quantile   default  vus=2e-05 affil=0.67019 (2.5s)
[ucr] 108_UCR_Anomaly_NOISEresperation2_ chronos_base_resid       default  vus=1e-05 affil=0.68422 (4.4s)
[ucr] 108_UCR_Anomaly_NOISEresperation2_ chronos_base_quantile    default  vus=2e-05 affil=0.6754 (4.4s)
[ucr] 108_UCR_Anomaly_NOISEresperation2_ timesfm_resid            default  vus=1e-05 affil=0.68467 (57.0s)
[ucr] 108_UCR_Anomaly_NOISEresperation2_ timesfm_quantile         default  vus=2e-05 affil=0.70797 (57.0s)
[ucr] 109_UCR_Anomaly_1sddb40_35000_5200 chronos_small_resid      default  vus=0.02265 affil=0.67478 (0.5s)
[ucr] 109_UCR_Anomaly_1sddb40_35000_5200 chronos_small_quantile   default  vus=0.01551 affil=0.65896 (0.5s)
[ucr] 109_UCR_Anomaly_1sddb40_35000_5200 chronos_base_resid       default  vus=0.0232 affil=0.67547 (1.3s)
[ucr] 109_UCR_Anomaly_1sddb40_35000_5200 chronos_base_quantile    default  vus=0.01559 affil=0.66023 (1.3s)
[ucr] 109_UCR_Anomaly_1sddb40_35000_5200 timesfm_resid            default  vus=0.02645 affil=0.74971 (14.5s)
[ucr] 109_UCR_Anomaly_1sddb40_35000_5200 timesfm_quantile         default  vus=0.0225 affil=0.7502 (14.5s)
[ucr] 110_UCR_Anomaly_2sddb40_35000_5660 chronos_small_resid      default  vus=0.00583 affil=0.66981 (0.5s)
[ucr] 110_UCR_Anomaly_2sddb40_35000_5660 chronos_small_quantile   default  vus=0.00921 affil=0.66864 (0.5s)
[ucr] 110_UCR_Anomaly_2sddb40_35000_5660 chronos_base_resid       default  vus=0.00592 affil=0.79932 (1.2s)
[ucr] 110_UCR_Anomaly_2sddb40_35000_5660 chronos_base_quantile    default  vus=0.00957 affil=0.67659 (1.2s)
[ucr] 110_UCR_Anomaly_2sddb40_35000_5660 timesfm_resid            default  vus=0.00891 affil=0.66897 (15.0s)
[ucr] 110_UCR_Anomaly_2sddb40_35000_5660 timesfm_quantile         default  vus=0.01112 affil=0.67681 (15.0s)
[ucr] 111_UCR_Anomaly_3sddb40_35000_4660 chronos_small_resid      default  vus=0.01063 affil=0.67073 (0.5s)
[ucr] 111_UCR_Anomaly_3sddb40_35000_4660 chronos_small_quantile   default  vus=0.00881 affil=0.66184 (0.5s)
[ucr] 111_UCR_Anomaly_3sddb40_35000_4660 chronos_base_resid       default  vus=0.0111 affil=0.67075 (1.1s)
[ucr] 111_UCR_Anomaly_3sddb40_35000_4660 chronos_base_quantile    default  vus=0.00903 affil=0.67256 (1.1s)
[ucr] 111_UCR_Anomaly_3sddb40_35000_4660 timesfm_resid            default  vus=0.0141 affil=0.69055 (18.2s)
[ucr] 111_UCR_Anomaly_3sddb40_35000_4660 timesfm_quantile         default  vus=0.00964 affil=0.66734 (18.2s)
[ucr] 112_UCR_Anomaly_BIDMC1_2500_5400_5 chronos_small_resid      default  vus=0.09709 affil=0.98931 (0.1s)
[ucr] 112_UCR_Anomaly_BIDMC1_2500_5400_5 chronos_small_quantile   default  vus=0.0984 affil=0.99005 (0.1s)
[ucr] 112_UCR_Anomaly_BIDMC1_2500_5400_5 chronos_base_resid       default  vus=0.09167 affil=0.98931 (0.3s)
[ucr] 112_UCR_Anomaly_BIDMC1_2500_5400_5 chronos_base_quantile    default  vus=0.05938 affil=0.8555 (0.3s)
[ucr] 112_UCR_Anomaly_BIDMC1_2500_5400_5 timesfm_resid            default  vus=0.21807 affil=0.98931 (5.4s)
[ucr] 112_UCR_Anomaly_BIDMC1_2500_5400_5 timesfm_quantile         default  vus=0.12282 affil=0.99576 (5.4s)
[ucr] 113_UCR_Anomaly_CIMIS44AirTemperat chronos_small_resid      default  vus=0.00205 affil=0.78609 (0.1s)
[ucr] 113_UCR_Anomaly_CIMIS44AirTemperat chronos_small_quantile   default  vus=0.00115 affil=0.75427 (0.1s)
[ucr] 113_UCR_Anomaly_CIMIS44AirTemperat chronos_base_resid       default  vus=0.00254 affil=0.74606 (0.2s)
[ucr] 113_UCR_Anomaly_CIMIS44AirTemperat chronos_base_quantile    default  vus=0.00122 affil=0.69935 (0.2s)
[ucr] 113_UCR_Anomaly_CIMIS44AirTemperat timesfm_resid            default  vus=0.00275 affil=0.77382 (2.9s)
[ucr] 113_UCR_Anomaly_CIMIS44AirTemperat timesfm_quantile         default  vus=0.00132 affil=0.78067 (2.9s)
[ucr] 114_UCR_Anomaly_CIMIS44AirTemperat chronos_small_resid      default  vus=0.0885 affil=0.802 (0.1s)
[ucr] 114_UCR_Anomaly_CIMIS44AirTemperat chronos_small_quantile   default  vus=0.1676 affil=0.99883 (0.1s)
[ucr] 114_UCR_Anomaly_CIMIS44AirTemperat chronos_base_resid       default  vus=0.09658 affil=0.74763 (0.2s)
[ucr] 114_UCR_Anomaly_CIMIS44AirTemperat chronos_base_quantile    default  vus=0.18432 affil=0.9988 (0.2s)
[ucr] 114_UCR_Anomaly_CIMIS44AirTemperat timesfm_resid            default  vus=0.13849 affil=0.90936 (3.1s)
[ucr] 114_UCR_Anomaly_CIMIS44AirTemperat timesfm_quantile         default  vus=0.21302 affil=0.99883 (3.1s)
[ucr] 115_UCR_Anomaly_CIMIS44AirTemperat chronos_small_resid      default  vus=0.10978 affil=0.82717 (0.2s)
[ucr] 115_UCR_Anomaly_CIMIS44AirTemperat chronos_small_quantile   default  vus=0.15474 affil=0.99884 (0.2s)
[ucr] 115_UCR_Anomaly_CIMIS44AirTemperat chronos_base_resid       default  vus=0.10613 affil=0.82716 (0.3s)
[ucr] 115_UCR_Anomaly_CIMIS44AirTemperat chronos_base_quantile    default  vus=0.17358 affil=0.99884 (0.3s)
[ucr] 115_UCR_Anomaly_CIMIS44AirTemperat timesfm_resid            default  vus=0.0873 affil=0.97421 (3.3s)
[ucr] 115_UCR_Anomaly_CIMIS44AirTemperat timesfm_quantile         default  vus=0.14739 affil=0.99884 (3.3s)
[ucr] 116_UCR_Anomaly_CIMIS44AirTemperat chronos_small_resid      default  vus=0.07312 affil=0.81135 (0.1s)
[ucr] 116_UCR_Anomaly_CIMIS44AirTemperat chronos_small_quantile   default  vus=0.07608 affil=0.8015 (0.1s)
[ucr] 116_UCR_Anomaly_CIMIS44AirTemperat chronos_base_resid       default  vus=0.06031 affil=0.79167 (0.2s)
[ucr] 116_UCR_Anomaly_CIMIS44AirTemperat chronos_base_quantile    default  vus=0.05324 affil=0.72249 (0.2s)
[ucr] 116_UCR_Anomaly_CIMIS44AirTemperat timesfm_resid            default  vus=0.11171 affil=0.94341 (2.7s)
[ucr] 116_UCR_Anomaly_CIMIS44AirTemperat timesfm_quantile         default  vus=0.16326 affil=0.89643 (2.7s)
[ucr] 117_UCR_Anomaly_CIMIS44AirTemperat chronos_small_resid      default  vus=0.09587 affil=0.90369 (0.1s)
[ucr] 117_UCR_Anomaly_CIMIS44AirTemperat chronos_small_quantile   default  vus=0.07892 affil=0.96898 (0.1s)
[ucr] 117_UCR_Anomaly_CIMIS44AirTemperat chronos_base_resid       default  vus=0.0762 affil=0.83996 (0.2s)
[ucr] 117_UCR_Anomaly_CIMIS44AirTemperat chronos_base_quantile    default  vus=0.05657 affil=0.79209 (0.2s)
[ucr] 117_UCR_Anomaly_CIMIS44AirTemperat timesfm_resid            default  vus=0.08996 affil=0.99737 (2.7s)
[ucr] 117_UCR_Anomaly_CIMIS44AirTemperat timesfm_quantile         default  vus=0.04372 affil=0.77175 (2.7s)
[ucr] 118_UCR_Anomaly_CIMIS44AirTemperat chronos_small_resid      default  vus=0.08908 affil=0.82504 (0.1s)
[ucr] 118_UCR_Anomaly_CIMIS44AirTemperat chronos_small_quantile   default  vus=0.12384 affil=0.86552 (0.1s)
[ucr] 118_UCR_Anomaly_CIMIS44AirTemperat chronos_base_resid       default  vus=0.07282 affil=0.75945 (0.2s)
[ucr] 118_UCR_Anomaly_CIMIS44AirTemperat chronos_base_quantile    default  vus=0.1266 affil=0.91678 (0.2s)
[ucr] 118_UCR_Anomaly_CIMIS44AirTemperat timesfm_resid            default  vus=0.05363 affil=0.77723 (2.7s)
[ucr] 118_UCR_Anomaly_CIMIS44AirTemperat timesfm_quantile         default  vus=0.05139 affil=0.83739 (2.7s)
[ucr] 119_UCR_Anomaly_ECG1_10000_11800_1 chronos_small_resid      default  vus=0.04327 affil=0.99901 (0.3s)
[ucr] 119_UCR_Anomaly_ECG1_10000_11800_1 chronos_small_quantile   default  vus=0.02164 affil=0.82527 (0.3s)
[ucr] 119_UCR_Anomaly_ECG1_10000_11800_1 chronos_base_resid       default  vus=0.04037 affil=0.85143 (0.6s)
[ucr] 119_UCR_Anomaly_ECG1_10000_11800_1 chronos_base_quantile    default  vus=0.02734 affil=0.77406 (0.6s)
[ucr] 119_UCR_Anomaly_ECG1_10000_11800_1 timesfm_resid            default  vus=0.09689 affil=0.99639 (6.8s)
[ucr] 119_UCR_Anomaly_ECG1_10000_11800_1 timesfm_quantile         default  vus=0.03019 affil=0.72315 (6.8s)
[ucr] 120_UCR_Anomaly_ECG2_15000_16000_1 chronos_small_resid      default  vus=0.02029 affil=0.86558 (0.2s)
[ucr] 120_UCR_Anomaly_ECG2_15000_16000_1 chronos_small_quantile   default  vus=0.00936 affil=0.85077 (0.2s)
[ucr] 120_UCR_Anomaly_ECG2_15000_16000_1 chronos_base_resid       default  vus=0.01952 affil=0.77578 (0.4s)
[ucr] 120_UCR_Anomaly_ECG2_15000_16000_1 chronos_base_quantile    default  vus=0.0105 affil=0.87572 (0.4s)
[ucr] 120_UCR_Anomaly_ECG2_15000_16000_1 timesfm_resid            default  vus=0.01667 affil=0.69598 (5.3s)
[ucr] 120_UCR_Anomaly_ECG2_15000_16000_1 timesfm_quantile         default  vus=0.01077 affil=0.87679 (5.3s)
[ucr] 121_UCR_Anomaly_ECG3_15000_16000_1 chronos_small_resid      default  vus=0.02087 affil=0.67671 (0.2s)
[ucr] 121_UCR_Anomaly_ECG3_15000_16000_1 chronos_small_quantile   default  vus=0.02141 affil=0.78732 (0.2s)
[ucr] 121_UCR_Anomaly_ECG3_15000_16000_1 chronos_base_resid       default  vus=0.02072 affil=0.67357 (0.4s)
[ucr] 121_UCR_Anomaly_ECG3_15000_16000_1 chronos_base_quantile    default  vus=0.02537 affil=0.82251 (0.4s)
[ucr] 121_UCR_Anomaly_ECG3_15000_16000_1 timesfm_resid            default  vus=0.02889 affil=0.93751 (5.5s)
[ucr] 121_UCR_Anomaly_ECG3_15000_16000_1 timesfm_quantile         default  vus=0.04684 affil=0.89172 (5.5s)
[ucr] 122_UCR_Anomaly_ECG3_8000_17000_17 chronos_small_resid      default  vus=0.0147 affil=0.68429 (0.5s)
[ucr] 122_UCR_Anomaly_ECG3_8000_17000_17 chronos_small_quantile   default  vus=0.01522 affil=0.65269 (0.5s)
[ucr] 122_UCR_Anomaly_ECG3_8000_17000_17 chronos_base_resid       default  vus=0.01527 affil=0.67644 (0.7s)
[ucr] 122_UCR_Anomaly_ECG3_8000_17000_17 chronos_base_quantile    default  vus=0.01009 affil=0.65365 (0.7s)
[ucr] 122_UCR_Anomaly_ECG3_8000_17000_17 timesfm_resid            default  vus=0.01632 affil=0.92426 (7.6s)
[ucr] 122_UCR_Anomaly_ECG3_8000_17000_17 timesfm_quantile         default  vus=0.01276 affil=0.8323 (7.6s)
[ucr] 123_UCR_Anomaly_ECG4_5000_16800_17 chronos_small_resid      default  vus=0.00439 affil=0.81773 (2.1s)
[ucr] 123_UCR_Anomaly_ECG4_5000_16800_17 chronos_small_quantile   default  vus=0.00255 affil=0.79069 (2.1s)
[ucr] 123_UCR_Anomaly_ECG4_5000_16800_17 chronos_base_resid       default  vus=0.00501 affil=0.70722 (4.5s)
[ucr] 123_UCR_Anomaly_ECG4_5000_16800_17 chronos_base_quantile    default  vus=0.00539 affil=0.76118 (4.5s)
[ucr] 123_UCR_Anomaly_ECG4_5000_16800_17 timesfm_resid            default  vus=0.01918 affil=0.95548 (67.0s)
[ucr] 123_UCR_Anomaly_ECG4_5000_16800_17 timesfm_quantile         default  vus=0.00645 affil=0.85364 (67.0s)
[ucr] 124_UCR_Anomaly_ECG4_5000_16900_17 chronos_small_resid      default  vus=0.02376 affil=0.68758 (0.3s)
[ucr] 124_UCR_Anomaly_ECG4_5000_16900_17 chronos_small_quantile   default  vus=0.01715 affil=0.68917 (0.3s)
[ucr] 124_UCR_Anomaly_ECG4_5000_16900_17 chronos_base_resid       default  vus=0.02433 affil=0.68704 (0.7s)
[ucr] 124_UCR_Anomaly_ECG4_5000_16900_17 chronos_base_quantile    default  vus=0.01308 affil=0.7198 (0.7s)
[ucr] 124_UCR_Anomaly_ECG4_5000_16900_17 timesfm_resid            default  vus=0.03776 affil=0.87573 (9.4s)
[ucr] 124_UCR_Anomaly_ECG4_5000_16900_17 timesfm_quantile         default  vus=0.01957 affil=0.90987 (9.4s)
[ucr] 125_UCR_Anomaly_ECG4_5000_17000_17 chronos_small_resid      default  vus=0.02971 affil=0.68773 (0.3s)
[ucr] 125_UCR_Anomaly_ECG4_5000_17000_17 chronos_small_quantile   default  vus=0.01937 affil=0.6801 (0.3s)
[ucr] 125_UCR_Anomaly_ECG4_5000_17000_17 chronos_base_resid       default  vus=0.0276 affil=0.72047 (0.6s)
[ucr] 125_UCR_Anomaly_ECG4_5000_17000_17 chronos_base_quantile    default  vus=0.01236 affil=0.7148 (0.6s)
[ucr] 125_UCR_Anomaly_ECG4_5000_17000_17 timesfm_resid            default  vus=0.03455 affil=0.87682 (9.3s)
[ucr] 125_UCR_Anomaly_ECG4_5000_17000_17 timesfm_quantile         default  vus=0.01234 affil=0.82276 (9.3s)
[ucr] 126_UCR_Anomaly_ECG4_8000_17000_17 chronos_small_resid      default  vus=0.01389 affil=0.68429 (0.4s)
[ucr] 126_UCR_Anomaly_ECG4_8000_17000_17 chronos_small_quantile   default  vus=0.02482 affil=0.66639 (0.4s)
[ucr] 126_UCR_Anomaly_ECG4_8000_17000_17 chronos_base_resid       default  vus=0.01338 affil=0.67687 (0.8s)
[ucr] 126_UCR_Anomaly_ECG4_8000_17000_17 chronos_base_quantile    default  vus=0.01863 affil=0.6545 (0.8s)
[ucr] 126_UCR_Anomaly_ECG4_8000_17000_17 timesfm_resid            default  vus=0.01624 affil=0.74515 (8.4s)
[ucr] 126_UCR_Anomaly_ECG4_8000_17000_17 timesfm_quantile         default  vus=0.03258 affil=0.73907 (8.4s)
[ucr] 127_UCR_Anomaly_GP711MarkerLFM5z1_ chronos_small_resid      default  vus=0.01166 affil=0.6898 (0.1s)
[ucr] 127_UCR_Anomaly_GP711MarkerLFM5z1_ chronos_small_quantile   default  vus=0.00944 affil=0.68499 (0.1s)
[ucr] 127_UCR_Anomaly_GP711MarkerLFM5z1_ chronos_base_resid       default  vus=0.01074 affil=0.69085 (0.2s)
[ucr] 127_UCR_Anomaly_GP711MarkerLFM5z1_ chronos_base_quantile    default  vus=0.00945 affil=0.68435 (0.2s)
[ucr] 127_UCR_Anomaly_GP711MarkerLFM5z1_ timesfm_resid            default  vus=0.16207 affil=0.93929 (2.7s)
[ucr] 127_UCR_Anomaly_GP711MarkerLFM5z1_ timesfm_quantile         default  vus=0.09098 affil=0.93871 (2.7s)
[ucr] 128_UCR_Anomaly_GP711MarkerLFM5z2_ chronos_small_resid      default  vus=0.04451 affil=0.68357 (0.1s)
[ucr] 128_UCR_Anomaly_GP711MarkerLFM5z2_ chronos_small_quantile   default  vus=0.04563 affil=0.958 (0.1s)
[ucr] 128_UCR_Anomaly_GP711MarkerLFM5z2_ chronos_base_resid       default  vus=0.04804 affil=0.70963 (0.2s)
[ucr] 128_UCR_Anomaly_GP711MarkerLFM5z2_ chronos_base_quantile    default  vus=0.05017 affil=0.958 (0.2s)
[ucr] 128_UCR_Anomaly_GP711MarkerLFM5z2_ timesfm_resid            default  vus=0.37116 affil=0.99442 (2.7s)
[ucr] 128_UCR_Anomaly_GP711MarkerLFM5z2_ timesfm_quantile         default  vus=0.34919 affil=0.99317 (2.7s)
[ucr] 129_UCR_Anomaly_GP711MarkerLFM5z3_ chronos_small_resid      default  vus=0.01317 affil=0.68563 (0.1s)
[ucr] 129_UCR_Anomaly_GP711MarkerLFM5z3_ chronos_small_quantile   default  vus=0.00963 affil=0.67417 (0.1s)
[ucr] 129_UCR_Anomaly_GP711MarkerLFM5z3_ chronos_base_resid       default  vus=0.01149 affil=0.69347 (0.2s)
[ucr] 129_UCR_Anomaly_GP711MarkerLFM5z3_ chronos_base_quantile    default  vus=0.00952 affil=0.67736 (0.2s)
[ucr] 129_UCR_Anomaly_GP711MarkerLFM5z3_ timesfm_resid            default  vus=0.046 affil=0.95543 (2.7s)
[ucr] 129_UCR_Anomaly_GP711MarkerLFM5z3_ timesfm_quantile         default  vus=0.03079 affil=0.6952 (2.7s)
[ucr] 130_UCR_Anomaly_GP711MarkerLFM5z4_ chronos_small_resid      default  vus=0.03454 affil=0.68185 (0.1s)
[ucr] 130_UCR_Anomaly_GP711MarkerLFM5z4_ chronos_small_quantile   default  vus=0.02524 affil=0.71616 (0.1s)
[ucr] 130_UCR_Anomaly_GP711MarkerLFM5z4_ chronos_base_resid       default  vus=0.03835 affil=0.69045 (0.2s)
[ucr] 130_UCR_Anomaly_GP711MarkerLFM5z4_ chronos_base_quantile    default  vus=0.02376 affil=0.69948 (0.2s)
[ucr] 130_UCR_Anomaly_GP711MarkerLFM5z4_ timesfm_resid            default  vus=0.1606 affil=0.99619 (2.5s)
[ucr] 130_UCR_Anomaly_GP711MarkerLFM5z4_ timesfm_quantile         default  vus=0.03677 affil=0.93534 (2.5s)
[ucr] 131_UCR_Anomaly_GP711MarkerLFM5z5_ chronos_small_resid      default  vus=0.03653 affil=0.68273 (0.1s)
[ucr] 131_UCR_Anomaly_GP711MarkerLFM5z5_ chronos_small_quantile   default  vus=0.02509 affil=0.77421 (0.1s)
[ucr] 131_UCR_Anomaly_GP711MarkerLFM5z5_ chronos_base_resid       default  vus=0.03404 affil=0.68901 (0.2s)
[ucr] 131_UCR_Anomaly_GP711MarkerLFM5z5_ chronos_base_quantile    default  vus=0.05234 affil=0.97757 (0.2s)
[ucr] 131_UCR_Anomaly_GP711MarkerLFM5z5_ timesfm_resid            default  vus=0.23374 affil=0.99605 (2.5s)
[ucr] 131_UCR_Anomaly_GP711MarkerLFM5z5_ timesfm_quantile         default  vus=0.1716 affil=0.99605 (2.5s)
[ucr] 132_UCR_Anomaly_InternalBleeding10 chronos_small_resid      default  vus=0.01301 affil=0.66989 (0.2s)
[ucr] 132_UCR_Anomaly_InternalBleeding10 chronos_small_quantile   default  vus=0.01076 affil=0.72871 (0.2s)
[ucr] 132_UCR_Anomaly_InternalBleeding10 chronos_base_resid       default  vus=0.01316 affil=0.67266 (0.3s)
[ucr] 132_UCR_Anomaly_InternalBleeding10 chronos_base_quantile    default  vus=0.01017 affil=0.68492 (0.3s)
[ucr] 132_UCR_Anomaly_InternalBleeding10 timesfm_resid            default  vus=0.03435 affil=0.9571 (4.1s)
[ucr] 132_UCR_Anomaly_InternalBleeding10 timesfm_quantile         default  vus=0.01266 affil=0.71548 (4.1s)
[ucr] 133_UCR_Anomaly_InternalBleeding14 chronos_small_resid      default  vus=0.00705 affil=0.6976 (0.2s)
[ucr] 133_UCR_Anomaly_InternalBleeding14 chronos_small_quantile   default  vus=0.00813 affil=0.69465 (0.2s)
[ucr] 133_UCR_Anomaly_InternalBleeding14 chronos_base_resid       default  vus=0.00806 affil=0.70309 (0.2s)
[ucr] 133_UCR_Anomaly_InternalBleeding14 chronos_base_quantile    default  vus=0.00782 affil=0.68871 (0.2s)
[ucr] 133_UCR_Anomaly_InternalBleeding14 timesfm_resid            default  vus=0.1541 affil=0.99849 (2.5s)
[ucr] 133_UCR_Anomaly_InternalBleeding14 timesfm_quantile         default  vus=0.08106 affil=0.99849 (2.5s)
[ucr] 134_UCR_Anomaly_InternalBleeding15 chronos_small_resid      default  vus=0.07425 affil=0.86762 (0.1s)
[ucr] 134_UCR_Anomaly_InternalBleeding15 chronos_small_quantile   default  vus=0.06512 affil=0.69278 (0.1s)
[ucr] 134_UCR_Anomaly_InternalBleeding15 chronos_base_resid       default  vus=0.08517 affil=0.8674 (0.4s)
[ucr] 134_UCR_Anomaly_InternalBleeding15 chronos_base_quantile    default  vus=0.06525 affil=0.67724 (0.4s)
[ucr] 134_UCR_Anomaly_InternalBleeding15 timesfm_resid            default  vus=0.17275 affil=0.92184 (4.6s)
[ucr] 134_UCR_Anomaly_InternalBleeding15 timesfm_quantile         default  vus=0.10774 affil=0.71818 (4.6s)
[ucr] 135_UCR_Anomaly_InternalBleeding16 chronos_small_resid      default  vus=0.00291 affil=0.66984 (0.1s)
[ucr] 135_UCR_Anomaly_InternalBleeding16 chronos_small_quantile   default  vus=0.00691 affil=0.73701 (0.1s)
[ucr] 135_UCR_Anomaly_InternalBleeding16 chronos_base_resid       default  vus=0.00351 affil=0.72681 (0.3s)
[ucr] 135_UCR_Anomaly_InternalBleeding16 chronos_base_quantile    default  vus=0.00286 affil=0.75648 (0.3s)
[ucr] 135_UCR_Anomaly_InternalBleeding16 timesfm_resid            default  vus=0.01411 affil=0.75794 (3.0s)
[ucr] 135_UCR_Anomaly_InternalBleeding16 timesfm_quantile         default  vus=0.06467 affil=0.80406 (3.0s)
[ucr] 136_UCR_Anomaly_InternalBleeding17 chronos_small_resid      default  vus=0.03394 affil=0.73819 (0.2s)
[ucr] 136_UCR_Anomaly_InternalBleeding17 chronos_small_quantile   default  vus=0.0481 affil=0.78755 (0.2s)
[ucr] 136_UCR_Anomaly_InternalBleeding17 chronos_base_resid       default  vus=0.02821 affil=0.66715 (0.4s)
[ucr] 136_UCR_Anomaly_InternalBleeding17 chronos_base_quantile    default  vus=0.03468 affil=0.90301 (0.4s)
[ucr] 136_UCR_Anomaly_InternalBleeding17 timesfm_resid            default  vus=0.28139 affil=0.99547 (3.1s)
[ucr] 136_UCR_Anomaly_InternalBleeding17 timesfm_quantile         default  vus=0.18508 affil=0.99528 (3.1s)
[ucr] 137_UCR_Anomaly_InternalBleeding18 chronos_small_resid      default  vus=0.03532 affil=0.67922 (0.2s)
[ucr] 137_UCR_Anomaly_InternalBleeding18 chronos_small_quantile   default  vus=0.02572 affil=0.7368 (0.2s)
[ucr] 137_UCR_Anomaly_InternalBleeding18 chronos_base_resid       default  vus=0.02983 affil=0.70982 (0.4s)
[ucr] 137_UCR_Anomaly_InternalBleeding18 chronos_base_quantile    default  vus=0.02661 affil=0.91208 (0.4s)
[ucr] 137_UCR_Anomaly_InternalBleeding18 timesfm_resid            default  vus=0.16879 affil=0.99573 (3.4s)
[ucr] 137_UCR_Anomaly_InternalBleeding18 timesfm_quantile         default  vus=0.05371 affil=0.79419 (3.4s)
[ucr] 138_UCR_Anomaly_InternalBleeding19 chronos_small_resid      default  vus=0.00507 affil=0.67158 (0.1s)
[ucr] 138_UCR_Anomaly_InternalBleeding19 chronos_small_quantile   default  vus=0.02457 affil=0.77055 (0.1s)
[ucr] 138_UCR_Anomaly_InternalBleeding19 chronos_base_resid       default  vus=0.00791 affil=0.68096 (0.4s)
[ucr] 138_UCR_Anomaly_InternalBleeding19 chronos_base_quantile    default  vus=0.00615 affil=0.74493 (0.4s)
[ucr] 138_UCR_Anomaly_InternalBleeding19 timesfm_resid            default  vus=0.20218 affil=0.99966 (7.1s)
[ucr] 138_UCR_Anomaly_InternalBleeding19 timesfm_quantile         default  vus=0.2372 affil=0.99966 (7.1s)
[ucr] 139_UCR_Anomaly_InternalBleeding20 chronos_small_resid      default  vus=0.06888 affil=0.66852 (0.4s)
[ucr] 139_UCR_Anomaly_InternalBleeding20 chronos_small_quantile   default  vus=0.04713 affil=0.65568 (0.4s)
[ucr] 139_UCR_Anomaly_InternalBleeding20 chronos_base_resid       default  vus=0.14193 affil=0.99183 (0.6s)
[ucr] 139_UCR_Anomaly_InternalBleeding20 chronos_base_quantile    default  vus=0.04633 affil=0.64913 (0.6s)
[ucr] 139_UCR_Anomaly_InternalBleeding20 timesfm_resid            default  vus=0.20636 affil=0.97112 (4.0s)
[ucr] 139_UCR_Anomaly_InternalBleeding20 timesfm_quantile         default  vus=0.07668 affil=0.99183 (4.0s)
[ucr] 140_UCR_Anomaly_InternalBleeding4_ chronos_small_resid      default  vus=0.3267 affil=0.99293 (0.2s)
[ucr] 140_UCR_Anomaly_InternalBleeding4_ chronos_small_quantile   default  vus=0.09233 affil=0.98298 (0.2s)
[ucr] 140_UCR_Anomaly_InternalBleeding4_ chronos_base_resid       default  vus=0.30469 affil=0.98298 (0.3s)
[ucr] 140_UCR_Anomaly_InternalBleeding4_ chronos_base_quantile    default  vus=0.08589 affil=0.87351 (0.3s)
[ucr] 140_UCR_Anomaly_InternalBleeding4_ timesfm_resid            default  vus=0.47285 affil=0.99445 (4.3s)
[ucr] 140_UCR_Anomaly_InternalBleeding4_ timesfm_quantile         default  vus=0.19553 affil=0.98589 (4.3s)
[ucr] 141_UCR_Anomaly_InternalBleeding5_ chronos_small_resid      default  vus=0.20455 affil=0.81048 (0.2s)
[ucr] 141_UCR_Anomaly_InternalBleeding5_ chronos_small_quantile   default  vus=0.1045 affil=0.71229 (0.2s)
[ucr] 141_UCR_Anomaly_InternalBleeding5_ chronos_base_resid       default  vus=0.23821 affil=0.98429 (0.4s)
[ucr] 141_UCR_Anomaly_InternalBleeding5_ chronos_base_quantile    default  vus=0.11715 affil=0.71584 (0.4s)
[ucr] 141_UCR_Anomaly_InternalBleeding5_ timesfm_resid            default  vus=0.39576 affil=0.98429 (2.6s)
[ucr] 141_UCR_Anomaly_InternalBleeding5_ timesfm_quantile         default  vus=0.21929 affil=0.98381 (2.6s)
[ucr] 142_UCR_Anomaly_InternalBleeding6_ chronos_small_resid      default  vus=0.02971 affil=0.68025 (0.2s)
[ucr] 142_UCR_Anomaly_InternalBleeding6_ chronos_small_quantile   default  vus=0.03451 affil=0.8804 (0.2s)
[ucr] 142_UCR_Anomaly_InternalBleeding6_ chronos_base_resid       default  vus=0.03771 affil=0.73832 (0.4s)
[ucr] 142_UCR_Anomaly_InternalBleeding6_ chronos_base_quantile    default  vus=0.03611 affil=0.70067 (0.4s)
[ucr] 142_UCR_Anomaly_InternalBleeding6_ timesfm_resid            default  vus=0.25519 affil=0.99238 (3.3s)
[ucr] 142_UCR_Anomaly_InternalBleeding6_ timesfm_quantile         default  vus=0.24283 affil=0.99144 (3.3s)
[ucr] 143_UCR_Anomaly_InternalBleeding8_ chronos_small_resid      default  vus=0.03282 affil=0.6807 (0.2s)
[ucr] 143_UCR_Anomaly_InternalBleeding8_ chronos_small_quantile   default  vus=0.03178 affil=0.69616 (0.2s)
[ucr] 143_UCR_Anomaly_InternalBleeding8_ chronos_base_resid       default  vus=0.04543 affil=0.6863 (0.5s)
[ucr] 143_UCR_Anomaly_InternalBleeding8_ chronos_base_quantile    default  vus=0.03951 affil=0.69334 (0.5s)
[ucr] 143_UCR_Anomaly_InternalBleeding8_ timesfm_resid            default  vus=0.06851 affil=0.97291 (6.5s)
[ucr] 143_UCR_Anomaly_InternalBleeding8_ timesfm_quantile         default  vus=0.05645 affil=0.97331 (6.5s)
[ucr] 144_UCR_Anomaly_InternalBleeding9_ chronos_small_resid      default  vus=0.0324 affil=0.74068 (0.2s)
[ucr] 144_UCR_Anomaly_InternalBleeding9_ chronos_small_quantile   default  vus=0.04782 affil=0.65132 (0.2s)
[ucr] 144_UCR_Anomaly_InternalBleeding9_ chronos_base_resid       default  vus=0.03653 affil=0.74008 (0.2s)
[ucr] 144_UCR_Anomaly_InternalBleeding9_ chronos_base_quantile    default  vus=0.04863 affil=0.72942 (0.2s)
[ucr] 144_UCR_Anomaly_InternalBleeding9_ timesfm_resid            default  vus=0.02766 affil=0.68523 (1.3s)
[ucr] 144_UCR_Anomaly_InternalBleeding9_ timesfm_quantile         default  vus=0.03579 affil=0.65967 (1.3s)
[ucr] 145_UCR_Anomaly_Lab2Cmac011215EPG1 chronos_small_resid      default  vus=0.02852 affil=0.8861 (0.3s)
[ucr] 145_UCR_Anomaly_Lab2Cmac011215EPG1 chronos_small_quantile   default  vus=0.03091 affil=0.88671 (0.3s)
[ucr] 145_UCR_Anomaly_Lab2Cmac011215EPG1 chronos_base_resid       default  vus=0.03411 affil=0.8967 (0.7s)
[ucr] 145_UCR_Anomaly_Lab2Cmac011215EPG1 chronos_base_quantile    default  vus=0.0614 affil=0.93255 (0.7s)
[ucr] 145_UCR_Anomaly_Lab2Cmac011215EPG1 timesfm_resid            default  vus=0.03662 affil=0.77946 (12.1s)
[ucr] 145_UCR_Anomaly_Lab2Cmac011215EPG1 timesfm_quantile         default  vus=0.02938 affil=0.77045 (12.1s)
[ucr] 146_UCR_Anomaly_Lab2Cmac011215EPG2 chronos_small_resid      default  vus=0.00416 affil=0.66724 (0.5s)
[ucr] 146_UCR_Anomaly_Lab2Cmac011215EPG2 chronos_small_quantile   default  vus=0.00469 affil=0.66143 (0.5s)
[ucr] 146_UCR_Anomaly_Lab2Cmac011215EPG2 chronos_base_resid       default  vus=0.00413 affil=0.67497 (0.7s)
[ucr] 146_UCR_Anomaly_Lab2Cmac011215EPG2 chronos_base_quantile    default  vus=0.0042 affil=0.67409 (0.7s)
[ucr] 146_UCR_Anomaly_Lab2Cmac011215EPG2 timesfm_resid            default  vus=0.00598 affil=0.70893 (9.5s)
[ucr] 146_UCR_Anomaly_Lab2Cmac011215EPG2 timesfm_quantile         default  vus=0.00654 affil=0.67131 (9.5s)
[ucr] 147_UCR_Anomaly_Lab2Cmac011215EPG3 chronos_small_resid      default  vus=0.00378 affil=0.71464 (0.3s)
[ucr] 147_UCR_Anomaly_Lab2Cmac011215EPG3 chronos_small_quantile   default  vus=0.005 affil=0.73363 (0.3s)
[ucr] 147_UCR_Anomaly_Lab2Cmac011215EPG3 chronos_base_resid       default  vus=0.00357 affil=0.80868 (0.7s)
[ucr] 147_UCR_Anomaly_Lab2Cmac011215EPG3 chronos_base_quantile    default  vus=0.00469 affil=0.76893 (0.7s)
[ucr] 147_UCR_Anomaly_Lab2Cmac011215EPG3 timesfm_resid            default  vus=0.00596 affil=0.67247 (9.4s)
[ucr] 147_UCR_Anomaly_Lab2Cmac011215EPG3 timesfm_quantile         default  vus=0.00569 affil=0.668 (9.4s)
[ucr] 148_UCR_Anomaly_Lab2Cmac011215EPG4 chronos_small_resid      default  vus=0.00741 affil=0.74983 (0.3s)
[ucr] 148_UCR_Anomaly_Lab2Cmac011215EPG4 chronos_small_quantile   default  vus=0.00798 affil=0.74026 (0.3s)
[ucr] 148_UCR_Anomaly_Lab2Cmac011215EPG4 chronos_base_resid       default  vus=0.00749 affil=0.7223 (0.7s)
[ucr] 148_UCR_Anomaly_Lab2Cmac011215EPG4 chronos_base_quantile    default  vus=0.00759 affil=0.83802 (0.7s)
[ucr] 148_UCR_Anomaly_Lab2Cmac011215EPG4 timesfm_resid            default  vus=0.0083 affil=0.67496 (8.1s)
[ucr] 148_UCR_Anomaly_Lab2Cmac011215EPG4 timesfm_quantile         default  vus=0.00785 affil=0.66765 (8.1s)
[ucr] 149_UCR_Anomaly_Lab2Cmac011215EPG5 chronos_small_resid      default  vus=0.01092 affil=0.7284 (0.3s)
[ucr] 149_UCR_Anomaly_Lab2Cmac011215EPG5 chronos_small_quantile   default  vus=0.01026 affil=0.72004 (0.3s)
[ucr] 149_UCR_Anomaly_Lab2Cmac011215EPG5 chronos_base_resid       default  vus=0.0104 affil=0.73068 (0.8s)
[ucr] 149_UCR_Anomaly_Lab2Cmac011215EPG5 chronos_base_quantile    default  vus=0.00804 affil=0.75304 (0.8s)
[ucr] 149_UCR_Anomaly_Lab2Cmac011215EPG5 timesfm_resid            default  vus=0.01241 affil=0.68095 (7.9s)
[ucr] 149_UCR_Anomaly_Lab2Cmac011215EPG5 timesfm_quantile         default  vus=0.0098 affil=0.66604 (7.9s)
[ucr] 150_UCR_Anomaly_Lab2Cmac011215EPG6 chronos_small_resid      default  vus=0.01013 affil=0.6676 (0.3s)
[ucr] 150_UCR_Anomaly_Lab2Cmac011215EPG6 chronos_small_quantile   default  vus=0.01301 affil=0.68829 (0.3s)
[ucr] 150_UCR_Anomaly_Lab2Cmac011215EPG6 chronos_base_resid       default  vus=0.01066 affil=0.65325 (0.6s)
[ucr] 150_UCR_Anomaly_Lab2Cmac011215EPG6 chronos_base_quantile    default  vus=0.01346 affil=0.65534 (0.6s)
[ucr] 150_UCR_Anomaly_Lab2Cmac011215EPG6 timesfm_resid            default  vus=0.01073 affil=0.65462 (8.4s)
[ucr] 150_UCR_Anomaly_Lab2Cmac011215EPG6 timesfm_quantile         default  vus=0.01416 affil=0.65545 (8.4s)
[ucr] 151_UCR_Anomaly_MesoplodonDensiros chronos_small_resid      default  vus=0.02748 affil=0.75125 (0.4s)
[ucr] 151_UCR_Anomaly_MesoplodonDensiros chronos_small_quantile   default  vus=0.01726 affil=0.74049 (0.4s)
[ucr] 151_UCR_Anomaly_MesoplodonDensiros chronos_base_resid       default  vus=0.02609 affil=0.75608 (0.4s)
[ucr] 151_UCR_Anomaly_MesoplodonDensiros chronos_base_quantile    default  vus=0.01663 affil=0.73531 (0.4s)
[ucr] 151_UCR_Anomaly_MesoplodonDensiros timesfm_resid            default  vus=0.03524 affil=0.96617 (5.3s)
[ucr] 151_UCR_Anomaly_MesoplodonDensiros timesfm_quantile         default  vus=0.0445 affil=0.86498 (5.3s)
[ucr] 152_UCR_Anomaly_PowerDemand1_9000_ chronos_small_resid      default  vus=0.06418 affil=0.7332 (0.3s)
[ucr] 152_UCR_Anomaly_PowerDemand1_9000_ chronos_small_quantile   default  vus=0.03029 affil=0.95502 (0.3s)
[ucr] 152_UCR_Anomaly_PowerDemand1_9000_ chronos_base_resid       default  vus=0.05986 affil=0.72591 (0.7s)
[ucr] 152_UCR_Anomaly_PowerDemand1_9000_ chronos_base_quantile    default  vus=0.02774 affil=0.95502 (0.7s)
[ucr] 152_UCR_Anomaly_PowerDemand1_9000_ timesfm_resid            default  vus=0.05285 affil=0.69518 (8.3s)
[ucr] 152_UCR_Anomaly_PowerDemand1_9000_ timesfm_quantile         default  vus=0.02677 affil=0.68216 (8.3s)
[ucr] 153_UCR_Anomaly_PowerDemand2_14000 chronos_small_resid      default  vus=0.03112 affil=0.66322 (0.2s)
[ucr] 153_UCR_Anomaly_PowerDemand2_14000 chronos_small_quantile   default  vus=0.03392 affil=0.71697 (0.2s)
[ucr] 153_UCR_Anomaly_PowerDemand2_14000 chronos_base_resid       default  vus=0.03087 affil=0.67273 (0.4s)
[ucr] 153_UCR_Anomaly_PowerDemand2_14000 chronos_base_quantile    default  vus=0.03307 affil=0.71904 (0.4s)
[ucr] 153_UCR_Anomaly_PowerDemand2_14000 timesfm_resid            default  vus=0.0284 affil=0.66645 (5.1s)
[ucr] 153_UCR_Anomaly_PowerDemand2_14000 timesfm_quantile         default  vus=0.03192 affil=0.72734 (5.1s)
[ucr] 154_UCR_Anomaly_PowerDemand3_16000 chronos_small_resid      default  vus=0.02436 affil=0.66242 (0.2s)
[ucr] 154_UCR_Anomaly_PowerDemand3_16000 chronos_small_quantile   default  vus=0.01387 affil=0.81536 (0.2s)
[ucr] 154_UCR_Anomaly_PowerDemand3_16000 chronos_base_resid       default  vus=0.03653 affil=0.6726 (0.3s)
[ucr] 154_UCR_Anomaly_PowerDemand3_16000 chronos_base_quantile    default  vus=0.01357 affil=0.81991 (0.3s)
[ucr] 154_UCR_Anomaly_PowerDemand3_16000 timesfm_resid            default  vus=0.01987 affil=0.64985 (5.3s)
[ucr] 154_UCR_Anomaly_PowerDemand3_16000 timesfm_quantile         default  vus=0.01693 affil=0.768 (5.3s)
[ucr] 155_UCR_Anomaly_PowerDemand4_18000 chronos_small_resid      default  vus=0.08302 affil=0.89759 (0.2s)
[ucr] 155_UCR_Anomaly_PowerDemand4_18000 chronos_small_quantile   default  vus=0.06667 affil=0.84016 (0.2s)
[ucr] 155_UCR_Anomaly_PowerDemand4_18000 chronos_base_resid       default  vus=0.09327 affil=0.89791 (0.6s)
[ucr] 155_UCR_Anomaly_PowerDemand4_18000 chronos_base_quantile    default  vus=0.03913 affil=0.76601 (0.6s)
[ucr] 155_UCR_Anomaly_PowerDemand4_18000 timesfm_resid            default  vus=0.04879 affil=0.74202 (4.0s)
[ucr] 155_UCR_Anomaly_PowerDemand4_18000 timesfm_quantile         default  vus=0.03434 affil=0.87315 (4.0s)
[ucr] 156_UCR_Anomaly_TkeepFifthMARS_350 chronos_small_resid      default  vus=0.10907 affil=0.97851 (0.2s)
[ucr] 156_UCR_Anomaly_TkeepFifthMARS_350 chronos_small_quantile   default  vus=0.10555 affil=0.98203 (0.2s)
[ucr] 156_UCR_Anomaly_TkeepFifthMARS_350 chronos_base_resid       default  vus=0.1272 affil=0.97539 (0.3s)
[ucr] 156_UCR_Anomaly_TkeepFifthMARS_350 chronos_base_quantile    default  vus=0.09862 affil=0.98363 (0.3s)
[ucr] 156_UCR_Anomaly_TkeepFifthMARS_350 timesfm_resid            default  vus=0.15519 affil=0.98946 (2.7s)
[ucr] 156_UCR_Anomaly_TkeepFifthMARS_350 timesfm_quantile         default  vus=0.14112 affil=0.98162 (2.7s)
[ucr] 157_UCR_Anomaly_TkeepFirstMARS_350 chronos_small_resid      default  vus=0.00507 affil=0.71399 (0.2s)
[ucr] 157_UCR_Anomaly_TkeepFirstMARS_350 chronos_small_quantile   default  vus=0.00466 affil=0.68507 (0.2s)
[ucr] 157_UCR_Anomaly_TkeepFirstMARS_350 chronos_base_resid       default  vus=0.00475 affil=0.72701 (0.2s)
[ucr] 157_UCR_Anomaly_TkeepFirstMARS_350 chronos_base_quantile    default  vus=0.00669 affil=0.72018 (0.2s)
[ucr] 157_UCR_Anomaly_TkeepFirstMARS_350 timesfm_resid            default  vus=0.00626 affil=0.79863 (3.1s)
[ucr] 157_UCR_Anomaly_TkeepFirstMARS_350 timesfm_quantile         default  vus=0.00775 affil=0.83515 (3.1s)
[ucr] 158_UCR_Anomaly_TkeepForthMARS_350 chronos_small_resid      default  vus=0.02643 affil=0.9413 (0.2s)
[ucr] 158_UCR_Anomaly_TkeepForthMARS_350 chronos_small_quantile   default  vus=0.02101 affil=0.66072 (0.2s)
[ucr] 158_UCR_Anomaly_TkeepForthMARS_350 chronos_base_resid       default  vus=0.02619 affil=0.96007 (0.3s)
[ucr] 158_UCR_Anomaly_TkeepForthMARS_350 chronos_base_quantile    default  vus=0.02012 affil=0.65429 (0.3s)
[ucr] 158_UCR_Anomaly_TkeepForthMARS_350 timesfm_resid            default  vus=0.05977 affil=0.96311 (2.5s)
[ucr] 158_UCR_Anomaly_TkeepForthMARS_350 timesfm_quantile         default  vus=0.06195 affil=0.87127 (2.5s)
[ucr] 159_UCR_Anomaly_TkeepSecondMARS_35 chronos_small_resid      default  vus=0.00443 affil=0.90393 (0.1s)
[ucr] 159_UCR_Anomaly_TkeepSecondMARS_35 chronos_small_quantile   default  vus=0.00494 affil=0.98365 (0.1s)
[ucr] 159_UCR_Anomaly_TkeepSecondMARS_35 chronos_base_resid       default  vus=0.00327 affil=0.98085 (0.2s)
[ucr] 159_UCR_Anomaly_TkeepSecondMARS_35 chronos_base_quantile    default  vus=0.00467 affil=0.9839 (0.2s)
[ucr] 159_UCR_Anomaly_TkeepSecondMARS_35 timesfm_resid            default  vus=0.02826 affil=0.98136 (2.8s)
[ucr] 159_UCR_Anomaly_TkeepSecondMARS_35 timesfm_quantile         default  vus=0.05808 affil=0.98365 (2.8s)
[ucr] 160_UCR_Anomaly_TkeepThirdMARS_350 chronos_small_resid      default  vus=0.06749 affil=0.94214 (0.1s)
[ucr] 160_UCR_Anomaly_TkeepThirdMARS_350 chronos_small_quantile   default  vus=0.03219 affil=0.69041 (0.1s)
[ucr] 160_UCR_Anomaly_TkeepThirdMARS_350 chronos_base_resid       default  vus=0.41763 affil=0.99732 (0.2s)
[ucr] 160_UCR_Anomaly_TkeepThirdMARS_350 chronos_base_quantile    default  vus=0.04241 affil=0.96039 (0.2s)
[ucr] 160_UCR_Anomaly_TkeepThirdMARS_350 timesfm_resid            default  vus=0.09446 affil=0.96299 (2.5s)
[ucr] 160_UCR_Anomaly_TkeepThirdMARS_350 timesfm_quantile         default  vus=0.03045 affil=0.87593 (2.5s)
[ucr] 161_UCR_Anomaly_WalkingAceleration chronos_small_resid      default  vus=0.05118 affil=0.6521 (0.1s)
[ucr] 161_UCR_Anomaly_WalkingAceleration chronos_small_quantile   default  vus=0.05979 affil=0.65902 (0.1s)
[ucr] 161_UCR_Anomaly_WalkingAceleration chronos_base_resid       default  vus=0.05312 affil=0.64585 (0.3s)
[ucr] 161_UCR_Anomaly_WalkingAceleration chronos_base_quantile    default  vus=0.06337 affil=0.65668 (0.3s)
[ucr] 161_UCR_Anomaly_WalkingAceleration timesfm_resid            default  vus=0.05788 affil=0.65292 (2.6s)
[ucr] 161_UCR_Anomaly_WalkingAceleration timesfm_quantile         default  vus=0.0606 affil=0.66509 (2.6s)
[ucr] 162_UCR_Anomaly_WalkingAceleration chronos_small_resid      default  vus=0.20942 affil=0.92344 (0.2s)
[ucr] 162_UCR_Anomaly_WalkingAceleration chronos_small_quantile   default  vus=0.10631 affil=0.92344 (0.2s)
[ucr] 162_UCR_Anomaly_WalkingAceleration chronos_base_resid       default  vus=0.19755 affil=0.92567 (0.4s)
[ucr] 162_UCR_Anomaly_WalkingAceleration chronos_base_quantile    default  vus=0.07941 affil=0.92344 (0.4s)
[ucr] 162_UCR_Anomaly_WalkingAceleration timesfm_resid            default  vus=0.20505 affil=0.92344 (1.5s)
[ucr] 162_UCR_Anomaly_WalkingAceleration timesfm_quantile         default  vus=0.28083 affil=0.95888 (1.5s)
[ucr] 163_UCR_Anomaly_apneaecg2_10000_20 chronos_small_resid      default  vus=0.01668 affil=0.89523 (0.3s)
[ucr] 163_UCR_Anomaly_apneaecg2_10000_20 chronos_small_quantile   default  vus=0.02216 affil=0.80509 (0.3s)
[ucr] 163_UCR_Anomaly_apneaecg2_10000_20 chronos_base_resid       default  vus=0.01633 affil=0.93313 (0.7s)
[ucr] 163_UCR_Anomaly_apneaecg2_10000_20 chronos_base_quantile    default  vus=0.03391 affil=0.77651 (0.7s)
[ucr] 163_UCR_Anomaly_apneaecg2_10000_20 timesfm_resid            default  vus=0.01615 affil=0.73872 (11.3s)
[ucr] 163_UCR_Anomaly_apneaecg2_10000_20 timesfm_quantile         default  vus=0.01643 affil=0.72479 (11.3s)
[ucr] 164_UCR_Anomaly_apneaecg3_5000_111 chronos_small_resid      default  vus=0.0055 affil=0.66947 (0.5s)
[ucr] 164_UCR_Anomaly_apneaecg3_5000_111 chronos_small_quantile   default  vus=0.00616 affil=0.67753 (0.5s)
[ucr] 164_UCR_Anomaly_apneaecg3_5000_111 chronos_base_resid       default  vus=0.0055 affil=0.67056 (1.1s)
[ucr] 164_UCR_Anomaly_apneaecg3_5000_111 chronos_base_quantile    default  vus=0.00505 affil=0.68191 (1.1s)
[ucr] 164_UCR_Anomaly_apneaecg3_5000_111 timesfm_resid            default  vus=0.00542 affil=0.66839 (13.5s)
[ucr] 164_UCR_Anomaly_apneaecg3_5000_111 timesfm_quantile         default  vus=0.00575 affil=0.67574 (13.5s)
[ucr] 165_UCR_Anomaly_apneaecg4_6000_160 chronos_small_resid      default  vus=0.00345 affil=0.66794 (0.3s)
[ucr] 165_UCR_Anomaly_apneaecg4_6000_160 chronos_small_quantile   default  vus=0.00457 affil=0.68436 (0.3s)
[ucr] 165_UCR_Anomaly_apneaecg4_6000_160 chronos_base_resid       default  vus=0.00351 affil=0.66421 (0.8s)
[ucr] 165_UCR_Anomaly_apneaecg4_6000_160 chronos_base_quantile    default  vus=0.00459 affil=0.67913 (0.8s)
[ucr] 165_UCR_Anomaly_apneaecg4_6000_160 timesfm_resid            default  vus=0.00344 affil=0.67037 (10.3s)
[ucr] 165_UCR_Anomaly_apneaecg4_6000_160 timesfm_quantile         default  vus=0.00449 affil=0.72003 (10.3s)
[ucr] 166_UCR_Anomaly_apneaecg_10000_122 chronos_small_resid      default  vus=0.00309 affil=0.72465 (0.3s)
[ucr] 166_UCR_Anomaly_apneaecg_10000_122 chronos_small_quantile   default  vus=0.00349 affil=0.67267 (0.3s)
[ucr] 166_UCR_Anomaly_apneaecg_10000_122 chronos_base_resid       default  vus=0.003 affil=0.71953 (0.7s)
[ucr] 166_UCR_Anomaly_apneaecg_10000_122 chronos_base_quantile    default  vus=0.00346 affil=0.74651 (0.7s)
[ucr] 166_UCR_Anomaly_apneaecg_10000_122 timesfm_resid            default  vus=0.0035 affil=0.69425 (10.8s)
[ucr] 166_UCR_Anomaly_apneaecg_10000_122 timesfm_quantile         default  vus=0.0036 affil=0.79312 (10.8s)
[ucr] 167_UCR_Anomaly_gait1_20000_38500_ chronos_small_resid      default  vus=0.00943 affil=0.78397 (0.5s)
[ucr] 167_UCR_Anomaly_gait1_20000_38500_ chronos_small_quantile   default  vus=0.00876 affil=0.70312 (0.5s)
[ucr] 167_UCR_Anomaly_gait1_20000_38500_ chronos_base_resid       default  vus=0.00857 affil=0.71484 (1.1s)
[ucr] 167_UCR_Anomaly_gait1_20000_38500_ chronos_base_quantile    default  vus=0.0083 affil=0.67889 (1.1s)
[ucr] 167_UCR_Anomaly_gait1_20000_38500_ timesfm_resid            default  vus=0.00897 affil=0.66482 (14.8s)
[ucr] 167_UCR_Anomaly_gait1_20000_38500_ timesfm_quantile         default  vus=0.00883 affil=0.70184 (14.8s)
[ucr] 168_UCR_Anomaly_gait2_22000_46500_ chronos_small_resid      default  vus=0.0095 affil=0.6874 (0.5s)
[ucr] 168_UCR_Anomaly_gait2_22000_46500_ chronos_small_quantile   default  vus=0.00873 affil=0.74431 (0.5s)
[ucr] 168_UCR_Anomaly_gait2_22000_46500_ chronos_base_resid       default  vus=0.00972 affil=0.78828 (1.0s)
[ucr] 168_UCR_Anomaly_gait2_22000_46500_ chronos_base_quantile    default  vus=0.01142 affil=0.67832 (1.0s)
[ucr] 168_UCR_Anomaly_gait2_22000_46500_ timesfm_resid            default  vus=0.01549 affil=0.78468 (14.6s)
[ucr] 168_UCR_Anomaly_gait2_22000_46500_ timesfm_quantile         default  vus=0.01391 affil=0.76898 (14.6s)
[ucr] 169_UCR_Anomaly_gait3_24500_59900_ chronos_small_resid      default  vus=0.02288 affil=0.89112 (0.5s)
[ucr] 169_UCR_Anomaly_gait3_24500_59900_ chronos_small_quantile   default  vus=0.01821 affil=0.69486 (0.5s)
[ucr] 169_UCR_Anomaly_gait3_24500_59900_ chronos_base_resid       default  vus=0.02051 affil=0.72715 (0.8s)
[ucr] 169_UCR_Anomaly_gait3_24500_59900_ chronos_base_quantile    default  vus=0.02634 affil=0.69332 (0.8s)
[ucr] 169_UCR_Anomaly_gait3_24500_59900_ timesfm_resid            default  vus=0.02456 affil=0.89469 (13.2s)
[ucr] 169_UCR_Anomaly_gait3_24500_59900_ timesfm_quantile         default  vus=0.01912 affil=0.79323 (13.2s)
[ucr] 170_UCR_Anomaly_gaitHunt1_18500_33 chronos_small_resid      default  vus=0.00448 affil=0.70338 (0.7s)
[ucr] 170_UCR_Anomaly_gaitHunt1_18500_33 chronos_small_quantile   default  vus=0.0044 affil=0.99387 (0.7s)
[ucr] 170_UCR_Anomaly_gaitHunt1_18500_33 chronos_base_resid       default  vus=0.00531 affil=0.8516 (1.1s)
[ucr] 170_UCR_Anomaly_gaitHunt1_18500_33 chronos_base_quantile    default  vus=0.00415 affil=0.65472 (1.1s)
[ucr] 170_UCR_Anomaly_gaitHunt1_18500_33 timesfm_resid            default  vus=0.00391 affil=0.65609 (17.2s)
[ucr] 170_UCR_Anomaly_gaitHunt1_18500_33 timesfm_quantile         default  vus=0.00395 affil=0.64778 (17.2s)
[ucr] 171_UCR_Anomaly_gaitHunt2_18500_31 chronos_small_resid      default  vus=0.02143 affil=0.72269 (0.5s)
[ucr] 171_UCR_Anomaly_gaitHunt2_18500_31 chronos_small_quantile   default  vus=0.01737 affil=0.68557 (0.5s)
[ucr] 171_UCR_Anomaly_gaitHunt2_18500_31 chronos_base_resid       default  vus=0.02332 affil=0.75271 (1.4s)
[ucr] 171_UCR_Anomaly_gaitHunt2_18500_31 chronos_base_quantile    default  vus=0.01612 affil=0.66341 (1.4s)
[ucr] 171_UCR_Anomaly_gaitHunt2_18500_31 timesfm_resid            default  vus=0.01549 affil=0.65724 (17.7s)
[ucr] 171_UCR_Anomaly_gaitHunt2_18500_31 timesfm_quantile         default  vus=0.0161 affil=0.65501 (17.7s)
[ucr] 172_UCR_Anomaly_gaitHunt3_23400_38 chronos_small_resid      default  vus=0.02678 affil=0.74588 (0.7s)
[ucr] 172_UCR_Anomaly_gaitHunt3_23400_38 chronos_small_quantile   default  vus=0.02201 affil=0.8595 (0.7s)
[ucr] 172_UCR_Anomaly_gaitHunt3_23400_38 chronos_base_resid       default  vus=0.0283 affil=0.699 (1.3s)
[ucr] 172_UCR_Anomaly_gaitHunt3_23400_38 chronos_base_quantile    default  vus=0.02165 affil=0.75724 (1.3s)
[ucr] 172_UCR_Anomaly_gaitHunt3_23400_38 timesfm_resid            default  vus=0.02628 affil=0.69333 (16.4s)
[ucr] 172_UCR_Anomaly_gaitHunt3_23400_38 timesfm_quantile         default  vus=0.02199 affil=0.72532 (16.4s)
[ucr] 173_UCR_Anomaly_insectEPG1_3000_70 chronos_small_resid      default  vus=0.0066 affil=0.70785 (0.1s)
[ucr] 173_UCR_Anomaly_insectEPG1_3000_70 chronos_small_quantile   default  vus=0.00626 affil=0.71371 (0.1s)
[ucr] 173_UCR_Anomaly_insectEPG1_3000_70 chronos_base_resid       default  vus=0.00768 affil=0.71387 (0.2s)
[ucr] 173_UCR_Anomaly_insectEPG1_3000_70 chronos_base_quantile    default  vus=0.00712 affil=0.68431 (0.2s)
[ucr] 173_UCR_Anomaly_insectEPG1_3000_70 timesfm_resid            default  vus=0.0092 affil=0.71693 (2.9s)
[ucr] 173_UCR_Anomaly_insectEPG1_3000_70 timesfm_quantile         default  vus=0.0071 affil=0.67501 (2.9s)
[ucr] 174_UCR_Anomaly_insectEPG2_3700_80 chronos_small_resid      default  vus=0.01481 affil=0.96951 (0.1s)
[ucr] 174_UCR_Anomaly_insectEPG2_3700_80 chronos_small_quantile   default  vus=0.02209 affil=0.75981 (0.1s)
[ucr] 174_UCR_Anomaly_insectEPG2_3700_80 chronos_base_resid       default  vus=0.01969 affil=0.73617 (0.5s)
[ucr] 174_UCR_Anomaly_insectEPG2_3700_80 chronos_base_quantile    default  vus=0.01611 affil=0.66493 (0.5s)
[ucr] 174_UCR_Anomaly_insectEPG2_3700_80 timesfm_resid            default  vus=0.01854 affil=0.72478 (2.5s)
[ucr] 174_UCR_Anomaly_insectEPG2_3700_80 timesfm_quantile         default  vus=0.0129 affil=0.66833 (2.5s)
[ucr] 175_UCR_Anomaly_insectEPG3_5200_70 chronos_small_resid      default  vus=0.01259 affil=0.63123 (0.1s)
[ucr] 175_UCR_Anomaly_insectEPG3_5200_70 chronos_small_quantile   default  vus=0.01354 affil=0.61412 (0.1s)
[ucr] 175_UCR_Anomaly_insectEPG3_5200_70 chronos_base_resid       default  vus=0.01453 affil=0.72043 (0.2s)
[ucr] 175_UCR_Anomaly_insectEPG3_5200_70 chronos_base_quantile    default  vus=0.01464 affil=0.65327 (0.2s)
[ucr] 175_UCR_Anomaly_insectEPG3_5200_70 timesfm_resid            default  vus=0.01399 affil=0.73707 (2.9s)
[ucr] 175_UCR_Anomaly_insectEPG3_5200_70 timesfm_quantile         default  vus=0.01484 affil=0.74867 (2.9s)
[ucr] 176_UCR_Anomaly_insectEPG4_1300_65 chronos_small_resid      default  vus=0.00958 affil=0.6896 (0.1s)
[ucr] 176_UCR_Anomaly_insectEPG4_1300_65 chronos_small_quantile   default  vus=0.00953 affil=0.67757 (0.1s)
[ucr] 176_UCR_Anomaly_insectEPG4_1300_65 chronos_base_resid       default  vus=0.01165 affil=0.70188 (0.3s)
[ucr] 176_UCR_Anomaly_insectEPG4_1300_65 chronos_base_quantile    default  vus=0.01102 affil=0.85616 (0.3s)
[ucr] 176_UCR_Anomaly_insectEPG4_1300_65 timesfm_resid            default  vus=0.01269 affil=0.69376 (4.1s)
[ucr] 176_UCR_Anomaly_insectEPG4_1300_65 timesfm_quantile         default  vus=0.00944 affil=0.65857 (4.1s)
[ucr] 177_UCR_Anomaly_insectEPG5_3200_85 chronos_small_resid      default  vus=0.00087 affil=0.8524 (0.2s)
[ucr] 177_UCR_Anomaly_insectEPG5_3200_85 chronos_small_quantile   default  vus=0.0007 affil=0.83144 (0.2s)
[ucr] 177_UCR_Anomaly_insectEPG5_3200_85 chronos_base_resid       default  vus=0.00045 affil=0.94944 (0.2s)
[ucr] 177_UCR_Anomaly_insectEPG5_3200_85 chronos_base_quantile    default  vus=0.00057 affil=0.67463 (0.2s)
[ucr] 177_UCR_Anomaly_insectEPG5_3200_85 timesfm_resid            default  vus=0.001 affil=0.99593 (2.6s)
[ucr] 177_UCR_Anomaly_insectEPG5_3200_85 timesfm_quantile         default  vus=0.00069 affil=0.81932 (2.6s)
[ucr] 178_UCR_Anomaly_ltstdbs30791AI_175 chronos_small_resid      default  vus=0.01707 affil=0.75456 (0.5s)
[ucr] 178_UCR_Anomaly_ltstdbs30791AI_175 chronos_small_quantile   default  vus=0.0077 affil=0.69957 (0.5s)
[ucr] 178_UCR_Anomaly_ltstdbs30791AI_175 chronos_base_resid       default  vus=0.02121 affil=0.73151 (1.0s)
[ucr] 178_UCR_Anomaly_ltstdbs30791AI_175 chronos_base_quantile    default  vus=0.00838 affil=0.67523 (1.0s)
[ucr] 178_UCR_Anomaly_ltstdbs30791AI_175 timesfm_resid            default  vus=0.04446 affil=0.80047 (14.4s)
[ucr] 178_UCR_Anomaly_ltstdbs30791AI_175 timesfm_quantile         default  vus=0.01272 affil=0.67004 (14.4s)
[ucr] 179_UCR_Anomaly_ltstdbs30791AS_230 chronos_small_resid      default  vus=0.09433 affil=0.96961 (0.6s)
[ucr] 179_UCR_Anomaly_ltstdbs30791AS_230 chronos_small_quantile   default  vus=0.00903 affil=0.72069 (0.6s)
[ucr] 179_UCR_Anomaly_ltstdbs30791AS_230 chronos_base_resid       default  vus=0.09585 affil=0.99898 (0.8s)
[ucr] 179_UCR_Anomaly_ltstdbs30791AS_230 chronos_base_quantile    default  vus=0.0098 affil=0.67624 (0.8s)
[ucr] 179_UCR_Anomaly_ltstdbs30791AS_230 timesfm_resid            default  vus=0.05698 affil=0.8873 (11.4s)
[ucr] 179_UCR_Anomaly_ltstdbs30791AS_230 timesfm_quantile         default  vus=0.03073 affil=0.90687 (11.4s)
[ucr] 180_UCR_Anomaly_ltstdbs30791ES_200 chronos_small_resid      default  vus=0.01095 affil=0.82261 (0.5s)
[ucr] 180_UCR_Anomaly_ltstdbs30791ES_200 chronos_small_quantile   default  vus=0.00809 affil=0.66528 (0.5s)
[ucr] 180_UCR_Anomaly_ltstdbs30791ES_200 chronos_base_resid       default  vus=0.01156 affil=0.80107 (1.0s)
[ucr] 180_UCR_Anomaly_ltstdbs30791ES_200 chronos_base_quantile    default  vus=0.0083 affil=0.66337 (1.0s)
[ucr] 180_UCR_Anomaly_ltstdbs30791ES_200 timesfm_resid            default  vus=0.02257 affil=0.693 (11.8s)
[ucr] 180_UCR_Anomaly_ltstdbs30791ES_200 timesfm_quantile         default  vus=0.02178 affil=0.77603 (11.8s)
[ucr] 181_UCR_Anomaly_park3m_60000_72150 chronos_small_resid      default  vus=0.01434 affil=0.71383 (0.5s)
[ucr] 181_UCR_Anomaly_park3m_60000_72150 chronos_small_quantile   default  vus=0.01559 affil=0.74673 (0.5s)
[ucr] 181_UCR_Anomaly_park3m_60000_72150 chronos_base_resid       default  vus=0.0158 affil=0.73499 (0.7s)
[ucr] 181_UCR_Anomaly_park3m_60000_72150 chronos_base_quantile    default  vus=0.01497 affil=0.75705 (0.7s)
[ucr] 181_UCR_Anomaly_park3m_60000_72150 timesfm_resid            default  vus=0.02094 affil=0.72935 (10.7s)
[ucr] 181_UCR_Anomaly_park3m_60000_72150 timesfm_quantile         default  vus=0.01722 affil=0.71081 (10.7s)
[ucr] 182_UCR_Anomaly_qtdbSel1005V_4000_ chronos_small_resid      default  vus=0.01376 affil=0.65541 (0.4s)
[ucr] 182_UCR_Anomaly_qtdbSel1005V_4000_ chronos_small_quantile   default  vus=0.0169 affil=0.66596 (0.4s)
[ucr] 182_UCR_Anomaly_qtdbSel1005V_4000_ chronos_base_resid       default  vus=0.01393 affil=0.65583 (0.8s)
[ucr] 182_UCR_Anomaly_qtdbSel1005V_4000_ chronos_base_quantile    default  vus=0.0191 affil=0.80871 (0.8s)
[ucr] 182_UCR_Anomaly_qtdbSel1005V_4000_ timesfm_resid            default  vus=0.01788 affil=0.6683 (10.4s)
[ucr] 182_UCR_Anomaly_qtdbSel1005V_4000_ timesfm_quantile         default  vus=0.01887 affil=0.69002 (10.4s)
[ucr] 183_UCR_Anomaly_qtdbSel100MLII_400 chronos_small_resid      default  vus=0.01578 affil=0.67508 (0.3s)
[ucr] 183_UCR_Anomaly_qtdbSel100MLII_400 chronos_small_quantile   default  vus=0.02013 affil=0.70693 (0.3s)
[ucr] 183_UCR_Anomaly_qtdbSel100MLII_400 chronos_base_resid       default  vus=0.01573 affil=0.67404 (0.7s)
[ucr] 183_UCR_Anomaly_qtdbSel100MLII_400 chronos_base_quantile    default  vus=0.01995 affil=0.68067 (0.7s)
[ucr] 183_UCR_Anomaly_qtdbSel100MLII_400 timesfm_resid            default  vus=0.02227 affil=0.68002 (9.3s)
[ucr] 183_UCR_Anomaly_qtdbSel100MLII_400 timesfm_quantile         default  vus=0.02453 affil=0.71453 (9.3s)
[ucr] 184_UCR_Anomaly_resperation10_4800 chronos_small_resid      default  vus=0.01178 affil=0.67663 (1.6s)
[ucr] 184_UCR_Anomaly_resperation10_4800 chronos_small_quantile   default  vus=0.00784 affil=0.66369 (1.6s)
[ucr] 184_UCR_Anomaly_resperation10_4800 chronos_base_resid       default  vus=0.00991 affil=0.6858 (3.7s)
[ucr] 184_UCR_Anomaly_resperation10_4800 chronos_base_quantile    default  vus=0.00843 affil=0.67541 (3.7s)
[ucr] 184_UCR_Anomaly_resperation10_4800 timesfm_resid            default  vus=0.03112 affil=0.67671 (52.9s)
[ucr] 184_UCR_Anomaly_resperation10_4800 timesfm_quantile         default  vus=0.00917 affil=0.67429 (52.9s)
[ucr] 185_UCR_Anomaly_resperation11_5800 chronos_small_resid      default  vus=0.00346 affil=0.77611 (1.5s)
[ucr] 185_UCR_Anomaly_resperation11_5800 chronos_small_quantile   default  vus=0.00118 affil=0.75017 (1.5s)
[ucr] 185_UCR_Anomaly_resperation11_5800 chronos_base_resid       default  vus=0.00349 affil=0.81708 (3.1s)
[ucr] 185_UCR_Anomaly_resperation11_5800 chronos_base_quantile    default  vus=0.00336 affil=0.65152 (3.1s)
[ucr] 185_UCR_Anomaly_resperation11_5800 timesfm_resid            default  vus=0.0318 affil=0.7562 (46.1s)
[ucr] 185_UCR_Anomaly_resperation11_5800 timesfm_quantile         default  vus=0.00032 affil=0.71728 (46.1s)
[ucr] 186_UCR_Anomaly_resperation1_10000 chronos_small_resid      default  vus=0.00213 affil=0.67019 (1.1s)
[ucr] 186_UCR_Anomaly_resperation1_10000 chronos_small_quantile   default  vus=0.00216 affil=0.89865 (1.1s)
[ucr] 186_UCR_Anomaly_resperation1_10000 chronos_base_resid       default  vus=0.00159 affil=0.67396 (2.5s)
[ucr] 186_UCR_Anomaly_resperation1_10000 chronos_base_quantile    default  vus=0.00218 affil=0.6437 (2.5s)
[ucr] 186_UCR_Anomaly_resperation1_10000 timesfm_resid            default  vus=0.00428 affil=0.83471 (33.2s)
[ucr] 186_UCR_Anomaly_resperation1_10000 timesfm_quantile         default  vus=0.00317 affil=0.78339 (33.2s)
[ucr] 187_UCR_Anomaly_resperation2_30000 chronos_small_resid      default  vus=1e-05 affil=0.66885 (1.8s)
[ucr] 187_UCR_Anomaly_resperation2_30000 chronos_small_quantile   default  vus=2e-05 affil=0.67412 (1.8s)
[ucr] 187_UCR_Anomaly_resperation2_30000 chronos_base_resid       default  vus=1e-05 affil=0.72834 (3.4s)
[ucr] 187_UCR_Anomaly_resperation2_30000 chronos_base_quantile    default  vus=2e-05 affil=0.71979 (3.4s)
[ucr] 187_UCR_Anomaly_resperation2_30000 timesfm_resid            default  vus=1e-05 affil=0.61007 (56.4s)
[ucr] 187_UCR_Anomaly_resperation2_30000 timesfm_quantile         default  vus=2e-05 affil=0.6656 (56.4s)
[ucr] 188_UCR_Anomaly_resperation2_30000 chronos_small_resid      default  vus=2e-05 affil=0.66824 (2.3s)
[ucr] 188_UCR_Anomaly_resperation2_30000 chronos_small_quantile   default  vus=2e-05 affil=0.67032 (2.3s)
[ucr] 188_UCR_Anomaly_resperation2_30000 chronos_base_resid       default  vus=2e-05 affil=0.7271 (3.9s)
[ucr] 188_UCR_Anomaly_resperation2_30000 chronos_base_quantile    default  vus=2e-05 affil=0.7132 (3.9s)
[ucr] 188_UCR_Anomaly_resperation2_30000 timesfm_resid            default  vus=2e-05 affil=0.61269 (54.4s)
[ucr] 188_UCR_Anomaly_resperation2_30000 timesfm_quantile         default  vus=2e-05 affil=0.66773 (54.4s)
[ucr] 189_UCR_Anomaly_resperation3_45000 chronos_small_resid      default  vus=2e-05 affil=0.6819 (1.6s)
[ucr] 189_UCR_Anomaly_resperation3_45000 chronos_small_quantile   default  vus=3e-05 affil=0.67162 (1.6s)
[ucr] 189_UCR_Anomaly_resperation3_45000 chronos_base_resid       default  vus=2e-05 affil=0.71889 (4.0s)
[ucr] 189_UCR_Anomaly_resperation3_45000 chronos_base_quantile    default  vus=3e-05 affil=0.73105 (4.0s)
[ucr] 189_UCR_Anomaly_resperation3_45000 timesfm_resid            default  vus=2e-05 affil=0.61606 (58.5s)
[ucr] 189_UCR_Anomaly_resperation3_45000 timesfm_quantile         default  vus=3e-05 affil=0.66346 (58.5s)
[ucr] 190_UCR_Anomaly_resperation4_70000 chronos_small_resid      default  vus=4e-05 affil=0.73428 (1.5s)
[ucr] 190_UCR_Anomaly_resperation4_70000 chronos_small_quantile   default  vus=3e-05 affil=0.70064 (1.5s)
[ucr] 190_UCR_Anomaly_resperation4_70000 chronos_base_resid       default  vus=2e-05 affil=0.68182 (3.0s)
[ucr] 190_UCR_Anomaly_resperation4_70000 chronos_base_quantile    default  vus=3e-05 affil=0.75764 (3.0s)
[ucr] 190_UCR_Anomaly_resperation4_70000 timesfm_resid            default  vus=2e-05 affil=0.74707 (44.1s)
[ucr] 190_UCR_Anomaly_resperation4_70000 timesfm_quantile         default  vus=3e-05 affil=0.7332 (44.1s)
[ucr] 191_UCR_Anomaly_resperation9_38000 chronos_small_resid      default  vus=0.001 affil=0.70493 (2.0s)
[ucr] 191_UCR_Anomaly_resperation9_38000 chronos_small_quantile   default  vus=0.00091 affil=0.66876 (2.0s)
[ucr] 191_UCR_Anomaly_resperation9_38000 chronos_base_resid       default  vus=0.00105 affil=0.80212 (3.7s)
[ucr] 191_UCR_Anomaly_resperation9_38000 chronos_base_quantile    default  vus=0.00089 affil=0.69218 (3.7s)
[ucr] 191_UCR_Anomaly_resperation9_38000 timesfm_resid            default  vus=0.00136 affil=0.62413 (53.1s)
[ucr] 191_UCR_Anomaly_resperation9_38000 timesfm_quantile         default  vus=0.001 affil=0.66312 (53.1s)
[ucr] 192_UCR_Anomaly_s20101mML2_12000_3 chronos_small_resid      default  vus=0.01753 affil=0.68405 (0.3s)
[ucr] 192_UCR_Anomaly_s20101mML2_12000_3 chronos_small_quantile   default  vus=0.00986 affil=0.66501 (0.3s)
[ucr] 192_UCR_Anomaly_s20101mML2_12000_3 chronos_base_resid       default  vus=0.01618 affil=0.68545 (0.7s)
[ucr] 192_UCR_Anomaly_s20101mML2_12000_3 chronos_base_quantile    default  vus=0.01625 affil=0.67891 (0.7s)
[ucr] 192_UCR_Anomaly_s20101mML2_12000_3 timesfm_resid            default  vus=0.03064 affil=0.69263 (9.2s)
[ucr] 192_UCR_Anomaly_s20101mML2_12000_3 timesfm_quantile         default  vus=0.06704 affil=0.91762 (9.2s)
[ucr] 193_UCR_Anomaly_s20101m_10000_3577 chronos_small_resid      default  vus=0.00567 affil=0.67458 (0.3s)
[ucr] 193_UCR_Anomaly_s20101m_10000_3577 chronos_small_quantile   default  vus=0.0057 affil=0.64169 (0.3s)
[ucr] 193_UCR_Anomaly_s20101m_10000_3577 chronos_base_resid       default  vus=0.00666 affil=0.67971 (0.7s)
[ucr] 193_UCR_Anomaly_s20101m_10000_3577 chronos_base_quantile    default  vus=0.01407 affil=0.83405 (0.7s)
[ucr] 193_UCR_Anomaly_s20101m_10000_3577 timesfm_resid            default  vus=0.009 affil=0.65165 (11.1s)
[ucr] 193_UCR_Anomaly_s20101m_10000_3577 timesfm_quantile         default  vus=0.02005 affil=0.67334 (11.1s)
[ucr] 194_UCR_Anomaly_sddb49_20000_67950 chronos_small_resid      default  vus=0.01399 affil=0.83921 (0.7s)
[ucr] 194_UCR_Anomaly_sddb49_20000_67950 chronos_small_quantile   default  vus=0.00806 affil=0.74518 (0.7s)
[ucr] 194_UCR_Anomaly_sddb49_20000_67950 chronos_base_resid       default  vus=0.02487 affil=0.82303 (1.4s)
[ucr] 194_UCR_Anomaly_sddb49_20000_67950 chronos_base_quantile    default  vus=0.01171 affil=0.68133 (1.4s)
[ucr] 194_UCR_Anomaly_sddb49_20000_67950 timesfm_resid            default  vus=0.0369 affil=0.77422 (21.5s)
[ucr] 194_UCR_Anomaly_sddb49_20000_67950 timesfm_quantile         default  vus=0.03193 affil=0.67785 (21.5s)
[ucr] 195_UCR_Anomaly_sel840mECG1_17000_ chronos_small_resid      default  vus=0.01666 affil=0.82337 (0.5s)
[ucr] 195_UCR_Anomaly_sel840mECG1_17000_ chronos_small_quantile   default  vus=0.0105 affil=0.84389 (0.5s)
[ucr] 195_UCR_Anomaly_sel840mECG1_17000_ chronos_base_resid       default  vus=0.03 affil=0.82095 (1.0s)
[ucr] 195_UCR_Anomaly_sel840mECG1_17000_ chronos_base_quantile    default  vus=0.01089 affil=0.82896 (1.0s)
[ucr] 195_UCR_Anomaly_sel840mECG1_17000_ timesfm_resid            default  vus=0.01759 affil=0.78425 (16.1s)
[ucr] 195_UCR_Anomaly_sel840mECG1_17000_ timesfm_quantile         default  vus=0.01495 affil=0.71683 (16.1s)
[ucr] 196_UCR_Anomaly_sel840mECG2_20000_ chronos_small_resid      default  vus=0.01601 affil=0.6758 (0.7s)
[ucr] 196_UCR_Anomaly_sel840mECG2_20000_ chronos_small_quantile   default  vus=0.01228 affil=0.76803 (0.7s)
[ucr] 196_UCR_Anomaly_sel840mECG2_20000_ chronos_base_resid       default  vus=0.0157 affil=0.68449 (1.0s)
[ucr] 196_UCR_Anomaly_sel840mECG2_20000_ chronos_base_quantile    default  vus=0.01224 affil=0.80608 (1.0s)
[ucr] 196_UCR_Anomaly_sel840mECG2_20000_ timesfm_resid            default  vus=0.02203 affil=0.67173 (13.6s)
[ucr] 196_UCR_Anomaly_sel840mECG2_20000_ timesfm_quantile         default  vus=0.01559 affil=0.65982 (13.6s)
[ucr] 197_UCR_Anomaly_tiltAPB1_100000_11 chronos_small_resid      default  vus=0.00739 affil=0.68116 (0.3s)
[ucr] 197_UCR_Anomaly_tiltAPB1_100000_11 chronos_small_quantile   default  vus=0.07115 affil=0.99968 (0.3s)
[ucr] 197_UCR_Anomaly_tiltAPB1_100000_11 chronos_base_resid       default  vus=0.027 affil=0.70561 (0.7s)
[ucr] 197_UCR_Anomaly_tiltAPB1_100000_11 chronos_base_quantile    default  vus=0.07745 affil=0.93594 (0.7s)
[ucr] 197_UCR_Anomaly_tiltAPB1_100000_11 timesfm_resid            default  vus=0.02247 affil=0.65309 (10.3s)
[ucr] 197_UCR_Anomaly_tiltAPB1_100000_11 timesfm_quantile         default  vus=0.02741 affil=0.67577 (10.3s)
[ucr] 198_UCR_Anomaly_tiltAPB2_50000_124 chronos_small_resid      default  vus=0.01298 affil=0.71497 (0.8s)
[ucr] 198_UCR_Anomaly_tiltAPB2_50000_124 chronos_small_quantile   default  vus=0.01226 affil=0.78682 (0.8s)
[ucr] 198_UCR_Anomaly_tiltAPB2_50000_124 chronos_base_resid       default  vus=0.01326 affil=0.65643 (2.3s)
[ucr] 198_UCR_Anomaly_tiltAPB2_50000_124 chronos_base_quantile    default  vus=0.01157 affil=0.76408 (2.3s)
[ucr] 198_UCR_Anomaly_tiltAPB2_50000_124 timesfm_resid            default  vus=0.01771 affil=0.65221 (28.6s)
[ucr] 198_UCR_Anomaly_tiltAPB2_50000_124 timesfm_quantile         default  vus=0.01297 affil=0.74851 (28.6s)
[ucr] 199_UCR_Anomaly_tiltAPB3_40000_114 chronos_small_resid      default  vus=0.00547 affil=0.72881 (1.4s)
[ucr] 199_UCR_Anomaly_tiltAPB3_40000_114 chronos_small_quantile   default  vus=0.00521 affil=0.78452 (1.4s)
[ucr] 199_UCR_Anomaly_tiltAPB3_40000_114 chronos_base_resid       default  vus=0.00448 affil=0.6684 (2.1s)
[ucr] 199_UCR_Anomaly_tiltAPB3_40000_114 chronos_base_quantile    default  vus=0.00554 affil=0.76935 (2.1s)
[ucr] 199_UCR_Anomaly_tiltAPB3_40000_114 timesfm_resid            default  vus=0.00521 affil=0.64356 (30.3s)
[ucr] 199_UCR_Anomaly_tiltAPB3_40000_114 timesfm_quantile         default  vus=0.00688 affil=0.68632 (30.3s)
[ucr] 200_UCR_Anomaly_tiltAPB4_20000_679 chronos_small_resid      default  vus=0.00137 affil=0.76872 (1.2s)
[ucr] 200_UCR_Anomaly_tiltAPB4_20000_679 chronos_small_quantile   default  vus=0.00022 affil=0.75302 (1.2s)
[ucr] 200_UCR_Anomaly_tiltAPB4_20000_679 chronos_base_resid       default  vus=0.00109 affil=0.76883 (2.6s)
[ucr] 200_UCR_Anomaly_tiltAPB4_20000_679 chronos_base_quantile    default  vus=0.00022 affil=0.75769 (2.6s)
[ucr] 200_UCR_Anomaly_tiltAPB4_20000_679 timesfm_resid            default  vus=0.00051 affil=0.80361 (37.0s)
[ucr] 200_UCR_Anomaly_tiltAPB4_20000_679 timesfm_quantile         default  vus=0.00032 affil=0.7425 (37.0s)
[ucr] 201_UCR_Anomaly_CHARISfive_10000_1 chronos_small_resid      default  vus=0.00146 affil=0.71504 (0.4s)
[ucr] 201_UCR_Anomaly_CHARISfive_10000_1 chronos_small_quantile   default  vus=0.00198 affil=0.80756 (0.4s)
[ucr] 201_UCR_Anomaly_CHARISfive_10000_1 chronos_base_resid       default  vus=0.00236 affil=0.70888 (0.8s)
[ucr] 201_UCR_Anomaly_CHARISfive_10000_1 chronos_base_quantile    default  vus=0.00157 affil=0.65456 (0.8s)
[ucr] 201_UCR_Anomaly_CHARISfive_10000_1 timesfm_resid            default  vus=0.0034 affil=0.76325 (10.2s)
[ucr] 201_UCR_Anomaly_CHARISfive_10000_1 timesfm_quantile         default  vus=0.00096 affil=0.61584 (10.2s)
[ucr] 202_UCR_Anomaly_CHARISfive_10411_1 chronos_small_resid      default  vus=0.00485 affil=0.72171 (0.4s)
[ucr] 202_UCR_Anomaly_CHARISfive_10411_1 chronos_small_quantile   default  vus=0.01494 affil=0.68777 (0.4s)
[ucr] 202_UCR_Anomaly_CHARISfive_10411_1 chronos_base_resid       default  vus=0.00603 affil=0.74795 (0.8s)
[ucr] 202_UCR_Anomaly_CHARISfive_10411_1 chronos_base_quantile    default  vus=0.01043 affil=0.67401 (0.8s)
[ucr] 202_UCR_Anomaly_CHARISfive_10411_1 timesfm_resid            default  vus=0.00792 affil=0.72296 (10.7s)
[ucr] 202_UCR_Anomaly_CHARISfive_10411_1 timesfm_quantile         default  vus=0.00644 affil=0.6825 (10.7s)
[ucr] 203_UCR_Anomaly_CHARISfive_10500_1 chronos_small_resid      default  vus=0.00276 affil=0.77323 (0.3s)
[ucr] 203_UCR_Anomaly_CHARISfive_10500_1 chronos_small_quantile   default  vus=0.00205 affil=0.68515 (0.3s)
[ucr] 203_UCR_Anomaly_CHARISfive_10500_1 chronos_base_resid       default  vus=0.00267 affil=0.73432 (0.7s)
[ucr] 203_UCR_Anomaly_CHARISfive_10500_1 chronos_base_quantile    default  vus=0.0018 affil=0.66066 (0.7s)
[ucr] 203_UCR_Anomaly_CHARISfive_10500_1 timesfm_resid            default  vus=0.00281 affil=0.89847 (11.5s)
[ucr] 203_UCR_Anomaly_CHARISfive_10500_1 timesfm_quantile         default  vus=0.00256 affil=0.66606 (11.5s)
[ucr] 204_UCR_Anomaly_CHARISfive_12412_1 chronos_small_resid      default  vus=0.05062 affil=0.90207 (0.3s)
[ucr] 204_UCR_Anomaly_CHARISfive_12412_1 chronos_small_quantile   default  vus=0.02884 affil=0.72215 (0.3s)
[ucr] 204_UCR_Anomaly_CHARISfive_12412_1 chronos_base_resid       default  vus=0.05083 affil=0.8946 (0.6s)
[ucr] 204_UCR_Anomaly_CHARISfive_12412_1 chronos_base_quantile    default  vus=0.06297 affil=0.82759 (0.6s)
[ucr] 204_UCR_Anomaly_CHARISfive_12412_1 timesfm_resid            default  vus=0.09229 affil=0.91392 (13.8s)
[ucr] 204_UCR_Anomaly_CHARISfive_12412_1 timesfm_quantile         default  vus=0.05141 affil=0.74719 (13.8s)
[ucr] 205_UCR_Anomaly_CHARISfive_9812_28 chronos_small_resid      default  vus=0.00303 affil=0.81851 (0.5s)
[ucr] 205_UCR_Anomaly_CHARISfive_9812_28 chronos_small_quantile   default  vus=0.00502 affil=0.90715 (0.5s)
[ucr] 205_UCR_Anomaly_CHARISfive_9812_28 chronos_base_resid       default  vus=0.0034 affil=0.66276 (0.7s)
[ucr] 205_UCR_Anomaly_CHARISfive_9812_28 chronos_base_quantile    default  vus=0.00483 affil=0.89327 (0.7s)
[ucr] 205_UCR_Anomaly_CHARISfive_9812_28 timesfm_resid            default  vus=0.00389 affil=0.69037 (13.8s)
[ucr] 205_UCR_Anomaly_CHARISfive_9812_28 timesfm_quantile         default  vus=0.00469 affil=0.69096 (13.8s)
[ucr] 206_UCR_Anomaly_CHARISten_25130_29 chronos_small_resid      default  vus=0.0061 affil=0.71718 (0.3s)
[ucr] 206_UCR_Anomaly_CHARISten_25130_29 chronos_small_quantile   default  vus=0.00601 affil=0.74535 (0.3s)
[ucr] 206_UCR_Anomaly_CHARISten_25130_29 chronos_base_resid       default  vus=0.00752 affil=0.73271 (0.6s)
[ucr] 206_UCR_Anomaly_CHARISten_25130_29 chronos_base_quantile    default  vus=0.01092 affil=0.78901 (0.6s)
[ucr] 206_UCR_Anomaly_CHARISten_25130_29 timesfm_resid            default  vus=0.03284 affil=0.77292 (8.0s)
[ucr] 206_UCR_Anomaly_CHARISten_25130_29 timesfm_quantile         default  vus=0.0511 affil=0.73049 (8.0s)
[ucr] 207_UCR_Anomaly_CHARISten_3165_269 chronos_small_resid      default  vus=0.00321 affil=0.78163 (0.5s)
[ucr] 207_UCR_Anomaly_CHARISten_3165_269 chronos_small_quantile   default  vus=0.00276 affil=0.72209 (0.5s)
[ucr] 207_UCR_Anomaly_CHARISten_3165_269 chronos_base_resid       default  vus=0.00308 affil=0.70106 (1.0s)
[ucr] 207_UCR_Anomaly_CHARISten_3165_269 chronos_base_quantile    default  vus=0.00266 affil=0.70369 (1.0s)
[ucr] 207_UCR_Anomaly_CHARISten_3165_269 timesfm_resid            default  vus=0.04229 affil=0.99841 (14.4s)
[ucr] 207_UCR_Anomaly_CHARISten_3165_269 timesfm_quantile         default  vus=0.0405 affil=0.99866 (14.4s)
[ucr] 208_UCR_Anomaly_CHARISten_5130_279 chronos_small_resid      default  vus=0.00263 affil=0.75355 (0.8s)
[ucr] 208_UCR_Anomaly_CHARISten_5130_279 chronos_small_quantile   default  vus=0.0026 affil=0.72426 (0.8s)
[ucr] 208_UCR_Anomaly_CHARISten_5130_279 chronos_base_resid       default  vus=0.00259 affil=0.69983 (1.0s)
[ucr] 208_UCR_Anomaly_CHARISten_5130_279 chronos_base_quantile    default  vus=0.00265 affil=0.69987 (1.0s)
[ucr] 208_UCR_Anomaly_CHARISten_5130_279 timesfm_resid            default  vus=0.00406 affil=0.68051 (11.6s)
[ucr] 208_UCR_Anomaly_CHARISten_5130_279 timesfm_quantile         default  vus=0.01502 affil=0.77628 (11.6s)
[ucr] 209_UCR_Anomaly_Fantasia_19000_269 chronos_small_resid      default  vus=0.00781 affil=0.68334 (0.8s)
[ucr] 209_UCR_Anomaly_Fantasia_19000_269 chronos_small_quantile   default  vus=0.00553 affil=0.67093 (0.8s)
[ucr] 209_UCR_Anomaly_Fantasia_19000_269 chronos_base_resid       default  vus=0.0075 affil=0.68451 (1.7s)
[ucr] 209_UCR_Anomaly_Fantasia_19000_269 chronos_base_quantile    default  vus=0.0057 affil=0.6751 (1.7s)
[ucr] 209_UCR_Anomaly_Fantasia_19000_269 timesfm_resid            default  vus=0.00981 affil=0.69872 (23.6s)
[ucr] 209_UCR_Anomaly_Fantasia_19000_269 timesfm_quantile         default  vus=0.00568 affil=0.67637 (23.6s)
[ucr] 210_UCR_Anomaly_Italianpowerdemand chronos_small_resid      default  vus=0.00124 affil=0.66724 (1.0s)
[ucr] 210_UCR_Anomaly_Italianpowerdemand chronos_small_quantile   default  vus=0.00169 affil=0.71933 (1.0s)
[ucr] 210_UCR_Anomaly_Italianpowerdemand chronos_base_resid       default  vus=0.00122 affil=0.67139 (2.0s)
[ucr] 210_UCR_Anomaly_Italianpowerdemand chronos_base_quantile    default  vus=0.00168 affil=0.70196 (2.0s)
[ucr] 210_UCR_Anomaly_Italianpowerdemand timesfm_resid            default  vus=0.00118 affil=0.67342 (30.6s)
[ucr] 210_UCR_Anomaly_Italianpowerdemand timesfm_quantile         default  vus=0.00164 affil=0.69368 (30.6s)
[ucr] 211_UCR_Anomaly_Italianpowerdemand chronos_small_resid      default  vus=0.00186 affil=0.73222 (1.1s)
[ucr] 211_UCR_Anomaly_Italianpowerdemand chronos_small_quantile   default  vus=0.0018 affil=0.70128 (1.1s)
[ucr] 211_UCR_Anomaly_Italianpowerdemand chronos_base_resid       default  vus=0.00171 affil=0.69928 (2.0s)
[ucr] 211_UCR_Anomaly_Italianpowerdemand chronos_base_quantile    default  vus=0.0019 affil=0.67743 (2.0s)
[ucr] 211_UCR_Anomaly_Italianpowerdemand timesfm_resid            default  vus=0.00128 affil=0.79338 (27.9s)
[ucr] 211_UCR_Anomaly_Italianpowerdemand timesfm_quantile         default  vus=0.00166 affil=0.72783 (27.9s)
[ucr] 212_UCR_Anomaly_Italianpowerdemand chronos_small_resid      default  vus=0.00713 affil=0.7169 (0.3s)
[ucr] 212_UCR_Anomaly_Italianpowerdemand chronos_small_quantile   default  vus=0.01049 affil=0.66162 (0.3s)
[ucr] 212_UCR_Anomaly_Italianpowerdemand chronos_base_resid       default  vus=0.00722 affil=0.68379 (0.6s)
[ucr] 212_UCR_Anomaly_Italianpowerdemand chronos_base_quantile    default  vus=0.01551 affil=0.66509 (0.6s)
[ucr] 212_UCR_Anomaly_Italianpowerdemand timesfm_resid            default  vus=0.00399 affil=0.68435 (7.9s)
[ucr] 212_UCR_Anomaly_Italianpowerdemand timesfm_quantile         default  vus=0.01735 affil=0.73773 (7.9s)
[ucr] 213_UCR_Anomaly_STAFFIIIDatabase_3 chronos_small_resid      default  vus=0.00673 affil=0.68097 (3.0s)
[ucr] 213_UCR_Anomaly_STAFFIIIDatabase_3 chronos_small_quantile   default  vus=0.00231 affil=0.74393 (3.0s)
[ucr] 213_UCR_Anomaly_STAFFIIIDatabase_3 chronos_base_resid       default  vus=0.00854 affil=0.80142 (5.8s)
[ucr] 213_UCR_Anomaly_STAFFIIIDatabase_3 chronos_base_quantile    default  vus=0.00232 affil=0.7623 (5.8s)
[ucr] 213_UCR_Anomaly_STAFFIIIDatabase_3 timesfm_resid            default  vus=0.00449 affil=0.68841 (98.5s)
[ucr] 213_UCR_Anomaly_STAFFIIIDatabase_3 timesfm_quantile         default  vus=0.0025 affil=0.70739 (98.5s)
[ucr] 214_UCR_Anomaly_STAFFIIIDatabase_3 chronos_small_resid      default  vus=0.00294 affil=0.67874 (2.9s)
[ucr] 214_UCR_Anomaly_STAFFIIIDatabase_3 chronos_small_quantile   default  vus=0.00328 affil=0.68107 (2.9s)
[ucr] 214_UCR_Anomaly_STAFFIIIDatabase_3 chronos_base_resid       default  vus=0.00364 affil=0.67625 (6.6s)
[ucr] 214_UCR_Anomaly_STAFFIIIDatabase_3 chronos_base_quantile    default  vus=0.00325 affil=0.68207 (6.6s)
[ucr] 214_UCR_Anomaly_STAFFIIIDatabase_3 timesfm_resid            default  vus=0.00428 affil=0.7359 (86.3s)
[ucr] 214_UCR_Anomaly_STAFFIIIDatabase_3 timesfm_quantile         default  vus=0.00379 affil=0.68917 (86.3s)
[ucr] 215_UCR_Anomaly_STAFFIIIDatabase_3 chronos_small_resid      default  vus=0.00276 affil=0.6669 (2.9s)
[ucr] 215_UCR_Anomaly_STAFFIIIDatabase_3 chronos_small_quantile   default  vus=0.00305 affil=0.79595 (2.9s)
[ucr] 215_UCR_Anomaly_STAFFIIIDatabase_3 chronos_base_resid       default  vus=0.00283 affil=0.6655 (6.1s)
[ucr] 215_UCR_Anomaly_STAFFIIIDatabase_3 chronos_base_quantile    default  vus=0.00325 affil=0.82176 (6.1s)
[ucr] 215_UCR_Anomaly_STAFFIIIDatabase_3 timesfm_resid            default  vus=0.00318 affil=0.66375 (104.2s)
[ucr] 215_UCR_Anomaly_STAFFIIIDatabase_3 timesfm_quantile         default  vus=0.00343 affil=0.76066 (104.2s)
[ucr] 216_UCR_Anomaly_STAFFIIIDatabase_3 chronos_small_resid      default  vus=0.00478 affil=0.66539 (2.9s)
[ucr] 216_UCR_Anomaly_STAFFIIIDatabase_3 chronos_small_quantile   default  vus=0.00373 affil=0.73427 (2.9s)
[ucr] 216_UCR_Anomaly_STAFFIIIDatabase_3 chronos_base_resid       default  vus=0.00321 affil=0.67738 (6.3s)
[ucr] 216_UCR_Anomaly_STAFFIIIDatabase_3 chronos_base_quantile    default  vus=0.00347 affil=0.71851 (6.3s)
[ucr] 216_UCR_Anomaly_STAFFIIIDatabase_3 timesfm_resid            default  vus=0.00381 affil=0.67387 (88.1s)
[ucr] 216_UCR_Anomaly_STAFFIIIDatabase_3 timesfm_quantile         default  vus=0.00359 affil=0.67724 (88.1s)
[ucr] 217_UCR_Anomaly_STAFFIIIDatabase_3 chronos_small_resid      default  vus=0.00259 affil=0.81009 (2.7s)
[ucr] 217_UCR_Anomaly_STAFFIIIDatabase_3 chronos_small_quantile   default  vus=0.00288 affil=0.70049 (2.7s)
[ucr] 217_UCR_Anomaly_STAFFIIIDatabase_3 chronos_base_resid       default  vus=0.0025 affil=0.92296 (5.3s)
[ucr] 217_UCR_Anomaly_STAFFIIIDatabase_3 chronos_base_quantile    default  vus=0.00291 affil=0.66381 (5.3s)
[ucr] 217_UCR_Anomaly_STAFFIIIDatabase_3 timesfm_resid            default  vus=0.00274 affil=0.67858 (113.2s)
[ucr] 217_UCR_Anomaly_STAFFIIIDatabase_3 timesfm_quantile         default  vus=0.00266 affil=0.65923 (113.2s)
[ucr] 218_UCR_Anomaly_STAFFIIIDatabase_4 chronos_small_resid      default  vus=0.00326 affil=0.67021 (2.8s)
[ucr] 218_UCR_Anomaly_STAFFIIIDatabase_4 chronos_small_quantile   default  vus=0.00318 affil=0.67275 (2.8s)
[ucr] 218_UCR_Anomaly_STAFFIIIDatabase_4 chronos_base_resid       default  vus=0.00298 affil=0.67208 (6.0s)
[ucr] 218_UCR_Anomaly_STAFFIIIDatabase_4 chronos_base_quantile    default  vus=0.00314 affil=0.6758 (6.0s)
[ucr] 218_UCR_Anomaly_STAFFIIIDatabase_4 timesfm_resid            default  vus=0.00326 affil=0.67875 (86.3s)
[ucr] 218_UCR_Anomaly_STAFFIIIDatabase_4 timesfm_quantile         default  vus=0.00369 affil=0.67558 (86.3s)
[ucr] 219_UCR_Anomaly_STAFFIIIDatabase_4 chronos_small_resid      default  vus=0.00265 affil=0.79556 (2.8s)
[ucr] 219_UCR_Anomaly_STAFFIIIDatabase_4 chronos_small_quantile   default  vus=0.00167 affil=0.89543 (2.8s)
[ucr] 219_UCR_Anomaly_STAFFIIIDatabase_4 chronos_base_resid       default  vus=0.00375 affil=0.82179 (4.8s)
[ucr] 219_UCR_Anomaly_STAFFIIIDatabase_4 chronos_base_quantile    default  vus=0.0017 affil=0.89214 (4.8s)
[ucr] 219_UCR_Anomaly_STAFFIIIDatabase_4 timesfm_resid            default  vus=0.00161 affil=0.77612 (103.7s)
[ucr] 219_UCR_Anomaly_STAFFIIIDatabase_4 timesfm_quantile         default  vus=0.00175 affil=0.87183 (103.7s)
[ucr] 220_UCR_Anomaly_STAFFIIIDatabase_4 chronos_small_resid      default  vus=0.00341 affil=0.67971 (3.2s)
[ucr] 220_UCR_Anomaly_STAFFIIIDatabase_4 chronos_small_quantile   default  vus=0.00281 affil=0.67054 (3.2s)
[ucr] 220_UCR_Anomaly_STAFFIIIDatabase_4 chronos_base_resid       default  vus=0.00337 affil=0.67253 (6.3s)
[ucr] 220_UCR_Anomaly_STAFFIIIDatabase_4 chronos_base_quantile    default  vus=0.00273 affil=0.67149 (6.3s)
[ucr] 220_UCR_Anomaly_STAFFIIIDatabase_4 timesfm_resid            default  vus=0.00396 affil=0.68656 (83.9s)
[ucr] 220_UCR_Anomaly_STAFFIIIDatabase_4 timesfm_quantile         default  vus=0.00281 affil=0.68013 (83.9s)
[ucr] 221_UCR_Anomaly_STAFFIIIDatabase_4 chronos_small_resid      default  vus=0.00426 affil=0.74596 (2.9s)
[ucr] 221_UCR_Anomaly_STAFFIIIDatabase_4 chronos_small_quantile   default  vus=0.00568 affil=0.68027 (2.9s)
[ucr] 221_UCR_Anomaly_STAFFIIIDatabase_4 chronos_base_resid       default  vus=0.00426 affil=0.67304 (5.1s)
[ucr] 221_UCR_Anomaly_STAFFIIIDatabase_4 chronos_base_quantile    default  vus=0.00545 affil=0.68014 (5.1s)
[ucr] 221_UCR_Anomaly_STAFFIIIDatabase_4 timesfm_resid            default  vus=0.00497 affil=0.82746 (100.6s)
[ucr] 221_UCR_Anomaly_STAFFIIIDatabase_4 timesfm_quantile         default  vus=0.00494 affil=0.67971 (100.6s)
[ucr] 222_UCR_Anomaly_mit14046longtermec chronos_small_resid      default  vus=0.00483 affil=0.89247 (1.8s)
[ucr] 222_UCR_Anomaly_mit14046longtermec chronos_small_quantile   default  vus=0.00367 affil=0.70138 (1.8s)
[ucr] 222_UCR_Anomaly_mit14046longtermec chronos_base_resid       default  vus=0.00582 affil=0.84137 (3.7s)
[ucr] 222_UCR_Anomaly_mit14046longtermec chronos_base_quantile    default  vus=0.00372 affil=0.72061 (3.7s)
[ucr] 222_UCR_Anomaly_mit14046longtermec timesfm_resid            default  vus=0.00602 affil=0.71679 (51.2s)
[ucr] 222_UCR_Anomaly_mit14046longtermec timesfm_quantile         default  vus=0.00379 affil=0.68106 (51.2s)
[ucr] 223_UCR_Anomaly_mit14046longtermec chronos_small_resid      default  vus=0.00423 affil=0.63608 (1.1s)
[ucr] 223_UCR_Anomaly_mit14046longtermec chronos_small_quantile   default  vus=0.00585 affil=0.68926 (1.1s)
[ucr] 223_UCR_Anomaly_mit14046longtermec chronos_base_resid       default  vus=0.00406 affil=0.63306 (2.2s)
[ucr] 223_UCR_Anomaly_mit14046longtermec chronos_base_quantile    default  vus=0.00591 affil=0.6608 (2.2s)
[ucr] 223_UCR_Anomaly_mit14046longtermec timesfm_resid            default  vus=0.00458 affil=0.62375 (34.7s)
[ucr] 223_UCR_Anomaly_mit14046longtermec timesfm_quantile         default  vus=0.00573 affil=0.67013 (34.7s)
[ucr] 224_UCR_Anomaly_mit14046longtermec chronos_small_resid      default  vus=0.0042 affil=0.67503 (1.8s)
[ucr] 224_UCR_Anomaly_mit14046longtermec chronos_small_quantile   default  vus=0.00564 affil=0.79733 (1.8s)
[ucr] 224_UCR_Anomaly_mit14046longtermec chronos_base_resid       default  vus=0.00416 affil=0.71241 (2.5s)
[ucr] 224_UCR_Anomaly_mit14046longtermec chronos_base_quantile    default  vus=0.00587 affil=0.68268 (2.5s)
[ucr] 224_UCR_Anomaly_mit14046longtermec timesfm_resid            default  vus=0.00444 affil=0.69548 (42.0s)
[ucr] 224_UCR_Anomaly_mit14046longtermec timesfm_quantile         default  vus=0.00524 affil=0.72623 (42.0s)
[ucr] 225_UCR_Anomaly_mit14046longtermec chronos_small_resid      default  vus=0.006 affil=0.61034 (1.7s)
[ucr] 225_UCR_Anomaly_mit14046longtermec chronos_small_quantile   default  vus=0.00409 affil=0.80643 (1.7s)
[ucr] 225_UCR_Anomaly_mit14046longtermec chronos_base_resid       default  vus=0.00587 affil=0.6147 (3.2s)
[ucr] 225_UCR_Anomaly_mit14046longtermec chronos_base_quantile    default  vus=0.00415 affil=0.74977 (3.2s)
[ucr] 225_UCR_Anomaly_mit14046longtermec timesfm_resid            default  vus=0.00485 affil=0.61245 (48.9s)
[ucr] 225_UCR_Anomaly_mit14046longtermec timesfm_quantile         default  vus=0.00418 affil=0.7055 (48.9s)
[ucr] 226_UCR_Anomaly_mit14046longtermec chronos_small_resid      default  vus=0.01584 affil=0.65519 (1.0s)
[ucr] 226_UCR_Anomaly_mit14046longtermec chronos_small_quantile   default  vus=0.005 affil=0.67403 (1.0s)
[ucr] 226_UCR_Anomaly_mit14046longtermec chronos_base_resid       default  vus=0.0175 affil=0.65588 (2.3s)
[ucr] 226_UCR_Anomaly_mit14046longtermec chronos_base_quantile    default  vus=0.00516 affil=0.67652 (2.3s)
[ucr] 226_UCR_Anomaly_mit14046longtermec timesfm_resid            default  vus=0.02124 affil=0.65557 (31.3s)
[ucr] 226_UCR_Anomaly_mit14046longtermec timesfm_quantile         default  vus=0.0078 affil=0.66319 (31.3s)
[ucr] 227_UCR_Anomaly_mit14134longtermec chronos_small_resid      default  vus=0.00329 affil=0.72862 (0.7s)
[ucr] 227_UCR_Anomaly_mit14134longtermec chronos_small_quantile   default  vus=0.00317 affil=0.68957 (0.7s)
[ucr] 227_UCR_Anomaly_mit14134longtermec chronos_base_resid       default  vus=0.00358 affil=0.73654 (1.1s)
[ucr] 227_UCR_Anomaly_mit14134longtermec chronos_base_quantile    default  vus=0.00331 affil=0.75246 (1.1s)
[ucr] 227_UCR_Anomaly_mit14134longtermec timesfm_resid            default  vus=0.00365 affil=0.75858 (18.0s)
[ucr] 227_UCR_Anomaly_mit14134longtermec timesfm_quantile         default  vus=0.00429 affil=0.72845 (18.0s)
[ucr] 228_UCR_Anomaly_mit14134longtermec chronos_small_resid      default  vus=0.00168 affil=0.75361 (0.7s)
[ucr] 228_UCR_Anomaly_mit14134longtermec chronos_small_quantile   default  vus=0.001 affil=0.70431 (0.7s)
[ucr] 228_UCR_Anomaly_mit14134longtermec chronos_base_resid       default  vus=0.00246 affil=0.71273 (1.1s)
[ucr] 228_UCR_Anomaly_mit14134longtermec chronos_base_quantile    default  vus=0.0014 affil=0.6745 (1.1s)
[ucr] 228_UCR_Anomaly_mit14134longtermec timesfm_resid            default  vus=0.00209 affil=0.7377 (16.0s)
[ucr] 228_UCR_Anomaly_mit14134longtermec timesfm_quantile         default  vus=0.00106 affil=0.68041 (16.0s)
[ucr] 229_UCR_Anomaly_mit14134longtermec chronos_small_resid      default  vus=0.00187 affil=0.66376 (0.7s)
[ucr] 229_UCR_Anomaly_mit14134longtermec chronos_small_quantile   default  vus=0.00059 affil=0.68508 (0.7s)
[ucr] 229_UCR_Anomaly_mit14134longtermec chronos_base_resid       default  vus=0.0017 affil=0.66291 (1.0s)
[ucr] 229_UCR_Anomaly_mit14134longtermec chronos_base_quantile    default  vus=0.0006 affil=0.66514 (1.0s)
[ucr] 229_UCR_Anomaly_mit14134longtermec timesfm_resid            default  vus=0.00182 affil=0.66409 (14.0s)
[ucr] 229_UCR_Anomaly_mit14134longtermec timesfm_quantile         default  vus=0.00079 affil=0.69655 (14.0s)
[ucr] 230_UCR_Anomaly_mit14134longtermec chronos_small_resid      default  vus=0.00453 affil=0.72431 (0.6s)
[ucr] 230_UCR_Anomaly_mit14134longtermec chronos_small_quantile   default  vus=0.00409 affil=0.66083 (0.6s)
[ucr] 230_UCR_Anomaly_mit14134longtermec chronos_base_resid       default  vus=0.00436 affil=0.71236 (1.0s)
[ucr] 230_UCR_Anomaly_mit14134longtermec chronos_base_quantile    default  vus=0.00419 affil=0.65915 (1.0s)
[ucr] 230_UCR_Anomaly_mit14134longtermec timesfm_resid            default  vus=0.00501 affil=0.68321 (14.0s)
[ucr] 230_UCR_Anomaly_mit14134longtermec timesfm_quantile         default  vus=0.00423 affil=0.66198 (14.0s)
[ucr] 231_UCR_Anomaly_mit14134longtermec chronos_small_resid      default  vus=0.00662 affil=0.66347 (1.0s)
[ucr] 231_UCR_Anomaly_mit14134longtermec chronos_small_quantile   default  vus=0.00697 affil=0.69275 (1.0s)
[ucr] 231_UCR_Anomaly_mit14134longtermec chronos_base_resid       default  vus=0.00713 affil=0.66603 (1.4s)
[ucr] 231_UCR_Anomaly_mit14134longtermec chronos_base_quantile    default  vus=0.00702 affil=0.67267 (1.4s)
[ucr] 231_UCR_Anomaly_mit14134longtermec timesfm_resid            default  vus=0.00845 affil=0.65382 (17.4s)
[ucr] 231_UCR_Anomaly_mit14134longtermec timesfm_quantile         default  vus=0.00672 affil=0.64601 (17.4s)
[ucr] 232_UCR_Anomaly_mit14134longtermec chronos_small_resid      default  vus=0.00652 affil=0.6699 (0.9s)
[ucr] 232_UCR_Anomaly_mit14134longtermec chronos_small_quantile   default  vus=0.0076 affil=0.68677 (0.9s)
[ucr] 232_UCR_Anomaly_mit14134longtermec chronos_base_resid       default  vus=0.00648 affil=0.67305 (1.5s)
[ucr] 232_UCR_Anomaly_mit14134longtermec chronos_base_quantile    default  vus=0.00786 affil=0.67251 (1.5s)
[ucr] 232_UCR_Anomaly_mit14134longtermec timesfm_resid            default  vus=0.00736 affil=0.66588 (20.7s)
[ucr] 232_UCR_Anomaly_mit14134longtermec timesfm_quantile         default  vus=0.00823 affil=0.64915 (20.7s)
[ucr] 233_UCR_Anomaly_mit14157longtermec chronos_small_resid      default  vus=0.00027 affil=0.68092 (1.4s)
[ucr] 233_UCR_Anomaly_mit14157longtermec chronos_small_quantile   default  vus=0.00035 affil=0.72144 (1.4s)
[ucr] 233_UCR_Anomaly_mit14157longtermec chronos_base_resid       default  vus=0.00035 affil=0.67813 (2.2s)
[ucr] 233_UCR_Anomaly_mit14157longtermec chronos_base_quantile    default  vus=0.00334 affil=0.82075 (2.2s)
[ucr] 233_UCR_Anomaly_mit14157longtermec timesfm_resid            default  vus=0.00117 affil=0.79329 (32.7s)
[ucr] 233_UCR_Anomaly_mit14157longtermec timesfm_quantile         default  vus=0.00482 affil=0.84445 (32.7s)
[ucr] 234_UCR_Anomaly_mit14157longtermec chronos_small_resid      default  vus=0.00052 affil=0.64802 (1.1s)
[ucr] 234_UCR_Anomaly_mit14157longtermec chronos_small_quantile   default  vus=5e-05 affil=0.7603 (1.1s)
[ucr] 234_UCR_Anomaly_mit14157longtermec chronos_base_resid       default  vus=0.00072 affil=0.65902 (1.7s)
[ucr] 234_UCR_Anomaly_mit14157longtermec chronos_base_quantile    default  vus=0.00021 affil=0.64794 (1.7s)
[ucr] 234_UCR_Anomaly_mit14157longtermec timesfm_resid            default  vus=0.00278 affil=0.64472 (26.5s)
[ucr] 234_UCR_Anomaly_mit14157longtermec timesfm_quantile         default  vus=0.0027 affil=0.67039 (26.5s)
[ucr] 235_UCR_Anomaly_mit14157longtermec chronos_small_resid      default  vus=0.00146 affil=0.68344 (1.0s)
[ucr] 235_UCR_Anomaly_mit14157longtermec chronos_small_quantile   default  vus=0.00065 affil=0.76291 (1.0s)
[ucr] 235_UCR_Anomaly_mit14157longtermec chronos_base_resid       default  vus=0.00169 affil=0.69035 (1.7s)
[ucr] 235_UCR_Anomaly_mit14157longtermec chronos_base_quantile    default  vus=0.00078 affil=0.66378 (1.7s)
[ucr] 235_UCR_Anomaly_mit14157longtermec timesfm_resid            default  vus=0.00585 affil=0.73654 (27.6s)
[ucr] 235_UCR_Anomaly_mit14157longtermec timesfm_quantile         default  vus=0.00293 affil=0.69535 (27.6s)
[ucr] 236_UCR_Anomaly_mit14157longtermec chronos_small_resid      default  vus=0.00135 affil=0.66088 (1.1s)
[ucr] 236_UCR_Anomaly_mit14157longtermec chronos_small_quantile   default  vus=0.00097 affil=0.73042 (1.1s)
[ucr] 236_UCR_Anomaly_mit14157longtermec chronos_base_resid       default  vus=0.00144 affil=0.67008 (1.7s)
[ucr] 236_UCR_Anomaly_mit14157longtermec chronos_base_quantile    default  vus=0.00085 affil=0.64982 (1.7s)
[ucr] 236_UCR_Anomaly_mit14157longtermec timesfm_resid            default  vus=0.00162 affil=0.78669 (24.7s)
[ucr] 236_UCR_Anomaly_mit14157longtermec timesfm_quantile         default  vus=0.00169 affil=0.798 (24.7s)
[ucr] 237_UCR_Anomaly_mit14157longtermec chronos_small_resid      default  vus=0.01344 affil=0.67674 (1.0s)
[ucr] 237_UCR_Anomaly_mit14157longtermec chronos_small_quantile   default  vus=0.01101 affil=0.77678 (1.0s)
[ucr] 237_UCR_Anomaly_mit14157longtermec chronos_base_resid       default  vus=0.01626 affil=0.66595 (1.5s)
[ucr] 237_UCR_Anomaly_mit14157longtermec chronos_base_quantile    default  vus=0.01124 affil=0.77606 (1.5s)
[ucr] 237_UCR_Anomaly_mit14157longtermec timesfm_resid            default  vus=0.02489 affil=0.64174 (27.2s)
[ucr] 237_UCR_Anomaly_mit14157longtermec timesfm_quantile         default  vus=0.01536 affil=0.66367 (27.2s)
[ucr] 238_UCR_Anomaly_mit14157longtermec chronos_small_resid      default  vus=0.00694 affil=0.72518 (1.2s)
[ucr] 238_UCR_Anomaly_mit14157longtermec chronos_small_quantile   default  vus=0.00423 affil=0.67519 (1.2s)
[ucr] 238_UCR_Anomaly_mit14157longtermec chronos_base_resid       default  vus=0.00744 affil=0.76556 (1.8s)
[ucr] 238_UCR_Anomaly_mit14157longtermec chronos_base_quantile    default  vus=0.00429 affil=0.67216 (1.8s)
[ucr] 238_UCR_Anomaly_mit14157longtermec timesfm_resid            default  vus=0.00713 affil=0.77846 (26.6s)
[ucr] 238_UCR_Anomaly_mit14157longtermec timesfm_quantile         default  vus=0.00628 affil=0.70471 (26.6s)
[ucr] 239_UCR_Anomaly_taichidbS0715Maste chronos_small_resid      default  vus=0.00148 affil=0.69019 (7.7s)
[ucr] 239_UCR_Anomaly_taichidbS0715Maste chronos_small_quantile   default  vus=0.00032 affil=0.70034 (7.7s)
[ucr] 239_UCR_Anomaly_taichidbS0715Maste chronos_base_resid       default  vus=0.00112 affil=0.7394 (13.2s)
[ucr] 239_UCR_Anomaly_taichidbS0715Maste chronos_base_quantile    default  vus=0.00031 affil=0.69634 (13.2s)
[ucr] 239_UCR_Anomaly_taichidbS0715Maste timesfm_resid            default  vus=0.00784 affil=0.6679 (323.8s)
[ucr] 239_UCR_Anomaly_taichidbS0715Maste timesfm_quantile         default  vus=0.00033 affil=0.7029 (323.8s)
[ucr] 240_UCR_Anomaly_taichidbS0715Maste chronos_small_resid      default  vus=0.00068 affil=0.69127 (11.2s)
[ucr] 240_UCR_Anomaly_taichidbS0715Maste chronos_small_quantile   default  vus=0.00029 affil=0.68923 (11.2s)
[ucr] 240_UCR_Anomaly_taichidbS0715Maste chronos_base_resid       default  vus=0.00076 affil=0.67864 (14.1s)
[ucr] 240_UCR_Anomaly_taichidbS0715Maste chronos_base_quantile    default  vus=0.00032 affil=0.67852 (14.1s)
[ucr] 240_UCR_Anomaly_taichidbS0715Maste timesfm_resid            default  vus=0.00051 affil=0.67941 (301.1s)
[ucr] 240_UCR_Anomaly_taichidbS0715Maste timesfm_quantile         default  vus=0.00038 affil=0.72238 (301.1s)
[ucr] 241_UCR_Anomaly_taichidbS0715Maste chronos_small_resid      default  vus=0.00268 affil=0.71298 (9.4s)
[ucr] 241_UCR_Anomaly_taichidbS0715Maste chronos_small_quantile   default  vus=0.00271 affil=0.65986 (9.4s)
[ucr] 241_UCR_Anomaly_taichidbS0715Maste chronos_base_resid       default  vus=0.00272 affil=0.70419 (15.0s)
[ucr] 241_UCR_Anomaly_taichidbS0715Maste chronos_base_quantile    default  vus=0.00269 affil=0.65939 (15.0s)
[ucr] 241_UCR_Anomaly_taichidbS0715Maste timesfm_resid            default  vus=0.00227 affil=0.67661 (407.6s)
[ucr] 241_UCR_Anomaly_taichidbS0715Maste timesfm_quantile         default  vus=0.00264 affil=0.67967 (407.6s)
[ucr] 242_UCR_Anomaly_tilt12744mtable_10 chronos_small_resid      default  vus=0.00255 affil=0.75805 (2.8s)
[ucr] 242_UCR_Anomaly_tilt12744mtable_10 chronos_small_quantile   default  vus=0.00205 affil=0.73131 (2.8s)
[ucr] 242_UCR_Anomaly_tilt12744mtable_10 chronos_base_resid       default  vus=0.00261 affil=0.75594 (4.4s)
[ucr] 242_UCR_Anomaly_tilt12744mtable_10 chronos_base_quantile    default  vus=0.0021 affil=0.75128 (4.4s)
[ucr] 242_UCR_Anomaly_tilt12744mtable_10 timesfm_resid            default  vus=0.00286 affil=0.68554 (86.6s)
[ucr] 242_UCR_Anomaly_tilt12744mtable_10 timesfm_quantile         default  vus=0.00286 affil=0.6763 (86.6s)
[ucr] 243_UCR_Anomaly_tilt12744mtable_10 chronos_small_resid      default  vus=0.00067 affil=0.65937 (2.4s)
[ucr] 243_UCR_Anomaly_tilt12744mtable_10 chronos_small_quantile   default  vus=0.00049 affil=0.68199 (2.4s)
[ucr] 243_UCR_Anomaly_tilt12744mtable_10 chronos_base_resid       default  vus=0.00063 affil=0.65363 (3.9s)
[ucr] 243_UCR_Anomaly_tilt12744mtable_10 chronos_base_quantile    default  vus=0.00046 affil=0.70539 (3.9s)
[ucr] 243_UCR_Anomaly_tilt12744mtable_10 timesfm_resid            default  vus=0.00173 affil=0.80163 (69.7s)
[ucr] 243_UCR_Anomaly_tilt12744mtable_10 timesfm_quantile         default  vus=0.00045 affil=0.71994 (69.7s)
[ucr] 244_UCR_Anomaly_tilt12754table_100 chronos_small_resid      default  vus=0.00271 affil=0.81739 (3.2s)
[ucr] 244_UCR_Anomaly_tilt12754table_100 chronos_small_quantile   default  vus=0.00233 affil=0.7323 (3.2s)
[ucr] 244_UCR_Anomaly_tilt12754table_100 chronos_base_resid       default  vus=0.00327 affil=0.79541 (5.0s)
[ucr] 244_UCR_Anomaly_tilt12754table_100 chronos_base_quantile    default  vus=0.00313 affil=0.8181 (5.0s)
[ucr] 244_UCR_Anomaly_tilt12754table_100 timesfm_resid            default  vus=0.00555 affil=0.73386 (86.4s)
[ucr] 244_UCR_Anomaly_tilt12754table_100 timesfm_quantile         default  vus=0.00386 affil=0.69055 (86.4s)
[ucr] 245_UCR_Anomaly_tilt12754table_100 chronos_small_resid      default  vus=0.00792 affil=0.63887 (3.3s)
[ucr] 245_UCR_Anomaly_tilt12754table_100 chronos_small_quantile   default  vus=0.00257 affil=0.67969 (3.3s)
[ucr] 245_UCR_Anomaly_tilt12754table_100 chronos_base_resid       default  vus=0.00888 affil=0.64737 (4.1s)
[ucr] 245_UCR_Anomaly_tilt12754table_100 chronos_base_quantile    default  vus=0.00295 affil=0.68397 (4.1s)
[ucr] 245_UCR_Anomaly_tilt12754table_100 timesfm_resid            default  vus=0.01124 affil=0.66112 (87.3s)
[ucr] 245_UCR_Anomaly_tilt12754table_100 timesfm_quantile         default  vus=0.0031 affil=0.67384 (87.3s)
[ucr] 246_UCR_Anomaly_tilt12755mtable_10 chronos_small_resid      default  vus=0.00296 affil=0.64325 (3.1s)
[ucr] 246_UCR_Anomaly_tilt12755mtable_10 chronos_small_quantile   default  vus=0.00334 affil=0.68878 (3.1s)
[ucr] 246_UCR_Anomaly_tilt12755mtable_10 chronos_base_resid       default  vus=0.00307 affil=0.64081 (5.0s)
[ucr] 246_UCR_Anomaly_tilt12755mtable_10 chronos_base_quantile    default  vus=0.00675 affil=0.70057 (5.0s)
[ucr] 246_UCR_Anomaly_tilt12755mtable_10 timesfm_resid            default  vus=0.00781 affil=0.65332 (68.8s)
[ucr] 246_UCR_Anomaly_tilt12755mtable_10 timesfm_quantile         default  vus=0.00431 affil=0.65935 (68.8s)
[ucr] 247_UCR_Anomaly_tilt12755mtable_50 chronos_small_resid      default  vus=0.00098 affil=0.80094 (2.0s)
[ucr] 247_UCR_Anomaly_tilt12755mtable_50 chronos_small_quantile   default  vus=0.00074 affil=0.70866 (2.0s)
[ucr] 247_UCR_Anomaly_tilt12755mtable_50 chronos_base_resid       default  vus=0.00115 affil=0.80235 (3.0s)
[ucr] 247_UCR_Anomaly_tilt12755mtable_50 chronos_base_quantile    default  vus=0.00075 affil=0.8746 (3.0s)
[ucr] 247_UCR_Anomaly_tilt12755mtable_50 timesfm_resid            default  vus=0.00266 affil=0.79862 (52.1s)
[ucr] 247_UCR_Anomaly_tilt12755mtable_50 timesfm_quantile         default  vus=0.00391 affil=0.74988 (52.1s)
[ucr] 248_UCR_Anomaly_weallwalk_2000_470 chronos_small_resid      default  vus=0.00958 affil=0.67358 (0.3s)
[ucr] 248_UCR_Anomaly_weallwalk_2000_470 chronos_small_quantile   default  vus=0.00146 affil=0.82695 (0.3s)
[ucr] 248_UCR_Anomaly_weallwalk_2000_470 chronos_base_resid       default  vus=0.01114 affil=0.67388 (0.3s)
[ucr] 248_UCR_Anomaly_weallwalk_2000_470 chronos_base_quantile    default  vus=0.00138 affil=0.81465 (0.3s)
[ucr] 248_UCR_Anomaly_weallwalk_2000_470 timesfm_resid            default  vus=0.00956 affil=0.67537 (2.8s)
[ucr] 248_UCR_Anomaly_weallwalk_2000_470 timesfm_quantile         default  vus=0.00485 affil=0.76384 (2.8s)
[ucr] 249_UCR_Anomaly_weallwalk_2753_828 chronos_small_resid      default  vus=0.00813 affil=0.69086 (0.2s)
[ucr] 249_UCR_Anomaly_weallwalk_2753_828 chronos_small_quantile   default  vus=0.00565 affil=0.88624 (0.2s)
[ucr] 249_UCR_Anomaly_weallwalk_2753_828 chronos_base_resid       default  vus=0.0072 affil=0.71823 (0.4s)
[ucr] 249_UCR_Anomaly_weallwalk_2753_828 chronos_base_quantile    default  vus=0.00565 affil=0.72221 (0.4s)
[ucr] 249_UCR_Anomaly_weallwalk_2753_828 timesfm_resid            default  vus=0.00745 affil=0.78132 (2.7s)
[ucr] 249_UCR_Anomaly_weallwalk_2753_828 timesfm_quantile         default  vus=0.00593 affil=0.89627 (2.7s)
[ucr] 250_UCR_Anomaly_weallwalk_2951_729 chronos_small_resid      default  vus=0.00475 affil=0.67942 (0.1s)
[ucr] 250_UCR_Anomaly_weallwalk_2951_729 chronos_small_quantile   default  vus=0.0032 affil=0.68326 (0.1s)
[ucr] 250_UCR_Anomaly_weallwalk_2951_729 chronos_base_resid       default  vus=0.00531 affil=0.6871 (0.4s)
[ucr] 250_UCR_Anomaly_weallwalk_2951_729 chronos_base_quantile    default  vus=0.00407 affil=0.70735 (0.4s)
[ucr] 250_UCR_Anomaly_weallwalk_2951_729 timesfm_resid            default  vus=0.00746 affil=0.68525 (2.8s)
[ucr] 250_UCR_Anomaly_weallwalk_2951_729 timesfm_quantile         default  vus=0.00261 affil=0.70128 (2.8s)
DONE
