dataset,series,detector,raw,detrended,ma100,detrended_ma100
ucr,001_UCR_Anomaly_DISTORTED1sddb40_35000_52000_52620,timesfm_resid,0.028052133222640774,0.02823986627954435,0.08158705213059096,0.050257657013922624
ucr,001_UCR_Anomaly_DISTORTED1sddb40_35000_52000_52620,tirex_resid,0.021803623989430164,0.021773475494772418,0.02299599517968174,0.019510926947332412
ucr,001_UCR_Anomaly_DISTORTED1sddb40_35000_52000_52620,chronos_base_resid,0.025201544250592366,0.024662164016107373,0.04798580725577991,0.031494567343954824
ucr,001_UCR_Anomaly_DISTORTED1sddb40_35000_52000_52620,chronos_small_resid,0.02397835132223917,0.023626329440301037,0.041092363496047585,0.02828188219825387
ucr,001_UCR_Anomaly_DISTORTED1sddb40_35000_52000_52620,knn,0.3077652259546886,0.30782809778787196,0.3503939835586932,0.3503088857283777
ucr,001_UCR_Anomaly_DISTORTED1sddb40_35000_52000_52620,lof,0.040120165919816174,0.04011787713532275,0.040082255268897485,0.040095930449251485
ucr,001_UCR_Anomaly_DISTORTED1sddb40_35000_52000_52620,ae,0.03655601473481331,0.03655302521431018,0.03364958105210966,0.03365055789831074
ucr,001_UCR_Anomaly_DISTORTED1sddb40_35000_52000_52620,iforest,0.25591205401599704,0.25538235052933367,0.275152377997943,0.27515180797556266
ucr,004_UCR_Anomaly_DISTORTEDBIDMC1_2500_5400_5600,timesfm_resid,0.19347579715172297,0.17763229441048722,0.4445955826015433,0.41413581487265716
ucr,004_UCR_Anomaly_DISTORTEDBIDMC1_2500_5400_5600,tirex_resid,0.20720319218112246,0.2040304594873697,0.4245827585073324,0.4045101675723914
ucr,004_UCR_Anomaly_DISTORTEDBIDMC1_2500_5400_5600,chronos_base_resid,0.08264966700316598,0.09291004907297264,0.3196740850946809,0.32830341968055143
ucr,004_UCR_Anomaly_DISTORTEDBIDMC1_2500_5400_5600,chronos_small_resid,0.08511346246414672,0.08527186373156402,0.31251066676438644,0.317428703795842
ucr,004_UCR_Anomaly_DISTORTEDBIDMC1_2500_5400_5600,knn,0.744520174660521,0.7448412300875169,0.801818988152464,0.8015317711446662
ucr,004_UCR_Anomaly_DISTORTEDBIDMC1_2500_5400_5600,lof,0.7504381061508756,0.7516878387038619,0.8200489373788762,0.8203222257338387
ucr,004_UCR_Anomaly_DISTORTEDBIDMC1_2500_5400_5600,ae,0.7331498503803802,0.7329020860180961,0.7820694485223204,0.781645815582152
ucr,004_UCR_Anomaly_DISTORTEDBIDMC1_2500_5400_5600,iforest,0.5002038542764644,0.49979580762610537,0.502836278651764,0.5031060729545049
ucr,007_UCR_Anomaly_DISTORTEDCIMIS44AirTemperature3_4000_6520_6544,timesfm_resid,0.07284916950319367,0.04331579381120274,0.014033192124134144,0.014013225693858464
ucr,007_UCR_Anomaly_DISTORTEDCIMIS44AirTemperature3_4000_6520_6544,tirex_resid,0.05890954511474586,0.04606068409525743,0.016926682692108175,0.016454252001120613
ucr,007_UCR_Anomaly_DISTORTEDCIMIS44AirTemperature3_4000_6520_6544,chronos_base_resid,0.07572551761024561,0.07174228296492526,0.017243426664254838,0.016514172650585635
ucr,007_UCR_Anomaly_DISTORTEDCIMIS44AirTemperature3_4000_6520_6544,chronos_small_resid,0.09095131810166107,0.07504791991408716,0.021497765385065235,0.018674455270341873
ucr,007_UCR_Anomaly_DISTORTEDCIMIS44AirTemperature3_4000_6520_6544,knn,0.1389930037446845,0.13880458229084605,0.11478022138609598,0.11492994835777252
ucr,007_UCR_Anomaly_DISTORTEDCIMIS44AirTemperature3_4000_6520_6544,lof,0.055149974358964626,0.05529591146651164,0.04797684674506954,0.047969814921162326
ucr,007_UCR_Anomaly_DISTORTEDCIMIS44AirTemperature3_4000_6520_6544,ae,0.8949177818615274,0.893705978923683,0.8908516416113579,0.9005689156731451
ucr,007_UCR_Anomaly_DISTORTEDCIMIS44AirTemperature3_4000_6520_6544,iforest,0.007680566623334344,0.007380786415882831,0.006797221534764389,0.006785446634994733
ucr,010_UCR_Anomaly_DISTORTEDCIMIS44AirTemperature6_4000_6006_6054,timesfm_resid,0.08054842661991687,0.1407799759985805,0.46700839472297295,0.49705286437749124
ucr,010_UCR_Anomaly_DISTORTEDCIMIS44AirTemperature6_4000_6006_6054,tirex_resid,0.08024388874909733,0.13733763287856715,0.5921804422739521,0.6380566986356877
ucr,010_UCR_Anomaly_DISTORTEDCIMIS44AirTemperature6_4000_6006_6054,chronos_base_resid,0.09111418954305812,0.15939657726585119,0.5102264713365208,0.5486833918184667
ucr,010_UCR_Anomaly_DISTORTEDCIMIS44AirTemperature6_4000_6006_6054,chronos_small_resid,0.11176640826008381,0.17188126925563324,0.5470443752879709,0.6048901882266944
ucr,010_UCR_Anomaly_DISTORTEDCIMIS44AirTemperature6_4000_6006_6054,knn,0.6377795488498282,0.6389050241474425,0.6745676229176373,0.674719382595864
ucr,010_UCR_Anomaly_DISTORTEDCIMIS44AirTemperature6_4000_6006_6054,lof,0.19544088997811998,0.2009307904756363,0.1734571933652511,0.17351465980816305
ucr,010_UCR_Anomaly_DISTORTEDCIMIS44AirTemperature6_4000_6006_6054,ae,0.8263725248844871,0.8222272792193583,0.8583824916775972,0.8587816143938679
ucr,010_UCR_Anomaly_DISTORTEDCIMIS44AirTemperature6_4000_6006_6054,iforest,0.0328727891925766,0.03319799635901827,0.03600997869198309,0.03599150619085231
ucr,014_UCR_Anomaly_DISTORTEDECG3_8000_17000_17100,timesfm_resid,0.018419612252804828,0.017935876802655428,0.06286976252859736,0.06775424496558843
ucr,014_UCR_Anomaly_DISTORTEDECG3_8000_17000_17100,tirex_resid,0.009899820723642584,0.00989718688767677,0.0067484813966014355,0.007377190018770279
ucr,014_UCR_Anomaly_DISTORTEDECG3_8000_17000_17100,chronos_base_resid,0.017668007384508515,0.01684651613519251,0.01569964245374978,0.015364918024034911
ucr,014_UCR_Anomaly_DISTORTEDECG3_8000_17000_17100,chronos_small_resid,0.016525593437399438,0.015566525221472036,0.014570634971307922,0.013875404433113962
ucr,014_UCR_Anomaly_DISTORTEDECG3_8000_17000_17100,knn,0.2794959005141863,0.27429172197290497,0.2907427721515384,0.29074595520948066
ucr,014_UCR_Anomaly_DISTORTEDECG3_8000_17000_17100,lof,0.6421361302885598,0.6424837885392402,0.6958970214517521,0.695748311401595
ucr,014_UCR_Anomaly_DISTORTEDECG3_8000_17000_17100,ae,0.09113012326018681,0.09050680663034809,0.10381096357951498,0.10442128077223009
ucr,014_UCR_Anomaly_DISTORTEDECG3_8000_17000_17100,iforest,0.004956530544855328,0.004957965297104393,0.0051372249910941435,0.005137222885478821
ucr,017_UCR_Anomaly_DISTORTEDECG4_5000_17000_17100,timesfm_resid,0.03237154470897637,0.02612576784646498,0.35936257964658835,0.3372129856346048
ucr,017_UCR_Anomaly_DISTORTEDECG4_5000_17000_17100,tirex_resid,0.008070372487845708,0.00778598133249766,0.014848965753028572,0.009837445027103174
ucr,017_UCR_Anomaly_DISTORTEDECG4_5000_17000_17100,chronos_base_resid,0.0290916098839919,0.021601338277433685,0.38898112791206607,0.3721687613286988
ucr,017_UCR_Anomaly_DISTORTEDECG4_5000_17000_17100,chronos_small_resid,0.0225966647454964,0.022131440638978206,0.5840165233892507,0.5104563026020974
ucr,017_UCR_Anomaly_DISTORTEDECG4_5000_17000_17100,knn,0.7433549879278437,0.7414483059254182,0.7645891088716351,0.7644624806199372
ucr,017_UCR_Anomaly_DISTORTEDECG4_5000_17000_17100,lof,0.7336592138217924,0.7314894356791235,0.7659988614425768,0.7643353646865793
ucr,017_UCR_Anomaly_DISTORTEDECG4_5000_17000_17100,ae,0.6948148886104981,0.6950624731027357,0.7378269391491152,0.737824330052943
ucr,017_UCR_Anomaly_DISTORTEDECG4_5000_17000_17100,iforest,0.004531353622883138,0.004531813304301727,0.003882452397010554,0.0038826516718663893
ucr,020_UCR_Anomaly_DISTORTEDGP711MarkerLFM5z2_5000_7175_7388,timesfm_resid,0.24559606658224542,0.24099667188415191,0.46881596849308993,0.44546090958676343
ucr,020_UCR_Anomaly_DISTORTEDGP711MarkerLFM5z2_5000_7175_7388,tirex_resid,0.2601006619179444,0.26246903682809175,0.44638130752477406,0.4366027379169777
ucr,020_UCR_Anomaly_DISTORTEDGP711MarkerLFM5z2_5000_7175_7388,chronos_base_resid,0.04820241925497505,0.0464990846710989,0.04790183093026811,0.043443474278607286
ucr,020_UCR_Anomaly_DISTORTEDGP711MarkerLFM5z2_5000_7175_7388,chronos_small_resid,0.0476222016763132,0.045561679821029655,0.04727759928490179,0.04300333726109087
ucr,020_UCR_Anomaly_DISTORTEDGP711MarkerLFM5z2_5000_7175_7388,knn,0.6774216225498659,0.6776906395001674,0.728976420762085,0.7288990247933298
ucr,020_UCR_Anomaly_DISTORTEDGP711MarkerLFM5z2_5000_7175_7388,lof,0.88941061997441,0.889992558666421,0.9168245159894399,0.9171268553603837
ucr,020_UCR_Anomaly_DISTORTEDGP711MarkerLFM5z2_5000_7175_7388,ae,0.640465905395381,0.6406757603213432,0.6998250352905964,0.699108813457433
ucr,020_UCR_Anomaly_DISTORTEDGP711MarkerLFM5z2_5000_7175_7388,iforest,0.20277153811200985,0.19832732533735675,0.3581794408772314,0.35809399112650897
ucr,023_UCR_Anomaly_DISTORTEDGP711MarkerLFM5z5_5000_8612_8716,timesfm_resid,0.10939074945247734,0.11010904055206171,0.33610997996019043,0.3157909088285999
ucr,023_UCR_Anomaly_DISTORTEDGP711MarkerLFM5z5_5000_8612_8716,tirex_resid,0.12092621865801431,0.12104341036910218,0.5748110800797885,0.4246309696982843
ucr,023_UCR_Anomaly_DISTORTEDGP711MarkerLFM5z5_5000_8612_8716,chronos_base_resid,0.033610349774199674,0.04183284072615269,0.05163949301849388,0.06082725658586315
ucr,023_UCR_Anomaly_DISTORTEDGP711MarkerLFM5z5_5000_8612_8716,chronos_small_resid,0.034584139363839354,0.04347226882663479,0.05811254423803452,0.06409204268652949
ucr,023_UCR_Anomaly_DISTORTEDGP711MarkerLFM5z5_5000_8612_8716,knn,0.9095719846258783,0.9043492753468434,0.9625194174352243,0.9593300378453679
ucr,023_UCR_Anomaly_DISTORTEDGP711MarkerLFM5z5_5000_8612_8716,lof,0.5644812885808843,0.5663070441248168,0.9299666271856373,0.9299329261897231
ucr,023_UCR_Anomaly_DISTORTEDGP711MarkerLFM5z5_5000_8612_8716,ae,0.8517967309665873,0.8605118011440626,0.9517880625273687,0.9473428642716094
ucr,023_UCR_Anomaly_DISTORTEDGP711MarkerLFM5z5_5000_8612_8716,iforest,0.9261718195551434,0.9293205965337126,0.9518845784859868,0.9518631414256147
ucr,026_UCR_Anomaly_DISTORTEDInternalBleeding15_1700_5684_5854,timesfm_resid,0.07180442906988055,0.06932841468335152,0.11448919835389701,0.10649200098194463
ucr,026_UCR_Anomaly_DISTORTEDInternalBleeding15_1700_5684_5854,tirex_resid,0.06171312631324098,0.06381751190395583,0.09006927161640108,0.09138080063841755
ucr,026_UCR_Anomaly_DISTORTEDInternalBleeding15_1700_5684_5854,chronos_base_resid,0.04763648493961883,0.04811018661280743,0.05042036494352199,0.05148102476261526
ucr,026_UCR_Anomaly_DISTORTEDInternalBleeding15_1700_5684_5854,chronos_small_resid,0.053163239794370334,0.05262386642416032,0.0704644606501304,0.06512325000714281
ucr,026_UCR_Anomaly_DISTORTEDInternalBleeding15_1700_5684_5854,knn,0.7531626658763215,0.7532275639002197,0.832467872546776,0.8324420448962253
ucr,026_UCR_Anomaly_DISTORTEDInternalBleeding15_1700_5684_5854,lof,0.2342629380681459,0.22396021347927342,0.18794169632940733,0.18769074697891946
ucr,026_UCR_Anomaly_DISTORTEDInternalBleeding15_1700_5684_5854,ae,0.05144235891259497,0.05159786078776503,0.04450886452824628,0.04453210701923838
ucr,026_UCR_Anomaly_DISTORTEDInternalBleeding15_1700_5684_5854,iforest,0.09330331350776744,0.09316956004214574,0.10170937374758231,0.10180961975119573
ucr,029_UCR_Anomaly_DISTORTEDInternalBleeding18_2300_4485_4587,timesfm_resid,0.09921060878620577,0.10894462747936959,0.2564337408198024,0.251063846280564
ucr,029_UCR_Anomaly_DISTORTEDInternalBleeding18_2300_4485_4587,tirex_resid,0.039350222872724674,0.05802949539577711,0.05552289676992781,0.0977170482159085
ucr,029_UCR_Anomaly_DISTORTEDInternalBleeding18_2300_4485_4587,chronos_base_resid,0.07133405219290814,0.09402133143323763,0.11564082042023442,0.12089084732937849
ucr,029_UCR_Anomaly_DISTORTEDInternalBleeding18_2300_4485_4587,chronos_small_resid,0.03872135109046283,0.050387721535051555,0.05681194605178954,0.06976019332795291
ucr,029_UCR_Anomaly_DISTORTEDInternalBleeding18_2300_4485_4587,knn,0.07854921427781161,0.07850885248705078,0.08046029698757205,0.07994304777579508
ucr,029_UCR_Anomaly_DISTORTEDInternalBleeding18_2300_4485_4587,lof,0.01741126817938659,0.016698308042658865,0.016598027182773964,0.016594872242833944
ucr,029_UCR_Anomaly_DISTORTEDInternalBleeding18_2300_4485_4587,ae,0.02729932671127419,0.027180310037772153,0.026089349175760917,0.026040747587564448
ucr,029_UCR_Anomaly_DISTORTEDInternalBleeding18_2300_4485_4587,iforest,0.020442522464474824,0.02043344288758938,0.018552590970651994,0.01854112972571896
ucr,033_UCR_Anomaly_DISTORTEDInternalBleeding5_4000_6200_6370,timesfm_resid,0.2662331613820835,0.3229546631945523,0.5558065516381714,0.6197078629867678
ucr,033_UCR_Anomaly_DISTORTEDInternalBleeding5_4000_6200_6370,tirex_resid,0.2880002131566286,0.3097232305881359,0.5766676670911903,0.6401469942304103
ucr,033_UCR_Anomaly_DISTORTEDInternalBleeding5_4000_6200_6370,chronos_base_resid,0.13211622219844407,0.14775344514745037,0.262220193234288,0.3692543435717852
ucr,033_UCR_Anomaly_DISTORTEDInternalBleeding5_4000_6200_6370,chronos_small_resid,0.16216907984069726,0.17742500987067622,0.40770227315015306,0.468366865204805
ucr,033_UCR_Anomaly_DISTORTEDInternalBleeding5_4000_6200_6370,knn,0.6951530486488608,0.6948111337015981,0.7756532448590951,0.7756617738837226
ucr,033_UCR_Anomaly_DISTORTEDInternalBleeding5_4000_6200_6370,lof,0.6216272194743144,0.6225710045387993,0.7177012779747791,0.7182835042466011
ucr,033_UCR_Anomaly_DISTORTEDInternalBleeding5_4000_6200_6370,ae,0.6728140078571603,0.6721659776164781,0.7380453381024329,0.7387340299898832
ucr,033_UCR_Anomaly_DISTORTEDInternalBleeding5_4000_6200_6370,iforest,0.34925269534722103,0.347078806596662,0.5258106090467842,0.5259142562204353
ucr,036_UCR_Anomaly_DISTORTEDInternalBleeding9_4200_6599_6681,timesfm_resid,0.029287540815994204,0.02848309805490902,0.024554702282313406,0.02421915306071516
ucr,036_UCR_Anomaly_DISTORTEDInternalBleeding9_4200_6599_6681,tirex_resid,0.05031188226731072,0.05010439039937226,0.05356411760683312,0.05801430867351166
ucr,036_UCR_Anomaly_DISTORTEDInternalBleeding9_4200_6599_6681,chronos_base_resid,0.026350186305060832,0.025501386465040774,0.023844051514762758,0.02438731967425773
ucr,036_UCR_Anomaly_DISTORTEDInternalBleeding9_4200_6599_6681,chronos_small_resid,0.027590002088453962,0.026978141780263334,0.025170706600746513,0.02616812993984744
ucr,036_UCR_Anomaly_DISTORTEDInternalBleeding9_4200_6599_6681,knn,0.025955395231135735,0.025936280968868845,0.027470992418079335,0.02746569891581399
ucr,036_UCR_Anomaly_DISTORTEDInternalBleeding9_4200_6599_6681,lof,0.022563332735180866,0.02205263996649083,0.021973571203235558,0.021965515863500082
ucr,036_UCR_Anomaly_DISTORTEDInternalBleeding9_4200_6599_6681,ae,0.021083944629101944,0.02109522807522505,0.021523698338532585,0.02148950036665884
ucr,036_UCR_Anomaly_DISTORTEDInternalBleeding9_4200_6599_6681,iforest,0.021459071018541956,0.021502972204108142,0.021926611267538743,0.02192653538553015
ucr,039_UCR_Anomaly_DISTORTEDLab2Cmac011215EPG3_5000_16390_16420,timesfm_resid,0.006031754648620963,0.008711084503904532,0.03587040722533824,0.0406535696573955
ucr,039_UCR_Anomaly_DISTORTEDLab2Cmac011215EPG3_5000_16390_16420,tirex_resid,0.005285616971325607,0.007237904226616051,0.023722339096994036,0.03215318829829242
ucr,039_UCR_Anomaly_DISTORTEDLab2Cmac011215EPG3_5000_16390_16420,chronos_base_resid,0.003483109274483364,0.0036255802581360084,0.00636477475437844,0.006650773367742386
ucr,039_UCR_Anomaly_DISTORTEDLab2Cmac011215EPG3_5000_16390_16420,chronos_small_resid,0.003734319596579124,0.004147105582811615,0.003324305081978715,0.0036150992779547912
ucr,039_UCR_Anomaly_DISTORTEDLab2Cmac011215EPG3_5000_16390_16420,knn,0.2563039049278385,0.2423785197867425,0.16207980900148536,0.1620192901884444
ucr,039_UCR_Anomaly_DISTORTEDLab2Cmac011215EPG3_5000_16390_16420,lof,0.33162709376363364,0.33102543729852446,0.2948211492084529,0.29078923802373197
ucr,039_UCR_Anomaly_DISTORTEDLab2Cmac011215EPG3_5000_16390_16420,ae,0.3218325891343008,0.3241267521623402,0.32419001356349686,0.32344921342860167
ucr,039_UCR_Anomaly_DISTORTEDLab2Cmac011215EPG3_5000_16390_16420,iforest,0.30809433201025915,0.3318948721864687,0.3166479137152577,0.3165807736209131
ucr,042_UCR_Anomaly_DISTORTEDLab2Cmac011215EPG6_7000_12190_12420,timesfm_resid,0.011089626574225837,0.011066391220342094,0.008501623673040231,0.008468185104662488
ucr,042_UCR_Anomaly_DISTORTEDLab2Cmac011215EPG6_7000_12190_12420,tirex_resid,0.011456194699607722,0.011429898188849541,0.00825895414459438,0.008246874606367551
ucr,042_UCR_Anomaly_DISTORTEDLab2Cmac011215EPG6_7000_12190_12420,chronos_base_resid,0.010725362043260486,0.010661779792718255,0.008429275467640197,0.008397748238857068
ucr,042_UCR_Anomaly_DISTORTEDLab2Cmac011215EPG6_7000_12190_12420,chronos_small_resid,0.010349833227830377,0.010312783836244569,0.00836816984895458,0.008418063682037503
ucr,042_UCR_Anomaly_DISTORTEDLab2Cmac011215EPG6_7000_12190_12420,knn,0.04176369211093396,0.041599424098424695,0.04171280936377367,0.041658025208179905
ucr,042_UCR_Anomaly_DISTORTEDLab2Cmac011215EPG6_7000_12190_12420,lof,0.011762069792472626,0.011750166580703082,0.01143282073369021,0.011437880274902739
ucr,042_UCR_Anomaly_DISTORTEDLab2Cmac011215EPG6_7000_12190_12420,ae,0.007871334409052052,0.007874589217211691,0.007934631091945473,0.00793459867704946
ucr,042_UCR_Anomaly_DISTORTEDLab2Cmac011215EPG6_7000_12190_12420,iforest,0.009242824825059276,0.009247394162717243,0.009088301673865842,0.009088171625228288
ucr,045_UCR_Anomaly_DISTORTEDPowerDemand2_14000_23357_23717,timesfm_resid,0.0257325095381549,0.025278636295369625,0.023893152215906238,0.023122261315127228
ucr,045_UCR_Anomaly_DISTORTEDPowerDemand2_14000_23357_23717,tirex_resid,0.025382102983800087,0.02500018685713059,0.02203368028486321,0.021542393012310347
ucr,045_UCR_Anomaly_DISTORTEDPowerDemand2_14000_23357_23717,chronos_base_resid,0.030143917485540652,0.029618851229190123,0.033671321702749675,0.03213222300519391
ucr,045_UCR_Anomaly_DISTORTEDPowerDemand2_14000_23357_23717,chronos_small_resid,0.03006810236962929,0.02961612815560085,0.03276182101821881,0.031596118495520575
ucr,045_UCR_Anomaly_DISTORTEDPowerDemand2_14000_23357_23717,knn,0.13952819502258523,0.13948444672675497,0.15399914314434476,0.15391649889136388
ucr,045_UCR_Anomaly_DISTORTEDPowerDemand2_14000_23357_23717,lof,0.029242779883663222,0.028005093313812717,0.028614078489884363,0.028619801617208875
ucr,045_UCR_Anomaly_DISTORTEDPowerDemand2_14000_23357_23717,ae,0.04567349917997296,0.04574261228618843,0.048139084370036944,0.0481403977338296
ucr,045_UCR_Anomaly_DISTORTEDPowerDemand2_14000_23357_23717,iforest,0.01567918017871448,0.01567658681066792,0.01573365241961964,0.015733465074627695
ucr,048_UCR_Anomaly_DISTORTEDTkeepFifthMARS_3500_5988_6085,timesfm_resid,0.11146511913703798,0.10688282186357173,0.33783373706361697,0.3275112809431704
ucr,048_UCR_Anomaly_DISTORTEDTkeepFifthMARS_3500_5988_6085,tirex_resid,0.08515928106856302,0.0785310320488421,0.2691289902835878,0.2566950125069654
ucr,048_UCR_Anomaly_DISTORTEDTkeepFifthMARS_3500_5988_6085,chronos_base_resid,0.09835976812141359,0.08356031269944215,0.23719534321450708,0.2228295239570608
ucr,048_UCR_Anomaly_DISTORTEDTkeepFifthMARS_3500_5988_6085,chronos_small_resid,0.10049478052508512,0.10046891806547566,0.31626011128165143,0.3465202499888513
ucr,048_UCR_Anomaly_DISTORTEDTkeepFifthMARS_3500_5988_6085,knn,0.6938907127106804,0.6935093274027107,0.6904799487687083,0.6896634393512416
ucr,048_UCR_Anomaly_DISTORTEDTkeepFifthMARS_3500_5988_6085,lof,0.7445305908789681,0.7521714639194224,0.8891715592505589,0.8892880425532461
ucr,048_UCR_Anomaly_DISTORTEDTkeepFifthMARS_3500_5988_6085,ae,0.12276606327238294,0.12327570739879218,0.08555695703019556,0.0854320184418707
ucr,048_UCR_Anomaly_DISTORTEDTkeepFifthMARS_3500_5988_6085,iforest,0.010251983202704694,0.010258761727883647,0.010825977338162866,0.010839253650577262
ucr,051_UCR_Anomaly_DISTORTEDTkeepSecondMARS_3500_9330_9340,timesfm_resid,0.015486286749529558,0.01846468017638584,0.0026520837337680866,0.0028515113918427615
ucr,051_UCR_Anomaly_DISTORTEDTkeepSecondMARS_3500_9330_9340,tirex_resid,0.03824544450796709,0.03886745397740047,0.008057293460318327,0.00786388947002249
ucr,051_UCR_Anomaly_DISTORTEDTkeepSecondMARS_3500_9330_9340,chronos_base_resid,0.0032120689004255625,0.003417751915465282,0.0013051874343183985,0.0013804163825047453
ucr,051_UCR_Anomaly_DISTORTEDTkeepSecondMARS_3500_9330_9340,chronos_small_resid,0.0040710164344404925,0.005561447349177899,0.0014361169100218759,0.001357232371287722
ucr,051_UCR_Anomaly_DISTORTEDTkeepSecondMARS_3500_9330_9340,knn,0.4397858913689837,0.4399302102456796,0.13917989104043382,0.13002018988188008
ucr,051_UCR_Anomaly_DISTORTEDTkeepSecondMARS_3500_9330_9340,lof,0.36000419668163297,0.3527638664153777,0.18461854283679496,0.18436908359827472
ucr,051_UCR_Anomaly_DISTORTEDTkeepSecondMARS_3500_9330_9340,ae,0.425676635050193,0.4141192184471009,0.12437061730395903,0.14021722695117272
ucr,051_UCR_Anomaly_DISTORTEDTkeepSecondMARS_3500_9330_9340,iforest,0.0033270909324739466,0.003386001710594353,0.002965000356328521,0.0029764696882420656
ucr,055_UCR_Anomaly_DISTORTEDapneaecg2_10000_20950_21100,timesfm_resid,0.014933231121771239,0.014655540914750046,0.031102669457834332,0.028666643891016926
ucr,055_UCR_Anomaly_DISTORTEDapneaecg2_10000_20950_21100,tirex_resid,0.01725505819793449,0.017573105902490324,0.049150849667234334,0.04468843888031493
ucr,055_UCR_Anomaly_DISTORTEDapneaecg2_10000_20950_21100,chronos_base_resid,0.015039404763152193,0.01486165785564297,0.03178619474625481,0.02977168692358969
ucr,055_UCR_Anomaly_DISTORTEDapneaecg2_10000_20950_21100,chronos_small_resid,0.016304823965106297,0.015900599061569175,0.03313790725550556,0.03224806008322957
ucr,055_UCR_Anomaly_DISTORTEDapneaecg2_10000_20950_21100,knn,0.7432191571880653,0.7428123891747637,0.783851215314431,0.7838400697619231
ucr,055_UCR_Anomaly_DISTORTEDapneaecg2_10000_20950_21100,lof,0.10522414611974756,0.10534068384003012,0.17300859895306947,0.17298686254220147
ucr,055_UCR_Anomaly_DISTORTEDapneaecg2_10000_20950_21100,ae,0.7298049554212227,0.728294768222447,0.7872551752113859,0.7872532023802952
ucr,055_UCR_Anomaly_DISTORTEDapneaecg2_10000_20950_21100,iforest,0.10363489826076908,0.09908436276454116,0.1494896732777391,0.14948856369972985
ucr,058_UCR_Anomaly_DISTORTEDapneaecg_10000_12240_12308,timesfm_resid,0.0034721972996158692,0.003406458286617469,0.0036103294221719886,0.0031432920641135606
ucr,058_UCR_Anomaly_DISTORTEDapneaecg_10000_12240_12308,tirex_resid,0.0031141304829848406,0.0030535372553571524,0.002645098989898502,0.0022901766178276078
ucr,058_UCR_Anomaly_DISTORTEDapneaecg_10000_12240_12308,chronos_base_resid,0.0030158932405363707,0.002980324925212537,0.0028271948108813776,0.0025145016018279813
ucr,058_UCR_Anomaly_DISTORTEDapneaecg_10000_12240_12308,chronos_small_resid,0.002899385513713584,0.002867585021086585,0.0025802270084181586,0.00236011057971178
ucr,058_UCR_Anomaly_DISTORTEDapneaecg_10000_12240_12308,knn,0.031949161360520374,0.0318773062419359,0.028200534016397893,0.028201064701083935
ucr,058_UCR_Anomaly_DISTORTEDapneaecg_10000_12240_12308,lof,0.010935829634230385,0.010812514360995649,0.008299568744439247,0.008326449636873734
ucr,058_UCR_Anomaly_DISTORTEDapneaecg_10000_12240_12308,ae,0.006162835366207757,0.006125607756854445,0.005754895307850023,0.005762767898920505
ucr,058_UCR_Anomaly_DISTORTEDapneaecg_10000_12240_12308,iforest,0.002337293502787274,0.0023153749606182397,0.002200072275819004,0.0022000280471561003
ucr,061_UCR_Anomaly_DISTORTEDgait3_24500_59900_60500,timesfm_resid,0.016909800171677373,0.01690287301191516,0.015833471474938736,0.016030835897052266
ucr,061_UCR_Anomaly_DISTORTEDgait3_24500_59900_60500,tirex_resid,0.04525601028683757,0.027123544543832694,0.056326832605546245,0.03435243189064785
ucr,061_UCR_Anomaly_DISTORTEDgait3_24500_59900_60500,chronos_base_resid,0.021306890984475066,0.021727170042475066,0.023439301273047497,0.02402328042831252
ucr,061_UCR_Anomaly_DISTORTEDgait3_24500_59900_60500,chronos_small_resid,0.04621886792016121,0.024631753517039147,0.05071818694060821,0.03011798774742203
ucr,061_UCR_Anomaly_DISTORTEDgait3_24500_59900_60500,knn,0.02187962402252063,0.021879881122205756,0.02241836329438008,0.022416028167101452
ucr,061_UCR_Anomaly_DISTORTEDgait3_24500_59900_60500,lof,0.02675841880250829,0.02676037230560791,0.026378150036295508,0.026373532238160878
ucr,061_UCR_Anomaly_DISTORTEDgait3_24500_59900_60500,ae,0.03562741537490448,0.03529441824198945,0.048360116116317756,0.048368696617452814
ucr,061_UCR_Anomaly_DISTORTEDgait3_24500_59900_60500,iforest,0.043642000540330086,0.043761435128193,0.04253428104408874,0.04255795852330066
ucr,064_UCR_Anomaly_DISTORTEDgaitHunt3_23400_38400_39200,timesfm_resid,0.029132071328273352,0.029837245871541282,0.03252099654982565,0.03505199462343865
ucr,064_UCR_Anomaly_DISTORTEDgaitHunt3_23400_38400_39200,tirex_resid,0.023826020510731155,0.024489815581235624,0.023050203203173626,0.025550671137464936
ucr,064_UCR_Anomaly_DISTORTEDgaitHunt3_23400_38400_39200,chronos_base_resid,0.024674336223804785,0.02509713556773174,0.025384534794337228,0.025791220097612
ucr,064_UCR_Anomaly_DISTORTEDgaitHunt3_23400_38400_39200,chronos_small_resid,0.02566808942564916,0.026256154160301234,0.027469950205172317,0.028048034598903385
ucr,064_UCR_Anomaly_DISTORTEDgaitHunt3_23400_38400_39200,knn,0.5552794732412187,0.5554561669627853,0.612737583837941,0.6127097457311406
ucr,064_UCR_Anomaly_DISTORTEDgaitHunt3_23400_38400_39200,lof,0.48358526371840727,0.4836778101492565,0.5719730968733048,0.5716834045928152
ucr,064_UCR_Anomaly_DISTORTEDgaitHunt3_23400_38400_39200,ae,0.17076744506429564,0.1709464657585415,0.22672908066315953,0.225836267566319
ucr,064_UCR_Anomaly_DISTORTEDgaitHunt3_23400_38400_39200,iforest,0.069682908905606,0.06960668514886934,0.09839151545000424,0.0983938633314613
ucr,067_UCR_Anomaly_DISTORTEDinsectEPG3_5200_7000_7050,timesfm_resid,0.014114246109752034,0.01392190076296537,0.010206679998683403,0.009675958533519175
ucr,067_UCR_Anomaly_DISTORTEDinsectEPG3_5200_7000_7050,tirex_resid,0.01698772968609328,0.017150165506376203,0.012696560988335588,0.012370232780044604
ucr,067_UCR_Anomaly_DISTORTEDinsectEPG3_5200_7000_7050,chronos_base_resid,0.015460506290594523,0.015135651227544034,0.010270086512042458,0.009981574356440433
ucr,067_UCR_Anomaly_DISTORTEDinsectEPG3_5200_7000_7050,chronos_small_resid,0.013649408708944853,0.01347550036959898,0.00928945455185615,0.009212402700679325
ucr,067_UCR_Anomaly_DISTORTEDinsectEPG3_5200_7000_7050,knn,0.031574038973370286,0.031689467392421185,0.029370720426724527,0.02932654638324938
ucr,067_UCR_Anomaly_DISTORTEDinsectEPG3_5200_7000_7050,lof,0.01477655036212213,0.01421450744116993,0.01306212374411767,0.013063585858492276
ucr,067_UCR_Anomaly_DISTORTEDinsectEPG3_5200_7000_7050,ae,0.016164381726636045,0.01600693130849592,0.015879475428560445,0.01582230165912475
ucr,067_UCR_Anomaly_DISTORTEDinsectEPG3_5200_7000_7050,iforest,0.03623310696509714,0.035932470070198425,0.03589434850055949,0.035790920595180485
ucr,070_UCR_Anomaly_DISTORTEDltstdbs30791AI_17555_52600_52800,timesfm_resid,0.03619174752213897,0.033556489415138266,0.345624390506893,0.37766196602281227
ucr,070_UCR_Anomaly_DISTORTEDltstdbs30791AI_17555_52600_52800,tirex_resid,0.01636304822064231,0.019162608697602418,0.304336373984576,0.24027150557856294
ucr,070_UCR_Anomaly_DISTORTEDltstdbs30791AI_17555_52600_52800,chronos_base_resid,0.018539624140103707,0.019736974824787902,0.06627105972480576,0.0623625088991479
ucr,070_UCR_Anomaly_DISTORTEDltstdbs30791AI_17555_52600_52800,chronos_small_resid,0.015652119714692686,0.017040956654696505,0.04485133313546715,0.04864562286726554
ucr,070_UCR_Anomaly_DISTORTEDltstdbs30791AI_17555_52600_52800,knn,0.6822837632251154,0.6827521745831686,0.7269279975531829,0.7269264933727524
ucr,070_UCR_Anomaly_DISTORTEDltstdbs30791AI_17555_52600_52800,lof,0.6511262260816836,0.651215717894736,0.6866904605773321,0.6866963503882693
ucr,070_UCR_Anomaly_DISTORTEDltstdbs30791AI_17555_52600_52800,ae,0.6395682918630723,0.6397739488115992,0.6893997791739056,0.68937487307385
ucr,070_UCR_Anomaly_DISTORTEDltstdbs30791AI_17555_52600_52800,iforest,0.3712879453301636,0.3703778622295372,0.4953019487300509,0.4953351043608293
ucr,073_UCR_Anomaly_DISTORTEDpark3m_60000_72150_72495,timesfm_resid,0.017797304686467837,0.014648588157297944,0.019141863355829382,0.014741221844545349
ucr,073_UCR_Anomaly_DISTORTEDpark3m_60000_72150_72495,tirex_resid,0.016622612530821743,0.014124945694481108,0.015805218504901526,0.01335299880613413
ucr,073_UCR_Anomaly_DISTORTEDpark3m_60000_72150_72495,chronos_base_resid,0.01918755263639879,0.013994756762553285,0.014302520584749543,0.012565446063800896
ucr,073_UCR_Anomaly_DISTORTEDpark3m_60000_72150_72495,chronos_small_resid,0.01846949166468985,0.014600266645805042,0.01845670816094487,0.014187731476954542
ucr,073_UCR_Anomaly_DISTORTEDpark3m_60000_72150_72495,knn,0.37493338094153633,0.37460425866437774,0.48074174174805967,0.4806667624725499
ucr,073_UCR_Anomaly_DISTORTEDpark3m_60000_72150_72495,lof,0.3518076370684321,0.3523901214697862,0.43434333403467584,0.43433099116921847
ucr,073_UCR_Anomaly_DISTORTEDpark3m_60000_72150_72495,ae,0.059948391951859546,0.059730303194879465,0.06266306122544901,0.06259119430016394
ucr,073_UCR_Anomaly_DISTORTEDpark3m_60000_72150_72495,iforest,0.12533589596732875,0.12560383463855188,0.12668474232281668,0.12686786622350432
ucr,083_UCR_Anomaly_DISTORTEDresperation9_38000_143411_143511,timesfm_resid,0.0014561393110662604,0.011298380363569342,0.0016818513006063717,0.0035504393907203856
ucr,083_UCR_Anomaly_DISTORTEDresperation9_38000_143411_143511,tirex_resid,0.0015806998897094121,0.00957147532211812,0.0025130313042295875,0.003871922025107221
ucr,083_UCR_Anomaly_DISTORTEDresperation9_38000_143411_143511,chronos_base_resid,0.0014928574435628048,0.009255353093009351,0.0022699617933107496,0.003344831245467688
ucr,083_UCR_Anomaly_DISTORTEDresperation9_38000_143411_143511,chronos_small_resid,0.0015663406885704436,0.0097890795395839,0.002382278521401837,0.004194164821636698
ucr,083_UCR_Anomaly_DISTORTEDresperation9_38000_143411_143511,knn,0.10111982844274281,0.10334598445578114,0.11646245379128015,0.11646755160983659
ucr,083_UCR_Anomaly_DISTORTEDresperation9_38000_143411_143511,lof,0.09733567710891608,0.0980261668928323,0.10984827279698764,0.10985451244389732
ucr,083_UCR_Anomaly_DISTORTEDresperation9_38000_143411_143511,ae,0.16557663731186437,0.1427626020836039,0.14676099001139997,0.14673465692009838
ucr,083_UCR_Anomaly_DISTORTEDresperation9_38000_143411_143511,iforest,0.0020692548582891446,0.002083972722760856,0.002061359653217663,0.0020615222001412236
ucr,086_UCR_Anomaly_DISTORTEDsddb49_20000_67950_68200,timesfm_resid,0.025765456863919862,0.024569910352781,0.15072657305480197,0.14498583766734596
ucr,086_UCR_Anomaly_DISTORTEDsddb49_20000_67950_68200,tirex_resid,0.0366992711384722,0.027013514540952653,0.1843427427769447,0.17147661109074255
ucr,086_UCR_Anomaly_DISTORTEDsddb49_20000_67950_68200,chronos_base_resid,0.022522915010979826,0.01871999010037678,0.04821189893488649,0.05166790347611954
ucr,086_UCR_Anomaly_DISTORTEDsddb49_20000_67950_68200,chronos_small_resid,0.015683072319666147,0.013583054415565617,0.03350038469345045,0.03436086047109047
ucr,086_UCR_Anomaly_DISTORTEDsddb49_20000_67950_68200,knn,0.1565410661603056,0.1562500754233715,0.18459130514812888,0.18460807250185884
ucr,086_UCR_Anomaly_DISTORTEDsddb49_20000_67950_68200,lof,0.2395733264140265,0.2396457728155592,0.26456992330480206,0.26456596650171216
ucr,086_UCR_Anomaly_DISTORTEDsddb49_20000_67950_68200,ae,0.3561026211985136,0.35413755481763565,0.5003115973542703,0.5003144809287509
ucr,086_UCR_Anomaly_DISTORTEDsddb49_20000_67950_68200,iforest,0.013424506755537018,0.013408943127856492,0.014745706538720788,0.014747926737199685
ucr,089_UCR_Anomaly_DISTORTEDtiltAPB1_100000_114283_114350,timesfm_resid,0.016425285942869294,0.013378617347222578,0.0428990963921386,0.030616745789920526
ucr,089_UCR_Anomaly_DISTORTEDtiltAPB1_100000_114283_114350,tirex_resid,0.04386184689578628,0.034864008785278136,0.1313723362745407,0.06443879516233594
ucr,089_UCR_Anomaly_DISTORTEDtiltAPB1_100000_114283_114350,chronos_base_resid,0.011617222004139892,0.010857468369108725,0.04454162764004088,0.04129279878378554
ucr,089_UCR_Anomaly_DISTORTEDtiltAPB1_100000_114283_114350,chronos_small_resid,0.005400801191201249,0.00463851744180314,0.0095261763314132,0.006655291440802891
ucr,089_UCR_Anomaly_DISTORTEDtiltAPB1_100000_114283_114350,knn,0.443299002574583,0.41852047268184267,0.545655430727177,0.5457226421505983
ucr,089_UCR_Anomaly_DISTORTEDtiltAPB1_100000_114283_114350,lof,0.10170124156794783,0.1025135077376508,0.06716098116278364,0.06713948685470802
ucr,089_UCR_Anomaly_DISTORTEDtiltAPB1_100000_114283_114350,ae,0.2592592412638689,0.255462334430969,0.37900016668165826,0.3788440417287535
ucr,089_UCR_Anomaly_DISTORTEDtiltAPB1_100000_114283_114350,iforest,0.09999364011109844,0.09881325375865646,0.17446741932510265,0.1746361648404026
ucr,096_UCR_Anomaly_NOISEECG4_5000_16900_17100,timesfm_resid,0.03086747939805908,0.030574169765856245,0.1949208497478304,0.18319200041200995
ucr,096_UCR_Anomaly_NOISEECG4_5000_16900_17100,tirex_resid,0.01800525382824777,0.017812618385123463,0.038042328652038826,0.029126675461366824
ucr,096_UCR_Anomaly_NOISEECG4_5000_16900_17100,chronos_base_resid,0.028601052124622068,0.02531382184007077,0.17543822336009438,0.16947226586241088
ucr,096_UCR_Anomaly_NOISEECG4_5000_16900_17100,chronos_small_resid,0.028959340818255908,0.0256438183835861,0.2238899038315579,0.20230312737764836
ucr,096_UCR_Anomaly_NOISEECG4_5000_16900_17100,knn,0.8301357378617558,0.8301086205804737,0.8630869689113219,0.8631070249792521
ucr,096_UCR_Anomaly_NOISEECG4_5000_16900_17100,lof,0.850037004483551,0.8500942496425294,0.8817890682778479,0.8815867249765587
ucr,096_UCR_Anomaly_NOISEECG4_5000_16900_17100,ae,0.7520452435678439,0.7516192272889359,0.8521196996265279,0.8521137329298365
ucr,096_UCR_Anomaly_NOISEECG4_5000_16900_17100,iforest,0.029050556076765224,0.028323248022220276,0.04328994457969765,0.043286666762259875
ucr,099_UCR_Anomaly_NOISEInternalBleeding6_1500_3474_3629,timesfm_resid,0.2326727409651498,0.26020819520412697,0.3225489542415847,0.33921673996352203
ucr,099_UCR_Anomaly_NOISEInternalBleeding6_1500_3474_3629,tirex_resid,0.20071803182115328,0.2175836477591919,0.23988508498051217,0.24581430007128352
ucr,099_UCR_Anomaly_NOISEInternalBleeding6_1500_3474_3629,chronos_base_resid,0.10711536610920136,0.06231304038762269,0.1444705686306566,0.11861620165331978
ucr,099_UCR_Anomaly_NOISEInternalBleeding6_1500_3474_3629,chronos_small_resid,0.04567020116987097,0.04904861173928162,0.05852166286995422,0.05553286196688082
ucr,099_UCR_Anomaly_NOISEInternalBleeding6_1500_3474_3629,knn,0.8393340266346834,0.8394152251043955,0.8790608540432294,0.8791127789878138
ucr,099_UCR_Anomaly_NOISEInternalBleeding6_1500_3474_3629,lof,0.7718928138076995,0.7750261883401384,0.8752536737705015,0.8753323568299787
ucr,099_UCR_Anomaly_NOISEInternalBleeding6_1500_3474_3629,ae,0.761786609599753,0.7630948111429003,0.862386783873853,0.8624761441490092
ucr,099_UCR_Anomaly_NOISEInternalBleeding6_1500_3474_3629,iforest,0.684770990001488,0.6851558631147465,0.7625189135917838,0.7624616199178563
ucr,102_UCR_Anomaly_NOISEMesoplodonDensirostris_10000_19280_19440,timesfm_resid,0.029819911179956783,0.028853125780389358,0.040420076281387565,0.03707402855041142
ucr,102_UCR_Anomaly_NOISEMesoplodonDensirostris_10000_19280_19440,tirex_resid,0.02584090251087997,0.02516905634228336,0.028966380771819948,0.02965453901289585
ucr,102_UCR_Anomaly_NOISEMesoplodonDensirostris_10000_19280_19440,chronos_base_resid,0.025852214995598366,0.02505331130992024,0.030170666825805513,0.029737485297306757
ucr,102_UCR_Anomaly_NOISEMesoplodonDensirostris_10000_19280_19440,chronos_small_resid,0.029739761709835746,0.025442681353320576,0.027901759729677567,0.027803298334603065
ucr,102_UCR_Anomaly_NOISEMesoplodonDensirostris_10000_19280_19440,knn,0.6425595216659162,0.6419628616099085,0.7999565995790501,0.7998322516283751
ucr,102_UCR_Anomaly_NOISEMesoplodonDensirostris_10000_19280_19440,lof,0.08204045973395274,0.08226320586110038,0.10869885980826398,0.10900059244004773
ucr,102_UCR_Anomaly_NOISEMesoplodonDensirostris_10000_19280_19440,ae,0.5935701486618128,0.5918626258136823,0.7923579638703584,0.7919707255879913
ucr,102_UCR_Anomaly_NOISEMesoplodonDensirostris_10000_19280_19440,iforest,0.029466776476157322,0.029959472044879122,0.03862318632182953,0.038638947868896975
ucr,105_UCR_Anomaly_NOISEgait3_24500_59900_60500,timesfm_resid,0.01709032832496342,0.0170461005632175,0.016075447877223495,0.01605119317450029
ucr,105_UCR_Anomaly_NOISEgait3_24500_59900_60500,tirex_resid,0.024741230190956642,0.021445893881452873,0.030875116069056498,0.025060723303400242
ucr,105_UCR_Anomaly_NOISEgait3_24500_59900_60500,chronos_base_resid,0.020323213851858826,0.019298870229828593,0.022944457421850646,0.02134066886756536
ucr,105_UCR_Anomaly_NOISEgait3_24500_59900_60500,chronos_small_resid,0.024816524276814127,0.021341964049407827,0.029430810902695552,0.025361874108931405
ucr,105_UCR_Anomaly_NOISEgait3_24500_59900_60500,knn,0.038536878313772116,0.03848229152394691,0.040258305917322476,0.04023701023571022
ucr,105_UCR_Anomaly_NOISEgait3_24500_59900_60500,lof,0.039228379213190806,0.03922132073198981,0.04166667477248369,0.04168650322482856
ucr,105_UCR_Anomaly_NOISEgait3_24500_59900_60500,ae,0.0250893048807393,0.025147179657371118,0.027490258357048086,0.027480206800135184
ucr,105_UCR_Anomaly_NOISEgait3_24500_59900_60500,iforest,0.05561413637862657,0.056121871125770294,0.0572629491650651,0.05682395165171427
ucr,111_UCR_Anomaly_3sddb40_35000_46600_46900,timesfm_resid,0.01409965929655474,0.015894666013272704,0.07361038811175229,0.1117414243328339
ucr,111_UCR_Anomaly_3sddb40_35000_46600_46900,tirex_resid,0.013919772508539742,0.01607364731435918,0.07194576167179362,0.10793088609322801
ucr,111_UCR_Anomaly_3sddb40_35000_46600_46900,chronos_base_resid,0.011102875627257251,0.013287726865888163,0.014237678978536191,0.037256683431174595
ucr,111_UCR_Anomaly_3sddb40_35000_46600_46900,chronos_small_resid,0.010626644354617009,0.013261002186528939,0.012791800921480544,0.040419783340699816
ucr,111_UCR_Anomaly_3sddb40_35000_46600_46900,knn,0.03323392470587387,0.03323703004747473,0.03200919976864942,0.032009342984892476
ucr,111_UCR_Anomaly_3sddb40_35000_46600_46900,lof,0.02962986714594083,0.02966741239002769,0.029784702417732057,0.029777571621863688
ucr,111_UCR_Anomaly_3sddb40_35000_46600_46900,ae,0.040406514372576016,0.040391643094212476,0.03424798276969268,0.03425079022308652
ucr,111_UCR_Anomaly_3sddb40_35000_46600_46900,iforest,0.01470569889476769,0.014716193030171465,0.016958557941703013,0.016962844724262075
ucr,114_UCR_Anomaly_CIMIS44AirTemperature2_4000_5703_5727,timesfm_resid,0.13849006607198977,0.13206315392706336,0.016451535672755785,0.014852852753533164
ucr,114_UCR_Anomaly_CIMIS44AirTemperature2_4000_5703_5727,tirex_resid,0.06586052680503775,0.060120107975785805,0.04710625926769209,0.07091901693056639
ucr,114_UCR_Anomaly_CIMIS44AirTemperature2_4000_5703_5727,chronos_base_resid,0.09658211764625899,0.056488038453030825,0.036433629847856266,0.03780059391333081
ucr,114_UCR_Anomaly_CIMIS44AirTemperature2_4000_5703_5727,chronos_small_resid,0.08852149957245392,0.06553753166207028,0.043792124000834556,0.043382680966893135
ucr,114_UCR_Anomaly_CIMIS44AirTemperature2_4000_5703_5727,knn,0.20760348803569958,0.20875768651875148,0.17697791905714194,0.1732476667182163
ucr,114_UCR_Anomaly_CIMIS44AirTemperature2_4000_5703_5727,lof,0.048018201215549165,0.048751089916782064,0.04460003719698316,0.04460003719698316
ucr,114_UCR_Anomaly_CIMIS44AirTemperature2_4000_5703_5727,ae,0.8986092795705043,0.898727585423269,0.8716349225954847,0.8716701645840411
ucr,114_UCR_Anomaly_CIMIS44AirTemperature2_4000_5703_5727,iforest,0.020663992756200233,0.02041905118678123,0.02358135293431268,0.02371821786365068
ucr,118_UCR_Anomaly_CIMIS44AirTemperature6_4000_6006_6054,timesfm_resid,0.05360880973139911,0.10449893634072671,0.3475249787465605,0.3773746286773811
ucr,118_UCR_Anomaly_CIMIS44AirTemperature6_4000_6006_6054,tirex_resid,0.06665102876987754,0.11204333228188526,0.4427963548999111,0.5251961789264675
ucr,118_UCR_Anomaly_CIMIS44AirTemperature6_4000_6006_6054,chronos_base_resid,0.07284199901789983,0.13794892763460254,0.435645467096667,0.5072949737384334
ucr,118_UCR_Anomaly_CIMIS44AirTemperature6_4000_6006_6054,chronos_small_resid,0.08895064101559746,0.15041244893594286,0.4299523322471674,0.4887952413154182
ucr,118_UCR_Anomaly_CIMIS44AirTemperature6_4000_6006_6054,knn,0.6163281508038259,0.6165046718625644,0.5549867840385384,0.5548068373736421
ucr,118_UCR_Anomaly_CIMIS44AirTemperature6_4000_6006_6054,lof,0.13887065267170456,0.14249608163820943,0.11975746268006084,0.11973578924725888
ucr,118_UCR_Anomaly_CIMIS44AirTemperature6_4000_6006_6054,ae,0.7868743544573071,0.7851437685010205,0.8060953395250468,0.8062704926561699
ucr,118_UCR_Anomaly_CIMIS44AirTemperature6_4000_6006_6054,iforest,0.028462537994321354,0.028466711452997638,0.03176830105582998,0.03176644023827998
ucr,121_UCR_Anomaly_ECG3_15000_16000_16100,timesfm_resid,0.028851641069021397,0.03520716853604185,0.2756696399159384,0.4646852647780705
ucr,121_UCR_Anomaly_ECG3_15000_16000_16100,tirex_resid,0.01305026602297282,0.012949851123904205,0.008431802431530511,0.00854950117388771
ucr,121_UCR_Anomaly_ECG3_15000_16000_16100,chronos_base_resid,0.02071639863480275,0.02099595497726477,0.1123544149303577,0.2124528060399759
ucr,121_UCR_Anomaly_ECG3_15000_16000_16100,chronos_small_resid,0.020873368371679114,0.020292969406206358,0.06474635486549107,0.10346387355783028
ucr,121_UCR_Anomaly_ECG3_15000_16000_16100,knn,0.3742461859546079,0.3728377947345863,0.398876808612854,0.3988691268504061
ucr,121_UCR_Anomaly_ECG3_15000_16000_16100,lof,0.8049658536370375,0.8080608020831699,0.8420072083302951,0.8422029055807834
ucr,121_UCR_Anomaly_ECG3_15000_16000_16100,ae,0.33274497326564795,0.32104112623096037,0.33270951211046684,0.33286713758371855
ucr,121_UCR_Anomaly_ECG3_15000_16000_16100,iforest,0.006870818207872459,0.006933792010434879,0.006986747265937518,0.006986752249469972
ucr,124_UCR_Anomaly_ECG4_5000_16900_17100,timesfm_resid,0.03775185686428564,0.03448949237983824,0.23255353379840144,0.22112276253330132
ucr,124_UCR_Anomaly_ECG4_5000_16900_17100,tirex_resid,0.015803749613829066,0.015771473457087896,0.031959527096875856,0.023778097802884837
ucr,124_UCR_Anomaly_ECG4_5000_16900_17100,chronos_base_resid,0.02433188317873521,0.0245595440037499,0.15969067716817742,0.15438815869106043
ucr,124_UCR_Anomaly_ECG4_5000_16900_17100,chronos_small_resid,0.023754628576253985,0.02369441889411466,0.18599814569843076,0.16466459835042518
ucr,124_UCR_Anomaly_ECG4_5000_16900_17100,knn,0.8286229513822624,0.8285651554539619,0.8610065656803886,0.8609932523048814
ucr,124_UCR_Anomaly_ECG4_5000_16900_17100,lof,0.8547689678204313,0.8549407187804627,0.8843552092393934,0.8841993365405165
ucr,124_UCR_Anomaly_ECG4_5000_16900_17100,ae,0.7535230069530081,0.7535777869277689,0.8495289179260201,0.8498667443680143
ucr,124_UCR_Anomaly_ECG4_5000_16900_17100,iforest,0.02494935010512722,0.025304950865797614,0.03930766391219982,0.039310916475954305
ucr,127_UCR_Anomaly_GP711MarkerLFM5z1_5000_6168_6212,timesfm_resid,0.16196504966881203,0.16563828815464063,0.39426293594825906,0.48267118167615686
ucr,127_UCR_Anomaly_GP711MarkerLFM5z1_5000_6168_6212,tirex_resid,0.09521757581863033,0.08945126508930276,0.11920464717356002,0.11678238248851708
ucr,127_UCR_Anomaly_GP711MarkerLFM5z1_5000_6168_6212,chronos_base_resid,0.010735208332002835,0.0109841685492673,0.017889579183047732,0.014320183343761797
ucr,127_UCR_Anomaly_GP711MarkerLFM5z1_5000_6168_6212,chronos_small_resid,0.011665453498489822,0.011434781945932733,0.036324540546592315,0.014271903967236543
ucr,127_UCR_Anomaly_GP711MarkerLFM5z1_5000_6168_6212,knn,0.5497600072029984,0.5497437207896545,0.5537882065812503,0.553921017816587
ucr,127_UCR_Anomaly_GP711MarkerLFM5z1_5000_6168_6212,lof,0.8866571101168746,0.885346734314574,0.8629937130049605,0.863028540627919
ucr,127_UCR_Anomaly_GP711MarkerLFM5z1_5000_6168_6212,ae,0.42672713300291154,0.42199105581905316,0.44987459287013987,0.45007205630587305
ucr,127_UCR_Anomaly_GP711MarkerLFM5z1_5000_6168_6212,iforest,0.008808163491740269,0.008814263446967781,0.00867798952554125,0.008675375185169967
ucr,130_UCR_Anomaly_GP711MarkerLFM5z4_4000_6527_6645,timesfm_resid,0.16057864887514214,0.16601113331287032,0.41587178008704595,0.30270884353985134
ucr,130_UCR_Anomaly_GP711MarkerLFM5z4_4000_6527_6645,tirex_resid,0.16088317615952147,0.18752169445609862,0.5282759624002024,0.49635471704677764
ucr,130_UCR_Anomaly_GP711MarkerLFM5z4_4000_6527_6645,chronos_base_resid,0.038326837521145476,0.038121683219972,0.07988744118310312,0.10457201940600466
ucr,130_UCR_Anomaly_GP711MarkerLFM5z4_4000_6527_6645,chronos_small_resid,0.03453366400862077,0.039650243431854935,0.06103482515153306,0.05492530514075169
ucr,130_UCR_Anomaly_GP711MarkerLFM5z4_4000_6527_6645,knn,0.9234238476036334,0.9228821108751866,0.9316355048342388,0.9313851671595388
ucr,130_UCR_Anomaly_GP711MarkerLFM5z4_4000_6527_6645,lof,0.8573431168812249,0.8546826631228489,0.9040972027645691,0.9040609207261174
ucr,130_UCR_Anomaly_GP711MarkerLFM5z4_4000_6527_6645,ae,0.9184763164558349,0.9171996098450859,0.9440310084428085,0.9447696574922113
ucr,130_UCR_Anomaly_GP711MarkerLFM5z4_4000_6527_6645,iforest,0.3781856053642374,0.37870184623570874,0.406089936103568,0.4034399594453604
ucr,133_UCR_Anomaly_InternalBleeding14_2800_5607_5634,timesfm_resid,0.1540095784343917,0.19719928413890508,0.5693540285294723,0.5499509727137923
ucr,133_UCR_Anomaly_InternalBleeding14_2800_5607_5634,tirex_resid,0.28127021521049544,0.39577349072793083,0.5375971758570679,0.553095593061063
ucr,133_UCR_Anomaly_InternalBleeding14_2800_5607_5634,chronos_base_resid,0.008057200068713917,0.008447555748214519,0.009286069473281984,0.008949917171976466
ucr,133_UCR_Anomaly_InternalBleeding14_2800_5607_5634,chronos_small_resid,0.007057734956256631,0.0072432289802389785,0.009060764769434834,0.009554026473990278
ucr,133_UCR_Anomaly_InternalBleeding14_2800_5607_5634,knn,0.8733640420925499,0.87336335573864,0.8538599373065783,0.852998623264653
ucr,133_UCR_Anomaly_InternalBleeding14_2800_5607_5634,lof,0.8700214811639695,0.8647909661737057,0.7130624178933751,0.7130195492623914
ucr,133_UCR_Anomaly_InternalBleeding14_2800_5607_5634,ae,0.7835957870871577,0.7961657122894246,0.8075895514127568,0.8113498326340476
ucr,133_UCR_Anomaly_InternalBleeding14_2800_5607_5634,iforest,0.7808390522385835,0.7181921276537899,0.52211820294133,0.5226496728668076
ucr,137_UCR_Anomaly_InternalBleeding18_2300_4485_4587,timesfm_resid,0.16876792775257515,0.2599251522359387,0.24851872484864723,0.4355940011430429
ucr,137_UCR_Anomaly_InternalBleeding18_2300_4485_4587,tirex_resid,0.03461722551713445,0.0448114619788674,0.03812894157723518,0.05273833200187873
ucr,137_UCR_Anomaly_InternalBleeding18_2300_4485_4587,chronos_base_resid,0.029860213564678734,0.04062573930075811,0.026298092010758452,0.03056446124338556
ucr,137_UCR_Anomaly_InternalBleeding18_2300_4485_4587,chronos_small_resid,0.03531559515982338,0.044868343353224635,0.058470045660843795,0.06419591946057221
ucr,137_UCR_Anomaly_InternalBleeding18_2300_4485_4587,knn,0.3378034300225127,0.334048736248852,0.6351751573119341,0.6357101613673528
ucr,137_UCR_Anomaly_InternalBleeding18_2300_4485_4587,lof,0.027530444472825787,0.02705575208667697,0.023891248008700634,0.023920762825448208
ucr,137_UCR_Anomaly_InternalBleeding18_2300_4485_4587,ae,0.03594339465181537,0.035540027287387116,0.036184269818337875,0.03629960884123663
ucr,137_UCR_Anomaly_InternalBleeding18_2300_4485_4587,iforest,0.03177436918367051,0.03174069349620465,0.033586161917761065,0.03359763034687939
ucr,140_UCR_Anomaly_InternalBleeding4_1000_4675_5033,timesfm_resid,0.47290160725269903,0.4846430631272987,0.7329801621522003,0.7187621454358455
ucr,140_UCR_Anomaly_InternalBleeding4_1000_4675_5033,tirex_resid,0.449191297565031,0.45771537331401296,0.675003477901502,0.6656918271837402
ucr,140_UCR_Anomaly_InternalBleeding4_1000_4675_5033,chronos_base_resid,0.304625711411705,0.3264560424154856,0.5104260552392537,0.4960145063655164
ucr,140_UCR_Anomaly_InternalBleeding4_1000_4675_5033,chronos_small_resid,0.3268654072351861,0.33946936864274546,0.4588560587580317,0.4622465038228234
ucr,140_UCR_Anomaly_InternalBleeding4_1000_4675_5033,knn,0.6284934407719035,0.6281255489801343,0.6631053513932719,0.6630859086049552
ucr,140_UCR_Anomaly_InternalBleeding4_1000_4675_5033,lof,0.553978278856006,0.5609449049081249,0.6191937941421286,0.6191603068610069
ucr,140_UCR_Anomaly_InternalBleeding4_1000_4675_5033,ae,0.6357499465697855,0.635532178469925,0.6691269927123731,0.6689698348488867
ucr,140_UCR_Anomaly_InternalBleeding4_1000_4675_5033,iforest,0.5118706530603654,0.5123106460562088,0.5461958567273633,0.5463109359285093
ucr,143_UCR_Anomaly_InternalBleeding8_2500_5865_5974,timesfm_resid,0.06851026132560574,0.06638895351655899,0.11549212303077508,0.10786444405180313
ucr,143_UCR_Anomaly_InternalBleeding8_2500_5865_5974,tirex_resid,0.08172678282976586,0.0768737343312396,0.20804906146085672,0.14367527207203235
ucr,143_UCR_Anomaly_InternalBleeding8_2500_5865_5974,chronos_base_resid,0.0454307931206316,0.043578295345303886,0.07425326342894392,0.059214210349710104
ucr,143_UCR_Anomaly_InternalBleeding8_2500_5865_5974,chronos_small_resid,0.032812525694358566,0.032199167415422725,0.028267868879565727,0.027822296573705912
ucr,143_UCR_Anomaly_InternalBleeding8_2500_5865_5974,knn,0.4554418383017275,0.46106801066582603,0.729596435783036,0.7280821448808052
ucr,143_UCR_Anomaly_InternalBleeding8_2500_5865_5974,lof,0.046067343438675024,0.04639602135065077,0.03574997151638687,0.035755212956786325
ucr,143_UCR_Anomaly_InternalBleeding8_2500_5865_5974,ae,0.025073131084164892,0.025074477274756726,0.022626056849622458,0.022620127313831978
ucr,143_UCR_Anomaly_InternalBleeding8_2500_5865_5974,iforest,0.037045729411576245,0.03690608402393387,0.0377478060865889,0.03780030265691528
ucr,146_UCR_Anomaly_Lab2Cmac011215EPG2_5000_27862_27932,timesfm_resid,0.005976608777196323,0.006252601539085708,0.021533014070639345,0.028815523941917005
ucr,146_UCR_Anomaly_Lab2Cmac011215EPG2_5000_27862_27932,tirex_resid,0.007004135513825913,0.00803591945265613,0.040924049350353875,0.05465387716129079
ucr,146_UCR_Anomaly_Lab2Cmac011215EPG2_5000_27862_27932,chronos_base_resid,0.004122038576603856,0.0042447445594183415,0.0031441646420383054,0.0032740014050162813
ucr,146_UCR_Anomaly_Lab2Cmac011215EPG2_5000_27862_27932,chronos_small_resid,0.004161541277081588,0.004197403583993446,0.0031903678831643493,0.003326032574280241
ucr,146_UCR_Anomaly_Lab2Cmac011215EPG2_5000_27862_27932,knn,0.015046250277108167,0.015094005958871993,0.01232460485866791,0.012322474025916305
ucr,146_UCR_Anomaly_Lab2Cmac011215EPG2_5000_27862_27932,lof,0.006335771651801917,0.006280549989665251,0.005372046135737699,0.005372454471818757
ucr,146_UCR_Anomaly_Lab2Cmac011215EPG2_5000_27862_27932,ae,0.005030824321675472,0.005052808294469009,0.004520097000689403,0.004522099345597339
ucr,146_UCR_Anomaly_Lab2Cmac011215EPG2_5000_27862_27932,iforest,0.005259332390859987,0.005218859852396986,0.0049543251775176775,0.004952165649595046
ucr,149_UCR_Anomaly_Lab2Cmac011215EPG5_7000_17390_17520,timesfm_resid,0.012409987512598752,0.012548533933143946,0.1608695608518258,0.1584456747958572
ucr,149_UCR_Anomaly_Lab2Cmac011215EPG5_7000_17390_17520,tirex_resid,0.012631065689406421,0.012590412488224512,0.19492064154443473,0.19569890025512268
ucr,149_UCR_Anomaly_Lab2Cmac011215EPG5_7000_17390_17520,chronos_base_resid,0.010380092958189391,0.010686383514409589,0.22877718618732534,0.22490350754829122
ucr,149_UCR_Anomaly_Lab2Cmac011215EPG5_7000_17390_17520,chronos_small_resid,0.010900368627564692,0.01094004760650317,0.13037597154948652,0.1488010013870008
ucr,149_UCR_Anomaly_Lab2Cmac011215EPG5_7000_17390_17520,knn,0.33047353135930524,0.3264810106171581,0.3392225349849075,0.3394178739400632
ucr,149_UCR_Anomaly_Lab2Cmac011215EPG5_7000_17390_17520,lof,0.40657524146762114,0.40591575880009245,0.45743788853579614,0.45744489247573494
ucr,149_UCR_Anomaly_Lab2Cmac011215EPG5_7000_17390_17520,ae,0.3992392658070194,0.3967887266313219,0.43362950067417083,0.43361470421292114
ucr,149_UCR_Anomaly_Lab2Cmac011215EPG5_7000_17390_17520,iforest,0.47288176492757045,0.484558060599794,0.5457389674324507,0.5457384423828022
ucr,152_UCR_Anomaly_PowerDemand1_9000_18485_18821,timesfm_resid,0.05282368091465271,0.050567578963381404,0.126867942382568,0.11642853559220782
ucr,152_UCR_Anomaly_PowerDemand1_9000_18485_18821,tirex_resid,0.047780979007143204,0.045019595361915604,0.0937213963732427,0.08334914257538376
ucr,152_UCR_Anomaly_PowerDemand1_9000_18485_18821,chronos_base_resid,0.059846225419749016,0.05700555325425602,0.1497844141862999,0.1237596456988232
ucr,152_UCR_Anomaly_PowerDemand1_9000_18485_18821,chronos_small_resid,0.06418358526943482,0.06196728601108974,0.16346775693927407,0.14898656296890825
ucr,152_UCR_Anomaly_PowerDemand1_9000_18485_18821,knn,0.8425032689064718,0.8425826143720654,0.8500002012947173,0.8500108081640951
ucr,152_UCR_Anomaly_PowerDemand1_9000_18485_18821,lof,0.8178227954800246,0.8237734416681018,0.8532814145231075,0.8532635610000532
ucr,152_UCR_Anomaly_PowerDemand1_9000_18485_18821,ae,0.060944525887927876,0.0609674045244608,0.04161991891459198,0.04158890434749489
ucr,152_UCR_Anomaly_PowerDemand1_9000_18485_18821,iforest,0.012846829364458308,0.012856222313887635,0.012860872248978169,0.01286017996672886
ucr,155_UCR_Anomaly_PowerDemand4_18000_24005_24077,timesfm_resid,0.0487423854415189,0.0576782685250741,0.11071799151659936,0.12348705366874138
ucr,155_UCR_Anomaly_PowerDemand4_18000_24005_24077,tirex_resid,0.07666824281022346,0.09172727779333573,0.6408376597985106,0.701209091234354
ucr,155_UCR_Anomaly_PowerDemand4_18000_24005_24077,chronos_base_resid,0.09325511492315214,0.1118830812754428,0.5920032908993417,0.6958132093758306
ucr,155_UCR_Anomaly_PowerDemand4_18000_24005_24077,chronos_small_resid,0.08302088827338841,0.0888782641747557,0.3292113431555915,0.363676747524583
ucr,155_UCR_Anomaly_PowerDemand4_18000_24005_24077,knn,0.8221985214811613,0.8252258597930492,0.8300537874767762,0.8315049028350557
ucr,155_UCR_Anomaly_PowerDemand4_18000_24005_24077,lof,0.8385967038727058,0.878312236085917,0.8536084168349956,0.854083447933194
ucr,155_UCR_Anomaly_PowerDemand4_18000_24005_24077,ae,0.87400775959702,0.8740074896703883,0.8640441421883851,0.8640441421883851
ucr,155_UCR_Anomaly_PowerDemand4_18000_24005_24077,iforest,0.009182023353925699,0.009279461005302178,0.0089428100802218,0.008940972241383448
ucr,159_UCR_Anomaly_TkeepSecondMARS_3500_9330_9340,timesfm_resid,0.028273212498562232,0.029407309910179466,0.016942993372843364,0.020082134607334438
ucr,159_UCR_Anomaly_TkeepSecondMARS_3500_9330_9340,tirex_resid,0.03412228744060602,0.02633286129155131,0.02144374322410878,0.019820364458776198
ucr,159_UCR_Anomaly_TkeepSecondMARS_3500_9330_9340,chronos_base_resid,0.003271581495220014,0.0035054175608350427,0.0014302736216193243,0.0013080697223124677
ucr,159_UCR_Anomaly_TkeepSecondMARS_3500_9330_9340,chronos_small_resid,0.004433606200731296,0.005634251783440545,0.0018023118466821233,0.0017930827673715269
ucr,159_UCR_Anomaly_TkeepSecondMARS_3500_9330_9340,knn,0.4624871467230644,0.4628326241099991,0.14054120266450448,0.14202821988518588
ucr,159_UCR_Anomaly_TkeepSecondMARS_3500_9330_9340,lof,0.6510627962459961,0.3527789663010067,0.19309672200250266,0.1930920204000639
ucr,159_UCR_Anomaly_TkeepSecondMARS_3500_9330_9340,ae,0.43999308277097227,0.3813021317641322,0.17100615823931248,0.14711817122632548
ucr,159_UCR_Anomaly_TkeepSecondMARS_3500_9330_9340,iforest,0.06724981139147626,0.1027787172250064,0.0074167431408717465,0.007362366000126441
ucr,162_UCR_Anomaly_WalkingAceleration5_2700_5920_5979,timesfm_resid,0.20508296486971772,0.1780114740397984,0.7837075352854035,0.8084560010259265
ucr,162_UCR_Anomaly_WalkingAceleration5_2700_5920_5979,tirex_resid,0.15004737516703728,0.12679879607657946,0.8935547404326328,0.8927013782991395
ucr,162_UCR_Anomaly_WalkingAceleration5_2700_5920_5979,chronos_base_resid,0.19772745013313425,0.17641081203705533,0.6630528044905701,0.6671274955452102
ucr,162_UCR_Anomaly_WalkingAceleration5_2700_5920_5979,chronos_small_resid,0.2093688676770904,0.18756163107581814,0.6825710542935819,0.6995399933256952
ucr,162_UCR_Anomaly_WalkingAceleration5_2700_5920_5979,knn,0.956996946546141,0.9570521057642276,0.9517252868932166,0.9517286925728532
ucr,162_UCR_Anomaly_WalkingAceleration5_2700_5920_5979,lof,0.9532995281093635,0.9535543459510714,0.9524068433217843,0.9524073186081602
ucr,162_UCR_Anomaly_WalkingAceleration5_2700_5920_5979,ae,0.9580596528434409,0.9577363117306907,0.954090111818373,0.9542156508781431
ucr,162_UCR_Anomaly_WalkingAceleration5_2700_5920_5979,iforest,0.957650669260802,0.9579256624663747,0.9510762474328243,0.9510480161683288
ucr,165_UCR_Anomaly_apneaecg4_6000_16000_16100,timesfm_resid,0.003441268659645846,0.0034104954139843623,0.002770968106537414,0.00276235964198839
ucr,165_UCR_Anomaly_apneaecg4_6000_16000_16100,tirex_resid,0.003985806044878424,0.003917246490663569,0.002759523523795601,0.002685804990544902
ucr,165_UCR_Anomaly_apneaecg4_6000_16000_16100,chronos_base_resid,0.0035073231027702044,0.003480725023353987,0.0029150560271265554,0.0028943716544173334
ucr,165_UCR_Anomaly_apneaecg4_6000_16000_16100,chronos_small_resid,0.0034510315438902065,0.0034138755669865196,0.002964077760372571,0.0029898050645560015
ucr,165_UCR_Anomaly_apneaecg4_6000_16000_16100,knn,0.006524484489454805,0.006512586157938066,0.00622177645745763,0.006222386921301375
ucr,165_UCR_Anomaly_apneaecg4_6000_16000_16100,lof,0.004056731548796883,0.004074154545164123,0.0033884142579757213,0.003392795063469404
ucr,165_UCR_Anomaly_apneaecg4_6000_16000_16100,ae,0.0040667671242074445,0.004081068023266085,0.003960001756724611,0.003960001257283331
ucr,165_UCR_Anomaly_apneaecg4_6000_16000_16100,iforest,0.004151259157768385,0.004151015379014996,0.003438715558125893,0.003438705854574418
ucr,168_UCR_Anomaly_gait2_22000_46500_46800,timesfm_resid,0.015456379527788397,0.013400429196724104,0.02127969872251412,0.018911724848556966
ucr,168_UCR_Anomaly_gait2_22000_46500_46800,tirex_resid,0.011415075760221275,0.011120167248367535,0.01383861133921956,0.012395385572506783
ucr,168_UCR_Anomaly_gait2_22000_46500_46800,chronos_base_resid,0.009722538327839883,0.009668426492356608,0.014961905648189668,0.011503354246293193
ucr,168_UCR_Anomaly_gait2_22000_46500_46800,chronos_small_resid,0.009499595377951905,0.009663617732296853,0.01090806982863303,0.009786828483710854
ucr,168_UCR_Anomaly_gait2_22000_46500_46800,knn,0.3396240125459643,0.3396444083135828,0.427209918205143,0.4244745285931655
ucr,168_UCR_Anomaly_gait2_22000_46500_46800,lof,0.3322793081063483,0.33092571630064815,0.3877253781520792,0.3877320053531441
ucr,168_UCR_Anomaly_gait2_22000_46500_46800,ae,0.18431916995484438,0.18030414169701942,0.3354617435960474,0.3354994799627269
ucr,168_UCR_Anomaly_gait2_22000_46500_46800,iforest,0.02580410785030239,0.026620876104418222,0.02469417505344315,0.024694603351141327
ucr,171_UCR_Anomaly_gaitHunt2_18500_31200_31850,timesfm_resid,0.015491210110740476,0.014512020408681986,0.014562388969408334,0.012236721806202841
ucr,171_UCR_Anomaly_gaitHunt2_18500_31200_31850,tirex_resid,0.012475678113638637,0.012621123267420958,0.010396083327836439,0.011221328365562859
ucr,171_UCR_Anomaly_gaitHunt2_18500_31200_31850,chronos_base_resid,0.023314375902904833,0.024735927212446163,0.03149122783292521,0.03169707027821099
ucr,171_UCR_Anomaly_gaitHunt2_18500_31200_31850,chronos_small_resid,0.02143878665526534,0.02600514878461607,0.02774509049016628,0.03232573463640544
ucr,171_UCR_Anomaly_gaitHunt2_18500_31200_31850,knn,0.4268478556951131,0.42682725999634186,0.4907686645739243,0.4903285817576387
ucr,171_UCR_Anomaly_gaitHunt2_18500_31200_31850,lof,0.4690458587865816,0.46995786904523545,0.5268045765862168,0.5265940042775129
ucr,171_UCR_Anomaly_gaitHunt2_18500_31200_31850,ae,0.3954717787306439,0.3965419719491751,0.4752138707075608,0.4752524784373129
ucr,171_UCR_Anomaly_gaitHunt2_18500_31200_31850,iforest,0.17388438511422633,0.1735342110645191,0.29302686961095104,0.2938027599575374
ucr,174_UCR_Anomaly_insectEPG2_3700_8000_8025,timesfm_resid,0.018510650115870105,0.023753376010610894,0.042958202920062326,0.06260615159288868
ucr,174_UCR_Anomaly_insectEPG2_3700_8000_8025,tirex_resid,0.027372221097011713,0.043157579600488015,0.16189186244017728,0.25116297116969266
ucr,174_UCR_Anomaly_insectEPG2_3700_8000_8025,chronos_base_resid,0.019745029677858836,0.04989863055322251,0.10749019182511656,0.13177306113126064
ucr,174_UCR_Anomaly_insectEPG2_3700_8000_8025,chronos_small_resid,0.014797544133548128,0.01839552126807926,0.0763663523406881,0.08984831808576255
ucr,174_UCR_Anomaly_insectEPG2_3700_8000_8025,knn,0.8771699069503448,0.8680515652004877,0.7601606625771775,0.7601301772363269
ucr,174_UCR_Anomaly_insectEPG2_3700_8000_8025,lof,0.888485598608856,0.8884634368497878,0.7604936937330693,0.7605039991149191
ucr,174_UCR_Anomaly_insectEPG2_3700_8000_8025,ae,0.8588603376656602,0.8576676989691197,0.6873265985418164,0.6873265985418164
ucr,174_UCR_Anomaly_insectEPG2_3700_8000_8025,iforest,0.16557105956119078,0.16191956815344186,0.12768504795991767,0.12724528298527452
ucr,178_UCR_Anomaly_ltstdbs30791AI_17555_52600_52800,timesfm_resid,0.04445528362703981,0.041914588668812716,0.5152823924202339,0.5293807342219694
ucr,178_UCR_Anomaly_ltstdbs30791AI_17555_52600_52800,tirex_resid,0.01726630272025701,0.01918190648816735,0.3423289693266677,0.23488625856478113
ucr,178_UCR_Anomaly_ltstdbs30791AI_17555_52600_52800,chronos_base_resid,0.021206920780595655,0.022757431483826127,0.0776564955285016,0.07306997826736425
ucr,178_UCR_Anomaly_ltstdbs30791AI_17555_52600_52800,chronos_small_resid,0.017069488638505992,0.018455371381765173,0.045948318920031504,0.04873886457684912
ucr,178_UCR_Anomaly_ltstdbs30791AI_17555_52600_52800,knn,0.6733405467302043,0.6731841580544745,0.717785040221589,0.7177993549589079
ucr,178_UCR_Anomaly_ltstdbs30791AI_17555_52600_52800,lof,0.6255021291763773,0.6255296727170347,0.6406244910843684,0.640536909549714
ucr,178_UCR_Anomaly_ltstdbs30791AI_17555_52600_52800,ae,0.6412163480900122,0.6407965313136682,0.6926027175064993,0.6951748696814282
ucr,178_UCR_Anomaly_ltstdbs30791AI_17555_52600_52800,iforest,0.359362021164235,0.361068878734726,0.4820410261335629,0.4820403885755827
ucr,181_UCR_Anomaly_park3m_60000_72150_72495,timesfm_resid,0.020934997369775117,0.01667070926694162,0.02738806686222211,0.018251507751031702
ucr,181_UCR_Anomaly_park3m_60000_72150_72495,tirex_resid,0.014914109748218891,0.012799626684439395,0.015447356840185653,0.012472335008910266
ucr,181_UCR_Anomaly_park3m_60000_72150_72495,chronos_base_resid,0.01580092063677435,0.015046025517343267,0.014992479665523079,0.013778526324177852
ucr,181_UCR_Anomaly_park3m_60000_72150_72495,chronos_small_resid,0.014336388242353962,0.013346806837179226,0.014433182216180935,0.012696472252127665
ucr,181_UCR_Anomaly_park3m_60000_72150_72495,knn,0.6603062147254741,0.6603523168334352,0.7007976745708019,0.7006562716710307
ucr,181_UCR_Anomaly_park3m_60000_72150_72495,lof,0.6427007835844956,0.6428018278818548,0.6756124810660471,0.6756234313500091
ucr,181_UCR_Anomaly_park3m_60000_72150_72495,ae,0.24735115525263063,0.247103585645768,0.3335767695190371,0.33353045089090616
ucr,181_UCR_Anomaly_park3m_60000_72150_72495,iforest,0.327099274102613,0.3272384303851106,0.43740767453676893,0.437427516087555
ucr,184_UCR_Anomaly_resperation10_48000_130700_131880,timesfm_resid,0.031098552416087662,0.047414520873600985,0.06432291522303288,0.0806196948191579
ucr,184_UCR_Anomaly_resperation10_48000_130700_131880,tirex_resid,0.019209506374019497,0.032230113566540736,0.04254958851015367,0.05191803842996562
ucr,184_UCR_Anomaly_resperation10_48000_130700_131880,chronos_base_resid,0.009925831092359526,0.014820636494099336,0.011962399842170119,0.02209075645180728
ucr,184_UCR_Anomaly_resperation10_48000_130700_131880,chronos_small_resid,0.011783978501948712,0.01666441419460182,0.018246470051505752,0.030518572266640058
ucr,184_UCR_Anomaly_resperation10_48000_130700_131880,knn,0.18155258707045477,0.18202892555693095,0.23267342391722107,0.23266195617395785
ucr,184_UCR_Anomaly_resperation10_48000_130700_131880,lof,0.20474073931696896,0.20365861947955066,0.25613165978905167,0.2561255708679721
ucr,184_UCR_Anomaly_resperation10_48000_130700_131880,ae,0.4095914419937665,0.4097222594937354,0.46597384350666093,0.4660730367732558
ucr,184_UCR_Anomaly_resperation10_48000_130700_131880,iforest,0.034803419059080576,0.03481867088450444,0.03740262346374198,0.0374031550100469
ucr,193_UCR_Anomaly_s20101m_10000_35774_35874,timesfm_resid,0.008997724686569225,0.009904294996696088,0.09459345882218592,0.13481447971546334
ucr,193_UCR_Anomaly_s20101m_10000_35774_35874,tirex_resid,0.008411366722802535,0.009466393724804272,0.04325945714949585,0.08425870982816727
ucr,193_UCR_Anomaly_s20101m_10000_35774_35874,chronos_base_resid,0.006661383327344788,0.0065457895232964945,0.02991179344620071,0.028939169686554952
ucr,193_UCR_Anomaly_s20101m_10000_35774_35874,chronos_small_resid,0.0056740905664024515,0.005522453916985248,0.006632144463541332,0.00607376347489087
ucr,193_UCR_Anomaly_s20101m_10000_35774_35874,knn,0.6874888657051197,0.6875192669066794,0.7506651476274997,0.7506705127623571
ucr,193_UCR_Anomaly_s20101m_10000_35774_35874,lof,0.6996273579484195,0.7071977576024263,0.688244872991669,0.6845273769314209
ucr,193_UCR_Anomaly_s20101m_10000_35774_35874,ae,0.4543913038238425,0.4596211029455104,0.4847071494613502,0.48470748954945164
ucr,193_UCR_Anomaly_s20101m_10000_35774_35874,iforest,0.003923142686924598,0.0038883359096232696,0.003615374787324864,0.003615221381613335
ucr,196_UCR_Anomaly_sel840mECG2_20000_49370_49740,timesfm_resid,0.022033563680754667,0.02238977222513399,0.02137655692694397,0.026339079766385432
ucr,196_UCR_Anomaly_sel840mECG2_20000_49370_49740,tirex_resid,0.01680393944880653,0.017399430745170558,0.015757233614243284,0.0186703700948744
ucr,196_UCR_Anomaly_sel840mECG2_20000_49370_49740,chronos_base_resid,0.01569935983348084,0.016432069419316492,0.019272141996305836,0.024927563547142734
ucr,196_UCR_Anomaly_sel840mECG2_20000_49370_49740,chronos_small_resid,0.016014708932225293,0.01649985673284942,0.026722993785556166,0.02894100442963765
ucr,196_UCR_Anomaly_sel840mECG2_20000_49370_49740,knn,0.03962358616115437,0.0396316901676612,0.04635623737348978,0.04628109480551809
ucr,196_UCR_Anomaly_sel840mECG2_20000_49370_49740,lof,0.03760923633164259,0.037790484872925814,0.04294971129995524,0.04298248792386035
ucr,196_UCR_Anomaly_sel840mECG2_20000_49370_49740,ae,0.018213720752405335,0.018199121523538957,0.018994124310899224,0.018994767391941655
ucr,196_UCR_Anomaly_sel840mECG2_20000_49370_49740,iforest,0.009407539423052032,0.009410310095749747,0.009064346204043023,0.009066524633840965
ucr,203_UCR_Anomaly_CHARISfive_10500_10995_11028,timesfm_resid,0.0028146307985765463,0.0027602485835529363,0.016428196638302743,0.01929046276220512
ucr,203_UCR_Anomaly_CHARISfive_10500_10995_11028,tirex_resid,0.003236672181824167,0.003379220363278226,0.00837197213081484,0.013704199745953155
ucr,203_UCR_Anomaly_CHARISfive_10500_10995_11028,chronos_base_resid,0.00267167665488779,0.00268238123203842,0.0026780847736736315,0.0031888410113773006
ucr,203_UCR_Anomaly_CHARISfive_10500_10995_11028,chronos_small_resid,0.0027621032753693897,0.00276885967116723,0.003651139816195692,0.0047674753006672396
ucr,203_UCR_Anomaly_CHARISfive_10500_10995_11028,knn,0.002761648809829286,0.002778214245469279,0.0025596669368085434,0.0025632712742354744
ucr,203_UCR_Anomaly_CHARISfive_10500_10995_11028,lof,0.0012088977178897975,0.001187450288737919,0.001130670262707926,0.001130864092257332
ucr,203_UCR_Anomaly_CHARISfive_10500_10995_11028,ae,0.00151612231823913,0.0015342434301788973,0.0013751700703234205,0.001376731774553705
ucr,203_UCR_Anomaly_CHARISfive_10500_10995_11028,iforest,0.004200459122490498,0.004098899911914979,0.00414944968024492,0.004148820310541938
ucr,206_UCR_Anomaly_CHARISten_25130_29080_29140,timesfm_resid,0.03282913419446307,0.03250811008727809,0.12902933378379827,0.1339652685604161
ucr,206_UCR_Anomaly_CHARISten_25130_29080_29140,tirex_resid,0.04833777360780746,0.056658038662397894,0.1762623700246037,0.18662097302813058
ucr,206_UCR_Anomaly_CHARISten_25130_29080_29140,chronos_base_resid,0.007529161065356416,0.0068805004025901065,0.011031848789466742,0.014377640053795469
ucr,206_UCR_Anomaly_CHARISten_25130_29080_29140,chronos_small_resid,0.006087222572838945,0.005766309693353421,0.005499958064479138,0.005359371781447037
ucr,206_UCR_Anomaly_CHARISten_25130_29080_29140,knn,0.2414793150414845,0.2401172880240098,0.2325600253309975,0.2324886548447314
ucr,206_UCR_Anomaly_CHARISten_25130_29080_29140,lof,0.25177653921038096,0.24314343389503074,0.19531479412965003,0.1851914818840605
ucr,206_UCR_Anomaly_CHARISten_25130_29080_29140,ae,0.23257763864357725,0.24104705829890638,0.2280857806374922,0.22800760392900427
ucr,206_UCR_Anomaly_CHARISten_25130_29080_29140,iforest,0.01229350463576976,0.01240736312240895,0.011866804436645628,0.011854840643015667
ucr,209_UCR_Anomaly_Fantasia_19000_26970_27270,timesfm_resid,0.009811991789057724,0.010039839182499649,0.09379664019435395,0.04224662766308743
ucr,209_UCR_Anomaly_Fantasia_19000_26970_27270,tirex_resid,0.008638708777523938,0.008596101508362947,0.11470822701446379,0.0990008186522434
ucr,209_UCR_Anomaly_Fantasia_19000_26970_27270,chronos_base_resid,0.007500472390130247,0.007558071274498266,0.026233184712544075,0.02205329173943705
ucr,209_UCR_Anomaly_Fantasia_19000_26970_27270,chronos_small_resid,0.007812534368205844,0.00791213424008869,0.028971768427544273,0.02464977955090509
ucr,209_UCR_Anomaly_Fantasia_19000_26970_27270,knn,0.05412793042632742,0.05425635418354512,0.05261022432089092,0.0525328986161961
ucr,209_UCR_Anomaly_Fantasia_19000_26970_27270,lof,0.012459595049417271,0.012442263055416992,0.013279531135784658,0.013260048536581123
ucr,209_UCR_Anomaly_Fantasia_19000_26970_27270,ae,0.3182325396731409,0.3190808369747786,0.35573371114514185,0.3558251935040109
ucr,209_UCR_Anomaly_Fantasia_19000_26970_27270,iforest,0.005296131530415911,0.005295269790407452,0.0053102356145257774,0.005311638460614831
ucr,212_UCR_Anomaly_Italianpowerdemand_8913_29480_29504,timesfm_resid,0.003995633403078307,0.003499793925246096,0.0026913821842027555,0.0024285540079211974
ucr,212_UCR_Anomaly_Italianpowerdemand_8913_29480_29504,tirex_resid,0.005099139886420932,0.004939536798106279,0.004315683046532208,0.004463952618645858
ucr,212_UCR_Anomaly_Italianpowerdemand_8913_29480_29504,chronos_base_resid,0.007219918652503073,0.007011300419031842,0.005834635088853325,0.005872687319695859
ucr,212_UCR_Anomaly_Italianpowerdemand_8913_29480_29504,chronos_small_resid,0.007121819985111657,0.006996056994453147,0.007342378444302655,0.007012708447980445
ucr,212_UCR_Anomaly_Italianpowerdemand_8913_29480_29504,knn,0.009392911111896957,0.009333564425829634,0.00845697249404265,0.008460431125973687
ucr,212_UCR_Anomaly_Italianpowerdemand_8913_29480_29504,lof,0.0011169672760011633,0.001107043623559272,0.001089241736121514,0.0010890918865095556
ucr,212_UCR_Anomaly_Italianpowerdemand_8913_29480_29504,ae,0.015957122122619707,0.015798081227292045,0.016547123808409916,0.016776717847493204
ucr,212_UCR_Anomaly_Italianpowerdemand_8913_29480_29504,iforest,0.0013466781283358019,0.0012379532717123204,0.0013573615557746707,0.0013602477329050767
ucr,215_UCR_Anomaly_STAFFIIIDatabase_36276_106720_107370,timesfm_resid,0.003177929876521977,0.003236422538948313,0.0035430853959643235,0.0036397954681103373
ucr,215_UCR_Anomaly_STAFFIIIDatabase_36276_106720_107370,tirex_resid,0.0027877393304059743,0.0027339934813882323,0.0028683783129548985,0.0027733008027144355
ucr,215_UCR_Anomaly_STAFFIIIDatabase_36276_106720_107370,chronos_base_resid,0.0028344340976470227,0.0028449277549498467,0.002642971055472439,0.002598867696342431
ucr,215_UCR_Anomaly_STAFFIIIDatabase_36276_106720_107370,chronos_small_resid,0.0027582206371249912,0.0027677537175324653,0.002644852734519498,0.0025808629940192425
ucr,215_UCR_Anomaly_STAFFIIIDatabase_36276_106720_107370,knn,0.023792337293650143,0.023844532147223693,0.02771168062243124,0.027711952222412642
ucr,215_UCR_Anomaly_STAFFIIIDatabase_36276_106720_107370,lof,0.013026196789821013,0.013087167036072836,0.01369351212786849,0.013693114360877378
ucr,215_UCR_Anomaly_STAFFIIIDatabase_36276_106720_107370,ae,0.013549355870540517,0.012369011059289054,0.01529393969863146,0.015293555637793513
ucr,215_UCR_Anomaly_STAFFIIIDatabase_36276_106720_107370,iforest,0.0026057129506716235,0.0026016526573297985,0.0025235041299638767,0.0025232614679522097
ucr,218_UCR_Anomaly_STAFFIIIDatabase_41117_210720_211370,timesfm_resid,0.003263959466349105,0.003517774972840175,0.0036531284526286505,0.004795810108030678
ucr,218_UCR_Anomaly_STAFFIIIDatabase_41117_210720_211370,tirex_resid,0.0030312583237263454,0.003030211037933994,0.0032263042310277153,0.0038972233689535682
ucr,218_UCR_Anomaly_STAFFIIIDatabase_41117_210720_211370,chronos_base_resid,0.0029813692376652223,0.003102507631307735,0.003100807344607716,0.003253623262475713
ucr,218_UCR_Anomaly_STAFFIIIDatabase_41117_210720_211370,chronos_small_resid,0.0032590323793247394,0.0033666486987044995,0.0032455215251198126,0.0034484543171949553
ucr,218_UCR_Anomaly_STAFFIIIDatabase_41117_210720_211370,knn,0.047622835581622044,0.04749966728783087,0.052165100679835055,0.05217336664952875
ucr,218_UCR_Anomaly_STAFFIIIDatabase_41117_210720_211370,lof,0.058421960764632866,0.0583876178524027,0.06428244539333289,0.06428283747188603
ucr,218_UCR_Anomaly_STAFFIIIDatabase_41117_210720_211370,ae,0.054577981453808044,0.05352745342917611,0.07460389228030403,0.07460742576102534
ucr,218_UCR_Anomaly_STAFFIIIDatabase_41117_210720_211370,iforest,0.006737934338543047,0.006754763922223233,0.008964127998995472,0.008964327425965306
ucr,222_UCR_Anomaly_mit14046longtermecg_56123_91200_91700,timesfm_resid,0.006016259851573211,0.005918489516992927,0.02760130196645908,0.02624597010560891
ucr,222_UCR_Anomaly_mit14046longtermecg_56123_91200_91700,tirex_resid,0.005505279692972544,0.005401591905276873,0.02184358877034747,0.020535974796237186
ucr,222_UCR_Anomaly_mit14046longtermecg_56123_91200_91700,chronos_base_resid,0.005814767551379581,0.005712079204640308,0.01367729976966156,0.013696507463416593
ucr,222_UCR_Anomaly_mit14046longtermecg_56123_91200_91700,chronos_small_resid,0.004823816259900735,0.00473289163792168,0.012757385593631633,0.011894760707153708
ucr,222_UCR_Anomaly_mit14046longtermecg_56123_91200_91700,knn,0.07243242352816044,0.07245061299988165,0.07660694148433307,0.0766136545143083
ucr,222_UCR_Anomaly_mit14046longtermecg_56123_91200_91700,lof,0.006515193483034028,0.006503861203359225,0.006918614524010749,0.006922592705475523
ucr,222_UCR_Anomaly_mit14046longtermecg_56123_91200_91700,ae,0.0618088460434376,0.06194001779955985,0.07218363324835178,0.07219288202361715
ucr,222_UCR_Anomaly_mit14046longtermecg_56123_91200_91700,iforest,0.03705906081072265,0.031191017249731313,0.03443778210308314,0.03443738765368688
ucr,225_UCR_Anomaly_mit14046longtermecg_81214_143000_143300,timesfm_resid,0.0048494880838448945,0.004794388542482259,0.008631770341126953,0.008859805610755531
ucr,225_UCR_Anomaly_mit14046longtermecg_81214_143000_143300,tirex_resid,0.00431524031373145,0.004324859424027288,0.007398337953781584,0.007454028730994464
ucr,225_UCR_Anomaly_mit14046longtermecg_81214_143000_143300,chronos_base_resid,0.005864645398684639,0.005811433642989581,0.014680887865605091,0.01442623261642901
ucr,225_UCR_Anomaly_mit14046longtermecg_81214_143000_143300,chronos_small_resid,0.005993417047162763,0.005962203151688695,0.016502136526787628,0.016112516156185128
ucr,225_UCR_Anomaly_mit14046longtermecg_81214_143000_143300,knn,0.042610787342331743,0.042747427671531654,0.04889543721658955,0.048898580581603124
ucr,225_UCR_Anomaly_mit14046longtermecg_81214_143000_143300,lof,0.1955399150844121,0.19561982063462996,0.24468943882306754,0.24576220444096275
ucr,225_UCR_Anomaly_mit14046longtermecg_81214_143000_143300,ae,0.04540403633949275,0.04554493971340501,0.050688753084409024,0.050646094818851864
ucr,225_UCR_Anomaly_mit14046longtermecg_81214_143000_143300,iforest,0.00696987362240253,0.006966678774801069,0.006642450418586144,0.006642470826160272
ucr,228_UCR_Anomaly_mit14134longtermecg_11361_47830_47850,timesfm_resid,0.0020888610788077407,0.0021817155470274996,0.008508517312989464,0.006462443876845316
ucr,228_UCR_Anomaly_mit14134longtermecg_11361_47830_47850,tirex_resid,0.0018273462325285013,0.0018380361215846858,0.005202514588260904,0.0039505351635065345
ucr,228_UCR_Anomaly_mit14134longtermecg_11361_47830_47850,chronos_base_resid,0.002465897401993024,0.0027560438701896483,0.016888404134676474,0.01468667256692292
ucr,228_UCR_Anomaly_mit14134longtermecg_11361_47830_47850,chronos_small_resid,0.0016826464958056503,0.0016804787694235297,0.0025263312638044554,0.002075158315129944
ucr,228_UCR_Anomaly_mit14134longtermecg_11361_47830_47850,knn,0.05083701413945825,0.05103727693798726,0.03186823272031016,0.03164333825012842
ucr,228_UCR_Anomaly_mit14134longtermecg_11361_47830_47850,lof,0.057791793405932976,0.058265152040411064,0.034025632850752704,0.03402616305761082
ucr,228_UCR_Anomaly_mit14134longtermecg_11361_47830_47850,ae,0.048639851744419385,0.0493158242893028,0.022667662246504745,0.022477211262162837
ucr,228_UCR_Anomaly_mit14134longtermecg_11361_47830_47850,iforest,0.005369230162783754,0.005509557989189279,0.004337637880358285,0.004338117715698383
ucr,231_UCR_Anomaly_mit14134longtermecg_8763_47530_47790,timesfm_resid,0.008447856050131734,0.008354261186872382,0.00845193524991182,0.008118378975905156
ucr,231_UCR_Anomaly_mit14134longtermecg_8763_47530_47790,tirex_resid,0.008660614291160766,0.00854737851824174,0.008590235683669541,0.00825096478562279
ucr,231_UCR_Anomaly_mit14134longtermecg_8763_47530_47790,chronos_base_resid,0.00712831102540751,0.007052023008311634,0.005962408913596727,0.005821247332342495
ucr,231_UCR_Anomaly_mit14134longtermecg_8763_47530_47790,chronos_small_resid,0.006619011282934488,0.0065670820362110725,0.005191362294257809,0.005114714635569841
ucr,231_UCR_Anomaly_mit14134longtermecg_8763_47530_47790,knn,0.049182602269895695,0.049135497778601656,0.056410644724821615,0.056429513116831864
ucr,231_UCR_Anomaly_mit14134longtermecg_8763_47530_47790,lof,0.0290458683937171,0.028957317141312076,0.035430538534552324,0.035536828865717615
ucr,231_UCR_Anomaly_mit14134longtermecg_8763_47530_47790,ae,0.005135946898694663,0.005133911065888647,0.004971379498739085,0.00497066959690306
ucr,231_UCR_Anomaly_mit14134longtermecg_8763_47530_47790,iforest,0.007807941824053593,0.00783316128882764,0.008197194219437265,0.008193407734581583
ucr,237_UCR_Anomaly_mit14157longtermecg_19313_89560_90370,timesfm_resid,0.024891493185356668,0.02468147492835846,0.060712312876692376,0.06306911610111271
ucr,237_UCR_Anomaly_mit14157longtermecg_19313_89560_90370,tirex_resid,0.022696163929848433,0.022669435750622642,0.04848838796717686,0.05178173173533362
ucr,237_UCR_Anomaly_mit14157longtermecg_19313_89560_90370,chronos_base_resid,0.01626354315260453,0.016069267100227876,0.055497879570946436,0.059301550331172626
ucr,237_UCR_Anomaly_mit14157longtermecg_19313_89560_90370,chronos_small_resid,0.013441555410597534,0.013279602106784739,0.046497612728680006,0.04559616696427461
ucr,237_UCR_Anomaly_mit14157longtermecg_19313_89560_90370,knn,0.1770432865571745,0.17696777567420097,0.18824686056963696,0.1882712820531008
ucr,237_UCR_Anomaly_mit14157longtermecg_19313_89560_90370,lof,0.15615531754290546,0.15580768115302968,0.18029372586174114,0.18039643481704848
ucr,237_UCR_Anomaly_mit14157longtermecg_19313_89560_90370,ae,0.13420300442154778,0.13430455504894612,0.13753149661378494,0.1375468360087822
ucr,237_UCR_Anomaly_mit14157longtermecg_19313_89560_90370,iforest,0.059972914400561086,0.06001169062856988,0.06019006289327708,0.06019044914586452
ucr,241_UCR_Anomaly_taichidbS0715Master_250000_837400_839100,timesfm_resid,0.002272585655597645,0.0022864509564105543,0.0022052831778029292,0.002216329795541784
ucr,241_UCR_Anomaly_taichidbS0715Master_250000_837400_839100,tirex_resid,0.003183449721394801,0.002602370568869468,0.0024266708629008564,0.002914632553947686
ucr,241_UCR_Anomaly_taichidbS0715Master_250000_837400_839100,chronos_base_resid,0.002715118435401625,0.002612810268437537,0.0025023892935893497,0.0024807635126008064
ucr,241_UCR_Anomaly_taichidbS0715Master_250000_837400_839100,chronos_small_resid,0.002680112425942728,0.0025813206316398,0.002394994826848163,0.0024173148152485035
ucr,241_UCR_Anomaly_taichidbS0715Master_250000_837400_839100,knn,0.008610437898589764,0.008842926225095863,0.010166161575183713,0.010288704100146139
ucr,241_UCR_Anomaly_taichidbS0715Master_250000_837400_839100,lof,0.009789243239367224,0.010223843840160275,0.009097682594854684,0.009297241777475929
ucr,241_UCR_Anomaly_taichidbS0715Master_250000_837400_839100,ae,0.0023550216845070167,0.0022673036159447492,0.0021882838484487935,0.002125129947964991
ucr,241_UCR_Anomaly_taichidbS0715Master_250000_837400_839100,iforest,0.0027306319652177953,0.002647176219898497,0.002717227015230195,0.0026520967702270332
ucr,244_UCR_Anomaly_tilt12754table_100013_104630_104890,timesfm_resid,0.005540672552197523,0.0056119763583981925,0.026457389669692223,0.025750749834185165
ucr,244_UCR_Anomaly_tilt12754table_100013_104630_104890,tirex_resid,0.0021661699567303936,0.0022923205493427957,0.002967374327641049,0.003305919381774175
ucr,244_UCR_Anomaly_tilt12754table_100013_104630_104890,chronos_base_resid,0.003270713213335585,0.0037145486916942048,0.012474948695441006,0.016549386877930415
ucr,244_UCR_Anomaly_tilt12754table_100013_104630_104890,chronos_small_resid,0.0027073029301512806,0.0028559586117010965,0.006545167693360425,0.00822572066021154
ucr,244_UCR_Anomaly_tilt12754table_100013_104630_104890,knn,0.015127207763687648,0.015127630561010416,0.01669232330134632,0.016693115091441807
ucr,244_UCR_Anomaly_tilt12754table_100013_104630_104890,lof,0.00930148247905897,0.009295366723916818,0.010438119193615508,0.010442420208982704
ucr,244_UCR_Anomaly_tilt12754table_100013_104630_104890,ae,0.01142404026272581,0.011426080270066898,0.013177562114638084,0.013171751546182768
ucr,244_UCR_Anomaly_tilt12754table_100013_104630_104890,iforest,0.001769046730744518,0.0017707796495141067,0.001608068229764743,0.0016080845816095596
ucr,247_UCR_Anomaly_tilt12755mtable_50211_121900_121980,timesfm_resid,0.0026600423126087003,0.002392024544411853,0.005845550908633519,0.004451398619943958
ucr,247_UCR_Anomaly_tilt12755mtable_50211_121900_121980,tirex_resid,0.002073632277884066,0.001594098138769374,0.0034202459022355724,0.002238216080913501
ucr,247_UCR_Anomaly_tilt12755mtable_50211_121900_121980,chronos_base_resid,0.0011523091936899857,0.0011247539547212118,0.0013019794299103642,0.0013680973677595216
ucr,247_UCR_Anomaly_tilt12755mtable_50211_121900_121980,chronos_small_resid,0.000979316766085331,0.0009026747109790669,0.0009037329503518894,0.000778114048753373
ucr,247_UCR_Anomaly_tilt12755mtable_50211_121900_121980,knn,0.006024053436806066,0.006029413465698993,0.00672824228689933,0.006749234469240651
ucr,247_UCR_Anomaly_tilt12755mtable_50211_121900_121980,lof,0.05002182201809703,0.0499835543021767,0.0678684671281893,0.0675873714014524
ucr,247_UCR_Anomaly_tilt12755mtable_50211_121900_121980,ae,0.0048289585519442615,0.004809651459067338,0.004717511121818077,0.0047148169568812055
ucr,247_UCR_Anomaly_tilt12755mtable_50211_121900_121980,iforest,0.0015900559529246796,0.0015931141557525728,0.0017928690661002137,0.001807092068605525
ucr,250_UCR_Anomaly_weallwalk_2951_7290_7296,timesfm_resid,0.0074137164402852465,0.007032332017586857,0.01898502730220741,0.021066664860595503
ucr,250_UCR_Anomaly_weallwalk_2951_7290_7296,tirex_resid,0.005722359694910825,0.0048587737567448806,0.009769823657936074,0.010603986624876782
ucr,250_UCR_Anomaly_weallwalk_2951_7290_7296,chronos_base_resid,0.005314023127245983,0.004321184003736878,0.007222760704671704,0.007411370835295718
ucr,250_UCR_Anomaly_weallwalk_2951_7290_7296,chronos_small_resid,0.004797862446681043,0.0038705696862201436,0.008916187025894804,0.009126718423958298
ucr,250_UCR_Anomaly_weallwalk_2951_7290_7296,knn,0.11381933853196913,0.11910681379692531,0.1090295880681402,0.11269920277073253
ucr,250_UCR_Anomaly_weallwalk_2951_7290_7296,lof,0.03168174819909948,0.03432280492252433,0.04073998985544124,0.037102699045589486
ucr,250_UCR_Anomaly_weallwalk_2951_7290_7296,ae,0.005275625716427644,0.005330656653913567,0.008714238804770725,0.008514967661874172
ucr,250_UCR_Anomaly_weallwalk_2951_7290_7296,iforest,0.07607942680020652,0.08945460870590555,0.04447555335951597,0.04375343076876847
nasa,A-1,timesfm_resid,0.014033117838248817,0.013976620685044648,0.013180292099115715,0.013096587978940089
nasa,A-1,tirex_resid,0.015479833107622236,0.015626073226000903,0.015002060694185575,0.014941294810454638
nasa,A-1,chronos_base_resid,0.016852854947622974,0.016261720165636696,0.012964161536260198,0.013299943446954347
nasa,A-1,chronos_small_resid,0.01707042763174132,0.0169068973897332,0.01934491716847442,0.018654704588036506
nasa,A-1,knn,0.014735351957178205,0.014823070764287563,0.01511384415421551,0.015074202283497179
nasa,A-1,lof,0.012341080937559888,0.012349869130676348,0.013362103141652822,0.013561183425530214
nasa,A-1,ae,0.5067440220376503,0.501385511638835,0.6882334575041855,0.6770903375723937
nasa,A-1,iforest,0.009940060059862282,0.009933448778131685,0.01088317174258117,0.010946458758575002
nasa,A-2,timesfm_resid,0.021991399053797288,0.021986847755960076,0.013244658244245217,0.01413795819896275
nasa,A-2,tirex_resid,0.02824535604443544,0.02763750245568118,0.015712253913636225,0.01583378939964032
nasa,A-2,chronos_base_resid,0.019644490949590962,0.019771482994894354,0.013246251734163682,0.014480957695315917
nasa,A-2,chronos_small_resid,0.01800636450777273,0.01827639751831721,0.012932504538993823,0.013872974402170769
nasa,A-2,knn,0.012008770344295941,0.012016781327347455,0.011895356675118075,0.011871922684861827
nasa,A-2,lof,0.01245483721497544,0.01209266297616805,0.01185342537615736,0.011757249837347158
nasa,A-2,ae,0.012854665424768947,0.012476877324722774,0.012958958141100083,0.012861999853601489
nasa,A-2,iforest,0.012877152133501853,0.012689949311640763,0.012373709606838475,0.01235188022336639
nasa,A-3,timesfm_resid,0.03669743020747511,0.03592340636243907,0.027184762800706207,0.024651055188591404
nasa,A-3,tirex_resid,0.043615505446665884,0.04342373446173847,0.03302357348103342,0.03127008466085585
nasa,A-3,chronos_base_resid,0.042382271802045346,0.03751502219547336,0.027967820259567726,0.026071797736492822
nasa,A-3,chronos_small_resid,0.03493581157685026,0.03475041089928198,0.02822196027726567,0.026313337082024674
nasa,A-3,knn,0.0204327318939774,0.02044709409891452,0.020371702342630752,0.0203720979349507
nasa,A-3,lof,0.022187258040475083,0.021415228180939973,0.020632293340871723,0.02064021777137705
nasa,A-3,ae,0.03154517603290589,0.03160872351311901,0.03587872549175213,0.03590677469912883
nasa,A-3,iforest,0.02329705158981443,0.02279069680749454,0.022401350867242435,0.0223676528359547
nasa,A-4,timesfm_resid,0.02271474132476515,0.023838702118067805,0.01487527865451655,0.017372567480519137
nasa,A-4,tirex_resid,0.021977032848561485,0.028670944537104063,0.016614637288701876,0.018889790431274894
nasa,A-4,chronos_base_resid,0.023570925165974192,0.02413505436784602,0.016978094546669553,0.018719338761951424
nasa,A-4,chronos_small_resid,0.021667801626481978,0.02862446543567363,0.015059941013037974,0.01683356507239039
nasa,A-4,knn,0.012288585195435561,0.0123351848792651,0.011952886580418475,0.01196679834786245
nasa,A-4,lof,0.013303525678659498,0.012948516770037154,0.012325662094979904,0.012319190555216806
nasa,A-4,ae,0.014497147321111443,0.014145255477079684,0.013863343534905924,0.013890209605368511
nasa,A-4,iforest,0.013909205391409423,0.013649048187358409,0.013552594729109673,0.013497583090641845
nasa,A-5,timesfm_resid,0.1400225920941548,0.11218481977829894,0.1587046415728986,0.164277559126503
nasa,A-5,tirex_resid,0.23393461266392193,0.23478681764781176,0.1877085508510414,0.19063354152072332
nasa,A-5,chronos_base_resid,0.10241706095563652,0.10354409644558657,0.14414013711646964,0.14747041221426754
nasa,A-5,chronos_small_resid,0.10767933412436921,0.10841949302505538,0.1465956377262972,0.15266330639642745
nasa,A-5,knn,0.02698229657854202,0.02836906167537922,0.02316094785253277,0.02313078915657154
nasa,A-5,lof,0.016304347826086956,0.016304347826086956,0.016655780535597648,0.016655780535597648
nasa,A-5,ae,0.032037658352360276,0.03339864624668183,0.023020019545409186,0.022984515108365973
nasa,A-5,iforest,0.024615719195138438,0.024668912598986348,0.024867893785173904,0.024872116192717623
nasa,A-6,timesfm_resid,0.06041470783314652,0.06046614824086054,0.08719792995068062,0.08856259449433496
nasa,A-6,tirex_resid,0.025036398668822527,0.026029484844478444,0.0989547977393281,0.09805133229259619
nasa,A-6,chronos_base_resid,0.012373962080395087,0.011948403961920987,0.013808130604258569,0.015005025964214005
nasa,A-6,chronos_small_resid,0.012723987614283899,0.012427293521424321,0.014493415400463398,0.013357022512586188
nasa,A-6,knn,0.9200430717048735,0.9206539503881738,0.799964212026162,0.7999642120261619
nasa,A-6,lof,0.9003764690321974,0.8891919607487071,0.7492717674101521,0.7438307156513242
nasa,A-6,ae,0.946941558741025,0.9475030827192983,0.9158930330404265,0.9135006132068184
nasa,A-6,iforest,0.010649719515571358,0.012953576983453868,0.011342665366106376,0.014317964522526599
nasa,A-7,timesfm_resid,0.17078472210406018,0.17739314511611265,0.16188664818619886,0.16190231642457334
nasa,A-7,tirex_resid,0.2227930288423266,0.22318658752482778,0.18144820023663283,0.1666461038690069
nasa,A-7,chronos_base_resid,0.2509563814338821,0.24967019140134514,0.2451522984438363,0.24540992575168677
nasa,A-7,chronos_small_resid,0.2574633395279406,0.2551301027074293,0.2873982318629416,0.2897312255020378
nasa,A-7,knn,0.49250095736835353,0.4035457641524365,0.4752240144736945,0.47316956085739437
nasa,A-7,lof,0.2958393142949346,0.26426235291039835,0.28160405274737044,0.25210839784776307
nasa,A-7,ae,0.1674394374254446,0.19748486906233714,0.1658874264347228,0.16643801305958728
nasa,A-7,iforest,0.17820362830730754,0.16538524621992473,0.16513763490995542,0.1651288749201594
nasa,A-8,timesfm_resid,0.39853298476629573,0.3956788470316139,0.32844781941281265,0.3294406500107707
nasa,A-8,tirex_resid,0.4017567156808079,0.40169054273199034,0.3379664829918998,0.3405243459239249
nasa,A-8,chronos_base_resid,0.3772784435305594,0.376804415625423,0.3135069844086513,0.3134451316480524
nasa,A-8,chronos_small_resid,0.3690549296981303,0.367532250757302,0.3061073965841104,0.30594649795214424
nasa,A-8,knn,0.28313036011392345,0.28312148821536937,0.2831426935976825,0.28313017184765077
nasa,A-8,lof,0.2831303601139234,0.28313209665639916,0.28307279562406784,0.28306469930873623
nasa,A-8,ae,0.5415174438164954,0.5413319804973595,0.5334494758436799,0.5334706902708698
nasa,A-8,iforest,0.377200593069482,0.369899886766512,0.36838362899526944,0.3682137482708641
nasa,A-9,timesfm_resid,0.36187051904862266,0.3598112413915356,0.3614490607799116,0.3634326674392448
nasa,A-9,tirex_resid,0.35609229631313466,0.3581176083924395,0.36383451062068234,0.36418840594429136
nasa,A-9,chronos_base_resid,0.3424378029763587,0.347489444150862,0.33224765765375674,0.3371388315895417
nasa,A-9,chronos_small_resid,0.33324873398386856,0.34264104564002795,0.31174447900644875,0.3130305833365522
nasa,A-9,knn,0.5464405416858624,0.5454011654938163,0.5350857976871755,0.5350571169484679
nasa,A-9,lof,0.5465708139843977,0.5461139857059798,0.5352883186542119,0.5352853963691391
nasa,A-9,ae,0.5463771050736399,0.5463480866958461,0.5359052720589991,0.5359009155556056
nasa,A-9,iforest,0.2838954299399799,0.2822369977990013,0.28320092999031654,0.283160567757656
nasa,B-1,timesfm_resid,0.01323968175037295,0.01323968175037295,0.01323968175037295,0.01323968175037295
nasa,B-1,tirex_resid,0.010664255974968596,0.01067315143836986,0.01073937104440687,0.010871499762382868
nasa,B-1,chronos_base_resid,0.010551802492872419,0.010738136237178847,0.011217869547872898,0.010872786212749218
nasa,B-1,chronos_small_resid,0.01062687251932537,0.01071043974788357,0.011204507527229991,0.01101948579147265
nasa,B-1,knn,0.022991909033945816,0.022927462259004768,0.021477513340096815,0.021477513340096815
nasa,B-1,lof,0.022998610899754746,0.022917491482046817,0.02150271149285749,0.021492193453252845
nasa,B-1,ae,0.02351874700505047,0.023033718557965148,0.022065019547102813,0.021718465739271026
nasa,B-1,iforest,0.01323968175037295,0.011077833554615328,0.01331547200567221,0.01175128202132291
nasa,C-1,timesfm_resid,0.25022867842225205,0.23973734477982625,0.19215530747562096,0.19861250494163046
nasa,C-1,tirex_resid,0.25137188858615844,0.23501579201684178,0.19131715691504247,0.19768883404926121
nasa,C-1,chronos_base_resid,0.25871107731308357,0.23251690984770115,0.19239217949379644,0.19917304026458862
nasa,C-1,chronos_small_resid,0.2755898447789604,0.23477248215562296,0.1928252825701564,0.19848165294340853
nasa,C-1,knn,0.20124935877374667,0.20089396890201974,0.21070576753174602,0.21067875437777628
nasa,C-1,lof,0.19628360909984865,0.19606002375534062,0.20333704898012672,0.20324674560527498
nasa,C-1,ae,0.5391630798913549,0.5416676386847552,0.584520960227402,0.5841163379265517
nasa,C-1,iforest,0.2226797955917511,0.22082519875927908,0.21831838786509328,0.21835314698789254
nasa,C-2,timesfm_resid,0.13831031590012638,0.13980300569543833,0.1253820339561761,0.13752995429477388
nasa,C-2,tirex_resid,0.19357959790302898,0.16791800064427442,0.12690626143560585,0.14445337787413262
nasa,C-2,chronos_base_resid,0.2414722177322382,0.1930015509520926,0.12758502953762732,0.14252380282181745
nasa,C-2,chronos_small_resid,0.22291276571156537,0.16775680673617344,0.1271636877595064,0.13977998637132333
nasa,C-2,knn,0.680347992784584,0.6809114966455094,0.6918033830781749,0.6918047523134971
nasa,C-2,lof,0.6804969241207779,0.6810814882179634,0.6914534212306289,0.6914424503772018
nasa,C-2,ae,0.6826118218678838,0.683752222938057,0.693232143066955,0.6931098759830211
nasa,C-2,iforest,0.12452392262813985,0.12369157759881426,0.14916784923744975,0.14903517877533934
nasa,D-11,timesfm_resid,0.08487105308730504,0.09188877244908566,0.1879542074574198,0.1834390826467523
nasa,D-11,tirex_resid,0.1018655704987591,0.09058092355647815,0.16516078332019718,0.1668169895007523
nasa,D-11,chronos_base_resid,0.13435818639589778,0.09632964627734121,0.19004481789626892,0.18701273314168465
nasa,D-11,chronos_small_resid,0.12439213551434108,0.0929359220043183,0.1722579126168816,0.18102477875284653
nasa,D-11,knn,0.10155501570256252,0.10164877873958521,0.09444359993046916,0.09422723961401147
nasa,D-11,lof,0.10191675611790171,0.10188806703587584,0.0947028584683921,0.09468474319682166
nasa,D-11,ae,0.10190826804722747,0.10233576186423146,0.09539711622478672,0.0953043925092256
nasa,D-11,iforest,0.012666573375632269,0.012709471435059395,0.013162965106704227,0.01316496700729905
nasa,D-12,timesfm_resid,0.35236170750189444,0.35236170750189444,0.35236170750189444,0.35236170750189444
nasa,D-12,tirex_resid,0.286843760809525,0.2874663046715984,0.28027795319896454,0.28032150978141335
nasa,D-12,chronos_base_resid,0.29003205159395096,0.2881675514957316,0.28155317066485075,0.28178475757954624
nasa,D-12,chronos_small_resid,0.2864459244483811,0.2852381449474276,0.2800275721968601,0.28035667303021494
nasa,D-12,knn,0.9035649271575721,0.9101279978807322,0.9090368008299715,0.9176080467066507
nasa,D-12,lof,0.9035712659872053,0.9101279978807322,0.9090390817719541,0.9176080467066507
nasa,D-12,ae,0.9022134207316952,0.909574775107576,0.9068531299494679,0.915648711230471
nasa,D-12,iforest,0.35236170750189444,0.35236170750189444,0.35057816664721514,0.35057816664721514
nasa,D-13,timesfm_resid,0.03151507242594284,0.03151507242594284,0.03151507242594284,0.03151507242594284
nasa,D-13,tirex_resid,0.023586238841070375,0.023596967797840245,0.023591131396971374,0.023565400422687868
nasa,D-13,chronos_base_resid,0.023728903265443135,0.023628591366527445,0.023438338885411598,0.023357121568290555
nasa,D-13,chronos_small_resid,0.02376925219552304,0.02363820905904201,0.025182202227509012,0.024542841533013487
nasa,D-13,knn,0.04352151546647673,0.04348013657056074,0.04303115465796542,0.04301465022949111
nasa,D-13,lof,0.04352161734775396,0.043649116244147794,0.04303115465796542,0.043090693798765574
nasa,D-13,ae,0.04387939828477437,0.04389170937262184,0.04401274530004666,0.04408527100319322
nasa,D-13,iforest,0.03151507242594284,0.03151507242594284,0.03192755156002115,0.03192755156002115
nasa,D-14,timesfm_resid,0.15863533786364464,0.15052504103082204,0.1417094552388956,0.1821138373329949
nasa,D-14,tirex_resid,0.18545448319087093,0.1689791758364566,0.1439149262811533,0.1823888376554642
nasa,D-14,chronos_base_resid,0.16687655662583895,0.15217052051151464,0.14924878188890633,0.18004103662387044
nasa,D-14,chronos_small_resid,0.22292816405450594,0.1704946857238377,0.15119663054269433,0.18470624415922024
nasa,D-14,knn,0.8911416661002758,0.8912025091581072,0.8839575856435635,0.8834411237275308
nasa,D-14,lof,0.8505351766369228,0.852038437948555,0.7815087046836129,0.7815616690152557
nasa,D-14,ae,0.9587264607560381,0.9587173462962986,0.9506746125007236,0.9508134100236634
nasa,D-14,iforest,0.07185392047079182,0.07059162506530646,0.07207394152228103,0.07205432839985254
nasa,D-15,timesfm_resid,0.37221704728408245,0.3732870057984463,0.4682508593823291,0.507565259748337
nasa,D-15,tirex_resid,0.390935206493373,0.3834402501623324,0.47518081744617746,0.518072586804498
nasa,D-15,chronos_base_resid,0.39045237467929184,0.37094350867896875,0.4704707108533185,0.51434217396232
nasa,D-15,chronos_small_resid,0.3942566825712567,0.372898789272934,0.4747731809006773,0.5150952028763343
nasa,D-15,knn,0.554544636430579,0.5550237016512278,0.6339454355013,0.6340103229119856
nasa,D-15,lof,0.5431824171695588,0.5432708694125169,0.6070473569852033,0.6070190853482238
nasa,D-15,ae,0.5026290895859991,0.5060723467659864,0.5092296406306479,0.5092802704242583
nasa,D-15,iforest,0.5856933637709718,0.5843307548753673,0.6159769346681825,0.6160770020405467
nasa,D-16,timesfm_resid,0.30038701913167953,0.3096879068895989,0.2724492915258602,0.2517666132457295
nasa,D-16,tirex_resid,0.3860010452626623,0.3655077509316418,0.2815673915397327,0.25859767585383175
nasa,D-16,chronos_base_resid,0.30342000086730525,0.32740773092671316,0.2733302399144888,0.25475286435187694
nasa,D-16,chronos_small_resid,0.2773876149401897,0.30717314611672697,0.27004143880125414,0.2533986028175683
nasa,D-16,knn,0.23672502472876805,0.23651913280335518,0.2417220488690462,0.24172522537202895
nasa,D-16,lof,0.26735082868549576,0.2629394773087185,0.25633948368087206,0.2563448901160015
nasa,D-16,ae,0.4245351265415598,0.4229579132197133,0.4398566657517534,0.4405033995847538
nasa,D-16,iforest,0.36949872294547215,0.3693042813912518,0.3750898139872241,0.3750538518910158
nasa,D-1,timesfm_resid,0.23601623751704015,0.23628332403764707,0.24295880939878625,0.24092093728297312
nasa,D-1,tirex_resid,0.23602536921723766,0.23616553769977958,0.23912511877537218,0.24026015586896968
nasa,D-1,chronos_base_resid,0.2362492205676826,0.23552273252284178,0.23561953001234645,0.23613352321889422
nasa,D-1,chronos_small_resid,0.235636888237161,0.2351984637673094,0.23729754967854685,0.23749717956291516
nasa,D-1,knn,0.26684252160156996,0.26690343557722807,0.27341121211275193,0.2733958902629395
nasa,D-1,lof,0.3701061477201092,0.2636311274193821,0.3721016672946549,0.2707497605163581
nasa,D-1,ae,0.5001618305027871,0.500080786305646,0.44901049299302453,0.4490409443216705
nasa,D-1,iforest,0.35945619462600253,0.250574984121834,0.3568105015780795,0.25343322873032453
nasa,D-2,timesfm_resid,0.4978814156650432,0.49769201354561743,0.45325439096082737,0.45084891609610145
nasa,D-2,tirex_resid,0.49147704376745527,0.491407828958859,0.4442798551669138,0.4417099746358448
nasa,D-2,chronos_base_resid,0.4922557944107049,0.4895588294640255,0.45829785611129237,0.4552415161202465
nasa,D-2,chronos_small_resid,0.5027906076816495,0.5033055183069269,0.47803263785400774,0.4720018785495816
nasa,D-2,knn,0.9737491371087892,0.9737491845673969,0.9738529128334993,0.9738515224401787
nasa,D-2,lof,0.9720347632315616,0.972075543159469,0.9722417719537457,0.9722432802470096
nasa,D-2,ae,0.9744534181199034,0.9744463220688899,0.9788368029125736,0.9788387651389522
nasa,D-2,iforest,0.44935283294696104,0.449375427677138,0.44974437470352713,0.44971873448665844
nasa,D-3,timesfm_resid,0.38736406496976605,0.388133656511333,0.33277247323204573,0.3385092323368129
nasa,D-3,tirex_resid,0.39106529362960146,0.3890854811004399,0.3473269452122845,0.34636463340655355
nasa,D-3,chronos_base_resid,0.3652451971422749,0.36387769116469176,0.3390308840462337,0.34120133159830307
nasa,D-3,chronos_small_resid,0.3707249234104989,0.36968470111773294,0.33764484651011395,0.3375053201100313
nasa,D-3,knn,0.3465644539060123,0.34661564619604124,0.3429951329839511,0.34301974804931834
nasa,D-3,lof,0.3223675025960101,0.32214170633621514,0.32084137117513956,0.32089950957377833
nasa,D-3,ae,0.4590498408338855,0.45909845587428727,0.4108005324595812,0.41074023376177654
nasa,D-3,iforest,0.4541891900013455,0.45386580599183096,0.4581742803824437,0.4581929963554577
nasa,D-4,timesfm_resid,0.38550368705909366,0.38316660200221253,0.33866994033315023,0.3289809397312451
nasa,D-4,tirex_resid,0.3853689407134441,0.38194239951672154,0.35462525578307325,0.3443364967243945
nasa,D-4,chronos_base_resid,0.3839314697039172,0.38169041311918855,0.35942485684941555,0.35057874282038304
nasa,D-4,chronos_small_resid,0.38581077205261527,0.38442603534579484,0.3573876337727155,0.3531778047269281
nasa,D-4,knn,0.3303588163194711,0.3303288880608042,0.32403178013245126,0.3240323827323021
nasa,D-4,lof,0.3270992569849838,0.32668829580547054,0.3216893790551453,0.32169057070756885
nasa,D-4,ae,0.3516912440975319,0.3517659997942959,0.31900812943750323,0.319012398405243
nasa,D-4,iforest,0.5852975015814126,0.5848902495770838,0.5964103006430994,0.5962891770343616
nasa,D-5,timesfm_resid,0.01444624542695402,0.014696463641264298,0.03961913513238618,0.04885769849787237
nasa,D-5,tirex_resid,0.01362586165801793,0.013572390641812147,0.03371838368388261,0.037698320389093286
nasa,D-5,chronos_base_resid,0.04123860376153206,0.016968432696236498,0.03624083774170686,0.03991893705080002
nasa,D-5,chronos_small_resid,0.023651728005285238,0.02020796722418189,0.0839151545533966,0.09967496986766422
nasa,D-5,knn,0.0478221981025434,0.047409705489503254,0.04117027106211057,0.04064867946473964
nasa,D-5,lof,0.06078989168037262,0.06069633136644052,0.05717419625731756,0.05684616839601642
nasa,D-5,ae,0.015013103205800007,0.014663779651774324,0.01160457768727064,0.011542743103308266
nasa,D-5,iforest,0.08947094887274154,0.08842078114717064,0.08102117022634958,0.08150442752870507
nasa,D-6,timesfm_resid,0.020619857456769516,0.01948399558445935,0.17247459781405422,0.14901700175479426
nasa,D-6,tirex_resid,0.02047902960872859,0.018729640114858913,0.1515253118298065,0.12517254411153464
nasa,D-6,chronos_base_resid,0.02151179934633111,0.021932101460973345,0.17203702210898145,0.14100469401128637
nasa,D-6,chronos_small_resid,0.026657951431428645,0.026087809604644668,0.5062256274335554,0.5454993714027179
nasa,D-6,knn,0.07676192256726283,0.07515957955702413,0.05652013476272329,0.0564151210613073
nasa,D-6,lof,0.12330839880539066,0.12375188610034298,0.10846864194065499,0.10814058829549415
nasa,D-6,ae,0.016991697068404372,0.016932124891314633,0.014449353191427327,0.014444316045445577
nasa,D-6,iforest,0.17994436574321548,0.18032529187815455,0.1894832009806392,0.1905032605550232
nasa,D-7,timesfm_resid,0.36906320100210893,0.37155632889424983,0.382494938724816,0.3789851277396447
nasa,D-7,tirex_resid,0.3719368916961341,0.37081079530276495,0.38851979989947694,0.3783437381976079
nasa,D-7,chronos_base_resid,0.3877251531015951,0.38589290164646006,0.38622276366859964,0.3771813741258603
nasa,D-7,chronos_small_resid,0.38683869698186163,0.38398902041660465,0.3899230002081904,0.3807545305171144
nasa,D-7,knn,0.8939644191358316,0.8936118770586878,0.9013486837929107,0.9013272439064872
nasa,D-7,lof,0.8933251917846401,0.8930672016921828,0.8991408524326616,0.8991232579171375
nasa,D-7,ae,0.9885427520746808,0.9885297723442406,0.9902631525367339,0.9902651857035855
nasa,D-7,iforest,0.3706936635283147,0.37056896665092276,0.3742714941304898,0.3742618092309956
nasa,D-8,timesfm_resid,0.009715519431038861,0.009715519431038861,0.009715519431038861,0.009715519431038861
nasa,D-8,tirex_resid,0.008014696391286397,0.008064778751285195,0.008074755915748227,0.00809669485343853
nasa,D-8,chronos_base_resid,0.008027781994816314,0.008086763910935959,0.00825554538828573,0.008044487516631374
nasa,D-8,chronos_small_resid,0.008009038438344178,0.00807720356577777,0.008178757932638631,0.007975668246663502
nasa,D-8,knn,0.10201124667979652,0.101210376387544,0.10182792954641992,0.10112352933679995
nasa,D-8,lof,0.1020809593374884,0.10032497566275557,0.10182792954641992,0.1003415774798513
nasa,D-8,ae,0.27114958828286845,0.27554080634901607,0.26446454625189453,0.26377295289495584
nasa,D-8,iforest,0.009715519431038861,0.008484208634554269,0.009792626728110598,0.008878776412203901
nasa,D-9,timesfm_resid,0.16276518533741413,0.16271332302539981,0.15994559101359493,0.15988214785855137
nasa,D-9,tirex_resid,0.1334386752505896,0.1333603574717846,0.13729515002975223,0.1370869849424539
nasa,D-9,chronos_base_resid,0.13432329722854633,0.13343426132445477,0.1368390313533307,0.13775895751334394
nasa,D-9,chronos_small_resid,0.13408780891617048,0.13355302608012226,0.13693134114953648,0.13787377396871026
nasa,D-9,knn,0.8599227383793369,0.8598725975950716,0.8830862698043879,0.8831530292447526
nasa,D-9,lof,0.8601851547598167,0.8798335639211763,0.8833860071077692,0.898889541294388
nasa,D-9,ae,0.8765992434535927,0.8954852459754727,0.9049874607055024,0.9196671487694656
nasa,D-9,iforest,0.16001962093417071,0.14425510957466997,0.15404629619729293,0.13917811619662918
nasa,E-10,timesfm_resid,0.06359671946435932,0.06334374982615988,0.05654215960216808,0.054081213240321585
nasa,E-10,tirex_resid,0.05949106318916639,0.06040968055653465,0.06627764981514801,0.05844953748478628
nasa,E-10,chronos_base_resid,0.07202094630844635,0.06959991320352345,0.0539425399257526,0.05313404677718335
nasa,E-10,chronos_small_resid,0.06133512629425074,0.061430458522491994,0.052499221048491175,0.052250504467649464
nasa,E-10,knn,0.7043797169434198,0.7043042835259512,0.6970926274864788,0.697074310448087
nasa,E-10,lof,0.6999615801981404,0.7001667839406863,0.715296080695597,0.7153636167223586
nasa,E-10,ae,0.2062247232141566,0.205337476011757,0.2347909754641933,0.23581418662291354
nasa,E-10,iforest,0.07017219373475236,0.06992840281677182,0.06877590301964151,0.06875643941473544
nasa,E-11,timesfm_resid,0.05561428614177116,0.05271044334977841,0.12135553347936374,0.08473702885060584
nasa,E-11,tirex_resid,0.06532527707195947,0.06373220400918106,0.15679304732708124,0.11347389441728842
nasa,E-11,chronos_base_resid,0.06366364510130709,0.05847043514069833,0.05540239371983531,0.05591281332846278
nasa,E-11,chronos_small_resid,0.05621651332158612,0.054454557144487624,0.06070269128705802,0.05480433649328704
nasa,E-11,knn,0.7311872557434882,0.7310365335435426,0.7123614567751453,0.7123449016742711
nasa,E-11,lof,0.7145314057568315,0.7147144453215881,0.7234334583375195,0.723443985523344
nasa,E-11,ae,0.18155171365995765,0.18100423984655611,0.21017134696491932,0.20906448861298074
nasa,E-11,iforest,0.068715070393761,0.0685370896757397,0.06691460748246565,0.0669256733214212
nasa,E-12,timesfm_resid,0.07925459368040119,0.07830398758371707,0.0629679304885401,0.06173031319538083
nasa,E-12,tirex_resid,0.09177404824211544,0.09190657344554631,0.07620085343953967,0.07149714175467568
nasa,E-12,chronos_base_resid,0.0846697149528679,0.08375793796642056,0.06212615876744301,0.06284055636243188
nasa,E-12,chronos_small_resid,0.0805292615439272,0.07953556449243386,0.06390774652086643,0.06385542969574419
nasa,E-12,knn,0.0815408086620758,0.08159147839133687,0.07547830248473147,0.07545556266872312
nasa,E-12,lof,0.062416404885579785,0.062414014249998956,0.06313244769211752,0.06313538547512206
nasa,E-12,ae,0.14719568765334262,0.14672692560971318,0.1669167511834226,0.16645682559922623
nasa,E-12,iforest,0.06003156379830925,0.059880794233792084,0.060161185612789055,0.06017532656033314
nasa,E-13,timesfm_resid,0.04907047657345895,0.04838710971615892,0.05174105325641204,0.050056891337127714
nasa,E-13,tirex_resid,0.04709008659275485,0.047571467253896015,0.053710316007823264,0.051360304260166176
nasa,E-13,chronos_base_resid,0.0484076280619098,0.04759594238533662,0.05069758943335443,0.04909040324990227
nasa,E-13,chronos_small_resid,0.051024235521878375,0.05064184315295775,0.05301922080546436,0.05196276297581469
nasa,E-13,knn,0.047343919282330976,0.047330363558328196,0.048117654229044377,0.04809335228726218
nasa,E-13,lof,0.052698818945347406,0.05270019164037137,0.05210769971627176,0.052107748010085435
nasa,E-13,ae,0.03578655212190776,0.03578119900256136,0.0368239680068535,0.03682531628717371
nasa,E-13,iforest,0.050253533397698336,0.0502108139537939,0.05117372270894151,0.05118139790437746
nasa,E-1,timesfm_resid,0.08048226379949823,0.07954257852506916,0.07519147905964403,0.07318821068952065
nasa,E-1,tirex_resid,0.08901973749238085,0.08922648393929808,0.09102644826068484,0.08478508414775754
nasa,E-1,chronos_base_resid,0.08881953447348165,0.08702187886667798,0.0668618883484436,0.06832439041680702
nasa,E-1,chronos_small_resid,0.08217739743930338,0.08096329315223266,0.06277514057823483,0.06309605105870503
nasa,E-1,knn,0.4758017048561083,0.47634568404384414,0.4633390442480701,0.463324920469247
nasa,E-1,lof,0.43799679369706446,0.4392870102774238,0.4604136459543496,0.4604361313807753
nasa,E-1,ae,0.15423174499598913,0.15404036844017657,0.1700224878084627,0.1706658192597976
nasa,E-1,iforest,0.0667901648268217,0.06677270245101985,0.06673748989255415,0.06676599642710893
nasa,E-2,timesfm_resid,0.11121185787874924,0.11104774725771557,0.11192296254098498,0.11076207809936911
nasa,E-2,tirex_resid,0.1090583005503952,0.10913399500256732,0.11018821243618974,0.10918541391374363
nasa,E-2,chronos_base_resid,0.1097141391462384,0.10941204729125012,0.10849745799070756,0.10824882039513245
nasa,E-2,chronos_small_resid,0.10817305433741792,0.10831328445334366,0.10846346111707907,0.10852782659064901
nasa,E-2,knn,0.10035882249012712,0.10056699319837364,0.10020159703018461,0.10015851753364367
nasa,E-2,lof,0.1244190768279671,0.10727836895614826,0.11159215740643089,0.11089074512435423
nasa,E-2,ae,0.15995764920452293,0.15980296121437276,0.17103198327813696,0.17137187480138788
nasa,E-2,iforest,0.11167925524625136,0.10892284586111345,0.1101275419168069,0.110156614654912
nasa,E-3,timesfm_resid,0.24886073063547295,0.24840246958196496,0.27866840734261555,0.2546521793366427
nasa,E-3,tirex_resid,0.2485864678971654,0.24794363194500307,0.2816395179306663,0.2663197508185152
nasa,E-3,chronos_base_resid,0.24899568241407,0.24900107843570116,0.26212129090928643,0.25412366085999816
nasa,E-3,chronos_small_resid,0.24612368606784674,0.2459218989619969,0.2705277354272167,0.2535561229448359
nasa,E-3,knn,0.31511398985807987,0.31514904464853616,0.3159773036665058,0.31598119980409023
nasa,E-3,lof,0.3360449066533547,0.3114884124911414,0.3265399752193666,0.3204347451174952
nasa,E-3,ae,0.30192599289803834,0.30188410818646766,0.31418021273463304,0.3140803274751584
nasa,E-3,iforest,0.27165033494181023,0.2703324991830721,0.27201020946634313,0.27204961661359905
nasa,E-4,timesfm_resid,0.2065146804854266,0.20635274454320607,0.21061612185459194,0.20848044567421986
nasa,E-4,tirex_resid,0.2070456585782965,0.20666729481434382,0.21080988650446433,0.21070331725480188
nasa,E-4,chronos_base_resid,0.2062556890460011,0.2056003037905939,0.2085984311270168,0.2088207355629974
nasa,E-4,chronos_small_resid,0.20711290104461216,0.20639137980386651,0.21178422539448835,0.2109375855194997
nasa,E-4,knn,0.2592186955864295,0.25899029706115917,0.26379277765035947,0.26396111019788504
nasa,E-4,lof,0.38186446922077655,0.2744383088812687,0.3834627968443132,0.284335596911292
nasa,E-4,ae,0.2622908841715972,0.2622458084895674,0.2743494062503187,0.2742301636943053
nasa,E-4,iforest,0.2325897304338667,0.2302952042328245,0.23690961576671044,0.23702903328790342
nasa,E-5,timesfm_resid,0.04881948868624378,0.04529565521697165,0.042888560891356765,0.03834015938619906
nasa,E-5,tirex_resid,0.05164605142451089,0.04839268619451148,0.08343309162394981,0.055265500790838924
nasa,E-5,chronos_base_resid,0.04989517363213713,0.046983366073718835,0.047676230288018234,0.04206266919820127
nasa,E-5,chronos_small_resid,0.050914511606460634,0.04669199510759633,0.05084298000396825,0.04839185666534116
nasa,E-5,knn,0.18087901162477477,0.1816067350324197,0.13879703856512984,0.1388519297041172
nasa,E-5,lof,0.2342148661108039,0.23205529052041637,0.2581408450498005,0.25815127498082363
nasa,E-5,ae,0.33157566484776935,0.3314653670423241,0.37686218196136323,0.37664078493230047
nasa,E-5,iforest,0.05606532549769863,0.05581016930947913,0.05147509650356108,0.05147432534225252
nasa,E-6,timesfm_resid,0.023978008533733434,0.022923503454718077,0.04098484175604246,0.01516429532381491
nasa,E-6,tirex_resid,0.026830846033439406,0.02166641923803533,0.05289399213621279,0.023766675696288618
nasa,E-6,chronos_base_resid,0.027494986925791116,0.024220616583339634,0.029842695118834018,0.022750880824724012
nasa,E-6,chronos_small_resid,0.026814341031238025,0.021833902107655907,0.039672491588349554,0.037465668916655925
nasa,E-6,knn,0.4604702905238632,0.4607932678689236,0.3412896275913556,0.341285702234622
nasa,E-6,lof,0.6536432492251307,0.653853725347774,0.6253845805444733,0.6253584190977826
nasa,E-6,ae,0.782643266004038,0.782665346357861,0.7921402782636016,0.792993918870279
nasa,E-6,iforest,0.027459847798240185,0.027563866237812245,0.020387671574295618,0.020409029395748603
nasa,E-7,timesfm_resid,0.04671278579681308,0.046649919533185175,0.044574814608363836,0.04677832611357653
nasa,E-7,tirex_resid,0.05236313120567975,0.05163923508634347,0.04233070005014904,0.04646941792006336
nasa,E-7,chronos_base_resid,0.05152947761475707,0.05136576110492978,0.04367840672504546,0.046076433580561
nasa,E-7,chronos_small_resid,0.048115009082274195,0.04789380617586833,0.0438012796847365,0.04706539232249824
nasa,E-7,knn,0.05727746656399107,0.05605850779673245,0.06004233406372697,0.060186513607608266
nasa,E-7,lof,0.046615900482384905,0.04564796725317228,0.049665140751166174,0.04964386943434925
nasa,E-7,ae,0.38747670872463946,0.38726850587823236,0.41315293642423245,0.4131437971425947
nasa,E-7,iforest,0.05346817307906923,0.05308626060777551,0.055904860553449225,0.0559544371477923
nasa,E-8,timesfm_resid,0.08782302249192257,0.0875721451058101,0.10398878337017789,0.09337732744705748
nasa,E-8,tirex_resid,0.09170096319073429,0.09204162143463884,0.10277123329663623,0.10088049180871642
nasa,E-8,chronos_base_resid,0.08294339576067025,0.08360116051751612,0.08620403323629519,0.08645965161835588
nasa,E-8,chronos_small_resid,0.0827300529047506,0.08331380931848878,0.08988399499131042,0.08868370002322673
nasa,E-8,knn,0.2017919627656336,0.20097173210149197,0.2245973828805383,0.2237732110281612
nasa,E-8,lof,0.20591837753849765,0.20275428895197417,0.23050828622643105,0.230259225776283
nasa,E-8,ae,0.22768436711630635,0.22755696121272867,0.26187598599474127,0.2618693525340033
nasa,E-8,iforest,0.18769409033971513,0.1874962867825518,0.21626966828428348,0.21655037482659173
nasa,E-9,timesfm_resid,0.054855964811529656,0.05412345361387469,0.08755305883088918,0.05350503511898197
nasa,E-9,tirex_resid,0.06054194009660063,0.05948932958794741,0.11128791217134645,0.07705145503618495
nasa,E-9,chronos_base_resid,0.05513351053770464,0.05364857389080906,0.06361060097852478,0.0555205721048433
nasa,E-9,chronos_small_resid,0.0558505233517181,0.05570727966042021,0.10834221961192517,0.07662332091083254
nasa,E-9,knn,0.3021194516958503,0.2992584359803361,0.29742604116407906,0.2972341390536211
nasa,E-9,lof,0.32212020013533127,0.32027129464532833,0.3624532081773198,0.36086716514928885
nasa,E-9,ae,0.3998245621052938,0.399470635188092,0.4601922890084925,0.459656613505418
nasa,E-9,iforest,0.12965771031583428,0.13043125139084702,0.12049854047599623,0.12040800317680928
nasa,F-1,timesfm_resid,0.014611297961374368,0.01427802426805951,0.012618571777070622,0.011827785995170797
nasa,F-1,tirex_resid,0.013032911244027308,0.012985914556897973,0.012999114390195313,0.013330744443452615
nasa,F-1,chronos_base_resid,0.013183419485888206,0.01300773562006842,0.013037587510806133,0.013259490496672742
nasa,F-1,chronos_small_resid,0.013234004986663708,0.013080736068929448,0.013947301660462506,0.013573318482259062
nasa,F-1,knn,0.011726496081863345,0.011510638874491108,0.011250553000719208,0.011147014221200617
nasa,F-1,lof,0.017649114631873252,0.013860466541845407,0.017819336626676077,0.013976072356042445
nasa,F-1,ae,0.012411257095504183,0.01226709245397807,0.012210470333856197,0.012277704615789552
nasa,F-1,iforest,0.01123049347400916,0.00997180006543174,0.01002447395592024,0.010068128004394623
nasa,F-2,timesfm_resid,0.25626042864101184,0.2637862288584656,0.25685210108660317,0.25530636553139596
nasa,F-2,tirex_resid,0.29268194136295067,0.29248617608633126,0.284238605397521,0.2847042772607171
nasa,F-2,chronos_base_resid,0.2934076613894374,0.29182740732911183,0.28583707001769465,0.2869112860112879
nasa,F-2,chronos_small_resid,0.2994271925013644,0.29540930071171,0.32541300664657385,0.3044380222097971
nasa,F-2,knn,0.5633482834017226,0.5463379531637255,0.55089861303924,0.5508152750734173
nasa,F-2,lof,0.5797292475301274,0.4350377587138994,0.5743213983885325,0.5640933246130664
nasa,F-2,ae,0.5929014451931525,0.5918227870330974,0.5853989640139241,0.5854989611914164
nasa,F-2,iforest,0.3460456362777389,0.3381202695010329,0.353525918686875,0.3465828671756161
nasa,F-3,timesfm_resid,0.01974000052950818,0.020918658358349718,0.09657860193828072,0.031959894404844966
nasa,F-3,tirex_resid,0.03322526509336236,0.024501256770986267,0.14805951908819345,0.1453651959519966
nasa,F-3,chronos_base_resid,0.020935587855623543,0.022326244168561583,0.0823042199148408,0.07090138837151319
nasa,F-3,chronos_small_resid,0.039014854141576336,0.022668086673087152,0.0803102120261309,0.0778098368539193
nasa,F-3,knn,0.7052473612758654,0.6935570650272833,0.3542135193548494,0.35520851789880736
nasa,F-3,lof,0.7516272941052964,0.7547403207682923,0.5899799007099906,0.589946188219066
nasa,F-3,ae,0.8693047507971735,0.8670779684861971,0.8745263653237683,0.87457477879089
nasa,F-3,iforest,0.03317077180549629,0.033360893961769875,0.021835394769699385,0.02181760634829577
nasa,F-4,timesfm_resid,0.02883685600120394,0.03175689138577911,0.045228818533610896,0.04785663466106664
nasa,F-4,tirex_resid,0.03362286547715062,0.036401257451133,0.04662666844899581,0.047204200668128415
nasa,F-4,chronos_base_resid,0.03773384222049089,0.03754532472389588,0.04741866562652649,0.04935278495226017
nasa,F-4,chronos_small_resid,0.0461780654850058,0.04053837982207337,0.04781913508201066,0.04904142518469725
nasa,F-4,knn,0.04713771220234037,0.04708947037719382,0.05262691225454318,0.05266707818867647
nasa,F-4,lof,0.04541948471744947,0.04529797646415309,0.04564351106402431,0.045619283910565675
nasa,F-4,ae,0.06554077176619705,0.06584810339668926,0.06348743352816066,0.06357204989423743
nasa,F-4,iforest,0.12142562140297572,0.12201616376752428,0.11492256957649125,0.11562014773693643
nasa,F-5,timesfm_resid,0.0635773389296019,0.06360003960003344,0.06388258147281291,0.07421476177569596
nasa,F-5,tirex_resid,0.05122308159014602,0.053527489733434845,0.062006452228670586,0.07353801302994004
nasa,F-5,chronos_base_resid,0.04920586948246464,0.05236739251102976,0.06209144780033503,0.07212659785568327
nasa,F-5,chronos_small_resid,0.050766968366207234,0.054655831660240746,0.06323911925626201,0.07086550729849794
nasa,F-5,knn,0.061536306703979665,0.061518012585681306,0.06371707330455634,0.06374415041495136
nasa,F-5,lof,0.05951305534906691,0.05966690855113621,0.06033012913247193,0.060272745958857475
nasa,F-5,ae,0.04624993485736936,0.04620165196873045,0.04527572534092985,0.04526891770036374
nasa,F-5,iforest,0.8149234215935692,0.814877242771813,0.8629490586367196,0.8629367738387415
nasa,F-7,timesfm_resid,0.09072728617893279,0.0932581777808249,0.0890837583101611,0.09124859179227329
nasa,F-7,tirex_resid,0.09538796579483116,0.10009085700254802,0.08935087872096853,0.09207698334856623
nasa,F-7,chronos_base_resid,0.09590201870820908,0.10101255895489325,0.08900205655871392,0.0915102193537633
nasa,F-7,chronos_small_resid,0.12615495654788828,0.11990739770730108,0.09088937029537789,0.09273995871308177
nasa,F-7,knn,0.08589662939826591,0.08591248216599487,0.08384140778689853,0.08383443977206301
nasa,F-7,lof,0.08674820840426722,0.08682205122192471,0.08533951851049276,0.08533853174023709
nasa,F-7,ae,0.10689970780647622,0.10721232361842133,0.10776816190518455,0.10768106211703271
nasa,F-7,iforest,0.2372965548757646,0.23745661334474516,0.26121598337053925,0.26131856236783013
nasa,F-8,timesfm_resid,0.2377746863296363,0.23934536209129853,0.19106242174981827,0.19116989344123148
nasa,F-8,tirex_resid,0.29429257241193896,0.2747607983152811,0.19143990368841127,0.1909706213216809
nasa,F-8,chronos_base_resid,0.23618004106937504,0.2370453010131832,0.19145002629654498,0.1907597251723924
nasa,F-8,chronos_small_resid,0.28631775969499285,0.2672659215974292,0.19194935304700644,0.19129434324544328
nasa,F-8,knn,0.1957714625691387,0.19593071664449047,0.196300194263502,0.19632723433389768
nasa,F-8,lof,0.1952806618489204,0.19518521316080045,0.19588753982802748,0.1958782597626683
nasa,F-8,ae,0.6370646451291299,0.6373477852080953,0.6633330407578751,0.6625679335425763
nasa,F-8,iforest,0.3692205644932285,0.37044336085113017,0.3995837253663397,0.3993251574488455
nasa,G-1,timesfm_resid,0.026992341071021275,0.026906092249344246,0.017321995033605677,0.01811338818678527
nasa,G-1,tirex_resid,0.02098302079515109,0.02099864142843547,0.01604117866976322,0.017099030804955846
nasa,G-1,chronos_base_resid,0.023231130885838048,0.023595119262158803,0.01550944334150878,0.01680665291502487
nasa,G-1,chronos_small_resid,0.02030571047751409,0.020677116539030024,0.014568972949866962,0.015589643749022455
nasa,G-1,knn,0.014484812875850211,0.014343847723332906,0.014269410482089033,0.014372928284894976
nasa,G-1,lof,0.014656701788872484,0.01424602797259263,0.013722431528659918,0.013879773301619013
nasa,G-1,ae,0.013805236492069366,0.013043092490484022,0.013428911977046005,0.013470887083722015
nasa,G-1,iforest,0.013351487885587822,0.013274285275109996,0.013526918951598393,0.013499202917533423
nasa,G-2,timesfm_resid,0.00868716414752346,0.008669429965401272,0.008054410319604903,0.008138194058194395
nasa,G-2,tirex_resid,0.009331155291807034,0.008949511505596081,0.00733723476302585,0.007138725353343873
nasa,G-2,chronos_base_resid,0.0065469226005988685,0.0066613760594161926,0.007934122606969829,0.007349696501739518
nasa,G-2,chronos_small_resid,0.0059408824117558375,0.006101509708969734,0.007193299821537646,0.007128432907578988
nasa,G-2,knn,0.02910300494492329,0.028975642027046576,0.04056738195850866,0.04091615837352236
nasa,G-2,lof,0.03257643482009232,0.032609114041589525,0.04983025705733921,0.05028619960460333
nasa,G-2,ae,0.16095897526357927,0.15507092927539068,0.15970772556228602,0.15913490836758054
nasa,G-2,iforest,0.012535691399025965,0.012621333088337981,0.014398415043791777,0.014467089019620247
nasa,G-3,timesfm_resid,0.01143943303801245,0.011324944141243899,0.029019448683010596,0.022677344552025296
nasa,G-3,tirex_resid,0.011681332613894143,0.010661263866589773,0.025451345235838314,0.01978517015227956
nasa,G-3,chronos_base_resid,0.013042406894882584,0.012257519525337577,0.027378651022701827,0.021389330957168495
nasa,G-3,chronos_small_resid,0.012849118526869582,0.012034265693272494,0.030254388986823456,0.022054420493243836
nasa,G-3,knn,0.01697397057014719,0.016437778247374052,0.01511611399355951,0.015202748240260206
nasa,G-3,lof,0.019977559091137086,0.019461268406033908,0.018017020564652843,0.01799608147018795
nasa,G-3,ae,0.01116564856319879,0.011194147690851815,0.012054739274582593,0.012067576892318785
nasa,G-3,iforest,0.01648293237598413,0.016539733243782016,0.01580815271138069,0.01579427051364076
nasa,G-4,timesfm_resid,0.006092767295597485,0.006092767295597485,0.006092767295597485,0.006092767295597485
nasa,G-4,tirex_resid,0.0051465198121168725,0.005360311750710901,0.005892770938695504,0.005756471570562563
nasa,G-4,chronos_base_resid,0.005449501435158801,0.005734587582446286,0.004862697322704588,0.004451389728303601
nasa,G-4,chronos_small_resid,0.005308894371502171,0.005761171106783385,0.004541987555880768,0.004301617053132515
nasa,G-4,knn,0.22182149849192573,0.16564036796837778,0.18628353295300606,0.1741673769419881
nasa,G-4,lof,0.2238836616385716,0.1658405866819773,0.19245661638097844,0.17238884161284812
nasa,G-4,ae,0.8594180475394866,0.8634422496464693,0.8581316924188671,0.8578921465092202
nasa,G-4,iforest,0.005523157465215683,0.004472045630233939,0.004122528967705609,0.004112687348975772
nasa,G-6,timesfm_resid,0.03387352418099683,0.03382871484766063,0.05789062448706889,0.058009640188248224
nasa,G-6,tirex_resid,0.03077145381681283,0.030104689957358363,0.05794550612145286,0.0578076789602297
nasa,G-6,chronos_base_resid,0.03165940252756703,0.028601755911472758,0.05816471764048477,0.05827394318719309
nasa,G-6,chronos_small_resid,0.03380054424724367,0.030918877159564824,0.059406574632298044,0.0590969918367449
nasa,G-6,knn,0.09777776386625162,0.09718078993565551,0.08799675871120621,0.0880927025184762
nasa,G-6,lof,0.10024900035213183,0.09948404342623388,0.09060784416355727,0.09066566128817924
nasa,G-6,ae,0.1007074559353506,0.10076521915463646,0.0929414460131667,0.09299082096624663
nasa,G-6,iforest,0.03210069207189756,0.03216402266229526,0.03255960965970864,0.032572762350411864
nasa,G-7,timesfm_resid,0.29713738666722606,0.3311195047752633,0.887193641180144,0.8863959147798184
nasa,G-7,tirex_resid,0.26108081548674994,0.26699505084934094,0.8805464978722363,0.8820843907643272
nasa,G-7,chronos_base_resid,0.3059022528831296,0.32873179594283375,0.8891078836948423,0.879833973789854
nasa,G-7,chronos_small_resid,0.2946676970402127,0.32877749934794376,0.8888555949495311,0.8805589821044781
nasa,G-7,knn,0.25863458653323546,0.2586536064242435,0.26341943545374785,0.2636687071936239
nasa,G-7,lof,0.07477070885628574,0.07394389953463282,0.0738102813056443,0.07372030234705018
nasa,G-7,ae,0.23699530672486044,0.23680022797712633,0.225703230274738,0.2257848219630133
nasa,G-7,iforest,0.957503699215822,0.9574754992239626,0.9584093297547396,0.958409980552874
nasa,M-1,timesfm_resid,0.4734322174225024,0.4977427008534636,0.659267751623086,0.7294312036500279
nasa,M-1,tirex_resid,0.5850479159435702,0.572391422278226,0.7119761887709282,0.7420862580542995
nasa,M-1,chronos_base_resid,0.6664536603234656,0.5848113568063018,0.698530380905398,0.7556764954356007
nasa,M-1,chronos_small_resid,0.6331079356758216,0.5745064839413407,0.7148199709075864,0.7584690656113258
nasa,M-1,knn,0.7793112110811092,0.7800617870692422,0.8175957746823783,0.8175346986859002
nasa,M-1,lof,0.7684721549799058,0.7714309421868224,0.7887331724497622,0.7884953559534335
nasa,M-1,ae,0.5640653967349861,0.5637323953227769,0.5712244911567806,0.5714906126453818
nasa,M-1,iforest,0.35803612236942994,0.355816750113792,0.3623747013030272,0.36238063480611377
nasa,M-2,timesfm_resid,0.4703471445389422,0.49598833757139626,0.6381078394847416,0.681025773157262
nasa,M-2,tirex_resid,0.5612236966468938,0.5570460673309691,0.6885343299814741,0.6773513132196363
nasa,M-2,chronos_base_resid,0.6588116389621475,0.5776057928380411,0.6792516177574159,0.7106069160010555
nasa,M-2,chronos_small_resid,0.6285618137142575,0.5678876516556949,0.6936874762344015,0.7145435648751431
nasa,M-2,knn,0.7814185701647465,0.7820121091712879,0.8212929698849636,0.8213156190562975
nasa,M-2,lof,0.7746609011046642,0.7780556687577536,0.7976931545458127,0.7975608322851473
nasa,M-2,ae,0.6816809837384987,0.6809827694369989,0.7114244844169413,0.711586255528674
nasa,M-2,iforest,0.9683209254805194,0.9681294425908193,0.969711805159322,0.9697179888236909
nasa,M-3,timesfm_resid,0.1950362092737102,0.1800082940314729,0.20009220020755347,0.2801358981003722
nasa,M-3,tirex_resid,0.1817563673134918,0.1712673462003324,0.19211580154089103,0.2556702533551237
nasa,M-3,chronos_base_resid,0.18284241762650916,0.1705256522663457,0.19044193226352757,0.2582154368281216
nasa,M-3,chronos_small_resid,0.15603645732719687,0.165512744042001,0.1813213168590018,0.25338199387458304
nasa,M-3,knn,0.10619286423785874,0.10602773984753706,0.10719042406413667,0.10716456616187969
nasa,M-3,lof,0.10936168371954227,0.10681653639601321,0.10910683003602781,0.10911606875409507
nasa,M-3,ae,0.19643233948676453,0.19555476296700156,0.20806628830824903,0.2080738136187736
nasa,M-3,iforest,0.28091225905482575,0.28109011167456216,0.31543411622677114,0.3167932586737031
nasa,M-4,timesfm_resid,0.14808513290028158,0.15201676249903376,0.13622995262773355,0.11826942796368141
nasa,M-4,tirex_resid,0.16750089329334888,0.1673609800317377,0.14259826931353858,0.11876209813633154
nasa,M-4,chronos_base_resid,0.1606056777110562,0.1628567585709636,0.14533955818482996,0.11797767051893131
nasa,M-4,chronos_small_resid,0.13933508318444401,0.15588354198153925,0.13069935368718785,0.11556990517455354
nasa,M-4,knn,0.09934635106873826,0.09940608070255055,0.10107461531550951,0.10107002451526717
nasa,M-4,lof,0.10207112574445462,0.09957785397476611,0.10206728818225497,0.10206949424941192
nasa,M-4,ae,0.1863426187184132,0.18490545401331573,0.19264953109411184,0.19261471688420054
nasa,M-4,iforest,0.2709916306044956,0.2693818371894858,0.26566671891045474,0.2656671066302881
nasa,M-5,timesfm_resid,0.18244669436214445,0.17949807573460475,0.37769662162996065,0.2462978654898937
nasa,M-5,tirex_resid,0.22844679156279818,0.1990080186811696,0.4081246770081097,0.2522089234330086
nasa,M-5,chronos_base_resid,0.17924624405535464,0.18295876795606825,0.41099388811469145,0.2586543471904942
nasa,M-5,chronos_small_resid,0.14959517427937147,0.1704915194860376,0.35550348885221966,0.2455450676661871
nasa,M-5,knn,0.1714900520919285,0.17152458238255447,0.1782953102434078,0.17811368352080165
nasa,M-5,lof,0.16622860560146174,0.16566975972743703,0.17330162054471646,0.17317404987026447
nasa,M-5,ae,0.18451156724625906,0.1826066120750644,0.18552245494744884,0.18548797326914063
nasa,M-5,iforest,0.17127127093519173,0.16956046063998775,0.17947302166946852,0.17966511283973763
nasa,M-6,timesfm_resid,0.15232381062253422,0.1385927212539574,0.08264310076758838,0.07200938797147528
nasa,M-6,tirex_resid,0.10923976356354007,0.11138752624283921,0.08024351877990164,0.07146779156628812
nasa,M-6,chronos_base_resid,0.12866867214129749,0.1235457016850077,0.08053913785083888,0.07117778111094082
nasa,M-6,chronos_small_resid,0.1352145392741952,0.12108728014938301,0.08258971697900841,0.07139650631666093
nasa,M-6,knn,0.9415742533175239,0.9764923394444494,0.989344949961284,0.989287304214271
nasa,M-6,lof,0.9701913807225597,0.9767031673510062,0.9893448952317072,0.989362561746147
nasa,M-6,ae,0.9620748268135482,0.9735352502312701,0.9870355107932388,0.9869665167680117
nasa,M-6,iforest,0.06762269928061093,0.06413701508639871,0.06517219184707182,0.0651719974230564
nasa,M-7,timesfm_resid,0.28809239330854974,0.2580498282131038,0.7947353004038198,0.800414953285054
nasa,M-7,tirex_resid,0.4644664251314029,0.37035761949583257,0.9091290940402104,0.9065025678759606
nasa,M-7,chronos_base_resid,0.24831698703690375,0.23003457596821428,0.3744703540994452,0.379001309111701
nasa,M-7,chronos_small_resid,0.2051169423495038,0.2094886957285556,0.3875801970674055,0.3878121656826753
nasa,M-7,knn,0.9554447851074104,0.9553334118376731,0.9666481857130392,0.9666570403309928
nasa,M-7,lof,0.9557068827954607,0.9551051902547065,0.9654309144560054,0.9653931982293045
nasa,M-7,ae,0.0483786426902459,0.048000147467469514,0.04509338881359825,0.045094248126702555
nasa,M-7,iforest,0.9588573630102499,0.9591034162825254,0.9678205664235875,0.96808824459119
nasa,P-10,timesfm_resid,0.07137800589785939,0.05613682787139432,0.5069647871124559,0.5046799201617304
nasa,P-10,tirex_resid,0.05848194356212487,0.05447878541006747,0.5088752250286569,0.5020251287413187
nasa,P-10,chronos_base_resid,0.06979799222733368,0.05539666204915272,0.5037447129801199,0.5063786632416046
nasa,P-10,chronos_small_resid,0.07184701557422561,0.05575655433192953,0.5089610223913242,0.5083542850351688
nasa,P-10,knn,0.6646938675432899,0.664885829794512,0.7163743174622268,0.7164909129728476
nasa,P-10,lof,0.6563283477648864,0.6598406673862713,0.70426991994719,0.7042330700177095
nasa,P-10,ae,0.8183545011495459,0.8176233792582748,0.8562165709863803,0.8564655953597315
nasa,P-10,iforest,0.07313599501605102,0.07311225186099696,0.0736728436631112,0.07374010425736097
nasa,P-11,timesfm_resid,0.11168337021950754,0.11332931392052394,0.10454614941729612,0.13850065953317225
nasa,P-11,tirex_resid,0.11589672931337061,0.11283179560412339,0.10657085801715771,0.13712525736278944
nasa,P-11,chronos_base_resid,0.12851321911000663,0.11542329081967109,0.10655101297822087,0.13677397464541152
nasa,P-11,chronos_small_resid,0.11227792037188135,0.11024335980797276,0.10648148934433227,0.13721450831785248
nasa,P-11,knn,0.09483326832696948,0.09490156784804947,0.09803609341799976,0.09797986534170208
nasa,P-11,lof,0.09101193471142544,0.09117913922169668,0.09396492989975207,0.09395940672841818
nasa,P-11,ae,0.09269735221037503,0.09260899938652216,0.0829233639894462,0.08294168781990824
nasa,P-11,iforest,0.6101893725223886,0.6110196257294243,0.6537617570440308,0.6536610211710048
nasa,P-14,timesfm_resid,0.04830457881290138,0.04733426328981767,0.04171689885286128,0.03819172444598547
nasa,P-14,tirex_resid,0.043757399425964516,0.04367812670198748,0.04438004500790851,0.040900599269360544
nasa,P-14,chronos_base_resid,0.043910973396684726,0.04385407528606991,0.04295528109914399,0.039883273047380326
nasa,P-14,chronos_small_resid,0.04643058945286141,0.045142359243000446,0.04258010526815381,0.04012218480913296
nasa,P-14,knn,0.5442846513735209,0.5445651255507079,0.5942131148590697,0.5962522459507393
nasa,P-14,lof,0.5207039911913659,0.5207260816624535,0.5675677226722142,0.5675626036644288
nasa,P-14,ae,0.6395538636881781,0.6392383199040541,0.6865640695289976,0.6864100285485317
nasa,P-14,iforest,0.043602282675621364,0.04288403021860873,0.04469732964540715,0.04472839198502944
nasa,P-15,timesfm_resid,0.006769755486086461,0.006849571933366215,0.006443384971781766,0.0068177456382865105
nasa,P-15,tirex_resid,0.0095974584380174,0.008844833825335685,0.007139251022031441,0.007427518226377342
nasa,P-15,chronos_base_resid,0.006971623786414211,0.007382370191655669,0.007811297435074742,0.007247380474697428
nasa,P-15,chronos_small_resid,0.009269888824125331,0.008985858163332978,0.006651850105495939,0.006764450012418759
nasa,P-15,knn,0.007954696354853324,0.007954696354853324,0.006230914231101137,0.006230914231101137
nasa,P-15,lof,0.00795469381990067,0.00795469381990067,0.006184471332896468,0.006187390689173798
nasa,P-15,ae,0.013748450132069183,0.013648096814499982,0.009950371750579372,0.010047899791500382
nasa,P-15,iforest,0.007055719329085526,0.007029859981482009,0.0073584240695932345,0.007366686602700862
nasa,P-1,timesfm_resid,0.12519547649375282,0.12530328378518715,0.13924340470767563,0.13390671581759894
nasa,P-1,tirex_resid,0.12677392968819096,0.12647576520781975,0.1416379844778824,0.135002787048061
nasa,P-1,chronos_base_resid,0.123652883100788,0.12406521927372154,0.12775527076610715,0.1265384100152741
nasa,P-1,chronos_small_resid,0.12407232761104643,0.12471138381876674,0.13227277240343088,0.13033403095822493
nasa,P-1,knn,0.11938239564369353,0.11909444895201082,0.12075097490261576,0.12071338996949497
nasa,P-1,lof,0.12958221224006497,0.1291950940640726,0.13283556947911845,0.13287851023257086
nasa,P-1,ae,0.14929875332287412,0.14937633391657854,0.15920747934236573,0.15909308484390725
nasa,P-1,iforest,0.1096500139179539,0.10953148474776334,0.11079840272293541,0.11088340658763103
nasa,P-2,timesfm_resid,0.11944191951550699,0.11918419827668161,0.1536723882289185,0.13092303426036422
nasa,P-2,tirex_resid,0.11275926107046569,0.11278488294117739,0.15043060717951096,0.13167500797432763
nasa,P-2,chronos_base_resid,0.11430615821649225,0.1143435215904251,0.1315455397857107,0.1264914333291042
nasa,P-2,chronos_small_resid,0.112962436164981,0.11340362989075611,0.16328835796113164,0.13830835602530916
nasa,P-2,knn,0.2434770085951428,0.2437768618104528,0.2510317387206321,0.25084814041274167
nasa,P-2,lof,0.2760692478666943,0.24079021531191705,0.29702361237634817,0.266525944950805
nasa,P-2,ae,0.3618259899616201,0.36225753736515715,0.3502557099875896,0.350127918776466
nasa,P-2,iforest,0.33205113364211963,0.3292003929951858,0.32890762657576134,0.3288520068082432
nasa,P-3,timesfm_resid,0.12219596684193235,0.12238414399143677,0.16901665949419697,0.16005421275885162
nasa,P-3,tirex_resid,0.11761254167453643,0.11771139873187852,0.1714653180143161,0.16203227046252186
nasa,P-3,chronos_base_resid,0.11459432129202701,0.11454209896525397,0.15797266643687258,0.14847964909642525
nasa,P-3,chronos_small_resid,0.1140733674956769,0.11442313744701259,0.14428506972102756,0.14306689213356547
nasa,P-3,knn,0.1856840170271281,0.1857644764152953,0.18840996746865402,0.1884241538636382
nasa,P-3,lof,0.18190151018260087,0.15240718836285172,0.17558666464259753,0.1635881793809447
nasa,P-3,ae,0.20442036459918234,0.20518819997376053,0.21915662018851306,0.21908860587222534
nasa,P-3,iforest,0.19665850475057547,0.19514352622453404,0.19827366479914696,0.1982334167862112
nasa,P-4,timesfm_resid,0.08883361400262349,0.08873001670616992,0.09287066444180322,0.09290589675133894
nasa,P-4,tirex_resid,0.1009716573653504,0.1007384354883915,0.1022648074020853,0.10240638582295593
nasa,P-4,chronos_base_resid,0.10020426890824624,0.09943108491559416,0.10209594832875035,0.10282341014219165
nasa,P-4,chronos_small_resid,0.10012643628507832,0.09974596222093249,0.09739276801387023,0.0996703956713482
nasa,P-4,knn,0.2359801835188686,0.2426028115898941,0.2519681203348542,0.25272930928356285
nasa,P-4,lof,0.09069213434342949,0.10127050886838812,0.09409754884118088,0.1083621896226621
nasa,P-4,ae,0.8992871039559265,0.9080519159400503,0.940047860105014,0.940018081032318
nasa,P-4,iforest,0.08286843459363048,0.07462567211365237,0.08273000372011113,0.08209531807068451
nasa,P-7,timesfm_resid,0.24211420450526996,0.21698805821216574,0.33320332202201014,0.31148607290980046
nasa,P-7,tirex_resid,0.20702809084183904,0.19671482689521802,0.31815936002105416,0.2870558743922663
nasa,P-7,chronos_base_resid,0.17968854645535765,0.1785246275931839,0.18069297107007948,0.17805317538744603
nasa,P-7,chronos_small_resid,0.179988378677079,0.1788994214331766,0.19139923896286806,0.1805071451659029
nasa,P-7,knn,0.5339045359841308,0.5304229532431263,0.5217693745813761,0.5215836362305195
nasa,P-7,lof,0.535189778961684,0.5260016002849366,0.5246235805067334,0.5243595843891148
nasa,P-7,ae,0.5244981294410089,0.5231613725993053,0.5157895660006284,0.5158063256393635
nasa,P-7,iforest,0.503859111240124,0.5034392393931696,0.5134311956799769,0.5135175463383524
nasa,R-1,timesfm_resid,0.01601766649368032,0.016146448364148528,0.08877278375442514,0.09544110210534323
nasa,R-1,tirex_resid,0.015653038707474656,0.015847298196810806,0.09545723099887696,0.09626389150191761
nasa,R-1,chronos_base_resid,0.013487529635133859,0.013143951184774167,0.09285703690804305,0.09175875224395932
nasa,R-1,chronos_small_resid,0.014190194774776562,0.013686489716645198,0.08521562595814401,0.08442150693822567
nasa,R-1,knn,0.12230989567892758,0.12342118782849087,0.12512583825101858,0.12490613350429632
nasa,R-1,lof,0.12195825739375363,0.12387472144034697,0.12493131193588158,0.12464834740677304
nasa,R-1,ae,0.3322215432722254,0.33640894995924187,0.32714188135382133,0.32729752610700785
nasa,R-1,iforest,0.01677250138045279,0.01475070510680264,0.01686549756875476,0.014079254647377566
nasa,S-1,timesfm_resid,0.059878102002160476,0.06000697436485877,0.05649061821459827,0.05496794428017883
nasa,S-1,tirex_resid,0.058864240111220774,0.058592495194832034,0.0563600786271697,0.05497511138751115
nasa,S-1,chronos_base_resid,0.05874182455814862,0.05785737498847746,0.054657159882993134,0.053851376186479755
nasa,S-1,chronos_small_resid,0.056957614811438476,0.056837384923028034,0.05714407937598945,0.055770436028091536
nasa,S-1,knn,0.051235298350345085,0.05131985173562219,0.051109402736523715,0.05111615697579193
nasa,S-1,lof,0.05288184195902658,0.047895499997027656,0.04958748458392633,0.0494915017179484
nasa,S-1,ae,0.05387029791166681,0.053722317277845474,0.053655499782869195,0.05365317746390563
nasa,S-1,iforest,0.04924546670507185,0.04843191018830057,0.04873116115578269,0.048736013730497234
nasa,S-2,timesfm_resid,0.007892894510424853,0.00906598668561904,0.013358719058906642,0.009462718788202831
nasa,S-2,tirex_resid,0.012578463128589637,0.010855072059310043,0.012374822186208886,0.009838426186176589
nasa,S-2,chronos_base_resid,0.02633012468835213,0.01200611688912054,0.013513421989811536,0.009536540485224178
nasa,S-2,chronos_small_resid,0.01551437118497107,0.012744878138039074,0.012976582428638373,0.009568721514217745
nasa,S-2,knn,0.9145462379793851,0.8913237429143919,0.9244647663456099,0.9175863825205974
nasa,S-2,lof,0.8825039495206117,0.8842075429098691,0.7901226675807872,0.7880994333105442
nasa,S-2,ae,0.9178459579481801,0.9196222299547151,0.860059038771619,0.8999417808438036
nasa,S-2,iforest,0.013316043123890012,0.012192376847512723,0.015788668375303287,0.016006452107837767
nasa,T-12,timesfm_resid,0.07076031432439467,0.07360158266316995,0.13406821612129793,0.13750667762429114
nasa,T-12,tirex_resid,0.12938994532631432,0.10207863795137884,0.11261172530423325,0.13613119898620957
nasa,T-12,chronos_base_resid,0.1391088790232591,0.09565921324526194,0.1416108267790382,0.12964628335668865
nasa,T-12,chronos_small_resid,0.15962510490440585,0.10567449667962597,0.1414308441392958,0.1563703229214261
nasa,T-12,knn,0.2415683051143023,0.23947674453093962,0.3455641382644225,0.3451614655187778
nasa,T-12,lof,0.24277478364806981,0.2412287266991991,0.3490654977912363,0.3479784317495103
nasa,T-12,ae,0.7407437817778314,0.7409979883680551,0.7929378928202904,0.7932815896362926
nasa,T-12,iforest,0.12605497824759215,0.12491791468296555,0.134571587521158,0.13467282178096038
nasa,T-13,timesfm_resid,0.18784071554620593,0.1726160060674392,0.44610300692281885,0.37502247501979125
nasa,T-13,tirex_resid,0.23977690821541836,0.20119268291628334,0.4144267761653013,0.31348017234565306
nasa,T-13,chronos_base_resid,0.22362845905586942,0.18435850294590997,0.4570247114353958,0.3487497113182091
nasa,T-13,chronos_small_resid,0.20442832783848264,0.18109475804854458,0.4433425311299866,0.3804775170413257
nasa,T-13,knn,0.5625898524659472,0.563457978210617,0.6601991637947013,0.660404177086178
nasa,T-13,lof,0.5636641166676846,0.5645160656652652,0.6632989715907835,0.6631138093101588
nasa,T-13,ae,0.619684385017623,0.6202736780713356,0.5951667755575623,0.5949549422498717
nasa,T-13,iforest,0.17991497375866544,0.179603702333689,0.20111448871506732,0.20108245505319766
nasa,T-1,timesfm_resid,0.18907503418318547,0.18003008311900714,0.2145153193300413,0.2117727963078642
nasa,T-1,tirex_resid,0.16899152209366902,0.16750268490363923,0.1702356040408698,0.16996946749789987
nasa,T-1,chronos_base_resid,0.16847487065756792,0.16703125455545081,0.1653428155586914,0.16525640957627832
nasa,T-1,chronos_small_resid,0.1651612228259093,0.16540749603108518,0.151187997587928,0.15514766515969847
nasa,T-1,knn,0.11874033124488666,0.11930548297069701,0.11905232011406736,0.11895430860247884
nasa,T-1,lof,0.12869081849699227,0.18431346942025417,0.12894320199620155,0.1856919598558353
nasa,T-1,ae,0.3008875172909227,0.2128140582196857,0.3014454503789481,0.2756791046230066
nasa,T-1,iforest,0.11907076831593727,0.11915903792156218,0.12478347811244023,0.12478753662229279
nasa,T-2,timesfm_resid,0.20327781762668842,0.1930251473057766,0.21729956104394296,0.19844740950605338
nasa,T-2,tirex_resid,0.1808933192539209,0.1798500095499087,0.1831572984005197,0.1788759073573051
nasa,T-2,chronos_base_resid,0.1790452413440517,0.17814110235097064,0.17212991675684003,0.1739558812308502
nasa,T-2,chronos_small_resid,0.18287717411631754,0.18056664448438947,0.19867002217171284,0.18739111414939247
nasa,T-2,knn,0.129871321956098,0.12391506717248213,0.12502650957710135,0.12390693899558351
nasa,T-2,lof,0.18829525035070016,0.18595778381793726,0.17460455474315406,0.1802781268954164
nasa,T-2,ae,0.5635144621710418,0.47646054233549656,0.5439028649934414,0.5372692924662783
nasa,T-2,iforest,0.14560688818836542,0.13306214516733905,0.13475248398020176,0.13370451716330084
nasa,T-3,timesfm_resid,0.025659041360371927,0.025983332873695295,0.08647939132619256,0.06083490456411386
nasa,T-3,tirex_resid,0.026338435740880455,0.026275151533373786,0.08943992115993224,0.04647785697101975
nasa,T-3,chronos_base_resid,0.026985279869200424,0.026499382083424693,0.08605969934458856,0.03615221381768116
nasa,T-3,chronos_small_resid,0.02688103058724074,0.026529848787919252,0.08567831454939386,0.04227463823454673
nasa,T-3,knn,0.20762621545512625,0.2076157915971139,0.2013839346367867,0.20129559336797162
nasa,T-3,lof,0.2076214337221517,0.2085305745106415,0.2015244781447162,0.20161379359785475
nasa,T-3,ae,0.21231144931366924,0.21215445164604416,0.20455758831342097,0.2045656535930954
nasa,T-3,iforest,0.024525254234481646,0.02171001395750139,0.02171358021909726,0.02165925332273169
nasa,T-4,timesfm_resid,0.08375975611312926,0.08136862196496766,0.5246112168997499,0.5243561805134266
nasa,T-4,tirex_resid,0.07337495452272551,0.07574275998145852,0.3333511721022386,0.35149018817830835
nasa,T-4,chronos_base_resid,0.044088612517258555,0.05475255202503691,0.031135509884387146,0.03311609941504253
nasa,T-4,chronos_small_resid,0.07961558863992849,0.08093800360789524,0.6871583881858072,0.7246368594096069
nasa,T-4,knn,0.028260363442564034,0.028191368671583124,0.03003358702033937,0.030071392026117978
nasa,T-4,lof,0.030686346255263695,0.029763285832779825,0.03145614089054785,0.03129571783452498
nasa,T-4,ae,0.03971093334895196,0.03947062846666548,0.03651632960552209,0.03650054070643945
nasa,T-4,iforest,0.029331731518916458,0.028834526840274037,0.029885061310246243,0.0299078363073148
nasa,T-5,timesfm_resid,0.012803147311726755,0.014530134051066857,0.010653564154097097,0.010233568151825172
nasa,T-5,tirex_resid,0.01768202467457411,0.01731031549270129,0.010375943728348264,0.010514742037906148
nasa,T-5,chronos_base_resid,0.027246643060925314,0.019876445714468016,0.010837597225732238,0.01058611644605656
nasa,T-5,chronos_small_resid,0.016836049498210152,0.01728245670594686,0.01064126579555745,0.010308756142403161
nasa,T-5,knn,0.923611253549828,0.9292464300813703,0.732042672334919,0.7321049559212676
nasa,T-5,lof,0.9340098834082029,0.9429767925979726,0.8620900447033248,0.861796462641021
nasa,T-5,ae,0.9527154553232122,0.9561526450173796,0.9526214687574875,0.9526302566866001
nasa,T-5,iforest,0.013053460640720462,0.012294965706994815,0.012449127901543348,0.012390636091977157
nasa,T-8,timesfm_resid,0.13406503436918815,0.11751135848962872,0.41119092682949054,0.1410140020231707
nasa,T-8,tirex_resid,0.12436628484999626,0.1144919254590395,0.41186782587232973,0.14786193196508807
nasa,T-8,chronos_base_resid,0.1734055600877475,0.14118532435826933,0.4651450733337377,0.15517692362203345
nasa,T-8,chronos_small_resid,0.14913314399997174,0.12663986968254184,0.4541332862614884,0.14994398285385072
nasa,T-8,knn,0.8083500142270775,0.8062957465802594,0.7718883350966194,0.7722908206030394
nasa,T-8,lof,0.8077163567763402,0.8096928617281383,0.7858559096589768,0.7850592974814197
nasa,T-8,ae,0.10762229628744449,0.1075187526714452,0.10664380878430213,0.10640518579840393
nasa,T-8,iforest,0.4686421387956789,0.4937670519125824,0.4824434287751474,0.464640610895462
nasa,T-9,timesfm_resid,0.5126134583315218,0.43495876544152434,0.905878437397171,0.9224305703887652
nasa,T-9,tirex_resid,0.4979010928195753,0.42182935546717437,0.8934385842989838,0.8921413244382795
nasa,T-9,chronos_base_resid,0.5179901040071218,0.4714193023803784,0.8938838525556593,0.8974585526769612
nasa,T-9,chronos_small_resid,0.5056819423216617,0.43947542251686866,0.8870003386464178,0.890257943913024
nasa,T-9,knn,0.8444906429961864,0.8409935105050166,0.8399638885711633,0.8407638074464875
nasa,T-9,lof,0.8474666886515525,0.8435625163360103,0.8408118434556913,0.8416991845997279
nasa,T-9,ae,0.6330254659054375,0.6725735453164894,0.7207769805416613,0.7007006400628844
nasa,T-9,iforest,0.09471323998424841,0.09376796148766664,0.09849014167514714,0.09846870608227769
psm,psm,timesfm_resid,0.40023475201343917,0.40257350043386037,0.4333621997771372,0.4301458459220522
psm,psm,tirex_resid,0.4057766648243551,0.4092552139852492,0.43867201058882976,0.4327078847867965
psm,psm,chronos_base_resid,0.3842635209154395,0.3847426086415043,0.4152683504880745,0.40881571638347236
psm,psm,chronos_small_resid,0.39356330052945454,0.3940049936433845,0.4234290268420433,0.4172114719040232
psm,psm,knn,0.5592219498461501,0.559252907503238,0.5564032847206543,0.5563934941466547
psm,psm,lof,0.5175508217984522,0.517456892748714,0.5142549553016723,0.514257023833451
psm,psm,ae,0.6815033328220976,0.6814813752189288,0.6754241982678932,0.6754190194150986
psm,psm,iforest,0.55210576774868,0.5521544410097601,0.556367420534563,0.5563750735885129
smd,machine-1-1,timesfm_resid,0.27538442563837984,0.2873442397952421,0.34814758406335733,0.3529981632294967
smd,machine-1-1,tirex_resid,0.27053186794296863,0.28234820958441154,0.33254131168350176,0.34362467735790264
smd,machine-1-1,chronos_base_resid,0.25479960722725314,0.265680528227828,0.3079249680079277,0.3135238278593459
smd,machine-1-1,chronos_small_resid,0.25167013104103303,0.26290940479163194,0.2999961677515426,0.3091742129135107
smd,machine-1-1,knn,0.6404300248872721,0.6408549124130333,0.6113911213610832,0.6111651546863428
smd,machine-1-1,lof,0.6302805844636792,0.6301259102484211,0.6045452783209664,0.6042766161335731
smd,machine-1-1,ae,0.622127088102459,0.6222281043359432,0.5729401726525201,0.5728993499864767
smd,machine-1-1,iforest,0.41255609351789446,0.414347510289486,0.41373777441280146,0.41374058389633095
smd,machine-1-2,timesfm_resid,0.24051451678887337,0.2362718589783298,0.3868744923328148,0.36520458081537305
smd,machine-1-2,tirex_resid,0.2546498637062939,0.2302364895989752,0.3672084901891587,0.36491178455507384
smd,machine-1-2,chronos_base_resid,0.24478020352685428,0.23846427555868543,0.3365966002087999,0.33166276902119424
smd,machine-1-2,chronos_small_resid,0.2523665797703707,0.24931596458989014,0.39196832276254345,0.3702147735511818
smd,machine-1-2,knn,0.42903581151496906,0.4287839519510891,0.41256280036129933,0.41250684429038076
smd,machine-1-2,lof,0.020896284800689353,0.02091457874910549,0.020788748005228237,0.02080312213448305
smd,machine-1-2,ae,0.35543488134563284,0.3564218512697998,0.31085377691076854,0.3108481251615851
smd,machine-1-2,iforest,0.5555160734407065,0.5553722023975816,0.525104703919185,0.5250623908270436
smd,machine-1-3,timesfm_resid,0.14300007366505668,0.1546697124443194,0.19161206675132927,0.20409492925154574
smd,machine-1-3,tirex_resid,0.12718326454350604,0.14660234690590693,0.1645576075231219,0.1812496562454086
smd,machine-1-3,chronos_base_resid,0.12306791645334757,0.1370284414465504,0.17287823196916147,0.18194495463854846
smd,machine-1-3,chronos_small_resid,0.12502655929793585,0.1512375553370345,0.16919570757361374,0.18249559904775303
smd,machine-1-3,knn,0.13872761733911804,0.13843162132332565,0.13500531323016535,0.13500308129565575
smd,machine-1-3,lof,0.10036831826418717,0.10040179828414711,0.09932295178233659,0.09935914605272168
smd,machine-1-3,ae,0.3688884860263255,0.3672406550822035,0.33873191336962016,0.33839456997300943
smd,machine-1-3,iforest,0.25288505890508384,0.25222642434562625,0.24421440049562818,0.24415582268056668
smd,machine-1-4,timesfm_resid,0.1325645614829079,0.14132752192738973,0.14200770695548665,0.15031198020983566
smd,machine-1-4,tirex_resid,0.13331714584632232,0.14169737710310315,0.1439420589045008,0.15221955747466936
smd,machine-1-4,chronos_base_resid,0.1363567335307104,0.14555110860489945,0.13784931914930743,0.15058877262900192
smd,machine-1-4,chronos_small_resid,0.12962135520317342,0.14168114936267295,0.13572125695893283,0.1466185751300339
smd,machine-1-4,knn,0.255248272251164,0.255209537436752,0.24519264403860166,0.2451636840014651
smd,machine-1-4,lof,0.1947748226478549,0.19415500959086615,0.17757766797063348,0.1775787401734344
smd,machine-1-4,ae,0.3444349590570757,0.3421960852115785,0.324336738453036,0.32432162454317925
smd,machine-1-4,iforest,0.25788909774293434,0.2552683803079814,0.2465685823458873,0.24607117987094873
smd,machine-1-5,timesfm_resid,0.024795202402470035,0.028808088818686732,0.01941090732387599,0.024994227692193085
smd,machine-1-5,tirex_resid,0.021756683343769796,0.02310184214269012,0.017772319581401855,0.022272538448908297
smd,machine-1-5,chronos_base_resid,0.02720982077391315,0.03158540228086066,0.025026583286964277,0.026904725511969887
smd,machine-1-5,chronos_small_resid,0.024172749895064412,0.02885701586045953,0.02202724987642944,0.026163461998294432
smd,machine-1-5,knn,0.029999770386558492,0.029882026708600302,0.022016018631023364,0.024472085822588873
smd,machine-1-5,lof,0.006509539930147072,0.006505241797253838,0.007150389387105601,0.007153206313629349
smd,machine-1-5,ae,0.012763700744038143,0.012678027585917472,0.01123517355784424,0.011174937330387984
smd,machine-1-5,iforest,0.04001021184382262,0.03948491366260287,0.03065635877803204,0.030656635791407778
smd,machine-1-6,timesfm_resid,0.2092763038463016,0.20946810350100295,0.21865875586629285,0.2271971545820402
smd,machine-1-6,tirex_resid,0.27476366069399566,0.278040006365378,0.2818815737741583,0.29877973014475273
smd,machine-1-6,chronos_base_resid,0.21313185126474943,0.21460953200510824,0.22604928020863663,0.2252226163289315
smd,machine-1-6,chronos_small_resid,0.21175974484929105,0.21321506781724797,0.22369642534832862,0.22254294167207803
smd,machine-1-6,knn,0.3001533484428419,0.3000800074246013,0.2787566376410423,0.2787963846801008
smd,machine-1-6,lof,0.28382963889738483,0.283529611255228,0.2683651270833706,0.2684416935249876
smd,machine-1-6,ae,0.5977575451493687,0.596922479311988,0.5498102287896849,0.5497854605991029
smd,machine-1-6,iforest,0.578442662143059,0.5789240930221058,0.5850660753261131,0.5850624627905803
smd,machine-1-7,timesfm_resid,0.15736364799594316,0.15961048947549816,0.16962439475106447,0.16698985433365254
smd,machine-1-7,tirex_resid,0.15697720283607525,0.15757946672331535,0.16418152791842477,0.1635794557721151
smd,machine-1-7,chronos_base_resid,0.164397698941405,0.16864672279224177,0.18240448400438442,0.18166953281910497
smd,machine-1-7,chronos_small_resid,0.15338489096694663,0.15289558310152263,0.157760486707238,0.15600282075195204
smd,machine-1-7,knn,0.7511336574158914,0.7512069154566446,0.7573801554616758,0.7573640136294368
smd,machine-1-7,lof,0.23254736195085968,0.23180234678131248,0.22839610857675263,0.2283736940689887
smd,machine-1-7,ae,0.45314331130957997,0.45359955498455284,0.41508261627559095,0.41496285666511856
smd,machine-1-7,iforest,0.34592426416481953,0.34585219834285036,0.35007660751729064,0.35009601252463185
smd,machine-1-8,timesfm_resid,0.11950136945718164,0.1273374742274942,0.13150281060823144,0.12865448226510703
smd,machine-1-8,tirex_resid,0.1099043237504631,0.12171440402022081,0.12420235770326173,0.12257460098737055
smd,machine-1-8,chronos_base_resid,0.0819084977902389,0.07818383002418675,0.08520049645173014,0.0810249264572241
smd,machine-1-8,chronos_small_resid,0.09638297152605012,0.09768914763008822,0.10452964287230732,0.10094430538278178
smd,machine-1-8,knn,0.24551919977176312,0.2449657847300849,0.24204764689885952,0.24201602490152324
smd,machine-1-8,lof,0.05204633809995068,0.05133776443043451,0.05004821376298736,0.05002574894798515
smd,machine-1-8,ae,0.2887272226471317,0.2887477033111835,0.267530134437701,0.2674224834645348
smd,machine-1-8,iforest,0.08722355499066053,0.08727410528473481,0.08373297559473608,0.08375003967114536
smd,machine-2-1,timesfm_resid,0.08611744527909163,0.09479642816335218,0.08813880557815737,0.10661043633026959
smd,machine-2-1,tirex_resid,0.08377802464171255,0.08730384248531571,0.08471867863538443,0.09261817758507575
smd,machine-2-1,chronos_base_resid,0.08321392978717002,0.08482148074993909,0.07654573322438005,0.08827393126917998
smd,machine-2-1,chronos_small_resid,0.08415188881644373,0.085040131533307,0.07935568692264758,0.08868040957295265
smd,machine-2-1,knn,0.343652344440335,0.3435649061064898,0.3365550001411152,0.3362174229018951
smd,machine-2-1,lof,0.37525919018174747,0.3762401419456002,0.37283033370327434,0.3726936707560528
smd,machine-2-1,ae,0.3181211999443161,0.3170043830450039,0.30469661038759455,0.30500182636554124
smd,machine-2-1,iforest,0.37110405438409544,0.3710611044201877,0.37804949320547465,0.37805831397103357
smd,machine-2-2,timesfm_resid,0.11803872319510587,0.12011735523064365,0.11027080483674384,0.11223375436291042
smd,machine-2-2,tirex_resid,0.12113801448429552,0.12224965319220599,0.11081382170928374,0.11431830282069702
smd,machine-2-2,chronos_base_resid,0.12072240647595617,0.1212126906295654,0.11454040026245338,0.11300067864677246
smd,machine-2-2,chronos_small_resid,0.11910742054961045,0.12110226562514345,0.11346365967273618,0.11271384634732166
smd,machine-2-2,knn,0.6290787354640274,0.6291227925059608,0.6490278130662391,0.64901627922258
smd,machine-2-2,lof,0.09915494228052607,0.09928673792681003,0.09624852405441736,0.09624814077303029
smd,machine-2-2,ae,0.46312548626918326,0.4630084351846643,0.4586460390709377,0.45862836379483773
smd,machine-2-2,iforest,0.3526523726672116,0.3526513269845001,0.35632936669622284,0.35638758222080025
smd,machine-2-3,timesfm_resid,0.1349441642310266,0.14255847182643086,0.26231846939907577,0.27415525617732306
smd,machine-2-3,tirex_resid,0.1400024799123263,0.1491410187565737,0.2791202157968352,0.29581831709876477
smd,machine-2-3,chronos_base_resid,0.12756113605351277,0.13415030333907194,0.21100043238545335,0.2257269923535457
smd,machine-2-3,chronos_small_resid,0.13837772700037204,0.1438576526110947,0.23167020422369683,0.23136242492435993
smd,machine-2-3,knn,0.19770912111095473,0.20051061152629057,0.17446278439699284,0.17442470394891585
smd,machine-2-3,lof,0.02123628510081642,0.021166489136482454,0.02141667213232597,0.021408426224320626
smd,machine-2-3,ae,0.20397706838745552,0.20462595175198867,0.17186544633901035,0.171773164800268
smd,machine-2-3,iforest,0.37494212583279884,0.3740916201958707,0.273083007856761,0.2730155767639172
smd,machine-2-4,timesfm_resid,0.17872029684538365,0.18582045830911226,0.2429743640940276,0.25013422974624167
smd,machine-2-4,tirex_resid,0.16884304439505504,0.1841223223954287,0.22782088744390028,0.24915749482869373
smd,machine-2-4,chronos_base_resid,0.1949216840177926,0.20854505863101036,0.27600796008759826,0.28266466317781014
smd,machine-2-4,chronos_small_resid,0.17161230332139538,0.1983160161442892,0.23552917631808745,0.24804805961849358
smd,machine-2-4,knn,0.5511066522886278,0.550853188642713,0.5346053921539704,0.5346168343379619
smd,machine-2-4,lof,0.45662755878091527,0.4566530875028299,0.43208764966313995,0.4320859211488411
smd,machine-2-4,ae,0.4696565998767407,0.4696847915656796,0.45292281318477196,0.4528863294767156
smd,machine-2-4,iforest,0.3842409044838542,0.38422533127529446,0.38541754670385775,0.38541298934777934
smd,machine-2-5,timesfm_resid,0.062386837270900636,0.05944654494200255,0.0697171801023384,0.07288621374568019
smd,machine-2-5,tirex_resid,0.05902860255745405,0.056855829308553776,0.06401529837596862,0.0680702555969924
smd,machine-2-5,chronos_base_resid,0.06861776075353684,0.061328408500127954,0.07303110948673994,0.07277244680283525
smd,machine-2-5,chronos_small_resid,0.07159377459054092,0.06146313726450964,0.07393624072940472,0.07453469134159717
smd,machine-2-5,knn,0.6357787114456172,0.6354934217577677,0.6262013987427171,0.6266984068861249
smd,machine-2-5,lof,0.20140798404000504,0.2001043552326045,0.17448621146686338,0.1743021076281865
smd,machine-2-5,ae,0.4388118048136748,0.43797584319917426,0.367550827008731,0.3677200273136512
smd,machine-2-5,iforest,0.18423057007376173,0.18460631849477063,0.17870819560420897,0.17870860161694993
smd,machine-2-6,timesfm_resid,0.1812758387979623,0.18965398218803203,0.30911300483871806,0.3111989217783634
smd,machine-2-6,tirex_resid,0.18903313006199512,0.1939015365986222,0.32004040681812024,0.3196397287292442
smd,machine-2-6,chronos_base_resid,0.19781220221032875,0.21966176447104846,0.36737340546247665,0.3648069572437114
smd,machine-2-6,chronos_small_resid,0.20350203821093713,0.24716791476619224,0.3580605428755429,0.3746068941071963
smd,machine-2-6,knn,0.45560911761808137,0.45397519196940916,0.4413801558202025,0.4418015712183354
smd,machine-2-6,lof,0.08230882144618915,0.0824695003804368,0.08363546330015267,0.08372041325584947
smd,machine-2-6,ae,0.554100788135569,0.5529650687518592,0.5544607493700717,0.5545160497177649
smd,machine-2-6,iforest,0.1651725438696943,0.15682476669803055,0.11625069571775037,0.11624539495973815
smd,machine-2-7,timesfm_resid,0.13611537282886932,0.1444262690308079,0.19053811776089474,0.1855637852227927
smd,machine-2-7,tirex_resid,0.15249548082970643,0.16384562340133266,0.1945174696117435,0.18972336338370405
smd,machine-2-7,chronos_base_resid,0.11979133815920555,0.1272822345480173,0.16715377643153828,0.162142365996926
smd,machine-2-7,chronos_small_resid,0.12556190623284763,0.13058015871016326,0.16906718178017077,0.16248608489400954
smd,machine-2-7,knn,0.28775492781352435,0.28763138735669946,0.27349858024845775,0.2734503659655798
smd,machine-2-7,lof,0.10624455946303815,0.10567605747627509,0.139534459293573,0.13952978071384228
smd,machine-2-7,ae,0.48652097014241324,0.48193787811043254,0.4588446299671033,0.4589517642320301
smd,machine-2-7,iforest,0.5386350996814402,0.5365188293495045,0.5349647401089843,0.5349659858566076
smd,machine-2-8,timesfm_resid,0.4983828017808123,0.6868572408548154,0.8441215947140768,0.8422009625994529
smd,machine-2-8,tirex_resid,0.5823150702970795,0.7007254796517963,0.8430287402388152,0.841335077343213
smd,machine-2-8,chronos_base_resid,0.6183406006071366,0.7616303331103925,0.8462977189221629,0.8436518937795712
smd,machine-2-8,chronos_small_resid,0.5145793981239464,0.6409769221197017,0.8653615951596089,0.8632671271263179
smd,machine-2-8,knn,0.8729479718660116,0.8729899925297384,0.8828780818695495,0.8836557090986378
smd,machine-2-8,lof,0.8715063815134052,0.8715332655231517,0.8870823978092526,0.8872406270890079
smd,machine-2-8,ae,0.8099201505655249,0.8046611184000942,0.7985792304134274,0.8010182981660574
smd,machine-2-8,iforest,0.5206505070928078,0.5776158272055053,0.5080983420840779,0.5080973196122895
smd,machine-2-9,timesfm_resid,0.11962801704882482,0.11799225272727598,0.20797454120812292,0.194826859443208
smd,machine-2-9,tirex_resid,0.11542877407476196,0.11610989634427454,0.19398585553177863,0.17519440308322137
smd,machine-2-9,chronos_base_resid,0.1358947627101551,0.134300661731224,0.19974693314547998,0.18102899639125494
smd,machine-2-9,chronos_small_resid,0.11648390913076595,0.11590064509721201,0.1966933906963247,0.17816668750808623
smd,machine-2-9,knn,0.3063440521079005,0.3064055174298507,0.31240550967194014,0.3123832622463335
smd,machine-2-9,lof,0.07732644482958077,0.07730625576005001,0.0711597293049255,0.07116018419748833
smd,machine-2-9,ae,0.7398295880349361,0.7398963676036645,0.741625608716373,0.7416294621098609
smd,machine-2-9,iforest,0.26341288304458677,0.2632066248495212,0.24858329642927257,0.24859203266628419
smd,machine-3-10,timesfm_resid,0.3407919589982704,0.2929430394361943,0.40290782302408557,0.42253861714587393
smd,machine-3-10,tirex_resid,0.1332969018051991,0.16206014544911418,0.24076506275677068,0.24438551044815426
smd,machine-3-10,chronos_base_resid,0.3884992020973929,0.30995587756925175,0.4052462473684244,0.4230328399069868
smd,machine-3-10,chronos_small_resid,0.4093290227601467,0.3446063963174424,0.4336663040048533,0.43647327762528987
smd,machine-3-10,knn,0.11517102260595351,0.11487012766730227,0.12580219152027505,0.1260756076063003
smd,machine-3-10,lof,0.10353193740104545,0.10430561989441935,0.11868196137662226,0.11923907112057683
smd,machine-3-10,ae,0.3406755178362368,0.3359190136845106,0.2930942058910082,0.2934833977753585
smd,machine-3-10,iforest,0.5359648870516889,0.5360273041882958,0.519563796582444,0.5196410765812038
smd,machine-3-11,timesfm_resid,0.36563663180439243,0.44317784114775094,0.6648050759306372,0.6548982710897646
smd,machine-3-11,tirex_resid,0.38611840557792754,0.45456175791917597,0.7043243897505701,0.6863563271108095
smd,machine-3-11,chronos_base_resid,0.401873710458539,0.5214605110876485,0.6984359709402523,0.7225457431105643
smd,machine-3-11,chronos_small_resid,0.36239698436988926,0.5170114417496166,0.6842432628606183,0.7084666867666514
smd,machine-3-11,knn,0.185775279821914,0.1857930498995382,0.15419308986181374,0.1543254886970094
smd,machine-3-11,lof,0.742138117785818,0.7421670411659187,0.7260804615662977,0.7260804615662977
smd,machine-3-11,ae,0.7131005290786521,0.7131435666773771,0.7173719622463541,0.7162943671003927
smd,machine-3-11,iforest,0.025403801450798964,0.025299504398631056,0.02490261966243497,0.02490426998799997
smd,machine-3-1,timesfm_resid,0.25459507410764837,0.3518839192961457,0.49005111611137125,0.4875767947584001
smd,machine-3-1,tirex_resid,0.21375643407270573,0.30316416263033685,0.482354542413074,0.5060626100954565
smd,machine-3-1,chronos_base_resid,0.204342882585054,0.29591326676898555,0.43181233288899507,0.47890163427065124
smd,machine-3-1,chronos_small_resid,0.2082174228461134,0.33307747436960033,0.4557167568143724,0.48621846971558513
smd,machine-3-1,knn,0.6611645219286784,0.6608136605367281,0.670874310310504,0.6709060600200595
smd,machine-3-1,lof,0.616707300322257,0.6165324701817112,0.619738263277889,0.6191583101476528
smd,machine-3-1,ae,0.687674315921375,0.6897006895646467,0.6148480864465349,0.6148786305923784
smd,machine-3-1,iforest,0.26908198193818245,0.2817186979473175,0.27290757474282484,0.2804724689698762
smd,machine-3-2,timesfm_resid,0.05613903963275463,0.05621799946277091,0.05199829616188756,0.053730725788723024
smd,machine-3-2,tirex_resid,0.05593311593488757,0.05584442229378072,0.05139915511924588,0.05308221423642282
smd,machine-3-2,chronos_base_resid,0.05769644391048619,0.05743120202856107,0.05341638257407905,0.055078669766415025
smd,machine-3-2,chronos_small_resid,0.05715410023668535,0.05724560199353152,0.05236779169878489,0.054476740580606045
smd,machine-3-2,knn,0.24103518517177666,0.24101721279765637,0.24681927799551664,0.24680045396554842
smd,machine-3-2,lof,0.2103967177429034,0.21025251452624397,0.21893965210433275,0.21895355766705174
smd,machine-3-2,ae,0.1703585055676415,0.17008561205609893,0.15297532411926879,0.15286638093356097
smd,machine-3-2,iforest,0.09305089661671226,0.09254577117555701,0.0933426556870281,0.09309085633177713
smd,machine-3-3,timesfm_resid,0.15112180965490518,0.1643742261934848,0.37622338392827626,0.3973241572215621
smd,machine-3-3,tirex_resid,0.17617331598775998,0.19021955671228402,0.4050212340532986,0.43435899584126425
smd,machine-3-3,chronos_base_resid,0.13831464153710513,0.15649815580160045,0.35211881130098743,0.3895627665278789
smd,machine-3-3,chronos_small_resid,0.1424467098483916,0.1579494570911728,0.34553318503012737,0.36110484472248705
smd,machine-3-3,knn,0.13015382167621897,0.12971922509600523,0.11757174013198674,0.11788996826057674
smd,machine-3-3,lof,0.12275734509691849,0.12142452719055535,0.10507694573554933,0.10545206366078225
smd,machine-3-3,ae,0.12256476204435143,0.12160646733269169,0.10524384455510524,0.10520429401395683
smd,machine-3-3,iforest,0.08061237609524857,0.08062926960349362,0.08028541940899458,0.08028405609385507
smd,machine-3-4,timesfm_resid,0.07523157619188352,0.07505019257849685,0.09760791837307482,0.09857542800308591
smd,machine-3-4,tirex_resid,0.0702173383818182,0.07071159303560752,0.0887342110039418,0.09024280672772209
smd,machine-3-4,chronos_base_resid,0.06861419113488491,0.06889778202309797,0.08165226841858572,0.08342947857388587
smd,machine-3-4,chronos_small_resid,0.06779650670989217,0.06833599884075281,0.08028560404543295,0.08148945126824997
smd,machine-3-4,knn,0.15118014107819358,0.15279541678865718,0.13693854870848823,0.13707999209152708
smd,machine-3-4,lof,0.15759151053836418,0.1575864954561602,0.12923799416750253,0.1293016963945974
smd,machine-3-4,ae,0.733593819445141,0.7335484869541357,0.72737949665303,0.7273759236411693
smd,machine-3-4,iforest,0.25646710221305447,0.2564523938123255,0.222604429447713,0.22262376582125665
smd,machine-3-5,timesfm_resid,0.0654316761768658,0.05904135241028274,0.053784389475136585,0.05287454625810465
smd,machine-3-5,tirex_resid,0.04927413390096755,0.043851092753159265,0.04661152022018005,0.04635464977997979
smd,machine-3-5,chronos_base_resid,0.04919667132382098,0.04693915253672636,0.047197708099729445,0.045903077919288694
smd,machine-3-5,chronos_small_resid,0.051531135541094064,0.04863660980355895,0.04926425072601044,0.047409285438740845
smd,machine-3-5,knn,0.23651015656514524,0.2364244003722843,0.22589078417160502,0.22610967295118453
smd,machine-3-5,lof,0.33903388250999944,0.3405941064591469,0.3433547760382156,0.34324901943102926
smd,machine-3-5,ae,0.4026540271690545,0.4026724416492773,0.4013407431466074,0.40134258496260417
smd,machine-3-5,iforest,0.10973255116325761,0.11305064994708765,0.09028716460341674,0.0907856021865219
smd,machine-3-6,timesfm_resid,0.0944842945213479,0.09842206761618867,0.09784954650172487,0.10213998715821535
smd,machine-3-6,tirex_resid,0.09883163261637343,0.10268778272641102,0.09999788361188298,0.1040560751533205
smd,machine-3-6,chronos_base_resid,0.09097198755511593,0.09535828231296499,0.09630386227301546,0.1020100154858172
smd,machine-3-6,chronos_small_resid,0.08851833411637616,0.09294533487979602,0.0909010812855122,0.09410587492983655
smd,machine-3-6,knn,0.7523421550488991,0.7538480723425888,0.7314929669585735,0.7316081283287386
smd,machine-3-6,lof,0.5484396300907597,0.5489489209570638,0.5559945223048799,0.5558919760003965
smd,machine-3-6,ae,0.6739988882348941,0.6742897431885325,0.6024385676797435,0.6021745573832409
smd,machine-3-6,iforest,0.7241168347469549,0.7247255894458869,0.7100146845228655,0.7101300239871645
smd,machine-3-7,timesfm_resid,0.08342127886458463,0.09783097649966216,0.2369526946194102,0.2574696287818726
smd,machine-3-7,tirex_resid,0.0468574215843874,0.046540887458362684,0.15563405342077496,0.15966374436162833
smd,machine-3-7,chronos_base_resid,0.1174826953699186,0.14709150958352393,0.3884961856738106,0.39440721285054015
smd,machine-3-7,chronos_small_resid,0.07520570951926216,0.0905824941985992,0.223959450040459,0.21511687008164607
smd,machine-3-7,knn,0.7387632590954227,0.738182317729431,0.7562569657164377,0.7562223644512136
smd,machine-3-7,lof,0.26837464637628894,0.2677870479795597,0.3574468735986783,0.35719495201776325
smd,machine-3-7,ae,0.6152241036840158,0.6131034898877555,0.6005839826642188,0.5997966562851101
smd,machine-3-7,iforest,0.2623772946940837,0.26897236683587866,0.30778793160867435,0.3078192383517258
smd,machine-3-8,timesfm_resid,0.1801196599464528,0.18201458531885958,0.3650745183741666,0.3513277185359084
smd,machine-3-8,tirex_resid,0.1868591711369788,0.18887173501144142,0.3972173783022245,0.3846032867909724
smd,machine-3-8,chronos_base_resid,0.22360800963038413,0.22128870309862048,0.40270932737979004,0.38552875070685233
smd,machine-3-8,chronos_small_resid,0.17572697887883287,0.17643600419125313,0.3945420106060464,0.38186690841962884
smd,machine-3-8,knn,0.44719531396083134,0.4470161576811966,0.448022653041713,0.4480476503176218
smd,machine-3-8,lof,0.06507382723218626,0.06508572192930645,0.06644234072023296,0.06643261756275765
smd,machine-3-8,ae,0.32139435287058915,0.3193501780371374,0.3236840281369807,0.32376247958921667
smd,machine-3-8,iforest,0.41313861417922887,0.4138369233939393,0.4149034403147216,0.41494138292419425
smd,machine-3-9,timesfm_resid,0.19567968537152614,0.1847290751199515,0.3460260137829928,0.33264209027007563
smd,machine-3-9,tirex_resid,0.23611394129057564,0.2223827963403272,0.3354740908140783,0.32115453984161624
smd,machine-3-9,chronos_base_resid,0.2181205540594888,0.21309598455477105,0.292496913459539,0.28450712703305037
smd,machine-3-9,chronos_small_resid,0.20934554605199607,0.2079896579755588,0.2946225311335352,0.288914293171427
smd,machine-3-9,knn,0.3127571649839018,0.3125548102354687,0.33554652725525874,0.33540970408494475
smd,machine-3-9,lof,0.32812402828909076,0.32813043159930944,0.36168782547452577,0.36169245926737137
smd,machine-3-9,ae,0.6428551745380453,0.6427747842261028,0.5681192999387144,0.568394266546027
smd,machine-3-9,iforest,0.2630153128188587,0.25922348358353586,0.25437050072209844,0.25285831853917995
