detector,series,forecast_err_normal,sep_ratio,effect,vus_pr
ae,nasa/E-9,0.208998,0.0741,-1.0500,0.3998
ae,nasa/E-11,0.215343,1.0441,0.0577,0.1816
ae,nasa/E-13,0.36166,1.1909,0.5630,0.0358
ae,nasa/D-1,0.34316,33.7164,113.1688,0.5002
ae,nasa/P-3,0.240634,0.5101,-0.6691,0.2044
ae,nasa/D-3,1.43083,45.6468,4.8086,0.4590
ae,nasa/A-2,0.378918,0.6454,-1.0212,0.0129
ae,nasa/A-4,0.306673,0.9235,-0.2709,0.0144
ae,nasa/D-6,0.399855,1.7769,2.5633,0.0170
ae,nasa/F-1,0.106199,0.5627,-0.3885,0.0124
ae,nasa/G-3,0.318731,1.3968,1.1349,0.0112
ae,nasa/T-2,0.0191996,1.0733,0.9358,0.5635
ae,nasa/D-9,0.000453722,0.9422,-0.0459,0.8766
ae,nasa/G-4,0.413312,90.6305,12.6481,0.8600
ae,nasa/D-11,0.0107938,4.7032,5.5224,0.1019
ae,nasa/G-7,0.0379236,21.7586,9.1407,0.2370
ae,nasa/A-6,4.14903,2.4579,3.3006,0.9459
ae,nasa/A-8,0.00324646,3.0733,14.8052,0.5415
ae,nasa/M-1,0.105886,1.3410,1.0531,0.5642
ae,nasa/F-7,0.125919,0.5989,-0.7667,0.1069
ae,nasa/M-4,0.149388,0.9309,-0.2970,0.1860
ae,nasa/P-15,2.90186,3.2967,2.4620,0.0138
ae,nasa/D-15,0.165994,1.0779,0.1924,0.5027
ae,psm/psm,0.404596,1.6769,0.4026,0.6815
ae,smd/machine-1-2,1.14192,4.1697,4.3091,0.3551
ae,smd/machine-1-4,44.8389,0.6474,-0.0179,0.3444
ae,smd/machine-1-6,5.29995,12.9756,15.0264,0.5978
ae,smd/machine-1-8,1.02288,15.0623,2.6310,0.2884
ae,smd/machine-2-4,0.49539,40.4556,7.3209,0.4697
ae,smd/machine-2-6,25.4913,30.5036,6.9573,0.5543
ae,smd/machine-3-1,71.7945,204.9907,9.2712,0.6877
ae,smd/machine-3-3,0.546014,3.6702,1.2776,0.1225
ae,smd/machine-3-5,14.3697,1.5228,0.1903,0.4027
ae,smd/machine-3-7,108.985,41.3295,3.3974,0.6152
ae,smd/machine-3-9,108.884,1.3547,0.0187,0.6429
ae,ucr/002_UCR_Anomaly_DISTORTED2sddb40_35000_56600_56900,0.0288315,0.3598,-0.2560,0.0086
ae,ucr/004_UCR_Anomaly_DISTORTEDBIDMC1_2500_5400_5600,0.135339,6.2805,13.7835,0.7332
ae,ucr/006_UCR_Anomaly_DISTORTEDCIMIS44AirTemperature2_4000_5703_5727,0.13399,3.4468,6.7592,0.8945
ae,ucr/008_UCR_Anomaly_DISTORTEDCIMIS44AirTemperature4_4000_5549_5597,0.119873,1.6254,2.1748,0.3091
ae,ucr/010_UCR_Anomaly_DISTORTEDCIMIS44AirTemperature6_4000_6006_6054,0.121568,4.8016,7.4333,0.8265
ae,ucr/012_UCR_Anomaly_DISTORTEDECG2_15000_16000_16100,0.0635661,4.4973,3.0941,0.0951
ae,ucr/014_UCR_Anomaly_DISTORTEDECG3_8000_17000_17100,0.10027,1.5068,1.7771,0.0912
ae,ucr/016_UCR_Anomaly_DISTORTEDECG4_5000_16900_17100,0.18543,3.8127,9.5273,0.7469
ae,ucr/018_UCR_Anomaly_DISTORTEDECG4_8000_17000_17100,0.100753,1.1462,0.5257,0.0092
ae,ucr/020_UCR_Anomaly_DISTORTEDGP711MarkerLFM5z2_5000_7175_7388,0.0268064,5.5065,5.9815,0.6408
ae,ucr/022_UCR_Anomaly_DISTORTEDGP711MarkerLFM5z4_4000_6527_6645,0.0288228,6.1385,12.9677,0.9196
ae,ucr/024_UCR_Anomaly_DISTORTEDInternalBleeding10_3200_4526_4556,0.0969141,1.2099,0.7603,0.0266
ae,ucr/026_UCR_Anomaly_DISTORTEDInternalBleeding15_1700_5684_5854,0.103772,1.0661,0.2344,0.0515
ae,ucr/028_UCR_Anomaly_DISTORTEDInternalBleeding17_1600_3198_3309,0.0763591,1.6740,2.0148,0.1424
ae,ucr/030_UCR_Anomaly_DISTORTEDInternalBleeding19_3000_4187_4197,0.0319645,2.7484,3.4685,0.0974
ae,ucr/032_UCR_Anomaly_DISTORTEDInternalBleeding4_1000_4675_5033,0.26436,1.9931,4.9686,0.6367
ae,ucr/034_UCR_Anomaly_DISTORTEDInternalBleeding6_1500_3474_3629,0.0953753,4.1520,10.0835,0.7021
ae,ucr/036_UCR_Anomaly_DISTORTEDInternalBleeding9_4200_6599_6681,0.0410965,0.5517,-1.5248,0.0211
ae,ucr/038_UCR_Anomaly_DISTORTEDLab2Cmac011215EPG2_5000_27862_27932,0.493375,1.2241,0.6675,0.0061
ae,ucr/040_UCR_Anomaly_DISTORTEDLab2Cmac011215EPG4_6000_17390_17520,0.438027,1.2392,0.6961,0.0130
ae,ucr/042_UCR_Anomaly_DISTORTEDLab2Cmac011215EPG6_7000_12190_12420,0.407756,0.4632,-1.5753,0.0079
ae,ucr/044_UCR_Anomaly_DISTORTEDPowerDemand1_9000_18485_18821,0.0748295,0.7385,-1.0068,0.0686
ae,ucr/046_UCR_Anomaly_DISTORTEDPowerDemand3_16000_23405_23477,0.0457743,1.8468,3.1356,0.1475
ae,ucr/048_UCR_Anomaly_DISTORTEDTkeepFifthMARS_3500_5988_6085,0.0771284,1.8940,2.4998,0.1229
ae,ucr/050_UCR_Anomaly_DISTORTEDTkeepForthMARS_3500_5988_6085,0.0662805,0.8374,-0.5333,0.0142
ae,ucr/052_UCR_Anomaly_DISTORTEDTkeepThirdMARS_3500_4711_4809,0.0709729,1.7266,2.2408,0.1675
ae,ucr/054_UCR_Anomaly_DISTORTEDWalkingAceleration5_2700_5920_5979,0.835459,6.3777,9.0950,0.9538
ae,ucr/056_UCR_Anomaly_DISTORTEDapneaecg3_5000_11111_11211,0.342888,0.9034,-0.1715,0.0076
ae,ucr/058_UCR_Anomaly_DISTORTEDapneaecg_10000_12240_12308,0.215046,1.0838,0.4628,0.0062
ae,ucr/060_UCR_Anomaly_DISTORTEDgait2_22000_46500_46800,0.0137781,1.2874,0.5686,0.0214
ae,ucr/062_UCR_Anomaly_DISTORTEDgaitHunt1_18500_33070_33180,0.0106269,3.3347,4.6290,0.3404
ae,ucr/064_UCR_Anomaly_DISTORTEDgaitHunt3_23400_38400_39200,0.00782952,1.9068,1.6719,0.1703
ae,ucr/066_UCR_Anomaly_DISTORTEDinsectEPG2_3700_8000_8025,0.10972,1.7724,2.8170,0.1088
ae,ucr/068_UCR_Anomaly_DISTORTEDinsectEPG4_1300_6508_6558,0.322894,0.8900,-1.2881,0.0050
ae,ucr/070_UCR_Anomaly_DISTORTEDltstdbs30791AI_17555_52600_52800,0.0375298,48.0153,29.5550,0.6398
ae,ucr/072_UCR_Anomaly_DISTORTEDltstdbs30791ES_20000_52600_52800,0.0216328,2.1022,2.2859,0.1656
ae,ucr/074_UCR_Anomaly_DISTORTEDqtdbSel1005V_4000_12400_12800,0.534857,0.7097,-0.5709,0.0112
ae,ucr/076_UCR_Anomaly_DISTORTEDresperation10_48000_130700_131880,0.00259198,4.0540,7.8884,0.4803
ae,ucr/078_UCR_Anomaly_DISTORTEDresperation1_100000_110260_110412,0.0017912,1.1006,0.3314,0.0058
ae,ucr/084_UCR_Anomaly_DISTORTEDs20101mML2_12000_35774_35874,0.134511,23.7169,33.7277,0.8295
ae,ucr/086_UCR_Anomaly_DISTORTEDsddb49_20000_67950_68200,0.00595764,14.8579,23.1914,0.3538
ae,ucr/088_UCR_Anomaly_DISTORTEDsel840mECG2_20000_49370_49740,0.0394253,0.8750,-0.1540,0.0142
ae,ucr/090_UCR_Anomaly_DISTORTEDtiltAPB2_50000_124159_124985,0.011784,3.8929,2.9951,0.3515
ae,ucr/094_UCR_Anomaly_NOISEBIDMC1_2500_5400_5600,0.131864,6.1202,15.2357,0.7365
ae,ucr/096_UCR_Anomaly_NOISEECG4_5000_16900_17100,0.182903,4.0981,10.5371,0.7516
ae,ucr/098_UCR_Anomaly_NOISEInternalBleeding16_1200_4187_4199,0.283068,1.3506,1.9146,0.0249
ae,ucr/100_UCR_Anomaly_NOISELab2Cmac011215EPG1_5000_17210_17260,0.488702,5.1287,10.9839,0.5311
ae,ucr/102_UCR_Anomaly_NOISEMesoplodonDensirostris_10000_19280_19440,0.168855,3.1757,3.5450,0.5959
ae,ucr/104_UCR_Anomaly_NOISEapneaecg4_6000_16000_16100,0.27305,0.3250,-1.8577,0.0040
ae,ucr/106_UCR_Anomaly_NOISEgaitHunt2_18500_31200_31850,0.0184955,1.7335,2.5916,0.3317
ae,ucr/110_UCR_Anomaly_2sddb40_35000_56600_56900,0.0282833,0.3145,-0.2611,0.0093
ae,ucr/112_UCR_Anomaly_BIDMC1_2500_5400_5600,0.121836,6.7276,15.8640,0.7402
ae,ucr/114_UCR_Anomaly_CIMIS44AirTemperature2_4000_5703_5727,0.124384,3.6533,6.8305,0.8987
ae,ucr/116_UCR_Anomaly_CIMIS44AirTemperature4_4000_5549_5597,0.118217,1.8514,2.7089,0.6022
ae,ucr/118_UCR_Anomaly_CIMIS44AirTemperature6_4000_6006_6054,0.12427,4.6264,7.0016,0.7854
ae,ucr/120_UCR_Anomaly_ECG2_15000_16000_16100,0.0614763,5.0450,3.5106,0.1080
ae,ucr/122_UCR_Anomaly_ECG3_8000_17000_17100,0.0914083,1.5893,1.9473,0.0846
ae,ucr/124_UCR_Anomaly_ECG4_5000_16900_17100,0.175333,4.2245,10.4282,0.7536
ae,ucr/126_UCR_Anomaly_ECG4_8000_17000_17100,0.0913309,1.2098,0.6937,0.0110
ae,ucr/128_UCR_Anomaly_GP711MarkerLFM5z2_5000_7175_7388,0.0197336,8.7426,6.2959,0.6503
ae,ucr/130_UCR_Anomaly_GP711MarkerLFM5z4_4000_6527_6645,0.0218047,8.6122,16.1474,0.9190
ae,ucr/132_UCR_Anomaly_InternalBleeding10_3200_4526_4556,0.0908024,1.3285,1.5611,0.0482
ae,ucr/134_UCR_Anomaly_InternalBleeding15_1700_5684_5854,0.0944037,1.0239,0.1032,0.0483
ae,ucr/136_UCR_Anomaly_InternalBleeding17_1600_3198_3309,0.0628519,1.8670,2.8526,0.5111
ae,ucr/138_UCR_Anomaly_InternalBleeding19_3000_4187_4197,0.0253885,3.1146,4.8369,0.2470
ae,ucr/140_UCR_Anomaly_InternalBleeding4_1000_4675_5033,0.271197,1.9583,6.1084,0.6357
ae,ucr/142_UCR_Anomaly_InternalBleeding6_1500_3474_3629,0.0990635,5.1695,17.0770,0.7620
ae,ucr/144_UCR_Anomaly_InternalBleeding9_4200_6599_6681,0.036706,0.6468,-1.3547,0.0213
ae,ucr/146_UCR_Anomaly_Lab2Cmac011215EPG2_5000_27862_27932,0.478603,1.1729,0.4937,0.0050
ae,ucr/148_UCR_Anomaly_Lab2Cmac011215EPG4_6000_17390_17520,0.433238,1.3037,0.8646,0.0152
ae,ucr/150_UCR_Anomaly_Lab2Cmac011215EPG6_7000_12190_12420,0.403536,0.4064,-1.6671,0.0084
ae,ucr/152_UCR_Anomaly_PowerDemand1_9000_18485_18821,0.0711932,0.7211,-1.0531,0.0610
ae,ucr/154_UCR_Anomaly_PowerDemand3_16000_23405_23477,0.0428842,2.1157,3.7801,0.1848
ae,ucr/156_UCR_Anomaly_TkeepFifthMARS_3500_5988_6085,0.0572991,2.4557,17.2147,0.7845
ae,ucr/158_UCR_Anomaly_TkeepForthMARS_3500_5988_6085,0.0574789,0.9075,-1.4359,0.0109
ae,ucr/160_UCR_Anomaly_TkeepThirdMARS_3500_4711_4809,0.0583017,2.2213,8.3394,0.7707
ae,ucr/162_UCR_Anomaly_WalkingAceleration5_2700_5920_5979,0.826564,6.8250,9.1978,0.9577
ae,ucr/164_UCR_Anomaly_apneaecg3_5000_11111_11211,0.343974,0.9096,-0.1674,0.0070
ae,ucr/166_UCR_Anomaly_apneaecg_10000_12240_12308,0.212045,1.1480,0.8371,0.0080
ae,ucr/168_UCR_Anomaly_gait2_22000_46500_46800,0.00949418,2.3890,2.5599,0.1831
ae,ucr/170_UCR_Anomaly_gaitHunt1_18500_33070_33180,0.0080951,4.1622,5.3376,0.3745
ae,ucr/172_UCR_Anomaly_gaitHunt3_23400_38400_39200,0.00569472,3.3278,3.5890,0.5390
ae,ucr/174_UCR_Anomaly_insectEPG2_3700_8000_8025,0.0921866,2.6010,6.5293,0.8561
ae,ucr/176_UCR_Anomaly_insectEPG4_1300_6508_6558,0.317089,0.9275,-0.8955,0.0057
ae,ucr/178_UCR_Anomaly_ltstdbs30791AI_17555_52600_52800,0.0331178,73.0705,30.0193,0.6408
ae,ucr/180_UCR_Anomaly_ltstdbs30791ES_20000_52600_52800,0.0174498,3.3909,4.1498,0.2676
ae,ucr/182_UCR_Anomaly_qtdbSel1005V_4000_12400_12800,0.53224,0.7151,-0.5611,0.0113
ae,ucr/184_UCR_Anomaly_resperation10_48000_130700_131880,0.00101786,9.1633,8.9602,0.4094
ae,ucr/186_UCR_Anomaly_resperation1_100000_110260_110412,0.000465241,2.0966,1.7924,0.0176
ae,ucr/192_UCR_Anomaly_s20101mML2_12000_35774_35874,0.12561,28.9349,35.4446,0.8341
ae,ucr/194_UCR_Anomaly_sddb49_20000_67950_68200,0.00463071,22.0242,29.6749,0.4391
ae,ucr/196_UCR_Anomaly_sel840mECG2_20000_49370_49740,0.0364865,0.9761,-0.0248,0.0182
ae,ucr/198_UCR_Anomaly_tiltAPB2_50000_124159_124985,0.0208046,4.0898,2.7517,0.3562
ae,ucr/202_UCR_Anomaly_CHARISfive_10411_10998_11028,0.047535,2.0173,2.8824,0.1375
ae,ucr/204_UCR_Anomaly_CHARISfive_12412_15000_15070,0.0432064,3.0816,6.0238,0.5469
ae,ucr/206_UCR_Anomaly_CHARISten_25130_29080_29140,0.0280671,4.0133,3.9246,0.2327
ae,ucr/208_UCR_Anomaly_CHARISten_5130_27929_27989,0.406535,1.9009,2.9086,0.2074
ae,ucr/210_UCR_Anomaly_Italianpowerdemand_36123_74900_74996,0.011129,1.2692,0.4299,0.0057
ae,ucr/212_UCR_Anomaly_Italianpowerdemand_8913_29480_29504,0.069172,1.4264,1.6300,0.0160
ae,ucr/214_UCR_Anomaly_STAFFIIIDatabase_34211_125720_126370,0.00971448,3.6324,3.2037,0.0257
ae,ucr/216_UCR_Anomaly_STAFFIIIDatabase_37216_160720_161370,0.00460014,40.0923,26.9744,0.0416
ae,ucr/218_UCR_Anomaly_STAFFIIIDatabase_41117_210720_211370,0.00262979,8.5931,9.7678,0.0535
ae,ucr/220_UCR_Anomaly_STAFFIIIDatabase_43217_250720_251370,0.0159748,3.9999,3.4510,0.0337
ae,ucr/222_UCR_Anomaly_mit14046longtermecg_56123_91200_91700,0.165222,6.3246,3.5957,0.0616
ae,ucr/224_UCR_Anomaly_mit14046longtermecg_76123_191200_191700,0.100741,2.6658,1.3136,0.0253
ae,ucr/226_UCR_Anomaly_mit14046longtermecg_96123_123000_123300,0.0851,26.0268,30.0431,0.5688
ae,ucr/228_UCR_Anomaly_mit14134longtermecg_11361_47830_47850,0.283631,1.7752,2.7348,0.0487
ae,ucr/230_UCR_Anomaly_mit14134longtermecg_19363_19510_19610,0.182988,1.4021,0.4414,0.0335
ae,ucr/232_UCR_Anomaly_mit14134longtermecg_8763_57530_57790,0.350718,1.1381,0.4975,0.0153
ae,ucr/236_UCR_Anomaly_mit14157longtermecg_19313_46350_46390,0.0410876,3.3072,0.9305,0.0156
ae,ucr/238_UCR_Anomaly_mit14157longtermecg_21311_72600_72780,0.0740766,7.1823,2.7807,0.0576
ae,ucr/240_UCR_Anomaly_taichidbS0715Master_240030_884100_884200,0.00525215,3.5609,0.7225,0.0011
ae,ucr/242_UCR_Anomaly_tilt12744mtable_100000_104630_104890,0.00395316,0.9128,-0.0107,0.0117
ae,ucr/244_UCR_Anomaly_tilt12754table_100013_104630_104890,0.00311615,1.6283,0.1162,0.0114
ae,ucr/246_UCR_Anomaly_tilt12755mtable_100211_270800_271070,0.0101195,4.1429,0.5831,0.0299
ae,ucr/248_UCR_Anomaly_weallwalk_2000_4702_4707,0.374835,1.5465,1.4807,0.0153
ae,ucr/250_UCR_Anomaly_weallwalk_2951_7290_7296,0.38786,1.3817,1.0195,0.0050
ae,nasa/E-8,0.20103,1.3747,0.4460,0.2277
ae,nasa/E-10,0.212662,1.0145,0.0192,0.2062
ae,nasa/E-12,0.216799,0.3875,-0.8540,0.1472
ae,nasa/P-2,0.536459,75.2973,18.8109,0.3618
ae,nasa/D-2,0.309587,0.8442,-0.5314,0.9745
ae,nasa/D-4,0.297403,216.7591,767.2005,0.3518
ae,nasa/A-3,0.361297,0.7270,-0.7707,0.0315
ae,nasa/G-1,0.392727,0.6518,-0.9131,0.0138
ae,nasa/T-1,0.00670882,1.0351,0.3181,0.3009
ae,nasa/F-2,0.0197502,1.8475,4.8022,0.5929
ae,nasa/T-3,0.0623007,77.8846,13.2255,0.2123
ae,nasa/G-6,0.00666966,11.5618,8.3665,0.1007
ae,nasa/P-7,0.0144487,2.7825,4.9498,0.5245
ae,nasa/A-7,0.0419049,0.7603,-1.0276,0.1674
ae,nasa/A-9,0.0173276,2.3619,10.3968,0.5464
ae,nasa/M-2,0.093911,4.6153,7.9768,0.6816
ae,nasa/M-3,0.144897,0.8465,-0.6313,0.1962
ae,nasa/P-11,0.119053,1.3126,0.4637,0.0927
ae,smd/machine-1-1,532.617,2.9865,0.2420,0.6221
ae,smd/machine-1-3,0.376044,5.1526,1.1445,0.3686
ae,smd/machine-1-5,22.1385,64.0887,8.6462,0.0127
ae,smd/machine-1-7,7.57549,7.9151,0.6696,0.4532
ae,smd/machine-2-1,81.9617,8.7695,1.7035,0.3170
ae,smd/machine-2-3,0.560355,11.2757,0.5812,0.2040
ae,smd/machine-2-5,335.626,0.2642,-0.0758,0.4388
ae,smd/machine-2-7,1.54917,7.2035,0.5702,0.4865
ae,smd/machine-2-9,425.758,4.0643,0.3387,0.7398
ae,smd/machine-3-10,0.212552,10.0895,9.7262,0.3406
ae,smd/machine-3-2,1.12498,3.4248,0.8403,0.1698
ae,smd/machine-3-4,399.424,15.1820,20.9226,0.7337
ae,smd/machine-3-6,10.4117,38.3856,5.8669,0.6740
ae,smd/machine-3-8,51.7763,4.3416,1.6146,0.3214
ae,ucr/001_UCR_Anomaly_DISTORTED1sddb40_35000_52000_52620,0.0290855,0.5987,-0.1610,0.0366
ae,ucr/003_UCR_Anomaly_DISTORTED3sddb40_35000_46600_46900,0.0288124,2.6270,0.6513,0.0405
ae,ucr/007_UCR_Anomaly_DISTORTEDCIMIS44AirTemperature3_4000_6520_6544,0.137351,2.8789,5.3203,0.8933
ae,ucr/009_UCR_Anomaly_DISTORTEDCIMIS44AirTemperature5_4000_4852_4900,0.126695,4.1285,7.5668,0.9498
ae,ucr/011_UCR_Anomaly_DISTORTEDECG1_10000_11800_12100,0.0897636,8.9764,8.1823,0.5340
ae,ucr/013_UCR_Anomaly_DISTORTEDECG3_15000_16000_16100,0.044781,2.5589,4.6957,0.2954
ae,ucr/015_UCR_Anomaly_DISTORTEDECG4_5000_16800_17100,0.0157226,8.8248,10.6352,0.1428
ae,ucr/017_UCR_Anomaly_DISTORTEDECG4_5000_17000_17100,0.184472,4.6600,12.1723,0.6951
ae,ucr/019_UCR_Anomaly_DISTORTEDGP711MarkerLFM5z1_5000_6168_6212,0.0232263,2.6625,4.1533,0.4233
ae,ucr/021_UCR_Anomaly_DISTORTEDGP711MarkerLFM5z3_5000_5948_5993,0.0228784,4.6854,8.1689,0.8592
ae,ucr/023_UCR_Anomaly_DISTORTEDGP711MarkerLFM5z5_5000_8612_8716,0.0260201,8.3436,8.7979,0.8533
ae,ucr/025_UCR_Anomaly_DISTORTEDInternalBleeding14_2800_5607_5634,0.113792,3.5231,6.0537,0.7771
ae,ucr/027_UCR_Anomaly_DISTORTEDInternalBleeding16_1200_4187_4199,0.291354,1.6544,2.5280,0.0629
ae,ucr/029_UCR_Anomaly_DISTORTEDInternalBleeding18_2300_4485_4587,0.0637359,1.0429,0.1363,0.0273
ae,ucr/031_UCR_Anomaly_DISTORTEDInternalBleeding20_2700_5759_5919,0.036483,4.0697,6.9355,0.6761
ae,ucr/033_UCR_Anomaly_DISTORTEDInternalBleeding5_4000_6200_6370,0.0416963,3.2242,5.7913,0.6727
ae,ucr/035_UCR_Anomaly_DISTORTEDInternalBleeding8_2500_5865_5974,0.154541,0.8052,-0.8808,0.0283
ae,ucr/037_UCR_Anomaly_DISTORTEDLab2Cmac011215EPG1_5000_17210_17260,0.494849,5.1630,11.1539,0.5277
ae,ucr/039_UCR_Anomaly_DISTORTEDLab2Cmac011215EPG3_5000_16390_16420,0.485199,2.4525,4.1842,0.3282
ae,ucr/041_UCR_Anomaly_DISTORTEDLab2Cmac011215EPG5_7000_17390_17520,0.408006,1.8860,2.5859,0.2716
ae,ucr/043_UCR_Anomaly_DISTORTEDMesoplodonDensirostris_10000_19280_19440,0.158447,3.3380,3.7586,0.6567
ae,ucr/045_UCR_Anomaly_DISTORTEDPowerDemand2_14000_23357_23717,0.047614,1.0898,0.3527,0.0457
ae,ucr/047_UCR_Anomaly_DISTORTEDPowerDemand4_18000_24005_24077,0.044387,6.2153,14.6606,0.8728
ae,ucr/049_UCR_Anomaly_DISTORTEDTkeepFirstMARS_3500_5365_5380,0.0641309,1.0827,0.2331,0.0067
ae,ucr/051_UCR_Anomaly_DISTORTEDTkeepSecondMARS_3500_9330_9340,0.0716639,3.7273,6.4965,0.4256
ae,ucr/053_UCR_Anomaly_DISTORTEDWalkingAceleration1_1500_2764_2995,0.669859,0.2993,-1.5931,0.0360
ae,ucr/055_UCR_Anomaly_DISTORTEDapneaecg2_10000_20950_21100,0.214907,5.6257,23.4488,0.7298
ae,ucr/057_UCR_Anomaly_DISTORTEDapneaecg4_6000_16000_16100,0.267951,0.2990,-1.8968,0.0041
ae,ucr/059_UCR_Anomaly_DISTORTEDgait1_20000_38500_38800,0.0144198,1.2056,0.3894,0.0119
ae,ucr/061_UCR_Anomaly_DISTORTEDgait3_24500_59900_60500,0.0120147,1.3093,0.6051,0.0356
ae,ucr/063_UCR_Anomaly_DISTORTEDgaitHunt2_18500_31200_31850,0.0105873,1.9681,1.9176,0.2257
ae,ucr/065_UCR_Anomaly_DISTORTEDinsectEPG1_3000_7000_7030,0.109399,0.9233,-0.3767,0.0060
ae,ucr/067_UCR_Anomaly_DISTORTEDinsectEPG3_5200_7000_7050,0.0967806,0.9727,-0.1177,0.0161
ae,ucr/071_UCR_Anomaly_DISTORTEDltstdbs30791AS_23000_52600_52800,0.0371003,114.9385,24.1330,0.6504
ae,ucr/073_UCR_Anomaly_DISTORTEDpark3m_60000_72150_72495,0.00391926,1.7924,1.4210,0.0600
ae,ucr/075_UCR_Anomaly_DISTORTEDqtdbSel100MLII_4000_13400_13800,0.395729,0.8234,-0.3695,0.0154
ae,ucr/083_UCR_Anomaly_DISTORTEDresperation9_38000_143411_143511,0.00296426,9.8040,20.4373,0.1429
ae,ucr/085_UCR_Anomaly_DISTORTEDs20101m_10000_35774_35874,0.158617,2.7979,6.3432,0.4369
ae,ucr/087_UCR_Anomaly_DISTORTEDsel840mECG1_17000_51370_51740,0.0619279,2.0401,1.9562,0.1162
ae,ucr/089_UCR_Anomaly_DISTORTEDtiltAPB1_100000_114283_114350,0.00286339,2.7693,4.8797,0.2559
ae,ucr/091_UCR_Anomaly_DISTORTEDtiltAPB3_40000_114000_114370,0.0128971,0.6102,-0.3765,0.0055
ae,ucr/093_UCR_Anomaly_NOISE1sddb40_35000_52000_52620,0.03766,0.8166,-0.0928,0.0435
ae,ucr/095_UCR_Anomaly_NOISECIMIS44AirTemperature4_4000_5549_5597,0.127798,1.8175,2.8060,0.6497
ae,ucr/097_UCR_Anomaly_NOISEGP711MarkerLFM5z3_5000_5948_5993,0.0294421,5.8366,10.6328,0.8423
ae,ucr/099_UCR_Anomaly_NOISEInternalBleeding6_1500_3474_3629,0.110012,4.7877,17.1130,0.7619
ae,ucr/101_UCR_Anomaly_NOISELab2Cmac011215EPG4_6000_17390_17520,0.437764,1.2739,0.7995,0.0142
ae,ucr/103_UCR_Anomaly_NOISETkeepThirdMARS_3500_4711_4809,0.0671395,2.1340,7.4297,0.7674
ae,ucr/105_UCR_Anomaly_NOISEgait3_24500_59900_60500,0.019801,1.1231,0.4090,0.0251
ae,ucr/107_UCR_Anomaly_NOISEinsectEPG3_5200_7000_7050,0.0830817,0.7492,-1.1073,0.0091
ae,ucr/109_UCR_Anomaly_1sddb40_35000_52000_52620,0.0285324,0.7543,-0.0939,0.0430
ae,ucr/111_UCR_Anomaly_3sddb40_35000_46600_46900,0.0282896,2.6486,0.6281,0.0404
ae,ucr/115_UCR_Anomaly_CIMIS44AirTemperature3_4000_6520_6544,0.123727,3.2074,5.9472,0.8919
ae,ucr/117_UCR_Anomaly_CIMIS44AirTemperature5_4000_4852_4900,0.122915,4.4716,7.5563,0.9457
ae,ucr/119_UCR_Anomaly_ECG1_10000_11800_12100,0.0940007,9.4348,8.9775,0.5683
ae,ucr/121_UCR_Anomaly_ECG3_15000_16000_16100,0.0401235,3.1832,5.7138,0.3210
ae,ucr/123_UCR_Anomaly_ECG4_5000_16800_17100,0.0104581,14.5168,13.3244,0.1969
ae,ucr/125_UCR_Anomaly_ECG4_5000_17000_17100,0.175148,5.0061,13.0459,0.7102
ae,ucr/127_UCR_Anomaly_GP711MarkerLFM5z1_5000_6168_6212,0.0180225,3.2608,4.8180,0.4297
ae,ucr/129_UCR_Anomaly_GP711MarkerLFM5z3_5000_5948_5993,0.0189153,8.4179,10.8653,0.8483
ae,ucr/131_UCR_Anomaly_GP711MarkerLFM5z5_5000_8612_8716,0.0212344,11.7106,8.4864,0.8321
ae,ucr/133_UCR_Anomaly_InternalBleeding14_2800_5607_5634,0.098593,4.4380,8.2567,0.7801
ae,ucr/135_UCR_Anomaly_InternalBleeding16_1200_4187_4199,0.276421,1.3844,2.0719,0.0309
ae,ucr/137_UCR_Anomaly_InternalBleeding18_2300_4485_4587,0.0550914,1.1584,0.5702,0.0360
ae,ucr/139_UCR_Anomaly_InternalBleeding20_2700_5759_5919,0.0281199,4.2797,8.7116,0.7314
ae,ucr/141_UCR_Anomaly_InternalBleeding5_4000_6200_6370,0.034196,4.0020,6.0878,0.6935
ae,ucr/143_UCR_Anomaly_InternalBleeding8_2500_5865_5974,0.155385,0.7993,-0.9011,0.0250
ae,ucr/145_UCR_Anomaly_Lab2Cmac011215EPG1_5000_17210_17260,0.482989,5.2642,11.1422,0.5281
ae,ucr/147_UCR_Anomaly_Lab2Cmac011215EPG3_5000_16390_16420,0.480004,2.4905,4.1766,0.3321
ae,ucr/149_UCR_Anomaly_Lab2Cmac011215EPG5_7000_17390_17520,0.401204,2.2018,3.3430,0.3968
ae,ucr/151_UCR_Anomaly_MesoplodonDensirostris_10000_19280_19440,0.158708,3.2883,3.6020,0.6108
ae,ucr/153_UCR_Anomaly_PowerDemand2_14000_23357_23717,0.0452013,1.1409,0.5092,0.0568
ae,ucr/155_UCR_Anomaly_PowerDemand4_18000_24005_24077,0.0403927,6.4731,14.2650,0.8740
ae,ucr/157_UCR_Anomaly_TkeepFirstMARS_3500_5365_5380,0.057276,1.0860,1.2752,0.0371
ae,ucr/159_UCR_Anomaly_TkeepSecondMARS_3500_9330_9340,0.0600196,4.8542,10.4958,0.3996
ae,ucr/161_UCR_Anomaly_WalkingAceleration1_1500_2764_2995,0.634573,0.2520,-1.7577,0.0355
ae,ucr/163_UCR_Anomaly_apneaecg2_10000_20950_21100,0.212169,6.8860,30.8545,0.7468
ae,ucr/165_UCR_Anomaly_apneaecg4_6000_16000_16100,0.265029,0.2952,-1.9074,0.0041
ae,ucr/167_UCR_Anomaly_gait1_20000_38500_38800,0.0114083,1.4474,0.7972,0.0198
ae,ucr/169_UCR_Anomaly_gait3_24500_59900_60500,0.00950402,1.2502,0.4173,0.0301
ae,ucr/171_UCR_Anomaly_gaitHunt2_18500_31200_31850,0.00811002,2.7090,2.8840,0.3964
ae,ucr/173_UCR_Anomaly_insectEPG1_3000_7000_7030,0.0913009,1.0850,0.4414,0.0137
ae,ucr/175_UCR_Anomaly_insectEPG3_5200_7000_7050,0.0743115,0.8773,-0.4835,0.0124
ae,ucr/179_UCR_Anomaly_ltstdbs30791AS_23000_52600_52800,0.0341881,175.8958,24.3619,0.6803
ae,ucr/181_UCR_Anomaly_park3m_60000_72150_72495,0.0023925,3.7059,3.4654,0.2474
ae,ucr/183_UCR_Anomaly_qtdbSel100MLII_4000_13400_13800,0.382725,0.8221,-0.3721,0.0152
ae,ucr/191_UCR_Anomaly_resperation9_38000_143411_143511,0.00142513,19.8187,17.6651,0.1454
ae,ucr/193_UCR_Anomaly_s20101m_10000_35774_35874,0.159345,2.9245,6.4952,0.4596
ae,ucr/195_UCR_Anomaly_sel840mECG1_17000_51370_51740,0.060677,2.2741,2.2177,0.1268
ae,ucr/197_UCR_Anomaly_tiltAPB1_100000_114283_114350,0.00235226,6.2739,9.8170,0.4235
ae,ucr/199_UCR_Anomaly_tiltAPB3_40000_114000_114370,0.018927,0.6690,-0.2850,0.0058
ae,ucr/201_UCR_Anomaly_CHARISfive_10000_17001_17016,0.136924,2.4169,2.9055,0.1065
ae,ucr/203_UCR_Anomaly_CHARISfive_10500_10995_11028,0.634914,0.9846,-0.0613,0.0015
ae,ucr/205_UCR_Anomaly_CHARISfive_9812_28995_29085,0.0539848,0.6798,-0.9259,0.0030
ae,ucr/207_UCR_Anomaly_CHARISten_3165_26929_26989,0.192605,2.1971,0.8726,0.0109
ae,ucr/209_UCR_Anomaly_Fantasia_19000_26970_27270,0.0601645,3.2362,3.6824,0.3191
ae,ucr/211_UCR_Anomaly_Italianpowerdemand_38113_39240_39336,0.0106717,1.4521,0.6958,0.0125
ae,ucr/213_UCR_Anomaly_STAFFIIIDatabase_33211_126920_127370,0.00289561,16.1357,16.9512,0.0625
ae,ucr/215_UCR_Anomaly_STAFFIIIDatabase_36276_106720_107370,0.00511968,2.0097,0.6183,0.0124
ae,ucr/217_UCR_Anomaly_STAFFIIIDatabase_38211_150720_151370,0.00915975,1.1889,0.2299,0.0050
ae,ucr/219_UCR_Anomaly_STAFFIIIDatabase_41612_64632_64852,0.00243134,26.1222,33.4707,0.1031
ae,ucr/221_UCR_Anomaly_STAFFIIIDatabase_45616_163632_164852,0.00419156,3.5034,1.6149,0.0522
ae,ucr/223_UCR_Anomaly_mit14046longtermecg_74123_131200_131700,0.252208,0.9142,-0.0487,0.0056
ae,ucr/225_UCR_Anomaly_mit14046longtermecg_81214_143000_143300,0.197284,6.6652,3.3798,0.0454
ae,ucr/227_UCR_Anomaly_mit14134longtermecg_11231_29000_29100,0.261693,1.4236,1.3610,0.0106
ae,ucr/229_UCR_Anomaly_mit14134longtermecg_16363_57960_57970,0.264942,2.6698,4.3583,0.0745
ae,ucr/231_UCR_Anomaly_mit14134longtermecg_8763_47530_47790,0.350819,0.7586,-0.8673,0.0051
ae,ucr/237_UCR_Anomaly_mit14157longtermecg_19313_89560_90370,0.0732115,4.8972,1.5655,0.1342
ae,ucr/239_UCR_Anomaly_taichidbS0715Master_190037_593450_593514,0.00587711,5.7448,1.6482,0.0017
ae,ucr/241_UCR_Anomaly_taichidbS0715Master_250000_837400_839100,0.00513052,0.1414,-0.3504,0.0024
ae,ucr/243_UCR_Anomaly_tilt12744mtable_100000_203355_203400,0.00414212,1.8780,0.0999,0.0247
ae,ucr/245_UCR_Anomaly_tilt12754table_100211_270800_271070,0.00304571,13.3094,2.1935,0.0704
ae,ucr/247_UCR_Anomaly_tilt12755mtable_50211_121900_121980,0.010219,2.0674,0.2370,0.0048
ae,ucr/249_UCR_Anomaly_weallwalk_2753_8285_8315,0.385496,1.2465,0.6915,0.0122
ae,nasa/P-1,0.353699,0.9130,-0.3392,0.1493
ae,nasa/E-2,0.236303,0.2306,-1.1026,0.1600
ae,nasa/E-5,0.217914,0.1579,-1.0453,0.3316
ae,nasa/S-1,0.261695,0.8033,-0.3293,0.0539
ae,nasa/E-3,0.333349,0.2070,-2.6155,0.3019
ae,nasa/E-1,0.178433,0.4887,-0.7352,0.1542
ae,nasa/E-4,0.331994,0.1816,-2.3806,0.2623
ae,nasa/E-7,0.238951,22.5771,26.4525,0.3875
chronos_base_resid,nasa/E-12,251.152,181.0877,12.6559,0.0847
chronos_base_resid,nasa/P-2,1203.98,4.9611,0.5814,0.1143
chronos_base_resid,nasa/P-3,1147.64,7.2223,0.9252,0.1146
chronos_base_resid,nasa/F-1,1876.39,0.0047,-0.1976,0.0132
chronos_base_resid,nasa/P-4,1157.85,0.8062,-0.0310,0.1002
chronos_base_resid,nasa/T-1,2713.14,0.0032,-0.2373,0.1685
chronos_base_resid,nasa/T-2,735.403,0.0118,-0.1169,0.1790
chronos_base_resid,nasa/D-8,1242.79,0.0072,-0.1582,0.0080
chronos_base_resid,nasa/D-9,1241.97,0.0070,-0.1562,0.1343
chronos_base_resid,nasa/F-2,1959.12,0.0044,-0.1999,0.2934
chronos_base_resid,nasa/G-4,1525.97,0.0059,-0.2518,0.0054
chronos_base_resid,nasa/T-3,1763.48,0.0061,-0.1886,0.0270
chronos_base_resid,nasa/D-11,35787.4,1.2983,0.4652,0.0913
chronos_base_resid,nasa/D-12,4567.98,0.0019,-0.3888,0.2900
chronos_base_resid,nasa/B-1,1041.25,0.0082,-0.1415,0.0106
chronos_base_resid,nasa/G-6,945.503,0.4404,-0.0766,0.0317
chronos_base_resid,nasa/G-7,2948.36,0.0028,-0.2833,0.3001
chronos_base_resid,nasa/P-7,933.017,0.0093,-0.1371,0.1797
chronos_base_resid,nasa/R-1,1268.42,0.0069,-0.1602,0.0135
chronos_base_resid,nasa/A-5,1437.76,10.1100,1.6205,0.1024
chronos_base_resid,nasa/A-6,1256.97,0.0070,-0.1697,0.0124
chronos_base_resid,nasa/A-7,2540.09,0.0034,-0.2684,0.2510
chronos_base_resid,nasa/D-13,5783.63,0.0015,-0.3768,0.0237
chronos_base_resid,nasa/A-8,30113,1.3263,0.4234,0.3773
chronos_base_resid,nasa/A-9,5295.07,0.0149,-0.3681,0.3424
chronos_base_resid,nasa/M-1,55900.3,1.0212,0.1659,0.6664
chronos_base_resid,nasa/M-2,55901.3,1.0219,0.1798,0.6588
chronos_base_resid,nasa/P-10,45672.7,1.2283,0.7442,0.0698
chronos_base_resid,nasa/F-7,49980.4,1.0351,0.1605,0.0959
chronos_base_resid,nasa/M-3,53854.4,1.0219,0.1273,0.1828
chronos_base_resid,nasa/M-4,55333.3,1.0005,0.0032,0.1606
chronos_base_resid,nasa/M-5,53552,1.0084,0.0490,0.1792
chronos_base_resid,nasa/P-15,43437.4,0.9494,-0.1668,0.0070
chronos_base_resid,nasa/T-12,47267.5,0.9642,-0.1505,0.1391
chronos_base_resid,nasa/T-13,47567.8,0.9074,-0.3975,0.2236
chronos_base_resid,nasa/F-5,51717.7,1.0501,0.2564,0.0492
chronos_base_resid,nasa/D-14,44992.5,1.1820,0.5509,0.1669
chronos_base_resid,nasa/P-14,45836.7,1.1724,0.5670,0.0439
chronos_base_resid,nasa/P-11,47544.7,0.9788,-0.0823,0.1285
chronos_base_resid,nasa/D-16,47051.8,1.1985,0.7614,0.3034
chronos_base_resid,nasa/F-8,46771.7,1.2504,1.0009,0.2362
chronos_base_resid,psm/psm,5.2087,1.2940,0.1051,0.3842
chronos_base_resid,smd/machine-1-1,4.40674,2.1540,0.7649,0.2547
chronos_base_resid,smd/machine-1-2,30968.6,0.6760,-0.5912,0.2448
chronos_base_resid,smd/machine-1-3,1.7353,2.6695,0.8992,0.1231
chronos_base_resid,smd/machine-1-4,1.77462,2.6872,1.0259,0.1364
chronos_base_resid,smd/machine-1-5,4.24605,3.6242,0.7333,0.0272
chronos_base_resid,smd/machine-1-6,30116.6,0.5009,-0.8424,0.2131
chronos_base_resid,smd/machine-1-7,2.03881,1.1633,0.1884,0.1644
chronos_base_resid,smd/machine-1-8,5.68917,1.8601,0.5151,0.0819
chronos_base_resid,smd/machine-2-1,34618.8,1.0693,0.1641,0.0831
chronos_base_resid,smd/machine-2-2,4.0913,0.3318,-0.1820,0.1207
chronos_base_resid,smd/machine-2-3,3.5981,7.2079,3.1667,0.1278
chronos_base_resid,smd/machine-2-4,2.63566,2.7431,1.5545,0.1949
chronos_base_resid,smd/machine-2-5,32173.9,1.0172,0.0267,0.0684
chronos_base_resid,smd/machine-2-6,5.71775,3.5661,2.7571,0.1978
chronos_base_resid,smd/machine-2-7,6.42004,13.4518,4.0908,0.1198
chronos_base_resid,smd/machine-2-8,4.09201,19.6862,13.4577,0.6185
chronos_base_resid,smd/machine-2-9,6082.24,1.3623,0.2801,0.1359
chronos_base_resid,smd/machine-3-1,5.00389,4.1200,3.2602,0.2044
chronos_base_resid,smd/machine-3-10,170.619,24.7512,1.6324,0.3885
chronos_base_resid,smd/machine-3-11,5.04515,7.6611,6.1714,0.4019
chronos_base_resid,smd/machine-3-2,3.22723,0.6618,-0.2893,0.0577
chronos_base_resid,smd/machine-3-3,1.72089,2.3636,1.7300,0.1384
chronos_base_resid,smd/machine-3-4,1.07779,1.0357,0.0623,0.0686
chronos_base_resid,smd/machine-3-5,1560.09,1.7274,0.1998,0.0492
chronos_base_resid,smd/machine-3-6,16.1293,1.0505,0.0151,0.0910
chronos_base_resid,smd/machine-3-7,7.19811,3.0026,2.0200,0.1180
chronos_base_resid,smd/machine-3-8,6487.05,2.7653,1.3676,0.2236
chronos_base_resid,smd/machine-3-9,3.62614,4.0496,2.9438,0.2181
chronos_base_resid,ucr/001_UCR_Anomaly_DISTORTED1sddb40_35000_52000_52620,3.30115,1.5033,0.3705,0.0252
chronos_base_resid,ucr/002_UCR_Anomaly_DISTORTED2sddb40_35000_56600_56900,3.27269,0.4672,-0.3988,0.0074
chronos_base_resid,ucr/003_UCR_Anomaly_DISTORTED3sddb40_35000_46600_46900,3.34984,1.2795,0.2083,0.0111
chronos_base_resid,ucr/004_UCR_Anomaly_DISTORTEDBIDMC1_2500_5400_5600,2.16583,1.9038,0.7174,0.0827
chronos_base_resid,ucr/006_UCR_Anomaly_DISTORTEDCIMIS44AirTemperature2_4000_5703_5727,1.05238,2.6996,2.0395,0.0881
chronos_base_resid,ucr/007_UCR_Anomaly_DISTORTEDCIMIS44AirTemperature3_4000_6520_6544,1.08361,2.8801,2.1856,0.0757
chronos_base_resid,ucr/008_UCR_Anomaly_DISTORTEDCIMIS44AirTemperature4_4000_5549_5597,1.05538,1.8483,1.0072,0.0374
chronos_base_resid,ucr/009_UCR_Anomaly_DISTORTEDCIMIS44AirTemperature5_4000_4852_4900,1.04865,2.0040,1.1074,0.0634
chronos_base_resid,ucr/010_UCR_Anomaly_DISTORTEDCIMIS44AirTemperature6_4000_6006_6054,1.0456,1.9867,1.1381,0.0911
chronos_base_resid,ucr/011_UCR_Anomaly_DISTORTEDECG1_10000_11800_12100,1.55524,2.4480,0.8578,0.0444
chronos_base_resid,ucr/012_UCR_Anomaly_DISTORTEDECG2_15000_16000_16100,1.56673,1.2073,0.1229,0.0188
chronos_base_resid,ucr/013_UCR_Anomaly_DISTORTEDECG3_15000_16000_16100,1.53642,2.4078,0.7482,0.0219
chronos_base_resid,ucr/014_UCR_Anomaly_DISTORTEDECG3_8000_17000_17100,1.47355,1.9580,0.4900,0.0177
chronos_base_resid,ucr/015_UCR_Anomaly_DISTORTEDECG4_5000_16800_17100,6.33673,1.4663,0.4558,0.0079
chronos_base_resid,ucr/016_UCR_Anomaly_DISTORTEDECG4_5000_16900_17100,1.97605,2.1302,0.5916,0.0240
chronos_base_resid,ucr/017_UCR_Anomaly_DISTORTEDECG4_5000_17000_17100,1.96051,4.1091,1.6179,0.0291
chronos_base_resid,ucr/018_UCR_Anomaly_DISTORTEDECG4_8000_17000_17100,1.50357,1.8479,0.4353,0.0115
chronos_base_resid,ucr/019_UCR_Anomaly_DISTORTEDGP711MarkerLFM5z1_5000_6168_6212,5.41922,0.8213,-0.1747,0.0086
chronos_base_resid,ucr/020_UCR_Anomaly_DISTORTEDGP711MarkerLFM5z2_5000_7175_7388,5.53015,1.1145,0.1107,0.0482
chronos_base_resid,ucr/021_UCR_Anomaly_DISTORTEDGP711MarkerLFM5z3_5000_5948_5993,5.39664,0.6622,-0.3210,0.0115
chronos_base_resid,ucr/022_UCR_Anomaly_DISTORTEDGP711MarkerLFM5z4_4000_6527_6645,5.30269,1.9271,0.8851,0.0410
chronos_base_resid,ucr/023_UCR_Anomaly_DISTORTEDGP711MarkerLFM5z5_5000_8612_8716,5.5226,1.3140,0.3058,0.0336
chronos_base_resid,ucr/024_UCR_Anomaly_DISTORTEDInternalBleeding10_3200_4526_4556,4.07578,0.8788,-0.1170,0.0119
chronos_base_resid,ucr/025_UCR_Anomaly_DISTORTEDInternalBleeding14_2800_5607_5634,4.02694,0.3439,-0.6172,0.0073
chronos_base_resid,ucr/026_UCR_Anomaly_DISTORTEDInternalBleeding15_1700_5684_5854,3.41735,1.3443,0.2829,0.0476
chronos_base_resid,ucr/027_UCR_Anomaly_DISTORTEDInternalBleeding16_1200_4187_4199,4.44373,1.5485,0.4902,0.0056
chronos_base_resid,ucr/028_UCR_Anomaly_DISTORTEDInternalBleeding17_1600_3198_3309,5.01367,0.8427,-0.1326,0.0291
chronos_base_resid,ucr/029_UCR_Anomaly_DISTORTEDInternalBleeding18_2300_4485_4587,3.95717,2.1225,1.0406,0.0714
chronos_base_resid,ucr/030_UCR_Anomaly_DISTORTEDInternalBleeding19_3000_4187_4197,4.55897,1.3190,0.3014,0.0049
chronos_base_resid,ucr/031_UCR_Anomaly_DISTORTEDInternalBleeding20_2700_5759_5919,4.50228,1.2406,0.2226,0.0594
chronos_base_resid,ucr/032_UCR_Anomaly_DISTORTEDInternalBleeding4_1000_4675_5033,4.00369,2.9505,1.7118,0.3087
chronos_base_resid,ucr/033_UCR_Anomaly_DISTORTEDInternalBleeding5_4000_6200_6370,3.17425,2.0162,0.9446,0.1322
chronos_base_resid,ucr/034_UCR_Anomaly_DISTORTEDInternalBleeding6_1500_3474_3629,5.53506,1.2318,0.2899,0.0371
chronos_base_resid,ucr/035_UCR_Anomaly_DISTORTEDInternalBleeding8_2500_5865_5974,2.00017,1.4312,0.3951,0.0589
chronos_base_resid,ucr/036_UCR_Anomaly_DISTORTEDInternalBleeding9_4200_6599_6681,4.21993,0.2232,-0.6990,0.0264
chronos_base_resid,ucr/037_UCR_Anomaly_DISTORTEDLab2Cmac011215EPG1_5000_17210_17260,0.721435,3.1160,2.1347,0.0332
chronos_base_resid,ucr/038_UCR_Anomaly_DISTORTEDLab2Cmac011215EPG2_5000_27862_27932,0.728213,0.9704,-0.0303,0.0046
chronos_base_resid,ucr/039_UCR_Anomaly_DISTORTEDLab2Cmac011215EPG3_5000_16390_16420,0.722049,1.6134,0.6291,0.0035
chronos_base_resid,ucr/040_UCR_Anomaly_DISTORTEDLab2Cmac011215EPG4_6000_17390_17520,0.728907,0.8356,-0.1683,0.0075
chronos_base_resid,ucr/041_UCR_Anomaly_DISTORTEDLab2Cmac011215EPG5_7000_17390_17520,0.707717,1.3000,0.2998,0.0107
chronos_base_resid,ucr/042_UCR_Anomaly_DISTORTEDLab2Cmac011215EPG6_7000_12190_12420,0.71284,0.4991,-0.5069,0.0107
chronos_base_resid,ucr/043_UCR_Anomaly_DISTORTEDMesoplodonDensirostris_10000_19280_19440,4.0068,1.4630,0.3971,0.0249
chronos_base_resid,ucr/044_UCR_Anomaly_DISTORTEDPowerDemand1_9000_18485_18821,0.35666,1.5420,0.5175,0.0377
chronos_base_resid,ucr/045_UCR_Anomaly_DISTORTEDPowerDemand2_14000_23357_23717,0.365134,0.9240,-0.0712,0.0301
chronos_base_resid,ucr/046_UCR_Anomaly_DISTORTEDPowerDemand3_16000_23405_23477,0.368801,1.9199,0.8121,0.0220
chronos_base_resid,ucr/047_UCR_Anomaly_DISTORTEDPowerDemand4_18000_24005_24077,0.355904,4.4304,3.2172,0.0841
chronos_base_resid,ucr/048_UCR_Anomaly_DISTORTEDTkeepFifthMARS_3500_5988_6085,1.83151,1.8925,0.7588,0.0984
chronos_base_resid,ucr/049_UCR_Anomaly_DISTORTEDTkeepFirstMARS_3500_5365_5380,1.63905,1.2428,0.2117,0.0041
chronos_base_resid,ucr/050_UCR_Anomaly_DISTORTEDTkeepForthMARS_3500_5988_6085,1.79572,1.1063,0.0926,0.0294
chronos_base_resid,ucr/051_UCR_Anomaly_DISTORTEDTkeepSecondMARS_3500_9330_9340,1.76415,1.7396,0.6493,0.0032
chronos_base_resid,ucr/052_UCR_Anomaly_DISTORTEDTkeepThirdMARS_3500_4711_4809,1.71026,4.1759,2.7980,0.2705
chronos_base_resid,ucr/053_UCR_Anomaly_DISTORTEDWalkingAceleration1_1500_2764_2995,1.19619,0.8213,-0.1863,0.0582
chronos_base_resid,ucr/054_UCR_Anomaly_DISTORTEDWalkingAceleration5_2700_5920_5979,1.49225,3.3653,2.4054,0.1786
chronos_base_resid,ucr/055_UCR_Anomaly_DISTORTEDapneaecg2_10000_20950_21100,2.18135,2.2516,0.6116,0.0150
chronos_base_resid,ucr/056_UCR_Anomaly_DISTORTEDapneaecg3_5000_11111_11211,2.31074,0.9720,-0.0151,0.0049
chronos_base_resid,ucr/057_UCR_Anomaly_DISTORTEDapneaecg4_6000_16000_16100,2.14555,0.4006,-0.3129,0.0037
chronos_base_resid,ucr/058_UCR_Anomaly_DISTORTEDapneaecg_10000_12240_12308,2.22119,0.7592,-0.1192,0.0030
chronos_base_resid,ucr/059_UCR_Anomaly_DISTORTEDgait1_20000_38500_38800,7.75088,0.6704,-0.2796,0.0082
chronos_base_resid,ucr/060_UCR_Anomaly_DISTORTEDgait2_22000_46500_46800,7.27568,0.9889,-0.0093,0.0107
chronos_base_resid,ucr/061_UCR_Anomaly_DISTORTEDgait3_24500_59900_60500,7.09541,1.0801,0.0661,0.0213
chronos_base_resid,ucr/062_UCR_Anomaly_DISTORTEDgaitHunt1_18500_33070_33180,7.64316,0.8390,-0.1395,0.0033
chronos_base_resid,ucr/063_UCR_Anomaly_DISTORTEDgaitHunt2_18500_31200_31850,7.40777,0.7100,-0.2462,0.0154
chronos_base_resid,ucr/064_UCR_Anomaly_DISTORTEDgaitHunt3_23400_38400_39200,7.55124,1.0598,0.0517,0.0247
chronos_base_resid,ucr/065_UCR_Anomaly_DISTORTEDinsectEPG1_3000_7000_7030,0.460909,0.9629,-0.0356,0.0069
chronos_base_resid,ucr/066_UCR_Anomaly_DISTORTEDinsectEPG2_3700_8000_8025,0.467365,2.1365,1.0786,0.0151
chronos_base_resid,ucr/067_UCR_Anomaly_DISTORTEDinsectEPG3_5200_7000_7050,0.478142,1.0070,0.0068,0.0155
chronos_base_resid,ucr/068_UCR_Anomaly_DISTORTEDinsectEPG4_1300_6508_6558,0.432715,1.2302,0.2137,0.0104
chronos_base_resid,ucr/070_UCR_Anomaly_DISTORTEDltstdbs30791AI_17555_52600_52800,4.07486,2.5343,0.8115,0.0186
chronos_base_resid,ucr/071_UCR_Anomaly_DISTORTEDltstdbs30791AS_23000_52600_52800,4.53735,5.8946,3.1413,0.0940
chronos_base_resid,ucr/072_UCR_Anomaly_DISTORTEDltstdbs30791ES_20000_52600_52800,3.84515,0.9297,-0.0391,0.0103
chronos_base_resid,ucr/073_UCR_Anomaly_DISTORTEDpark3m_60000_72150_72495,7.03802,1.0466,0.0401,0.0192
chronos_base_resid,ucr/074_UCR_Anomaly_DISTORTEDqtdbSel1005V_4000_12400_12800,2.40021,0.7927,-0.1357,0.0146
chronos_base_resid,ucr/075_UCR_Anomaly_DISTORTEDqtdbSel100MLII_4000_13400_13800,2.71575,0.7261,-0.1551,0.0164
chronos_base_resid,ucr/076_UCR_Anomaly_DISTORTEDresperation10_48000_130700_131880,6.14979,1.2250,0.2182,0.0109
chronos_base_resid,ucr/078_UCR_Anomaly_DISTORTEDresperation1_100000_110260_110412,6.01534,0.5937,-0.4046,0.0017
chronos_base_resid,ucr/083_UCR_Anomaly_DISTORTEDresperation9_38000_143411_143511,6.30199,1.3783,0.3723,0.0015
chronos_base_resid,ucr/084_UCR_Anomaly_DISTORTEDs20101mML2_12000_35774_35874,2.12061,2.8031,1.0686,0.0152
chronos_base_resid,ucr/085_UCR_Anomaly_DISTORTEDs20101m_10000_35774_35874,1.59387,1.1499,0.1433,0.0059
chronos_base_resid,ucr/086_UCR_Anomaly_DISTORTEDsddb49_20000_67950_68200,4.89544,2.2438,0.9577,0.0225
chronos_base_resid,ucr/087_UCR_Anomaly_DISTORTEDsel840mECG1_17000_51370_51740,2.75528,2.6059,0.9921,0.0308
chronos_base_resid,ucr/088_UCR_Anomaly_DISTORTEDsel840mECG2_20000_49370_49740,2.85496,1.1480,0.1002,0.0155
chronos_base_resid,ucr/089_UCR_Anomaly_DISTORTEDtiltAPB1_100000_114283_114350,3.21466,2.1300,1.1328,0.0116
chronos_base_resid,ucr/090_UCR_Anomaly_DISTORTEDtiltAPB2_50000_124159_124985,4.09825,1.0137,0.0109,0.0123
chronos_base_resid,ucr/091_UCR_Anomaly_DISTORTEDtiltAPB3_40000_114000_114370,4.02471,0.5421,-0.3543,0.0040
chronos_base_resid,ucr/093_UCR_Anomaly_NOISE1sddb40_35000_52000_52620,1.79557,1.3430,0.2545,0.0215
chronos_base_resid,ucr/094_UCR_Anomaly_NOISEBIDMC1_2500_5400_5600,1.47597,2.1402,0.9139,0.1027
chronos_base_resid,ucr/095_UCR_Anomaly_NOISECIMIS44AirTemperature4_4000_5549_5597,0.9239,2.1670,1.3777,0.0548
chronos_base_resid,ucr/096_UCR_Anomaly_NOISEECG4_5000_16900_17100,1.16181,2.2361,0.6055,0.0286
chronos_base_resid,ucr/097_UCR_Anomaly_NOISEGP711MarkerLFM5z3_5000_5948_5993,2.73421,1.0779,0.0751,0.0156
chronos_base_resid,ucr/098_UCR_Anomaly_NOISEInternalBleeding16_1200_4187_4199,1.37551,0.9014,-0.0983,0.0030
chronos_base_resid,ucr/099_UCR_Anomaly_NOISEInternalBleeding6_1500_3474_3629,2.06277,1.6419,0.6651,0.1072
chronos_base_resid,ucr/100_UCR_Anomaly_NOISELab2Cmac011215EPG1_5000_17210_17260,0.715282,3.0189,2.0427,0.0314
chronos_base_resid,ucr/101_UCR_Anomaly_NOISELab2Cmac011215EPG4_6000_17390_17520,0.731642,0.8141,-0.1902,0.0076
chronos_base_resid,ucr/102_UCR_Anomaly_NOISEMesoplodonDensirostris_10000_19280_19440,1.6823,1.4820,0.4158,0.0259
chronos_base_resid,ucr/103_UCR_Anomaly_NOISETkeepThirdMARS_3500_4711_4809,1.09994,4.5924,2.9830,0.3406
chronos_base_resid,ucr/104_UCR_Anomaly_NOISEapneaecg4_6000_16000_16100,1.50759,0.3502,-0.3294,0.0036
chronos_base_resid,ucr/105_UCR_Anomaly_NOISEgait3_24500_59900_60500,1.38275,1.1834,0.1229,0.0203
chronos_base_resid,ucr/106_UCR_Anomaly_NOISEgaitHunt2_18500_31200_31850,1.06287,1.7025,0.5175,0.0284
chronos_base_resid,ucr/107_UCR_Anomaly_NOISEinsectEPG3_5200_7000_7050,0.443762,0.7390,-0.2303,0.0135
chronos_base_resid,ucr/109_UCR_Anomaly_1sddb40_35000_52000_52620,3.2918,1.4091,0.2876,0.0232
chronos_base_resid,ucr/110_UCR_Anomaly_2sddb40_35000_56600_56900,3.31226,0.2276,-0.5471,0.0059
chronos_base_resid,ucr/111_UCR_Anomaly_3sddb40_35000_46600_46900,3.31526,1.2757,0.1945,0.0111
chronos_base_resid,ucr/112_UCR_Anomaly_BIDMC1_2500_5400_5600,1.92681,2.0924,0.7694,0.0917
chronos_base_resid,ucr/114_UCR_Anomaly_CIMIS44AirTemperature2_4000_5703_5727,1.00423,2.7511,2.0507,0.0966
chronos_base_resid,ucr/115_UCR_Anomaly_CIMIS44AirTemperature3_4000_6520_6544,1.00218,3.1109,2.4778,0.1061
chronos_base_resid,ucr/116_UCR_Anomaly_CIMIS44AirTemperature4_4000_5549_5597,0.979119,2.2872,1.4957,0.0603
chronos_base_resid,ucr/117_UCR_Anomaly_CIMIS44AirTemperature5_4000_4852_4900,1.01902,1.9981,1.1575,0.0762
chronos_base_resid,ucr/118_UCR_Anomaly_CIMIS44AirTemperature6_4000_6006_6054,1.00523,1.7798,0.8772,0.0728
chronos_base_resid,ucr/119_UCR_Anomaly_ECG1_10000_11800_12100,1.62056,2.2180,0.6943,0.0404
chronos_base_resid,ucr/120_UCR_Anomaly_ECG2_15000_16000_16100,1.64905,1.2055,0.1178,0.0195
chronos_base_resid,ucr/121_UCR_Anomaly_ECG3_15000_16000_16100,1.45937,2.5724,0.7310,0.0207
chronos_base_resid,ucr/122_UCR_Anomaly_ECG3_8000_17000_17100,1.34358,2.1492,0.5263,0.0153
chronos_base_resid,ucr/123_UCR_Anomaly_ECG4_5000_16800_17100,9.90449,1.2528,0.1932,0.0050
chronos_base_resid,ucr/124_UCR_Anomaly_ECG4_5000_16900_17100,1.83108,2.2471,0.5794,0.0243
chronos_base_resid,ucr/125_UCR_Anomaly_ECG4_5000_17000_17100,1.82497,4.3254,1.5435,0.0276
chronos_base_resid,ucr/126_UCR_Anomaly_ECG4_8000_17000_17100,1.339,2.2418,0.5696,0.0134
chronos_base_resid,ucr/127_UCR_Anomaly_GP711MarkerLFM5z1_5000_6168_6212,5.199,0.8840,-0.0963,0.0107
chronos_base_resid,ucr/128_UCR_Anomaly_GP711MarkerLFM5z2_5000_7175_7388,5.31822,1.0704,0.0594,0.0480
chronos_base_resid,ucr/129_UCR_Anomaly_GP711MarkerLFM5z3_5000_5948_5993,5.21182,0.6092,-0.3259,0.0115
chronos_base_resid,ucr/130_UCR_Anomaly_GP711MarkerLFM5z4_4000_6527_6645,5.14099,1.9062,0.7626,0.0384
chronos_base_resid,ucr/131_UCR_Anomaly_GP711MarkerLFM5z5_5000_8612_8716,5.25096,1.2500,0.2099,0.0340
chronos_base_resid,ucr/132_UCR_Anomaly_InternalBleeding10_3200_4526_4556,4.03564,0.9723,-0.0237,0.0132
chronos_base_resid,ucr/133_UCR_Anomaly_InternalBleeding14_2800_5607_5634,3.9661,0.5029,-0.4313,0.0081
chronos_base_resid,ucr/134_UCR_Anomaly_InternalBleeding15_1700_5684_5854,2.84523,2.1994,0.8545,0.0852
chronos_base_resid,ucr/135_UCR_Anomaly_InternalBleeding16_1200_4187_4199,3.31484,1.1310,0.1210,0.0035
chronos_base_resid,ucr/136_UCR_Anomaly_InternalBleeding17_1600_3198_3309,3.53564,1.0704,0.0676,0.0282
chronos_base_resid,ucr/137_UCR_Anomaly_InternalBleeding18_2300_4485_4587,3.4236,1.0902,0.0837,0.0298
chronos_base_resid,ucr/138_UCR_Anomaly_InternalBleeding19_3000_4187_4197,3.58489,2.1276,1.0616,0.0079
chronos_base_resid,ucr/139_UCR_Anomaly_InternalBleeding20_2700_5759_5919,3.42818,2.2371,1.2287,0.1419
chronos_base_resid,ucr/140_UCR_Anomaly_InternalBleeding4_1000_4675_5033,3.4036,3.4501,2.0158,0.3047
chronos_base_resid,ucr/141_UCR_Anomaly_InternalBleeding5_4000_6200_6370,2.61586,3.3196,1.8717,0.2382
chronos_base_resid,ucr/142_UCR_Anomaly_InternalBleeding6_1500_3474_3629,5.19099,1.2722,0.3281,0.0377
chronos_base_resid,ucr/143_UCR_Anomaly_InternalBleeding8_2500_5865_5974,1.77172,1.0529,0.0404,0.0454
chronos_base_resid,ucr/144_UCR_Anomaly_InternalBleeding9_4200_6599_6681,2.93303,0.5263,-0.3777,0.0365
chronos_base_resid,ucr/145_UCR_Anomaly_Lab2Cmac011215EPG1_5000_17210_17260,0.732454,3.0265,2.0391,0.0341
chronos_base_resid,ucr/146_UCR_Anomaly_Lab2Cmac011215EPG2_5000_27862_27932,0.733809,0.8130,-0.1902,0.0041
chronos_base_resid,ucr/147_UCR_Anomaly_Lab2Cmac011215EPG3_5000_16390_16420,0.733713,1.6506,0.6620,0.0036
chronos_base_resid,ucr/148_UCR_Anomaly_Lab2Cmac011215EPG4_6000_17390_17520,0.743328,0.8147,-0.1892,0.0075
chronos_base_resid,ucr/149_UCR_Anomaly_Lab2Cmac011215EPG5_7000_17390_17520,0.719071,1.3057,0.3047,0.0104
chronos_base_resid,ucr/150_UCR_Anomaly_Lab2Cmac011215EPG6_7000_12190_12420,0.726145,0.4659,-0.5369,0.0107
chronos_base_resid,ucr/151_UCR_Anomaly_MesoplodonDensirostris_10000_19280_19440,3.92151,1.6233,0.5062,0.0261
chronos_base_resid,ucr/152_UCR_Anomaly_PowerDemand1_9000_18485_18821,0.271275,2.2601,0.9529,0.0599
chronos_base_resid,ucr/153_UCR_Anomaly_PowerDemand2_14000_23357_23717,0.274415,0.8917,-0.0793,0.0309
chronos_base_resid,ucr/154_UCR_Anomaly_PowerDemand3_16000_23405_23477,0.283434,2.7965,1.2811,0.0365
chronos_base_resid,ucr/155_UCR_Anomaly_PowerDemand4_18000_24005_24077,0.261351,5.9213,3.7207,0.0933
chronos_base_resid,ucr/156_UCR_Anomaly_TkeepFifthMARS_3500_5988_6085,1.5419,2.0694,0.8139,0.1272
chronos_base_resid,ucr/157_UCR_Anomaly_TkeepFirstMARS_3500_5365_5380,1.49341,1.5156,0.3991,0.0047
chronos_base_resid,ucr/158_UCR_Anomaly_TkeepForthMARS_3500_5988_6085,1.56305,0.8662,-0.1054,0.0262
chronos_base_resid,ucr/159_UCR_Anomaly_TkeepSecondMARS_3500_9330_9340,1.57904,1.8510,0.6630,0.0033
chronos_base_resid,ucr/160_UCR_Anomaly_TkeepThirdMARS_3500_4711_4809,1.52736,4.7650,2.9340,0.4176
chronos_base_resid,ucr/161_UCR_Anomaly_WalkingAceleration1_1500_2764_2995,1.17076,0.7110,-0.2947,0.0531
chronos_base_resid,ucr/162_UCR_Anomaly_WalkingAceleration5_2700_5920_5979,1.45816,3.4838,2.5280,0.1976
chronos_base_resid,ucr/163_UCR_Anomaly_apneaecg2_10000_20950_21100,2.11943,2.4847,0.6756,0.0163
chronos_base_resid,ucr/164_UCR_Anomaly_apneaecg3_5000_11111_11211,2.23209,1.0380,0.0195,0.0055
chronos_base_resid,ucr/165_UCR_Anomaly_apneaecg4_6000_16000_16100,2.12219,0.2952,-0.3408,0.0035
chronos_base_resid,ucr/166_UCR_Anomaly_apneaecg_10000_12240_12308,2.12667,0.8067,-0.0878,0.0030
chronos_base_resid,ucr/167_UCR_Anomaly_gait1_20000_38500_38800,9.84006,0.6009,-0.2421,0.0086
chronos_base_resid,ucr/168_UCR_Anomaly_gait2_22000_46500_46800,9.16434,0.9578,-0.0253,0.0097
chronos_base_resid,ucr/169_UCR_Anomaly_gait3_24500_59900_60500,8.72298,1.2102,0.1247,0.0205
chronos_base_resid,ucr/170_UCR_Anomaly_gaitHunt1_18500_33070_33180,4.8389,1.7154,0.4532,0.0053
chronos_base_resid,ucr/171_UCR_Anomaly_gaitHunt2_18500_31200_31850,4.87983,1.5652,0.3587,0.0233
chronos_base_resid,ucr/172_UCR_Anomaly_gaitHunt3_23400_38400_39200,4.57918,1.2747,0.1696,0.0283
chronos_base_resid,ucr/173_UCR_Anomaly_insectEPG1_3000_7000_7030,0.3789,1.1141,0.0928,0.0077
chronos_base_resid,ucr/174_UCR_Anomaly_insectEPG2_3700_8000_8025,0.395071,2.5812,1.2988,0.0197
chronos_base_resid,ucr/175_UCR_Anomaly_insectEPG3_5200_7000_7050,0.408006,0.8415,-0.1328,0.0145
chronos_base_resid,ucr/176_UCR_Anomaly_insectEPG4_1300_6508_6558,0.373028,1.4693,0.3755,0.0117
chronos_base_resid,ucr/178_UCR_Anomaly_ltstdbs30791AI_17555_52600_52800,3.9604,2.6957,0.8606,0.0212
chronos_base_resid,ucr/179_UCR_Anomaly_ltstdbs30791AS_23000_52600_52800,4.51761,6.0450,3.0760,0.0959
chronos_base_resid,ucr/180_UCR_Anomaly_ltstdbs30791ES_20000_52600_52800,4.05954,1.0059,0.0031,0.0116
chronos_base_resid,ucr/181_UCR_Anomaly_park3m_60000_72150_72495,6.93417,1.0818,0.0536,0.0158
chronos_base_resid,ucr/182_UCR_Anomaly_qtdbSel1005V_4000_12400_12800,2.49168,0.7185,-0.1753,0.0139
chronos_base_resid,ucr/183_UCR_Anomaly_qtdbSel100MLII_4000_13400_13800,2.94304,0.6806,-0.1742,0.0157
chronos_base_resid,ucr/184_UCR_Anomaly_resperation10_48000_130700_131880,8.81216,1.1973,0.1499,0.0099
chronos_base_resid,ucr/186_UCR_Anomaly_resperation1_100000_110260_110412,8.77586,0.3009,-0.5111,0.0016
chronos_base_resid,ucr/191_UCR_Anomaly_resperation9_38000_143411_143511,8.96026,1.0363,0.0273,0.0010
chronos_base_resid,ucr/192_UCR_Anomaly_s20101mML2_12000_35774_35874,2.07621,3.0864,1.1446,0.0162
chronos_base_resid,ucr/193_UCR_Anomaly_s20101m_10000_35774_35874,1.57221,1.3657,0.3497,0.0067
chronos_base_resid,ucr/194_UCR_Anomaly_sddb49_20000_67950_68200,5.30652,2.7048,1.0975,0.0249
chronos_base_resid,ucr/195_UCR_Anomaly_sel840mECG1_17000_51370_51740,2.63838,2.6586,0.9769,0.0300
chronos_base_resid,ucr/196_UCR_Anomaly_sel840mECG2_20000_49370_49740,3.05124,1.1545,0.0985,0.0157
chronos_base_resid,ucr/197_UCR_Anomaly_tiltAPB1_100000_114283_114350,2.81937,2.7765,1.7018,0.0270
chronos_base_resid,ucr/198_UCR_Anomaly_tiltAPB2_50000_124159_124985,3.61774,1.1171,0.0794,0.0133
chronos_base_resid,ucr/199_UCR_Anomaly_tiltAPB3_40000_114000_114370,3.52672,0.6098,-0.2584,0.0045
chronos_base_resid,ucr/201_UCR_Anomaly_CHARISfive_10000_17001_17016,1.57349,2.4595,1.2770,0.0024
chronos_base_resid,ucr/202_UCR_Anomaly_CHARISfive_10411_10998_11028,1.11225,2.3591,1.5814,0.0060
chronos_base_resid,ucr/203_UCR_Anomaly_CHARISfive_10500_10995_11028,0.766104,1.2862,0.1791,0.0027
chronos_base_resid,ucr/204_UCR_Anomaly_CHARISfive_12412_15000_15070,1.1048,3.0643,2.3913,0.0508
chronos_base_resid,ucr/205_UCR_Anomaly_CHARISfive_9812_28995_29085,1.15394,0.5585,-0.5114,0.0034
chronos_base_resid,ucr/206_UCR_Anomaly_CHARISten_25130_29080_29140,2.33407,1.0466,0.0574,0.0075
chronos_base_resid,ucr/207_UCR_Anomaly_CHARISten_3165_26929_26989,2.60148,1.2594,0.3319,0.0031
chronos_base_resid,ucr/208_UCR_Anomaly_CHARISten_5130_27929_27989,0.718589,1.0963,0.0668,0.0026
chronos_base_resid,ucr/209_UCR_Anomaly_Fantasia_19000_26970_27270,0.742318,1.3558,0.2369,0.0075
chronos_base_resid,ucr/210_UCR_Anomaly_Italianpowerdemand_36123_74900_74996,1.09663,0.4073,-0.4405,0.0012
chronos_base_resid,ucr/211_UCR_Anomaly_Italianpowerdemand_38113_39240_39336,1.01282,0.8887,-0.0840,0.0017
chronos_base_resid,ucr/212_UCR_Anomaly_Italianpowerdemand_8913_29480_29504,0.264148,3.0721,1.5656,0.0072
chronos_base_resid,ucr/213_UCR_Anomaly_STAFFIIIDatabase_33211_126920_127370,7.84566,3.4765,1.0159,0.0085
chronos_base_resid,ucr/214_UCR_Anomaly_STAFFIIIDatabase_34211_125720_126370,8.16822,1.1565,0.0683,0.0036
chronos_base_resid,ucr/215_UCR_Anomaly_STAFFIIIDatabase_36276_106720_107370,10.574,0.8897,-0.0447,0.0028
chronos_base_resid,ucr/216_UCR_Anomaly_STAFFIIIDatabase_37216_160720_161370,11.4444,1.3498,0.1429,0.0032
chronos_base_resid,ucr/217_UCR_Anomaly_STAFFIIIDatabase_38211_150720_151370,8.05759,0.8566,-0.0611,0.0025
chronos_base_resid,ucr/218_UCR_Anomaly_STAFFIIIDatabase_41117_210720_211370,7.49267,1.0358,0.0148,0.0030
chronos_base_resid,ucr/219_UCR_Anomaly_STAFFIIIDatabase_41612_64632_64852,7.33996,3.8004,1.1628,0.0037
chronos_base_resid,ucr/220_UCR_Anomaly_STAFFIIIDatabase_43217_250720_251370,3.58375,1.2250,0.1652,0.0034
chronos_base_resid,ucr/221_UCR_Anomaly_STAFFIIIDatabase_45616_163632_164852,10.8551,0.6521,-0.1417,0.0043
chronos_base_resid,ucr/222_UCR_Anomaly_mit14046longtermecg_56123_91200_91700,2.95317,1.6797,0.3074,0.0058
chronos_base_resid,ucr/223_UCR_Anomaly_mit14046longtermecg_74123_131200_131700,2.0342,0.5006,-0.2574,0.0041
chronos_base_resid,ucr/224_UCR_Anomaly_mit14046longtermecg_76123_191200_191700,1.9546,0.6416,-0.1608,0.0042
chronos_base_resid,ucr/225_UCR_Anomaly_mit14046longtermecg_81214_143000_143300,1.38861,2.3089,0.6556,0.0059
chronos_base_resid,ucr/226_UCR_Anomaly_mit14046longtermecg_96123_123000_123300,0.915374,4.2639,1.5317,0.0175
chronos_base_resid,ucr/227_UCR_Anomaly_mit14134longtermecg_11231_29000_29100,1.46706,1.2894,0.1811,0.0036
chronos_base_resid,ucr/228_UCR_Anomaly_mit14134longtermecg_11361_47830_47850,1.72306,2.7952,1.3328,0.0025
chronos_base_resid,ucr/229_UCR_Anomaly_mit14134longtermecg_16363_57960_57970,1.70552,2.7908,1.3614,0.0017
chronos_base_resid,ucr/230_UCR_Anomaly_mit14134longtermecg_19363_19510_19610,1.84704,1.3627,0.2889,0.0044
chronos_base_resid,ucr/231_UCR_Anomaly_mit14134longtermecg_8763_47530_47790,1.75215,0.7535,-0.1599,0.0071
chronos_base_resid,ucr/232_UCR_Anomaly_mit14134longtermecg_8763_57530_57790,1.74921,0.7610,-0.1551,0.0065
chronos_base_resid,ucr/236_UCR_Anomaly_mit14157longtermecg_19313_46350_46390,2.07655,1.4399,0.2875,0.0014
chronos_base_resid,ucr/237_UCR_Anomaly_mit14157longtermecg_19313_89560_90370,1.87033,1.3980,0.2606,0.0163
chronos_base_resid,ucr/238_UCR_Anomaly_mit14157longtermecg_21311_72600_72780,2.13726,2.4150,1.0041,0.0074
chronos_base_resid,ucr/242_UCR_Anomaly_tilt12744mtable_100000_104630_104890,3.49459,1.5215,0.3118,0.0026
chronos_base_resid,ucr/243_UCR_Anomaly_tilt12744mtable_100000_203355_203400,3.33711,0.7009,-0.1727,0.0006
chronos_base_resid,ucr/244_UCR_Anomaly_tilt12754table_100013_104630_104890,1.85202,2.3072,0.6838,0.0033
chronos_base_resid,ucr/245_UCR_Anomaly_tilt12754table_100211_270800_271070,1.84715,4.0691,1.6220,0.0089
chronos_base_resid,ucr/246_UCR_Anomaly_tilt12755mtable_100211_270800_271070,3.87733,1.8245,0.4505,0.0031
chronos_base_resid,ucr/247_UCR_Anomaly_tilt12755mtable_50211_121900_121980,4.43304,1.4302,0.2522,0.0011
chronos_base_resid,ucr/248_UCR_Anomaly_weallwalk_2000_4702_4707,0.350424,3.4758,2.2188,0.0111
chronos_base_resid,ucr/249_UCR_Anomaly_weallwalk_2753_8285_8315,0.386991,1.0971,0.0886,0.0072
chronos_base_resid,ucr/250_UCR_Anomaly_weallwalk_2951_7290_7296,0.395964,2.3001,1.1859,0.0053
chronos_base_resid,nasa/E-2,961.54,7.2452,0.8392,0.1097
chronos_base_resid,nasa/E-8,1408.55,37.2016,6.5542,0.0829
chronos_base_resid,nasa/S-1,3399.16,15.5194,3.9939,0.0587
chronos_base_resid,nasa/E-1,8.61151,6048.5644,29708.2014,0.0888
chronos_base_resid,nasa/E-4,1302.98,1.6688,0.0992,0.2063
chronos_small_resid,nasa/P-2,550.439,5.3876,0.4246,0.1130
chronos_small_resid,nasa/P-3,285.934,18.9867,1.3501,0.1141
chronos_small_resid,nasa/F-1,882.107,0.0091,-0.1396,0.0132
chronos_small_resid,nasa/P-4,955.007,0.0084,-0.1461,0.1001
chronos_small_resid,nasa/T-1,1292.76,0.0061,-0.1648,0.1652
chronos_small_resid,nasa/T-2,1155.41,0.0069,-0.1481,0.1829
chronos_small_resid,nasa/D-8,438.482,0.0183,-0.0937,0.0080
chronos_small_resid,nasa/D-9,656.123,0.0122,-0.1128,0.1341
chronos_small_resid,nasa/F-2,1536.96,0.0052,-0.1777,0.2994
chronos_small_resid,nasa/G-4,1797.63,0.0045,-0.2466,0.0053
chronos_small_resid,nasa/T-3,884.495,0.0112,-0.1444,0.0269
chronos_small_resid,nasa/D-11,34295.6,1.3548,0.5316,0.1001
chronos_small_resid,nasa/D-12,5380.06,0.0015,-0.4276,0.2864
chronos_small_resid,nasa/B-1,911.561,0.0089,-0.1350,0.0106
chronos_small_resid,nasa/G-6,878.477,0.4735,-0.0700,0.0338
chronos_small_resid,nasa/G-7,3613.21,0.0022,-0.2924,0.2983
chronos_small_resid,nasa/P-7,1217.38,0.0067,-0.1567,0.1800
chronos_small_resid,nasa/R-1,1085.53,0.0075,-0.1484,0.0142
chronos_small_resid,nasa/A-5,745.31,19.5027,2.6409,0.1077
chronos_small_resid,nasa/A-6,1703.12,0.0049,-0.1934,0.0127
chronos_small_resid,nasa/A-7,2644.88,0.0030,-0.2732,0.2575
chronos_small_resid,nasa/D-13,4769.38,0.0017,-0.3472,0.0238
chronos_small_resid,nasa/A-8,37333.6,1.2989,0.4748,0.3690
chronos_small_resid,nasa/A-9,3354.13,0.0225,-0.2830,0.3332
chronos_small_resid,nasa/M-1,55909.3,0.8955,-0.6843,0.6331
chronos_small_resid,nasa/M-2,56409.3,0.8887,-0.7333,0.6286
chronos_small_resid,nasa/P-10,45956.8,1.2020,0.6617,0.0718
chronos_small_resid,nasa/F-7,53624.7,0.8856,-0.6798,0.1262
chronos_small_resid,nasa/M-3,54323.1,1.0507,0.3421,0.1560
chronos_small_resid,nasa/M-4,55319,1.0198,0.1459,0.1393
chronos_small_resid,nasa/M-5,54378.1,1.0137,0.0880,0.1496
chronos_small_resid,nasa/P-15,49275.1,1.1415,0.6280,0.0093
chronos_small_resid,nasa/C-2,54662.8,0.9910,-0.0622,0.2229
chronos_small_resid,nasa/T-12,54339.9,0.9900,-0.0612,0.1596
chronos_small_resid,nasa/T-13,55432.5,0.8735,-0.8912,0.2044
chronos_small_resid,nasa/D-14,46669.5,1.2518,0.8340,0.2229
chronos_small_resid,nasa/P-14,46336.4,0.9232,-0.2530,0.0464
chronos_small_resid,nasa/P-11,48983.4,1.1360,0.6042,0.1123
chronos_small_resid,nasa/D-16,54899.1,0.9990,-0.0065,0.2774
chronos_small_resid,nasa/F-8,51245.4,1.0052,0.0267,0.2863
chronos_small_resid,psm/psm,5.20685,1.3088,0.1078,0.3936
chronos_small_resid,smd/machine-1-1,4.39317,2.1365,0.7719,0.2517
chronos_small_resid,smd/machine-1-2,32742.7,1.1479,0.2872,0.2524
chronos_small_resid,smd/machine-1-3,1.68983,2.7297,0.9481,0.1251
chronos_small_resid,smd/machine-1-4,1.75036,2.7643,1.0946,0.1292
chronos_small_resid,smd/machine-1-5,4.37075,3.1738,0.6166,0.0242
chronos_small_resid,smd/machine-1-6,30176.3,0.5085,-0.8286,0.2115
chronos_small_resid,smd/machine-1-7,2.21906,1.0691,0.0802,0.1534
chronos_small_resid,smd/machine-1-8,5.36173,2.1482,0.7039,0.0964
chronos_small_resid,smd/machine-2-1,33054.9,1.0912,0.1942,0.0841
chronos_small_resid,smd/machine-2-2,3.97927,0.3367,-0.1767,0.1191
chronos_small_resid,smd/machine-2-3,3.46213,7.8935,3.4077,0.1386
chronos_small_resid,smd/machine-2-4,2.67201,2.2874,1.1354,0.1716
chronos_small_resid,smd/machine-2-5,32352.6,0.9226,-0.1208,0.0713
chronos_small_resid,smd/machine-2-6,6.06386,3.5172,2.6447,0.2035
chronos_small_resid,smd/machine-2-7,5.80524,14.6832,5.7774,0.1256
chronos_small_resid,smd/machine-2-8,3.74673,16.9023,10.8435,0.5145
chronos_small_resid,smd/machine-2-9,8796.51,1.0206,0.0177,0.1165
chronos_small_resid,smd/machine-3-1,5.10752,4.4032,3.7820,0.2081
chronos_small_resid,smd/machine-3-10,137.685,36.7791,2.2376,0.4093
chronos_small_resid,smd/machine-3-11,5.00102,7.4312,5.6780,0.3624
chronos_small_resid,smd/machine-3-2,3.21719,0.6603,-0.2961,0.0571
chronos_small_resid,smd/machine-3-3,1.6741,2.4477,1.7713,0.1424
chronos_small_resid,smd/machine-3-4,1.06232,1.0411,0.0719,0.0678
chronos_small_resid,smd/machine-3-5,2378.64,2.3919,0.4862,0.0515
chronos_small_resid,smd/machine-3-6,16.9169,0.8561,-0.0440,0.0885
chronos_small_resid,smd/machine-3-7,6.77322,2.6160,1.5283,0.0752
chronos_small_resid,smd/machine-3-8,8386.25,2.0067,0.8482,0.1757
chronos_small_resid,smd/machine-3-9,3.70601,4.0748,2.9424,0.2093
chronos_small_resid,ucr/001_UCR_Anomaly_DISTORTED1sddb40_35000_52000_52620,3.40812,1.4267,0.3272,0.0240
chronos_small_resid,ucr/002_UCR_Anomaly_DISTORTED2sddb40_35000_56600_56900,3.38617,0.4713,-0.4124,0.0074
chronos_small_resid,ucr/003_UCR_Anomaly_DISTORTED3sddb40_35000_46600_46900,3.42914,1.1678,0.1298,0.0103
chronos_small_resid,ucr/004_UCR_Anomaly_DISTORTEDBIDMC1_2500_5400_5600,2.55395,1.7254,0.6490,0.0852
chronos_small_resid,ucr/006_UCR_Anomaly_DISTORTEDCIMIS44AirTemperature2_4000_5703_5727,1.01685,2.7491,2.1077,0.0923
chronos_small_resid,ucr/007_UCR_Anomaly_DISTORTEDCIMIS44AirTemperature3_4000_6520_6544,1.06625,2.9044,2.2222,0.0910
chronos_small_resid,ucr/008_UCR_Anomaly_DISTORTEDCIMIS44AirTemperature4_4000_5549_5597,1.03742,2.0084,1.2225,0.0512
chronos_small_resid,ucr/009_UCR_Anomaly_DISTORTEDCIMIS44AirTemperature5_4000_4852_4900,1.02134,2.2210,1.3940,0.0793
chronos_small_resid,ucr/010_UCR_Anomaly_DISTORTEDCIMIS44AirTemperature6_4000_6006_6054,1.02894,2.1323,1.3388,0.1118
chronos_small_resid,ucr/011_UCR_Anomaly_DISTORTEDECG1_10000_11800_12100,1.6846,2.0451,0.6755,0.0399
chronos_small_resid,ucr/012_UCR_Anomaly_DISTORTEDECG2_15000_16000_16100,1.64077,1.3092,0.1924,0.0190
chronos_small_resid,ucr/013_UCR_Anomaly_DISTORTEDECG3_15000_16000_16100,1.55025,2.1903,0.6635,0.0219
chronos_small_resid,ucr/014_UCR_Anomaly_DISTORTEDECG3_8000_17000_17100,1.49551,1.9184,0.4943,0.0165
chronos_small_resid,ucr/015_UCR_Anomaly_DISTORTEDECG4_5000_16800_17100,6.12093,1.5572,0.5099,0.0067
chronos_small_resid,ucr/016_UCR_Anomaly_DISTORTEDECG4_5000_16900_17100,1.97934,2.2547,0.6883,0.0234
chronos_small_resid,ucr/017_UCR_Anomaly_DISTORTEDECG4_5000_17000_17100,1.96069,4.6671,1.9985,0.0226
chronos_small_resid,ucr/018_UCR_Anomaly_DISTORTEDECG4_8000_17000_17100,1.53176,1.8518,0.4587,0.0125
chronos_small_resid,ucr/019_UCR_Anomaly_DISTORTEDGP711MarkerLFM5z1_5000_6168_6212,5.645,0.8602,-0.1375,0.0092
chronos_small_resid,ucr/020_UCR_Anomaly_DISTORTEDGP711MarkerLFM5z2_5000_7175_7388,5.65299,1.1148,0.1104,0.0476
chronos_small_resid,ucr/021_UCR_Anomaly_DISTORTEDGP711MarkerLFM5z3_5000_5948_5993,5.59534,0.8344,-0.1593,0.0138
chronos_small_resid,ucr/022_UCR_Anomaly_DISTORTEDGP711MarkerLFM5z4_4000_6527_6645,5.4886,1.8397,0.7989,0.0380
chronos_small_resid,ucr/023_UCR_Anomaly_DISTORTEDGP711MarkerLFM5z5_5000_8612_8716,5.66917,1.2790,0.2697,0.0346
chronos_small_resid,ucr/024_UCR_Anomaly_DISTORTEDInternalBleeding10_3200_4526_4556,5.04347,1.0887,0.0997,0.0141
chronos_small_resid,ucr/025_UCR_Anomaly_DISTORTEDInternalBleeding14_2800_5607_5634,5.20873,0.2989,-0.7937,0.0073
chronos_small_resid,ucr/026_UCR_Anomaly_DISTORTEDInternalBleeding15_1700_5684_5854,3.36421,1.4751,0.3881,0.0532
chronos_small_resid,ucr/027_UCR_Anomaly_DISTORTEDInternalBleeding16_1200_4187_4199,5.74875,0.7889,-0.2023,0.0029
chronos_small_resid,ucr/028_UCR_Anomaly_DISTORTEDInternalBleeding17_1600_3198_3309,6.06426,0.7751,-0.1967,0.0314
chronos_small_resid,ucr/029_UCR_Anomaly_DISTORTEDInternalBleeding18_2300_4485_4587,5.00478,1.2198,0.2100,0.0387
chronos_small_resid,ucr/030_UCR_Anomaly_DISTORTEDInternalBleeding19_3000_4187_4197,5.67876,0.8230,-0.1628,0.0035
chronos_small_resid,ucr/031_UCR_Anomaly_DISTORTEDInternalBleeding20_2700_5759_5919,6.18696,1.1477,0.1441,0.0559
chronos_small_resid,ucr/032_UCR_Anomaly_DISTORTEDInternalBleeding4_1000_4675_5033,4.93466,2.4416,1.3851,0.2910
chronos_small_resid,ucr/033_UCR_Anomaly_DISTORTEDInternalBleeding5_4000_6200_6370,3.21061,2.5292,1.2952,0.1621
chronos_small_resid,ucr/034_UCR_Anomaly_DISTORTEDInternalBleeding6_1500_3474_3629,5.45437,0.9888,-0.0132,0.0310
chronos_small_resid,ucr/035_UCR_Anomaly_DISTORTEDInternalBleeding8_2500_5865_5974,2.86348,0.8956,-0.1105,0.0347
chronos_small_resid,ucr/036_UCR_Anomaly_DISTORTEDInternalBleeding9_4200_6599_6681,4.37283,0.2621,-0.6514,0.0276
chronos_small_resid,ucr/037_UCR_Anomaly_DISTORTEDLab2Cmac011215EPG1_5000_17210_17260,0.765907,2.8595,2.0143,0.0292
chronos_small_resid,ucr/038_UCR_Anomaly_DISTORTEDLab2Cmac011215EPG2_5000_27862_27932,0.76472,0.9086,-0.0985,0.0043
chronos_small_resid,ucr/039_UCR_Anomaly_DISTORTEDLab2Cmac011215EPG3_5000_16390_16420,0.76023,1.6292,0.6823,0.0037
chronos_small_resid,ucr/040_UCR_Anomaly_DISTORTEDLab2Cmac011215EPG4_6000_17390_17520,0.761761,0.8669,-0.1446,0.0073
chronos_small_resid,ucr/041_UCR_Anomaly_DISTORTEDLab2Cmac011215EPG5_7000_17390_17520,0.747072,1.2693,0.2908,0.0110
chronos_small_resid,ucr/042_UCR_Anomaly_DISTORTEDLab2Cmac011215EPG6_7000_12190_12420,0.755784,0.5164,-0.5230,0.0103
chronos_small_resid,ucr/043_UCR_Anomaly_DISTORTEDMesoplodonDensirostris_10000_19280_19440,3.9062,1.5482,0.4628,0.0265
chronos_small_resid,ucr/044_UCR_Anomaly_DISTORTEDPowerDemand1_9000_18485_18821,0.365167,1.5516,0.5254,0.0369
chronos_small_resid,ucr/045_UCR_Anomaly_DISTORTEDPowerDemand2_14000_23357_23717,0.36931,0.9228,-0.0730,0.0301
chronos_small_resid,ucr/046_UCR_Anomaly_DISTORTEDPowerDemand3_16000_23405_23477,0.374451,1.8206,0.7225,0.0200
chronos_small_resid,ucr/047_UCR_Anomaly_DISTORTEDPowerDemand4_18000_24005_24077,0.360117,4.4464,3.0957,0.0699
chronos_small_resid,ucr/048_UCR_Anomaly_DISTORTEDTkeepFifthMARS_3500_5988_6085,1.84372,1.7687,0.6521,0.1003
chronos_small_resid,ucr/049_UCR_Anomaly_DISTORTEDTkeepFirstMARS_3500_5365_5380,1.67449,1.4209,0.3496,0.0043
chronos_small_resid,ucr/050_UCR_Anomaly_DISTORTEDTkeepForthMARS_3500_5988_6085,1.73962,1.3174,0.2702,0.0341
chronos_small_resid,ucr/051_UCR_Anomaly_DISTORTEDTkeepSecondMARS_3500_9330_9340,1.70709,2.0849,0.9081,0.0041
chronos_small_resid,ucr/052_UCR_Anomaly_DISTORTEDTkeepThirdMARS_3500_4711_4809,1.75185,2.4140,1.2250,0.0480
chronos_small_resid,ucr/053_UCR_Anomaly_DISTORTEDWalkingAceleration1_1500_2764_2995,1.2231,0.8272,-0.1810,0.0597
chronos_small_resid,ucr/054_UCR_Anomaly_DISTORTEDWalkingAceleration5_2700_5920_5979,1.52906,3.2834,2.3661,0.1747
chronos_small_resid,ucr/055_UCR_Anomaly_DISTORTEDapneaecg2_10000_20950_21100,2.19202,2.2509,0.6308,0.0163
chronos_small_resid,ucr/056_UCR_Anomaly_DISTORTEDapneaecg3_5000_11111_11211,2.28107,0.9575,-0.0232,0.0048
chronos_small_resid,ucr/057_UCR_Anomaly_DISTORTEDapneaecg4_6000_16000_16100,2.17092,0.3854,-0.3214,0.0035
chronos_small_resid,ucr/058_UCR_Anomaly_DISTORTEDapneaecg_10000_12240_12308,2.21669,0.7690,-0.1168,0.0029
chronos_small_resid,ucr/059_UCR_Anomaly_DISTORTEDgait1_20000_38500_38800,8.0876,0.6420,-0.2944,0.0085
chronos_small_resid,ucr/060_UCR_Anomaly_DISTORTEDgait2_22000_46500_46800,7.64389,0.8683,-0.1069,0.0097
chronos_small_resid,ucr/061_UCR_Anomaly_DISTORTEDgait3_24500_59900_60500,7.50933,1.2338,0.1898,0.0463
chronos_small_resid,ucr/062_UCR_Anomaly_DISTORTEDgaitHunt1_18500_33070_33180,7.47166,0.5987,-0.3407,0.0029
chronos_small_resid,ucr/063_UCR_Anomaly_DISTORTEDgaitHunt2_18500_31200_31850,7.13394,0.8719,-0.1063,0.0162
chronos_small_resid,ucr/064_UCR_Anomaly_DISTORTEDgaitHunt3_23400_38400_39200,7.48575,1.1147,0.0978,0.0257
chronos_small_resid,ucr/065_UCR_Anomaly_DISTORTEDinsectEPG1_3000_7000_7030,0.632357,0.7939,-0.1826,0.0066
chronos_small_resid,ucr/066_UCR_Anomaly_DISTORTEDinsectEPG2_3700_8000_8025,0.64213,1.9574,0.8579,0.0146
chronos_small_resid,ucr/067_UCR_Anomaly_DISTORTEDinsectEPG3_5200_7000_7050,0.686668,0.7805,-0.1982,0.0137
chronos_small_resid,ucr/068_UCR_Anomaly_DISTORTEDinsectEPG4_1300_6508_6558,0.592136,1.0847,0.0735,0.0091
chronos_small_resid,ucr/070_UCR_Anomaly_DISTORTEDltstdbs30791AI_17555_52600_52800,4.3896,2.3059,0.6835,0.0157
chronos_small_resid,ucr/071_UCR_Anomaly_DISTORTEDltstdbs30791AS_23000_52600_52800,4.91428,5.2689,2.8009,0.0945
chronos_small_resid,ucr/072_UCR_Anomaly_DISTORTEDltstdbs30791ES_20000_52600_52800,4.06135,0.9611,-0.0228,0.0100
chronos_small_resid,ucr/073_UCR_Anomaly_DISTORTEDpark3m_60000_72150_72495,6.89069,1.2327,0.1868,0.0185
chronos_small_resid,ucr/074_UCR_Anomaly_DISTORTEDqtdbSel1005V_4000_12400_12800,2.46986,0.8213,-0.1197,0.0147
chronos_small_resid,ucr/075_UCR_Anomaly_DISTORTEDqtdbSel100MLII_4000_13400_13800,2.76547,0.7277,-0.1517,0.0169
chronos_small_resid,ucr/076_UCR_Anomaly_DISTORTEDresperation10_48000_130700_131880,6.00943,1.2748,0.2491,0.0109
chronos_small_resid,ucr/078_UCR_Anomaly_DISTORTEDresperation1_100000_110260_110412,6.00667,0.5266,-0.4392,0.0017
chronos_small_resid,ucr/083_UCR_Anomaly_DISTORTEDresperation9_38000_143411_143511,6.11488,1.6108,0.5652,0.0016
chronos_small_resid,ucr/084_UCR_Anomaly_DISTORTEDs20101mML2_12000_35774_35874,2.1517,2.8489,1.1077,0.0169
chronos_small_resid,ucr/085_UCR_Anomaly_DISTORTEDs20101m_10000_35774_35874,1.73872,1.2741,0.2797,0.0067
chronos_small_resid,ucr/086_UCR_Anomaly_DISTORTEDsddb49_20000_67950_68200,4.6987,2.2153,0.8923,0.0157
chronos_small_resid,ucr/087_UCR_Anomaly_DISTORTEDsel840mECG1_17000_51370_51740,2.92572,1.5351,0.3613,0.0176
chronos_small_resid,ucr/088_UCR_Anomaly_DISTORTEDsel840mECG2_20000_49370_49740,3.07501,1.3009,0.2207,0.0168
chronos_small_resid,ucr/089_UCR_Anomaly_DISTORTEDtiltAPB1_100000_114283_114350,5.11343,1.3864,0.4181,0.0054
chronos_small_resid,ucr/090_UCR_Anomaly_DISTORTEDtiltAPB2_50000_124159_124985,4.91229,1.0516,0.0446,0.0125
chronos_small_resid,ucr/091_UCR_Anomaly_DISTORTEDtiltAPB3_40000_114000_114370,4.79934,0.6940,-0.2583,0.0046
chronos_small_resid,ucr/093_UCR_Anomaly_NOISE1sddb40_35000_52000_52620,1.99755,1.2585,0.2057,0.0210
chronos_small_resid,ucr/094_UCR_Anomaly_NOISEBIDMC1_2500_5400_5600,1.82621,1.8625,0.7355,0.0894
chronos_small_resid,ucr/095_UCR_Anomaly_NOISECIMIS44AirTemperature4_4000_5549_5597,0.88983,2.1799,1.4312,0.0736
chronos_small_resid,ucr/096_UCR_Anomaly_NOISEECG4_5000_16900_17100,1.16063,2.4269,0.7499,0.0290
chronos_small_resid,ucr/097_UCR_Anomaly_NOISEGP711MarkerLFM5z3_5000_5948_5993,2.82965,0.9448,-0.0510,0.0140
chronos_small_resid,ucr/098_UCR_Anomaly_NOISEInternalBleeding16_1200_4187_4199,1.97852,0.6508,-0.3495,0.0024
chronos_small_resid,ucr/099_UCR_Anomaly_NOISEInternalBleeding6_1500_3474_3629,2.35928,1.4285,0.4411,0.0457
chronos_small_resid,ucr/100_UCR_Anomaly_NOISELab2Cmac011215EPG1_5000_17210_17260,0.753497,2.7694,1.9153,0.0284
chronos_small_resid,ucr/101_UCR_Anomaly_NOISELab2Cmac011215EPG4_6000_17390_17520,0.759414,0.8686,-0.1426,0.0076
chronos_small_resid,ucr/102_UCR_Anomaly_NOISEMesoplodonDensirostris_10000_19280_19440,1.67728,1.5565,0.4766,0.0297
chronos_small_resid,ucr/103_UCR_Anomaly_NOISETkeepThirdMARS_3500_4711_4809,1.15239,2.5170,1.1983,0.0747
chronos_small_resid,ucr/104_UCR_Anomaly_NOISEapneaecg4_6000_16000_16100,1.52272,0.3403,-0.3331,0.0035
chronos_small_resid,ucr/105_UCR_Anomaly_NOISEgait3_24500_59900_60500,1.86039,1.2566,0.1912,0.0248
chronos_small_resid,ucr/106_UCR_Anomaly_NOISEgaitHunt2_18500_31200_31850,1.26755,1.4346,0.3262,0.0232
chronos_small_resid,ucr/107_UCR_Anomaly_NOISEinsectEPG3_5200_7000_7050,0.659873,0.5260,-0.4162,0.0120
chronos_small_resid,ucr/109_UCR_Anomaly_1sddb40_35000_52000_52620,3.44342,1.3450,0.2558,0.0226
chronos_small_resid,ucr/110_UCR_Anomaly_2sddb40_35000_56600_56900,3.46141,0.2112,-0.5890,0.0058
chronos_small_resid,ucr/111_UCR_Anomaly_3sddb40_35000_46600_46900,3.44697,1.2085,0.1556,0.0106
chronos_small_resid,ucr/112_UCR_Anomaly_BIDMC1_2500_5400_5600,2.33044,1.9574,0.7597,0.0971
chronos_small_resid,ucr/114_UCR_Anomaly_CIMIS44AirTemperature2_4000_5703_5727,0.973585,2.8024,2.1189,0.0885
chronos_small_resid,ucr/115_UCR_Anomaly_CIMIS44AirTemperature3_4000_6520_6544,0.98235,3.1374,2.5183,0.1098
chronos_small_resid,ucr/116_UCR_Anomaly_CIMIS44AirTemperature4_4000_5549_5597,0.955858,2.3833,1.6219,0.0731
chronos_small_resid,ucr/117_UCR_Anomaly_CIMIS44AirTemperature5_4000_4852_4900,0.994195,2.1921,1.4004,0.0959
chronos_small_resid,ucr/118_UCR_Anomaly_CIMIS44AirTemperature6_4000_6006_6054,0.992585,1.9120,1.0451,0.0891
chronos_small_resid,ucr/119_UCR_Anomaly_ECG1_10000_11800_12100,1.7278,2.1928,0.7275,0.0433
chronos_small_resid,ucr/120_UCR_Anomaly_ECG2_15000_16000_16100,1.71862,1.3927,0.2375,0.0203
chronos_small_resid,ucr/121_UCR_Anomaly_ECG3_15000_16000_16100,1.45899,2.3656,0.6637,0.0209
chronos_small_resid,ucr/122_UCR_Anomaly_ECG3_8000_17000_17100,1.35286,2.1445,0.5495,0.0147
chronos_small_resid,ucr/123_UCR_Anomaly_ECG4_5000_16800_17100,9.67178,1.2227,0.1562,0.0044
chronos_small_resid,ucr/124_UCR_Anomaly_ECG4_5000_16900_17100,1.82464,2.3679,0.6689,0.0238
chronos_small_resid,ucr/125_UCR_Anomaly_ECG4_5000_17000_17100,1.81697,5.2569,2.0781,0.0297
chronos_small_resid,ucr/126_UCR_Anomaly_ECG4_8000_17000_17100,1.35427,2.2389,0.5959,0.0139
chronos_small_resid,ucr/127_UCR_Anomaly_GP711MarkerLFM5z1_5000_6168_6212,5.68868,1.0170,0.0150,0.0117
chronos_small_resid,ucr/128_UCR_Anomaly_GP711MarkerLFM5z2_5000_7175_7388,5.64474,0.9687,-0.0279,0.0445
chronos_small_resid,ucr/129_UCR_Anomaly_GP711MarkerLFM5z3_5000_5948_5993,5.68296,0.7226,-0.2463,0.0132
chronos_small_resid,ucr/130_UCR_Anomaly_GP711MarkerLFM5z4_4000_6527_6645,5.62533,1.7127,0.6369,0.0345
chronos_small_resid,ucr/131_UCR_Anomaly_GP711MarkerLFM5z5_5000_8612_8716,5.70955,1.2628,0.2342,0.0365
chronos_small_resid,ucr/132_UCR_Anomaly_InternalBleeding10_3200_4526_4556,5.15738,1.0091,0.0098,0.0130
chronos_small_resid,ucr/133_UCR_Anomaly_InternalBleeding14_2800_5607_5634,5.14991,0.2608,-0.8068,0.0070
chronos_small_resid,ucr/134_UCR_Anomaly_InternalBleeding15_1700_5684_5854,3.11132,1.9758,0.7380,0.0742
chronos_small_resid,ucr/135_UCR_Anomaly_InternalBleeding16_1200_4187_4199,4.91013,0.7839,-0.1947,0.0029
chronos_small_resid,ucr/136_UCR_Anomaly_InternalBleeding17_1600_3198_3309,5.22893,0.9881,-0.0105,0.0339
chronos_small_resid,ucr/137_UCR_Anomaly_InternalBleeding18_2300_4485_4587,4.84971,1.1539,0.1418,0.0353
chronos_small_resid,ucr/138_UCR_Anomaly_InternalBleeding19_3000_4187_4197,5.24806,1.5210,0.4750,0.0051
chronos_small_resid,ucr/139_UCR_Anomaly_InternalBleeding20_2700_5759_5919,5.4493,1.2858,0.2539,0.0689
chronos_small_resid,ucr/140_UCR_Anomaly_InternalBleeding4_1000_4675_5033,4.29368,2.8400,1.6007,0.3267
chronos_small_resid,ucr/141_UCR_Anomaly_InternalBleeding5_4000_6200_6370,3.00167,2.9019,1.6129,0.2046
chronos_small_resid,ucr/142_UCR_Anomaly_InternalBleeding6_1500_3474_3629,5.52202,0.8257,-0.1960,0.0297
chronos_small_resid,ucr/143_UCR_Anomaly_InternalBleeding8_2500_5865_5974,2.36606,0.7347,-0.2449,0.0328
chronos_small_resid,ucr/144_UCR_Anomaly_InternalBleeding9_4200_6599_6681,3.6125,0.4302,-0.5234,0.0324
chronos_small_resid,ucr/145_UCR_Anomaly_Lab2Cmac011215EPG1_5000_17210_17260,0.772301,2.7863,1.9317,0.0285
chronos_small_resid,ucr/146_UCR_Anomaly_Lab2Cmac011215EPG2_5000_27862_27932,0.768588,0.8261,-0.1873,0.0042
chronos_small_resid,ucr/147_UCR_Anomaly_Lab2Cmac011215EPG3_5000_16390_16420,0.768427,1.6605,0.7116,0.0038
chronos_small_resid,ucr/148_UCR_Anomaly_Lab2Cmac011215EPG4_6000_17390_17520,0.771269,0.8574,-0.1547,0.0074
chronos_small_resid,ucr/149_UCR_Anomaly_Lab2Cmac011215EPG5_7000_17390_17520,0.754005,1.3387,0.3638,0.0109
chronos_small_resid,ucr/150_UCR_Anomaly_Lab2Cmac011215EPG6_7000_12190_12420,0.766137,0.4858,-0.5534,0.0101
chronos_small_resid,ucr/151_UCR_Anomaly_MesoplodonDensirostris_10000_19280_19440,3.94894,1.7276,0.5745,0.0275
chronos_small_resid,ucr/152_UCR_Anomaly_PowerDemand1_9000_18485_18821,0.280899,2.2989,1.0025,0.0642
chronos_small_resid,ucr/153_UCR_Anomaly_PowerDemand2_14000_23357_23717,0.28339,0.9166,-0.0625,0.0311
chronos_small_resid,ucr/154_UCR_Anomaly_PowerDemand3_16000_23405_23477,0.292446,2.1064,0.7949,0.0244
chronos_small_resid,ucr/155_UCR_Anomaly_PowerDemand4_18000_24005_24077,0.270037,5.6787,3.4987,0.0830
chronos_small_resid,ucr/156_UCR_Anomaly_TkeepFifthMARS_3500_5988_6085,1.5654,2.0699,0.7631,0.1091
chronos_small_resid,ucr/157_UCR_Anomaly_TkeepFirstMARS_3500_5365_5380,1.47201,1.6902,0.4960,0.0051
chronos_small_resid,ucr/158_UCR_Anomaly_TkeepForthMARS_3500_5988_6085,1.48877,1.0927,0.0671,0.0264
chronos_small_resid,ucr/159_UCR_Anomaly_TkeepSecondMARS_3500_9330_9340,1.48953,2.3383,0.9594,0.0044
chronos_small_resid,ucr/160_UCR_Anomaly_TkeepThirdMARS_3500_4711_4809,1.47268,2.8301,1.3193,0.0675
chronos_small_resid,ucr/161_UCR_Anomaly_WalkingAceleration1_1500_2764_2995,1.20398,0.6387,-0.3742,0.0512
chronos_small_resid,ucr/162_UCR_Anomaly_WalkingAceleration5_2700_5920_5979,1.47882,3.4899,2.5819,0.2094
chronos_small_resid,ucr/163_UCR_Anomaly_apneaecg2_10000_20950_21100,2.11596,2.4190,0.6649,0.0167
chronos_small_resid,ucr/164_UCR_Anomaly_apneaecg3_5000_11111_11211,2.20725,1.0175,0.0090,0.0055
chronos_small_resid,ucr/165_UCR_Anomaly_apneaecg4_6000_16000_16100,2.15496,0.2982,-0.3415,0.0034
chronos_small_resid,ucr/166_UCR_Anomaly_apneaecg_10000_12240_12308,2.11786,0.8449,-0.0725,0.0031
chronos_small_resid,ucr/167_UCR_Anomaly_gait1_20000_38500_38800,11.9014,0.7722,-0.1473,0.0094
chronos_small_resid,ucr/168_UCR_Anomaly_gait2_22000_46500_46800,11.482,0.7776,-0.1428,0.0095
chronos_small_resid,ucr/169_UCR_Anomaly_gait3_24500_59900_60500,10.8665,1.2078,0.1321,0.0229
chronos_small_resid,ucr/170_UCR_Anomaly_gaitHunt1_18500_33070_33180,5.71004,0.9760,-0.0161,0.0045
chronos_small_resid,ucr/171_UCR_Anomaly_gaitHunt2_18500_31200_31850,5.67952,1.4193,0.2798,0.0214
chronos_small_resid,ucr/172_UCR_Anomaly_gaitHunt3_23400_38400_39200,5.53491,1.2085,0.1382,0.0268
chronos_small_resid,ucr/173_UCR_Anomaly_insectEPG1_3000_7000_7030,0.570393,0.8605,-0.1136,0.0066
chronos_small_resid,ucr/174_UCR_Anomaly_insectEPG2_3700_8000_8025,0.592639,2.0552,0.8654,0.0148
chronos_small_resid,ucr/175_UCR_Anomaly_insectEPG3_5200_7000_7050,0.643138,0.5793,-0.3536,0.0126
chronos_small_resid,ucr/176_UCR_Anomaly_insectEPG4_1300_6508_6558,0.550152,1.1994,0.1613,0.0096
chronos_small_resid,ucr/178_UCR_Anomaly_ltstdbs30791AI_17555_52600_52800,4.39184,2.4949,0.7791,0.0171
chronos_small_resid,ucr/179_UCR_Anomaly_ltstdbs30791AS_23000_52600_52800,5.05789,5.6031,2.9658,0.0943
chronos_small_resid,ucr/180_UCR_Anomaly_ltstdbs30791ES_20000_52600_52800,4.41707,1.0799,0.0448,0.0109
chronos_small_resid,ucr/181_UCR_Anomaly_park3m_60000_72150_72495,7.6534,1.0144,0.0096,0.0143
chronos_small_resid,ucr/182_UCR_Anomaly_qtdbSel1005V_4000_12400_12800,2.61293,0.7252,-0.1767,0.0138
chronos_small_resid,ucr/183_UCR_Anomaly_qtdbSel100MLII_4000_13400_13800,2.99038,0.6891,-0.1709,0.0158
chronos_small_resid,ucr/184_UCR_Anomaly_resperation10_48000_130700_131880,8.55552,1.4564,0.3208,0.0118
chronos_small_resid,ucr/186_UCR_Anomaly_resperation1_100000_110260_110412,8.57547,0.7870,-0.1456,0.0021
chronos_small_resid,ucr/191_UCR_Anomaly_resperation9_38000_143411_143511,8.74703,0.9148,-0.0596,0.0010
chronos_small_resid,ucr/192_UCR_Anomaly_s20101mML2_12000_35774_35874,2.14053,2.9482,1.1028,0.0175
chronos_small_resid,ucr/193_UCR_Anomaly_s20101m_10000_35774_35874,1.72182,1.0260,0.0265,0.0057
chronos_small_resid,ucr/194_UCR_Anomaly_sddb49_20000_67950_68200,5.54089,2.5831,0.9415,0.0140
chronos_small_resid,ucr/195_UCR_Anomaly_sel840mECG1_17000_51370_51740,2.85768,1.4636,0.3042,0.0167
chronos_small_resid,ucr/196_UCR_Anomaly_sel840mECG2_20000_49370_49740,3.3629,1.2344,0.1655,0.0160
chronos_small_resid,ucr/197_UCR_Anomaly_tiltAPB1_100000_114283_114350,4.92453,1.6636,0.7052,0.0074
chronos_small_resid,ucr/198_UCR_Anomaly_tiltAPB2_50000_124159_124985,4.65084,1.0171,0.0135,0.0130
chronos_small_resid,ucr/199_UCR_Anomaly_tiltAPB3_40000_114000_114370,4.44426,0.8650,-0.1033,0.0055
chronos_small_resid,ucr/201_UCR_Anomaly_CHARISfive_10000_17001_17016,2.21709,1.7555,0.7858,0.0015
chronos_small_resid,ucr/202_UCR_Anomaly_CHARISfive_10411_10998_11028,1.42391,1.8782,1.1044,0.0049
chronos_small_resid,ucr/203_UCR_Anomaly_CHARISfive_10500_10995_11028,0.790535,1.2699,0.1777,0.0028
chronos_small_resid,ucr/204_UCR_Anomaly_CHARISfive_12412_15000_15070,1.4178,2.8729,2.3521,0.0506
chronos_small_resid,ucr/205_UCR_Anomaly_CHARISfive_9812_28995_29085,1.4828,0.4675,-0.6831,0.0030
chronos_small_resid,ucr/206_UCR_Anomaly_CHARISten_25130_29080_29140,2.56188,0.8858,-0.1554,0.0061
chronos_small_resid,ucr/207_UCR_Anomaly_CHARISten_3165_26929_26989,3.24001,1.3045,0.4241,0.0032
chronos_small_resid,ucr/208_UCR_Anomaly_CHARISten_5130_27929_27989,0.716565,1.1573,0.1022,0.0026
chronos_small_resid,ucr/209_UCR_Anomaly_Fantasia_19000_26970_27270,0.755467,1.4041,0.2618,0.0078
chronos_small_resid,ucr/210_UCR_Anomaly_Italianpowerdemand_36123_74900_74996,1.12005,0.4208,-0.4369,0.0012
chronos_small_resid,ucr/211_UCR_Anomaly_Italianpowerdemand_38113_39240_39336,1.0473,0.9801,-0.0152,0.0019
chronos_small_resid,ucr/212_UCR_Anomaly_Italianpowerdemand_8913_29480_29504,0.271497,3.0742,1.5811,0.0071
chronos_small_resid,ucr/213_UCR_Anomaly_STAFFIIIDatabase_33211_126920_127370,7.81196,2.4727,0.5921,0.0067
chronos_small_resid,ucr/214_UCR_Anomaly_STAFFIIIDatabase_34211_125720_126370,7.69171,0.9610,-0.0166,0.0029
chronos_small_resid,ucr/215_UCR_Anomaly_STAFFIIIDatabase_36276_106720_107370,9.45138,0.9052,-0.0380,0.0028
chronos_small_resid,ucr/216_UCR_Anomaly_STAFFIIIDatabase_37216_160720_161370,11.4415,1.4529,0.1779,0.0048
chronos_small_resid,ucr/217_UCR_Anomaly_STAFFIIIDatabase_38211_150720_151370,7.59682,1.0348,0.0145,0.0026
chronos_small_resid,ucr/218_UCR_Anomaly_STAFFIIIDatabase_41117_210720_211370,7.45027,1.1422,0.0576,0.0033
chronos_small_resid,ucr/219_UCR_Anomaly_STAFFIIIDatabase_41612_64632_64852,7.29158,2.4823,0.6024,0.0027
chronos_small_resid,ucr/220_UCR_Anomaly_STAFFIIIDatabase_43217_250720_251370,3.52701,1.2523,0.1922,0.0034
chronos_small_resid,ucr/221_UCR_Anomaly_STAFFIIIDatabase_45616_163632_164852,9.62142,0.7351,-0.1068,0.0043
chronos_small_resid,ucr/222_UCR_Anomaly_mit14046longtermecg_56123_91200_91700,3.09889,1.4601,0.2158,0.0048
chronos_small_resid,ucr/223_UCR_Anomaly_mit14046longtermecg_74123_131200_131700,2.07762,0.5212,-0.2502,0.0042
chronos_small_resid,ucr/224_UCR_Anomaly_mit14046longtermecg_76123_191200_191700,2.02298,0.7009,-0.1396,0.0042
chronos_small_resid,ucr/225_UCR_Anomaly_mit14046longtermecg_81214_143000_143300,1.40716,2.3881,0.7038,0.0060
chronos_small_resid,ucr/226_UCR_Anomaly_mit14046longtermecg_96123_123000_123300,0.909014,4.1967,1.5163,0.0158
chronos_small_resid,ucr/227_UCR_Anomaly_mit14134longtermecg_11231_29000_29100,1.48199,1.2487,0.1595,0.0033
chronos_small_resid,ucr/228_UCR_Anomaly_mit14134longtermecg_11361_47830_47850,1.7217,2.2372,0.9206,0.0017
chronos_small_resid,ucr/229_UCR_Anomaly_mit14134longtermecg_16363_57960_57970,1.69126,2.9402,1.4662,0.0019
chronos_small_resid,ucr/230_UCR_Anomaly_mit14134longtermecg_19363_19510_19610,1.84181,1.3927,0.3198,0.0045
chronos_small_resid,ucr/231_UCR_Anomaly_mit14134longtermecg_8763_47530_47790,1.79205,0.7194,-0.1889,0.0066
chronos_small_resid,ucr/232_UCR_Anomaly_mit14134longtermecg_8763_57530_57790,1.79325,0.7711,-0.1545,0.0065
chronos_small_resid,ucr/236_UCR_Anomaly_mit14157longtermecg_19313_46350_46390,2.60551,1.2313,0.1715,0.0014
chronos_small_resid,ucr/237_UCR_Anomaly_mit14157longtermecg_19313_89560_90370,2.30216,1.1944,0.1458,0.0134
chronos_small_resid,ucr/238_UCR_Anomaly_mit14157longtermecg_21311_72600_72780,2.42718,2.2607,0.9723,0.0069
chronos_small_resid,ucr/242_UCR_Anomaly_tilt12744mtable_100000_104630_104890,4.03784,1.4206,0.2763,0.0026
chronos_small_resid,ucr/243_UCR_Anomaly_tilt12744mtable_100000_203355_203400,3.6549,1.1491,0.0905,0.0007
chronos_small_resid,ucr/244_UCR_Anomaly_tilt12754table_100013_104630_104890,2.30199,1.9085,0.5189,0.0027
chronos_small_resid,ucr/245_UCR_Anomaly_tilt12754table_100211_270800_271070,2.29939,3.4318,1.4008,0.0079
chronos_small_resid,ucr/246_UCR_Anomaly_tilt12755mtable_100211_270800_271070,4.40194,1.7875,0.4703,0.0030
chronos_small_resid,ucr/247_UCR_Anomaly_tilt12755mtable_50211_121900_121980,4.94937,0.9303,-0.0438,0.0010
chronos_small_resid,ucr/248_UCR_Anomaly_weallwalk_2000_4702_4707,0.366933,3.4421,2.2437,0.0096
chronos_small_resid,ucr/249_UCR_Anomaly_weallwalk_2753_8285_8315,0.405118,1.1544,0.1447,0.0081
chronos_small_resid,ucr/250_UCR_Anomaly_weallwalk_2951_7290_7296,0.410319,2.2195,1.1337,0.0047
chronos_small_resid,nasa/E-2,271.489,11.3506,0.7153,0.1082
chronos_small_resid,nasa/E-4,626.359,1.8667,0.0915,0.2071
chronos_small_resid,nasa/E-7,1413.51,34.9962,5.6763,0.0481
iforest,nasa/E-9,0.352393,0.9895,-0.1540,0.1298
iforest,nasa/E-11,0.356924,1.0405,0.5267,0.0687
iforest,nasa/E-13,0.369593,1.0110,0.2115,0.0503
iforest,nasa/D-1,0.371467,0.9267,-1.6526,0.3550
iforest,nasa/P-3,0.348754,0.9465,-0.7715,0.1956
iforest,nasa/D-3,0.375693,1.0192,0.3684,0.4537
iforest,nasa/A-2,0.376111,0.9471,-1.2553,0.0127
iforest,nasa/A-4,0.371962,0.9600,-0.9532,0.0137
iforest,nasa/G-2,0.370176,1.0234,0.5592,0.0127
iforest,nasa/D-6,0.399392,1.0846,2.1426,0.1798
iforest,nasa/F-1,0.323514,0.9737,-0.4720,0.0100
iforest,nasa/G-3,0.361408,1.0379,0.7524,0.0164
iforest,nasa/T-2,0.329978,0.9652,-0.4836,0.1379
iforest,nasa/D-9,0.304872,0.9666,-0.2604,0.1590
iforest,nasa/G-4,0.320708,0.9983,-0.3415,0.0045
iforest,nasa/D-11,0.425109,1.0062,0.0328,0.0127
iforest,nasa/B-1,0.307063,0.9613,-0.2664,0.0133
iforest,nasa/G-7,0.30786,1.8632,9.7963,0.9575
iforest,nasa/R-1,0.30591,0.9657,-0.2582,0.0168
iforest,nasa/A-6,0.444275,0.9887,-0.7685,0.0131
iforest,nasa/A-8,0.444021,0.9942,-0.2408,0.3697
iforest,nasa/F-3,0.357962,1.0989,1.3165,0.0331
iforest,nasa/M-1,0.379738,0.9481,-1.6417,0.3558
iforest,nasa/S-2,0.40058,1.0068,0.5919,0.0128
iforest,nasa/T-4,0.377576,0.9823,-0.9968,0.0286
iforest,nasa/F-7,0.339842,1.0397,0.9100,0.2376
iforest,nasa/M-4,0.35023,1.0221,0.7476,0.2677
iforest,nasa/P-15,0.367963,0.9382,-1.0649,0.0071
iforest,nasa/C-2,0.346283,0.9719,-0.3257,0.1237
iforest,nasa/T-13,0.35742,1.0336,0.4581,0.1796
iforest,nasa/F-5,0.327309,1.2238,5.8080,0.8151
iforest,nasa/T-9,0.41219,0.9625,-1.1386,0.0935
iforest,nasa/T-8,0.383765,1.0191,1.3834,0.4696
iforest,nasa/D-15,0.346445,1.0437,1.2075,0.5838
iforest,nasa/M-7,0.347915,1.2357,4.9352,0.9591
iforest,psm/psm,0.468391,1.0661,1.0021,0.5522
iforest,smd/machine-1-2,0.379402,1.2109,3.2274,0.5562
iforest,smd/machine-1-4,0.487128,1.0997,1.7558,0.2554
iforest,smd/machine-1-6,0.598969,1.1613,1.0120,0.5787
iforest,smd/machine-1-8,0.485734,1.0539,0.4976,0.0871
iforest,smd/machine-2-2,0.439307,1.0716,0.9616,0.3525
iforest,smd/machine-2-4,0.43679,1.1521,2.0915,0.3842
iforest,smd/machine-2-6,0.458697,1.1544,1.7468,0.1570
iforest,smd/machine-2-8,0.499421,1.4684,3.2979,0.5814
iforest,smd/machine-3-1,0.547127,1.0315,0.2933,0.2797
iforest,smd/machine-3-11,0.514575,1.0686,1.1419,0.0253
iforest,smd/machine-3-3,0.420924,1.0827,0.9391,0.0805
iforest,smd/machine-3-5,0.521103,1.1249,0.7150,0.1122
iforest,smd/machine-3-7,0.469076,1.1558,1.5205,0.2691
iforest,smd/machine-3-9,0.555206,1.0210,0.1851,0.2583
iforest,ucr/002_UCR_Anomaly_DISTORTED2sddb40_35000_56600_56900,0.405479,0.8848,-1.2686,0.0061
iforest,ucr/004_UCR_Anomaly_DISTORTEDBIDMC1_2500_5400_5600,0.466461,1.1295,2.5836,0.5007
iforest,ucr/006_UCR_Anomaly_DISTORTEDCIMIS44AirTemperature2_4000_5703_5727,0.461769,1.0619,0.5875,0.0211
iforest,ucr/008_UCR_Anomaly_DISTORTEDCIMIS44AirTemperature4_4000_5549_5597,0.458814,1.0593,0.5855,0.0331
iforest,ucr/010_UCR_Anomaly_DISTORTEDCIMIS44AirTemperature6_4000_6006_6054,0.456835,1.0406,0.4074,0.0328
iforest,ucr/012_UCR_Anomaly_DISTORTEDECG2_15000_16000_16100,0.393354,1.0597,1.4904,0.0545
iforest,ucr/014_UCR_Anomaly_DISTORTEDECG3_8000_17000_17100,0.403253,0.8892,-2.5372,0.0050
iforest,ucr/016_UCR_Anomaly_DISTORTEDECG4_5000_16900_17100,0.401663,0.9911,-0.1977,0.0111
iforest,ucr/018_UCR_Anomaly_DISTORTEDECG4_8000_17000_17100,0.402195,0.8837,-2.4718,0.0050
iforest,ucr/020_UCR_Anomaly_DISTORTEDGP711MarkerLFM5z2_5000_7175_7388,0.479862,1.0403,0.5253,0.1995
iforest,ucr/022_UCR_Anomaly_DISTORTEDGP711MarkerLFM5z4_4000_6527_6645,0.479211,1.1333,1.9074,0.3512
iforest,ucr/024_UCR_Anomaly_DISTORTEDInternalBleeding10_3200_4526_4556,0.477727,0.9994,-0.0153,0.0131
iforest,ucr/026_UCR_Anomaly_DISTORTEDInternalBleeding15_1700_5684_5854,0.478197,1.0323,0.6782,0.0927
iforest,ucr/028_UCR_Anomaly_DISTORTEDInternalBleeding17_1600_3198_3309,0.481383,1.0193,0.2957,0.0292
iforest,ucr/030_UCR_Anomaly_DISTORTEDInternalBleeding19_3000_4187_4197,0.473231,1.0828,1.3783,0.0145
iforest,ucr/032_UCR_Anomaly_DISTORTEDInternalBleeding4_1000_4675_5033,0.466596,1.0956,2.3935,0.5355
iforest,ucr/034_UCR_Anomaly_DISTORTEDInternalBleeding6_1500_3474_3629,0.475488,1.1442,4.0960,0.5633
iforest,ucr/036_UCR_Anomaly_DISTORTEDInternalBleeding9_4200_6599_6681,0.473637,0.9387,-1.2737,0.0215
iforest,ucr/038_UCR_Anomaly_DISTORTEDLab2Cmac011215EPG2_5000_27862_27932,0.433885,1.0123,0.5251,0.0083
iforest,ucr/040_UCR_Anomaly_DISTORTEDLab2Cmac011215EPG4_6000_17390_17520,0.432291,0.9945,-0.2461,0.0069
iforest,ucr/042_UCR_Anomaly_DISTORTEDLab2Cmac011215EPG6_7000_12190_12420,0.434271,0.9119,-4.1707,0.0092
iforest,ucr/044_UCR_Anomaly_DISTORTEDPowerDemand1_9000_18485_18821,0.469038,0.9259,-1.5126,0.0131
iforest,ucr/046_UCR_Anomaly_DISTORTEDPowerDemand3_16000_23405_23477,0.468684,0.9459,-0.9380,0.0050
iforest,ucr/048_UCR_Anomaly_DISTORTEDTkeepFifthMARS_3500_5988_6085,0.487818,0.9308,-1.6467,0.0102
iforest,ucr/050_UCR_Anomaly_DISTORTEDTkeepForthMARS_3500_5988_6085,0.480307,0.9812,-0.5109,0.0135
iforest,ucr/052_UCR_Anomaly_DISTORTEDTkeepThirdMARS_3500_4711_4809,0.485682,1.0182,0.5228,0.0360
iforest,ucr/054_UCR_Anomaly_DISTORTEDWalkingAceleration5_2700_5920_5979,0.456388,1.3903,6.5532,0.9598
iforest,ucr/056_UCR_Anomaly_DISTORTEDapneaecg3_5000_11111_11211,0.361175,0.9698,-0.2533,0.0068
iforest,ucr/058_UCR_Anomaly_DISTORTEDapneaecg_10000_12240_12308,0.356009,0.9363,-0.5393,0.0023
iforest,ucr/060_UCR_Anomaly_DISTORTEDgait2_22000_46500_46800,0.483987,1.0309,0.4923,0.0189
iforest,ucr/062_UCR_Anomaly_DISTORTEDgaitHunt1_18500_33070_33180,0.48424,1.0290,0.4088,0.0084
iforest,ucr/064_UCR_Anomaly_DISTORTEDgaitHunt3_23400_38400_39200,0.483217,1.0614,0.9445,0.0698
iforest,ucr/066_UCR_Anomaly_DISTORTEDinsectEPG2_3700_8000_8025,0.485009,1.0527,1.4778,0.0345
iforest,ucr/068_UCR_Anomaly_DISTORTEDinsectEPG4_1300_6508_6558,0.483767,1.0109,0.4044,0.0120
iforest,ucr/070_UCR_Anomaly_DISTORTEDltstdbs30791AI_17555_52600_52800,0.382131,1.3436,3.8678,0.3704
iforest,ucr/072_UCR_Anomaly_DISTORTEDltstdbs30791ES_20000_52600_52800,0.380575,0.9378,-0.8029,0.0065
iforest,ucr/074_UCR_Anomaly_DISTORTEDqtdbSel1005V_4000_12400_12800,0.393934,0.9874,-0.1600,0.0168
iforest,ucr/076_UCR_Anomaly_DISTORTEDresperation10_48000_130700_131880,0.461102,1.0524,0.5915,0.0236
iforest,ucr/078_UCR_Anomaly_DISTORTEDresperation1_100000_110260_110412,0.462282,1.0643,0.7921,0.0032
iforest,ucr/084_UCR_Anomaly_DISTORTEDs20101mML2_12000_35774_35874,0.381873,1.2608,8.1529,0.5087
iforest,ucr/086_UCR_Anomaly_DISTORTEDsddb49_20000_67950_68200,0.400575,1.1499,1.1066,0.0134
iforest,ucr/088_UCR_Anomaly_DISTORTEDsel840mECG2_20000_49370_49740,0.373307,0.9700,-0.4322,0.0097
iforest,ucr/090_UCR_Anomaly_DISTORTEDtiltAPB2_50000_124159_124985,0.47141,1.0501,0.6086,0.0189
iforest,ucr/094_UCR_Anomaly_NOISEBIDMC1_2500_5400_5600,0.470968,1.1265,3.0454,0.4995
iforest,ucr/096_UCR_Anomaly_NOISEECG4_5000_16900_17100,0.403907,1.0020,0.0458,0.0281
iforest,ucr/098_UCR_Anomaly_NOISEInternalBleeding16_1200_4187_4199,0.471264,1.0595,1.1310,0.0106
iforest,ucr/100_UCR_Anomaly_NOISELab2Cmac011215EPG1_5000_17210_17260,0.434974,1.1838,8.4734,0.4154
iforest,ucr/102_UCR_Anomaly_NOISEMesoplodonDensirostris_10000_19280_19440,0.44932,1.0577,0.8972,0.0298
iforest,ucr/104_UCR_Anomaly_NOISEapneaecg4_6000_16000_16100,0.353882,0.8984,-0.8190,0.0042
iforest,ucr/106_UCR_Anomaly_NOISEgaitHunt2_18500_31200_31850,0.487491,1.0405,0.7344,0.0824
iforest,ucr/110_UCR_Anomaly_2sddb40_35000_56600_56900,0.408385,0.8755,-1.2962,0.0065
iforest,ucr/112_UCR_Anomaly_BIDMC1_2500_5400_5600,0.472522,1.1303,2.8012,0.4663
iforest,ucr/114_UCR_Anomaly_CIMIS44AirTemperature2_4000_5703_5727,0.459079,1.0618,0.6038,0.0205
iforest,ucr/116_UCR_Anomaly_CIMIS44AirTemperature4_4000_5549_5597,0.457765,1.0746,0.7247,0.0369
iforest,ucr/118_UCR_Anomaly_CIMIS44AirTemperature6_4000_6006_6054,0.458002,1.0366,0.3539,0.0284
iforest,ucr/120_UCR_Anomaly_ECG2_15000_16000_16100,0.392035,1.0750,1.8938,0.0752
iforest,ucr/122_UCR_Anomaly_ECG3_8000_17000_17100,0.39923,0.8803,-2.6302,0.0050
iforest,ucr/124_UCR_Anomaly_ECG4_5000_16900_17100,0.408161,1.0027,0.0579,0.0253
iforest,ucr/126_UCR_Anomaly_ECG4_8000_17000_17100,0.399236,0.8882,-2.4580,0.0050
iforest,ucr/128_UCR_Anomaly_GP711MarkerLFM5z2_5000_7175_7388,0.481958,1.0487,0.5679,0.3908
iforest,ucr/130_UCR_Anomaly_GP711MarkerLFM5z4_4000_6527_6645,0.480435,1.1440,1.6912,0.3804
iforest,ucr/132_UCR_Anomaly_InternalBleeding10_3200_4526_4556,0.484803,1.0254,0.7004,0.0271
iforest,ucr/134_UCR_Anomaly_InternalBleeding15_1700_5684_5854,0.484906,1.0614,1.5505,0.3746
iforest,ucr/136_UCR_Anomaly_InternalBleeding17_1600_3198_3309,0.483413,1.0392,0.6200,0.0372
iforest,ucr/138_UCR_Anomaly_InternalBleeding19_3000_4187_4197,0.483608,1.0772,1.3590,0.0147
iforest,ucr/140_UCR_Anomaly_InternalBleeding4_1000_4675_5033,0.488063,1.0929,2.2611,0.5120
iforest,ucr/142_UCR_Anomaly_InternalBleeding6_1500_3474_3629,0.486245,1.1642,5.9032,0.6838
iforest,ucr/144_UCR_Anomaly_InternalBleeding9_4200_6599_6681,0.492295,0.9505,-1.3156,0.0223
iforest,ucr/146_UCR_Anomaly_Lab2Cmac011215EPG2_5000_27862_27932,0.434763,1.0043,0.2045,0.0053
iforest,ucr/148_UCR_Anomaly_Lab2Cmac011215EPG4_6000_17390_17520,0.42933,0.9992,-0.0387,0.0070
iforest,ucr/150_UCR_Anomaly_Lab2Cmac011215EPG6_7000_12190_12420,0.432432,0.8901,-5.0373,0.0092
iforest,ucr/152_UCR_Anomaly_PowerDemand1_9000_18485_18821,0.47154,0.9373,-1.2752,0.0129
iforest,ucr/154_UCR_Anomaly_PowerDemand3_16000_23405_23477,0.472504,0.9477,-0.9549,0.0047
iforest,ucr/156_UCR_Anomaly_TkeepFifthMARS_3500_5988_6085,0.524267,0.9119,-2.1203,0.0108
iforest,ucr/158_UCR_Anomaly_TkeepForthMARS_3500_5988_6085,0.524576,0.9732,-0.6606,0.0123
iforest,ucr/160_UCR_Anomaly_TkeepThirdMARS_3500_4711_4809,0.523717,1.0196,0.4567,0.3326
iforest,ucr/162_UCR_Anomaly_WalkingAceleration5_2700_5920_5979,0.45613,1.3986,6.5600,0.9580
iforest,ucr/164_UCR_Anomaly_apneaecg3_5000_11111_11211,0.359678,0.9736,-0.2157,0.0071
iforest,ucr/166_UCR_Anomaly_apneaecg_10000_12240_12308,0.35395,0.9340,-0.5442,0.0022
iforest,ucr/168_UCR_Anomaly_gait2_22000_46500_46800,0.509148,1.0620,0.9571,0.0267
iforest,ucr/170_UCR_Anomaly_gaitHunt1_18500_33070_33180,0.498516,1.0583,0.9843,0.0137
iforest,ucr/172_UCR_Anomaly_gaitHunt3_23400_38400_39200,0.494581,1.1060,1.9524,0.5299
iforest,ucr/174_UCR_Anomaly_insectEPG2_3700_8000_8025,0.497078,1.0916,2.5902,0.1596
iforest,ucr/176_UCR_Anomaly_insectEPG4_1300_6508_6558,0.489924,1.0547,1.6471,0.0497
iforest,ucr/178_UCR_Anomaly_ltstdbs30791AI_17555_52600_52800,0.381002,1.3437,3.7947,0.3599
iforest,ucr/180_UCR_Anomaly_ltstdbs30791ES_20000_52600_52800,0.383569,0.9597,-0.4882,0.0067
iforest,ucr/182_UCR_Anomaly_qtdbSel1005V_4000_12400_12800,0.395848,0.9722,-0.3445,0.0136
iforest,ucr/184_UCR_Anomaly_resperation10_48000_130700_131880,0.460687,1.0764,0.7804,0.0348
iforest,ucr/186_UCR_Anomaly_resperation1_100000_110260_110412,0.461941,1.1224,1.3167,0.0150
iforest,ucr/192_UCR_Anomaly_s20101mML2_12000_35774_35874,0.381478,1.2647,8.7328,0.5104
iforest,ucr/194_UCR_Anomaly_sddb49_20000_67950_68200,0.397261,1.1685,1.1830,0.0143
iforest,ucr/196_UCR_Anomaly_sel840mECG2_20000_49370_49740,0.373006,0.9631,-0.5341,0.0094
iforest,ucr/198_UCR_Anomaly_tiltAPB2_50000_124159_124985,0.479435,1.0482,0.5897,0.0176
iforest,ucr/202_UCR_Anomaly_CHARISfive_10411_10998_11028,0.478853,0.9130,-0.9463,0.0010
iforest,ucr/204_UCR_Anomaly_CHARISfive_12412_15000_15070,0.466866,0.9519,-0.5783,0.0028
iforest,ucr/206_UCR_Anomaly_CHARISten_25130_29080_29140,0.431539,0.9956,-0.0294,0.0123
iforest,ucr/208_UCR_Anomaly_CHARISten_5130_27929_27989,0.424708,1.0309,3.5006,0.3483
iforest,ucr/210_UCR_Anomaly_Italianpowerdemand_36123_74900_74996,0.473213,1.0368,0.5874,0.0044
iforest,ucr/212_UCR_Anomaly_Italianpowerdemand_8913_29480_29504,0.471264,0.9480,-0.9761,0.0013
iforest,ucr/214_UCR_Anomaly_STAFFIIIDatabase_34211_125720_126370,0.411372,1.0530,0.2832,0.0042
iforest,ucr/216_UCR_Anomaly_STAFFIIIDatabase_37216_160720_161370,0.386874,1.0473,0.2414,0.0075
iforest,ucr/218_UCR_Anomaly_STAFFIIIDatabase_41117_210720_211370,0.400649,1.1697,0.8809,0.0068
iforest,ucr/220_UCR_Anomaly_STAFFIIIDatabase_43217_250720_251370,0.40496,1.0874,0.6675,0.0052
iforest,ucr/222_UCR_Anomaly_mit14046longtermecg_56123_91200_91700,0.382447,1.1457,1.2656,0.0312
iforest,ucr/224_UCR_Anomaly_mit14046longtermecg_76123_191200_191700,0.371135,0.9404,-0.5677,0.0034
iforest,ucr/226_UCR_Anomaly_mit14046longtermecg_96123_123000_123300,0.341282,1.4476,5.6648,0.2668
iforest,ucr/228_UCR_Anomaly_mit14134longtermecg_11361_47830_47850,0.357312,1.0585,1.2294,0.0054
iforest,ucr/230_UCR_Anomaly_mit14134longtermecg_19363_19510_19610,0.378542,1.0279,0.2350,0.0079
iforest,ucr/232_UCR_Anomaly_mit14134longtermecg_8763_57530_57790,0.361018,0.9779,-0.3709,0.0062
iforest,ucr/236_UCR_Anomaly_mit14157longtermecg_19313_46350_46390,0.396454,0.9748,-0.6503,0.0005
iforest,ucr/238_UCR_Anomaly_mit14157longtermecg_21311_72600_72780,0.399465,1.1339,1.8206,0.0155
iforest,ucr/240_UCR_Anomaly_taichidbS0715Master_240030_884100_884200,0.408426,1.2658,1.2681,0.0008
iforest,ucr/242_UCR_Anomaly_tilt12744mtable_100000_104630_104890,0.413688,1.0180,0.1582,0.0021
iforest,ucr/244_UCR_Anomaly_tilt12754table_100013_104630_104890,0.428633,0.9811,-0.2228,0.0018
iforest,ucr/246_UCR_Anomaly_tilt12755mtable_100211_270800_271070,0.452028,1.0978,0.7325,0.0039
iforest,ucr/248_UCR_Anomaly_weallwalk_2000_4702_4707,0.415595,1.0530,0.7776,0.0036
iforest,ucr/250_UCR_Anomaly_weallwalk_2951_7290_7296,0.418817,1.0788,1.0556,0.0883
iforest,nasa/E-8,0.351403,1.0169,0.2300,0.1888
iforest,nasa/E-10,0.356187,1.0293,0.3820,0.0699
iforest,nasa/E-12,0.357113,0.9195,-1.0542,0.0598
iforest,nasa/A-1,0.360098,0.9533,-0.9569,0.0099
iforest,nasa/P-2,0.365226,1.0199,0.4525,0.3294
iforest,nasa/D-2,0.361862,0.9907,-0.1898,0.4499
iforest,nasa/D-4,0.375601,1.0425,0.8580,0.5849
iforest,nasa/A-3,0.370914,0.9579,-1.0030,0.0228
iforest,nasa/G-1,0.375078,0.9411,-1.2117,0.0133
iforest,nasa/D-5,0.396431,1.0751,1.8000,0.0882
iforest,nasa/D-7,0.363294,1.0032,0.0550,0.3707
iforest,nasa/P-4,0.316551,0.9772,-0.3545,0.0820
iforest,nasa/T-1,0.57224,0.8699,-29.7590,0.1193
iforest,nasa/D-8,0.301054,0.9756,-0.2270,0.0097
iforest,nasa/F-2,0.310529,0.9774,-0.2819,0.3472
iforest,nasa/T-3,0.338509,0.9836,-0.2998,0.0219
iforest,nasa/G-6,0.39082,1.0680,0.6676,0.0321
iforest,nasa/P-7,0.335408,1.0268,0.2707,0.5036
iforest,nasa/A-5,0.437094,1.0342,0.5349,0.0247
iforest,nasa/A-7,0.334748,0.9755,-1.4276,0.1654
iforest,nasa/A-9,0.405833,0.8538,-2.0386,0.2825
iforest,nasa/M-6,0.360955,0.9748,-2.2522,0.0641
iforest,nasa/M-2,0.378159,1.1987,2.4970,0.9682
iforest,nasa/P-10,0.365574,1.1842,1.3325,0.0730
iforest,nasa/T-5,0.343464,0.9869,-0.6792,0.0122
iforest,nasa/M-3,0.349531,1.0156,0.4722,0.2805
iforest,nasa/M-5,0.357289,1.0023,0.0734,0.1694
iforest,nasa/C-1,0.347062,1.0064,0.1119,0.2228
iforest,nasa/T-12,0.334256,1.0278,0.4423,0.1254
iforest,nasa/F-4,0.346713,1.0963,1.5777,0.1220
iforest,nasa/D-14,0.406005,0.7856,-1.6069,0.0706
iforest,nasa/P-14,0.474177,0.9962,-0.2877,0.0428
iforest,nasa/P-11,0.328576,1.0970,2.9870,0.6100
iforest,nasa/D-16,0.385297,0.9875,-0.7607,0.3690
iforest,nasa/F-8,0.339162,1.0094,0.1522,0.3691
iforest,smd/machine-1-1,0.498166,1.2307,1.4465,0.4146
iforest,smd/machine-1-3,0.473064,1.1068,1.6263,0.2520
iforest,smd/machine-1-5,0.457411,1.1093,1.1376,0.0408
iforest,smd/machine-1-7,0.423473,1.0625,1.0257,0.3458
iforest,smd/machine-2-1,0.430439,1.0932,1.9369,0.3712
iforest,smd/machine-2-3,0.430484,1.2748,2.6688,0.3740
iforest,smd/machine-2-5,0.42335,1.1524,1.3914,0.1846
iforest,smd/machine-2-7,0.411055,1.4568,4.2193,0.5363
iforest,smd/machine-2-9,0.482585,1.1990,1.1466,0.2631
iforest,smd/machine-3-10,0.492542,1.2545,1.5809,0.5360
iforest,smd/machine-3-2,0.438783,1.0257,0.3115,0.0925
iforest,smd/machine-3-4,0.444494,1.0491,1.0431,0.2565
iforest,smd/machine-3-6,0.478797,1.2030,2.7514,0.7245
iforest,smd/machine-3-8,0.48471,1.3426,2.2354,0.4139
iforest,ucr/001_UCR_Anomaly_DISTORTED1sddb40_35000_52000_52620,0.405568,1.2823,2.9504,0.2553
iforest,ucr/003_UCR_Anomaly_DISTORTED3sddb40_35000_46600_46900,0.407062,1.0331,0.3523,0.0137
iforest,ucr/007_UCR_Anomaly_DISTORTEDCIMIS44AirTemperature3_4000_6520_6544,0.465533,0.9433,-0.5269,0.0076
iforest,ucr/009_UCR_Anomaly_DISTORTEDCIMIS44AirTemperature5_4000_4852_4900,0.45517,1.1723,1.6707,0.0790
iforest,ucr/011_UCR_Anomaly_DISTORTEDECG1_10000_11800_12100,0.390106,1.1573,4.2908,0.3024
iforest,ucr/013_UCR_Anomaly_DISTORTEDECG3_15000_16000_16100,0.3976,0.8873,-2.5871,0.0069
iforest,ucr/015_UCR_Anomaly_DISTORTEDECG4_5000_16800_17100,0.460144,1.1595,1.6271,0.0123
iforest,ucr/017_UCR_Anomaly_DISTORTEDECG4_5000_17000_17100,0.403258,0.9977,-0.0499,0.0045
iforest,ucr/019_UCR_Anomaly_DISTORTEDGP711MarkerLFM5z1_5000_6168_6212,0.472262,0.9662,-0.4331,0.0073
iforest,ucr/021_UCR_Anomaly_DISTORTEDGP711MarkerLFM5z3_5000_5948_5993,0.471698,1.1321,1.8153,0.3391
iforest,ucr/023_UCR_Anomaly_DISTORTEDGP711MarkerLFM5z5_5000_8612_8716,0.479239,1.1851,2.5307,0.9272
iforest,ucr/025_UCR_Anomaly_DISTORTEDInternalBleeding14_2800_5607_5634,0.477326,1.0988,1.7929,0.0717
iforest,ucr/027_UCR_Anomaly_DISTORTEDInternalBleeding16_1200_4187_4199,0.48116,1.1216,1.8078,0.0198
iforest,ucr/029_UCR_Anomaly_DISTORTEDInternalBleeding18_2300_4485_4587,0.473244,0.9800,-0.3007,0.0204
iforest,ucr/031_UCR_Anomaly_DISTORTEDInternalBleeding20_2700_5759_5919,0.477342,1.0836,1.2371,0.1063
iforest,ucr/033_UCR_Anomaly_DISTORTEDInternalBleeding5_4000_6200_6370,0.476752,1.0713,1.7639,0.3468
iforest,ucr/035_UCR_Anomaly_DISTORTEDInternalBleeding8_2500_5865_5974,0.478844,0.9956,-0.1138,0.0320
iforest,ucr/037_UCR_Anomaly_DISTORTEDLab2Cmac011215EPG1_5000_17210_17260,0.435646,1.1931,8.1305,0.4633
iforest,ucr/039_UCR_Anomaly_DISTORTEDLab2Cmac011215EPG3_5000_16390_16420,0.433723,1.0952,4.2325,0.3325
iforest,ucr/041_UCR_Anomaly_DISTORTEDLab2Cmac011215EPG5_7000_17390_17520,0.432344,1.0639,3.1596,0.3830
iforest,ucr/043_UCR_Anomaly_DISTORTEDMesoplodonDensirostris_10000_19280_19440,0.45129,1.0622,0.9640,0.0329
iforest,ucr/045_UCR_Anomaly_DISTORTEDPowerDemand2_14000_23357_23717,0.46756,0.9376,-1.1462,0.0157
iforest,ucr/047_UCR_Anomaly_DISTORTEDPowerDemand4_18000_24005_24077,0.464556,0.9997,-0.0053,0.0102
iforest,ucr/049_UCR_Anomaly_DISTORTEDTkeepFirstMARS_3500_5365_5380,0.474844,1.0151,0.4291,0.0059
iforest,ucr/051_UCR_Anomaly_DISTORTEDTkeepSecondMARS_3500_9330_9340,0.468901,1.0072,0.2239,0.0034
iforest,ucr/053_UCR_Anomaly_DISTORTEDWalkingAceleration1_1500_2764_2995,0.445077,0.8881,-1.8040,0.0367
iforest,ucr/055_UCR_Anomaly_DISTORTEDapneaecg2_10000_20950_21100,0.354366,1.3087,2.6200,0.0970
iforest,ucr/057_UCR_Anomaly_DISTORTEDapneaecg4_6000_16000_16100,0.356311,0.8977,-0.8719,0.0042
iforest,ucr/059_UCR_Anomaly_DISTORTEDgait1_20000_38500_38800,0.483467,1.0012,0.0185,0.0112
iforest,ucr/061_UCR_Anomaly_DISTORTEDgait3_24500_59900_60500,0.481284,1.0119,0.1824,0.0434
iforest,ucr/063_UCR_Anomaly_DISTORTEDgaitHunt2_18500_31200_31850,0.489809,1.0207,0.3080,0.0220
iforest,ucr/065_UCR_Anomaly_DISTORTEDinsectEPG1_3000_7000_7030,0.482483,1.0155,0.5042,0.0116
iforest,ucr/067_UCR_Anomaly_DISTORTEDinsectEPG3_5200_7000_7050,0.498711,1.0220,0.8099,0.0361
iforest,ucr/071_UCR_Anomaly_DISTORTEDltstdbs30791AS_23000_52600_52800,0.39334,1.3974,4.2855,0.4738
iforest,ucr/073_UCR_Anomaly_DISTORTEDpark3m_60000_72150_72495,0.483439,1.0794,1.1228,0.1262
iforest,ucr/075_UCR_Anomaly_DISTORTEDqtdbSel100MLII_4000_13400_13800,0.378464,0.9641,-0.5562,0.0165
iforest,ucr/083_UCR_Anomaly_DISTORTEDresperation9_38000_143411_143511,0.462233,1.0667,0.7859,0.0021
iforest,ucr/085_UCR_Anomaly_DISTORTEDs20101m_10000_35774_35874,0.415632,0.9981,-0.0666,0.0044
iforest,ucr/087_UCR_Anomaly_DISTORTEDsel840mECG1_17000_51370_51740,0.373126,1.0210,0.4736,0.0463
iforest,ucr/089_UCR_Anomaly_DISTORTEDtiltAPB1_100000_114283_114350,0.449731,1.0955,1.8025,0.1011
iforest,ucr/091_UCR_Anomaly_DISTORTEDtiltAPB3_40000_114000_114370,0.46798,0.8952,-1.2721,0.0030
iforest,ucr/093_UCR_Anomaly_NOISE1sddb40_35000_52000_52620,0.407992,1.2807,3.1295,0.2535
iforest,ucr/095_UCR_Anomaly_NOISECIMIS44AirTemperature4_4000_5549_5597,0.457894,1.0740,0.7297,0.0369
iforest,ucr/097_UCR_Anomaly_NOISEGP711MarkerLFM5z3_5000_5948_5993,0.474971,1.1556,2.0951,0.5745
iforest,ucr/099_UCR_Anomaly_NOISEInternalBleeding6_1500_3474_3629,0.478511,1.1676,6.6671,0.6855
iforest,ucr/101_UCR_Anomaly_NOISELab2Cmac011215EPG4_6000_17390_17520,0.432341,0.9947,-0.2632,0.0061
iforest,ucr/103_UCR_Anomaly_NOISETkeepThirdMARS_3500_4711_4809,0.494352,1.0242,0.9655,0.3390
iforest,ucr/105_UCR_Anomaly_NOISEgait3_24500_59900_60500,0.486536,1.0126,0.2551,0.0559
iforest,ucr/107_UCR_Anomaly_NOISEinsectEPG3_5200_7000_7050,0.488158,1.0048,0.1908,0.0206
iforest,ucr/109_UCR_Anomaly_1sddb40_35000_52000_52620,0.408509,1.2906,3.0169,0.2519
iforest,ucr/111_UCR_Anomaly_3sddb40_35000_46600_46900,0.40833,1.0389,0.4046,0.0147
iforest,ucr/115_UCR_Anomaly_CIMIS44AirTemperature3_4000_6520_6544,0.458815,0.9656,-0.3407,0.0092
iforest,ucr/117_UCR_Anomaly_CIMIS44AirTemperature5_4000_4852_4900,0.457631,1.2161,2.0756,0.1290
iforest,ucr/119_UCR_Anomaly_ECG1_10000_11800_12100,0.390251,1.1790,5.0748,0.4004
iforest,ucr/121_UCR_Anomaly_ECG3_15000_16000_16100,0.399492,0.8813,-2.6699,0.0069
iforest,ucr/123_UCR_Anomaly_ECG4_5000_16800_17100,0.472148,1.1720,1.6866,0.0159
iforest,ucr/125_UCR_Anomaly_ECG4_5000_17000_17100,0.408041,1.0250,0.5394,0.0063
iforest,ucr/127_UCR_Anomaly_GP711MarkerLFM5z1_5000_6168_6212,0.481634,0.9982,-0.0212,0.0088
iforest,ucr/129_UCR_Anomaly_GP711MarkerLFM5z3_5000_5948_5993,0.482154,1.1638,1.9318,0.5594
iforest,ucr/131_UCR_Anomaly_GP711MarkerLFM5z5_5000_8612_8716,0.483213,1.2153,2.4774,0.9448
iforest,ucr/133_UCR_Anomaly_InternalBleeding14_2800_5607_5634,0.485641,1.1410,3.2929,0.7891
iforest,ucr/135_UCR_Anomaly_InternalBleeding16_1200_4187_4199,0.478771,1.0652,1.2023,0.0114
iforest,ucr/137_UCR_Anomaly_InternalBleeding18_2300_4485_4587,0.484632,1.0200,0.3684,0.0316
iforest,ucr/139_UCR_Anomaly_InternalBleeding20_2700_5759_5919,0.485216,1.0822,1.3743,0.1174
iforest,ucr/141_UCR_Anomaly_InternalBleeding5_4000_6200_6370,0.487222,1.0831,2.0737,0.4966
iforest,ucr/143_UCR_Anomaly_InternalBleeding8_2500_5865_5974,0.483967,0.9977,-0.0791,0.0372
iforest,ucr/145_UCR_Anomaly_Lab2Cmac011215EPG1_5000_17210_17260,0.434924,1.1854,8.4602,0.3882
iforest,ucr/147_UCR_Anomaly_Lab2Cmac011215EPG3_5000_16390_16420,0.434901,1.1045,4.8714,0.2502
iforest,ucr/149_UCR_Anomaly_Lab2Cmac011215EPG5_7000_17390_17520,0.433324,1.0897,4.2130,0.4847
iforest,ucr/151_UCR_Anomaly_MesoplodonDensirostris_10000_19280_19440,0.449998,1.0573,0.8727,0.0291
iforest,ucr/153_UCR_Anomaly_PowerDemand2_14000_23357_23717,0.473221,0.9300,-1.2041,0.0160
iforest,ucr/155_UCR_Anomaly_PowerDemand4_18000_24005_24077,0.467527,0.9915,-0.1637,0.0092
iforest,ucr/157_UCR_Anomaly_TkeepFirstMARS_3500_5365_5380,0.523861,0.9849,-0.3577,0.0027
iforest,ucr/159_UCR_Anomaly_TkeepSecondMARS_3500_9330_9340,0.523964,1.0292,0.6911,0.0931
iforest,ucr/161_UCR_Anomaly_WalkingAceleration1_1500_2764_2995,0.442034,0.8825,-2.0503,0.0362
iforest,ucr/163_UCR_Anomaly_apneaecg2_10000_20950_21100,0.353445,1.3084,2.5706,0.0926
iforest,ucr/165_UCR_Anomaly_apneaecg4_6000_16000_16100,0.352247,0.8996,-0.8195,0.0042
iforest,ucr/167_UCR_Anomaly_gait1_20000_38500_38800,0.513701,1.0437,0.6589,0.0130
iforest,ucr/169_UCR_Anomaly_gait3_24500_59900_60500,0.505811,1.0350,0.5089,0.0529
iforest,ucr/171_UCR_Anomaly_gaitHunt2_18500_31200_31850,0.498606,1.0681,1.1460,0.1745
iforest,ucr/173_UCR_Anomaly_insectEPG1_3000_7000_7030,0.494117,1.0571,1.6447,0.0447
iforest,ucr/175_UCR_Anomaly_insectEPG3_5200_7000_7050,0.497978,1.0290,0.9021,0.0352
iforest,ucr/179_UCR_Anomaly_ltstdbs30791AS_23000_52600_52800,0.393672,1.3840,4.0458,0.4446
iforest,ucr/181_UCR_Anomaly_park3m_60000_72150_72495,0.497737,1.1152,2.2638,0.3282
iforest,ucr/183_UCR_Anomaly_qtdbSel100MLII_4000_13400_13800,0.378307,0.9592,-0.6181,0.0140
iforest,ucr/191_UCR_Anomaly_resperation9_38000_143411_143511,0.462544,1.0797,0.8214,0.0024
iforest,ucr/193_UCR_Anomaly_s20101m_10000_35774_35874,0.417364,0.9925,-0.2714,0.0039
iforest,ucr/195_UCR_Anomaly_sel840mECG1_17000_51370_51740,0.375383,1.0193,0.4364,0.0667
iforest,ucr/197_UCR_Anomaly_tiltAPB1_100000_114283_114350,0.456956,1.1200,2.2371,0.1670
iforest,ucr/199_UCR_Anomaly_tiltAPB3_40000_114000_114370,0.479798,0.8994,-1.2913,0.0031
iforest,ucr/201_UCR_Anomaly_CHARISfive_10000_17001_17016,0.48053,1.0432,1.4402,0.0054
iforest,ucr/203_UCR_Anomaly_CHARISfive_10500_10995_11028,0.374379,1.0098,0.5399,0.0040
iforest,ucr/205_UCR_Anomaly_CHARISfive_9812_28995_29085,0.466528,0.8745,-1.2640,0.0038
iforest,ucr/207_UCR_Anomaly_CHARISten_3165_26929_26989,0.506375,1.0159,0.1825,0.0040
iforest,ucr/209_UCR_Anomaly_Fantasia_19000_26970_27270,0.359399,0.9936,-0.0993,0.0053
iforest,ucr/211_UCR_Anomaly_Italianpowerdemand_38113_39240_39336,0.472918,1.0623,1.0779,0.0058
iforest,ucr/213_UCR_Anomaly_STAFFIIIDatabase_33211_126920_127370,0.398373,1.1239,0.6389,0.0046
iforest,ucr/215_UCR_Anomaly_STAFFIIIDatabase_36276_106720_107370,0.387185,0.9944,-0.0326,0.0026
iforest,ucr/217_UCR_Anomaly_STAFFIIIDatabase_38211_150720_151370,0.412573,1.0028,0.0147,0.0033
iforest,ucr/219_UCR_Anomaly_STAFFIIIDatabase_41612_64632_64852,0.39548,1.2325,1.1708,0.0027
iforest,ucr/221_UCR_Anomaly_STAFFIIIDatabase_45616_163632_164852,0.385537,1.0051,0.0287,0.0052
iforest,ucr/223_UCR_Anomaly_mit14046longtermecg_74123_131200_131700,0.374368,0.8959,-0.8817,0.0037
iforest,ucr/225_UCR_Anomaly_mit14046longtermecg_81214_143000_143300,0.364182,1.0862,0.7753,0.0070
iforest,ucr/227_UCR_Anomaly_mit14134longtermecg_11231_29000_29100,0.358426,1.0204,0.3444,0.0034
iforest,ucr/229_UCR_Anomaly_mit14134longtermecg_16363_57960_57970,0.378953,1.0344,0.4207,0.0009
iforest,ucr/231_UCR_Anomaly_mit14134longtermecg_8763_47530_47790,0.361035,0.9699,-0.5052,0.0078
iforest,ucr/237_UCR_Anomaly_mit14157longtermecg_19313_89560_90370,0.392384,1.0736,1.2613,0.0600
iforest,ucr/239_UCR_Anomaly_taichidbS0715Master_190037_593450_593514,0.408585,1.5377,2.5957,0.0035
iforest,ucr/241_UCR_Anomaly_taichidbS0715Master_250000_837400_839100,0.422059,0.9811,-0.0894,0.0027
iforest,ucr/243_UCR_Anomaly_tilt12744mtable_100000_203355_203400,0.410601,1.1112,1.0235,0.0024
iforest,ucr/245_UCR_Anomaly_tilt12754table_100211_270800_271070,0.428558,1.1461,1.7797,0.0182
iforest,ucr/247_UCR_Anomaly_tilt12755mtable_50211_121900_121980,0.443373,1.0715,0.5761,0.0016
iforest,ucr/249_UCR_Anomaly_weallwalk_2753_8285_8315,0.417208,0.9994,-0.0082,0.0051
iforest,nasa/P-1,0.373282,0.9987,-0.0267,0.1095
iforest,nasa/E-2,0.359911,0.9099,-1.2077,0.1089
iforest,nasa/E-5,0.354171,0.9444,-0.7247,0.0555
iforest,nasa/S-1,0.356898,0.9201,-1.1921,0.0485
iforest,nasa/E-3,0.375351,0.9038,-2.0937,0.2703
iforest,nasa/E-6,0.368386,1.0552,0.7425,0.0272
iforest,nasa/E-1,0.358921,0.9563,-0.5685,0.0668
iforest,nasa/E-4,0.374078,0.8733,-2.4359,0.2306
iforest,nasa/E-7,0.355046,0.9652,-0.4573,0.0536
knn,nasa/E-9,4.69906,0.7511,-1.0554,0.3021
knn,nasa/P-3,6.80939,1.5410,14.5700,0.1857
knn,nasa/F-1,87.6612,0.9724,-0.5243,0.0117
knn,nasa/T-2,2.77213,0.5255,-14.7628,0.1299
knn,nasa/G-4,3.41208,37.8919,12.5459,0.2218
knn,nasa/D-11,1.45547,4.2479,4.8368,0.1016
knn,nasa/A-8,2.15236,0.4298,-3.9115,0.2831
knn,nasa/P-15,205.369,1.2006,0.2544,0.0080
knn,psm/psm,41.6833,1.3135,0.9785,0.5593
knn,smd/machine-1-6,3385.88,2.5339,0.9774,0.3001
knn,smd/machine-1-8,17244.9,1.4347,0.8060,0.2455
knn,ucr/002_UCR_Anomaly_DISTORTED2sddb40_35000_56600_56900,2.0212,0.9799,-0.0267,0.0104
knn,ucr/004_UCR_Anomaly_DISTORTEDBIDMC1_2500_5400_5600,1.68026,3.0150,13.3233,0.7444
knn,ucr/006_UCR_Anomaly_DISTORTEDCIMIS44AirTemperature2_4000_5703_5727,3.65957,1.5902,3.2865,0.4233
knn,ucr/008_UCR_Anomaly_DISTORTEDCIMIS44AirTemperature4_4000_5549_5597,3.53907,1.1549,0.7684,0.0710
knn,ucr/010_UCR_Anomaly_DISTORTEDCIMIS44AirTemperature6_4000_6006_6054,3.47073,1.6841,3.6875,0.6373
knn,ucr/012_UCR_Anomaly_DISTORTEDECG2_15000_16000_16100,4.37309,2.4046,3.6358,0.1152
knn,ucr/014_UCR_Anomaly_DISTORTEDECG3_8000_17000_17100,2.52916,1.9267,4.9238,0.2742
knn,ucr/016_UCR_Anomaly_DISTORTEDECG4_5000_16900_17100,2.77985,3.3543,11.4585,0.8115
knn,ucr/018_UCR_Anomaly_DISTORTEDECG4_8000_17000_17100,2.61316,1.8702,5.1923,0.4683
knn,ucr/020_UCR_Anomaly_DISTORTEDGP711MarkerLFM5z2_5000_7175_7388,1.03645,3.4131,8.0287,0.6775
knn,ucr/022_UCR_Anomaly_DISTORTEDGP711MarkerLFM5z4_4000_6527_6645,1.10725,4.5118,12.2145,0.8976
knn,ucr/024_UCR_Anomaly_DISTORTEDInternalBleeding10_3200_4526_4556,1.06356,1.4942,2.5502,0.2334
knn,ucr/026_UCR_Anomaly_DISTORTEDInternalBleeding15_1700_5684_5854,1.1124,1.9313,5.8940,0.7534
knn,ucr/028_UCR_Anomaly_DISTORTEDInternalBleeding17_1600_3198_3309,1.20987,1.6233,2.9632,0.3934
knn,ucr/030_UCR_Anomaly_DISTORTEDInternalBleeding19_3000_4187_4197,0.950351,1.9070,5.2919,0.5956
knn,ucr/032_UCR_Anomaly_DISTORTEDInternalBleeding4_1000_4675_5033,1.35297,2.2134,7.5392,0.6259
knn,ucr/034_UCR_Anomaly_DISTORTEDInternalBleeding6_1500_3474_3629,1.16155,2.7249,10.1709,0.8708
knn,ucr/036_UCR_Anomaly_DISTORTEDInternalBleeding9_4200_6599_6681,0.855156,0.8860,-0.9794,0.0259
knn,ucr/038_UCR_Anomaly_DISTORTEDLab2Cmac011215EPG2_5000_27862_27932,7.88879,1.2254,1.5249,0.0179
knn,ucr/040_UCR_Anomaly_DISTORTEDLab2Cmac011215EPG4_6000_17390_17520,7.74204,1.3832,2.4572,0.1347
knn,ucr/042_UCR_Anomaly_DISTORTEDLab2Cmac011215EPG6_7000_12190_12420,7.66496,1.2212,1.4267,0.0417
knn,ucr/044_UCR_Anomaly_DISTORTEDPowerDemand1_9000_18485_18821,1.99204,1.9604,7.1254,0.8516
knn,ucr/046_UCR_Anomaly_DISTORTEDPowerDemand3_16000_23405_23477,1.84641,1.4260,2.5149,0.0737
knn,ucr/048_UCR_Anomaly_DISTORTEDTkeepFifthMARS_3500_5988_6085,2.502,1.9077,4.7957,0.6956
knn,ucr/050_UCR_Anomaly_DISTORTEDTkeepForthMARS_3500_5988_6085,2.20547,1.0162,0.1059,0.0206
knn,ucr/052_UCR_Anomaly_DISTORTEDTkeepThirdMARS_3500_4711_4809,2.22633,2.5049,7.5903,0.8523
knn,ucr/054_UCR_Anomaly_DISTORTEDWalkingAceleration5_2700_5920_5979,5.73551,2.7152,6.5329,0.9585
knn,ucr/056_UCR_Anomaly_DISTORTEDapneaecg3_5000_11111_11211,7.77283,1.0962,0.1976,0.0097
knn,ucr/058_UCR_Anomaly_DISTORTEDapneaecg_10000_12240_12308,6.61347,1.8368,2.5849,0.0320
knn,ucr/060_UCR_Anomaly_DISTORTEDgait2_22000_46500_46800,0.535032,1.5537,3.4538,0.2165
knn,ucr/062_UCR_Anomaly_DISTORTEDgaitHunt1_18500_33070_33180,0.550204,1.9721,5.3786,0.3178
knn,ucr/064_UCR_Anomaly_DISTORTEDgaitHunt3_23400_38400_39200,0.522816,1.6403,3.8242,0.5555
knn,ucr/066_UCR_Anomaly_DISTORTEDinsectEPG2_3700_8000_8025,1.28419,1.5585,3.6208,0.1783
knn,ucr/068_UCR_Anomaly_DISTORTEDinsectEPG4_1300_6508_6558,1.44235,1.4236,3.4277,0.6919
knn,ucr/070_UCR_Anomaly_DISTORTEDltstdbs30791AI_17555_52600_52800,3.40065,12.0925,25.2163,0.6823
knn,ucr/072_UCR_Anomaly_DISTORTEDltstdbs30791ES_20000_52600_52800,3.42876,1.4730,1.7231,0.0974
knn,ucr/074_UCR_Anomaly_DISTORTEDqtdbSel1005V_4000_12400_12800,5.34841,0.9489,-0.1586,0.0157
knn,ucr/076_UCR_Anomaly_DISTORTEDresperation10_48000_130700_131880,0.514956,1.5071,2.5299,0.1177
knn,ucr/078_UCR_Anomaly_DISTORTEDresperation1_100000_110260_110412,0.477264,2.3173,7.3345,0.2361
knn,ucr/084_UCR_Anomaly_DISTORTEDs20101mML2_12000_35774_35874,5.51061,6.1267,21.0764,0.7947
knn,ucr/086_UCR_Anomaly_DISTORTEDsddb49_20000_67950_68200,1.78766,4.1108,5.3287,0.1566
knn,ucr/088_UCR_Anomaly_DISTORTEDsel840mECG2_20000_49370_49740,3.64268,1.1847,0.4491,0.0333
knn,ucr/090_UCR_Anomaly_DISTORTEDtiltAPB2_50000_124159_124985,1.98676,2.3752,2.3245,0.1382
knn,ucr/094_UCR_Anomaly_NOISEBIDMC1_2500_5400_5600,1.72579,2.8205,15.1389,0.7475
knn,ucr/096_UCR_Anomaly_NOISEECG4_5000_16900_17100,2.6464,3.5191,13.0732,0.8301
knn,ucr/098_UCR_Anomaly_NOISEInternalBleeding16_1200_4187_4199,1.38965,1.1818,2.0062,0.0618
knn,ucr/100_UCR_Anomaly_NOISELab2Cmac011215EPG1_5000_17210_17260,8.06183,2.5471,9.6395,0.4953
knn,ucr/102_UCR_Anomaly_NOISEMesoplodonDensirostris_10000_19280_19440,2.14213,2.1530,3.0730,0.6416
knn,ucr/104_UCR_Anomaly_NOISEapneaecg4_6000_16000_16100,7.52287,1.0219,0.0561,0.0063
knn,ucr/106_UCR_Anomaly_NOISEgaitHunt2_18500_31200_31850,0.724624,1.4493,5.2152,0.4189
knn,ucr/110_UCR_Anomaly_2sddb40_35000_56600_56900,1.61642,1.1915,0.1917,0.0196
knn,ucr/112_UCR_Anomaly_BIDMC1_2500_5400_5600,1.44001,3.3081,14.3744,0.7437
knn,ucr/114_UCR_Anomaly_CIMIS44AirTemperature2_4000_5703_5727,3.50275,1.5970,3.2533,0.2050
knn,ucr/116_UCR_Anomaly_CIMIS44AirTemperature4_4000_5549_5597,3.45874,1.2280,1.2634,0.0742
knn,ucr/118_UCR_Anomaly_CIMIS44AirTemperature6_4000_6006_6054,3.48528,1.6699,3.4500,0.6157
knn,ucr/120_UCR_Anomaly_ECG2_15000_16000_16100,4.16373,2.9643,3.9199,0.1346
knn,ucr/122_UCR_Anomaly_ECG3_8000_17000_17100,1.84894,2.3914,5.6260,0.2967
knn,ucr/124_UCR_Anomaly_ECG4_5000_16900_17100,2.02276,4.4348,11.6685,0.8286
knn,ucr/126_UCR_Anomaly_ECG4_8000_17000_17100,1.84903,2.3614,5.5081,0.2894
knn,ucr/128_UCR_Anomaly_GP711MarkerLFM5z2_5000_7175_7388,0.572002,6.5063,9.4377,0.6991
knn,ucr/130_UCR_Anomaly_GP711MarkerLFM5z4_4000_6527_6645,0.591026,8.1734,14.3898,0.9234
knn,ucr/132_UCR_Anomaly_InternalBleeding10_3200_4526_4556,0.716783,2.5147,5.2785,0.8307
knn,ucr/134_UCR_Anomaly_InternalBleeding15_1700_5684_5854,0.728654,2.7092,7.7967,0.8845
knn,ucr/136_UCR_Anomaly_InternalBleeding17_1600_3198_3309,0.741594,2.4850,5.7224,0.8595
knn,ucr/138_UCR_Anomaly_InternalBleeding19_3000_4187_4197,0.542051,3.2524,6.7457,0.5899
knn,ucr/140_UCR_Anomaly_InternalBleeding4_1000_4675_5033,0.903547,3.0938,8.3314,0.6284
knn,ucr/142_UCR_Anomaly_InternalBleeding6_1500_3474_3629,0.802548,4.2776,11.4965,0.8398
knn,ucr/144_UCR_Anomaly_InternalBleeding9_4200_6599_6681,0.42779,0.9007,-0.5358,0.0296
knn,ucr/146_UCR_Anomaly_Lab2Cmac011215EPG2_5000_27862_27932,8.34918,1.2182,1.4062,0.0149
knn,ucr/148_UCR_Anomaly_Lab2Cmac011215EPG4_6000_17390_17520,7.77834,1.4384,2.6751,0.2113
knn,ucr/150_UCR_Anomaly_Lab2Cmac011215EPG6_7000_12190_12420,8.24214,1.2255,1.3860,0.0399
knn,ucr/152_UCR_Anomaly_PowerDemand1_9000_18485_18821,1.81988,2.1465,6.8246,0.8426
knn,ucr/154_UCR_Anomaly_PowerDemand3_16000_23405_23477,1.60247,1.6692,3.0711,0.1181
knn,ucr/156_UCR_Anomaly_TkeepFifthMARS_3500_5988_6085,1.5715,2.9041,10.8549,0.8291
knn,ucr/158_UCR_Anomaly_TkeepForthMARS_3500_5988_6085,1.55466,0.9955,-0.0299,0.0124
knn,ucr/160_UCR_Anomaly_TkeepThirdMARS_3500_4711_4809,1.59102,3.5051,9.1144,0.9466
knn,ucr/162_UCR_Anomaly_WalkingAceleration5_2700_5920_5979,5.6582,2.9293,6.7071,0.9570
knn,ucr/164_UCR_Anomaly_apneaecg3_5000_11111_11211,8.47955,1.1262,0.2162,0.0088
knn,ucr/166_UCR_Anomaly_apneaecg_10000_12240_12308,6.52839,2.1710,2.9098,0.0712
knn,ucr/168_UCR_Anomaly_gait2_22000_46500_46800,0.229237,2.8705,5.5338,0.3396
knn,ucr/170_UCR_Anomaly_gaitHunt1_18500_33070_33180,0.257709,3.4697,6.4806,0.2795
knn,ucr/172_UCR_Anomaly_gaitHunt3_23400_38400_39200,0.234644,3.2780,7.0633,0.7429
knn,ucr/174_UCR_Anomaly_insectEPG2_3700_8000_8025,0.972005,2.2185,5.5341,0.8882
knn,ucr/176_UCR_Anomaly_insectEPG4_1300_6508_6558,1.13666,1.6964,3.9518,0.7048
knn,ucr/178_UCR_Anomaly_ltstdbs30791AI_17555_52600_52800,2.92174,15.8742,23.2832,0.6732
knn,ucr/180_UCR_Anomaly_ltstdbs30791ES_20000_52600_52800,2.93468,2.1585,2.7701,0.1856
knn,ucr/182_UCR_Anomaly_qtdbSel1005V_4000_12400_12800,5.25395,0.9381,-0.1797,0.0155
knn,ucr/184_UCR_Anomaly_resperation10_48000_130700_131880,0.290996,2.4296,3.3204,0.1821
knn,ucr/186_UCR_Anomaly_resperation1_100000_110260_110412,0.238968,4.2646,7.8485,0.2371
knn,ucr/192_UCR_Anomaly_s20101mML2_12000_35774_35874,5.52881,6.9240,21.0759,0.7956
knn,ucr/194_UCR_Anomaly_sddb49_20000_67950_68200,1.34905,5.9055,5.6847,0.1808
knn,ucr/196_UCR_Anomaly_sel840mECG2_20000_49370_49740,3.56313,1.2377,0.5051,0.0396
knn,ucr/198_UCR_Anomaly_tiltAPB2_50000_124159_124985,1.96743,2.6708,2.2543,0.1756
knn,ucr/202_UCR_Anomaly_CHARISfive_10411_10998_11028,1.64654,1.5152,3.3796,0.0744
knn,ucr/204_UCR_Anomaly_CHARISfive_12412_15000_15070,1.43349,1.4703,3.6575,0.2227
knn,ucr/206_UCR_Anomaly_CHARISten_25130_29080_29140,0.805817,4.1903,3.5718,0.2405
knn,ucr/208_UCR_Anomaly_CHARISten_5130_27929_27989,7.69798,1.7904,1.9791,0.1381
knn,ucr/210_UCR_Anomaly_Italianpowerdemand_36123_74900_74996,1.02495,1.0250,0.1503,0.0021
knn,ucr/212_UCR_Anomaly_Italianpowerdemand_8913_29480_29504,1.82624,1.1923,1.1740,0.0094
knn,ucr/214_UCR_Anomaly_STAFFIIIDatabase_34211_125720_126370,2.13119,1.3433,0.4295,0.0043
knn,ucr/216_UCR_Anomaly_STAFFIIIDatabase_37216_160720_161370,1.90809,4.8969,5.1862,0.0453
knn,ucr/218_UCR_Anomaly_STAFFIIIDatabase_41117_210720_211370,1.41292,3.0336,3.2149,0.0476
knn,ucr/220_UCR_Anomaly_STAFFIIIDatabase_43217_250720_251370,1.52168,1.7503,1.9011,0.0287
knn,ucr/222_UCR_Anomaly_mit14046longtermecg_56123_91200_91700,10.9902,3.5212,2.7125,0.0724
knn,ucr/224_UCR_Anomaly_mit14046longtermecg_76123_191200_191700,8.13771,2.3085,1.4944,0.0397
knn,ucr/226_UCR_Anomaly_mit14046longtermecg_96123_123000_123300,5.52934,11.5645,13.9340,0.5787
knn,ucr/228_UCR_Anomaly_mit14134longtermecg_11361_47830_47850,5.01692,2.4510,4.2054,0.0510
knn,ucr/230_UCR_Anomaly_mit14134longtermecg_19363_19510_19610,4.50287,1.7520,1.5683,0.0240
knn,ucr/232_UCR_Anomaly_mit14134longtermecg_8763_57530_57790,7.14962,1.7020,2.1635,0.0501
knn,ucr/236_UCR_Anomaly_mit14157longtermecg_19313_46350_46390,2.54805,2.2348,1.8926,0.0159
knn,ucr/238_UCR_Anomaly_mit14157longtermecg_21311_72600_72780,4.19615,3.3639,3.3670,0.0606
knn,ucr/240_UCR_Anomaly_taichidbS0715Master_240030_884100_884200,0.165328,23.2064,3.5269,0.0093
knn,ucr/242_UCR_Anomaly_tilt12744mtable_100000_104630_104890,0.851,2.6493,2.2640,0.0184
knn,ucr/244_UCR_Anomaly_tilt12754table_100013_104630_104890,1.34757,2.1348,2.0691,0.0151
knn,ucr/246_UCR_Anomaly_tilt12755mtable_100211_270800_271070,1.77709,2.3929,1.8852,0.0133
knn,ucr/248_UCR_Anomaly_weallwalk_2000_4702_4707,8.84869,1.3841,1.4538,0.4222
knn,ucr/250_UCR_Anomaly_weallwalk_2951_7290_7296,11.36,1.3612,1.3654,0.1192
knn,nasa/E-8,5.63163,2.3730,5.1290,0.2018
knn,nasa/P-2,15.7201,10.0519,232.0360,0.2435
knn,nasa/T-1,2.67149,0.4683,-4.8870,0.1187
knn,nasa/F-2,64.524,1.1781,2.7393,0.5634
knn,nasa/T-3,2.08567,24.9142,13.3131,0.2076
knn,nasa/G-6,0.914901,7.3627,5.4788,0.0978
knn,nasa/P-7,2.66222,1.6841,4.2917,0.5339
knn,nasa/A-7,5.26396,1.1869,1.1999,0.4925
knn,nasa/A-9,5.91895,1.2833,8.6448,0.5464
knn,smd/machine-1-1,517.9,13.5730,2.1434,0.6404
knn,smd/machine-2-3,2821,0.2694,-0.2194,0.1977
knn,smd/machine-2-5,191.6,2.2995,0.0993,0.6358
knn,smd/machine-3-10,2949.02,0.5375,-0.1413,0.1152
knn,smd/machine-3-4,1664.65,3.4764,6.5589,0.1512
knn,ucr/001_UCR_Anomaly_DISTORTED1sddb40_35000_52000_52620,1.94809,3.7705,3.7331,0.3076
knn,ucr/003_UCR_Anomaly_DISTORTED3sddb40_35000_46600_46900,2.01492,1.6839,0.9314,0.0322
knn,ucr/007_UCR_Anomaly_DISTORTEDCIMIS44AirTemperature3_4000_6520_6544,3.60602,1.5596,2.7590,0.1393
knn,ucr/009_UCR_Anomaly_DISTORTEDCIMIS44AirTemperature5_4000_4852_4900,3.5371,1.8971,4.3775,0.7296
knn,ucr/011_UCR_Anomaly_DISTORTEDECG1_10000_11800_12100,4.71764,3.7796,7.0940,0.5418
knn,ucr/013_UCR_Anomaly_DISTORTEDECG3_15000_16000_16100,2.30715,1.8962,4.5127,0.2440
knn,ucr/015_UCR_Anomaly_DISTORTEDECG4_5000_16800_17100,0.785441,2.5480,4.8254,0.0771
knn,ucr/017_UCR_Anomaly_DISTORTEDECG4_5000_17000_17100,2.73091,3.6148,12.7593,0.7414
knn,ucr/019_UCR_Anomaly_DISTORTEDGP711MarkerLFM5z1_5000_6168_6212,1.01925,2.1471,4.7970,0.4005
knn,ucr/021_UCR_Anomaly_DISTORTEDGP711MarkerLFM5z3_5000_5948_5993,1.0177,3.5046,10.2960,0.9141
knn,ucr/023_UCR_Anomaly_DISTORTEDGP711MarkerLFM5z5_5000_8612_8716,1.05718,3.2893,7.4270,0.9116
knn,ucr/025_UCR_Anomaly_DISTORTEDInternalBleeding14_2800_5607_5634,1.21355,3.1353,6.9698,0.8287
knn,ucr/027_UCR_Anomaly_DISTORTEDInternalBleeding16_1200_4187_4199,1.3486,1.7916,3.1089,0.0717
knn,ucr/029_UCR_Anomaly_DISTORTEDInternalBleeding18_2300_4485_4587,1.02148,1.1914,1.4152,0.0789
knn,ucr/031_UCR_Anomaly_DISTORTEDInternalBleeding20_2700_5759_5919,1.02019,2.4651,6.8368,0.7018
knn,ucr/033_UCR_Anomaly_DISTORTEDInternalBleeding5_4000_6200_6370,0.902052,2.1778,6.0126,0.6951
knn,ucr/035_UCR_Anomaly_DISTORTEDInternalBleeding8_2500_5865_5974,1.06166,1.1384,0.9329,0.1231
knn,ucr/037_UCR_Anomaly_DISTORTEDLab2Cmac011215EPG1_5000_17210_17260,7.9557,2.5372,9.5254,0.4915
knn,ucr/039_UCR_Anomaly_DISTORTEDLab2Cmac011215EPG3_5000_16390_16420,7.66318,1.5291,3.5186,0.2424
knn,ucr/041_UCR_Anomaly_DISTORTEDLab2Cmac011215EPG5_7000_17390_17520,7.64309,1.4613,2.9479,0.2777
knn,ucr/043_UCR_Anomaly_DISTORTEDMesoplodonDensirostris_10000_19280_19440,2.05931,2.2927,3.2000,0.7013
knn,ucr/045_UCR_Anomaly_DISTORTEDPowerDemand2_14000_23357_23717,1.84561,1.2723,1.7719,0.1396
knn,ucr/047_UCR_Anomaly_DISTORTEDPowerDemand4_18000_24005_24077,1.74167,2.0802,6.3374,0.8266
knn,ucr/049_UCR_Anomaly_DISTORTEDTkeepFirstMARS_3500_5365_5380,2.27384,1.0181,0.1068,0.0042
knn,ucr/051_UCR_Anomaly_DISTORTEDTkeepSecondMARS_3500_9330_9340,2.37494,2.3129,7.7093,0.4399
knn,ucr/053_UCR_Anomaly_DISTORTEDWalkingAceleration1_1500_2764_2995,5.53292,0.8124,-1.0023,0.0374
knn,ucr/055_UCR_Anomaly_DISTORTEDapneaecg2_10000_20950_21100,6.64717,5.3815,13.1443,0.7432
knn,ucr/057_UCR_Anomaly_DISTORTEDapneaecg4_6000_16000_16100,7.40677,0.9771,-0.0567,0.0056
knn,ucr/059_UCR_Anomaly_DISTORTEDgait1_20000_38500_38800,0.534905,1.4366,2.1906,0.0816
knn,ucr/061_UCR_Anomaly_DISTORTEDgait3_24500_59900_60500,0.522596,1.0154,0.0865,0.0219
knn,ucr/063_UCR_Anomaly_DISTORTEDgaitHunt2_18500_31200_31850,0.540577,1.5635,3.1783,0.3118
knn,ucr/065_UCR_Anomaly_DISTORTEDinsectEPG1_3000_7000_7030,1.28755,1.0800,0.5955,0.0125
knn,ucr/067_UCR_Anomaly_DISTORTEDinsectEPG3_5200_7000_7050,1.22313,1.0778,0.5805,0.0317
knn,ucr/071_UCR_Anomaly_DISTORTEDltstdbs30791AS_23000_52600_52800,2.79699,19.2339,29.2533,0.6946
knn,ucr/073_UCR_Anomaly_DISTORTEDpark3m_60000_72150_72495,0.41281,1.8811,4.7755,0.3751
knn,ucr/075_UCR_Anomaly_DISTORTEDqtdbSel100MLII_4000_13400_13800,5.12282,0.9278,-0.2360,0.0175
knn,ucr/083_UCR_Anomaly_DISTORTEDresperation9_38000_143411_143511,0.55156,2.2274,5.6553,0.1033
knn,ucr/085_UCR_Anomaly_DISTORTEDs20101m_10000_35774_35874,3.73032,2.3560,7.0511,0.6005
knn,ucr/087_UCR_Anomaly_DISTORTEDsel840mECG1_17000_51370_51740,4.01279,1.3745,1.5031,0.1002
knn,ucr/089_UCR_Anomaly_DISTORTEDtiltAPB1_100000_114283_114350,1.36838,2.4454,6.7603,0.4330
knn,ucr/091_UCR_Anomaly_DISTORTEDtiltAPB3_40000_114000_114370,1.94817,1.2392,0.3756,0.0072
knn,ucr/093_UCR_Anomaly_NOISE1sddb40_35000_52000_52620,2.3738,3.6117,4.3493,0.3584
knn,ucr/095_UCR_Anomaly_NOISECIMIS44AirTemperature4_4000_5549_5597,3.60862,1.2081,1.2642,0.0757
knn,ucr/097_UCR_Anomaly_NOISEGP711MarkerLFM5z3_5000_5948_5993,1.17205,3.5493,11.5012,0.9146
knn,ucr/099_UCR_Anomaly_NOISEInternalBleeding6_1500_3474_3629,1.13438,3.1603,13.0636,0.8394
knn,ucr/101_UCR_Anomaly_NOISELab2Cmac011215EPG4_6000_17390_17520,8.01436,1.4145,2.6380,0.2103
knn,ucr/103_UCR_Anomaly_NOISETkeepThirdMARS_3500_4711_4809,2.47161,2.3711,9.2892,0.9460
knn,ucr/105_UCR_Anomaly_NOISEgait3_24500_59900_60500,0.696327,1.0455,0.7324,0.0386
knn,ucr/107_UCR_Anomaly_NOISEinsectEPG3_5200_7000_7050,1.17308,0.9378,-0.4664,0.0120
knn,ucr/109_UCR_Anomaly_1sddb40_35000_52000_52620,1.62791,5.1123,4.1288,0.3534
knn,ucr/111_UCR_Anomaly_3sddb40_35000_46600_46900,1.61786,1.9980,1.0010,0.0332
knn,ucr/115_UCR_Anomaly_CIMIS44AirTemperature3_4000_6520_6544,3.50301,1.6334,3.3447,0.2666
knn,ucr/117_UCR_Anomaly_CIMIS44AirTemperature5_4000_4852_4900,3.48464,2.0525,4.8630,0.6716
knn,ucr/119_UCR_Anomaly_ECG1_10000_11800_12100,4.62064,4.6914,7.5411,0.5710
knn,ucr/121_UCR_Anomaly_ECG3_15000_16000_16100,1.70182,2.5553,5.6566,0.3729
knn,ucr/123_UCR_Anomaly_ECG4_5000_16800_17100,0.553986,4.7093,7.6495,0.2270
knn,ucr/125_UCR_Anomaly_ECG4_5000_17000_17100,2.02173,4.9474,13.3973,0.7610
knn,ucr/127_UCR_Anomaly_GP711MarkerLFM5z1_5000_6168_6212,0.563654,3.7051,5.8487,0.5498
knn,ucr/129_UCR_Anomaly_GP711MarkerLFM5z3_5000_5948_5993,0.584252,6.9449,10.3094,0.9149
knn,ucr/131_UCR_Anomaly_GP711MarkerLFM5z5_5000_8612_8716,0.604266,6.3190,7.5675,0.8376
knn,ucr/133_UCR_Anomaly_InternalBleeding14_2800_5607_5634,0.801796,5.3622,8.3453,0.8733
knn,ucr/135_UCR_Anomaly_InternalBleeding16_1200_4187_4199,0.905544,1.4445,2.2393,0.0817
knn,ucr/137_UCR_Anomaly_InternalBleeding18_2300_4485_4587,0.614613,1.4875,2.3213,0.3377
knn,ucr/139_UCR_Anomaly_InternalBleeding20_2700_5759_5919,0.549977,4.0201,11.8406,0.8825
knn,ucr/141_UCR_Anomaly_InternalBleeding5_4000_6200_6370,0.485194,3.8482,8.1798,0.7257
knn,ucr/143_UCR_Anomaly_InternalBleeding8_2500_5865_5974,0.672524,1.3673,2.3542,0.4554
knn,ucr/145_UCR_Anomaly_Lab2Cmac011215EPG1_5000_17210_17260,8.3738,2.6029,9.6419,0.4661
knn,ucr/147_UCR_Anomaly_Lab2Cmac011215EPG3_5000_16390_16420,8.35567,1.5512,3.5033,0.2577
knn,ucr/149_UCR_Anomaly_Lab2Cmac011215EPG5_7000_17390_17520,8.22331,1.5519,3.3628,0.3265
knn,ucr/151_UCR_Anomaly_MesoplodonDensirostris_10000_19280_19440,1.92049,2.3592,2.9646,0.6609
knn,ucr/153_UCR_Anomaly_PowerDemand2_14000_23357_23717,1.65854,1.3526,1.7022,0.1447
knn,ucr/155_UCR_Anomaly_PowerDemand4_18000_24005_24077,1.50629,2.3156,6.3878,0.8215
knn,ucr/157_UCR_Anomaly_TkeepFirstMARS_3500_5365_5380,1.5442,1.1978,1.2578,0.2680
knn,ucr/159_UCR_Anomaly_TkeepSecondMARS_3500_9330_9340,1.59187,3.5751,9.2130,0.4625
knn,ucr/161_UCR_Anomaly_WalkingAceleration1_1500_2764_2995,5.44103,0.8015,-1.0518,0.0370
knn,ucr/163_UCR_Anomaly_apneaecg2_10000_20950_21100,6.50382,6.4014,13.2019,0.7516
knn,ucr/165_UCR_Anomaly_apneaecg4_6000_16000_16100,7.38865,1.0632,0.1343,0.0065
knn,ucr/167_UCR_Anomaly_gait1_20000_38500_38800,0.238483,2.6236,4.5857,0.2479
knn,ucr/169_UCR_Anomaly_gait3_24500_59900_60500,0.220681,1.3040,0.8965,0.0440
knn,ucr/171_UCR_Anomaly_gaitHunt2_18500_31200_31850,0.258473,2.8173,4.7923,0.4268
knn,ucr/173_UCR_Anomaly_insectEPG1_3000_7000_7030,0.988046,1.2632,1.4053,0.0339
knn,ucr/175_UCR_Anomaly_insectEPG3_5200_7000_7050,0.935859,1.0801,0.4110,0.0279
knn,ucr/179_UCR_Anomaly_ltstdbs30791AS_23000_52600_52800,2.25241,27.4920,29.1680,0.6947
knn,ucr/181_UCR_Anomaly_park3m_60000_72150_72495,0.144738,4.8254,9.7895,0.6604
knn,ucr/183_UCR_Anomaly_qtdbSel100MLII_4000_13400_13800,5.11884,0.9414,-0.1735,0.0169
knn,ucr/191_UCR_Anomaly_resperation9_38000_143411_143511,0.312996,3.3288,5.1174,0.0743
knn,ucr/193_UCR_Anomaly_s20101m_10000_35774_35874,3.57557,2.5217,6.9692,0.6877
knn,ucr/195_UCR_Anomaly_sel840mECG1_17000_51370_51740,4.05818,1.4486,1.6333,0.1113
knn,ucr/197_UCR_Anomaly_tiltAPB1_100000_114283_114350,1.10568,3.2369,8.1459,0.4496
knn,ucr/199_UCR_Anomaly_tiltAPB3_40000_114000_114370,1.92015,1.4192,0.5289,0.0078
knn,ucr/201_UCR_Anomaly_CHARISfive_10000_17001_17016,1.56665,2.4469,4.2174,0.1888
knn,ucr/203_UCR_Anomaly_CHARISfive_10500_10995_11028,10.5975,1.1442,0.6329,0.0027
knn,ucr/205_UCR_Anomaly_CHARISfive_9812_28995_29085,1.62557,0.9717,-0.1706,0.0041
knn,ucr/207_UCR_Anomaly_CHARISten_3165_26929_26989,1.71279,2.0546,1.6067,0.0254
knn,ucr/209_UCR_Anomaly_Fantasia_19000_26970_27270,3.99092,1.5948,1.7082,0.0542
knn,ucr/211_UCR_Anomaly_Italianpowerdemand_38113_39240_39336,1.00536,0.8761,-0.7243,0.0012
knn,ucr/213_UCR_Anomaly_STAFFIIIDatabase_33211_126920_127370,1.42021,3.9879,4.6406,0.0436
knn,ucr/215_UCR_Anomaly_STAFFIIIDatabase_36276_106720_107370,0.869775,1.9415,1.2679,0.0238
knn,ucr/217_UCR_Anomaly_STAFFIIIDatabase_38211_150720_151370,2.0953,1.3758,0.4656,0.0044
knn,ucr/219_UCR_Anomaly_STAFFIIIDatabase_41612_64632_64852,1.42336,4.1238,4.9332,0.0422
knn,ucr/221_UCR_Anomaly_STAFFIIIDatabase_45616_163632_164852,0.899697,2.0996,1.5473,0.0522
knn,ucr/223_UCR_Anomaly_mit14046longtermecg_74123_131200_131700,10.9417,1.2243,0.2318,0.0085
knn,ucr/225_UCR_Anomaly_mit14046longtermecg_81214_143000_143300,8.88584,4.1084,3.1185,0.0426
knn,ucr/227_UCR_Anomaly_mit14134longtermecg_11231_29000_29100,6.066,2.2697,4.7424,0.2316
knn,ucr/229_UCR_Anomaly_mit14134longtermecg_16363_57960_57970,5.9251,2.1962,2.7798,0.0085
knn,ucr/231_UCR_Anomaly_mit14134longtermecg_8763_47530_47790,7.13846,1.5064,1.5662,0.0492
knn,ucr/237_UCR_Anomaly_mit14157longtermecg_19313_89560_90370,3.39792,3.2217,3.0761,0.1770
knn,ucr/239_UCR_Anomaly_taichidbS0715Master_190037_593450_593514,0.189654,35.9122,6.1212,0.0198
knn,ucr/241_UCR_Anomaly_taichidbS0715Master_250000_837400_839100,0.0244715,4.6936,0.6511,0.0088
knn,ucr/243_UCR_Anomaly_tilt12744mtable_100000_203355_203400,0.777392,4.3846,4.5499,0.0286
knn,ucr/245_UCR_Anomaly_tilt12754table_100211_270800_271070,1.28431,3.0826,3.7897,0.0558
knn,ucr/247_UCR_Anomaly_tilt12755mtable_50211_121900_121980,1.66544,2.6134,1.8872,0.0060
knn,ucr/249_UCR_Anomaly_weallwalk_2753_8285_8315,10.93,1.1673,0.6103,0.0111
knn,nasa/E-2,9.08761,1.0217,0.1145,0.1004
knn,nasa/S-1,31.924,1.3327,12.3407,0.0512
knn,nasa/E-4,15.3473,0.6162,-67.1721,0.2592
knn,nasa/E-7,7.40686,9.3267,27.3676,0.0573
lof,nasa/E-9,1.04142,1.0453,0.6525,0.3223
lof,nasa/E-11,1.0272,1.3444,8.9909,0.7148
lof,nasa/E-13,1.0745,1.0168,0.2627,0.0527
lof,nasa/D-1,1.05838,0.9389,-1.0996,0.2617
lof,nasa/P-3,1.04977,0.9519,-0.6916,0.1471
lof,nasa/D-3,1.065,0.9814,-0.3250,0.3220
lof,nasa/A-2,1.07426,0.9310,-1.2844,0.0121
lof,nasa/A-4,1.07245,0.9395,-1.1621,0.0128
lof,nasa/G-2,1.07302,1.0599,1.2122,0.0327
lof,nasa/D-6,1.05435,1.1172,2.1104,0.1254
lof,nasa/F-1,0.991056,0.9844,-0.3722,0.0183
lof,nasa/G-3,1.04384,1.0350,0.7428,0.0195
lof,nasa/T-2,1.0007,0.9993,-1.5533,0.1883
lof,nasa/G-4,1.35868,26.2425,12.5316,0.2239
lof,nasa/D-11,1.62192,4.6314,6.6263,0.1019
lof,nasa/A-6,1.20513,1.4643,2.4548,0.9010
lof,nasa/A-8,6855.04,0.4220,-3.9653,0.2831
lof,nasa/F-3,1.03312,1.2652,4.2612,0.7546
lof,nasa/M-1,1.01447,1.0155,0.5028,0.7706
lof,nasa/S-2,1.00444,1.0399,1.6050,0.8376
lof,nasa/T-4,1.04409,0.9729,-0.7026,0.0299
lof,nasa/F-7,2.8275,0.6591,-1.0584,0.0868
lof,nasa/M-4,1.10493,0.9130,-1.6051,0.0997
lof,nasa/P-15,39.9879,1.1950,0.2494,0.0080
lof,nasa/C-2,1.44809,1.4597,1.9866,0.6805
lof,nasa/F-5,1.24128,0.9998,-0.0015,0.0596
lof,nasa/T-9,1.42446,1.4702,2.0176,0.8473
lof,nasa/T-8,1.02976,1.0524,1.5365,0.8094
lof,nasa/D-15,1.14049,1.0785,1.0127,0.5435
lof,nasa/M-7,1.0209,1.6027,9.8764,0.9555
lof,psm/psm,1.96173,1.2190,0.7205,0.5175
lof,smd/machine-1-2,11577.4,0.2273,-0.5368,0.0209
lof,smd/machine-1-4,1.26913,1.4847,2.3137,0.1944
lof,smd/machine-1-6,5695.8,0.7010,-0.1442,0.2838
lof,smd/machine-1-8,100.883,0.4457,-0.8598,0.0514
lof,smd/machine-2-2,397.428,0.4215,-1.5245,0.0993
lof,smd/machine-2-4,2.63433,2.1188,1.0929,0.4566
lof,smd/machine-2-6,46.3493,2.7118,0.4486,0.0823
lof,smd/machine-2-8,3.60566,57.4608,29.0927,0.8714
lof,smd/machine-3-1,2.0016,3.4442,9.4833,0.6168
lof,smd/machine-3-3,4.18849,1.6788,0.4546,0.1228
lof,smd/machine-3-5,15.8078,2.7512,1.8496,0.3390
lof,smd/machine-3-7,18.7123,3.1183,2.9663,0.2688
lof,smd/machine-3-9,2.74489,3.3344,5.8711,0.3281
lof,ucr/002_UCR_Anomaly_DISTORTED2sddb40_35000_56600_56900,1.20312,1.0430,0.1105,0.0180
lof,ucr/004_UCR_Anomaly_DISTORTEDBIDMC1_2500_5400_5600,1.00801,1.6034,18.9946,0.7515
lof,ucr/006_UCR_Anomaly_DISTORTEDCIMIS44AirTemperature2_4000_5703_5727,1.06649,1.1651,1.6845,0.0479
lof,ucr/008_UCR_Anomaly_DISTORTEDCIMIS44AirTemperature4_4000_5549_5597,1.05313,1.0440,0.5024,0.0554
lof,ucr/010_UCR_Anomaly_DISTORTEDCIMIS44AirTemperature6_4000_6006_6054,1.05541,1.2532,2.8136,0.2009
lof,ucr/012_UCR_Anomaly_DISTORTEDECG2_15000_16000_16100,1.06361,1.3704,1.8994,0.0798
lof,ucr/014_UCR_Anomaly_DISTORTEDECG3_8000_17000_17100,1.02895,1.7623,13.8284,0.6424
lof,ucr/016_UCR_Anomaly_DISTORTEDECG4_5000_16900_17100,1.23173,2.2740,14.8713,0.8262
lof,ucr/018_UCR_Anomaly_DISTORTEDECG4_8000_17000_17100,1.02818,1.7006,15.5110,0.7319
lof,ucr/020_UCR_Anomaly_DISTORTEDGP711MarkerLFM5z2_5000_7175_7388,1.02712,1.7620,14.1046,0.8899
lof,ucr/022_UCR_Anomaly_DISTORTEDGP711MarkerLFM5z4_4000_6527_6645,1.03042,1.6620,13.8142,0.9235
lof,ucr/024_UCR_Anomaly_DISTORTEDInternalBleeding10_3200_4526_4556,1.0072,1.0053,0.2508,0.0288
lof,ucr/026_UCR_Anomaly_DISTORTEDInternalBleeding15_1700_5684_5854,1.03832,1.0183,0.9594,0.2201
lof,ucr/028_UCR_Anomaly_DISTORTEDInternalBleeding17_1600_3198_3309,1.03173,0.9957,-0.2858,0.0238
lof,ucr/030_UCR_Anomaly_DISTORTEDInternalBleeding19_3000_4187_4197,1.01262,1.0480,2.6096,0.0621
lof,ucr/032_UCR_Anomaly_DISTORTEDInternalBleeding4_1000_4675_5033,1.02548,1.0627,3.0909,0.5686
lof,ucr/034_UCR_Anomaly_DISTORTEDInternalBleeding6_1500_3474_3629,1.01288,1.1100,12.1259,0.7064
lof,ucr/036_UCR_Anomaly_DISTORTEDInternalBleeding9_4200_6599_6681,1.01553,0.9769,-0.6954,0.0220
lof,ucr/038_UCR_Anomaly_DISTORTEDLab2Cmac011215EPG2_5000_27862_27932,1.06134,1.0401,0.7323,0.0071
lof,ucr/040_UCR_Anomaly_DISTORTEDLab2Cmac011215EPG4_6000_17390_17520,1.06613,1.0740,1.2468,0.0247
lof,ucr/042_UCR_Anomaly_DISTORTEDLab2Cmac011215EPG6_7000_12190_12420,1.07223,0.9812,-0.2998,0.0117
lof,ucr/044_UCR_Anomaly_DISTORTEDPowerDemand1_9000_18485_18821,1.01136,1.1058,5.6579,0.8324
lof,ucr/046_UCR_Anomaly_DISTORTEDPowerDemand3_16000_23405_23477,1.02039,1.0289,1.0527,0.0194
lof,ucr/048_UCR_Anomaly_DISTORTEDTkeepFifthMARS_3500_5988_6085,1.00374,1.1604,16.3841,0.7520
lof,ucr/050_UCR_Anomaly_DISTORTEDTkeepForthMARS_3500_5988_6085,1.00156,0.9983,-0.3178,0.0162
lof,ucr/052_UCR_Anomaly_DISTORTEDTkeepThirdMARS_3500_4711_4809,1.0054,1.1233,8.1486,0.7451
lof,ucr/054_UCR_Anomaly_DISTORTEDWalkingAceleration5_2700_5920_5979,1.13874,2.1220,8.3129,0.9574
lof,ucr/056_UCR_Anomaly_DISTORTEDapneaecg3_5000_11111_11211,1.23808,0.8320,-0.4126,0.0063
lof,ucr/058_UCR_Anomaly_DISTORTEDapneaecg_10000_12240_12308,1.21275,0.9690,-0.0879,0.0108
lof,ucr/060_UCR_Anomaly_DISTORTEDgait2_22000_46500_46800,1.04345,1.2496,4.5024,0.2197
lof,ucr/062_UCR_Anomaly_DISTORTEDgaitHunt1_18500_33070_33180,1.05288,1.4187,6.5537,0.2863
lof,ucr/064_UCR_Anomaly_DISTORTEDgaitHunt3_23400_38400_39200,1.04697,1.2620,4.3913,0.4837
lof,ucr/066_UCR_Anomaly_DISTORTEDinsectEPG2_3700_8000_8025,1.01121,1.0871,3.0030,0.1054
lof,ucr/068_UCR_Anomaly_DISTORTEDinsectEPG4_1300_6508_6558,1.00089,0.9991,-0.9816,0.0050
lof,ucr/070_UCR_Anomaly_DISTORTEDltstdbs30791AI_17555_52600_52800,1.05846,4.7216,23.7852,0.6512
lof,ucr/072_UCR_Anomaly_DISTORTEDltstdbs30791ES_20000_52600_52800,1.04211,1.5592,11.1127,0.4162
lof,ucr/074_UCR_Anomaly_DISTORTEDqtdbSel1005V_4000_12400_12800,1.54048,0.9334,-0.3646,0.0125
lof,ucr/076_UCR_Anomaly_DISTORTEDresperation10_48000_130700_131880,1.03707,1.1845,3.0761,0.1152
lof,ucr/078_UCR_Anomaly_DISTORTEDresperation1_100000_110260_110412,1.03206,1.7131,12.8503,0.3232
lof,ucr/084_UCR_Anomaly_DISTORTEDs20101mML2_12000_35774_35874,1.03289,2.8671,26.9603,0.8046
lof,ucr/086_UCR_Anomaly_DISTORTEDsddb49_20000_67950_68200,1.11625,2.1898,7.0740,0.2396
lof,ucr/088_UCR_Anomaly_DISTORTEDsel840mECG2_20000_49370_49740,1.05126,1.0028,0.0142,0.0344
lof,ucr/090_UCR_Anomaly_DISTORTEDtiltAPB2_50000_124159_124985,1.70716,2.1680,2.6532,0.1311
lof,ucr/094_UCR_Anomaly_NOISEBIDMC1_2500_5400_5600,1.00641,1.5981,21.5622,0.7556
lof,ucr/096_UCR_Anomaly_NOISEECG4_5000_16900_17100,1.21045,2.4997,19.3870,0.8501
lof,ucr/098_UCR_Anomaly_NOISEInternalBleeding16_1200_4187_4199,1.04095,1.0126,0.8188,0.0140
lof,ucr/100_UCR_Anomaly_NOISELab2Cmac011215EPG1_5000_17210_17260,1.06116,1.8689,13.6339,0.4693
lof,ucr/102_UCR_Anomaly_NOISEMesoplodonDensirostris_10000_19280_19440,1.42222,1.2799,1.5103,0.0819
lof,ucr/104_UCR_Anomaly_NOISEapneaecg4_6000_16000_16100,1.22959,0.7918,-0.5450,0.0040
lof,ucr/106_UCR_Anomaly_NOISEgaitHunt2_18500_31200_31850,1.02423,1.2944,5.8138,0.4210
lof,ucr/110_UCR_Anomaly_2sddb40_35000_56600_56900,1.26126,1.1664,0.3638,0.0256
lof,ucr/112_UCR_Anomaly_BIDMC1_2500_5400_5600,1.0066,1.6351,22.2154,0.7571
lof,ucr/114_UCR_Anomaly_CIMIS44AirTemperature2_4000_5703_5727,1.05876,1.1461,1.5838,0.0490
lof,ucr/116_UCR_Anomaly_CIMIS44AirTemperature4_4000_5549_5597,1.05483,1.0608,0.6587,0.0531
lof,ucr/118_UCR_Anomaly_CIMIS44AirTemperature6_4000_6006_6054,1.05904,1.2432,2.5123,0.1392
lof,ucr/120_UCR_Anomaly_ECG2_15000_16000_16100,1.06991,1.4366,2.0784,0.0822
lof,ucr/122_UCR_Anomaly_ECG3_8000_17000_17100,1.03094,2.1776,17.9669,0.7253
lof,ucr/124_UCR_Anomaly_ECG4_5000_16900_17100,1.24675,2.7915,19.5788,0.8548
lof,ucr/126_UCR_Anomaly_ECG4_8000_17000_17100,1.03079,2.1589,18.1305,0.7362
lof,ucr/128_UCR_Anomaly_GP711MarkerLFM5z2_5000_7175_7388,1.03378,1.8524,15.7314,0.8480
lof,ucr/130_UCR_Anomaly_GP711MarkerLFM5z4_4000_6527_6645,1.04434,1.7431,11.4839,0.8552
lof,ucr/132_UCR_Anomaly_InternalBleeding10_3200_4526_4556,1.00605,1.0082,0.4572,0.0277
lof,ucr/134_UCR_Anomaly_InternalBleeding15_1700_5684_5854,1.03738,1.0220,1.3026,0.3922
lof,ucr/136_UCR_Anomaly_InternalBleeding17_1600_3198_3309,1.03083,0.9998,-0.0223,0.0306
lof,ucr/138_UCR_Anomaly_InternalBleeding19_3000_4187_4197,1.01647,1.0525,4.1537,0.6433
lof,ucr/140_UCR_Anomaly_InternalBleeding4_1000_4675_5033,1.02548,1.0583,2.9828,0.5609
lof,ucr/142_UCR_Anomaly_InternalBleeding6_1500_3474_3629,1.01369,1.1715,19.4807,0.7752
lof,ucr/144_UCR_Anomaly_InternalBleeding9_4200_6599_6681,1.018,0.9872,-0.4818,0.0250
lof,ucr/146_UCR_Anomaly_Lab2Cmac011215EPG2_5000_27862_27932,1.06043,1.0311,0.5596,0.0063
lof,ucr/148_UCR_Anomaly_Lab2Cmac011215EPG4_6000_17390_17520,1.07181,1.0912,1.4558,0.0302
lof,ucr/150_UCR_Anomaly_Lab2Cmac011215EPG6_7000_12190_12420,1.07547,0.9717,-0.4315,0.0109
lof,ucr/152_UCR_Anomaly_PowerDemand1_9000_18485_18821,1.01271,1.1068,5.3914,0.8229
lof,ucr/154_UCR_Anomaly_PowerDemand3_16000_23405_23477,1.02118,1.0393,1.3300,0.0228
lof,ucr/156_UCR_Anomaly_TkeepFifthMARS_3500_5988_6085,1.00235,1.1921,40.2333,0.8356
lof,ucr/158_UCR_Anomaly_TkeepForthMARS_3500_5988_6085,1.00212,0.9994,-0.8868,0.0107
lof,ucr/160_UCR_Anomaly_TkeepThirdMARS_3500_4711_4809,1.00387,1.1394,10.2588,0.8213
lof,ucr/162_UCR_Anomaly_WalkingAceleration5_2700_5920_5979,1.13909,2.2243,8.4948,0.9535
lof,ucr/164_UCR_Anomaly_apneaecg3_5000_11111_11211,1.25185,0.8278,-0.4129,0.0066
lof,ucr/166_UCR_Anomaly_apneaecg_10000_12240_12308,1.22006,1.0124,0.0335,0.0114
lof,ucr/168_UCR_Anomaly_gait2_22000_46500_46800,1.09481,1.8247,6.8197,0.3307
lof,ucr/170_UCR_Anomaly_gaitHunt1_18500_33070_33180,1.07414,1.6783,4.9845,0.1532
lof,ucr/172_UCR_Anomaly_gaitHunt3_23400_38400_39200,1.06091,1.6422,6.0857,0.6301
lof,ucr/174_UCR_Anomaly_insectEPG2_3700_8000_8025,1.01366,1.2701,8.3373,0.8887
lof,ucr/176_UCR_Anomaly_insectEPG4_1300_6508_6558,1.00111,0.9991,-1.0619,0.0049
lof,ucr/178_UCR_Anomaly_ltstdbs30791AI_17555_52600_52800,1.0507,4.9259,17.9213,0.6256
lof,ucr/180_UCR_Anomaly_ltstdbs30791ES_20000_52600_52800,1.05782,2.2782,12.0346,0.4436
lof,ucr/182_UCR_Anomaly_qtdbSel1005V_4000_12400_12800,1.58714,0.9171,-0.4409,0.0119
lof,ucr/184_UCR_Anomaly_resperation10_48000_130700_131880,1.05806,1.4429,4.1571,0.2040
lof,ucr/186_UCR_Anomaly_resperation1_100000_110260_110412,1.04665,1.4654,5.1885,0.1103
lof,ucr/192_UCR_Anomaly_s20101mML2_12000_35774_35874,1.03503,3.0145,27.1973,0.8075
lof,ucr/194_UCR_Anomaly_sddb49_20000_67950_68200,1.12284,2.3716,6.5393,0.2386
lof,ucr/196_UCR_Anomaly_sel840mECG2_20000_49370_49740,1.05837,1.0091,0.0400,0.0378
lof,ucr/198_UCR_Anomaly_tiltAPB2_50000_124159_124985,2.48031,2.6604,2.4320,0.1025
lof,ucr/202_UCR_Anomaly_CHARISfive_10411_10998_11028,1.0282,1.1272,2.4705,0.0468
lof,ucr/204_UCR_Anomaly_CHARISfive_12412_15000_15070,1.02292,1.2109,4.8436,0.1636
lof,ucr/206_UCR_Anomaly_CHARISten_25130_29080_29140,1.56255,1.7208,0.2088,0.2516
lof,ucr/208_UCR_Anomaly_CHARISten_5130_27929_27989,1.0111,1.1400,7.8485,0.3158
lof,ucr/210_UCR_Anomaly_Italianpowerdemand_36123_74900_74996,1.01751,0.9842,-0.4001,0.0013
lof,ucr/212_UCR_Anomaly_Italianpowerdemand_8913_29480_29504,1.01345,0.9817,-0.9784,0.0011
lof,ucr/214_UCR_Anomaly_STAFFIIIDatabase_34211_125720_126370,1.29731,0.8803,-0.2626,0.0024
lof,ucr/216_UCR_Anomaly_STAFFIIIDatabase_37216_160720_161370,1.09592,1.4420,3.5182,0.0759
lof,ucr/218_UCR_Anomaly_STAFFIIIDatabase_41117_210720_211370,1.08943,1.6404,3.5631,0.0585
lof,ucr/220_UCR_Anomaly_STAFFIIIDatabase_43217_250720_251370,1.13334,1.3148,1.9403,0.0211
lof,ucr/222_UCR_Anomaly_mit14046longtermecg_56123_91200_91700,1.46203,1.1228,0.2799,0.0065
lof,ucr/224_UCR_Anomaly_mit14046longtermecg_76123_191200_191700,1.26105,2.1178,3.2802,0.1425
lof,ucr/226_UCR_Anomaly_mit14046longtermecg_96123_123000_123300,1.06111,2.6056,8.7548,0.2852
lof,ucr/228_UCR_Anomaly_mit14134longtermecg_11361_47830_47850,1.55977,1.3948,3.5000,0.0583
lof,ucr/230_UCR_Anomaly_mit14134longtermecg_19363_19510_19610,1.26615,1.4088,2.6049,0.0605
lof,ucr/232_UCR_Anomaly_mit14134longtermecg_8763_57530_57790,1.60632,1.1081,1.0421,0.0258
lof,ucr/236_UCR_Anomaly_mit14157longtermecg_19313_46350_46390,1.08794,1.2395,0.7956,0.0106
lof,ucr/238_UCR_Anomaly_mit14157longtermecg_21311_72600_72780,1.27565,1.9906,2.7123,0.0271
lof,ucr/242_UCR_Anomaly_tilt12744mtable_100000_104630_104890,1.48608,1.3087,0.2083,0.0122
lof,ucr/244_UCR_Anomaly_tilt12754table_100013_104630_104890,1.38827,1.4472,1.5346,0.0093
lof,ucr/246_UCR_Anomaly_tilt12755mtable_100211_270800_271070,1.59573,1.5265,1.1887,0.0085
lof,ucr/248_UCR_Anomaly_weallwalk_2000_4702_4707,1.17367,1.1180,1.3355,0.1167
lof,ucr/250_UCR_Anomaly_weallwalk_2951_7290_7296,1.98371,1.1729,1.0044,0.0323
lof,nasa/E-8,1.0379,1.0105,0.1659,0.2050
lof,nasa/E-10,1.02895,1.3294,8.4080,0.7003
lof,nasa/E-12,1.02768,0.9730,-0.7663,0.0624
lof,nasa/A-1,1.06474,0.9607,-0.6338,0.0123
lof,nasa/P-2,1.04473,0.9811,-0.2921,0.2478
lof,nasa/D-2,1.08142,2.5706,21.4300,0.9720
lof,nasa/D-4,1.0589,0.9857,-0.2639,0.3267
lof,nasa/A-3,1.08138,0.9313,-1.1330,0.0215
lof,nasa/G-1,1.08849,0.9347,-0.9917,0.0143
lof,nasa/D-5,1.058,1.0990,1.7186,0.0592
lof,nasa/D-7,1.05548,1.6279,9.0041,0.8934
lof,nasa/P-4,0.983721,0.9875,-0.2996,0.0899
lof,nasa/T-1,1.00298,1.0021,0.1131,0.1287
lof,nasa/F-2,35.8922,0.0286,-0.0264,0.5797
lof,nasa/T-3,1.27599,19.1831,13.4528,0.2076
lof,nasa/G-6,1.70137,4.5401,6.1494,0.1003
lof,nasa/P-7,1.09596,1.3958,5.3100,0.5352
lof,nasa/A-5,0.999296,1.0002,0.0147,0.0170
lof,nasa/A-7,1.06285,0.9951,-0.0819,0.2958
lof,nasa/A-9,204.058,1.3371,7.7642,0.5466
lof,nasa/M-6,4.84633,29.1761,8.0576,0.9710
lof,nasa/M-2,1.01474,1.0159,0.5136,0.7777
lof,nasa/P-10,1.22855,1.3244,4.2468,0.6587
lof,nasa/T-5,1.04992,1.1436,3.9587,0.9340
lof,nasa/M-3,1.06646,0.9568,-0.7828,0.1069
lof,nasa/M-5,1.09388,1.0001,0.0017,0.1656
lof,nasa/C-1,1.34407,0.9759,-0.1185,0.1960
lof,nasa/F-4,1.2727,1.0970,0.6298,0.0452
lof,nasa/P-14,1.22229,1.2460,3.1530,0.5206
lof,nasa/D-16,1.01265,0.9908,-0.3144,0.2637
lof,smd/machine-1-1,109.842,16.8092,1.5977,0.6303
lof,smd/machine-1-3,1.40948,1.5897,0.5056,0.1006
lof,smd/machine-1-5,15999.3,0.2253,-0.6691,0.0065
lof,smd/machine-1-7,13.55,0.6940,-0.1061,0.2318
lof,smd/machine-2-1,5.32962,2.6793,1.6017,0.3752
lof,smd/machine-2-3,7395.43,1.6175,0.2819,0.0212
lof,smd/machine-2-5,7064.47,0.5834,-0.1864,0.2014
lof,smd/machine-2-7,1205.33,2.2229,1.2682,0.1043
lof,smd/machine-2-9,4466.89,1.4760,0.1832,0.0773
lof,smd/machine-3-10,216.772,1.1437,0.0133,0.1035
lof,smd/machine-3-2,1.85914,1.1824,0.6603,0.2103
lof,smd/machine-3-4,1326.52,0.5220,-0.0896,0.1576
lof,smd/machine-3-6,8.9337,5.8970,3.1510,0.5485
lof,smd/machine-3-8,103.88,0.5265,-0.2907,0.0651
lof,ucr/001_UCR_Anomaly_DISTORTED1sddb40_35000_52000_52620,1.21132,1.2720,0.7246,0.0401
lof,ucr/003_UCR_Anomaly_DISTORTED3sddb40_35000_46600_46900,1.21876,1.3164,0.8213,0.0265
lof,ucr/007_UCR_Anomaly_DISTORTEDCIMIS44AirTemperature3_4000_6520_6544,1.07351,1.1920,1.9219,0.0552
lof,ucr/009_UCR_Anomaly_DISTORTEDCIMIS44AirTemperature5_4000_4852_4900,1.05909,1.3121,3.1875,0.3031
lof,ucr/011_UCR_Anomaly_DISTORTEDECG1_10000_11800_12100,1.03444,1.7613,5.2539,0.4055
lof,ucr/013_UCR_Anomaly_DISTORTEDECG3_15000_16000_16100,1.02472,1.8315,13.3730,0.7606
lof,ucr/015_UCR_Anomaly_DISTORTEDECG4_5000_16800_17100,1.04233,1.5173,7.1512,0.1606
lof,ucr/017_UCR_Anomaly_DISTORTEDECG4_5000_17000_17100,1.21828,2.3520,15.7590,0.7308
lof,ucr/019_UCR_Anomaly_DISTORTEDGP711MarkerLFM5z1_5000_6168_6212,1.0208,1.2121,6.7234,0.5806
lof,ucr/021_UCR_Anomaly_DISTORTEDGP711MarkerLFM5z3_5000_5948_5993,1.01944,1.4841,11.5563,0.8763
lof,ucr/023_UCR_Anomaly_DISTORTEDGP711MarkerLFM5z5_5000_8612_8716,1.02908,1.3989,5.9587,0.5657
lof,ucr/025_UCR_Anomaly_DISTORTEDInternalBleeding14_2800_5607_5634,1.02056,1.2843,6.5554,0.8799
lof,ucr/027_UCR_Anomaly_DISTORTEDInternalBleeding16_1200_4187_4199,1.03784,1.0194,1.2102,0.0274
lof,ucr/029_UCR_Anomaly_DISTORTEDInternalBleeding18_2300_4485_4587,1.01926,0.9823,-1.0561,0.0167
lof,ucr/031_UCR_Anomaly_DISTORTEDInternalBleeding20_2700_5759_5919,1.02746,1.0478,1.7175,0.1842
lof,ucr/033_UCR_Anomaly_DISTORTEDInternalBleeding5_4000_6200_6370,1.02653,1.2786,6.5561,0.6220
lof,ucr/035_UCR_Anomaly_DISTORTEDInternalBleeding8_2500_5865_5974,1.01525,1.0007,0.0452,0.0337
lof,ucr/037_UCR_Anomaly_DISTORTEDLab2Cmac011215EPG1_5000_17210_17260,1.0605,1.8666,13.7862,0.4886
lof,ucr/039_UCR_Anomaly_DISTORTEDLab2Cmac011215EPG3_5000_16390_16420,1.05823,1.2385,4.3971,0.3306
lof,ucr/041_UCR_Anomaly_DISTORTEDLab2Cmac011215EPG5_7000_17390_17520,1.07174,1.1975,3.1359,0.3280
lof,ucr/043_UCR_Anomaly_DISTORTEDMesoplodonDensirostris_10000_19280_19440,1.42744,1.3666,1.8497,0.1224
lof,ucr/045_UCR_Anomaly_DISTORTEDPowerDemand2_14000_23357_23717,1.01163,0.9942,-0.2581,0.0281
lof,ucr/047_UCR_Anomaly_DISTORTEDPowerDemand4_18000_24005_24077,1.01439,1.2841,9.2186,0.8453
lof,ucr/049_UCR_Anomaly_DISTORTEDTkeepFirstMARS_3500_5365_5380,1.00161,0.9984,-0.2800,0.0039
lof,ucr/051_UCR_Anomaly_DISTORTEDTkeepSecondMARS_3500_9330_9340,1.00247,1.1862,9.7295,0.4003
lof,ucr/053_UCR_Anomaly_DISTORTEDWalkingAceleration1_1500_2764_2995,1.04834,0.9436,-0.9728,0.0370
lof,ucr/055_UCR_Anomaly_DISTORTEDapneaecg2_10000_20950_21100,1.20185,1.9496,2.7291,0.1054
lof,ucr/057_UCR_Anomaly_DISTORTEDapneaecg4_6000_16000_16100,1.22906,0.7889,-0.5556,0.0041
lof,ucr/059_UCR_Anomaly_DISTORTEDgait1_20000_38500_38800,1.05336,1.1656,2.2142,0.0592
lof,ucr/061_UCR_Anomaly_DISTORTEDgait3_24500_59900_60500,1.04425,1.0088,0.1316,0.0267
lof,ucr/063_UCR_Anomaly_DISTORTEDgaitHunt2_18500_31200_31850,1.05296,1.1951,2.8779,0.2517
lof,ucr/065_UCR_Anomaly_DISTORTEDinsectEPG1_3000_7000_7030,1.00339,0.9977,-0.1556,0.0083
lof,ucr/067_UCR_Anomaly_DISTORTEDinsectEPG3_5200_7000_7050,1.02543,0.9842,-0.3886,0.0139
lof,ucr/071_UCR_Anomaly_DISTORTEDltstdbs30791AS_23000_52600_52800,1.05152,8.3641,42.9495,0.7047
lof,ucr/073_UCR_Anomaly_DISTORTEDpark3m_60000_72150_72495,1.04706,1.3849,5.7434,0.3520
lof,ucr/075_UCR_Anomaly_DISTORTEDqtdbSel100MLII_4000_13400_13800,1.92673,0.9716,-0.1194,0.0188
lof,ucr/083_UCR_Anomaly_DISTORTEDresperation9_38000_143411_143511,1.03833,1.5126,7.6246,0.0980
lof,ucr/085_UCR_Anomaly_DISTORTEDs20101m_10000_35774_35874,1.01564,1.3351,12.3773,0.6227
lof,ucr/087_UCR_Anomaly_DISTORTEDsel840mECG1_17000_51370_51740,1.0343,1.0577,1.1093,0.0379
lof,ucr/089_UCR_Anomaly_DISTORTEDtiltAPB1_100000_114283_114350,1.26301,1.4138,2.7123,0.1027
lof,ucr/091_UCR_Anomaly_DISTORTEDtiltAPB3_40000_114000_114370,1.62544,1.1867,0.4115,0.0078
lof,ucr/093_UCR_Anomaly_NOISE1sddb40_35000_52000_52620,1.19789,1.3752,0.9822,0.0456
lof,ucr/095_UCR_Anomaly_NOISECIMIS44AirTemperature4_4000_5549_5597,1.05293,1.0622,0.6936,0.0526
lof,ucr/097_UCR_Anomaly_NOISEGP711MarkerLFM5z3_5000_5948_5993,1.01775,1.6797,12.9173,0.8815
lof,ucr/099_UCR_Anomaly_NOISEInternalBleeding6_1500_3474_3629,1.01311,1.1711,19.7493,0.7748
lof,ucr/101_UCR_Anomaly_NOISELab2Cmac011215EPG4_6000_17390_17520,1.06986,1.0844,1.3839,0.0278
lof,ucr/103_UCR_Anomaly_NOISETkeepThirdMARS_3500_4711_4809,1.00409,1.1352,10.1989,0.8330
lof,ucr/105_UCR_Anomaly_NOISEgait3_24500_59900_60500,1.01995,1.0152,0.4393,0.0393
lof,ucr/107_UCR_Anomaly_NOISEinsectEPG3_5200_7000_7050,1.01955,0.9788,-0.5350,0.0109
lof,ucr/109_UCR_Anomaly_1sddb40_35000_52000_52620,1.26494,1.3747,0.8174,0.0424
lof,ucr/111_UCR_Anomaly_3sddb40_35000_46600_46900,1.2614,1.5313,1.1613,0.0296
lof,ucr/115_UCR_Anomaly_CIMIS44AirTemperature3_4000_6520_6544,1.06014,1.1945,2.1005,0.0604
lof,ucr/117_UCR_Anomaly_CIMIS44AirTemperature5_4000_4852_4900,1.05778,1.3972,3.8400,0.3659
lof,ucr/119_UCR_Anomaly_ECG1_10000_11800_12100,1.04164,1.9177,5.6540,0.4368
lof,ucr/121_UCR_Anomaly_ECG3_15000_16000_16100,1.03855,2.5643,15.5931,0.8081
lof,ucr/123_UCR_Anomaly_ECG4_5000_16800_17100,1.04637,2.5480,14.3527,0.2266
lof,ucr/125_UCR_Anomaly_ECG4_5000_17000_17100,1.24829,3.1187,19.1742,0.7515
lof,ucr/127_UCR_Anomaly_GP711MarkerLFM5z1_5000_6168_6212,1.03186,1.3262,9.3742,0.8869
lof,ucr/129_UCR_Anomaly_GP711MarkerLFM5z3_5000_5948_5993,1.03634,1.7426,11.4840,0.8379
lof,ucr/131_UCR_Anomaly_GP711MarkerLFM5z5_5000_8612_8716,1.03811,1.5524,7.7200,0.7784
lof,ucr/133_UCR_Anomaly_InternalBleeding14_2800_5607_5634,1.01365,1.4071,8.9624,0.8649
lof,ucr/135_UCR_Anomaly_InternalBleeding16_1200_4187_4199,1.04302,1.0128,0.8316,0.0155
lof,ucr/137_UCR_Anomaly_InternalBleeding18_2300_4485_4587,1.02213,0.9921,-0.8226,0.0271
lof,ucr/139_UCR_Anomaly_InternalBleeding20_2700_5759_5919,1.022,1.0447,3.1817,0.7319
lof,ucr/141_UCR_Anomaly_InternalBleeding5_4000_6200_6370,1.0169,1.3917,11.3662,0.7214
lof,ucr/143_UCR_Anomaly_InternalBleeding8_2500_5865_5974,1.01448,1.0034,0.2133,0.0456
lof,ucr/145_UCR_Anomaly_Lab2Cmac011215EPG1_5000_17210_17260,1.06259,1.8890,13.6903,0.4673
lof,ucr/147_UCR_Anomaly_Lab2Cmac011215EPG3_5000_16390_16420,1.06106,1.2431,4.2939,0.3433
lof,ucr/149_UCR_Anomaly_Lab2Cmac011215EPG5_7000_17390_17520,1.0741,1.2450,3.7520,0.4059
lof,ucr/151_UCR_Anomaly_MesoplodonDensirostris_10000_19280_19440,1.63186,1.1657,0.4328,0.0373
lof,ucr/153_UCR_Anomaly_PowerDemand2_14000_23357_23717,1.01379,0.9885,-0.4762,0.0240
lof,ucr/155_UCR_Anomaly_PowerDemand4_18000_24005_24077,1.01194,1.2664,10.0467,0.8550
lof,ucr/157_UCR_Anomaly_TkeepFirstMARS_3500_5365_5380,1.00212,0.9998,-0.2306,0.0025
lof,ucr/159_UCR_Anomaly_TkeepSecondMARS_3500_9330_9340,1.00552,1.2954,10.0847,0.4003
lof,ucr/161_UCR_Anomaly_WalkingAceleration1_1500_2764_2995,1.04033,0.9481,-0.9770,0.0365
lof,ucr/163_UCR_Anomaly_apneaecg2_10000_20950_21100,1.2146,2.0068,2.7511,0.1095
lof,ucr/165_UCR_Anomaly_apneaecg4_6000_16000_16100,1.23705,0.7867,-0.5482,0.0041
lof,ucr/167_UCR_Anomaly_gait1_20000_38500_38800,1.10192,1.7512,5.7260,0.3194
lof,ucr/169_UCR_Anomaly_gait3_24500_59900_60500,1.08492,1.0573,0.4916,0.0466
lof,ucr/171_UCR_Anomaly_gaitHunt2_18500_31200_31850,1.07604,1.7915,5.3196,0.4689
lof,ucr/173_UCR_Anomaly_insectEPG1_3000_7000_7030,1.00448,0.9999,-0.0084,0.0143
lof,ucr/175_UCR_Anomaly_insectEPG3_5200_7000_7050,1.02237,0.9791,-0.4618,0.0153
lof,ucr/179_UCR_Anomaly_ltstdbs30791AS_23000_52600_52800,1.04399,11.5780,52.3029,0.7084
lof,ucr/181_UCR_Anomaly_park3m_60000_72150_72495,1.10171,2.4908,11.0167,0.6428
lof,ucr/183_UCR_Anomaly_qtdbSel100MLII_4000_13400_13800,2.01059,0.9592,-0.1618,0.0183
lof,ucr/191_UCR_Anomaly_resperation9_38000_143411_143511,1.06237,1.9682,8.0025,0.0925
lof,ucr/193_UCR_Anomaly_s20101m_10000_35774_35874,1.01885,1.3613,12.6395,0.7007
lof,ucr/195_UCR_Anomaly_sel840mECG1_17000_51370_51740,1.04097,1.0615,1.1359,0.0396
lof,ucr/197_UCR_Anomaly_tiltAPB1_100000_114283_114350,1.44716,1.5316,2.1550,0.0631
lof,ucr/199_UCR_Anomaly_tiltAPB3_40000_114000_114370,2.43241,1.2341,0.3175,0.0081
lof,ucr/201_UCR_Anomaly_CHARISfive_10000_17001_17016,1.18356,1.4053,3.2946,0.2085
lof,ucr/203_UCR_Anomaly_CHARISfive_10500_10995_11028,1.04618,0.9799,-0.6257,0.0012
lof,ucr/205_UCR_Anomaly_CHARISfive_9812_28995_29085,1.02234,0.9800,-0.3623,0.0035
lof,ucr/207_UCR_Anomaly_CHARISten_3165_26929_26989,1.20292,1.3033,0.9532,0.0179
lof,ucr/209_UCR_Anomaly_Fantasia_19000_26970_27270,1.07694,1.0365,0.3172,0.0124
lof,ucr/211_UCR_Anomaly_Italianpowerdemand_38113_39240_39336,1.01796,0.9702,-0.7474,0.0011
lof,ucr/213_UCR_Anomaly_STAFFIIIDatabase_33211_126920_127370,1.08927,1.5081,2.9365,0.0341
lof,ucr/215_UCR_Anomaly_STAFFIIIDatabase_36276_106720_107370,1.12605,1.0647,0.5309,0.0131
lof,ucr/217_UCR_Anomaly_STAFFIIIDatabase_38211_150720_151370,1.2923,1.3601,0.7791,0.0063
lof,ucr/219_UCR_Anomaly_STAFFIIIDatabase_41612_64632_64852,1.08969,1.2064,1.1497,0.0115
lof,ucr/221_UCR_Anomaly_STAFFIIIDatabase_45616_163632_164852,1.10303,1.1636,1.4162,0.0383
lof,ucr/223_UCR_Anomaly_mit14046longtermecg_74123_131200_131700,1.36122,1.2591,0.6530,0.0142
lof,ucr/225_UCR_Anomaly_mit14046longtermecg_81214_143000_143300,1.23381,3.0968,6.3309,0.1960
lof,ucr/227_UCR_Anomaly_mit14134longtermecg_11231_29000_29100,1.28453,1.1340,2.0142,0.0391
lof,ucr/229_UCR_Anomaly_mit14134longtermecg_16363_57960_57970,1.29013,1.2720,1.3681,0.0032
lof,ucr/231_UCR_Anomaly_mit14134longtermecg_8763_47530_47790,1.60552,1.0790,0.7622,0.0290
lof,ucr/237_UCR_Anomaly_mit14157longtermecg_19313_89560_90370,1.13137,1.9072,3.1022,0.1562
lof,ucr/241_UCR_Anomaly_taichidbS0715Master_250000_837400_839100,1217.9,2.8691,0.4373,0.0100
lof,ucr/243_UCR_Anomaly_tilt12744mtable_100000_203355_203400,1.2194,1.7244,2.8597,0.0145
lof,ucr/245_UCR_Anomaly_tilt12754table_100211_270800_271070,1.37629,1.2852,0.9687,0.0047
lof,ucr/247_UCR_Anomaly_tilt12755mtable_50211_121900_121980,1.50295,3.6524,5.2218,0.0501
lof,ucr/249_UCR_Anomaly_weallwalk_2753_8285_8315,1.4772,1.0325,0.2201,0.0048
lof,nasa/P-1,1.08189,1.0066,0.0958,0.1293
lof,nasa/E-2,1.05524,0.9268,-1.0098,0.1088
lof,nasa/E-5,0.996373,1.0111,0.7248,0.2334
lof,nasa/S-1,1.04181,0.9509,-0.7736,0.0478
lof,nasa/E-3,1.07712,0.9345,-1.0439,0.3122
lof,nasa/E-6,1.04245,1.4186,5.5045,0.6543
lof,nasa/E-1,1.0293,1.0956,2.6708,0.4394
lof,nasa/E-4,1.057,0.9415,-1.0436,0.2722
lof,nasa/E-7,1.03318,0.9640,-0.5719,0.0454
timesfm_resid,nasa/E-8,6994.35,3.9293,1.3167,0.0878
timesfm_resid,nasa/E-9,8296.68,4.2026,1.5793,0.0549
timesfm_resid,nasa/E-10,10025.2,3.4118,1.3420,0.0636
timesfm_resid,nasa/E-12,35188.8,1.1601,0.2936,0.0793
timesfm_resid,nasa/E-13,33493.6,0.7122,-0.4920,0.0491
timesfm_resid,nasa/A-1,33301.6,0.7653,-0.4114,0.0140
timesfm_resid,nasa/D-1,29852.6,0.1114,-1.3069,0.2360
timesfm_resid,nasa/P-2,11983.6,0.8093,-0.1127,0.1194
timesfm_resid,nasa/P-3,11511.7,0.6499,-0.2095,0.1222
timesfm_resid,nasa/D-2,31250.8,0.9792,-0.0341,0.4979
timesfm_resid,nasa/D-3,31851.4,1.0352,0.0569,0.3874
timesfm_resid,nasa/D-4,36230.8,0.8906,-0.1988,0.3855
timesfm_resid,nasa/A-2,33073.9,0.9305,-0.1187,0.0220
timesfm_resid,nasa/A-3,33391.6,1.2141,0.3641,0.0367
timesfm_resid,nasa/A-4,34745.6,1.5134,0.9110,0.0227
timesfm_resid,nasa/D-5,36667.6,0.9863,-0.0275,0.0144
timesfm_resid,nasa/D-6,35287.5,1.1957,0.3667,0.0206
timesfm_resid,nasa/D-7,32790.4,1.1314,0.2176,0.3691
timesfm_resid,nasa/F-1,2271.84,0.0000,-0.2447,0.0146
timesfm_resid,nasa/P-4,1481.6,4.3001,0.6850,0.0888
timesfm_resid,nasa/G-3,31464.4,0.9482,-0.0834,0.0114
timesfm_resid,nasa/T-1,1816.71,0.0001,-0.2267,0.1891
timesfm_resid,nasa/T-2,1984.99,0.0001,-0.2215,0.2033
timesfm_resid,nasa/D-8,1862.05,0.0000,-0.2208,0.0097
timesfm_resid,nasa/D-9,1562,0.0000,-0.1924,0.1628
timesfm_resid,nasa/F-2,2332.81,0.0000,-0.2471,0.2563
timesfm_resid,nasa/G-4,288.234,0.0000,-0.2291,0.0061
timesfm_resid,nasa/T-3,1396.51,0.0015,-0.2064,0.0257
timesfm_resid,nasa/D-11,8039.25,0.0350,-0.6387,0.0824
timesfm_resid,nasa/D-12,1087.8,0.0000,-0.2693,0.3524
timesfm_resid,nasa/B-1,1284.17,0.0000,-0.1808,0.0132
timesfm_resid,nasa/G-6,1160.14,0.3527,-0.1143,0.0339
timesfm_resid,nasa/G-7,9942.88,0.2144,-0.6384,0.2971
timesfm_resid,nasa/P-7,2076.74,0.0004,-0.2374,0.2421
timesfm_resid,nasa/R-1,2437.48,0.0000,-0.2835,0.0160
timesfm_resid,nasa/A-5,833.099,17.4341,2.7258,0.1400
timesfm_resid,nasa/A-6,1152.26,0.0014,-0.1758,0.0604
timesfm_resid,nasa/A-7,708.444,0.0001,-0.1613,0.1708
timesfm_resid,nasa/D-13,2870.12,0.0000,-0.2959,0.0315
timesfm_resid,nasa/A-8,29984.7,0.7465,-0.4139,0.3985
timesfm_resid,nasa/A-9,5526.86,0.0113,-0.4164,0.3619
timesfm_resid,nasa/M-6,31843.6,1.2431,0.4218,0.1523
timesfm_resid,nasa/M-1,26641.3,1.1538,0.2005,0.4734
timesfm_resid,nasa/M-2,26347.6,1.1749,0.2248,0.4703
timesfm_resid,nasa/S-2,39229.6,0.7784,-0.4714,0.0079
timesfm_resid,nasa/P-10,16312,1.7878,0.7320,0.0714
timesfm_resid,nasa/T-5,37476.3,1.0583,0.1258,0.0128
timesfm_resid,nasa/F-7,27751.6,0.7787,-0.3186,0.0907
timesfm_resid,nasa/M-3,30134.7,0.9752,-0.0424,0.1950
timesfm_resid,nasa/M-4,33469,0.8014,-0.3614,0.1481
timesfm_resid,nasa/M-5,25514.3,0.9874,-0.0194,0.1825
timesfm_resid,nasa/P-15,19282,0.5008,-0.5823,0.0068
timesfm_resid,nasa/C-1,27145.4,1.3875,0.5619,0.2502
timesfm_resid,nasa/C-2,23264.7,1.5704,0.8680,0.1383
timesfm_resid,nasa/T-12,19388.2,0.6762,-0.4176,0.0708
timesfm_resid,nasa/T-13,19501.7,0.7398,-0.3393,0.1878
timesfm_resid,nasa/F-4,26491.1,0.7384,-0.3950,0.0288
timesfm_resid,nasa/F-5,31648.4,1.0654,0.1145,0.0636
timesfm_resid,nasa/D-14,21789.8,1.2171,0.2455,0.1586
timesfm_resid,nasa/P-14,16365.7,1.2539,0.2378,0.0483
timesfm_resid,nasa/T-8,41491.8,1.0631,0.1589,0.1341
timesfm_resid,nasa/P-11,22757.3,1.2403,0.3093,0.1117
timesfm_resid,nasa/D-15,34954.9,1.1415,0.2700,0.3722
timesfm_resid,nasa/D-16,27645.3,1.1977,0.2759,0.3004
timesfm_resid,nasa/M-7,26785.8,1.6545,0.9437,0.2881
timesfm_resid,nasa/F-8,22349.1,1.1558,0.1950,0.2378
timesfm_resid,psm/psm,4.31621,1.4732,0.1236,0.4002
timesfm_resid,smd/machine-1-1,3.99764,2.4134,0.9974,0.2754
timesfm_resid,smd/machine-1-2,12068.5,2.2708,1.1579,0.2405
timesfm_resid,smd/machine-1-3,1.68788,2.9124,0.9800,0.1432
timesfm_resid,smd/machine-1-4,1.69678,2.8496,1.1224,0.1326
timesfm_resid,smd/machine-1-5,3.99131,3.3608,0.6066,0.0248
timesfm_resid,smd/machine-1-6,2708.3,0.5676,-0.1360,0.2093
timesfm_resid,smd/machine-1-7,2.03141,1.1127,0.1242,0.1574
timesfm_resid,smd/machine-1-8,4.46092,2.3699,0.9231,0.1195
timesfm_resid,smd/machine-2-1,27338,0.9248,-0.1124,0.0861
timesfm_resid,smd/machine-2-2,3.6742,0.2722,-0.1749,0.1180
timesfm_resid,smd/machine-2-3,3.3498,7.8091,3.2652,0.1349
timesfm_resid,smd/machine-2-4,2.40434,2.2247,1.0919,0.1787
timesfm_resid,smd/machine-2-5,3460.31,0.6306,-0.1416,0.0624
timesfm_resid,smd/machine-2-6,5.32047,3.3165,2.5636,0.1813
timesfm_resid,smd/machine-2-7,5.58113,15.3583,6.5402,0.1361
timesfm_resid,smd/machine-2-8,3.63975,16.8695,10.4014,0.4984
timesfm_resid,smd/machine-2-9,2807.66,1.1159,0.0431,0.1196
timesfm_resid,smd/machine-3-1,4.54177,5.4687,5.1326,0.2547
timesfm_resid,smd/machine-3-10,61.5118,39.2160,3.8014,0.3408
timesfm_resid,smd/machine-3-11,4.75467,7.2634,5.4202,0.3656
timesfm_resid,smd/machine-3-2,2.88759,0.6405,-0.2878,0.0561
timesfm_resid,smd/machine-3-3,1.61954,2.5840,1.9304,0.1511
timesfm_resid,smd/machine-3-4,1.03664,1.1429,0.2430,0.0752
timesfm_resid,smd/machine-3-5,605.49,1.6719,0.1100,0.0654
timesfm_resid,smd/machine-3-6,13.6256,0.8271,-0.0475,0.0945
timesfm_resid,smd/machine-3-7,6.62339,2.6442,1.5891,0.0834
timesfm_resid,smd/machine-3-8,3514.86,2.8933,0.7676,0.1815
timesfm_resid,smd/machine-3-9,3.18431,4.1738,3.6559,0.1957
timesfm_resid,ucr/001_UCR_Anomaly_DISTORTED1sddb40_35000_52000_52620,2.69301,1.7326,0.4423,0.0280
timesfm_resid,ucr/002_UCR_Anomaly_DISTORTED2sddb40_35000_56600_56900,2.61055,1.0382,0.0228,0.0114
timesfm_resid,ucr/003_UCR_Anomaly_DISTORTED3sddb40_35000_46600_46900,2.66751,1.6907,0.4176,0.0139
timesfm_resid,ucr/004_UCR_Anomaly_DISTORTEDBIDMC1_2500_5400_5600,1.10844,2.6243,1.5956,0.1935
timesfm_resid,ucr/006_UCR_Anomaly_DISTORTEDCIMIS44AirTemperature2_4000_5703_5727,1.12923,3.0939,2.5172,0.1620
timesfm_resid,ucr/007_UCR_Anomaly_DISTORTEDCIMIS44AirTemperature3_4000_6520_6544,1.14845,2.4515,1.6725,0.0729
timesfm_resid,ucr/008_UCR_Anomaly_DISTORTEDCIMIS44AirTemperature4_4000_5549_5597,1.09158,2.8059,2.1626,0.1356
timesfm_resid,ucr/009_UCR_Anomaly_DISTORTEDCIMIS44AirTemperature5_4000_4852_4900,1.0905,2.1801,1.3227,0.0739
timesfm_resid,ucr/010_UCR_Anomaly_DISTORTEDCIMIS44AirTemperature6_4000_6006_6054,1.11079,2.0408,1.2447,0.0805
timesfm_resid,ucr/011_UCR_Anomaly_DISTORTEDECG1_10000_11800_12100,1.03153,3.7473,1.9479,0.0926
timesfm_resid,ucr/012_UCR_Anomaly_DISTORTEDECG2_15000_16000_16100,1.02679,1.3423,0.2408,0.0140
timesfm_resid,ucr/013_UCR_Anomaly_DISTORTEDECG3_15000_16000_16100,1.13397,2.6113,1.0702,0.0261
timesfm_resid,ucr/014_UCR_Anomaly_DISTORTEDECG3_8000_17000_17100,1.01131,2.2046,0.7876,0.0184
timesfm_resid,ucr/015_UCR_Anomaly_DISTORTEDECG4_5000_16800_17100,5.45187,1.9655,0.8589,0.0083
timesfm_resid,ucr/016_UCR_Anomaly_DISTORTEDECG4_5000_16900_17100,1.41238,2.4818,0.9865,0.0305
timesfm_resid,ucr/017_UCR_Anomaly_DISTORTEDECG4_5000_17000_17100,1.39064,4.0513,1.9702,0.0324
timesfm_resid,ucr/018_UCR_Anomaly_DISTORTEDECG4_8000_17000_17100,1.06364,1.6763,0.4605,0.0100
timesfm_resid,ucr/019_UCR_Anomaly_DISTORTEDGP711MarkerLFM5z1_5000_6168_6212,1.76637,3.2779,2.0306,0.0422
timesfm_resid,ucr/020_UCR_Anomaly_DISTORTEDGP711MarkerLFM5z2_5000_7175_7388,2.26187,3.8356,2.4362,0.2456
timesfm_resid,ucr/021_UCR_Anomaly_DISTORTEDGP711MarkerLFM5z3_5000_5948_5993,1.74235,4.8354,3.6623,0.2264
timesfm_resid,ucr/022_UCR_Anomaly_DISTORTEDGP711MarkerLFM5z4_4000_6527_6645,1.95404,3.3547,2.0512,0.1072
timesfm_resid,ucr/023_UCR_Anomaly_DISTORTEDGP711MarkerLFM5z5_5000_8612_8716,2.09487,3.1949,1.9078,0.1096
timesfm_resid,ucr/024_UCR_Anomaly_DISTORTEDInternalBleeding10_3200_4526_4556,1.71439,0.9770,-0.0238,0.0194
timesfm_resid,ucr/025_UCR_Anomaly_DISTORTEDInternalBleeding14_2800_5607_5634,1.70929,2.0344,1.1516,0.1065
timesfm_resid,ucr/026_UCR_Anomaly_DISTORTEDInternalBleeding15_1700_5684_5854,2.04043,1.5949,0.4480,0.0719
timesfm_resid,ucr/027_UCR_Anomaly_DISTORTEDInternalBleeding16_1200_4187_4199,1.92788,3.2144,2.6311,0.0951
timesfm_resid,ucr/028_UCR_Anomaly_DISTORTEDInternalBleeding17_1600_3198_3309,2.21423,2.3356,1.3801,0.0844
timesfm_resid,ucr/029_UCR_Anomaly_DISTORTEDInternalBleeding18_2300_4485_4587,2.04417,1.9838,1.1545,0.0993
timesfm_resid,ucr/030_UCR_Anomaly_DISTORTEDInternalBleeding19_3000_4187_4197,1.94675,3.2077,2.3054,0.0311
timesfm_resid,ucr/031_UCR_Anomaly_DISTORTEDInternalBleeding20_2700_5759_5919,2.12717,1.9988,0.9953,0.1436
timesfm_resid,ucr/032_UCR_Anomaly_DISTORTEDInternalBleeding4_1000_4675_5033,1.8791,5.2036,3.6110,0.4436
timesfm_resid,ucr/033_UCR_Anomaly_DISTORTEDInternalBleeding5_4000_6200_6370,2.13175,3.7122,2.3605,0.2669
timesfm_resid,ucr/034_UCR_Anomaly_DISTORTEDInternalBleeding6_1500_3474_3629,1.8458,3.9239,2.6406,0.2535
timesfm_resid,ucr/035_UCR_Anomaly_DISTORTEDInternalBleeding8_2500_5865_5974,1.53049,1.5092,0.4932,0.0626
timesfm_resid,ucr/036_UCR_Anomaly_DISTORTEDInternalBleeding9_4200_6599_6681,1.89953,0.6798,-0.3571,0.0293
timesfm_resid,ucr/037_UCR_Anomaly_DISTORTEDLab2Cmac011215EPG1_5000_17210_17260,0.604646,3.2097,2.2267,0.0373
timesfm_resid,ucr/038_UCR_Anomaly_DISTORTEDLab2Cmac011215EPG2_5000_27862_27932,0.604175,1.2899,0.2915,0.0074
timesfm_resid,ucr/039_UCR_Anomaly_DISTORTEDLab2Cmac011215EPG3_5000_16390_16420,0.599829,2.0216,1.0308,0.0060
timesfm_resid,ucr/040_UCR_Anomaly_DISTORTEDLab2Cmac011215EPG4_6000_17390_17520,0.594345,1.0999,0.1002,0.0082
timesfm_resid,ucr/041_UCR_Anomaly_DISTORTEDLab2Cmac011215EPG5_7000_17390_17520,0.596556,1.4472,0.4516,0.0117
timesfm_resid,ucr/042_UCR_Anomaly_DISTORTEDLab2Cmac011215EPG6_7000_12190_12420,0.595423,0.5336,-0.4727,0.0111
timesfm_resid,ucr/043_UCR_Anomaly_DISTORTEDMesoplodonDensirostris_10000_19280_19440,3.6911,1.9167,0.8071,0.0371
timesfm_resid,ucr/044_UCR_Anomaly_DISTORTEDPowerDemand1_9000_18485_18821,0.449684,1.4959,0.4862,0.0372
timesfm_resid,ucr/045_UCR_Anomaly_DISTORTEDPowerDemand2_14000_23357_23717,0.478734,0.8243,-0.1748,0.0257
timesfm_resid,ucr/046_UCR_Anomaly_DISTORTEDPowerDemand3_16000_23405_23477,0.457234,1.7883,0.7358,0.0196
timesfm_resid,ucr/047_UCR_Anomaly_DISTORTEDPowerDemand4_18000_24005_24077,0.484185,3.0447,1.8721,0.0465
timesfm_resid,ucr/048_UCR_Anomaly_DISTORTEDTkeepFifthMARS_3500_5988_6085,0.779231,2.6366,1.1941,0.1115
timesfm_resid,ucr/049_UCR_Anomaly_DISTORTEDTkeepFirstMARS_3500_5365_5380,0.631168,0.6508,-0.3451,0.0036
timesfm_resid,ucr/050_UCR_Anomaly_DISTORTEDTkeepForthMARS_3500_5988_6085,0.613881,1.6218,0.6469,0.0393
timesfm_resid,ucr/051_UCR_Anomaly_DISTORTEDTkeepSecondMARS_3500_9330_9340,0.736729,4.1353,2.2768,0.0155
timesfm_resid,ucr/052_UCR_Anomaly_DISTORTEDTkeepThirdMARS_3500_4711_4809,0.698039,2.1327,1.0661,0.0680
timesfm_resid,ucr/053_UCR_Anomaly_DISTORTEDWalkingAceleration1_1500_2764_2995,1.02268,0.9183,-0.0795,0.0647
timesfm_resid,ucr/054_UCR_Anomaly_DISTORTEDWalkingAceleration5_2700_5920_5979,1.3423,3.5563,2.5632,0.2071
timesfm_resid,ucr/055_UCR_Anomaly_DISTORTEDapneaecg2_10000_20950_21100,2.02532,2.4609,0.7664,0.0149
timesfm_resid,ucr/056_UCR_Anomaly_DISTORTEDapneaecg3_5000_11111_11211,2.20974,1.0461,0.0249,0.0052
timesfm_resid,ucr/057_UCR_Anomaly_DISTORTEDapneaecg4_6000_16000_16100,1.99278,0.2983,-0.3759,0.0034
timesfm_resid,ucr/058_UCR_Anomaly_DISTORTEDapneaecg_10000_12240_12308,2.08733,0.9456,-0.0282,0.0035
timesfm_resid,ucr/059_UCR_Anomaly_DISTORTEDgait1_20000_38500_38800,6.29032,0.9809,-0.0145,0.0087
timesfm_resid,ucr/060_UCR_Anomaly_DISTORTEDgait2_22000_46500_46800,6.16698,1.4519,0.3415,0.0168
timesfm_resid,ucr/061_UCR_Anomaly_DISTORTEDgait3_24500_59900_60500,6.04965,0.7206,-0.2079,0.0169
timesfm_resid,ucr/062_UCR_Anomaly_DISTORTEDgaitHunt1_18500_33070_33180,6.82606,0.8904,-0.0831,0.0034
timesfm_resid,ucr/063_UCR_Anomaly_DISTORTEDgaitHunt2_18500_31200_31850,6.6472,0.7482,-0.1897,0.0164
timesfm_resid,ucr/064_UCR_Anomaly_DISTORTEDgaitHunt3_23400_38400_39200,6.81867,1.2098,0.1613,0.0291
timesfm_resid,ucr/065_UCR_Anomaly_DISTORTEDinsectEPG1_3000_7000_7030,0.4216,1.2640,0.2714,0.0080
timesfm_resid,ucr/066_UCR_Anomaly_DISTORTEDinsectEPG2_3700_8000_8025,0.412268,2.1307,1.1436,0.0157
timesfm_resid,ucr/067_UCR_Anomaly_DISTORTEDinsectEPG3_5200_7000_7050,0.433739,0.8761,-0.1297,0.0141
timesfm_resid,ucr/068_UCR_Anomaly_DISTORTEDinsectEPG4_1300_6508_6558,0.407438,1.2483,0.2481,0.0106
timesfm_resid,ucr/070_UCR_Anomaly_DISTORTEDltstdbs30791AI_17555_52600_52800,2.5869,4.8080,1.8900,0.0362
timesfm_resid,ucr/071_UCR_Anomaly_DISTORTEDltstdbs30791AS_23000_52600_52800,2.20149,5.3637,2.2102,0.0470
timesfm_resid,ucr/072_UCR_Anomaly_DISTORTEDltstdbs30791ES_20000_52600_52800,2.5723,1.9652,0.4819,0.0185
timesfm_resid,ucr/073_UCR_Anomaly_DISTORTEDpark3m_60000_72150_72495,5.91496,1.2509,0.1930,0.0178
timesfm_resid,ucr/074_UCR_Anomaly_DISTORTEDqtdbSel1005V_4000_12400_12800,2.07751,0.9808,-0.0106,0.0174
timesfm_resid,ucr/075_UCR_Anomaly_DISTORTEDqtdbSel100MLII_4000_13400_13800,2.42519,0.7792,-0.1054,0.0207
timesfm_resid,ucr/076_UCR_Anomaly_DISTORTEDresperation10_48000_130700_131880,5.36102,1.2249,0.2024,0.0118
timesfm_resid,ucr/078_UCR_Anomaly_DISTORTEDresperation1_100000_110260_110412,5.23595,0.3443,-0.5894,0.0016
timesfm_resid,ucr/083_UCR_Anomaly_DISTORTEDresperation9_38000_143411_143511,5.62794,1.5324,0.4887,0.0015
timesfm_resid,ucr/084_UCR_Anomaly_DISTORTEDs20101mML2_12000_35774_35874,1.56563,4.3834,1.8976,0.0231
timesfm_resid,ucr/085_UCR_Anomaly_DISTORTEDs20101m_10000_35774_35874,0.852973,2.0158,0.8339,0.0087
timesfm_resid,ucr/086_UCR_Anomaly_DISTORTEDsddb49_20000_67950_68200,3.078,3.1269,1.6621,0.0258
timesfm_resid,ucr/087_UCR_Anomaly_DISTORTEDsel840mECG1_17000_51370_51740,2.36815,1.4221,0.2268,0.0176
timesfm_resid,ucr/088_UCR_Anomaly_DISTORTEDsel840mECG2_20000_49370_49740,2.44997,1.3177,0.1847,0.0206
timesfm_resid,ucr/089_UCR_Anomaly_DISTORTEDtiltAPB1_100000_114283_114350,1.6768,2.4415,1.3970,0.0165
timesfm_resid,ucr/090_UCR_Anomaly_DISTORTEDtiltAPB2_50000_124159_124985,2.03853,1.4468,0.3549,0.0186
timesfm_resid,ucr/091_UCR_Anomaly_DISTORTEDtiltAPB3_40000_114000_114370,2.06244,0.8720,-0.1001,0.0050
timesfm_resid,ucr/093_UCR_Anomaly_NOISE1sddb40_35000_52000_52620,1.44128,1.7839,0.4732,0.0301
timesfm_resid,ucr/094_UCR_Anomaly_NOISEBIDMC1_2500_5400_5600,0.668263,3.0105,1.9852,0.2109
timesfm_resid,ucr/095_UCR_Anomaly_NOISECIMIS44AirTemperature4_4000_5549_5597,0.943523,2.8032,2.0851,0.1308
timesfm_resid,ucr/096_UCR_Anomaly_NOISEECG4_5000_16900_17100,0.777757,2.5125,0.8699,0.0309
timesfm_resid,ucr/097_UCR_Anomaly_NOISEGP711MarkerLFM5z3_5000_5948_5993,0.724354,3.5205,2.2653,0.0529
timesfm_resid,ucr/098_UCR_Anomaly_NOISEInternalBleeding16_1200_4187_4199,0.700571,1.9964,1.1115,0.0087
timesfm_resid,ucr/099_UCR_Anomaly_NOISEInternalBleeding6_1500_3474_3629,0.861633,4.2661,2.5959,0.2341
timesfm_resid,ucr/100_UCR_Anomaly_NOISELab2Cmac011215EPG1_5000_17210_17260,0.589987,3.1872,2.1836,0.0359
timesfm_resid,ucr/101_UCR_Anomaly_NOISELab2Cmac011215EPG4_6000_17390_17520,0.590325,1.1009,0.1007,0.0083
timesfm_resid,ucr/102_UCR_Anomaly_NOISEMesoplodonDensirostris_10000_19280_19440,1.61552,1.6707,0.5753,0.0298
timesfm_resid,ucr/103_UCR_Anomaly_NOISETkeepThirdMARS_3500_4711_4809,0.407876,2.9957,1.7383,0.1326
timesfm_resid,ucr/104_UCR_Anomaly_NOISEapneaecg4_6000_16000_16100,1.33176,0.3097,-0.3518,0.0035
timesfm_resid,ucr/105_UCR_Anomaly_NOISEgait3_24500_59900_60500,1.32761,0.8434,-0.1192,0.0171
timesfm_resid,ucr/106_UCR_Anomaly_NOISEgaitHunt2_18500_31200_31850,1.39771,0.8582,-0.1228,0.0166
timesfm_resid,ucr/107_UCR_Anomaly_NOISEinsectEPG3_5200_7000_7050,0.405987,0.6979,-0.3093,0.0126
timesfm_resid,ucr/109_UCR_Anomaly_1sddb40_35000_52000_52620,2.52043,1.7373,0.3976,0.0265
timesfm_resid,ucr/110_UCR_Anomaly_2sddb40_35000_56600_56900,2.47579,0.8107,-0.1010,0.0089
timesfm_resid,ucr/111_UCR_Anomaly_3sddb40_35000_46600_46900,2.44943,1.7237,0.3844,0.0141
timesfm_resid,ucr/112_UCR_Anomaly_BIDMC1_2500_5400_5600,0.863426,3.7708,2.2995,0.2181
timesfm_resid,ucr/114_UCR_Anomaly_CIMIS44AirTemperature2_4000_5703_5727,1.09604,3.0522,2.3932,0.1385
timesfm_resid,ucr/115_UCR_Anomaly_CIMIS44AirTemperature3_4000_6520_6544,1.09746,2.6273,1.9065,0.0873
timesfm_resid,ucr/116_UCR_Anomaly_CIMIS44AirTemperature4_4000_5549_5597,1.07587,2.6885,1.9695,0.1117
timesfm_resid,ucr/117_UCR_Anomaly_CIMIS44AirTemperature5_4000_4852_4900,1.09329,2.1413,1.3354,0.0900
timesfm_resid,ucr/118_UCR_Anomaly_CIMIS44AirTemperature6_4000_6006_6054,1.08179,1.7515,0.8777,0.0536
timesfm_resid,ucr/119_UCR_Anomaly_ECG1_10000_11800_12100,0.994383,4.3628,2.2020,0.0969
timesfm_resid,ucr/120_UCR_Anomaly_ECG2_15000_16000_16100,1.00223,1.4786,0.3063,0.0167
timesfm_resid,ucr/121_UCR_Anomaly_ECG3_15000_16000_16100,0.934797,3.3027,1.2479,0.0289
timesfm_resid,ucr/122_UCR_Anomaly_ECG3_8000_17000_17100,0.813397,2.2827,0.6904,0.0163
timesfm_resid,ucr/123_UCR_Anomaly_ECG4_5000_16800_17100,5.32621,2.7438,1.2994,0.0192
timesfm_resid,ucr/124_UCR_Anomaly_ECG4_5000_16900_17100,1.13813,3.0126,1.0854,0.0378
timesfm_resid,ucr/125_UCR_Anomaly_ECG4_5000_17000_17100,1.13665,5.1295,2.2312,0.0345
timesfm_resid,ucr/126_UCR_Anomaly_ECG4_8000_17000_17100,0.806508,2.5150,0.8312,0.0162
timesfm_resid,ucr/127_UCR_Anomaly_GP711MarkerLFM5z1_5000_6168_6212,1.11426,6.7462,3.8292,0.1621
timesfm_resid,ucr/128_UCR_Anomaly_GP711MarkerLFM5z2_5000_7175_7388,1.42862,7.4162,3.7445,0.3712
timesfm_resid,ucr/129_UCR_Anomaly_GP711MarkerLFM5z3_5000_5948_5993,1.22568,4.2382,2.0821,0.0460
timesfm_resid,ucr/130_UCR_Anomaly_GP711MarkerLFM5z4_4000_6527_6645,1.309,5.8455,3.0896,0.1606
timesfm_resid,ucr/131_UCR_Anomaly_GP711MarkerLFM5z5_5000_8612_8716,1.37135,7.1058,3.4378,0.2337
timesfm_resid,ucr/132_UCR_Anomaly_InternalBleeding10_3200_4526_4556,1.25582,1.6897,0.5268,0.0343
timesfm_resid,ucr/133_UCR_Anomaly_InternalBleeding14_2800_5607_5634,1.26917,4.8518,3.0273,0.1541
timesfm_resid,ucr/134_UCR_Anomaly_InternalBleeding15_1700_5684_5854,1.53027,3.7408,1.3794,0.1727
timesfm_resid,ucr/135_UCR_Anomaly_InternalBleeding16_1200_4187_4199,1.36968,2.5729,1.4588,0.0141
timesfm_resid,ucr/136_UCR_Anomaly_InternalBleeding17_1600_3198_3309,1.43809,3.6933,2.5769,0.2814
timesfm_resid,ucr/137_UCR_Anomaly_InternalBleeding18_2300_4485_4587,1.40044,2.8373,1.7621,0.1688
timesfm_resid,ucr/138_UCR_Anomaly_InternalBleeding19_3000_4187_4197,1.40252,7.1196,5.9654,0.2022
timesfm_resid,ucr/139_UCR_Anomaly_InternalBleeding20_2700_5759_5919,1.60068,3.3724,1.8530,0.2064
timesfm_resid,ucr/140_UCR_Anomaly_InternalBleeding4_1000_4675_5033,1.34517,7.3059,4.6829,0.4728
timesfm_resid,ucr/141_UCR_Anomaly_InternalBleeding5_4000_6200_6370,1.31397,6.6305,3.4393,0.3958
timesfm_resid,ucr/142_UCR_Anomaly_InternalBleeding6_1500_3474_3629,1.52619,5.2035,2.8495,0.2552
timesfm_resid,ucr/143_UCR_Anomaly_InternalBleeding8_2500_5865_5974,0.856563,0.9924,-0.0066,0.0685
timesfm_resid,ucr/144_UCR_Anomaly_InternalBleeding9_4200_6599_6681,0.967251,0.5279,-0.4329,0.0277
timesfm_resid,ucr/145_UCR_Anomaly_Lab2Cmac011215EPG1_5000_17210_17260,0.596768,3.2454,2.2190,0.0366
timesfm_resid,ucr/146_UCR_Anomaly_Lab2Cmac011215EPG2_5000_27862_27932,0.59518,1.2211,0.2185,0.0060
timesfm_resid,ucr/147_UCR_Anomaly_Lab2Cmac011215EPG3_5000_16390_16420,0.594989,2.0582,1.0450,0.0060
timesfm_resid,ucr/148_UCR_Anomaly_Lab2Cmac011215EPG4_6000_17390_17520,0.591996,1.1202,0.1186,0.0083
timesfm_resid,ucr/149_UCR_Anomaly_Lab2Cmac011215EPG5_7000_17390_17520,0.589295,1.5316,0.5285,0.0124
timesfm_resid,ucr/150_UCR_Anomaly_Lab2Cmac011215EPG6_7000_12190_12420,0.593736,0.4669,-0.5320,0.0107
timesfm_resid,ucr/151_UCR_Anomaly_MesoplodonDensirostris_10000_19280_19440,3.79877,2.0428,0.8472,0.0352
timesfm_resid,ucr/152_UCR_Anomaly_PowerDemand1_9000_18485_18821,0.382361,2.0030,0.8855,0.0529
timesfm_resid,ucr/153_UCR_Anomaly_PowerDemand2_14000_23357_23717,0.393048,0.9006,-0.0817,0.0284
timesfm_resid,ucr/154_UCR_Anomaly_PowerDemand3_16000_23405_23477,0.403257,1.8827,0.7253,0.0199
timesfm_resid,ucr/155_UCR_Anomaly_PowerDemand4_18000_24005_24077,0.395275,3.6557,2.1805,0.0488
timesfm_resid,ucr/156_UCR_Anomaly_TkeepFifthMARS_3500_5988_6085,0.400106,4.9146,1.7674,0.1552
timesfm_resid,ucr/157_UCR_Anomaly_TkeepFirstMARS_3500_5365_5380,0.322736,1.9003,0.5554,0.0063
timesfm_resid,ucr/158_UCR_Anomaly_TkeepForthMARS_3500_5988_6085,0.33709,3.0899,1.1948,0.0598
timesfm_resid,ucr/159_UCR_Anomaly_TkeepSecondMARS_3500_9330_9340,0.400185,7.7460,3.1540,0.0283
timesfm_resid,ucr/160_UCR_Anomaly_TkeepThirdMARS_3500_4711_4809,0.372376,3.5525,1.2980,0.0945
timesfm_resid,ucr/161_UCR_Anomaly_WalkingAceleration1_1500_2764_2995,1.00272,0.8076,-0.1848,0.0579
timesfm_resid,ucr/162_UCR_Anomaly_WalkingAceleration5_2700_5920_5979,1.26613,3.7250,2.6353,0.2051
timesfm_resid,ucr/163_UCR_Anomaly_apneaecg2_10000_20950_21100,1.91103,2.6635,0.8108,0.0162
timesfm_resid,ucr/164_UCR_Anomaly_apneaecg3_5000_11111_11211,2.07973,1.0371,0.0185,0.0054
timesfm_resid,ucr/165_UCR_Anomaly_apneaecg4_6000_16000_16100,1.91105,0.2096,-0.3884,0.0034
timesfm_resid,ucr/166_UCR_Anomaly_apneaecg_10000_12240_12308,1.92508,1.1029,0.0501,0.0035
timesfm_resid,ucr/167_UCR_Anomaly_gait1_20000_38500_38800,14.553,0.9243,-0.0548,0.0090
timesfm_resid,ucr/168_UCR_Anomaly_gait2_22000_46500_46800,13.6279,1.5418,0.3856,0.0155
timesfm_resid,ucr/169_UCR_Anomaly_gait3_24500_59900_60500,12.5041,1.3460,0.2405,0.0246
timesfm_resid,ucr/170_UCR_Anomaly_gaitHunt1_18500_33070_33180,7.30053,1.2067,0.1363,0.0039
timesfm_resid,ucr/171_UCR_Anomaly_gaitHunt2_18500_31200_31850,7.31313,0.8869,-0.0744,0.0155
timesfm_resid,ucr/172_UCR_Anomaly_gaitHunt3_23400_38400_39200,7.05768,1.0896,0.0595,0.0263
timesfm_resid,ucr/173_UCR_Anomaly_insectEPG1_3000_7000_7030,0.368335,1.4720,0.4499,0.0092
timesfm_resid,ucr/174_UCR_Anomaly_insectEPG2_3700_8000_8025,0.378595,2.3898,1.3435,0.0185
timesfm_resid,ucr/175_UCR_Anomaly_insectEPG3_5200_7000_7050,0.396463,0.8624,-0.1357,0.0140
timesfm_resid,ucr/176_UCR_Anomaly_insectEPG4_1300_6508_6558,0.367489,1.4264,0.4067,0.0127
timesfm_resid,ucr/178_UCR_Anomaly_ltstdbs30791AI_17555_52600_52800,2.10514,6.0722,2.0653,0.0445
timesfm_resid,ucr/179_UCR_Anomaly_ltstdbs30791AS_23000_52600_52800,1.75918,7.3023,2.5427,0.0570
timesfm_resid,ucr/180_UCR_Anomaly_ltstdbs30791ES_20000_52600_52800,2.38328,2.2064,0.4929,0.0226
timesfm_resid,ucr/181_UCR_Anomaly_park3m_60000_72150_72495,6.8275,1.6298,0.3885,0.0209
timesfm_resid,ucr/182_UCR_Anomaly_qtdbSel1005V_4000_12400_12800,2.06496,0.9995,-0.0002,0.0179
timesfm_resid,ucr/183_UCR_Anomaly_qtdbSel100MLII_4000_13400_13800,2.45934,0.8260,-0.0741,0.0223
timesfm_resid,ucr/184_UCR_Anomaly_resperation10_48000_130700_131880,4.49308,2.2808,0.9668,0.0311
timesfm_resid,ucr/186_UCR_Anomaly_resperation1_100000_110260_110412,4.09503,1.5147,0.3983,0.0043
timesfm_resid,ucr/191_UCR_Anomaly_resperation9_38000_143411_143511,4.70086,1.6342,0.4922,0.0014
timesfm_resid,ucr/192_UCR_Anomaly_s20101mML2_12000_35774_35874,1.48092,4.8291,1.9610,0.0306
timesfm_resid,ucr/193_UCR_Anomaly_s20101m_10000_35774_35874,0.777293,2.1427,0.8792,0.0090
timesfm_resid,ucr/194_UCR_Anomaly_sddb49_20000_67950_68200,2.94228,4.8417,2.2022,0.0369
timesfm_resid,ucr/195_UCR_Anomaly_sel840mECG1_17000_51370_51740,2.21538,1.3811,0.1900,0.0176
timesfm_resid,ucr/196_UCR_Anomaly_sel840mECG2_20000_49370_49740,2.52682,1.3547,0.1858,0.0220
timesfm_resid,ucr/197_UCR_Anomaly_tiltAPB1_100000_114283_114350,1.07751,4.3866,2.3113,0.0225
timesfm_resid,ucr/198_UCR_Anomaly_tiltAPB2_50000_124159_124985,1.48411,1.4753,0.2808,0.0177
timesfm_resid,ucr/199_UCR_Anomaly_tiltAPB3_40000_114000_114370,1.4853,0.7714,-0.1293,0.0052
timesfm_resid,ucr/201_UCR_Anomaly_CHARISfive_10000_17001_17016,0.734898,3.6093,2.0033,0.0034
timesfm_resid,ucr/202_UCR_Anomaly_CHARISfive_10411_10998_11028,0.76013,1.9925,1.1004,0.0079
timesfm_resid,ucr/203_UCR_Anomaly_CHARISfive_10500_10995_11028,0.663656,1.6287,0.3534,0.0028
timesfm_resid,ucr/204_UCR_Anomaly_CHARISfive_12412_15000_15070,0.753325,3.8137,3.1077,0.0923
timesfm_resid,ucr/205_UCR_Anomaly_CHARISfive_9812_28995_29085,0.778459,0.7210,-0.3120,0.0039
timesfm_resid,ucr/206_UCR_Anomaly_CHARISten_25130_29080_29140,0.386689,4.8600,2.0245,0.0328
timesfm_resid,ucr/207_UCR_Anomaly_CHARISten_3165_26929_26989,0.374796,3.4640,2.5806,0.0423
timesfm_resid,ucr/208_UCR_Anomaly_CHARISten_5130_27929_27989,0.363137,1.7249,0.3583,0.0041
timesfm_resid,ucr/209_UCR_Anomaly_Fantasia_19000_26970_27270,0.556124,1.7192,0.3648,0.0098
timesfm_resid,ucr/210_UCR_Anomaly_Italianpowerdemand_36123_74900_74996,1.48373,0.3474,-0.5083,0.0012
timesfm_resid,ucr/211_UCR_Anomaly_Italianpowerdemand_38113_39240_39336,1.44315,0.5104,-0.3742,0.0013
timesfm_resid,ucr/212_UCR_Anomaly_Italianpowerdemand_8913_29480_29504,0.397047,2.0829,0.9057,0.0040
timesfm_resid,ucr/213_UCR_Anomaly_STAFFIIIDatabase_33211_126920_127370,8.60799,1.1654,0.0755,0.0045
timesfm_resid,ucr/214_UCR_Anomaly_STAFFIIIDatabase_34211_125720_126370,5.19744,1.9183,0.4456,0.0043
timesfm_resid,ucr/215_UCR_Anomaly_STAFFIIIDatabase_36276_106720_107370,10.2606,1.2772,0.1429,0.0032
timesfm_resid,ucr/216_UCR_Anomaly_STAFFIIIDatabase_37216_160720_161370,10.2996,1.7257,0.3119,0.0038
timesfm_resid,ucr/217_UCR_Anomaly_STAFFIIIDatabase_38211_150720_151370,5.09605,1.1122,0.0542,0.0027
timesfm_resid,ucr/218_UCR_Anomaly_STAFFIIIDatabase_41117_210720_211370,8.16137,1.3653,0.1673,0.0033
timesfm_resid,ucr/219_UCR_Anomaly_STAFFIIIDatabase_41612_64632_64852,7.96642,1.0455,0.0206,0.0016
timesfm_resid,ucr/220_UCR_Anomaly_STAFFIIIDatabase_43217_250720_251370,3.15704,1.3120,0.2335,0.0040
timesfm_resid,ucr/221_UCR_Anomaly_STAFFIIIDatabase_45616_163632_164852,10.2418,0.9298,-0.0358,0.0050
timesfm_resid,ucr/222_UCR_Anomaly_mit14046longtermecg_56123_91200_91700,2.88449,1.8789,0.3905,0.0060
timesfm_resid,ucr/223_UCR_Anomaly_mit14046longtermecg_74123_131200_131700,1.79452,0.5527,-0.2144,0.0046
timesfm_resid,ucr/224_UCR_Anomaly_mit14046longtermecg_76123_191200_191700,1.89474,0.7610,-0.1051,0.0044
timesfm_resid,ucr/225_UCR_Anomaly_mit14046longtermecg_81214_143000_143300,1.25628,1.6760,0.3172,0.0049
timesfm_resid,ucr/226_UCR_Anomaly_mit14046longtermecg_96123_123000_123300,0.827816,4.8116,1.7130,0.0212
timesfm_resid,ucr/227_UCR_Anomaly_mit14134longtermecg_11231_29000_29100,1.33845,1.3903,0.2303,0.0037
timesfm_resid,ucr/228_UCR_Anomaly_mit14134longtermecg_11361_47830_47850,1.56726,2.8379,1.2136,0.0021
timesfm_resid,ucr/229_UCR_Anomaly_mit14134longtermecg_16363_57960_57970,1.58684,3.0962,1.4790,0.0018
timesfm_resid,ucr/230_UCR_Anomaly_mit14134longtermecg_19363_19510_19610,1.65835,1.6141,0.4545,0.0050
timesfm_resid,ucr/231_UCR_Anomaly_mit14134longtermecg_8763_47530_47790,1.57615,0.9754,-0.0150,0.0084
timesfm_resid,ucr/232_UCR_Anomaly_mit14134longtermecg_8763_57530_57790,1.57257,0.9683,-0.0193,0.0074
timesfm_resid,ucr/236_UCR_Anomaly_mit14157longtermecg_19313_46350_46390,0.896614,1.4419,0.2342,0.0016
timesfm_resid,ucr/237_UCR_Anomaly_mit14157longtermecg_19313_89560_90370,1.11594,2.1067,0.6160,0.0249
timesfm_resid,ucr/238_UCR_Anomaly_mit14157longtermecg_21311_72600_72780,1.64316,2.3787,0.8448,0.0071
timesfm_resid,ucr/241_UCR_Anomaly_taichidbS0715Master_250000_837400_839100,111.799,2.6312,0.0818,0.0023
timesfm_resid,ucr/242_UCR_Anomaly_tilt12744mtable_100000_104630_104890,2.58424,1.6455,0.3228,0.0029
timesfm_resid,ucr/243_UCR_Anomaly_tilt12744mtable_100000_203355_203400,2.502,3.2344,1.1011,0.0017
timesfm_resid,ucr/244_UCR_Anomaly_tilt12754table_100013_104630_104890,1.18196,3.3323,1.1675,0.0056
timesfm_resid,ucr/245_UCR_Anomaly_tilt12754table_100211_270800_271070,1.1664,4.7009,1.9185,0.0112
timesfm_resid,ucr/246_UCR_Anomaly_tilt12755mtable_100211_270800_271070,1.65921,3.8573,1.1527,0.0078
timesfm_resid,ucr/247_UCR_Anomaly_tilt12755mtable_50211_121900_121980,1.8391,3.3604,1.0784,0.0027
timesfm_resid,ucr/248_UCR_Anomaly_weallwalk_2000_4702_4707,0.339387,3.2160,2.0580,0.0096
timesfm_resid,ucr/249_UCR_Anomaly_weallwalk_2753_8285_8315,0.37551,1.0615,0.0581,0.0075
timesfm_resid,ucr/250_UCR_Anomaly_weallwalk_2951_7290_7296,0.39156,2.3671,1.3180,0.0075
timesfm_resid,nasa/P-1,33424.3,1.0995,0.1712,0.1252
timesfm_resid,nasa/E-2,12860.3,0.5410,-0.2931,0.1112
timesfm_resid,nasa/E-5,33459.9,1.6141,1.1123,0.0488
timesfm_resid,nasa/S-1,13218.4,1.9428,0.6162,0.0599
timesfm_resid,nasa/E-3,32682.9,0.1334,-1.4702,0.2489
timesfm_resid,nasa/E-1,34523.3,1.1393,0.2465,0.0805
timesfm_resid,nasa/E-4,27372.5,0.1257,-1.0941,0.2065
timesfm_resid,nasa/E-7,10355.2,2.3708,0.7564,0.0467
tirex_resid,nasa/E-8,12056.1,2.7180,0.9539,0.0917
tirex_resid,nasa/E-9,14459.3,2.7151,1.1109,0.0605
tirex_resid,nasa/E-10,19670,1.9953,0.8412,0.0595
tirex_resid,nasa/E-11,36755,1.4460,0.8516,0.0653
tirex_resid,nasa/E-12,36681.6,1.1768,0.3355,0.0918
tirex_resid,nasa/E-13,45113.1,1.0179,0.0624,0.0471
tirex_resid,nasa/A-1,46635.6,1.1528,0.5699,0.0155
tirex_resid,nasa/D-1,47479,0.0924,-3.6951,0.2360
tirex_resid,nasa/P-2,24706.6,0.5392,-0.4839,0.1128
tirex_resid,nasa/P-3,23203.2,0.4415,-0.5461,0.1176
tirex_resid,nasa/D-2,46681.2,1.0196,0.0731,0.4915
tirex_resid,nasa/D-3,42528.1,1.0280,0.0917,0.3911
tirex_resid,nasa/D-4,47021.8,0.9808,-0.0704,0.3854
tirex_resid,nasa/A-2,45314.7,0.9954,-0.0163,0.0283
tirex_resid,nasa/A-3,43399.9,1.2615,0.8677,0.0436
tirex_resid,nasa/A-4,43975.2,0.9726,-0.0930,0.0220
tirex_resid,nasa/G-1,43638.1,1.0751,0.2536,0.0210
tirex_resid,nasa/D-5,43939.5,0.9915,-0.0275,0.0136
tirex_resid,nasa/D-6,47070.3,1.0695,0.2719,0.0205
tirex_resid,nasa/D-7,49364,1.0094,0.0412,0.3719
tirex_resid,nasa/F-1,4371.14,0.0002,-0.3328,0.0130
tirex_resid,nasa/P-4,1279.56,7.0818,1.1378,0.1010
tirex_resid,nasa/G-3,45376.2,1.0118,0.0433,0.0117
tirex_resid,nasa/T-1,2472.38,0.0004,-0.2811,0.1690
tirex_resid,nasa/T-2,2418.55,0.0004,-0.2541,0.1809
tirex_resid,nasa/D-8,2185.6,0.0005,-0.2406,0.0080
tirex_resid,nasa/D-9,2128.93,0.0004,-0.2386,0.1334
tirex_resid,nasa/F-2,3135.64,0.0003,-0.2890,0.2927
tirex_resid,nasa/G-4,530.872,0.0015,-0.1829,0.0052
tirex_resid,nasa/T-3,2117.54,0.0014,-0.2482,0.0263
tirex_resid,nasa/D-11,12097.1,0.0301,-0.7278,0.1019
tirex_resid,nasa/D-12,1162.99,0.0008,-0.3252,0.2868
tirex_resid,nasa/B-1,1481.63,0.0006,-0.2064,0.0107
tirex_resid,nasa/G-6,1260.57,0.3251,-0.1288,0.0308
tirex_resid,nasa/G-7,9267.58,0.5981,-0.3208,0.2611
tirex_resid,nasa/P-7,2519.93,0.0006,-0.2614,0.2070
tirex_resid,nasa/R-1,15281.8,0.9949,-0.0052,0.0157
tirex_resid,nasa/A-5,685.254,21.1959,4.2088,0.2307
tirex_resid,nasa/A-6,1001.6,0.0025,-0.2000,0.0250
tirex_resid,nasa/A-7,940.723,0.0010,-0.2131,0.2228
tirex_resid,nasa/D-13,3452.5,0.0002,-0.3518,0.0236
tirex_resid,nasa/A-8,30585.8,0.5468,-0.7463,0.4018
tirex_resid,nasa/A-9,7383.86,0.0100,-0.5336,0.3561
tirex_resid,nasa/M-6,24363.2,0.9230,-0.1776,0.1092
tirex_resid,nasa/M-1,19265.1,1.1936,0.3203,0.5850
tirex_resid,nasa/M-2,19819.5,1.1396,0.2239,0.5612
tirex_resid,nasa/S-2,38025.4,0.9215,-0.2125,0.0126
tirex_resid,nasa/P-10,27483.3,1.7669,1.2402,0.0585
tirex_resid,nasa/T-5,26509.3,1.0066,0.0169,0.0177
tirex_resid,nasa/F-7,23062.8,0.8455,-0.3551,0.0954
tirex_resid,nasa/M-3,19945.2,1.1458,0.3308,0.1818
tirex_resid,nasa/M-4,20137.7,0.9619,-0.0822,0.1675
tirex_resid,nasa/M-5,17572.3,1.1924,0.4310,0.2285
tirex_resid,nasa/P-15,20475.4,0.9636,-0.0586,0.0096
tirex_resid,nasa/C-1,25586.1,1.4083,0.7089,0.2514
tirex_resid,nasa/C-2,21288.2,1.3530,0.6172,0.1936
tirex_resid,nasa/T-12,20132.8,1.1395,0.2555,0.1294
tirex_resid,nasa/T-13,19625.6,1.3928,0.7283,0.2398
tirex_resid,nasa/F-4,23523.3,1.0091,0.0199,0.0336
tirex_resid,nasa/F-5,22691.2,0.8991,-0.2163,0.0512
tirex_resid,nasa/D-14,21773.7,1.6213,1.0293,0.1855
tirex_resid,nasa/P-14,27345.7,1.2120,0.3424,0.0438
tirex_resid,nasa/T-8,27837.6,1.0418,0.0947,0.1244
tirex_resid,nasa/P-11,18244.6,1.1728,0.3441,0.1159
tirex_resid,nasa/D-15,25978.2,1.1655,0.4222,0.3909
tirex_resid,nasa/D-16,20976.7,1.2042,0.3939,0.3860
tirex_resid,nasa/M-7,28106.9,1.7156,1.4420,0.4645
tirex_resid,nasa/F-8,27496.2,1.2832,0.5505,0.2943
tirex_resid,psm/psm,4.68865,1.3275,0.0845,0.4058
tirex_resid,smd/machine-1-1,4.20824,2.2782,0.8747,0.2705
tirex_resid,smd/machine-1-2,13301.3,1.7016,0.6729,0.2546
tirex_resid,smd/machine-1-3,1.66649,2.7383,0.9895,0.1272
tirex_resid,smd/machine-1-4,1.68834,2.9004,1.1440,0.1333
tirex_resid,smd/machine-1-5,4.87148,2.8565,0.4758,0.0217
tirex_resid,smd/machine-1-6,7919.98,1.5752,0.3762,0.2748
tirex_resid,smd/machine-1-7,2.14541,1.0913,0.1055,0.1570
tirex_resid,smd/machine-1-8,4.69939,2.1658,0.8086,0.1102
tirex_resid,smd/machine-2-1,26446.3,0.9280,-0.1027,0.0838
tirex_resid,smd/machine-2-2,3.82224,0.2685,-0.1826,0.1211
tirex_resid,smd/machine-2-3,3.31991,8.2034,3.4944,0.1400
tirex_resid,smd/machine-2-4,2.4824,2.0184,0.9095,0.1688
tirex_resid,smd/machine-2-5,7011.6,0.9489,-0.0307,0.0590
tirex_resid,smd/machine-2-6,5.34672,3.3793,2.6074,0.1890
tirex_resid,smd/machine-2-7,5.13705,16.7160,11.6297,0.1525
tirex_resid,smd/machine-2-8,3.48576,18.5330,12.7822,0.5820
tirex_resid,smd/machine-2-9,2069.77,1.3733,0.2183,0.1154
tirex_resid,smd/machine-3-1,4.54532,5.4498,4.8277,0.2138
tirex_resid,smd/machine-3-10,3700.25,1.5431,0.4025,0.1333
tirex_resid,smd/machine-3-11,4.57995,7.6862,5.8342,0.3861
tirex_resid,smd/machine-3-2,3.07061,0.6501,-0.2893,0.0559
tirex_resid,smd/machine-3-3,1.61175,2.7599,2.1414,0.1761
tirex_resid,smd/machine-3-4,1.04775,1.0621,0.1062,0.0702
tirex_resid,smd/machine-3-5,1034.37,0.6433,-0.0766,0.0493
tirex_resid,smd/machine-3-6,13.3592,0.8689,-0.0359,0.0988
tirex_resid,smd/machine-3-7,6.18198,2.0986,1.0598,0.0469
tirex_resid,smd/machine-3-8,2119.56,2.7549,0.8345,0.1869
tirex_resid,smd/machine-3-9,3.27107,4.3929,3.8793,0.2361
tirex_resid,ucr/001_UCR_Anomaly_DISTORTED1sddb40_35000_52000_52620,3.24817,1.2106,0.1568,0.0218
tirex_resid,ucr/002_UCR_Anomaly_DISTORTED2sddb40_35000_56600_56900,3.24489,0.5405,-0.3457,0.0071
tirex_resid,ucr/003_UCR_Anomaly_DISTORTED3sddb40_35000_46600_46900,3.25264,1.4712,0.3527,0.0132
tirex_resid,ucr/004_UCR_Anomaly_DISTORTEDBIDMC1_2500_5400_5600,1.23219,2.4977,1.6172,0.2071
tirex_resid,ucr/006_UCR_Anomaly_DISTORTEDCIMIS44AirTemperature2_4000_5703_5727,1.09419,2.6763,1.9738,0.0870
tirex_resid,ucr/007_UCR_Anomaly_DISTORTEDCIMIS44AirTemperature3_4000_6520_6544,1.11693,2.6728,1.8794,0.0590
tirex_resid,ucr/008_UCR_Anomaly_DISTORTEDCIMIS44AirTemperature4_4000_5549_5597,1.09322,2.1915,1.4185,0.0721
tirex_resid,ucr/009_UCR_Anomaly_DISTORTEDCIMIS44AirTemperature5_4000_4852_4900,1.07493,2.0632,1.1812,0.0618
tirex_resid,ucr/010_UCR_Anomaly_DISTORTEDCIMIS44AirTemperature6_4000_6006_6054,1.07337,2.1142,1.2697,0.0803
tirex_resid,ucr/011_UCR_Anomaly_DISTORTEDECG1_10000_11800_12100,0.915142,4.0104,2.2451,0.0968
tirex_resid,ucr/012_UCR_Anomaly_DISTORTEDECG2_15000_16000_16100,0.931247,1.5073,0.3802,0.0154
tirex_resid,ucr/013_UCR_Anomaly_DISTORTEDECG3_15000_16000_16100,1.88621,1.0617,0.0365,0.0112
tirex_resid,ucr/014_UCR_Anomaly_DISTORTEDECG3_8000_17000_17100,1.71658,1.3269,0.1922,0.0099
tirex_resid,ucr/015_UCR_Anomaly_DISTORTEDECG4_5000_16800_17100,5.63787,1.8304,0.7518,0.0092
tirex_resid,ucr/016_UCR_Anomaly_DISTORTEDECG4_5000_16900_17100,2.21537,1.3194,0.1868,0.0146
tirex_resid,ucr/017_UCR_Anomaly_DISTORTEDECG4_5000_17000_17100,2.27039,1.7314,0.4355,0.0081
tirex_resid,ucr/018_UCR_Anomaly_DISTORTEDECG4_8000_17000_17100,1.73959,0.7107,-0.1712,0.0059
tirex_resid,ucr/019_UCR_Anomaly_DISTORTEDGP711MarkerLFM5z1_5000_6168_6212,1.78773,3.6717,2.5770,0.1105
tirex_resid,ucr/020_UCR_Anomaly_DISTORTEDGP711MarkerLFM5z2_5000_7175_7388,2.23304,4.0717,2.5975,0.2600
tirex_resid,ucr/021_UCR_Anomaly_DISTORTEDGP711MarkerLFM5z3_5000_5948_5993,1.95598,3.0135,1.9166,0.0517
tirex_resid,ucr/022_UCR_Anomaly_DISTORTEDGP711MarkerLFM5z4_4000_6527_6645,1.95594,4.3153,3.0383,0.1905
tirex_resid,ucr/023_UCR_Anomaly_DISTORTEDGP711MarkerLFM5z5_5000_8612_8716,2.18028,2.8933,1.6992,0.1209
tirex_resid,ucr/024_UCR_Anomaly_DISTORTEDInternalBleeding10_3200_4526_4556,2.15803,0.8213,-0.2209,0.0152
tirex_resid,ucr/025_UCR_Anomaly_DISTORTEDInternalBleeding14_2800_5607_5634,2.53822,2.7913,1.8652,0.1086
tirex_resid,ucr/026_UCR_Anomaly_DISTORTEDInternalBleeding15_1700_5684_5854,2.54955,1.4342,0.3974,0.0617
tirex_resid,ucr/027_UCR_Anomaly_DISTORTEDInternalBleeding16_1200_4187_4199,2.1214,2.0897,1.1649,0.0092
tirex_resid,ucr/028_UCR_Anomaly_DISTORTEDInternalBleeding17_1600_3198_3309,2.46079,1.9501,0.9729,0.0590
tirex_resid,ucr/029_UCR_Anomaly_DISTORTEDInternalBleeding18_2300_4485_4587,2.35818,1.1660,0.1934,0.0394
tirex_resid,ucr/030_UCR_Anomaly_DISTORTEDInternalBleeding19_3000_4187_4197,2.33556,1.8284,0.9483,0.0113
tirex_resid,ucr/031_UCR_Anomaly_DISTORTEDInternalBleeding20_2700_5759_5919,2.59529,1.8612,0.7788,0.1029
tirex_resid,ucr/032_UCR_Anomaly_DISTORTEDInternalBleeding4_1000_4675_5033,2.71171,3.9460,2.8329,0.3962
tirex_resid,ucr/033_UCR_Anomaly_DISTORTEDInternalBleeding5_4000_6200_6370,2.47551,3.2249,1.9334,0.2876
tirex_resid,ucr/034_UCR_Anomaly_DISTORTEDInternalBleeding6_1500_3474_3629,1.80344,2.8567,1.6983,0.1311
tirex_resid,ucr/035_UCR_Anomaly_DISTORTEDInternalBleeding8_2500_5865_5974,1.45252,1.6770,0.7338,0.1318
tirex_resid,ucr/036_UCR_Anomaly_DISTORTEDInternalBleeding9_4200_6599_6681,2.37207,1.3269,0.3365,0.0503
tirex_resid,ucr/037_UCR_Anomaly_DISTORTEDLab2Cmac011215EPG1_5000_17210_17260,0.611553,2.9678,1.9605,0.0311
tirex_resid,ucr/038_UCR_Anomaly_DISTORTEDLab2Cmac011215EPG2_5000_27862_27932,0.607729,1.2608,0.2584,0.0071
tirex_resid,ucr/039_UCR_Anomaly_DISTORTEDLab2Cmac011215EPG3_5000_16390_16420,0.606377,2.0538,1.0484,0.0053
tirex_resid,ucr/040_UCR_Anomaly_DISTORTEDLab2Cmac011215EPG4_6000_17390_17520,0.609797,1.0959,0.0954,0.0085
tirex_resid,ucr/041_UCR_Anomaly_DISTORTEDLab2Cmac011215EPG5_7000_17390_17520,0.603561,1.5057,0.5039,0.0121
tirex_resid,ucr/042_UCR_Anomaly_DISTORTEDLab2Cmac011215EPG6_7000_12190_12420,0.608259,0.5853,-0.4167,0.0115
tirex_resid,ucr/043_UCR_Anomaly_DISTORTEDMesoplodonDensirostris_10000_19280_19440,3.67951,1.5398,0.4648,0.0304
tirex_resid,ucr/044_UCR_Anomaly_DISTORTEDPowerDemand1_9000_18485_18821,0.393084,1.4775,0.4627,0.0371
tirex_resid,ucr/045_UCR_Anomaly_DISTORTEDPowerDemand2_14000_23357_23717,0.392765,0.7613,-0.2213,0.0254
tirex_resid,ucr/046_UCR_Anomaly_DISTORTEDPowerDemand3_16000_23405_23477,0.399434,1.6721,0.6126,0.0172
tirex_resid,ucr/047_UCR_Anomaly_DISTORTEDPowerDemand4_18000_24005_24077,0.396548,3.9426,2.7362,0.0662
tirex_resid,ucr/048_UCR_Anomaly_DISTORTEDTkeepFifthMARS_3500_5988_6085,0.770247,2.5376,0.9496,0.0852
tirex_resid,ucr/049_UCR_Anomaly_DISTORTEDTkeepFirstMARS_3500_5365_5380,0.576356,0.6845,-0.3490,0.0032
tirex_resid,ucr/050_UCR_Anomaly_DISTORTEDTkeepForthMARS_3500_5988_6085,0.584818,2.1599,1.2656,0.0621
tirex_resid,ucr/051_UCR_Anomaly_DISTORTEDTkeepSecondMARS_3500_9330_9340,0.655035,5.5480,3.2736,0.0383
tirex_resid,ucr/052_UCR_Anomaly_DISTORTEDTkeepThirdMARS_3500_4711_4809,0.594331,2.2024,1.3051,0.0934
tirex_resid,ucr/053_UCR_Anomaly_DISTORTEDWalkingAceleration1_1500_2764_2995,1.10963,0.8299,-0.1717,0.0610
tirex_resid,ucr/054_UCR_Anomaly_DISTORTEDWalkingAceleration5_2700_5920_5979,1.38441,2.8851,1.9311,0.1375
tirex_resid,ucr/055_UCR_Anomaly_DISTORTEDapneaecg2_10000_20950_21100,1.79456,2.7744,0.8982,0.0173
tirex_resid,ucr/056_UCR_Anomaly_DISTORTEDapneaecg3_5000_11111_11211,1.94656,1.0786,0.0398,0.0057
tirex_resid,ucr/057_UCR_Anomaly_DISTORTEDapneaecg4_6000_16000_16100,1.79236,0.4312,-0.2876,0.0037
tirex_resid,ucr/058_UCR_Anomaly_DISTORTEDapneaecg_10000_12240_12308,1.81875,0.9190,-0.0410,0.0031
tirex_resid,ucr/059_UCR_Anomaly_DISTORTEDgait1_20000_38500_38800,9.27008,0.4004,-0.5298,0.0069
tirex_resid,ucr/060_UCR_Anomaly_DISTORTEDgait2_22000_46500_46800,8.90138,1.0813,0.0728,0.0108
tirex_resid,ucr/061_UCR_Anomaly_DISTORTEDgait3_24500_59900_60500,8.8647,1.4459,0.3929,0.0452
tirex_resid,ucr/062_UCR_Anomaly_DISTORTEDgaitHunt1_18500_33070_33180,9.18974,0.5946,-0.3723,0.0030
tirex_resid,ucr/063_UCR_Anomaly_DISTORTEDgaitHunt2_18500_31200_31850,9.11491,0.7756,-0.2028,0.0154
tirex_resid,ucr/064_UCR_Anomaly_DISTORTEDgaitHunt3_23400_38400_39200,9.03072,1.0168,0.0151,0.0238
tirex_resid,ucr/065_UCR_Anomaly_DISTORTEDinsectEPG1_3000_7000_7030,0.339378,1.3269,0.2909,0.0092
tirex_resid,ucr/066_UCR_Anomaly_DISTORTEDinsectEPG2_3700_8000_8025,0.336869,2.7340,1.5664,0.0227
tirex_resid,ucr/067_UCR_Anomaly_DISTORTEDinsectEPG3_5200_7000_7050,0.352446,1.1078,0.0996,0.0170
tirex_resid,ucr/068_UCR_Anomaly_DISTORTEDinsectEPG4_1300_6508_6558,0.327832,1.4155,0.3733,0.0129
tirex_resid,ucr/070_UCR_Anomaly_DISTORTEDltstdbs30791AI_17555_52600_52800,3.56824,2.7562,0.8839,0.0164
tirex_resid,ucr/071_UCR_Anomaly_DISTORTEDltstdbs30791AS_23000_52600_52800,3.56993,4.2866,2.0900,0.0418
tirex_resid,ucr/072_UCR_Anomaly_DISTORTEDltstdbs30791ES_20000_52600_52800,2.72196,1.2459,0.1266,0.0111
tirex_resid,ucr/073_UCR_Anomaly_DISTORTEDpark3m_60000_72150_72495,7.74297,1.1349,0.1132,0.0167
tirex_resid,ucr/074_UCR_Anomaly_DISTORTEDqtdbSel1005V_4000_12400_12800,2.14993,0.8603,-0.0848,0.0155
tirex_resid,ucr/075_UCR_Anomaly_DISTORTEDqtdbSel100MLII_4000_13400_13800,2.57014,0.7294,-0.1484,0.0167
tirex_resid,ucr/076_UCR_Anomaly_DISTORTEDresperation10_48000_130700_131880,5.50745,1.3389,0.3104,0.0136
tirex_resid,ucr/078_UCR_Anomaly_DISTORTEDresperation1_100000_110260_110412,5.21339,0.4025,-0.5555,0.0016
tirex_resid,ucr/083_UCR_Anomaly_DISTORTEDresperation9_38000_143411_143511,5.58103,1.6398,0.5942,0.0016
tirex_resid,ucr/084_UCR_Anomaly_DISTORTEDs20101mML2_12000_35774_35874,1.42681,4.8115,2.0505,0.0244
tirex_resid,ucr/085_UCR_Anomaly_DISTORTEDs20101m_10000_35774_35874,0.872879,1.9789,0.8005,0.0092
tirex_resid,ucr/086_UCR_Anomaly_DISTORTEDsddb49_20000_67950_68200,3.49748,3.0938,1.7639,0.0369
tirex_resid,ucr/087_UCR_Anomaly_DISTORTEDsel840mECG1_17000_51370_51740,2.30451,1.4033,0.2204,0.0166
tirex_resid,ucr/088_UCR_Anomaly_DISTORTEDsel840mECG2_20000_49370_49740,2.54925,1.0799,0.0502,0.0156
tirex_resid,ucr/089_UCR_Anomaly_DISTORTEDtiltAPB1_100000_114283_114350,2.09181,3.4694,2.4868,0.0439
tirex_resid,ucr/090_UCR_Anomaly_DISTORTEDtiltAPB2_50000_124159_124985,2.71701,0.9915,-0.0072,0.0119
tirex_resid,ucr/091_UCR_Anomaly_DISTORTEDtiltAPB3_40000_114000_114370,2.69463,0.5769,-0.3540,0.0040
tirex_resid,ucr/093_UCR_Anomaly_NOISE1sddb40_35000_52000_52620,1.85461,1.1849,0.1400,0.0211
tirex_resid,ucr/094_UCR_Anomaly_NOISEBIDMC1_2500_5400_5600,0.743758,3.5668,2.6200,0.2482
tirex_resid,ucr/095_UCR_Anomaly_NOISECIMIS44AirTemperature4_4000_5549_5597,0.918857,2.6680,1.9476,0.1214
tirex_resid,ucr/096_UCR_Anomaly_NOISEECG4_5000_16900_17100,1.10796,1.4759,0.2542,0.0180
tirex_resid,ucr/097_UCR_Anomaly_NOISEGP711MarkerLFM5z3_5000_5948_5993,0.83762,2.2468,1.1632,0.0796
tirex_resid,ucr/098_UCR_Anomaly_NOISEInternalBleeding16_1200_4187_4199,0.661607,1.7357,0.8362,0.0058
tirex_resid,ucr/099_UCR_Anomaly_NOISEInternalBleeding6_1500_3474_3629,0.802818,4.0156,2.4536,0.2007
tirex_resid,ucr/100_UCR_Anomaly_NOISELab2Cmac011215EPG1_5000_17210_17260,0.597298,2.9679,1.9387,0.0305
tirex_resid,ucr/101_UCR_Anomaly_NOISELab2Cmac011215EPG4_6000_17390_17520,0.605625,1.0764,0.0757,0.0086
tirex_resid,ucr/102_UCR_Anomaly_NOISEMesoplodonDensirostris_10000_19280_19440,1.65637,1.6182,0.5297,0.0259
tirex_resid,ucr/103_UCR_Anomaly_NOISETkeepThirdMARS_3500_4711_4809,0.382443,2.7927,1.8324,0.1438
tirex_resid,ucr/104_UCR_Anomaly_NOISEapneaecg4_6000_16000_16100,1.24083,0.4470,-0.2762,0.0039
tirex_resid,ucr/105_UCR_Anomaly_NOISEgait3_24500_59900_60500,2.37738,1.1893,0.1528,0.0248
tirex_resid,ucr/106_UCR_Anomaly_NOISEgaitHunt2_18500_31200_31850,2.6543,0.6435,-0.3202,0.0134
tirex_resid,ucr/107_UCR_Anomaly_NOISEinsectEPG3_5200_7000_7050,0.317276,1.0036,0.0031,0.0160
tirex_resid,ucr/109_UCR_Anomaly_1sddb40_35000_52000_52620,3.2622,0.8425,-0.1121,0.0152
tirex_resid,ucr/110_UCR_Anomaly_2sddb40_35000_56600_56900,3.26909,0.4821,-0.3685,0.0064
tirex_resid,ucr/111_UCR_Anomaly_3sddb40_35000_46600_46900,3.25158,1.5874,0.4150,0.0139
tirex_resid,ucr/112_UCR_Anomaly_BIDMC1_2500_5400_5600,1.01246,3.8889,2.6539,0.2520
tirex_resid,ucr/114_UCR_Anomaly_CIMIS44AirTemperature2_4000_5703_5727,1.03095,2.6399,1.8516,0.0658
tirex_resid,ucr/115_UCR_Anomaly_CIMIS44AirTemperature3_4000_6520_6544,1.03529,2.8387,2.1053,0.0901
tirex_resid,ucr/116_UCR_Anomaly_CIMIS44AirTemperature4_4000_5549_5597,0.995989,2.6231,1.8322,0.0936
tirex_resid,ucr/117_UCR_Anomaly_CIMIS44AirTemperature5_4000_4852_4900,1.02985,2.0340,1.1804,0.0633
tirex_resid,ucr/118_UCR_Anomaly_CIMIS44AirTemperature6_4000_6006_6054,1.03059,1.7506,0.8416,0.0667
tirex_resid,ucr/119_UCR_Anomaly_ECG1_10000_11800_12100,0.923165,4.1292,2.1880,0.0951
tirex_resid,ucr/120_UCR_Anomaly_ECG2_15000_16000_16100,0.92463,1.6451,0.4516,0.0175
tirex_resid,ucr/121_UCR_Anomaly_ECG3_15000_16000_16100,1.66891,1.2762,0.1381,0.0131
tirex_resid,ucr/122_UCR_Anomaly_ECG3_8000_17000_17100,1.43602,1.4442,0.2194,0.0108
tirex_resid,ucr/123_UCR_Anomaly_ECG4_5000_16800_17100,6.49535,1.8387,0.6214,0.0111
tirex_resid,ucr/124_UCR_Anomaly_ECG4_5000_16900_17100,1.94996,1.4063,0.2042,0.0158
tirex_resid,ucr/125_UCR_Anomaly_ECG4_5000_17000_17100,1.94447,2.1166,0.5605,0.0098
tirex_resid,ucr/126_UCR_Anomaly_ECG4_8000_17000_17100,1.43817,1.1754,0.0867,0.0085
tirex_resid,ucr/127_UCR_Anomaly_GP711MarkerLFM5z1_5000_6168_6212,1.44624,5.2695,2.7253,0.0952
tirex_resid,ucr/128_UCR_Anomaly_GP711MarkerLFM5z2_5000_7175_7388,1.69871,6.4257,3.2092,0.3306
tirex_resid,ucr/129_UCR_Anomaly_GP711MarkerLFM5z3_5000_5948_5993,1.46952,3.7140,1.7574,0.0441
tirex_resid,ucr/130_UCR_Anomaly_GP711MarkerLFM5z4_4000_6527_6645,1.34206,5.8049,3.0231,0.1609
tirex_resid,ucr/131_UCR_Anomaly_GP711MarkerLFM5z5_5000_8612_8716,1.63502,5.0456,2.6075,0.1545
tirex_resid,ucr/132_UCR_Anomaly_InternalBleeding10_3200_4526_4556,1.57248,1.2141,0.2207,0.0373
tirex_resid,ucr/133_UCR_Anomaly_InternalBleeding14_2800_5607_5634,1.82268,4.2594,3.0136,0.2814
tirex_resid,ucr/134_UCR_Anomaly_InternalBleeding15_1700_5684_5854,2.08692,2.3473,0.9087,0.1210
tirex_resid,ucr/135_UCR_Anomaly_InternalBleeding16_1200_4187_4199,1.48764,2.5351,1.4436,0.0156
tirex_resid,ucr/136_UCR_Anomaly_InternalBleeding17_1600_3198_3309,1.54667,3.7858,2.6054,0.2394
tirex_resid,ucr/137_UCR_Anomaly_InternalBleeding18_2300_4485_4587,1.48405,1.2316,0.2261,0.0346
tirex_resid,ucr/138_UCR_Anomaly_InternalBleeding19_3000_4187_4197,1.52258,6.5247,5.2259,0.1988
tirex_resid,ucr/139_UCR_Anomaly_InternalBleeding20_2700_5759_5919,1.6386,2.9735,1.5788,0.2002
tirex_resid,ucr/140_UCR_Anomaly_InternalBleeding4_1000_4675_5033,2.3408,4.9518,3.4232,0.4496
tirex_resid,ucr/141_UCR_Anomaly_InternalBleeding5_4000_6200_6370,2.1951,3.5009,1.7620,0.2720
tirex_resid,ucr/142_UCR_Anomaly_InternalBleeding6_1500_3474_3629,1.56248,3.8857,2.2260,0.1655
tirex_resid,ucr/143_UCR_Anomaly_InternalBleeding8_2500_5865_5974,1.0232,1.1009,0.0909,0.0818
tirex_resid,ucr/144_UCR_Anomaly_InternalBleeding9_4200_6599_6681,1.764,1.3066,0.2962,0.0449
tirex_resid,ucr/145_UCR_Anomaly_Lab2Cmac011215EPG1_5000_17210_17260,0.60568,2.9781,1.9375,0.0311
tirex_resid,ucr/146_UCR_Anomaly_Lab2Cmac011215EPG2_5000_27862_27932,0.602356,1.2468,0.2414,0.0070
tirex_resid,ucr/147_UCR_Anomaly_Lab2Cmac011215EPG3_5000_16390_16420,0.602437,2.1326,1.1063,0.0058
tirex_resid,ucr/148_UCR_Anomaly_Lab2Cmac011215EPG4_6000_17390_17520,0.608092,1.0603,0.0591,0.0084
tirex_resid,ucr/149_UCR_Anomaly_Lab2Cmac011215EPG5_7000_17390_17520,0.60077,1.5618,0.5527,0.0126
tirex_resid,ucr/150_UCR_Anomaly_Lab2Cmac011215EPG6_7000_12190_12420,0.607554,0.4705,-0.5233,0.0108
tirex_resid,ucr/151_UCR_Anomaly_MesoplodonDensirostris_10000_19280_19440,3.8421,1.7090,0.5699,0.0308
tirex_resid,ucr/152_UCR_Anomaly_PowerDemand1_9000_18485_18821,0.305079,1.8626,0.6689,0.0478
tirex_resid,ucr/153_UCR_Anomaly_PowerDemand2_14000_23357_23717,0.305507,0.7555,-0.1833,0.0262
tirex_resid,ucr/154_UCR_Anomaly_PowerDemand3_16000_23405_23477,0.319712,2.0579,0.8052,0.0228
tirex_resid,ucr/155_UCR_Anomaly_PowerDemand4_18000_24005_24077,0.296592,5.0100,3.1099,0.0771
tirex_resid,ucr/156_UCR_Anomaly_TkeepFifthMARS_3500_5988_6085,0.426804,4.8368,1.3478,0.0960
tirex_resid,ucr/157_UCR_Anomaly_TkeepFirstMARS_3500_5365_5380,0.281444,2.1768,1.0416,0.0072
tirex_resid,ucr/158_UCR_Anomaly_TkeepForthMARS_3500_5988_6085,0.291671,2.3258,1.0611,0.0584
tirex_resid,ucr/159_UCR_Anomaly_TkeepSecondMARS_3500_9330_9340,0.372616,8.8243,3.3107,0.0341
tirex_resid,ucr/160_UCR_Anomaly_TkeepThirdMARS_3500_4711_4809,0.309823,3.9999,2.0512,0.1257
tirex_resid,ucr/161_UCR_Anomaly_WalkingAceleration1_1500_2764_2995,1.08419,0.6798,-0.3158,0.0530
tirex_resid,ucr/162_UCR_Anomaly_WalkingAceleration5_2700_5920_5979,1.33641,3.0617,2.0750,0.1500
tirex_resid,ucr/163_UCR_Anomaly_apneaecg2_10000_20950_21100,1.68914,3.0686,0.9570,0.0198
tirex_resid,ucr/164_UCR_Anomaly_apneaecg3_5000_11111_11211,1.84,1.1962,0.0919,0.0061
tirex_resid,ucr/165_UCR_Anomaly_apneaecg4_6000_16000_16100,1.73503,0.4049,-0.2791,0.0040
tirex_resid,ucr/166_UCR_Anomaly_apneaecg_10000_12240_12308,1.6983,1.0537,0.0247,0.0035
tirex_resid,ucr/167_UCR_Anomaly_gait1_20000_38500_38800,15.9999,0.5105,-0.3628,0.0080
tirex_resid,ucr/168_UCR_Anomaly_gait2_22000_46500_46800,15.4675,1.2420,0.1796,0.0114
tirex_resid,ucr/169_UCR_Anomaly_gait3_24500_59900_60500,14.6371,1.6074,0.4515,0.0545
tirex_resid,ucr/170_UCR_Anomaly_gaitHunt1_18500_33070_33180,11.3287,0.5515,-0.3675,0.0031
tirex_resid,ucr/171_UCR_Anomaly_gaitHunt2_18500_31200_31850,11.279,0.5800,-0.3429,0.0125
tirex_resid,ucr/172_UCR_Anomaly_gaitHunt3_23400_38400_39200,10.9641,0.9376,-0.0500,0.0223
tirex_resid,ucr/173_UCR_Anomaly_insectEPG1_3000_7000_7030,0.267569,1.8685,0.6367,0.0141
tirex_resid,ucr/174_UCR_Anomaly_insectEPG2_3700_8000_8025,0.27045,3.4087,1.7847,0.0275
tirex_resid,ucr/175_UCR_Anomaly_insectEPG3_5200_7000_7050,0.279973,1.3568,0.2693,0.0209
tirex_resid,ucr/176_UCR_Anomaly_insectEPG4_1300_6508_6558,0.261396,1.8525,0.6362,0.0152
tirex_resid,ucr/178_UCR_Anomaly_ltstdbs30791AI_17555_52600_52800,3.45329,2.9698,0.9275,0.0173
tirex_resid,ucr/179_UCR_Anomaly_ltstdbs30791AS_23000_52600_52800,3.56378,4.3248,1.9600,0.0395
tirex_resid,ucr/180_UCR_Anomaly_ltstdbs30791ES_20000_52600_52800,2.63724,1.4307,0.1905,0.0121
tirex_resid,ucr/181_UCR_Anomaly_park3m_60000_72150_72495,9.33989,1.0813,0.0550,0.0149
tirex_resid,ucr/182_UCR_Anomaly_qtdbSel1005V_4000_12400_12800,2.21567,0.7964,-0.1158,0.0144
tirex_resid,ucr/183_UCR_Anomaly_qtdbSel100MLII_4000_13400_13800,2.764,0.6906,-0.1617,0.0157
tirex_resid,ucr/184_UCR_Anomaly_resperation10_48000_130700_131880,5.64355,1.7264,0.5402,0.0192
tirex_resid,ucr/186_UCR_Anomaly_resperation1_100000_110260_110412,5.19002,1.4493,0.3339,0.0033
tirex_resid,ucr/191_UCR_Anomaly_resperation9_38000_143411_143511,5.83596,1.0641,0.0475,0.0011
tirex_resid,ucr/192_UCR_Anomaly_s20101mML2_12000_35774_35874,1.33991,5.4406,2.1478,0.0250
tirex_resid,ucr/193_UCR_Anomaly_s20101m_10000_35774_35874,0.813926,2.0038,0.7860,0.0084
tirex_resid,ucr/194_UCR_Anomaly_sddb49_20000_67950_68200,3.80492,3.5459,1.7333,0.0319
tirex_resid,ucr/195_UCR_Anomaly_sel840mECG1_17000_51370_51740,2.16491,1.2894,0.1479,0.0157
tirex_resid,ucr/196_UCR_Anomaly_sel840mECG2_20000_49370_49740,2.70458,1.1167,0.0681,0.0168
tirex_resid,ucr/197_UCR_Anomaly_tiltAPB1_100000_114283_114350,1.64588,4.6341,2.9789,0.0488
tirex_resid,ucr/198_UCR_Anomaly_tiltAPB2_50000_124159_124985,2.32368,1.0266,0.0180,0.0128
tirex_resid,ucr/199_UCR_Anomaly_tiltAPB3_40000_114000_114370,2.31073,0.6117,-0.2714,0.0045
tirex_resid,ucr/201_UCR_Anomaly_CHARISfive_10000_17001_17016,0.58877,5.4719,3.1632,0.0069
tirex_resid,ucr/202_UCR_Anomaly_CHARISfive_10411_10998_11028,0.7755,2.1784,1.3217,0.0135
tirex_resid,ucr/203_UCR_Anomaly_CHARISfive_10500_10995_11028,0.589612,1.6555,0.3622,0.0032
tirex_resid,ucr/204_UCR_Anomaly_CHARISfive_12412_15000_15070,0.766446,3.8286,3.1646,0.1107
tirex_resid,ucr/205_UCR_Anomaly_CHARISfive_9812_28995_29085,0.800209,0.6254,-0.4303,0.0035
tirex_resid,ucr/206_UCR_Anomaly_CHARISten_25130_29080_29140,0.291761,6.5402,2.5411,0.0483
tirex_resid,ucr/207_UCR_Anomaly_CHARISten_3165_26929_26989,0.452735,3.4491,2.7420,0.0424
tirex_resid,ucr/208_UCR_Anomaly_CHARISten_5130_27929_27989,0.273477,2.0085,0.4897,0.0049
tirex_resid,ucr/209_UCR_Anomaly_Fantasia_19000_26970_27270,0.549032,1.8476,0.4596,0.0086
tirex_resid,ucr/210_UCR_Anomaly_Italianpowerdemand_36123_74900_74996,1.44523,0.2914,-0.6122,0.0011
tirex_resid,ucr/211_UCR_Anomaly_Italianpowerdemand_38113_39240_39336,1.24872,0.8023,-0.1641,0.0015
tirex_resid,ucr/212_UCR_Anomaly_Italianpowerdemand_8913_29480_29504,0.306366,2.5881,1.1885,0.0051
tirex_resid,ucr/213_UCR_Anomaly_STAFFIIIDatabase_33211_126920_127370,5.98588,1.3699,0.1346,0.0051
tirex_resid,ucr/214_UCR_Anomaly_STAFFIIIDatabase_34211_125720_126370,4.1335,2.3354,0.5567,0.0056
tirex_resid,ucr/215_UCR_Anomaly_STAFFIIIDatabase_36276_106720_107370,6.10534,1.1855,0.0689,0.0028
tirex_resid,ucr/216_UCR_Anomaly_STAFFIIIDatabase_37216_160720_161370,7.92077,1.6974,0.2547,0.0039
tirex_resid,ucr/217_UCR_Anomaly_STAFFIIIDatabase_38211_150720_151370,4.11554,0.7020,-0.1247,0.0026
tirex_resid,ucr/218_UCR_Anomaly_STAFFIIIDatabase_41117_210720_211370,5.62792,1.2462,0.0906,0.0030
tirex_resid,ucr/219_UCR_Anomaly_STAFFIIIDatabase_41612_64632_64852,5.56448,1.5272,0.1911,0.0022
tirex_resid,ucr/220_UCR_Anomaly_STAFFIIIDatabase_43217_250720_251370,2.91702,1.2106,0.1502,0.0037
tirex_resid,ucr/221_UCR_Anomaly_STAFFIIIDatabase_45616_163632_164852,6.06194,1.2624,0.0969,0.0055
tirex_resid,ucr/222_UCR_Anomaly_mit14046longtermecg_56123_91200_91700,2.6443,1.7576,0.3144,0.0055
tirex_resid,ucr/223_UCR_Anomaly_mit14046longtermecg_74123_131200_131700,1.70502,0.5078,-0.2270,0.0043
tirex_resid,ucr/224_UCR_Anomaly_mit14046longtermecg_76123_191200_191700,1.74026,0.7033,-0.1224,0.0043
tirex_resid,ucr/225_UCR_Anomaly_mit14046longtermecg_81214_143000_143300,1.19413,1.5693,0.2552,0.0043
tirex_resid,ucr/226_UCR_Anomaly_mit14046longtermecg_96123_123000_123300,0.775693,4.5034,1.5081,0.0167
tirex_resid,ucr/227_UCR_Anomaly_mit14134longtermecg_11231_29000_29100,1.32181,1.3167,0.1841,0.0032
tirex_resid,ucr/228_UCR_Anomaly_mit14134longtermecg_11361_47830_47850,1.58086,2.4420,0.9809,0.0018
tirex_resid,ucr/229_UCR_Anomaly_mit14134longtermecg_16363_57960_57970,1.59014,3.0504,1.4647,0.0018
tirex_resid,ucr/230_UCR_Anomaly_mit14134longtermecg_19363_19510_19610,1.68849,1.6691,0.5091,0.0052
tirex_resid,ucr/231_UCR_Anomaly_mit14134longtermecg_8763_47530_47790,1.57065,0.9940,-0.0036,0.0087
tirex_resid,ucr/232_UCR_Anomaly_mit14134longtermecg_8763_57530_57790,1.56887,0.8783,-0.0735,0.0070
tirex_resid,ucr/236_UCR_Anomaly_mit14157longtermecg_19313_46350_46390,0.808893,1.5844,0.3080,0.0015
tirex_resid,ucr/237_UCR_Anomaly_mit14157longtermecg_19313_89560_90370,1.06776,1.9984,0.5573,0.0227
tirex_resid,ucr/238_UCR_Anomaly_mit14157longtermecg_21311_72600_72780,1.60809,2.1534,0.7003,0.0061
tirex_resid,ucr/242_UCR_Anomaly_tilt12744mtable_100000_104630_104890,3.91511,1.1027,0.0684,0.0020
tirex_resid,ucr/243_UCR_Anomaly_tilt12744mtable_100000_203355_203400,3.15366,1.2957,0.1839,0.0007
tirex_resid,ucr/244_UCR_Anomaly_tilt12754table_100013_104630_104890,2.02318,1.2577,0.1729,0.0022
tirex_resid,ucr/245_UCR_Anomaly_tilt12754table_100211_270800_271070,1.97919,3.4245,1.6588,0.0124
tirex_resid,ucr/246_UCR_Anomaly_tilt12755mtable_100211_270800_271070,2.35622,3.1370,1.0896,0.0067
tirex_resid,ucr/247_UCR_Anomaly_tilt12755mtable_50211_121900_121980,2.77436,2.1673,0.6521,0.0021
tirex_resid,ucr/248_UCR_Anomaly_weallwalk_2000_4702_4707,0.356599,2.7308,1.6328,0.0062
tirex_resid,ucr/249_UCR_Anomaly_weallwalk_2753_8285_8315,0.383965,1.0722,0.0684,0.0073
tirex_resid,ucr/250_UCR_Anomaly_weallwalk_2951_7290_7296,0.39597,2.3244,1.2711,0.0057
tirex_resid,nasa/P-1,45374.5,0.9355,-0.2329,0.1268
tirex_resid,nasa/E-2,24961.7,0.3223,-0.7011,0.1091
tirex_resid,nasa/E-5,37281.4,1.1783,0.3630,0.0517
tirex_resid,nasa/S-1,25404.9,1.1288,0.1414,0.0589
tirex_resid,nasa/E-3,45514.6,0.1143,-3.3018,0.2486
tirex_resid,nasa/E-1,35893,1.1111,0.2100,0.0890
tirex_resid,nasa/E-4,43875.8,0.0835,-2.0816,0.2071
tirex_resid,nasa/E-7,19802.7,2.1491,1.0197,0.0524
