detectors=['iforest', 'lof', 'knn', 'ae', 'chronos_small_resid', 'chronos_small_quantile', 'chronos_base_resid', 'chronos_base_quantile', 'timesfm_resid', 'timesfm_quantile', 'tirex_resid', 'tirex_quantile']
tiers=['default', 'tuned']
datasets=['nasa', 'smd', 'psm', 'ucr']
out=F:\CS\Paper\that\results\full_results.csv
Warning: You are sending unauthenticated requests to the HF Hub. Please set a HF_TOKEN to enable higher rate limits and faster downloads.
Loading weights:   0%|          | 0/143 [00:00<?, ?it/s]Loading weights:  45%|¨€¨€¨€¨€¨…     | 64/143 [00:00<00:00, 606.04it/s]Loading weights:  89%|¨€¨€¨€¨€¨€¨€¨€¨€¨ | 127/143 [00:00<00:00, 609.27it/s]Loading weights: 100%|¨€¨€¨€¨€¨€¨€¨€¨€¨€¨€| 143/143 [00:00<00:00, 636.00it/s]
[ucr] 001_UCR_Anomaly_DISTORTED1sddb40_3 chronos_small_resid      default  vus=0.02398 affil=0.67275 (29.5s)
[ucr] 001_UCR_Anomaly_DISTORTED1sddb40_3 chronos_small_quantile   default  vus=0.01631 affil=0.66675 (29.5s)
Loading weights:   0%|          | 0/269 [00:00<?, ?it/s]Loading weights:  12%|¨€¨‡        | 32/269 [00:00<00:00, 315.10it/s]Loading weights:  24%|¨€¨€¨…       | 64/269 [00:00<00:00, 310.85it/s]Loading weights:  38%|¨€¨€¨€¨‚      | 103/269 [00:00<00:00, 326.66it/s]Loading weights:  52%|¨€¨€¨€¨€¨€¨‡    | 140/269 [00:00<00:00, 336.16it/s]Loading weights:  65%|¨€¨€¨€¨€¨€¨€¨…   | 174/269 [00:00<00:00, 329.27it/s]Loading weights:  77%|¨€¨€¨€¨€¨€¨€¨€¨ƒ  | 207/269 [00:00<00:00, 325.69it/s]Loading weights:  91%|¨€¨€¨€¨€¨€¨€¨€¨€¨€ | 245/269 [00:00<00:00, 330.83it/s]Loading weights: 100%|¨€¨€¨€¨€¨€¨€¨€¨€¨€¨€| 269/269 [00:00<00:00, 336.42it/s]
[ucr] 001_UCR_Anomaly_DISTORTED1sddb40_3 chronos_base_resid       default  vus=0.0252 affil=0.67395 (3.8s)
[ucr] 001_UCR_Anomaly_DISTORTED1sddb40_3 chronos_base_quantile    default  vus=0.01615 affil=0.66675 (3.8s)
[ucr] 001_UCR_Anomaly_DISTORTED1sddb40_3 timesfm_resid            default  vus=0.02804 affil=0.68928 (20.5s)
[ucr] 001_UCR_Anomaly_DISTORTED1sddb40_3 timesfm_quantile         default  vus=0.01844 affil=0.676 (20.5s)
[ucr] 001_UCR_Anomaly_DISTORTED1sddb40_3 tirex_resid              default  vus=0.0218 affil=0.66716 (18.8s)
[ucr] 001_UCR_Anomaly_DISTORTED1sddb40_3 tirex_quantile           default  vus=0.01556 affil=0.69596 (18.8s)
[ucr] 001_UCR_Anomaly_DISTORTED1sddb40_3 iforest                  default  vus=0.25531 affil=0.99677 (3.23s)
[ucr] 001_UCR_Anomaly_DISTORTED1sddb40_3 iforest                  tuned    vus=0.25531 affil=0.99677 (6.08s)
[ucr] 001_UCR_Anomaly_DISTORTED1sddb40_3 lof                      default  vus=0.04012 affil=0.63636 (4.29s)
[ucr] 001_UCR_Anomaly_DISTORTED1sddb40_3 lof                      tuned    vus=0.04356 affil=0.63016 (3.38s)
[ucr] 001_UCR_Anomaly_DISTORTED1sddb40_3 knn                      default  vus=0.30761 affil=0.7992 (2.19s)
[ucr] 001_UCR_Anomaly_DISTORTED1sddb40_3 knn                      tuned    vus=0.4517 affil=0.99676 (3.45s)
[ucr] 001_UCR_Anomaly_DISTORTED1sddb40_3 ae                       default  vus=0.03659 affil=0.6524 (13.0s)
[ucr] 001_UCR_Anomaly_DISTORTED1sddb40_3 ae                       tuned    vus=0.46803 affil=0.99671 (11.72s)
[ucr] 002_UCR_Anomaly_DISTORTED2sddb40_3 chronos_small_resid      default  vus=0.00744 affil=0.66699 (0.7s)
[ucr] 002_UCR_Anomaly_DISTORTED2sddb40_3 chronos_small_quantile   default  vus=0.00892 affil=0.67582 (0.7s)
[ucr] 002_UCR_Anomaly_DISTORTED2sddb40_3 chronos_base_resid       default  vus=0.00737 affil=0.83324 (0.7s)
[ucr] 002_UCR_Anomaly_DISTORTED2sddb40_3 chronos_base_quantile    default  vus=0.00904 affil=0.67464 (0.7s)
[ucr] 002_UCR_Anomaly_DISTORTED2sddb40_3 timesfm_resid            default  vus=0.01138 affil=0.67732 (14.0s)
[ucr] 002_UCR_Anomaly_DISTORTED2sddb40_3 timesfm_quantile         default  vus=0.01025 affil=0.67021 (14.0s)
[ucr] 002_UCR_Anomaly_DISTORTED2sddb40_3 tirex_resid              default  vus=0.00708 affil=0.66491 (15.4s)
[ucr] 002_UCR_Anomaly_DISTORTED2sddb40_3 tirex_quantile           default  vus=0.00919 affil=0.67909 (15.4s)
[ucr] 002_UCR_Anomaly_DISTORTED2sddb40_3 iforest                  default  vus=0.00611 affil=0.64417 (3.05s)
[ucr] 002_UCR_Anomaly_DISTORTED2sddb40_3 iforest                  tuned    vus=0.00611 affil=0.64417 (5.71s)
[ucr] 002_UCR_Anomaly_DISTORTED2sddb40_3 lof                      default  vus=0.01804 affil=0.64821 (2.33s)
[ucr] 002_UCR_Anomaly_DISTORTED2sddb40_3 lof                      tuned    vus=0.02006 affil=0.67077 (3.67s)
[ucr] 002_UCR_Anomaly_DISTORTED2sddb40_3 knn                      default  vus=0.01038 affil=0.65366 (1.79s)
[ucr] 002_UCR_Anomaly_DISTORTED2sddb40_3 knn                      tuned    vus=0.02588 affil=0.66403 (2.98s)
[ucr] 002_UCR_Anomaly_DISTORTED2sddb40_3 ae                       default  vus=0.00863 affil=0.66057 (12.02s)
[ucr] 002_UCR_Anomaly_DISTORTED2sddb40_3 ae                       tuned    vus=0.01047 affil=0.67835 (11.39s)
[ucr] 003_UCR_Anomaly_DISTORTED3sddb40_3 chronos_small_resid      default  vus=0.01025 affil=0.67198 (0.6s)
[ucr] 003_UCR_Anomaly_DISTORTED3sddb40_3 chronos_small_quantile   default  vus=0.00909 affil=0.66788 (0.6s)
[ucr] 003_UCR_Anomaly_DISTORTED3sddb40_3 chronos_base_resid       default  vus=0.01111 affil=0.67459 (0.9s)
[ucr] 003_UCR_Anomaly_DISTORTED3sddb40_3 chronos_base_quantile    default  vus=0.00927 affil=0.67599 (0.9s)
[ucr] 003_UCR_Anomaly_DISTORTED3sddb40_3 timesfm_resid            default  vus=0.0139 affil=0.68803 (13.7s)
[ucr] 003_UCR_Anomaly_DISTORTED3sddb40_3 timesfm_quantile         default  vus=0.00987 affil=0.66669 (13.7s)
[ucr] 003_UCR_Anomaly_DISTORTED3sddb40_3 tirex_resid              default  vus=0.01315 affil=0.6679 (15.6s)
[ucr] 003_UCR_Anomaly_DISTORTED3sddb40_3 tirex_quantile           default  vus=0.00968 affil=0.67069 (15.6s)
[ucr] 003_UCR_Anomaly_DISTORTED3sddb40_3 iforest                  default  vus=0.01371 affil=0.64669 (3.3s)
[ucr] 003_UCR_Anomaly_DISTORTED3sddb40_3 iforest                  tuned    vus=0.01461 affil=0.64582 (4.93s)
[ucr] 003_UCR_Anomaly_DISTORTED3sddb40_3 lof                      default  vus=0.02653 affil=0.6416 (2.47s)
[ucr] 003_UCR_Anomaly_DISTORTED3sddb40_3 lof                      tuned    vus=0.01659 affil=0.63698 (3.59s)
[ucr] 003_UCR_Anomaly_DISTORTED3sddb40_3 knn                      default  vus=0.03223 affil=0.62889 (1.91s)
[ucr] 003_UCR_Anomaly_DISTORTED3sddb40_3 knn                      tuned    vus=0.02047 affil=0.63217 (3.12s)
[ucr] 003_UCR_Anomaly_DISTORTED3sddb40_3 ae                       default  vus=0.04047 affil=0.65549 (12.44s)
[ucr] 003_UCR_Anomaly_DISTORTED3sddb40_3 ae                       tuned    vus=0.02646 affil=0.65447 (11.62s)
[ucr] 004_UCR_Anomaly_DISTORTEDBIDMC1_25 chronos_small_resid      default  vus=0.08515 affil=0.98942 (0.3s)
[ucr] 004_UCR_Anomaly_DISTORTEDBIDMC1_25 chronos_small_quantile   default  vus=0.064 affil=0.95077 (0.3s)
[ucr] 004_UCR_Anomaly_DISTORTEDBIDMC1_25 chronos_base_resid       default  vus=0.08265 affil=0.98942 (0.2s)
[ucr] 004_UCR_Anomaly_DISTORTEDBIDMC1_25 chronos_base_quantile    default  vus=0.04501 affil=0.72673 (0.2s)
[ucr] 004_UCR_Anomaly_DISTORTEDBIDMC1_25 timesfm_resid            default  vus=0.19349 affil=0.98931 (3.5s)
[ucr] 004_UCR_Anomaly_DISTORTEDBIDMC1_25 timesfm_quantile         default  vus=0.07721 affil=0.99433 (3.5s)
[ucr] 004_UCR_Anomaly_DISTORTEDBIDMC1_25 tirex_resid              default  vus=0.20708 affil=0.9892 (5.4s)
[ucr] 004_UCR_Anomaly_DISTORTEDBIDMC1_25 tirex_quantile           default  vus=0.09892 affil=0.99433 (5.4s)
[ucr] 004_UCR_Anomaly_DISTORTEDBIDMC1_25 iforest                  default  vus=0.50065 affil=0.9966 (1.36s)
[ucr] 004_UCR_Anomaly_DISTORTEDBIDMC1_25 lof                      default  vus=0.75152 affil=0.99821 (0.24s)
[ucr] 004_UCR_Anomaly_DISTORTEDBIDMC1_25 knn                      default  vus=0.74443 affil=0.99844 (0.15s)
[ucr] 004_UCR_Anomaly_DISTORTEDBIDMC1_25 ae                       default  vus=0.73317 affil=0.99816 (1.24s)
[ucr] 005_UCR_Anomaly_DISTORTEDCIMIS44Ai chronos_small_resid      default  vus=0.0044 affil=0.72356 (0.1s)
[ucr] 005_UCR_Anomaly_DISTORTEDCIMIS44Ai chronos_small_quantile   default  vus=0.00161 affil=0.6972 (0.1s)
[ucr] 005_UCR_Anomaly_DISTORTEDCIMIS44Ai chronos_base_resid       default  vus=0.00264 affil=0.71635 (0.4s)
[ucr] 005_UCR_Anomaly_DISTORTEDCIMIS44Ai chronos_base_quantile    default  vus=0.00161 affil=0.68247 (0.4s)
[ucr] 005_UCR_Anomaly_DISTORTEDCIMIS44Ai timesfm_resid            default  vus=0.00512 affil=0.74067 (2.4s)
[ucr] 005_UCR_Anomaly_DISTORTEDCIMIS44Ai timesfm_quantile         default  vus=0.00274 affil=0.80849 (2.4s)
[ucr] 005_UCR_Anomaly_DISTORTEDCIMIS44Ai tirex_resid              default  vus=0.00159 affil=0.81539 (5.5s)
[ucr] 005_UCR_Anomaly_DISTORTEDCIMIS44Ai tirex_quantile           default  vus=0.00132 affil=0.66667 (5.5s)
[ucr] 005_UCR_Anomaly_DISTORTEDCIMIS44Ai iforest                  default  vus=0.00129 affil=0.81337 (1.11s)
[ucr] 005_UCR_Anomaly_DISTORTEDCIMIS44Ai iforest                  tuned    vus=0.00176 affil=0.81373 (1.47s)
[ucr] 005_UCR_Anomaly_DISTORTEDCIMIS44Ai lof                      default  vus=0.00231 affil=0.81523 (0.25s)
[ucr] 005_UCR_Anomaly_DISTORTEDCIMIS44Ai lof                      tuned    vus=0.00435 affil=0.80786 (0.74s)
[ucr] 005_UCR_Anomaly_DISTORTEDCIMIS44Ai knn                      default  vus=0.0049 affil=0.82359 (0.11s)
[ucr] 005_UCR_Anomaly_DISTORTEDCIMIS44Ai knn                      tuned    vus=0.00493 affil=0.81727 (0.37s)
[ucr] 005_UCR_Anomaly_DISTORTEDCIMIS44Ai ae                       default  vus=0.15438 affil=0.99722 (1.61s)
[ucr] 005_UCR_Anomaly_DISTORTEDCIMIS44Ai ae                       tuned    vus=0.01433 affil=0.85547 (1.89s)
[ucr] 006_UCR_Anomaly_DISTORTEDCIMIS44Ai chronos_small_resid      default  vus=0.09228 affil=0.80997 (0.2s)
[ucr] 006_UCR_Anomaly_DISTORTEDCIMIS44Ai chronos_small_quantile   default  vus=0.16941 affil=0.99883 (0.2s)
[ucr] 006_UCR_Anomaly_DISTORTEDCIMIS44Ai chronos_base_resid       default  vus=0.08808 affil=0.786 (0.3s)
[ucr] 006_UCR_Anomaly_DISTORTEDCIMIS44Ai chronos_base_quantile    default  vus=0.1859 affil=0.99883 (0.3s)
[ucr] 006_UCR_Anomaly_DISTORTEDCIMIS44Ai timesfm_resid            default  vus=0.16195 affil=0.92259 (2.6s)
[ucr] 006_UCR_Anomaly_DISTORTEDCIMIS44Ai timesfm_quantile         default  vus=0.19125 affil=0.99894 (2.6s)
[ucr] 006_UCR_Anomaly_DISTORTEDCIMIS44Ai tirex_resid              default  vus=0.08698 affil=0.88641 (5.4s)
[ucr] 006_UCR_Anomaly_DISTORTEDCIMIS44Ai tirex_quantile           default  vus=0.03265 affil=0.70229 (5.4s)
[ucr] 006_UCR_Anomaly_DISTORTEDCIMIS44Ai iforest                  default  vus=0.02115 affil=0.76813 (0.88s)
[ucr] 006_UCR_Anomaly_DISTORTEDCIMIS44Ai iforest                  tuned    vus=0.02294 affil=0.77795 (1.18s)
[ucr] 006_UCR_Anomaly_DISTORTEDCIMIS44Ai lof                      default  vus=0.04788 affil=0.83676 (0.24s)
[ucr] 006_UCR_Anomaly_DISTORTEDCIMIS44Ai lof                      tuned    vus=0.04788 affil=0.83676 (0.61s)
[ucr] 006_UCR_Anomaly_DISTORTEDCIMIS44Ai knn                      default  vus=0.42329 affil=0.99894 (0.11s)
[ucr] 006_UCR_Anomaly_DISTORTEDCIMIS44Ai knn                      tuned    vus=0.88688 affil=0.99884 (0.49s)
[ucr] 006_UCR_Anomaly_DISTORTEDCIMIS44Ai ae                       default  vus=0.89454 affil=0.99884 (1.54s)
[ucr] 006_UCR_Anomaly_DISTORTEDCIMIS44Ai ae                       tuned    vus=0.89952 affil=0.99884 (1.96s)
[ucr] 007_UCR_Anomaly_DISTORTEDCIMIS44Ai chronos_small_resid      default  vus=0.09096 affil=0.70163 (0.2s)
[ucr] 007_UCR_Anomaly_DISTORTEDCIMIS44Ai chronos_small_quantile   default  vus=0.15639 affil=0.99884 (0.2s)
[ucr] 007_UCR_Anomaly_DISTORTEDCIMIS44Ai chronos_base_resid       default  vus=0.07573 affil=0.69364 (0.4s)
[ucr] 007_UCR_Anomaly_DISTORTEDCIMIS44Ai chronos_base_quantile    default  vus=0.15549 affil=0.99883 (0.4s)
[ucr] 007_UCR_Anomaly_DISTORTEDCIMIS44Ai timesfm_resid            default  vus=0.07286 affil=0.88306 (2.3s)
[ucr] 007_UCR_Anomaly_DISTORTEDCIMIS44Ai timesfm_quantile         default  vus=0.12014 affil=0.99884 (2.3s)
[ucr] 007_UCR_Anomaly_DISTORTEDCIMIS44Ai tirex_resid              default  vus=0.05902 affil=0.68256 (5.8s)
[ucr] 007_UCR_Anomaly_DISTORTEDCIMIS44Ai tirex_quantile           default  vus=0.05253 affil=0.72957 (5.8s)
[ucr] 007_UCR_Anomaly_DISTORTEDCIMIS44Ai iforest                  default  vus=0.00755 affil=0.64116 (1.22s)
[ucr] 007_UCR_Anomaly_DISTORTEDCIMIS44Ai iforest                  tuned    vus=0.01058 affil=0.65547 (1.56s)
[ucr] 007_UCR_Anomaly_DISTORTEDCIMIS44Ai lof                      default  vus=0.05522 affil=0.71012 (0.23s)
[ucr] 007_UCR_Anomaly_DISTORTEDCIMIS44Ai lof                      tuned    vus=0.05522 affil=0.71012 (0.6s)
[ucr] 007_UCR_Anomaly_DISTORTEDCIMIS44Ai knn                      default  vus=0.1393 affil=0.69193 (0.11s)
[ucr] 007_UCR_Anomaly_DISTORTEDCIMIS44Ai knn                      tuned    vus=0.78752 affil=0.99883 (0.32s)
[ucr] 007_UCR_Anomaly_DISTORTEDCIMIS44Ai ae                       default  vus=0.89335 affil=0.99883 (1.01s)
[ucr] 007_UCR_Anomaly_DISTORTEDCIMIS44Ai ae                       tuned    vus=0.51374 affil=0.80879 (1.81s)
[ucr] 008_UCR_Anomaly_DISTORTEDCIMIS44Ai chronos_small_resid      default  vus=0.05115 affil=0.79167 (0.1s)
[ucr] 008_UCR_Anomaly_DISTORTEDCIMIS44Ai chronos_small_quantile   default  vus=0.05859 affil=0.8115 (0.1s)
[ucr] 008_UCR_Anomaly_DISTORTEDCIMIS44Ai chronos_base_resid       default  vus=0.03744 affil=0.7132 (0.4s)
[ucr] 008_UCR_Anomaly_DISTORTEDCIMIS44Ai chronos_base_quantile    default  vus=0.0339 affil=0.77885 (0.4s)
[ucr] 008_UCR_Anomaly_DISTORTEDCIMIS44Ai timesfm_resid            default  vus=0.13563 affil=0.99871 (2.5s)
[ucr] 008_UCR_Anomaly_DISTORTEDCIMIS44Ai timesfm_quantile         default  vus=0.2062 affil=0.83239 (2.5s)
[ucr] 008_UCR_Anomaly_DISTORTEDCIMIS44Ai tirex_resid              default  vus=0.0721 affil=0.90536 (5.9s)
[ucr] 008_UCR_Anomaly_DISTORTEDCIMIS44Ai tirex_quantile           default  vus=0.02443 affil=0.6816 (5.9s)
[ucr] 008_UCR_Anomaly_DISTORTEDCIMIS44Ai iforest                  default  vus=0.03305 affil=0.76604 (1.14s)
[ucr] 008_UCR_Anomaly_DISTORTEDCIMIS44Ai iforest                  tuned    vus=0.04983 affil=0.80461 (1.6s)
[ucr] 008_UCR_Anomaly_DISTORTEDCIMIS44Ai lof                      default  vus=0.05536 affil=0.82603 (0.24s)
[ucr] 008_UCR_Anomaly_DISTORTEDCIMIS44Ai lof                      tuned    vus=0.05536 affil=0.82603 (0.59s)
[ucr] 008_UCR_Anomaly_DISTORTEDCIMIS44Ai knn                      default  vus=0.07104 affil=0.84449 (0.09s)
[ucr] 008_UCR_Anomaly_DISTORTEDCIMIS44Ai knn                      tuned    vus=0.12202 affil=0.85682 (0.45s)
[ucr] 008_UCR_Anomaly_DISTORTEDCIMIS44Ai ae                       default  vus=0.30912 affil=0.92249 (1.58s)
[ucr] 008_UCR_Anomaly_DISTORTEDCIMIS44Ai ae                       tuned    vus=0.117 affil=0.85321 (1.76s)
[ucr] 009_UCR_Anomaly_DISTORTEDCIMIS44Ai chronos_small_resid      default  vus=0.07932 affil=0.88002 (0.1s)
[ucr] 009_UCR_Anomaly_DISTORTEDCIMIS44Ai chronos_small_quantile   default  vus=0.07457 affil=0.9366 (0.1s)
[ucr] 009_UCR_Anomaly_DISTORTEDCIMIS44Ai chronos_base_resid       default  vus=0.06344 affil=0.89139 (0.4s)
[ucr] 009_UCR_Anomaly_DISTORTEDCIMIS44Ai chronos_base_quantile    default  vus=0.05337 affil=0.78571 (0.4s)
[ucr] 009_UCR_Anomaly_DISTORTEDCIMIS44Ai timesfm_resid            default  vus=0.07389 affil=0.82876 (1.9s)
[ucr] 009_UCR_Anomaly_DISTORTEDCIMIS44Ai timesfm_quantile         default  vus=0.03822 affil=0.75253 (1.9s)
[ucr] 009_UCR_Anomaly_DISTORTEDCIMIS44Ai tirex_resid              default  vus=0.06181 affil=0.90284 (4.5s)
[ucr] 009_UCR_Anomaly_DISTORTEDCIMIS44Ai tirex_quantile           default  vus=0.03042 affil=0.68833 (4.5s)
[ucr] 009_UCR_Anomaly_DISTORTEDCIMIS44Ai iforest                  default  vus=0.07895 affil=0.95717 (1.26s)
[ucr] 009_UCR_Anomaly_DISTORTEDCIMIS44Ai iforest                  tuned    vus=0.06247 affil=0.93766 (0.89s)
[ucr] 009_UCR_Anomaly_DISTORTEDCIMIS44Ai lof                      default  vus=0.30311 affil=0.9872 (0.23s)
[ucr] 009_UCR_Anomaly_DISTORTEDCIMIS44Ai lof                      tuned    vus=0.55263 affil=0.99504 (0.49s)
[ucr] 009_UCR_Anomaly_DISTORTEDCIMIS44Ai knn                      default  vus=0.72963 affil=0.99641 (0.1s)
[ucr] 009_UCR_Anomaly_DISTORTEDCIMIS44Ai knn                      tuned    vus=0.87506 affil=0.99949 (0.49s)
[ucr] 009_UCR_Anomaly_DISTORTEDCIMIS44Ai ae                       default  vus=0.94979 affil=0.99982 (1.62s)
[ucr] 009_UCR_Anomaly_DISTORTEDCIMIS44Ai ae                       tuned    vus=0.92358 affil=0.99927 (2.03s)
[ucr] 010_UCR_Anomaly_DISTORTEDCIMIS44Ai chronos_small_resid      default  vus=0.11177 affil=0.82917 (0.2s)
[ucr] 010_UCR_Anomaly_DISTORTEDCIMIS44Ai chronos_small_quantile   default  vus=0.13667 affil=0.99543 (0.2s)
[ucr] 010_UCR_Anomaly_DISTORTEDCIMIS44Ai chronos_base_resid       default  vus=0.09115 affil=0.84706 (0.3s)
[ucr] 010_UCR_Anomaly_DISTORTEDCIMIS44Ai chronos_base_quantile    default  vus=0.10675 affil=0.84199 (0.3s)
[ucr] 010_UCR_Anomaly_DISTORTEDCIMIS44Ai timesfm_resid            default  vus=0.08047 affil=0.78511 (2.7s)
[ucr] 010_UCR_Anomaly_DISTORTEDCIMIS44Ai timesfm_quantile         default  vus=0.05969 affil=0.80391 (2.7s)
[ucr] 010_UCR_Anomaly_DISTORTEDCIMIS44Ai tirex_resid              default  vus=0.08033 affil=0.79861 (5.9s)
[ucr] 010_UCR_Anomaly_DISTORTEDCIMIS44Ai tirex_quantile           default  vus=0.07837 affil=0.90881 (5.9s)
[ucr] 010_UCR_Anomaly_DISTORTEDCIMIS44Ai iforest                  default  vus=0.03282 affil=0.76514 (1.21s)
[ucr] 010_UCR_Anomaly_DISTORTEDCIMIS44Ai iforest                  tuned    vus=0.02568 affil=0.73286 (1.61s)
[ucr] 010_UCR_Anomaly_DISTORTEDCIMIS44Ai lof                      default  vus=0.20093 affil=0.82955 (0.24s)
[ucr] 010_UCR_Anomaly_DISTORTEDCIMIS44Ai lof                      tuned    vus=0.66531 affil=0.9957 (0.77s)
[ucr] 010_UCR_Anomaly_DISTORTEDCIMIS44Ai knn                      default  vus=0.63727 affil=0.99566 (0.11s)
[ucr] 010_UCR_Anomaly_DISTORTEDCIMIS44Ai knn                      tuned    vus=0.67588 affil=0.99674 (0.45s)
[ucr] 010_UCR_Anomaly_DISTORTEDCIMIS44Ai ae                       default  vus=0.82646 affil=0.99661 (1.57s)
[ucr] 010_UCR_Anomaly_DISTORTEDCIMIS44Ai ae                       tuned    vus=0.77513 affil=0.99602 (1.94s)
[ucr] 011_UCR_Anomaly_DISTORTEDECG1_1000 chronos_small_resid      default  vus=0.03992 affil=0.99901 (0.6s)
[ucr] 011_UCR_Anomaly_DISTORTEDECG1_1000 chronos_small_quantile   default  vus=0.02205 affil=0.81452 (0.6s)
[ucr] 011_UCR_Anomaly_DISTORTEDECG1_1000 chronos_base_resid       default  vus=0.04438 affil=0.8735 (0.7s)
[ucr] 011_UCR_Anomaly_DISTORTEDECG1_1000 chronos_base_quantile    default  vus=0.02769 affil=0.8129 (0.7s)
[ucr] 011_UCR_Anomaly_DISTORTEDECG1_1000 timesfm_resid            default  vus=0.09258 affil=0.99639 (6.7s)
[ucr] 011_UCR_Anomaly_DISTORTEDECG1_1000 timesfm_quantile         default  vus=0.02673 affil=0.68149 (6.7s)
[ucr] 011_UCR_Anomaly_DISTORTEDECG1_1000 tirex_resid              default  vus=0.0968 affil=0.99821 (10.7s)
[ucr] 011_UCR_Anomaly_DISTORTEDECG1_1000 tirex_quantile           default  vus=0.02769 affil=0.70707 (10.7s)
[ucr] 011_UCR_Anomaly_DISTORTEDECG1_1000 iforest                  default  vus=0.30245 affil=0.99629 (1.87s)
[ucr] 011_UCR_Anomaly_DISTORTEDECG1_1000 iforest                  tuned    vus=0.29489 affil=0.9963 (2.62s)
[ucr] 011_UCR_Anomaly_DISTORTEDECG1_1000 lof                      default  vus=0.40549 affil=0.99626 (0.77s)
[ucr] 011_UCR_Anomaly_DISTORTEDECG1_1000 lof                      tuned    vus=0.44512 affil=0.99626 (1.91s)
[ucr] 011_UCR_Anomaly_DISTORTEDECG1_1000 knn                      default  vus=0.5418 affil=0.9963 (0.44s)
[ucr] 011_UCR_Anomaly_DISTORTEDECG1_1000 knn                      tuned    vus=0.58578 affil=0.9963 (1.7s)
[ucr] 011_UCR_Anomaly_DISTORTEDECG1_1000 ae                       default  vus=0.534 affil=0.9963 (4.07s)
[ucr] 011_UCR_Anomaly_DISTORTEDECG1_1000 ae                       tuned    vus=0.49805 affil=0.99628 (4.87s)
[ucr] 012_UCR_Anomaly_DISTORTEDECG2_1500 chronos_small_resid      default  vus=0.01896 affil=0.85879 (0.4s)
[ucr] 012_UCR_Anomaly_DISTORTEDECG2_1500 chronos_small_quantile   default  vus=0.00932 affil=0.85784 (0.4s)
[ucr] 012_UCR_Anomaly_DISTORTEDECG2_1500 chronos_base_resid       default  vus=0.01878 affil=0.83126 (0.5s)
[ucr] 012_UCR_Anomaly_DISTORTEDECG2_1500 chronos_base_quantile    default  vus=0.01078 affil=0.76849 (0.5s)
[ucr] 012_UCR_Anomaly_DISTORTEDECG2_1500 timesfm_resid            default  vus=0.01397 affil=0.6949 (5.2s)
[ucr] 012_UCR_Anomaly_DISTORTEDECG2_1500 timesfm_quantile         default  vus=0.00956 affil=0.88525 (5.2s)
[ucr] 012_UCR_Anomaly_DISTORTEDECG2_1500 tirex_resid              default  vus=0.01536 affil=0.69134 (5.8s)
[ucr] 012_UCR_Anomaly_DISTORTEDECG2_1500 tirex_quantile           default  vus=0.00975 affil=0.70993 (5.8s)
[ucr] 012_UCR_Anomaly_DISTORTEDECG2_1500 iforest                  default  vus=0.0545 affil=0.75177 (1.77s)
[ucr] 012_UCR_Anomaly_DISTORTEDECG2_1500 iforest                  tuned    vus=0.0545 affil=0.75177 (2.69s)
[ucr] 012_UCR_Anomaly_DISTORTEDECG2_1500 lof                      default  vus=0.07976 affil=0.79178 (0.83s)
[ucr] 012_UCR_Anomaly_DISTORTEDECG2_1500 lof                      tuned    vus=0.07976 affil=0.79178 (1.31s)
[ucr] 012_UCR_Anomaly_DISTORTEDECG2_1500 knn                      default  vus=0.11518 affil=0.81197 (0.38s)
[ucr] 012_UCR_Anomaly_DISTORTEDECG2_1500 knn                      tuned    vus=0.15212 affil=0.83746 (1.21s)
[ucr] 012_UCR_Anomaly_DISTORTEDECG2_1500 ae                       default  vus=0.09507 affil=0.79489 (5.3s)
[ucr] 012_UCR_Anomaly_DISTORTEDECG2_1500 ae                       tuned    vus=0.08412 affil=0.78798 (6.36s)
[ucr] 013_UCR_Anomaly_DISTORTEDECG3_1500 chronos_small_resid      default  vus=0.02188 affil=0.67215 (0.5s)
[ucr] 013_UCR_Anomaly_DISTORTEDECG3_1500 chronos_small_quantile   default  vus=0.01814 affil=0.83555 (0.5s)
[ucr] 013_UCR_Anomaly_DISTORTEDECG3_1500 chronos_base_resid       default  vus=0.02193 affil=0.67635 (0.5s)
[ucr] 013_UCR_Anomaly_DISTORTEDECG3_1500 chronos_base_quantile    default  vus=0.02936 affil=0.94899 (0.5s)
[ucr] 013_UCR_Anomaly_DISTORTEDECG3_1500 timesfm_resid            default  vus=0.02606 affil=0.89349 (4.6s)
[ucr] 013_UCR_Anomaly_DISTORTEDECG3_1500 timesfm_quantile         default  vus=0.02954 affil=0.90786 (4.6s)
[ucr] 013_UCR_Anomaly_DISTORTEDECG3_1500 tirex_resid              default  vus=0.01119 affil=0.7242 (5.3s)
[ucr] 013_UCR_Anomaly_DISTORTEDECG3_1500 tirex_quantile           default  vus=0.00985 affil=0.70477 (5.3s)
[ucr] 013_UCR_Anomaly_DISTORTEDECG3_1500 iforest                  default  vus=0.00693 affil=0.75855 (1.81s)
[ucr] 013_UCR_Anomaly_DISTORTEDECG3_1500 iforest                  tuned    vus=0.00683 affil=0.76401 (2.13s)
[ucr] 013_UCR_Anomaly_DISTORTEDECG3_1500 lof                      default  vus=0.76064 affil=0.99811 (0.88s)
[ucr] 013_UCR_Anomaly_DISTORTEDECG3_1500 lof                      tuned    vus=0.7425 affil=0.99811 (1.69s)
[ucr] 013_UCR_Anomaly_DISTORTEDECG3_1500 knn                      default  vus=0.24401 affil=0.70151 (0.38s)
[ucr] 013_UCR_Anomaly_DISTORTEDECG3_1500 knn                      tuned    vus=0.28433 affil=0.71011 (1.45s)
[ucr] 013_UCR_Anomaly_DISTORTEDECG3_1500 ae                       default  vus=0.2954 affil=0.99814 (4.97s)
[ucr] 013_UCR_Anomaly_DISTORTEDECG3_1500 ae                       tuned    vus=0.15172 affil=0.72305 (6.29s)
[ucr] 014_UCR_Anomaly_DISTORTEDECG3_8000 chronos_small_resid      default  vus=0.01653 affil=0.69243 (0.6s)
[ucr] 014_UCR_Anomaly_DISTORTEDECG3_8000 chronos_small_quantile   default  vus=0.01318 affil=0.66668 (0.6s)
[ucr] 014_UCR_Anomaly_DISTORTEDECG3_8000 chronos_base_resid       default  vus=0.01767 affil=0.68023 (0.7s)
[ucr] 014_UCR_Anomaly_DISTORTEDECG3_8000 chronos_base_quantile    default  vus=0.01324 affil=0.69393 (0.7s)
[ucr] 014_UCR_Anomaly_DISTORTEDECG3_8000 timesfm_resid            default  vus=0.01842 affil=0.89509 (7.3s)
[ucr] 014_UCR_Anomaly_DISTORTEDECG3_8000 timesfm_quantile         default  vus=0.01234 affil=0.80365 (7.3s)
[ucr] 014_UCR_Anomaly_DISTORTEDECG3_8000 tirex_resid              default  vus=0.0099 affil=0.67713 (11.6s)
[ucr] 014_UCR_Anomaly_DISTORTEDECG3_8000 tirex_quantile           default  vus=0.01008 affil=0.66668 (11.6s)
[ucr] 014_UCR_Anomaly_DISTORTEDECG3_8000 iforest                  default  vus=0.00495 affil=0.73185 (1.92s)
[ucr] 014_UCR_Anomaly_DISTORTEDECG3_8000 iforest                  tuned    vus=0.00495 affil=0.73185 (3.31s)
[ucr] 014_UCR_Anomaly_DISTORTEDECG3_8000 lof                      default  vus=0.64239 affil=0.99874 (0.69s)
[ucr] 014_UCR_Anomaly_DISTORTEDECG3_8000 lof                      tuned    vus=0.34065 affil=0.99868 (2.16s)
[ucr] 014_UCR_Anomaly_DISTORTEDECG3_8000 knn                      default  vus=0.27417 affil=0.99874 (0.41s)
[ucr] 014_UCR_Anomaly_DISTORTEDECG3_8000 knn                      tuned    vus=0.2273 affil=0.99876 (1.79s)
[ucr] 014_UCR_Anomaly_DISTORTEDECG3_8000 ae                       default  vus=0.09116 affil=0.68669 (3.12s)
[ucr] 014_UCR_Anomaly_DISTORTEDECG3_8000 ae                       tuned    vus=0.27963 affil=0.99876 (7.13s)
[ucr] 015_UCR_Anomaly_DISTORTEDECG4_5000 chronos_small_resid      default  vus=0.00669 affil=0.80528 (1.9s)
[ucr] 015_UCR_Anomaly_DISTORTEDECG4_5000 chronos_small_quantile   default  vus=0.00684 affil=0.79729 (1.9s)
[ucr] 015_UCR_Anomaly_DISTORTEDECG4_5000 chronos_base_resid       default  vus=0.00791 affil=0.90247 (3.2s)
[ucr] 015_UCR_Anomaly_DISTORTEDECG4_5000 chronos_base_quantile    default  vus=0.00736 affil=0.74186 (3.2s)
[ucr] 015_UCR_Anomaly_DISTORTEDECG4_5000 timesfm_resid            default  vus=0.0083 affil=0.92158 (54.7s)
[ucr] 015_UCR_Anomaly_DISTORTEDECG4_5000 timesfm_quantile         default  vus=0.00604 affil=0.89337 (54.7s)
[ucr] 015_UCR_Anomaly_DISTORTEDECG4_5000 tirex_resid              default  vus=0.00921 affil=0.93131 (55.9s)
[ucr] 015_UCR_Anomaly_DISTORTEDECG4_5000 tirex_quantile           default  vus=0.00758 affil=0.81766 (55.9s)
[ucr] 015_UCR_Anomaly_DISTORTEDECG4_5000 iforest                  default  vus=0.01226 affil=0.84356 (9.98s)
[ucr] 015_UCR_Anomaly_DISTORTEDECG4_5000 iforest                  tuned    vus=0.00792 affil=0.84448 (16.87s)
[ucr] 015_UCR_Anomaly_DISTORTEDECG4_5000 lof                      default  vus=0.16062 affil=0.99889 (3.27s)
[ucr] 015_UCR_Anomaly_DISTORTEDECG4_5000 lof                      tuned    vus=0.09005 affil=0.99949 (15.92s)
[ucr] 015_UCR_Anomaly_DISTORTEDECG4_5000 knn                      default  vus=0.07707 affil=0.99907 (2.62s)
[ucr] 015_UCR_Anomaly_DISTORTEDECG4_5000 knn                      tuned    vus=0.03719 affil=0.96852 (15.26s)
[ucr] 015_UCR_Anomaly_DISTORTEDECG4_5000 ae                       default  vus=0.14279 affil=0.9991 (8.72s)
[ucr] 015_UCR_Anomaly_DISTORTEDECG4_5000 ae                       tuned    vus=0.07032 affil=0.99937 (21.02s)
[ucr] 016_UCR_Anomaly_DISTORTEDECG4_5000 chronos_small_resid      default  vus=0.02341 affil=0.68675 (0.4s)
[ucr] 016_UCR_Anomaly_DISTORTEDECG4_5000 chronos_small_quantile   default  vus=0.01655 affil=0.69122 (0.4s)
[ucr] 016_UCR_Anomaly_DISTORTEDECG4_5000 chronos_base_resid       default  vus=0.02402 affil=0.68668 (0.6s)
[ucr] 016_UCR_Anomaly_DISTORTEDECG4_5000 chronos_base_quantile    default  vus=0.0137 affil=0.71426 (0.6s)
[ucr] 016_UCR_Anomaly_DISTORTEDECG4_5000 timesfm_resid            default  vus=0.03046 affil=0.86673 (7.8s)
[ucr] 016_UCR_Anomaly_DISTORTEDECG4_5000 timesfm_quantile         default  vus=0.0231 affil=0.96076 (7.8s)
[ucr] 016_UCR_Anomaly_DISTORTEDECG4_5000 tirex_resid              default  vus=0.01456 affil=0.68059 (8.9s)
[ucr] 016_UCR_Anomaly_DISTORTEDECG4_5000 tirex_quantile           default  vus=0.01385 affil=0.67595 (8.9s)
[ucr] 016_UCR_Anomaly_DISTORTEDECG4_5000 iforest                  default  vus=0.01107 affil=0.83936 (1.97s)
[ucr] 016_UCR_Anomaly_DISTORTEDECG4_5000 iforest                  tuned    vus=0.01107 affil=0.83936 (3.91s)
[ucr] 016_UCR_Anomaly_DISTORTEDECG4_5000 lof                      default  vus=0.82621 affil=0.99932 (0.61s)
[ucr] 016_UCR_Anomaly_DISTORTEDECG4_5000 lof                      tuned    vus=0.62631 affil=0.99809 (1.99s)
[ucr] 016_UCR_Anomaly_DISTORTEDECG4_5000 knn                      default  vus=0.81148 affil=0.99908 (0.32s)
[ucr] 016_UCR_Anomaly_DISTORTEDECG4_5000 knn                      tuned    vus=0.81789 affil=0.99913 (1.52s)
[ucr] 016_UCR_Anomaly_DISTORTEDECG4_5000 ae                       default  vus=0.74692 affil=0.99875 (2.63s)
[ucr] 016_UCR_Anomaly_DISTORTEDECG4_5000 ae                       tuned    vus=0.40318 affil=0.99811 (4.62s)
[ucr] 017_UCR_Anomaly_DISTORTEDECG4_5000 chronos_small_resid      default  vus=0.02262 affil=0.70363 (0.3s)
[ucr] 017_UCR_Anomaly_DISTORTEDECG4_5000 chronos_small_quantile   default  vus=0.01413 affil=0.68189 (0.3s)
[ucr] 017_UCR_Anomaly_DISTORTEDECG4_5000 chronos_base_resid       default  vus=0.02911 affil=0.69414 (0.4s)
[ucr] 017_UCR_Anomaly_DISTORTEDECG4_5000 chronos_base_quantile    default  vus=0.01322 affil=0.69585 (0.4s)
[ucr] 017_UCR_Anomaly_DISTORTEDECG4_5000 timesfm_resid            default  vus=0.03238 affil=0.87153 (8.9s)
[ucr] 017_UCR_Anomaly_DISTORTEDECG4_5000 timesfm_quantile         default  vus=0.01293 affil=0.81149 (8.9s)
[ucr] 017_UCR_Anomaly_DISTORTEDECG4_5000 tirex_resid              default  vus=0.00808 affil=0.68382 (10.4s)
[ucr] 017_UCR_Anomaly_DISTORTEDECG4_5000 tirex_quantile           default  vus=0.00664 affil=0.6743 (10.4s)
[ucr] 017_UCR_Anomaly_DISTORTEDECG4_5000 iforest                  default  vus=0.00453 affil=0.7752 (1.95s)
[ucr] 017_UCR_Anomaly_DISTORTEDECG4_5000 iforest                  tuned    vus=0.00564 affil=0.75744 (2.67s)
[ucr] 017_UCR_Anomaly_DISTORTEDECG4_5000 lof                      default  vus=0.73075 affil=0.99899 (0.6s)
[ucr] 017_UCR_Anomaly_DISTORTEDECG4_5000 lof                      tuned    vus=0.79759 affil=0.999 (2.15s)
[ucr] 017_UCR_Anomaly_DISTORTEDECG4_5000 knn                      default  vus=0.74138 affil=0.99899 (0.36s)
[ucr] 017_UCR_Anomaly_DISTORTEDECG4_5000 knn                      tuned    vus=0.47104 affil=0.99898 (2.39s)
[ucr] 017_UCR_Anomaly_DISTORTEDECG4_5000 ae                       default  vus=0.69506 affil=0.999 (2.82s)
[ucr] 017_UCR_Anomaly_DISTORTEDECG4_5000 ae                       tuned    vus=0.41493 affil=0.99896 (6.14s)
[ucr] 018_UCR_Anomaly_DISTORTEDECG4_8000 chronos_small_resid      default  vus=0.01252 affil=0.68429 (0.5s)
[ucr] 018_UCR_Anomaly_DISTORTEDECG4_8000 chronos_small_quantile   default  vus=0.0157 affil=0.66668 (0.5s)
[ucr] 018_UCR_Anomaly_DISTORTEDECG4_8000 chronos_base_resid       default  vus=0.01155 affil=0.67446 (0.7s)
[ucr] 018_UCR_Anomaly_DISTORTEDECG4_8000 chronos_base_quantile    default  vus=0.01115 affil=0.66668 (0.7s)
detectors=['iforest', 'lof', 'knn', 'ae', 'chronos_small_resid', 'chronos_small_quantile', 'chronos_base_resid', 'chronos_base_quantile', 'timesfm_resid', 'timesfm_quantile', 'tirex_resid', 'tirex_quantile']
tiers=['d[ucr] 018_UCR_Anomaly_DISTORTEDECG4_8000 tirex_resid              default  vus=0.0059 affil=0.67418Warning: You are sending unauthenticated requests to the HF Hub. Please set a HF_TOKEN to enable higher rate limits and faster downloads.
Loading weights:   0%|          | 0/143 [00:00<?, ?it/s]Loading weights:  43%|¨€¨€¨€¨€¨†     | 62/143 [00:00<00:00, 617.88it/s]Loading weights:  89%|¨€¨€¨€¨€¨€¨€¨€¨€¨ | 127/143 [00:00<00:00, 6[ucr] 018_UCR_Anomaly_DISTORTEDECG4_8000 lof                      default  vus=0.73193 aff[smd] machine-1-1                        chronos_small_resid      default  vus=0.25166 affil=0.79974 (31.4s)
[smd] machine-1-1                        chronos_small_quantile   default  vus=0.20344 affil=0.82325 (31.4s)
Loading weights:   0%|          | 0/269 [00:00<?, ?it/s]Loading weights:  14%|¨€¨…        | 38/269 [00:00<00:00, 370.72it/s]Loading weights:  29%|¨€¨€¨‚       | 77/269 [00:00<00:00, 332.44it/s]Loading weights:  42%|¨€¨€¨€¨€¨‡     | 113/[ucr] 018_UCR_Anomaly_DISTORTEDECG4_8000 ae                       tuned    vus=0.23518 affil=0.99868 (6.98s)
[ucr] 019_UCR_Anomaly_DISTORTEDGP711Mark chronos_small_resid      default  vus=0.00918 affil=0.76857 (0.2s)
[ucr] 019_UCR_Anomaly_DISTORTEDGP711Mark chronos_small_quantile   default  vus=0.00941 affil=0.79613 (0.2s)
[ucr] 019_UCR_Anomaly_DISTORTEDGP711Mark chronos_base_resid       default  vus=0.00863 affil=0.6979 (0.4s)
[ucr] 019_UCR_Anomaly_DISTORTEDGP711Mark chronos_base_quantile    default  vus=0.00944[smd] machine-1-1                        chronos_base_quantile    default  vus=0.20227 affil=0.82925 (9.1s)
[smd] machine-1-1                        timesfm_resid            default  vus=0.27536 affil=0.78332 (104.8s)
[smd] machine-1-1                        timesfm_quantile         default  vus=0.22477 affil=0.84442 (104.8s)
[smd] machine-1-1                        tirex_resid              default  vus=0.27051 affil=0.78157 (105.8s)
[smd] machine-1-1                        tirex_quantile           default  vus=0.19121 affil=0.79314 (105.8s)
[smd] machine-1-1                        iforest                  default  vus=0.41458 affil=0.7087 (4.33s)
[smd] machine-1-1                        iforest                  tuned    vus=0.40207 affil=0.69224 (7.77s)
[smd] machine-1-1                        lof                      default  vus=0.63028 affil=0.87797 (22.59s)
[smd] machine-1-1                        lof                      tuned    vus=0.63685 affil=0.90957 (51.38s)
[smd] machine-1-1                        knn                      default  vus=0.64043 affil=0.85071 (14.18s)
[smd] machine-1-1                        knn                      tuned    vus=0.66838 affil=0.90452 (34.8s)
[smd] machine-1-1                        ae                       default  vus=0.62213 affil=0.92088 (13.53s)
[smd] machine-1-1                        ae                       tuned    vus=0.62435 affil=0.91935 (14.23s)
[smd] machine-1-2                        chronos_small_resid      default  vus=0.25237 affil=0.82906 (2.8s)
[smd] machine-1-2                        chronos_small_quantile   default  vus=0.06902 affil=0.72086 (2.8s)
[smd] machine-1-2                        chronos_base_resid       default  vus=0.24477 affil=0.82829 (4.8s)
[smd] machine-1-2                        chronos_base_quantile    default  vus=0.08156 affil=0.72206 (4.8s)
[smd] machine-1-2                        timesfm_resid            default  vus=0.24051 affil=0.83902 (77.5s)
[smd] machine-1-2                        timesfm_quantile         default  vus=0.08574 affil=0.70832 (77.5s)
[smd] machine-1-2                        tirex_resid              default  vus=0.25465 affil=0.8233 (88.0s)
[smd] machine-1-2                        tirex_quantile           default  vus=0.05711 affil=0.70072 (88.0s)
[smd] machine-1-2                        iforest                  default  vus=0.55622 affil=0.91736 (3.7s)
[smd] machine-1-2                        iforest                  tuned    vus=0.55622 affil=0.91736 (4.81s)
[smd] machine-1-2                        lof                      default  vus=0.02089 affil=0.60847 (14.48s)
[smd] machine-1-2                        lof                      tuned    vus=0.02119 affil=0.61858 (38.25s)
[smd] machine-1-2                        knn                      default  vus=0.42904 affil=0.80624 (9.89s)
[smd] machine-1-2                        knn                      tuned    vus=0.44491 affil=0.81546 (25.41s)
[smd] machine-1-2                        ae                       default  vus=0.35514 affil=0.84934 (10.54s)
[smd] machine-1-2                        ae                       tuned    vus=0.44049 affil=0.87336 (20.08s)
[smd] machine-1-3                        chronos_small_resid      default  vus=0.12507 affil=0.7877 (2.7s)
[smd] machine-1-3                        chronos_small_quantile   default  vus=0.10875 affil=0.73902 (2.7s)
[smd] machine-1-3                        chronos_base_resid       default  vus=0.12307 affil=0.78539 (4.8s)
[smd] machine-1-3                        chronos_base_quantile    default  vus=0.11423 affil=0.79203 (4.8s)
[smd] machine-1-3                        timesfm_resid            default  vus=0.14324 affil=0.77131 (72.9s)
[smd] machine-1-3                        timesfm_quantile         default  vus=0.0958 affil=0.75134 (72.9s)
[smd] machine-1-3                        tirex_resid              default  vus=0.12721 affil=0.77994 (89.9s)
[smd] machine-1-3                        tirex_quantile           default  vus=0.07892 affil=0.73161 (89.9s)
[smd] machine-1-3                        iforest                  default  vus=0.25203 affil=0.83093 (4.09s)
[smd] machine-1-3                        iforest                  tuned    vus=0.24902 affil=0.81403 (4.18s)
[smd] machine-1-3                        lof                      default  vus=0.10056 affil=0.73605 (14.01s)
[smd] machine-1-3                        lof                      tuned    vus=0.09317 affil=0.69922 (38.75s)
[smd] machine-1-3                        knn                      default  vus=0.13873 affil=0.81121 (9.8s)
[smd] machine-1-3                        knn                      tuned    vus=0.14099 affil=0.81817 (24.62s)
[smd] machine-1-3                        ae                       default  vus=0.36861 affil=0.90118 (11.19s)
[smd] machine-1-3                        ae                       tuned    vus=0.39349 affil=0.91325 (19.0s)
[smd] machine-1-4                        chronos_small_resid      default  vus=0.12919 affil=0.78002 (2.5s)
[smd] machine-1-4                        chronos_small_quantile   default  vus=0.09292 affil=0.80278 (2.5s)
[smd] machine-1-4                        chronos_base_resid       default  vus=0.13636 affil=0.77858 (5.1s)
[smd] machine-1-4                        chronos_base_quantile    default  vus=0.10524 affil=0.78983 (5.1s)
[smd] machine-1-4                        timesfm_resid            default  vus=0.13257 affil=0.75666 (76.7s)
[smd] machine-1-4                        timesfm_quantile         default  vus=0.09319 affil=0.76964 (76.7s)
[smd] machine-1-4                        tirex_resid              default  vus=0.13333 affil=0.79459 (92.8s)
[smd] machine-1-4                        tirex_quantile           default  vus=0.09307 affil=0.7625 (92.8s)
[smd] machine-1-4                        iforest                  default  vus=0.25537 affil=0.76913 (3.9s)
[smd] machine-1-4                        iforest                  tuned    vus=0.25537 affil=0.76913 (5.25s)
[smd] machine-1-4                        lof                      default  vus=0.1944 affil=0.69483 (15.28s)
[smd] machine-1-4                        lof                      tuned    vus=0.22062 affil=0.67414 (37.41s)
[smd] machine-1-4                        knn                      default  vus=0.25525 affil=0.76697 (10.13s)
[smd] machine-1-4                        knn                      tuned    vus=0.27106 affil=0.78022 (24.36s)
[smd] machine-1-4                        ae                       default  vus=0.34443 affil=0.87837 (10.03s)
[smd] machine-1-4                        ae                       tuned    vus=0.38006 affil=0.89685 (17.34s)
[smd] machine-1-5                        chronos_small_resid      default  vus=0.02417 affil=0.78573 (2.8s)
[smd] machine-1-5                        chronos_small_quantile   default  vus=0.00743 affil=0.6652 (2.8s)
[smd] machine-1-5                        chronos_base_resid       default  vus=0.02723 affil=0.77669 (4.5s)
[smd] machine-1-5                        chronos_base_quantile    default  vus=0.00796 affil=0.66158 (4.5s)
[smd] machine-1-5                        timesfm_resid            default  vus=0.0248 affil=0.76415 (77.4s)
[smd] machine-1-5                        timesfm_quantile         default  vus=0.01775 affil=0.72084 (77.4s)
[smd] machine-1-5                        tirex_resid              default  vus=0.02175 affil=0.77225 (87.2s)
[smd] machine-1-5                        tirex_quantile           default  vus=0.0166 affil=0.70542 (87.2s)
[smd] machine-1-5                        iforest                  default  vus=0.04079 affil=0.75512 (4.04s)
[smd] machine-1-5                        iforest                  tuned    vus=0.04079 affil=0.75512 (3.88s)
[smd] machine-1-5                        lof                      default  vus=0.00651 affil=0.75795 (15.57s)
[smd] machine-1-5                        lof                      tuned    vus=0.00722 affil=0.76922 (55.16s)
[smd] machine-1-5                        knn                      default  vus=0.03 affil=0.67519 (12.86s)
[smd] machine-1-5                        knn                      tuned    vus=0.02359 affil=0.68369 (27.0s)
[smd] machine-1-5                        ae                       default  vus=0.01273 affil=0.59992 (8.75s)
[smd] machine-1-5                        ae                       tuned    vus=0.31296 affil=0.91391 (17.25s)
[smd] machine-1-6                        chronos_small_resid      default  vus=0.21155 affil=0.62442 (2.6s)
[smd] machine-1-6                        chronos_small_quantile   default  vus=0.20192 affil=0.63148 (2.6s)
[smd] machine-1-6                        chronos_base_resid       default  vus=0.21313 affil=0.62847 (5.2s)
[smd] machine-1-6                        chronos_base_quantile    default  vus=0.20311 affil=0.62129 (5.2s)
[smd] machine-1-6                        timesfm_resid            default  vus=0.20928 affil=0.56388 (84.3s)
[smd] machine-1-6                        timesfm_quantile         default  vus=0.27314 affil=0.67413 (84.3s)
[smd] machine-1-6                        tirex_resid              default  vus=0.27476 affil=0.65345 (122.5s)
[smd] machine-1-6                        tirex_quantile           default  vus=0.26016 affil=0.67984 (122.5s)
[smd] machine-1-6                        iforest                  default  vus=0.57869 affil=0.54852 (3.61s)
[smd] machine-1-6                        iforest                  tuned    vus=0.59982 affil=0.55167 (3.53s)
[smd] machine-1-6                        lof                      default  vus=0.28383 affil=0.70941 (15.44s)
[smd] machine-1-6                        lof                      tuned    vus=0.33435 affil=0.65255 (40.3s)
[smd] machine-1-6                        knn                      default  vus=0.30015 affil=0.73343 (10.31s)
[smd] machine-1-6                        knn                      tuned    vus=0.3754 affil=0.79969 (26.94s)
[smd] machine-1-6                        ae                       default  vus=0.59777 affil=0.71332 (11.15s)
[smd] machine-1-6                        ae                       tuned    vus=0.67468 affil=0.71203 (18.63s)
[smd] machine-1-7                        chronos_small_resid      default  vus=0.15338 affil=0.6956 (2.3s)
[smd] machine-1-7                        chronos_small_quantile   default  vus=0.14185 affil=0.69792 (2.3s)
[smd] machine-1-7                        chronos_base_resid       default  vus=0.16438 affil=0.69628 (4.3s)
[smd] machine-1-7                        chronos_base_quantile    default  vus=0.14619 affil=0.68829 (4.3s)
[smd] machine-1-7                        timesfm_resid            default  vus=0.15737 affil=0.69445 (90.8s)
[smd] machine-1-7                        timesfm_quantile         default  vus=0.14189 affil=0.69021 (90.8s)
[smd] machine-1-7                        tirex_resid              default  vus=0.157 affil=0.70699 (93.3s)
[smd] machine-1-7                        tirex_quantile           default  vus=0.14207 affil=0.69451 (93.3s)
[smd] machine-1-7                        iforest                  default  vus=0.34578 affil=0.72099 (3.71s)
[smd] machine-1-7                        iforest                  tuned    vus=0.33842 affil=0.72872 (10.47s)
[smd] machine-1-7                        lof                      default  vus=0.23183 affil=0.74532 (27.72s)
[smd] machine-1-7                        lof                      tuned    vus=0.20725 affil=0.82204 (40.55s)
[smd] machine-1-7                        knn                      default  vus=0.75113 affil=0.89433 (10.03s)
[smd] machine-1-7                        knn                      tuned    vus=0.71488 affil=0.88335 (26.73s)
[smd] machine-1-7                        ae                       default  vus=0.45319 affil=0.91277 (9.97s)
[smd] machine-1-7                        ae                       tuned    vus=0.76799 affil=0.92547 (19.61s)
[smd] machine-1-8                        chronos_small_resid      default  vus=0.09645 affil=0.72328 (2.6s)
[smd] machine-1-8                        chronos_small_quantile   default  vus=0.07497 affil=0.73014 (2.6s)
[smd] machine-1-8                        chronos_base_resid       default  vus=0.08192 affil=0.71539 (6.0s)
[smd] machine-1-8                        chronos_base_quantile    default  vus=0.0689 affil=0.72291 (6.0s)
default  vus=0.07326 affil=0.9918 (6.7s)
[ucr] 026_UCR_Anomaly_DISTORTEDInternalB tirex_resid              default  vus=0.06175 affil=0.89612 (9.3s)
[ucr] 026_UCR_Anomaly_DISTORTEDInternalB tirex_quantile           default  vus=0.05008 affil=0.66704 (9.3s)
[ucr] 026_UCR_Anomaly_DISTORTEDInternalB iforest                  default  vus=0.09271 affil=0.86701 (1.78s)
[ucr] 026_UCR_Anomaly_DISTORTEDInternalB lof                      default  vus=0.22009 affil=0.9713 (0.55s)
[ucr] 026_UCR_Anomaly_DISTORTEDInternalB knn                      default  vus=0.75339 affil=0.99858 (0.29s)
[ucr] 026_UCR_Anomaly_DISTORTEDInternalB ae                       default  vus=0.0515 affil=0.87045 (2.3s)
[ucr] 027_UCR_Anomaly_DISTORTEDInternalB chronos_small_resid      default  vus=0.00288 affil=0.67515 (0.3s)
[ucr] 027_UCR_Anomaly_DISTORTEDInternalB chronos_small_quantile   default  vus=0.00283 affil=0.66667 (0.3s)
[ucr] 027_UCR_Anomaly_DISTORTEDInternalB chronos_base_resid       default  vus=0.00556 affil=0.71447 (0.5s)
[ucr] 027_UCR_Anomaly_DISTORTEDInternalB chronos_base_quantile    default  vus=0.00288 affil=0.70237 (0.5s)
[ucr] 027_UCR_Anomaly_DISTORTEDInternalB timesfm_resid            default  vus=0.09508 affil=0.79089 (4.6s)
[ucr] 027_UCR_Anomaly_DISTORTEDInternalB timesfm_quantile         default  vus=0.02014 affil=0.73149 (4.6s)
[ucr] 027_UCR_Anomaly_DISTORTEDInternalB tirex_resid              default  vus=0.00924 affil=0.74102 (15.6s)
[ucr] 027_UCR_Anomaly_DISTORTEDInternalB tirex_quantile           default  vus=0.00309 affil=0.66667 (15.6s)
[ucr] 027_UCR_Anomaly_DISTORTEDInternalB iforest                  default  vus=0.01983 affil=0.6705 (3.97s)
[ucr] 027_UCR_Anomaly_DISTORTEDInternalB lof                      default  vus=0.0274 affil=0.66738 (0.66s)
[ucr] 027_UCR_Anomaly_DISTORTEDInternalB knn                      default  vus=0.07173 affil=0.99222 (0.44s)
[ucr] 027_UCR_Anomaly_DISTORTEDInternalB ae                       default  vus=0.06294 affil=0.7088 (2.03s)
[ucr] 028_UCR_Anomaly_DISTORTEDInternalB chronos_small_resid      default  vus=0.03137 affil=0.87297 (0.4s)
[ucr] 028_UCR_Anomaly_DISTORTEDInternalB chronos_small_quantile   default  vus=0.03268 affil=0.66683 (0.4s)
[ucr] 028_UCR_Anomaly_DISTORTEDInternalB chronos_base_resid       default  vus=0.02915 affil=0.87285 (0.8s)
[ucr] 028_UCR_Anomaly_DISTORTEDInternalB chronos_base_quantile    default  vus=0.03039 affil=0.6669 (0.8s)
[ucr] 028_UCR_Anomaly_DISTORTEDInternalB timesfm_resid            default  vus=0.08438 affil=0.75502 (2.8s)
[ucr] 028_UCR_Anomaly_DISTORTEDInternalB timesfm_quantile         default  vus=0.07546 affil=0.9103 (2.8s)
[ucr] 028_UCR_Anomaly_DISTORTEDInternalB tirex_resid              default  vus=0.05905 affil=0.75333 (10.4s)
[ucr] 028_UCR_Anomaly_DISTORTEDInternalB tirex_quantile           default  vus=0.02871 affil=0.69525 (10.4s)
[ucr] 028_UCR_Anomaly_DISTORTEDInternalB iforest                  default  vus=0.02917 affil=0.76421 (2.51s)
[ucr] 028_UCR_Anomaly_DISTORTEDInternalB lof                      default  vus=0.0238 affil=0.76626 (0.58s)
[ucr] 028_UCR_Anomaly_DISTORTEDInternalB knn                      default  vus=0.39344 affil=0.99547 (0.33s)
[ucr] 028_UCR_Anomaly_DISTORTEDInternalB ae                       default  vus=0.14238 affil=0.88713 (1.74s)
[ucr] 029_UCR_Anomaly_DISTORTEDInternalB chronos_small_resid      default  vus=0.03874 affil=0.68509 (0.2s)
[ucr] 029_UCR_Anomaly_DISTORTEDInternalB chronos_small_quantile   default  vus=0.03255 affil=0.84452 (0.2s)
[ucr] 029_UCR_Anomaly_DISTORTEDInternalB chronos_base_resid       default  vus=0.07138 affil=0.70555 (0.5s)
[ucr] 029_UCR_Anomaly_DISTORTEDInternalB chronos_base_quantile    default  vus=0.03242 affil=0.88067 (0.5s)
[ucr] 029_UCR_Anomaly_DISTORTEDInternalB timesfm_resid            default  vus=0.09926 affil=0.99573 (6.7s)
[ucr] 029_UCR_Anomaly_DISTORTEDInternalB timesfm_quantile         default  vus=0.02759 affil=0.74172 (6.7s)
[ucr] 029_UCR_Anomaly_DISTORTEDInternalB tirex_resid              default  vus=0.03935 affil=0.78961 (12.8s)
[ucr] 029_UCR_Anomaly_DISTORTEDInternalB tirex_quantile           default  vus=0.02927 affil=0.66684 (12.8s)
[ucr] 029_UCR_Anomaly_DISTORTEDInternalB iforest                  default  vus=0.02045 affil=0.64391 (3.84s)
[ucr] 029_UCR_Anomaly_DISTORTEDInternalB lof                      default  vus=0.01672 affil=0.73088 (0.77s)
[ucr] 029_UCR_Anomaly_DISTORTEDInternalB knn                      default  vus=0.07886 affil=0.71038 (0.4s)
[ucr] 029_UCR_Anomaly_DISTORTEDInternalB ae                       default  vus=0.02728 affil=0.8063 (2.95s)
[ucr] 030_UCR_Anomaly_DISTORTEDInternalB chronos_small_resid      default  vus=0.00348 affil=0.67083 (0.4s)
[ucr] 030_UCR_Anomaly_DISTORTEDInternalB chronos_small_quantile   default  vus=0.0081 affil=0.71032 (0.4s)
[ucr] 030_UCR_Anomaly_DISTORTEDInternalB chronos_base_resid       default  vus=0.00492 affil=0.68804 (0.4s)
[ucr] 030_UCR_Anomaly_DISTORTEDInternalB chronos_base_quantile    default  vus=0.0057 affil=0.80256 (0.4s)
[ucr] 030_UCR_Anomaly_DISTORTEDInternalB timesfm_resid            default  vus=0.03111 affil=0.69015 (2.1s)
[ucr] 030_UCR_Anomaly_DISTORTEDInternalB timesfm_quantile         default  vus=0.00784 affil=0.68376 (2.1s)
[ucr] 030_UCR_Anomaly_DISTORTEDInternalB tirex_resid              default  vus=0.01134 affil=0.66437 (4.8s)
[ucr] 030_UCR_Anomaly_DISTORTEDInternalB tirex_quantile           default  vus=0.00367 affil=0.66667 (4.8s)
[ucr] 030_UCR_Anomaly_DISTORTEDInternalB iforest                  default  vus=0.01451 affil=0.67633 (1.15s)
[ucr] 030_UCR_Anomaly_DISTORTEDInternalB iforest                  tuned    vus=0.0112 affil=0.68345 (1.5s)
[ucr] 030_UCR_Anomaly_DISTORTEDInternalB lof                      default  vus=0.06212 affil=0.66745 (0.19s)
[ucr] 030_UCR_Anomaly_DISTORTEDInternalB lof                      tuned    vus=0.69253 affil=0.99966 (0.59s)
[ucr] 030_UCR_Anomaly_DISTORTEDInternalB knn                      default  vus=0.59562 affil=0.99902 (0.11s)
[ucr] 030_UCR_Anomaly_DISTORTEDInternalB knn                      tuned    vus=0.21533 affil=0.85828 (0.45s)
[ucr] 030_UCR_Anomaly_DISTORTEDInternalB ae                       default  vus=0.09741 affil=0.71386 (0.85s)
[ucr] 030_UCR_Anomaly_DISTORTEDInternalB ae                       tuned    vus=0.04709 affil=0.68794 (1.59s)
[ucr] 031_UCR_Anomaly_DISTORTEDInternalB chronos_small_resid      default  vus=0.05593 affil=0.68643 (0.1s)
[ucr] 031_UCR_Anomaly_DISTORTEDInternalB chronos_small_quantile   default  vus=0.04429 affil=0.71788 (0.1s)
[ucr] 031_UCR_Anomaly_DISTORTEDInternalB chronos_base_resid       default  vus=0.05937 affil=0.68489 (0.4s)
[ucr] 031_UCR_Anomaly_DISTORTEDInternalB chronos_base_quantile    default  vus=0.04785 affil=0.66717 (0.4s)
[ucr] 031_UCR_Anomaly_DISTORTEDInternalB timesfm_resid            default  vus=0.14356 affil=0.96098 (2.1s)
[ucr] 031_UCR_Anomaly_DISTORTEDInternalB timesfm_quantile         default  vus=0.05506 affil=0.68996 (2.1s)
[ucr] 031_UCR_Anomaly_DISTORTEDInternalB tirex_resid              default  vus=0.10291 affil=0.71845 (4.7s)
[ucr] 031_UCR_Anomaly_DISTORTEDInternalB tirex_quantile           default  vus=0.06018 affil=0.66717 (4.7s)
[ucr] 031_UCR_Anomaly_DISTORTEDInternalB iforest                  default  vus=0.1063 affil=0.71061 (1.22s)
[ucr] 031_UCR_Anomaly_DISTORTEDInternalB iforest                  tuned    vus=0.0741 affil=0.71163 (1.05s)
[ucr] 031_UCR_Anomaly_DISTORTEDInternalB lof                      default  vus=0.18419 affil=0.70318 (0.2s)
[ucr] 031_UCR_Anomaly_DISTORTEDInternalB lof                      tuned    vus=0.54196 affil=0.99284 (0.69s)
[ucr] 031_UCR_Anomaly_DISTORTEDInternalB knn                      default  vus=0.70185 affil=0.99768 (0.1s)
[ucr] 031_UCR_Anomaly_DISTORTEDInternalB knn                      tuned    vus=0.43757 affil=0.99104 (0.45s)
[ucr] 031_UCR_Anomaly_DISTORTEDInternalB ae                       default  vus=0.67608 affil=0.99942 (0.96s)
[ucr] 031_UCR_Anomaly_DISTORTEDInternalB ae                       tuned    vus=0.45073 affil=0.99183 (2.59s)
[ucr] 032_UCR_Anomaly_DISTORTEDInternalB chronos_small_resid      default  vus=0.29105 affil=0.98896 (0.2s)
[ucr] 032_UCR_Anomaly_DISTORTEDInternalB chronos_small_quantile   default  vus=0.10965 affil=0.98298 (0.2s)
[ucr] 032_UCR_Anomaly_DISTORTEDInternalB chronos_base_resid       default  vus=0.30872 affil=0.98298 (0.2s)
[ucr] 032_UCR_Anomaly_DISTORTEDInternalB chronos_base_quantile    default  vus=0.11529 affil=0.89438 (0.2s)
[ucr] 032_UCR_Anomaly_DISTORTEDInternalB timesfm_resid            default  vus=0.44361 affil=0.99314 (2.5s)
[ucr] 032_UCR_Anomaly_DISTORTEDInternalB timesfm_quantile         default  vus=0.12471 affil=0.98298 (2.5s)
[ucr] 032_UCR_Anomaly_DISTORTEDInternalB tirex_resid              default  vus=0.39616 affil=0.99333 (4.9s)
[ucr] 032_UCR_Anomaly_DISTORTEDInternalB tirex_quantile           default  vus=0.29618 affil=0.99422 (4.9s)
[ucr] 032_UCR_Anomaly_DISTORTEDInternalB iforest                  default  vus=0.5355 affil=0.99235 (1.2s)
[ucr] 032_UCR_Anomaly_DISTORTEDInternalB lof                      default  vus=0.56863 affil=0.99276 (0.18s)
[ucr] 032_UCR_Anomaly_DISTORTEDInternalB knn                      default  vus=0.62588 affil=0.99246 (0.14s)
[ucr] 032_UCR_Anomaly_DISTORTEDInternalB ae                       default  vus=0.63665 affil=0.99325 (0.59s)
[ucr] 033_UCR_Anomaly_DISTORTEDInternalB chronos_small_resid      default  vus=0.16213 affil=0.81955 (0.1s)
[ucr] 033_UCR_Anomaly_DISTORTEDInternalB chronos_small_quantile   default  vus=0.11094 affil=0.72768 (0.1s)
[ucr] 033_UCR_Anomaly_DISTORTEDInternalB chronos_base_resid       default  vus=0.13217 affil=0.83223 (0.2s)
[ucr] 033_UCR_Anomaly_DISTORTEDInternalB chronos_base_quantile    default  vus=0.12194 affil=0.79153 (0.2s)
[ucr] 033_UCR_Anomaly_DISTORTEDInternalB timesfm_resid            default  vus=0.26692 affil=0.98444 (1.1s)
[ucr] 033_UCR_Anomaly_DISTORTEDInternalB timesfm_quantile         default  vus=0.30271 affil=0.99573 (1.1s)
[ucr] 033_UCR_Anomaly_DISTORTEDInternalB tirex_resid              default  vus=0.28763 affil=0.94926 (4.6s)
[ucr] 033_UCR_Anomaly_DISTORTEDInternalB tirex_quantile           default  vus=0.20508 affil=0.97882 (4.6s)
[ucr] 033_UCR_Anomaly_DISTORTEDInternalB iforest                  default  vus=0.34682 affil=0.91466 (0.77s)
[ucr] 033_UCR_Anomaly_DISTORTEDInternalB iforest                  tuned    vus=0.08864 affil=0.76808 (0.97s)
[ucr] 033_UCR_Anomaly_DISTORTEDInternalB lof                      default  vus=0.62205 affil=0.99462 (0.21s)
[ucr] 033_UCR_Anomaly_DISTORTEDInternalB lof                      tuned    vus=0.39149 affil=0.98751 (0.67s)
[ucr] 033_UCR_Anomaly_DISTORTEDInternalB knn                      default  vus=0.69506 affil=0.99265 (0.08s)
[ucr] 033_UCR_Anomaly_DISTORTEDInternalB knn                      tuned    vus=0.48908 affil=0.98624 (0.46s)
[ucr] 033_UCR_Anomaly_DISTORTEDInternalB ae                       default  vus=0.67273 affil=0.98934 (1.63s)
[ucr] 033_UCR_Anomaly_DISTORTEDInternalB ae                       tuned    vus=0.40899 affil=0.98431 (3.04s)
[ucr] 034_UCR_Anomaly_DISTORTEDInternalB chronos_small_resid      default  vus=0.03096 affil=0.69089 (0.1s)
[ucr] 034_UCR_Anomaly_DISTORTEDInternalB chronos_small_quantile   default  vus=0.04072 affil=0.69364 (0.1s)
[ucr] 034_UCR_Anomaly_DISTORTEDInternalB chronos_base_resid       default  vus=0.03706 affil=0.75707 (0.2s)
[ucr] 034_UCR_Anomaly_DISTORTEDInternalB chronos_base_quantile    default  vus=0.04473 affil=0.76958 (0.2s)
[ucr] 034_UCR_Anomaly_DISTORTEDInternalB timesfm_resid            default  vus=0.25352 affil=0.99229 (2.2s)
[ucr] 034_UCR_Anomaly_DISTORTEDInternalB timesfm_quantile         default  vus=0.09065 affil=0.85904 (2.2s)
[ucr] 034_UCR_Anomaly_DISTORTEDInternalB tirex_resid              default  vus=0.13111 affil=0.94972 (3.7s)
[ucr] 034_UCR_Anomaly_DISTORTEDInternalB tirex_quantile           default  vus=0.03586 affil=0.79659 (3.7s)
[ucr] 034_UCR_Anomaly_DISTORTEDInternalB iforest                  default  vus=0.56325 affil=0.99709 (1.09s)
[ucr] 034_UCR_Anomaly_DISTORTEDInternalB lof                      default  vus=0.70637 affil=0.9992 (0.2s)
[ucr] 034_UCR_Anomaly_DISTORTEDInternalB knn                      default  vus=0.87082 affil=0.99936 (0.12s)
[ucr] 034_UCR_Anomaly_DISTORTEDInternalB ae                       default  vus=0.70207 affil=0.99933 (0.79s)
[ucr] 035_UCR_Anomaly_DISTORTEDInternalB chronos_small_resid      default  vus=0.03473 affil=0.76335 (0.1s)
[ucr] 035_UCR_Anomaly_DISTORTEDInternalB chronos_small_quantile   default  vus=0.05559 affil=0.76135 (0.1s)
[ucr] 035_UCR_Anomaly_DISTORTEDInternalB chronos_base_resid       default  vus=0.05892 affil=0.76295 (0.2s)
[ucr] 035_UCR_Anomaly_DISTORTEDInternalB chronos_base_quantile    default  vus=0.04939 affil=0.76215 (0.2s)
[ucr] 035_UCR_Anomaly_DISTORTEDInternalB timesfm_resid            default  vus=0.06258 affil=0.69523 (2.0s)
[ucr] 035_UCR_Anomaly_DISTORTEDInternalB timesfm_quantile         default  vus=0.09783 affil=0.66688 (2.0s)
[ucr] 035_UCR_Anomaly_DISTORTEDInternalB tirex_resid              default  vus=0.13184 affil=0.97251 (4.7s)
[ucr] 035_UCR_Anomaly_DISTORTEDInternalB tirex_quantile           default  vus=0.25632 affil=0.9851 (4.7s)
[ucr] 035_UCR_Anomaly_DISTORTEDInternalB iforest                  default  vus=0.03203 affil=0.71639 (1.15s)
[ucr] 035_UCR_Anomaly_DISTORTEDInternalB lof                      default  vus=0.03366 affil=0.70232 (0.18s)
[ucr] 035_UCR_Anomaly_DISTORTEDInternalB knn                      default  vus=0.12312 affil=0.91638 (0.12s)
[ucr] 035_UCR_Anomaly_DISTORTEDInternalB ae                       default  vus=0.02828 affil=0.70696 (0.99s)
[ucr] 036_UCR_Anomaly_DISTORTEDInternalB chronos_small_resid      default  vus=0.02758 affil=0.70661 (0.1s)
[ucr] 036_UCR_Anomaly_DISTORTEDInternalB chronos_small_quantile   default  vus=0.03871 affil=0.66923 (0.1s)
[ucr] 036_UCR_Anomaly_DISTORTEDInternalB chronos_base_resid       default  vus=0.02636 affil=0.81763 (0.2s)
[ucr] 036_UCR_Anomaly_DISTORTEDInternalB chronos_base_quantile    default  vus=0.03813 affil=0.93027 (0.2s)
[ucr] 036_UCR_Anomaly_DISTORTEDInternalB timesfm_resid            default  vus=0.02928 affil=0.73447 (1.1s)
[ucr] 036_UCR_Anomaly_DISTORTEDInternalB timesfm_quantile         default  vus=0.04242 affil=0.66695 (1.1s)
[ucr] 036_UCR_Anomaly_DISTORTEDInternalB tirex_resid              default  vus=0.05033 affil=0.83035 (4.8s)
[ucr] 036_UCR_Anomaly_DISTORTEDInternalB tirex_quantile           default  vus=0.04842 affil=0.79441 (4.8s)
[ucr] 036_UCR_Anomaly_DISTORTEDInternalB iforest                  default  vus=0.02149 affil=0.691 (1.01s)
[ucr] 036_UCR_Anomaly_DISTORTEDInternalB iforest                  tuned    vus=0.02399 affil=0.66284 (1.07s)
[ucr] 036_UCR_Anomaly_DISTORTEDInternalB lof                      default  vus=0.02199 affil=0.7156 (0.21s)
[ucr] 036_UCR_Anomaly_DISTORTEDInternalB lof                      tuned    vus=0.02261 affil=0.6911 (0.7s)
[ucr] 036_UCR_Anomaly_DISTORTEDInternalB knn                      default  vus=0.02593 affil=0.80641 (0.08s)
[ucr] 036_UCR_Anomaly_DISTORTEDInternalB knn                      tuned    vus=0.03064 affil=0.72495 (0.39s)
[ucr] 036_UCR_Anomaly_DISTORTEDInternalB ae                       default  vus=0.02108 affil=0.6454 (1.35s)
[ucr] 036_UCR_Anomaly_DISTORTEDInternalB ae                       tuned    vus=0.02082 affil=0.63458 (1.23s)
[ucr] 037_UCR_Anomaly_DISTORTEDLab2Cmac0 chronos_small_resid      default  vus=0.02919 affil=0.90372 (0.3s)
[ucr] 037_UCR_Anomaly_DISTORTEDLab2Cmac0 chronos_small_quantile   default  vus=0.03594 affil=0.89555 (0.3s)
[ucr] 037_UCR_Anomaly_DISTORTEDLab2Cmac0 chronos_base_resid       default  vus=0.03318 affil=0.8881 (0.9s)
[ucr] 037_UCR_Anomaly_DISTORTEDLab2Cmac0 chronos_base_quantile    default  vus=0.0663 affil=0.93286 (0.9s)
[ucr] 037_UCR_Anomaly_DISTORTEDLab2Cmac0 timesfm_resid            default  vus=0.03733 affil=0.78074 (7.6s)
[ucr] 037_UCR_Anomaly_DISTORTEDLab2Cmac0 timesfm_quantile         default  vus=0.02966 affil=0.70556 (7.6s)
[ucr] 037_UCR_Anomaly_DISTORTEDLab2Cmac0 tirex_resid              default  vus=0.03113 affil=0.7956 (10.7s)
[ucr] 037_UCR_Anomaly_DISTORTEDLab2Cmac0 tirex_quantile           default  vus=0.01422 affil=0.6688 (10.7s)
[ucr] 037_UCR_Anomaly_DISTORTEDLab2Cmac0 iforest                  default  vus=0.46329 affil=0.99971 (2.35s)
[ucr] 037_UCR_Anomaly_DISTORTEDLab2Cmac0 iforest                  tuned    vus=0.49203 affil=0.99971 (3.16s)
[ucr] 037_UCR_Anomaly_DISTORTEDLab2Cmac0 lof                      default  vus=0.48865 affil=0.99972 (0.62s)
[ucr] 037_UCR_Anomaly_DISTORTEDLab2Cmac0 lof                      tuned    vus=0.51341 affil=0.99971 (2.26s)
[ucr] 037_UCR_Anomaly_DISTORTEDLab2Cmac0 knn                      default  vus=0.4915 affil=0.99972 (0.44s)
[ucr] 037_UCR_Anomaly_DISTORTEDLab2Cmac0 knn                      tuned    vus=0.51748 affil=0.9997 (1.87s)
[ucr] 037_UCR_Anomaly_DISTORTEDLab2Cmac0 ae                       default  vus=0.52772 affil=0.99968 (2.33s)
[ucr] 037_UCR_Anomaly_DISTORTEDLab2Cmac0 ae                       tuned    vus=0.52476 affil=0.99968 (5.91s)
[ucr] 038_UCR_Anomaly_DISTORTEDLab2Cmac0 chronos_small_resid      default  vus=0.00432 affil=0.66791 (0.4s)
[ucr] 038_UCR_Anomaly_DISTORTEDLab2Cmac0 chronos_small_quantile   default  vus=0.00423 affil=0.66667 (0.4s)
[ucr] 038_UCR_Anomaly_DISTORTEDLab2Cmac0 chronos_base_resid       default  vus=0.00462 affil=0.67312 (0.6s)
[ucr] 038_UCR_Anomaly_DISTORTEDLab2Cmac0 chronos_base_quantile    default  vus=0.00427 affil=0.67039 (0.6s)
[ucr] 038_UCR_Anomaly_DISTORTEDLab2Cmac0 timesfm_resid            default  vus=0.00739 affil=0.66978 (8.5s)
[ucr] 038_UCR_Anomaly_DISTORTEDLab2Cmac0 timesfm_quantile         default  vus=0.00902 affil=0.68491 (8.5s)
[ucr] 038_UCR_Anomaly_DISTORTEDLab2Cmac0 tirex_resid              default  vus=0.00711 affil=0.69191 (23.7s)
[ucr] 038_UCR_Anomaly_DISTORTEDLab2Cmac0 tirex_quantile           default  vus=0.00675 affil=0.83207 (23.7s)
[ucr] 038_UCR_Anomaly_DISTORTEDLab2Cmac0 iforest                  default  vus=0.00835 affil=0.71795 (7.0s)
[ucr] 038_UCR_Anomaly_DISTORTEDLab2Cmac0 iforest                  tuned    vus=0.01634 affil=0.70955 (4.8s)
[ucr] 038_UCR_Anomaly_DISTORTEDLab2Cmac0 lof                      default  vus=0.00708 affil=0.73133 (0.63s)
[ucr] 038_UCR_Anomaly_DISTORTEDLab2Cmac0 lof                      tuned    vus=0.07778 affil=0.84747 (5.11s)
[ucr] 038_UCR_Anomaly_DISTORTEDLab2Cmac0 knn                      default  vus=0.01788 affil=0.84561 (0.92s)
[ucr] 038_UCR_Anomaly_DISTORTEDLab2Cmac0 knn                      tuned    vus=0.15296 affil=0.84747 (7.31s)
[ucr] 038_UCR_Anomaly_DISTORTEDLab2Cmac0 ae                       default  vus=0.00612 affil=0.69626 (7.72s)
[ucr] 038_UCR_Anomaly_DISTORTEDLab2Cmac0 ae                       tuned    vus=0.03243 affil=0.74052 (6.14s)
[ucr] 039_UCR_Anomaly_DISTORTEDLab2Cmac0 chronos_small_resid      default  vus=0.00373 affil=0.7187 (0.4s)
[ucr] 039_UCR_Anomaly_DISTORTEDLab2Cmac0 chronos_small_quantile   default  vus=0.00522 affil=0.74503 (0.4s)
[ucr] 039_UCR_Anomaly_DISTORTEDLab2Cmac0 chronos_base_resid       default  vus=0.00348 affil=0.81474 (0.7s)
[ucr] 039_UCR_Anomaly_DISTORTEDLab2Cmac0 chronos_base_quantile    default  vus=0.00528 affil=0.81223 (0.7s)
[ucr] 039_UCR_Anomaly_DISTORTEDLab2Cmac0 timesfm_resid            default  vus=0.00605 affil=0.67419 (8.2s)
[ucr] 039_UCR_Anomaly_DISTORTEDLab2Cmac0 timesfm_quantile         default  vus=0.00614 affil=0.66667 (8.2s)
[ucr] 039_UCR_Anomaly_DISTORTEDLab2Cmac0 tirex_resid              default  vus=0.00528 affil=0.66857 (9.5s)
[ucr] 039_UCR_Anomaly_DISTORTEDLab2Cmac0 tirex_quantile           default  vus=0.00452 affil=0.66667 (9.5s)
[ucr] 039_UCR_Anomaly_DISTORTEDLab2Cmac0 iforest                  default  vus=0.33246 affil=0.99987 (2.08s)
[ucr] 039_UCR_Anomaly_DISTORTEDLab2Cmac0 iforest                  tuned    vus=0.3138 affil=0.9999 (3.65s)
[ucr] 039_UCR_Anomaly_DISTORTEDLab2Cmac0 lof                      default  vus=0.33065 affil=0.9996 (0.55s)
[ucr] 039_UCR_Anomaly_DISTORTEDLab2Cmac0 lof                      tuned    vus=0.30626 affil=0.99988 (2.57s)
[ucr] 039_UCR_Anomaly_DISTORTEDLab2Cmac0 knn                      default  vus=0.24238 affil=0.75305 (0.38s)
[ucr] 039_UCR_Anomaly_DISTORTEDLab2Cmac0 knn                      tuned    vus=0.31378 affil=0.99986 (2.08s)
[ucr] 039_UCR_Anomaly_DISTORTEDLab2Cmac0 ae                       default  vus=0.32818 affil=0.99964 (2.67s)
[ucr] 039_UCR_Anomaly_DISTORTEDLab2Cmac0 ae                       tuned    vus=0.32031 affil=0.99983 (5.46s)
[ucr] 040_UCR_Anomaly_DISTORTEDLab2Cmac0 chronos_small_resid      default  vus=0.00734 affil=0.71835 (0.5s)
[ucr] 040_UCR_Anomaly_DISTORTEDLab2Cmac0 chronos_small_quantile   default  vus=0.00776 affil=0.72316 (0.5s)
[ucr] 040_UCR_Anomaly_DISTORTEDLab2Cmac0 chronos_base_resid       default  vus=0.00753 affil=0.73549 (0.5s)
[ucr] 040_UCR_Anomaly_DISTORTEDLab2Cmac0 chronos_base_quantile    default  vus=0.00751 affil=0.85279 (0.5s)
[ucr] 040_UCR_Anomaly_DISTORTEDLab2Cmac0 timesfm_resid            default  vus=0.00822 affil=0.6705 (6.3s)
[ucr] 040_UCR_Anomaly_DISTORTEDLab2Cmac0 timesfm_quantile         default  vus=0.00788 affil=0.66668 (6.3s)
[ucr] 040_UCR_Anomaly_DISTORTEDLab2Cmac0 tirex_resid              default  vus=0.00854 affil=0.66857 (9.0s)
[ucr] 040_UCR_Anomaly_DISTORTEDLab2Cmac0 tirex_quantile           default  vus=0.00904 affil=0.68074 (9.0s)
[ucr] 040_UCR_Anomaly_DISTORTEDLab2Cmac0 iforest                  default  vus=0.00688 affil=0.82654 (1.89s)
[ucr] 040_UCR_Anomaly_DISTORTEDLab2Cmac0 iforest                  tuned    vus=0.00664 affil=0.81576 (3.34s)
[ucr] 040_UCR_Anomaly_DISTORTEDLab2Cmac0 lof                      default  vus=0.02468 affil=0.78508 (0.61s)
[ucr] 040_UCR_Anomaly_DISTORTEDLab2Cmac0 lof                      tuned    vus=0.24251 affil=0.82832 (2.44s)
[ucr] 040_UCR_Anomaly_DISTORTEDLab2Cmac0 knn                      default  vus=0.13474 affil=0.788 (0.37s)
[ucr] 040_UCR_Anomaly_DISTORTEDLab2Cmac0 knn                      tuned    vus=0.28007 affil=0.84494 (1.96s)
[ucr] 040_UCR_Anomaly_DISTORTEDLab2Cmac0 ae                       default  vus=0.01303 affil=0.78017 (2.67s)
[ucr] 040_UCR_Anomaly_DISTORTEDLab2Cmac0 ae                       tuned    vus=0.03285 affil=0.79158 (5.86s)
[ucr] 041_UCR_Anomaly_DISTORTEDLab2Cmac0 chronos_small_resid      default  vus=0.01099 affil=0.74804 (0.3s)
[ucr] 041_UCR_Anomaly_DISTORTEDLab2Cmac0 chronos_small_quantile   default  vus=0.01147 affil=0.72644 (0.3s)
[ucr] 041_UCR_Anomaly_DISTORTEDLab2Cmac0 chronos_base_resid       default  vus=0.01071 affil=0.74573 (0.5s)
[ucr] 041_UCR_Anomaly_DISTORTEDLab2Cmac0 chronos_base_quantile    default  vus=0.00867 affil=0.75708 (0.5s)
[ucr] 041_UCR_Anomaly_DISTORTEDLab2Cmac0 timesfm_resid            default  vus=0.01173 affil=0.68314 (6.8s)
[ucr] 041_UCR_Anomaly_DISTORTEDLab2Cmac0 timesfm_quantile         default  vus=0.00951 affil=0.66668 (6.8s)
[ucr] 041_UCR_Anomaly_DISTORTEDLab2Cmac0 tirex_resid              default  vus=0.01214 affil=0.67141 (11.1s)
[ucr] 041_UCR_Anomaly_DISTORTEDLab2Cmac0 tirex_quantile           default  vus=0.00952 affil=0.66668 (11.1s)
[ucr] 041_UCR_Anomaly_DISTORTEDLab2Cmac0 iforest                  default  vus=0.38295 affil=0.99803 (2.26s)
[ucr] 041_UCR_Anomaly_DISTORTEDLab2Cmac0 iforest                  tuned    vus=0.21547 affil=0.99827 (2.68s)
[ucr] 041_UCR_Anomaly_DISTORTEDLab2Cmac0 lof                      default  vus=0.328 affil=0.99863 (0.61s)
[ucr] 041_UCR_Anomaly_DISTORTEDLab2Cmac0 lof                      tuned    vus=0.27573 affil=0.99846 (2.8s)
[ucr] 041_UCR_Anomaly_DISTORTEDLab2Cmac0 knn                      default  vus=0.2777 affil=0.99824 (0.42s)
[ucr] 041_UCR_Anomaly_DISTORTEDLab2Cmac0 knn                      tuned    vus=0.27085 affil=0.99861 (2.07s)
[ucr] 041_UCR_Anomaly_DISTORTEDLab2Cmac0 ae                       default  vus=0.27157 affil=0.99824 (3.14s)
[ucr] 041_UCR_Anomaly_DISTORTEDLab2Cmac0 ae                       tuned    vus=0.27304 affil=0.99778 (6.89s)
[ucr] 042_UCR_Anomaly_DISTORTEDLab2Cmac0 chronos_small_resid      default  vus=0.01035 affil=0.67254 (0.8s)
[ucr] 042_UCR_Anomaly_DISTORTEDLab2Cmac0 chronos_small_quantile   default  vus=0.01309 affil=0.66671 (0.8s)
[ucr] 042_UCR_Anomaly_DISTORTEDLab2Cmac0 chronos_base_resid       default  vus=0.01072 affil=0.66013 (0.9s)
[ucr] 042_UCR_Anomaly_DISTORTEDLab2Cmac0 chronos_base_quantile    default  vus=0.01366 affil=0.70166 (0.9s)
[ucr] 042_UCR_Anomaly_DISTORTEDLab2Cmac0 timesfm_resid            default  vus=0.01109 affil=0.66649 (21.7s)
[ucr] 042_UCR_Anomaly_DISTORTEDLab2Cmac0 timesfm_quantile         default  vus=0.01399 affil=0.66671 (21.7s)
[ucr] 042_UCR_Anomaly_DISTORTEDLab2Cmac0 tirex_resid              default  vus=0.01146 affil=0.66281 (19.4s)
[ucr] 042_UCR_Anomaly_DISTORTEDLab2Cmac0 tirex_quantile           default  vus=0.01415 affil=0.66671 (19.4s)
[ucr] 042_UCR_Anomaly_DISTORTEDLab2Cmac0 iforest                  default  vus=0.00925 affil=0.63955 (2.03s)
[ucr] 042_UCR_Anomaly_DISTORTEDLab2Cmac0 iforest                  tuned    vus=0.00861 affil=0.63623 (2.56s)
[ucr] 042_UCR_Anomaly_DISTORTEDLab2Cmac0 lof                      default  vus=0.01173 affil=0.69601 (0.65s)
[ucr] 042_UCR_Anomaly_DISTORTEDLab2Cmac0 lof                      tuned    vus=0.32467 affil=0.80042 (2.64s)
[ucr] 042_UCR_Anomaly_DISTORTEDLab2Cmac0 knn                      default  vus=0.04169 affil=0.71477 (0.39s)
[ucr] 042_UCR_Anomaly_DISTORTEDLab2Cmac0 knn                      tuned    vus=0.41869 affil=0.81794 (1.99s)
[ucr] 042_UCR_Anomaly_DISTORTEDLab2Cmac0 ae                       default  vus=0.00787 affil=0.68174 (2.07s)
[ucr] 042_UCR_Anomaly_DISTORTEDLab2Cmac0 ae                       tuned    vus=0.00794 affil=0.68715 (6.43s)
[ucr] 043_UCR_Anomaly_DISTORTEDMesoplodo chronos_small_resid      default  vus=0.0265 affil=0.85808 (0.4s)
[ucr] 043_UCR_Anomaly_DISTORTEDMesoplodo chronos_small_quantile   default  vus=0.01706 affil=0.84609 (0.4s)
[ucr] 043_UCR_Anomaly_DISTORTEDMesoplodo chronos_base_resid       default  vus=0.02491 affil=0.88571 (0.4s)
[ucr] 043_UCR_Anomaly_DISTORTEDMesoplodo chronos_base_quantile    default  vus=0.01696 affil=0.77277 (0.4s)
[ucr] 043_UCR_Anomaly_DISTORTEDMesoplodo timesfm_resid            default  vus=0.03708 affil=0.9046 (4.4s)
[ucr] 043_UCR_Anomaly_DISTORTEDMesoplodo timesfm_quantile         default  vus=0.02892 affil=0.74214 (4.4s)
[ucr] 043_UCR_Anomaly_DISTORTEDMesoplodo tirex_resid              default  vus=0.03039 affil=0.98027 (4.4s)
[ucr] 043_UCR_Anomaly_DISTORTEDMesoplodo tirex_quantile           default  vus=0.01615 affil=0.78785 (4.4s)
[ucr] 043_UCR_Anomaly_DISTORTEDMesoplodo iforest                  default  vus=0.03288 affil=0.69325 (1.57s)
[ucr] 043_UCR_Anomaly_DISTORTEDMesoplodo iforest                  tuned    vus=0.03288 affil=0.69325 (2.08s)
[ucr] 043_UCR_Anomaly_DISTORTEDMesoplodo lof                      default  vus=0.1224 affil=0.73389 (0.59s)
[ucr] 043_UCR_Anomaly_DISTORTEDMesoplodo lof                      tuned    vus=0.19169 affil=0.9975 (1.81s)
[ucr] 043_UCR_Anomaly_DISTORTEDMesoplodo knn                      default  vus=0.70133 affil=0.9996 (0.27s)
[ucr] 043_UCR_Anomaly_DISTORTEDMesoplodo knn                      tuned    vus=0.71714 affil=0.9996 (1.2s)
[ucr] 043_UCR_Anomaly_DISTORTEDMesoplodo ae                       default  vus=0.65671 affil=0.99728 (3.75s)
[ucr] 043_UCR_Anomaly_DISTORTEDMesoplodo ae                       tuned    vus=0.61721 affil=0.99734 (3.85s)
[ucr] 044_UCR_Anomaly_DISTORTEDPowerDema chronos_small_resid      default  vus=0.03694 affil=0.75334 (0.6s)
[ucr] 044_UCR_Anomaly_DISTORTEDPowerDema chronos_small_quantile   default  vus=0.02713 affil=0.95502 (0.6s)
[ucr] 044_UCR_Anomaly_DISTORTEDPowerDema chronos_base_resid       default  vus=0.03765 affil=0.75062 (0.5s)
[ucr] 044_UCR_Anomaly_DISTORTEDPowerDema chronos_base_quantile    default  vus=0.02496 affil=0.90098 (0.5s)
[ucr] 044_UCR_Anomaly_DISTORTEDPowerDema timesfm_resid            default  vus=0.03722 affil=0.82835 (5.4s)
[ucr] 044_UCR_Anomaly_DISTORTEDPowerDema timesfm_quantile         default  vus=0.02786 affil=0.86431 (5.4s)
[ucr] 044_UCR_Anomaly_DISTORTEDPowerDema tirex_resid              default  vus=0.03713 affil=0.72705 (9.4s)
[ucr] 044_UCR_Anomaly_DISTORTEDPowerDema tirex_quantile           default  vus=0.03307 affil=0.81307 (9.4s)
[ucr] 044_UCR_Anomaly_DISTORTEDPowerDema iforest                  default  vus=0.01312 affil=0.67582 (1.97s)
[ucr] 044_UCR_Anomaly_DISTORTEDPowerDema iforest                  tuned    vus=0.01325 affil=0.69726 (2.31s)
[ucr] 044_UCR_Anomaly_DISTORTEDPowerDema lof                      default  vus=0.83241 affil=0.99879 (0.69s)
[ucr] 044_UCR_Anomaly_DISTORTEDPowerDema lof                      tuned    vus=0.76129 affil=0.99958 (2.19s)
[ucr] 044_UCR_Anomaly_DISTORTEDPowerDema knn                      default  vus=0.85161 affil=0.99889 (0.37s)
[ucr] 044_UCR_Anomaly_DISTORTEDPowerDema knn                      tuned    vus=0.82155 affil=0.99959 (1.89s)
[ucr] 044_UCR_Anomaly_DISTORTEDPowerDema ae                       default  vus=0.06864 affil=0.89449 (3.07s)
[ucr] 044_UCR_Anomaly_DISTORTEDPowerDema ae                       tuned    vus=0.08181 affil=0.94793 (4.51s)
[ucr] 045_UCR_Anomaly_DISTORTEDPowerDema chronos_small_resid      default  vus=0.03007 affil=0.69435 (0.1s)
[ucr] 045_UCR_Anomaly_DISTORTEDPowerDema chronos_small_quantile   default  vus=0.03062 affil=0.76601 (0.1s)
[ucr] 045_UCR_Anomaly_DISTORTEDPowerDema chronos_base_resid       default  vus=0.03015 affil=0.67813 (0.4s)
[ucr] 045_UCR_Anomaly_DISTORTEDPowerDema chronos_base_quantile    default  vus=0.03337 affil=0.739 (0.4s)
[ucr] 045_UCR_Anomaly_DISTORTEDPowerDema timesfm_resid            default  vus=0.02573 affil=0.66661 (4.1s)
[ucr] 045_UCR_Anomaly_DISTORTEDPowerDema timesfm_quantile         default  vus=0.02775 affil=0.72695 (4.1s)
[ucr] 045_UCR_Anomaly_DISTORTEDPowerDema tirex_resid              default  vus=0.02538 affil=0.6708 (6.2s)
[ucr] 045_UCR_Anomaly_DISTORTEDPowerDema tirex_quantile           default  vus=0.03313 affil=0.75012 (6.2s)
[ucr] 045_UCR_Anomaly_DISTORTEDPowerDema iforest                  default  vus=0.01567 affil=0.61987 (1.67s)
[ucr] 045_UCR_Anomaly_DISTORTEDPowerDema iforest                  tuned    vus=0.01565 affil=0.62117 (1.71s)
[ucr] 045_UCR_Anomaly_DISTORTEDPowerDema lof                      default  vus=0.02811 affil=0.66838 (0.79s)
[ucr] 045_UCR_Anomaly_DISTORTEDPowerDema lof                      tuned    vus=0.03771 affil=0.67273 (1.47s)
[ucr] 045_UCR_Anomaly_DISTORTEDPowerDema knn                      default  vus=0.13957 affil=0.72899 (0.32s)
[ucr] 045_UCR_Anomaly_DISTORTEDPowerDema knn                      tuned    vus=0.13957 affil=0.72899 (1.28s)
[ucr] 045_UCR_Anomaly_DISTORTEDPowerDema ae                       default  vus=0.04565 affil=0.69813 (4.57s)
[ucr] 045_UCR_Anomaly_DISTORTEDPowerDema ae                       tuned    vus=0.03075 affil=0.67632 (5.36s)
[ucr] 046_UCR_Anomaly_DISTORTEDPowerDema chronos_small_resid      default  vus=0.02004 affil=0.6813 (0.3s)
[ucr] 046_UCR_Anomaly_DISTORTEDPowerDema chronos_small_quantile   default  vus=0.01478 affil=0.82418 (0.3s)
[ucr] 046_UCR_Anomaly_DISTORTEDPowerDema chronos_base_resid       default  vus=0.02195 affil=0.67831 (0.5s)
[ucr] 046_UCR_Anomaly_DISTORTEDPowerDema chronos_base_quantile    default  vus=0.0115 affil=0.73756 (0.5s)
[ucr] 046_UCR_Anomaly_DISTORTEDPowerDema timesfm_resid            default  vus=0.01958 affil=0.66114 (4.6s)
[ucr] 046_UCR_Anomaly_DISTORTEDPowerDema timesfm_quantile         default  vus=0.01302 affil=0.69638 (4.6s)
[ucr] 046_UCR_Anomaly_DISTORTEDPowerDema tirex_resid              default  vus=0.01723 affil=0.66166 (8.1s)
[ucr] 046_UCR_Anomaly_DISTORTEDPowerDema tirex_quantile           default  vus=0.01531 affil=0.69527 (8.1s)
[ucr] 046_UCR_Anomaly_DISTORTEDPowerDema iforest                  default  vus=0.00504 affil=0.82058 (3.82s)
[ucr] 046_UCR_Anomaly_DISTORTEDPowerDema iforest                  tuned    vus=0.00478 affil=0.81848 (3.58s)
[ucr] 046_UCR_Anomaly_DISTORTEDPowerDema lof                      default  vus=0.01945 affil=0.63123 (1.99s)
[ucr] 046_UCR_Anomaly_DISTORTEDPowerDema lof                      tuned    vus=0.21323 affil=0.7542 (3.9s)
[ucr] 046_UCR_Anomaly_DISTORTEDPowerDema knn                      default  vus=0.07373 affil=0.68207 (0.67s)
[ucr] 046_UCR_Anomaly_DISTORTEDPowerDema knn                      tuned    vus=0.07373 affil=0.68207 (3.8s)
[ucr] 046_UCR_Anomaly_DISTORTEDPowerDema ae                       default  vus=0.14751 affil=0.70248 (15.52s)
[ucr] 046_UCR_Anomaly_DISTORTEDPowerDema ae                       tuned    vus=0.08411 affil=0.69782 (5.41s)
[ucr] 047_UCR_Anomaly_DISTORTEDPowerDema chronos_small_resid      default  vus=0.06989 affil=0.89759 (0.3s)
[ucr] 047_UCR_Anomaly_DISTORTEDPowerDema chronos_small_quantile   default  vus=0.06029 affil=0.82913 (0.3s)
[ucr] 047_UCR_Anomaly_DISTORTEDPowerDema chronos_base_resid       default  vus=0.08411 affil=0.89759 (0.6s)
[ucr] 047_UCR_Anomaly_DISTORTEDPowerDema chronos_base_quantile    default  vus=0.03476 affil=0.72104 (0.6s)
[ucr] 047_UCR_Anomaly_DISTORTEDPowerDema timesfm_resid            default  vus=0.0465 affil=0.82015 (3.6s)
[ucr] 047_UCR_Anomaly_DISTORTEDPowerDema timesfm_quantile         default  vus=0.01416 affil=0.69665 (3.6s)
[ucr] 047_UCR_Anomaly_DISTORTEDPowerDema tirex_resid              default  vus=0.06624 affil=0.96679 (4.7s)
[ucr] 047_UCR_Anomaly_DISTORTEDPowerDema tirex_quantile           default  vus=0.03622 affil=0.7081 (4.7s)
[ucr] 047_UCR_Anomaly_DISTORTEDPowerDema iforest                  default  vus=0.01019 affil=0.71672 (1.25s)
[ucr] 047_UCR_Anomaly_DISTORTEDPowerDema iforest                  tuned    vus=0.00992 affil=0.70389 (2.26s)
[ucr] 047_UCR_Anomaly_DISTORTEDPowerDema lof                      default  vus=0.84526 affil=0.99877 (0.84s)
[ucr] 047_UCR_Anomaly_DISTORTEDPowerDema lof                      tuned    vus=0.85576 affil=0.99877 (1.22s)
[ucr] 047_UCR_Anomaly_DISTORTEDPowerDema knn                      default  vus=0.82657 affil=0.99887 (0.26s)
[ucr] 047_UCR_Anomaly_DISTORTEDPowerDema knn                      tuned    vus=0.8392 affil=0.99887 (0.9s)
[ucr] 047_UCR_Anomaly_DISTORTEDPowerDema ae                       default  vus=0.87284 affil=0.9988 (4.7s)
[ucr] 047_UCR_Anomaly_DISTORTEDPowerDema ae                       tuned    vus=0.29086 affil=0.84656 (3.67s)
[ucr] 048_UCR_Anomaly_DISTORTEDTkeepFift chronos_small_resid      default  vus=0.10029 affil=0.98187 (0.1s)
[ucr] 048_UCR_Anomaly_DISTORTEDTkeepFift chronos_small_quantile   default  vus=0.08581 affil=0.98187 (0.1s)
[ucr] 048_UCR_Anomaly_DISTORTEDTkeepFift chronos_base_resid       default  vus=0.09839 affil=0.98187 (0.3s)
[ucr] 048_UCR_Anomaly_DISTORTEDTkeepFift chronos_base_quantile    default  vus=0.05334 affil=0.88115 (0.3s)
[ucr] 048_UCR_Anomaly_DISTORTEDTkeepFift timesfm_resid            default  vus=0.11146 affil=0.98187 (2.0s)
[ucr] 048_UCR_Anomaly_DISTORTEDTkeepFift timesfm_quantile         default  vus=0.15284 affil=0.98286 (2.0s)
[ucr] 048_UCR_Anomaly_DISTORTEDTkeepFift tirex_resid              default  vus=0.08517 affil=0.98187 (5.0s)
[ucr] 048_UCR_Anomaly_DISTORTEDTkeepFift tirex_quantile           default  vus=0.13266 affil=0.98213 (5.0s)
[ucr] 048_UCR_Anomaly_DISTORTEDTkeepFift iforest                  default  vus=0.01023 affil=0.64356 (0.85s)
[ucr] 048_UCR_Anomaly_DISTORTEDTkeepFift iforest                  tuned    vus=0.0125 affil=0.66219 (1.54s)
[ucr] 048_UCR_Anomaly_DISTORTEDTkeepFift lof                      default  vus=0.75195 affil=0.99972 (0.25s)
[ucr] 048_UCR_Anomaly_DISTORTEDTkeepFift lof                      tuned    vus=0.69844 affil=0.99967 (0.57s)
[ucr] 048_UCR_Anomaly_DISTORTEDTkeepFift knn                      default  vus=0.69556 affil=0.9985 (0.13s)
[ucr] 048_UCR_Anomaly_DISTORTEDTkeepFift knn                      tuned    vus=0.72769 affil=0.9985 (0.54s)
[ucr] 048_UCR_Anomaly_DISTORTEDTkeepFift ae                       default  vus=0.1229 affil=0.68418 (1.2s)
[ucr] 048_UCR_Anomaly_DISTORTEDTkeepFift ae                       tuned    vus=0.01731 affil=0.67886 (2.94s)
[ucr] 049_UCR_Anomaly_DISTORTEDTkeepFirs chronos_small_resid      default  vus=0.00434 affil=0.83447 (0.1s)
[ucr] 049_UCR_Anomaly_DISTORTEDTkeepFirs chronos_small_quantile   default  vus=0.00351 affil=0.69403 (0.1s)
[ucr] 049_UCR_Anomaly_DISTORTEDTkeepFirs chronos_base_resid       default  vus=0.00406 affil=0.72919 (0.3s)
[ucr] 049_UCR_Anomaly_DISTORTEDTkeepFirs chronos_base_quantile    default  vus=0.00372 affil=0.66667 (0.3s)
[ucr] 049_UCR_Anomaly_DISTORTEDTkeepFirs timesfm_resid            default  vus=0.00356 affil=0.70528 (2.0s)
[ucr] 049_UCR_Anomaly_DISTORTEDTkeepFirs timesfm_quantile         default  vus=0.00402 affil=0.79679 (2.0s)
[ucr] 049_UCR_Anomaly_DISTORTEDTkeepFirs tirex_resid              default  vus=0.00316 affil=0.82317 (4.0s)
[ucr] 049_UCR_Anomaly_DISTORTEDTkeepFirs tirex_quantile           default  vus=0.003 affil=0.75586 (4.0s)
[ucr] 049_UCR_Anomaly_DISTORTEDTkeepFirs iforest                  default  vus=0.00592 affil=0.8855 (0.97s)
[ucr] 049_UCR_Anomaly_DISTORTEDTkeepFirs iforest                  tuned    vus=0.00508 affil=0.87746 (2.34s)
[ucr] 049_UCR_Anomaly_DISTORTEDTkeepFirs lof                      default  vus=0.00385 affil=0.88199 (0.25s)
[ucr] 049_UCR_Anomaly_DISTORTEDTkeepFirs lof                      tuned    vus=0.00385 affil=0.88199 (0.85s)
[ucr] 049_UCR_Anomaly_DISTORTEDTkeepFirs knn                      default  vus=0.00424 affil=0.8709 (0.13s)
[ucr] 049_UCR_Anomaly_DISTORTEDTkeepFirs knn                      tuned    vus=0.00424 affil=0.8709 (0.85s)
[ucr] 049_UCR_Anomaly_DISTORTEDTkeepFirs ae                       default  vus=0.00668 affil=0.855 (1.19s)
[ucr] 049_UCR_Anomaly_DISTORTEDTkeepFirs ae                       tuned    vus=0.01088 affil=0.90996 (1.7s)
[ucr] 050_UCR_Anomaly_DISTORTEDTkeepFort chronos_small_resid      default  vus=0.03408 affil=0.86082 (0.1s)
[ucr] 050_UCR_Anomaly_DISTORTEDTkeepFort chronos_small_quantile   default  vus=0.02047 affil=0.67121 (0.1s)
[ucr] 050_UCR_Anomaly_DISTORTEDTkeepFort chronos_base_resid       default  vus=0.02936 affil=0.71499 (0.2s)
[ucr] 050_UCR_Anomaly_DISTORTEDTkeepFort chronos_base_quantile    default  vus=0.01998 affil=0.73642 (0.2s)
[ucr] 050_UCR_Anomaly_DISTORTEDTkeepFort timesfm_resid            default  vus=0.03931 affil=0.83299 (2.1s)
[ucr] 050_UCR_Anomaly_DISTORTEDTkeepFort timesfm_quantile         default  vus=0.02428 affil=0.82015 (2.1s)
[ucr] 050_UCR_Anomaly_DISTORTEDTkeepFort tirex_resid              default  vus=0.06209 affil=0.92045 (4.0s)
[ucr] 050_UCR_Anomaly_DISTORTEDTkeepFort tirex_quantile           default  vus=0.02345 affil=0.84205 (4.0s)
[ucr] 050_UCR_Anomaly_DISTORTEDTkeepFort iforest                  default  vus=0.0135 affil=0.59461 (1.04s)
[ucr] 050_UCR_Anomaly_DISTORTEDTkeepFort iforest                  tuned    vus=0.0135 affil=0.59461 (1.57s)
[ucr] 050_UCR_Anomaly_DISTORTEDTkeepFort lof                      default  vus=0.0162 affil=0.70504 (0.24s)
[ucr] 050_UCR_Anomaly_DISTORTEDTkeepFort lof                      tuned    vus=0.0162 affil=0.70504 (0.66s)
[ucr] 050_UCR_Anomaly_DISTORTEDTkeepFort knn                      default  vus=0.02062 affil=0.63562 (0.13s)
[ucr] 050_UCR_Anomaly_DISTORTEDTkeepFort knn                      tuned    vus=0.02568 affil=0.68098 (0.8s)
[ucr] 050_UCR_Anomaly_DISTORTEDTkeepFort ae                       default  vus=0.01419 affil=0.63792 (1.36s)
[ucr] 050_UCR_Anomaly_DISTORTEDTkeepFort ae                       tuned    vus=0.01713 affil=0.68367 (1.55s)
[ucr] 051_UCR_Anomaly_DISTORTEDTkeepSeco chronos_small_resid      default  vus=0.00407 affil=0.97807 (0.1s)
[ucr] 051_UCR_Anomaly_DISTORTEDTkeepSeco chronos_small_quantile   default  vus=0.00525 affil=0.77176 (0.1s)
[ucr] 051_UCR_Anomaly_DISTORTEDTkeepSeco chronos_base_resid       default  vus=0.00321 affil=0.97807 (0.2s)
[ucr] 051_UCR_Anomaly_DISTORTEDTkeepSeco chronos_base_quantile    default  vus=0.00465 affil=0.9839 (0.2s)
[ucr] 051_UCR_Anomaly_DISTORTEDTkeepSeco timesfm_resid            default  vus=0.01548 affil=0.97705 (2.2s)
[ucr] 051_UCR_Anomaly_DISTORTEDTkeepSeco timesfm_quantile         default  vus=0.01895 affil=0.98279 (2.2s)
[ucr] 051_UCR_Anomaly_DISTORTEDTkeepSeco tirex_resid              default  vus=0.03828 affil=0.9768 (4.1s)
[ucr] 051_UCR_Anomaly_DISTORTEDTkeepSeco tirex_quantile           default  vus=0.05302 affil=0.98273 (4.1s)
[ucr] 051_UCR_Anomaly_DISTORTEDTkeepSeco iforest                  default  vus=0.00335 affil=0.69705 (1.17s)
[ucr] 051_UCR_Anomaly_DISTORTEDTkeepSeco iforest                  tuned    vus=0.00342 affil=0.70253 (1.12s)
[ucr] 051_UCR_Anomaly_DISTORTEDTkeepSeco lof                      default  vus=0.40032 affil=0.99983 (0.24s)
[ucr] 051_UCR_Anomaly_DISTORTEDTkeepSeco lof                      tuned    vus=0.40032 affil=0.99983 (0.67s)
[ucr] 051_UCR_Anomaly_DISTORTEDTkeepSeco knn                      default  vus=0.43993 affil=0.99986 (0.14s)
[ucr] 051_UCR_Anomaly_DISTORTEDTkeepSeco knn                      tuned    vus=0.52184 affil=0.99979 (0.53s)
[ucr] 051_UCR_Anomaly_DISTORTEDTkeepSeco ae                       default  vus=0.42563 affil=0.99986 (1.22s)
[ucr] 051_UCR_Anomaly_DISTORTEDTkeepSeco ae                       tuned    vus=0.4322 affil=0.99986 (1.39s)
[ucr] 052_UCR_Anomaly_DISTORTEDTkeepThir chronos_small_resid      default  vus=0.04802 affil=0.70373 (0.1s)
[ucr] 052_UCR_Anomaly_DISTORTEDTkeepThir chronos_small_quantile   default  vus=0.02613 affil=0.68269 (0.1s)
[ucr] 052_UCR_Anomaly_DISTORTEDTkeepThir chronos_base_resid       default  vus=0.27047 affil=0.94853 (0.2s)
[ucr] 052_UCR_Anomaly_DISTORTEDTkeepThir chronos_base_quantile    default  vus=0.03482 affil=0.69432 (0.2s)
[ucr] 052_UCR_Anomaly_DISTORTEDTkeepThir timesfm_resid            default  vus=0.06805 affil=0.96452 (2.9s)
[ucr] 052_UCR_Anomaly_DISTORTEDTkeepThir timesfm_quantile         default  vus=0.03373 affil=0.72326 (2.9s)
[ucr] 052_UCR_Anomaly_DISTORTEDTkeepThir tirex_resid              default  vus=0.09344 affil=0.99483 (4.2s)
[ucr] 052_UCR_Anomaly_DISTORTEDTkeepThir tirex_quantile           default  vus=0.03242 affil=0.69499 (4.2s)
[ucr] 052_UCR_Anomaly_DISTORTEDTkeepThir iforest                  default  vus=0.03605 affil=0.67129 (1.32s)
[ucr] 052_UCR_Anomaly_DISTORTEDTkeepThir iforest                  tuned    vus=0.03605 affil=0.67129 (1.83s)
[ucr] 052_UCR_Anomaly_DISTORTEDTkeepThir lof                      default  vus=0.74514 affil=0.99601 (0.25s)
[ucr] 052_UCR_Anomaly_DISTORTEDTkeepThir lof                      tuned    vus=0.74514 affil=0.99601 (0.57s)
[ucr] 052_UCR_Anomaly_DISTORTEDTkeepThir knn                      default  vus=0.85226 affil=0.99724 (0.14s)
[ucr] 052_UCR_Anomaly_DISTORTEDTkeepThir knn                      tuned    vus=0.85226 affil=0.99724 (0.72s)
[ucr] 052_UCR_Anomaly_DISTORTEDTkeepThir ae                       default  vus=0.16751 affil=0.7856 (1.52s)
[ucr] 052_UCR_Anomaly_DISTORTEDTkeepThir ae                       tuned    vus=0.03703 affil=0.69903 (1.95s)
[ucr] 053_UCR_Anomaly_DISTORTEDWalkingAc chronos_small_resid      default  vus=0.05973 affil=0.66643 (0.1s)
[ucr] 053_UCR_Anomaly_DISTORTEDWalkingAc chronos_small_quantile   default  vus=0.06267 affil=0.66756 (0.1s)
[ucr] 053_UCR_Anomaly_DISTORTEDWalkingAc chronos_base_resid       default  vus=0.05824 affil=0.65626 (0.2s)
[ucr] 053_UCR_Anomaly_DISTORTEDWalkingAc chronos_base_quantile    default  vus=0.06793 affil=0.66881 (0.2s)
[ucr] 053_UCR_Anomaly_DISTORTEDWalkingAc timesfm_resid            default  vus=0.06472 affil=0.66115 (2.4s)
[ucr] 053_UCR_Anomaly_DISTORTEDWalkingAc timesfm_quantile         default  vus=0.06293 affil=0.66954 (2.4s)
[ucr] 053_UCR_Anomaly_DISTORTEDWalkingAc tirex_resid              default  vus=0.06099 affil=0.6638 (5.9s)
[ucr] 053_UCR_Anomaly_DISTORTEDWalkingAc tirex_quantile           default  vus=0.06142 affil=0.66756 (5.9s)
[ucr] 053_UCR_Anomaly_DISTORTEDWalkingAc iforest                  default  vus=0.03672 affil=0.39964 (1.19s)
[ucr] 053_UCR_Anomaly_DISTORTEDWalkingAc lof                      default  vus=0.03696 affil=0.4253 (0.17s)
[ucr] 053_UCR_Anomaly_DISTORTEDWalkingAc knn                      default  vus=0.03744 affil=0.4978 (0.12s)
[ucr] 053_UCR_Anomaly_DISTORTEDWalkingAc ae                       default  vus=0.03599 affil=0.41853 (0.82s)
[ucr] 054_UCR_Anomaly_DISTORTEDWalkingAc chronos_small_resid      default  vus=0.17468 affil=0.94448 (0.1s)
[ucr] 054_UCR_Anomaly_DISTORTEDWalkingAc chronos_small_quantile   default  vus=0.17981 affil=0.92344 (0.1s)
[ucr] 054_UCR_Anomaly_DISTORTEDWalkingAc chronos_base_resid       default  vus=0.17864 affil=0.94448 (0.2s)
[ucr] 054_UCR_Anomaly_DISTORTEDWalkingAc chronos_base_quantile    default  vus=0.12046 affil=0.92344 (0.2s)
[ucr] 054_UCR_Anomaly_DISTORTEDWalkingAc timesfm_resid            default  vus=0.20714 affil=0.92344 (1.3s)
[ucr] 054_UCR_Anomaly_DISTORTEDWalkingAc timesfm_quantile         default  vus=0.29155 affil=0.96219 (1.3s)
[ucr] 054_UCR_Anomaly_DISTORTEDWalkingAc tirex_resid              default  vus=0.13754 affil=0.92344 (3.5s)
[ucr] 054_UCR_Anomaly_DISTORTEDWalkingAc tirex_quantile           default  vus=0.14594 affil=0.92344 (3.5s)
[ucr] 054_UCR_Anomaly_DISTORTEDWalkingAc iforest                  default  vus=0.95982 affil=0.99938 (1.44s)
[ucr] 054_UCR_Anomaly_DISTORTEDWalkingAc iforest                  tuned    vus=0.90395 affil=0.99939 (1.36s)
[ucr] 054_UCR_Anomaly_DISTORTEDWalkingAc lof                      default  vus=0.95741 affil=0.99933 (0.44s)
[ucr] 054_UCR_Anomaly_DISTORTEDWalkingAc lof                      tuned    vus=0.95975 affil=0.99933 (0.5s)
[ucr] 054_UCR_Anomaly_DISTORTEDWalkingAc knn                      default  vus=0.95846 affil=0.99933 (0.1s)
[ucr] 054_UCR_Anomaly_DISTORTEDWalkingAc knn                      tuned    vus=0.89271 affil=0.99936 (0.78s)
[ucr] 054_UCR_Anomaly_DISTORTEDWalkingAc ae                       default  vus=0.95384 affil=0.99933 (1.69s)
[ucr] 054_UCR_Anomaly_DISTORTEDWalkingAc ae                       tuned    vus=0.95961 affil=0.99938 (1.87s)
[ucr] 055_UCR_Anomaly_DISTORTEDapneaecg2 chronos_small_resid      default  vus=0.01629 affil=0.91645 (0.8s)
[ucr] 055_UCR_Anomaly_DISTORTEDapneaecg2 chronos_small_quantile   default  vus=0.01859 affil=0.88212 (0.8s)
[ucr] 055_UCR_Anomaly_DISTORTEDapneaecg2 chronos_base_resid       default  vus=0.01504 affil=0.93313 (2.5s)
[ucr] 055_UCR_Anomaly_DISTORTEDapneaecg2 chronos_base_quantile    default  vus=0.02659 affil=0.78906 (2.5s)
[ucr] 055_UCR_Anomaly_DISTORTEDapneaecg2 timesfm_resid            default  vus=0.01493 affil=0.88426 (35.1s)
[ucr] 055_UCR_Anomaly_DISTORTEDapneaecg2 timesfm_quantile         default  vus=0.01529 affil=0.66998 (35.1s)
[ucr] 055_UCR_Anomaly_DISTORTEDapneaecg2 tirex_resid              default  vus=0.01726 affil=0.68385 (28.3s)
[ucr] 055_UCR_Anomaly_DISTORTEDapneaecg2 tirex_quantile           default  vus=0.01493 affil=0.75547 (28.3s)
[ucr] 055_UCR_Anomaly_DISTORTEDapneaecg2 iforest                  default  vus=0.09705 affil=0.99888 (1.96s)
[ucr] 055_UCR_Anomaly_DISTORTEDapneaecg2 iforest                  tuned    vus=0.10893 affil=0.99886 (2.36s)
[ucr] 055_UCR_Anomaly_DISTORTEDapneaecg2 lof                      default  vus=0.10543 affil=0.99886 (0.89s)
[ucr] 055_UCR_Anomaly_DISTORTEDapneaecg2 lof                      tuned    vus=0.54857 affil=0.99892 (2.44s)
[ucr] 055_UCR_Anomaly_DISTORTEDapneaecg2 knn                      default  vus=0.74322 affil=0.99888 (0.56s)
[ucr] 055_UCR_Anomaly_DISTORTEDapneaecg2 knn                      tuned    vus=0.75651 affil=0.99889 (1.39s)
[ucr] 055_UCR_Anomaly_DISTORTEDapneaecg2 ae                       default  vus=0.72975 affil=0.99883 (3.21s)
[ucr] 055_UCR_Anomaly_DISTORTEDapneaecg2 ae                       tuned    vus=0.74048 affil=0.99896 (4.23s)
[ucr] 056_UCR_Anomaly_DISTORTEDapneaecg3 chronos_small_resid      default  vus=0.00479 affil=0.66212 (0.3s)
[ucr] 056_UCR_Anomaly_DISTORTEDapneaecg3 chronos_small_quantile   default  vus=0.00456 affil=0.68257 (0.3s)
[ucr] 056_UCR_Anomaly_DISTORTEDapneaecg3 chronos_base_resid       default  vus=0.00486 affil=0.66091 (0.7s)
[ucr] 056_UCR_Anomaly_DISTORTEDapneaecg3 chronos_base_quantile    default  vus=0.00453 affil=0.68292 (0.7s)
[ucr] 056_UCR_Anomaly_DISTORTEDapneaecg3 timesfm_resid            default  vus=0.00517 affil=0.66496 (10.2s)
[ucr] 056_UCR_Anomaly_DISTORTEDapneaecg3 timesfm_quantile         default  vus=0.00571 affil=0.6806 (10.2s)
[ucr] 056_UCR_Anomaly_DISTORTEDapneaecg3 tirex_resid              default  vus=0.00567 affil=0.67476 (14.6s)
[ucr] 056_UCR_Anomaly_DISTORTEDapneaecg3 tirex_quantile           default  vus=0.00442 affil=0.66744 (14.6s)
[ucr] 056_UCR_Anomaly_DISTORTEDapneaecg3 iforest                  default  vus=0.00677 affil=0.65545 (2.0s)
[ucr] 056_UCR_Anomaly_DISTORTEDapneaecg3 iforest                  tuned    vus=0.00324 affil=0.64339 (5.33s)
[ucr] 056_UCR_Anomaly_DISTORTEDapneaecg3 lof                      default  vus=0.00625 affil=0.65947 (0.67s)
[ucr] 056_UCR_Anomaly_DISTORTEDapneaecg3 lof                      tuned    vus=0.01432 affil=0.72789 (2.79s)
[ucr] 056_UCR_Anomaly_DISTORTEDapneaecg3 knn                      default  vus=0.00974 affil=0.65213 (0.48s)
[ucr] 056_UCR_Anomaly_DISTORTEDapneaecg3 knn                      tuned    vus=0.02788 affil=0.65451 (2.6s)
[ucr] 056_UCR_Anomaly_DISTORTEDapneaecg3 ae                       default  vus=0.00764 affil=0.65738 (2.34s)
[ucr] 056_UCR_Anomaly_DISTORTEDapneaecg3 ae                       tuned    vus=0.0192 affil=0.68308 (5.99s)
[ucr] 057_UCR_Anomaly_DISTORTEDapneaecg4 chronos_small_resid      default  vus=0.00351 affil=0.67069 (0.3s)
[ucr] 057_UCR_Anomaly_DISTORTEDapneaecg4 chronos_small_quantile   default  vus=0.00439 affil=0.68874 (0.3s)
[ucr] 057_UCR_Anomaly_DISTORTEDapneaecg4 chronos_base_resid       default  vus=0.00374 affil=0.66574 (0.9s)
[ucr] 057_UCR_Anomaly_DISTORTEDapneaecg4 chronos_base_quantile    default  vus=0.0045 affil=0.67959 (0.9s)
[ucr] 057_UCR_Anomaly_DISTORTEDapneaecg4 timesfm_resid            default  vus=0.00341 affil=0.6688 (11.4s)
[ucr] 057_UCR_Anomaly_DISTORTEDapneaecg4 timesfm_quantile         default  vus=0.00456 affil=0.76761 (11.4s)
[ucr] 057_UCR_Anomaly_DISTORTEDapneaecg4 tirex_resid              default  vus=0.00372 affil=0.67027 (15.6s)
[ucr] 057_UCR_Anomaly_DISTORTEDapneaecg4 tirex_quantile           default  vus=0.00452 affil=0.73457 (15.6s)
[ucr] 057_UCR_Anomaly_DISTORTEDapneaecg4 iforest                  default  vus=0.00415 affil=0.68677 (2.44s)
[ucr] 057_UCR_Anomaly_DISTORTEDapneaecg4 iforest                  tuned    vus=0.00365 affil=0.64326 (5.49s)
[ucr] 057_UCR_Anomaly_DISTORTEDapneaecg4 lof                      default  vus=0.00406 affil=0.65769 (0.75s)
[ucr] 057_UCR_Anomaly_DISTORTEDapneaecg4 lof                      tuned    vus=0.01416 affil=0.63796 (3.16s)
[ucr] 057_UCR_Anomaly_DISTORTEDapneaecg4 knn                      default  vus=0.00564 affil=0.63373 (0.55s)
[ucr] 057_UCR_Anomaly_DISTORTEDapneaecg4 knn                      tuned    vus=0.00416 affil=0.62734 (2.91s)
[ucr] 057_UCR_Anomaly_DISTORTEDapneaecg4 ae                       default  vus=0.00407 affil=0.64717 (2.54s)
[ucr] 057_UCR_Anomaly_DISTORTEDapneaecg4 ae                       tuned    vus=0.00281 affil=0.65352 (6.07s)
[ucr] 058_UCR_Anomaly_DISTORTEDapneaecg_ chronos_small_resid      default  vus=0.0029 affil=0.70558 (0.3s)
[ucr] 058_UCR_Anomaly_DISTORTEDapneaecg_ chronos_small_quantile   default  vus=0.00349 affil=0.67585 (0.3s)
[ucr] 058_UCR_Anomaly_DISTORTEDapneaecg_ chronos_base_resid       default  vus=0.00302 affil=0.72045 (0.7s)
[ucr] 058_UCR_Anomaly_DISTORTEDapneaecg_ chronos_base_quantile    default  vus=0.0035 affil=0.68021 (0.7s)
[ucr] 058_UCR_Anomaly_DISTORTEDapneaecg_ timesfm_resid            default  vus=0.00347 affil=0.71666 (8.8s)
[ucr] 058_UCR_Anomaly_DISTORTEDapneaecg_ timesfm_quantile         default  vus=0.00347 affil=0.68413 (8.8s)
[ucr] 058_UCR_Anomaly_DISTORTEDapneaecg_ tirex_resid              default  vus=0.00311 affil=0.67441 (18.3s)
[ucr] 058_UCR_Anomaly_DISTORTEDapneaecg_ tirex_quantile           default  vus=0.0034 affil=0.66667 (18.3s)
[ucr] 058_UCR_Anomaly_DISTORTEDapneaecg_ iforest                  default  vus=0.00229 affil=0.6492 (1.85s)
[ucr] 058_UCR_Anomaly_DISTORTEDapneaecg_ iforest                  tuned    vus=0.00223 affil=0.648 (2.26s)
[ucr] 058_UCR_Anomaly_DISTORTEDapneaecg_ lof                      default  vus=0.01079 affil=0.65915 (0.86s)
[ucr] 058_UCR_Anomaly_DISTORTEDapneaecg_ lof                      tuned    vus=0.48382 affil=0.99962 (2.74s)
[ucr] 058_UCR_Anomaly_DISTORTEDapneaecg_ knn                      default  vus=0.03204 affil=0.63725 (0.53s)
[ucr] 058_UCR_Anomaly_DISTORTEDapneaecg_ knn                      tuned    vus=0.14882 affil=0.61912 (1.55s)
[ucr] 058_UCR_Anomaly_DISTORTEDapneaecg_ ae                       default  vus=0.00616 affil=0.64293 (3.47s)
[ucr] 058_UCR_Anomaly_DISTORTEDapneaecg_ ae                       tuned    vus=0.26359 affil=0.99962 (19.34s)
[ucr] 059_UCR_Anomaly_DISTORTEDgait1_200 chronos_small_resid      default  vus=0.00847 affil=0.68902 (1.2s)
[ucr] 059_UCR_Anomaly_DISTORTEDgait1_200 chronos_small_quantile   default  vus=0.00808 affil=0.71262 (1.2s)
[ucr] 059_UCR_Anomaly_DISTORTEDgait1_200 chronos_base_resid       default  vus=0.00818 affil=0.6764 (2.0s)
[ucr] 059_UCR_Anomaly_DISTORTEDgait1_200 chronos_base_quantile    default  vus=0.00833 affil=0.86926 (2.0s)
[ucr] 059_UCR_Anomaly_DISTORTEDgait1_200 timesfm_resid            default  vus=0.0087 affil=0.83496 (41.4s)
[ucr] 059_UCR_Anomaly_DISTORTEDgait1_200 timesfm_quantile         default  vus=0.00887 affil=0.86434 (41.4s)
[ucr] 059_UCR_Anomaly_DISTORTEDgait1_200 tirex_resid              default  vus=0.00689 affil=0.72497 (33.0s)
[ucr] 059_UCR_Anomaly_DISTORTEDgait1_200 tirex_quantile           default  vus=0.00848 affil=0.6998 (33.0s)
[ucr] 059_UCR_Anomaly_DISTORTEDgait1_200 iforest                  default  vus=0.01117 affil=0.65856 (6.66s)
[ucr] 059_UCR_Anomaly_DISTORTEDgait1_200 iforest                  tuned    vus=0.02809 affil=0.63302 (6.71s)
[ucr] 059_UCR_Anomaly_DISTORTEDgait1_200 lof                      default  vus=0.05916 affil=0.72511 (1.52s)
[ucr] 059_UCR_Anomaly_DISTORTEDgait1_200 lof                      tuned    vus=0.28687 affil=0.9983 (3.35s)
[ucr] 059_UCR_Anomaly_DISTORTEDgait1_200 knn                      default  vus=0.08159 affil=0.99824 (1.22s)
[ucr] 059_UCR_Anomaly_DISTORTEDgait1_200 knn                      tuned    vus=0.30072 affil=0.99809 (2.75s)
[ucr] 059_UCR_Anomaly_DISTORTEDgait1_200 ae                       default  vus=0.01193 affil=0.66195 (7.22s)
[ucr] 059_UCR_Anomaly_DISTORTEDgait1_200 ae                       tuned    vus=0.14029 affil=0.99168 (6.62s)
[ucr] 060_UCR_Anomaly_DISTORTEDgait2_220 chronos_small_resid      default  vus=0.0097 affil=0.84105 (0.3s)
[ucr] 060_UCR_Anomaly_DISTORTEDgait2_220 chronos_small_quantile   default  vus=0.00921 affil=0.77576 (0.3s)
[ucr] 060_UCR_Anomaly_DISTORTEDgait2_220 chronos_base_resid       default  vus=0.01069 affil=0.68091 (1.1s)
[ucr] 060_UCR_Anomaly_DISTORTEDgait2_220 chronos_base_quantile    default  vus=0.01051 affil=0.66669 (1.1s)
[ucr] 060_UCR_Anomaly_DISTORTEDgait2_220 timesfm_resid            default  vus=0.01675 affil=0.77267 (9.6s)
[ucr] 060_UCR_Anomaly_DISTORTEDgait2_220 timesfm_quantile         default  vus=0.01238 affil=0.71376 (9.6s)
[ucr] 060_UCR_Anomaly_DISTORTEDgait2_220 tirex_resid              default  vus=0.0108 affil=0.66664 (23.8s)
[ucr] 060_UCR_Anomaly_DISTORTEDgait2_220 tirex_quantile           default  vus=0.00964 affil=0.66669 (23.8s)
[ucr] 060_UCR_Anomaly_DISTORTEDgait2_220 iforest                  default  vus=0.01887 affil=0.674 (3.13s)
[ucr] 060_UCR_Anomaly_DISTORTEDgait2_220 iforest                  tuned    vus=0.04883 affil=0.70135 (7.95s)
[ucr] 060_UCR_Anomaly_DISTORTEDgait2_220 lof                      default  vus=0.21972 affil=0.99834 (1.82s)
[ucr] 060_UCR_Anomaly_DISTORTEDgait2_220 lof                      tuned    vus=0.36119 affil=0.99833 (3.62s)
[ucr] 060_UCR_Anomaly_DISTORTEDgait2_220 knn                      default  vus=0.2165 affil=0.99828 (1.15s)
[ucr] 060_UCR_Anomaly_DISTORTEDgait2_220 knn                      tuned    vus=0.2165 affil=0.99828 (3.81s)
[ucr] 060_UCR_Anomaly_DISTORTEDgait2_220 ae                       default  vus=0.02135 affil=0.66428 (9.19s)
[ucr] 060_UCR_Anomaly_DISTORTEDgait2_220 ae                       tuned    vus=0.00801 affil=0.6964 (9.26s)
[ucr] 061_UCR_Anomaly_DISTORTEDgait3_245 chronos_small_resid      default  vus=0.04632 affil=0.73355 (0.4s)
[ucr] 061_UCR_Anomaly_DISTORTEDgait3_245 chronos_small_quantile   default  vus=0.02407 affil=0.67574 (0.4s)
[ucr] 061_UCR_Anomaly_DISTORTEDgait3_245 chronos_base_resid       default  vus=0.02131 affil=0.83295 (0.9s)
[ucr] 061_UCR_Anomaly_DISTORTEDgait3_245 chronos_base_quantile    default  vus=0.02644 affil=0.68489 (0.9s)
[ucr] 061_UCR_Anomaly_DISTORTEDgait3_245 timesfm_resid            default  vus=0.01691 affil=0.72281 (11.6s)
[ucr] 061_UCR_Anomaly_DISTORTEDgait3_245 timesfm_quantile         default  vus=0.01646 affil=0.82544 (11.6s)
[ucr] 061_UCR_Anomaly_DISTORTEDgait3_245 tirex_resid              default  vus=0.0452 affil=0.81763 (16.3s)
[ucr] 061_UCR_Anomaly_DISTORTEDgait3_245 tirex_quantile           default  vus=0.02105 affil=0.69077 (16.3s)
[ucr] 061_UCR_Anomaly_DISTORTEDgait3_245 iforest                  default  vus=0.04337 affil=0.73521 (2.85s)
[ucr] 061_UCR_Anomaly_DISTORTEDgait3_245 iforest                  tuned    vus=0.04876 affil=0.85498 (8.28s)
[ucr] 061_UCR_Anomaly_DISTORTEDgait3_245 lof                      default  vus=0.02675 affil=0.83626 (1.8s)
[ucr] 061_UCR_Anomaly_DISTORTEDgait3_245 lof                      tuned    vus=0.01928 affil=0.846 (14.55s)
[ucr] 061_UCR_Anomaly_DISTORTEDgait3_245 knn                      default  vus=0.02189 affil=0.73005 (2.35s)
[ucr] 061_UCR_Anomaly_DISTORTEDgait3_245 knn                      tuned    vus=0.02143 affil=0.73381 (13.65s)
[ucr] 061_UCR_Anomaly_DISTORTEDgait3_245 ae                       default  vus=0.03563 affil=0.80969 (24.77s)
[ucr] 061_UCR_Anomaly_DISTORTEDgait3_245 ae                       tuned    vus=0.03501 affil=0.84619 (8.59s)
[ucr] 062_UCR_Anomaly_DISTORTEDgaitHunt1 chronos_small_resid      default  vus=0.00286 affil=0.66549 (0.5s)
[ucr] 062_UCR_Anomaly_DISTORTEDgaitHunt1 chronos_small_quantile   default  vus=0.00361 affil=0.72374 (0.5s)
[ucr] 062_UCR_Anomaly_DISTORTEDgaitHunt1 chronos_base_resid       default  vus=0.00332 affil=0.66584 (0.8s)
[ucr] 062_UCR_Anomaly_DISTORTEDgaitHunt1 chronos_base_quantile    default  vus=0.00346 affil=0.79383 (0.8s)
[ucr] 062_UCR_Anomaly_DISTORTEDgaitHunt1 timesfm_resid            default  vus=0.00343 affil=0.66062 (12.7s)
[ucr] 062_UCR_Anomaly_DISTORTEDgaitHunt1 timesfm_quantile         default  vus=0.00345 affil=0.80382 (12.7s)
[ucr] 062_UCR_Anomaly_DISTORTEDgaitHunt1 tirex_resid              default  vus=0.00302 affil=0.66188 (16.2s)
[ucr] 062_UCR_Anomaly_DISTORTEDgaitHunt1 tirex_quantile           default  vus=0.00339 affil=0.68985 (16.2s)
[ucr] 062_UCR_Anomaly_DISTORTEDgaitHunt1 iforest                  default  vus=0.00841 affil=0.82337 (2.64s)
[ucr] 062_UCR_Anomaly_DISTORTEDgaitHunt1 iforest                  tuned    vus=0.00841 affil=0.82337 (5.09s)
[ucr] 062_UCR_Anomaly_DISTORTEDgaitHunt1 lof                      default  vus=0.28635 affil=0.9993 (2.11s)
[ucr] 062_UCR_Anomaly_DISTORTEDgaitHunt1 lof                      tuned    vus=0.11589 affil=0.71668 (3.1s)
[ucr] 062_UCR_Anomaly_DISTORTEDgaitHunt1 knn                      default  vus=0.31776 affil=0.78115 (1.08s)
[ucr] 062_UCR_Anomaly_DISTORTEDgaitHunt1 knn                      tuned    vus=0.34115 affil=0.78109 (3.42s)
[ucr] 062_UCR_Anomaly_DISTORTEDgaitHunt1 ae                       default  vus=0.34043 affil=0.99965 (6.78s)
[ucr] 062_UCR_Anomaly_DISTORTEDgaitHunt1 ae                       tuned    vus=0.00898 affil=0.80311 (9.3s)
[ucr] 063_UCR_Anomaly_DISTORTEDgaitHunt2 chronos_small_resid      default  vus=0.01621 affil=0.67533 (0.5s)
detectors=['iforest', 'lof', 'knn', 'ae', 'chronos_small_resid', 'chronos_small_quantile', 'chronos_base_resid', 'chronos_base_quantile', 'timesfm_resid', 'timesfm_quantile', 'tirex_resid', 'tirex_quantile']
tiers=['default', 'tuned']
datasets=['nasa', 'smd', 'psm', 'ucr']
out=F:\CS\Paper\that\results\full_results.csv
Warning: You are sending unauthenticated requests to the HF Hub. Please set a HF_TOKEN to enable higher rate limits and faster downloads.
Loading weights:   0%|          | 0/143 [00:00<?, ?it/s]Loading weights:  76%|¨€¨€¨€¨€¨€¨€¨€¨„  | 108/143 [00:00<00:00, 1039.24it/s]Loading weights: 100%|¨€¨€¨€¨€¨€¨€¨€¨€¨€¨€| 143/143 [00:00<00:00, 1107.68it/s]
[ucr] 063_UCR_Anomaly_DISTORTEDgaitHunt2 chronos_small_quantile   default  vus=0.01478 affil=0.66676 (25.9s)
Loading weights:   0%|          | 0/269 [00:00<?, ?it/s]Loading weights:  19%|¨€¨        | 52/269 [00:00<00:00, 499.11it/s]Loading weights:  41%|¨€¨€¨€¨€      | 109/269 [00:00<00:00, 539.93it/s]Loading weights:  61%|¨€¨€¨€¨€¨€¨€    | 164/269 [00:00<00:00, 527.36it/s]Loading weights:  81%|¨€¨€¨€¨€¨€¨€¨€¨€  | 217/269 [00:00<00:00, 497.12it/s]Loading weights: 100%|¨€¨€¨€¨€¨€¨€¨€¨€¨€¨€| 269/269 [00:00<00:00, 527.77it/s]
[ucr] 063_UCR_Anomaly_DISTORTEDgaitHunt2 chronos_base_resid       default  vus=0.01537 affil=0.68026 (11.0s)
[ucr] 063_UCR_Anomaly_DISTORTEDgaitHunt2 chronos_base_quantile    default  vus=0.01506 affil=0.66676 (11.0s)
[ucr] 063_UCR_Anomaly_DISTORTEDgaitHunt2 timesfm_resid            default  vus=0.0164 affil=0.67312 (18.1s)
[ucr] 063_UCR_Anomaly_DISTORTEDgaitHunt2 timesfm_quantile         default  vus=0.01519 affil=0.79739 (18.1s)
[ucr] 063_UCR_Anomaly_DISTORTEDgaitHunt2 tirex_resid              default  vus=0.01544 affil=0.67309 (18.6s)
[ucr] 063_UCR_Anomaly_DISTORTEDgaitHunt2 tirex_quantile           default  vus=0.01479 affil=0.68028 (18.6s)
[ucr] 063_UCR_Anomaly_DISTORTEDgaitHunt2 iforest                  default  vus=0.02203 affil=0.82935 (3.38s)
[ucr] 063_UCR_Anomaly_DISTORTEDgaitHunt2 iforest                  tuned    vus=0.02304 affil=0.82922 (4.95s)
[ucr] 063_UCR_Anomaly_DISTORTEDgaitHunt2 lof                      default  vus=0.25172 affil=0.99353 (3.93s)
[ucr] 063_UCR_Anomaly_DISTORTEDgaitHunt2 lof                      tuned    vus=0.24076 affil=0.84006 (3.36s)
[ucr] 063_UCR_Anomaly_DISTORTEDgaitHunt2 knn                      default  vus=0.31184 affil=0.99365 (1.03s)
[ucr] 063_UCR_Anomaly_DISTORTEDgaitHunt2 knn                      tuned    vus=0.31184 affil=0.99365 (3.51s)
[ucr] 063_UCR_Anomaly_DISTORTEDgaitHunt2 ae                       default  vus=0.2257 affil=0.85154 (8.18s)
[ucr] 063_UCR_Anomaly_DISTORTEDgaitHunt2 ae                       tuned    vus=0.0423 affil=0.78885 (9.2s)
[ucr] 064_UCR_Anomaly_DISTORTEDgaitHunt3 chronos_small_resid      default  vus=0.02567 affil=0.73488 (0.5s)
[ucr] 064_UCR_Anomaly_DISTORTEDgaitHunt3 chronos_small_quantile   default  vus=0.02122 affil=0.72365 (0.5s)
[ucr] 064_UCR_Anomaly_DISTORTEDgaitHunt3 chronos_base_resid       default  vus=0.02467 affil=0.84242 (1.0s)
[ucr] 064_UCR_Anomaly_DISTORTEDgaitHunt3 chronos_base_quantile    default  vus=0.02147 affil=0.7559 (1.0s)
[ucr] 064_UCR_Anomaly_DISTORTEDgaitHunt3 timesfm_resid            default  vus=0.02911 affil=0.81693 (12.4s)
[ucr] 064_UCR_Anomaly_DISTORTEDgaitHunt3 timesfm_quantile         default  vus=0.02189 affil=0.75726 (12.4s)
[ucr] 064_UCR_Anomaly_DISTORTEDgaitHunt3 tirex_resid              default  vus=0.02383 affil=0.80137 (15.0s)
[ucr] 064_UCR_Anomaly_DISTORTEDgaitHunt3 tirex_quantile           default  vus=0.02241 affil=0.7142 (15.0s)
[ucr] 064_UCR_Anomaly_DISTORTEDgaitHunt3 iforest                  default  vus=0.06982 affil=0.74113 (2.85s)
detectors=['iforest', 'lof', 'knn', 'ae', 'chronos_small_resid', 'chronos_small_quantile', 'chronos_base_resid', 'chronos_base_quantile', 'timesfm_resid', 'timesfm_quantile', 'tirex_resid', 'tirex_quantile']
tiers=['default', 'tuned']
datasets=['nasa', 'psm', 'smd', 'ucr']
out=F:\CS\Paper\that\results\full_results.csv
Warning: You are sending unauthenticated requests to the HF Hub. Please set a HF_TOKEN to enable higher rate limits and faster downloads.
Loading weights:   0%|          | 0/143 [00:00<?, ?it/s]Loading weights:  76%|¨€¨€¨€¨€¨€¨€¨€¨„  | 109/143 [00:00<00:00, 1060.69it/s]Loading weights: 100%|¨€¨€¨€¨€¨€¨€¨€¨€¨€¨€| 143/143 [00:00<00:00, 1092.94it/s]
[nasa] P-1                                chronos_small_resid      default  vus=0.12407 affil=0.6749 (26.5s)
[nasa] P-1                                chronos_small_quantile   default  vus=0.13347 affil=0.70305 (26.5s)
Loading weights:   0%|          | 0/269 [00:00<?, ?it/s]Loading weights:  19%|¨€¨        | 52/269 [00:00<00:00, 510.07it/s]Loading weights:  40%|¨€¨€¨€¨€      | 108/269 [00:00<00:00, 525.40it/s]Loading weights:  60%|¨€¨€¨€¨€¨€¨€    | 162/269 [00:00<00:00, 529.50it/s]Loading weights:  80%|¨€¨€¨€¨€¨€¨€¨€¨  | 215/269 [00:00<00:00, 494.51it/s]Loading weights:  99%|¨€¨€¨€¨€¨€¨€¨€¨€¨€¨‚| 265/269 [00:00<00:00, 467.75it/s]Loading weights: 100%|¨€¨€¨€¨€¨€¨€¨€¨€¨€¨€| 269/269 [00:00<00:00, 492.15it/s]
[nasa] P-1                                chronos_base_resid       default  vus=0.12365 affil=0.68387 (4.5s)
[nasa] P-1                                chronos_base_quantile    default  vus=0.11734 affil=0.67348 (4.5s)
[nasa] P-1                                timesfm_resid            default  vus=0.1252 affil=0.71131 (35.0s)
[nasa] P-1                                timesfm_quantile         default  vus=0.12345 affil=0.69722 (35.0s)
[nasa] P-1                                tirex_resid              default  vus=0.12677 affil=0.68507 (35.4s)
[nasa] P-1                                tirex_quantile           default  vus=0.11834 affil=0.68218 (35.4s)
[nasa] P-1                                iforest                  default  vus=0.10954 affil=0.61003 (1.83s)
[nasa] P-1                                iforest                  tuned    vus=0.11014 affil=0.64359 (1.3s)
[nasa] P-1                                lof                      default  vus=0.12927 affil=0.61899 (2.78s)
[nasa] P-1                                lof                      tuned    vus=0.12317 affil=0.6248 (1.33s)
[nasa] P-1                                knn                      default  vus=0.11938 affil=0.63591 (0.51s)
[nasa] P-1                                knn                      tuned    vus=0.1178 affil=0.78491 (1.64s)
[nasa] P-1                                ae                       default  vus=0.14927 affil=0.64444 (2.09s)
[nasa] P-1                                ae                       tuned    vus=0.13517 affil=0.65344 (3.25s)
[nasa] S-1                                chronos_small_resid      default  vus=0.05696 affil=0.59449 (1.1s)
[nasa] S-1                                chronos_small_quantile   default  vus=0.08974 affil=0.63225 (1.1s)
[nasa] S-1                                chronos_base_resid       default  vus=0.05874 affil=0.66791 (1.7s)
[nasa] S-1                                chronos_base_quantile    default  vus=0.0668 affil=0.62798 (1.7s)
[nasa] S-1                                timesfm_resid            default  vus=0.05988 affil=0.60036 (26.4s)
[nasa] S-1                                timesfm_quantile         default  vus=0.07214 affil=0.6613 (26.4s)
[nasa] S-1                                tirex_resid              default  vus=0.05886 affil=0.67365 (30.7s)
[nasa] S-1                                tirex_quantile           default  vus=0.07312 affil=0.66873 (30.7s)
[nasa] S-1                                iforest                  default  vus=0.04849 affil=0.56611 (1.51s)
[nasa] S-1                                iforest                  tuned    vus=0.04727 affil=0.83522 (1.28s)
[nasa] S-1                                lof                      default  vus=0.04785 affil=0.57511 (0.61s)
[nasa] S-1                                lof                      tuned    vus=0.04571 affil=0.56077 (0.92s)
[nasa] S-1                                knn                      default  vus=0.05124 affil=0.56923 (0.42s)
[nasa] S-1                                knn                      tuned    vus=0.05148 affil=0.54273 (0.71s)
[nasa] S-1                                ae                       default  vus=0.05387 affil=0.57107 (1.85s)
[nasa] S-1                                ae                       tuned    vus=0.0617 affil=0.55289 (2.95s)
[nasa] E-1                                chronos_small_resid      default  vus=0.08218 affil=0.79248 (1.1s)
[nasa] E-1                                chronos_small_quantile   default  vus=0.09656 affil=0.75131 (1.1s)
[nasa] E-1                                chronos_base_resid       default  vus=0.08883 affil=0.75724 (2.1s)
[nasa] E-1                                chronos_base_quantile    default  vus=0.10031 affil=0.75907 (2.1s)
[nasa] E-1                                timesfm_resid            default  vus=0.08048 affil=0.7553 (29.6s)
[nasa] E-1                                timesfm_quantile         default  vus=0.08847 affil=0.81296 (29.6s)
[nasa] E-1                                tirex_resid              default  vus=0.08902 affil=0.7545 (36.6s)
[nasa] E-1                                tirex_quantile           default  vus=0.08595 affil=0.77141 (36.6s)
[nasa] E-1                                iforest                  default  vus=0.06676 affil=0.78298 (1.54s)
[nasa] E-1                                iforest                  tuned    vus=0.07419 affil=0.80722 (1.61s)
[nasa] E-1                                lof                      default  vus=0.43937 affil=0.79574 (0.72s)
[nasa] E-1                                lof                      tuned    vus=0.49953 affil=0.83065 (0.94s)
[nasa] E-1                                knn                      default  vus=0.4758 affil=0.8159 (0.56s)
[nasa] E-1                                knn                      tuned    vus=0.50222 affil=0.98851 (1.52s)
[nasa] E-1                                ae                       default  vus=0.15424 affil=0.77188 (1.78s)
[nasa] E-1                                ae                       tuned    vus=0.19143 affil=0.77376 (2.96s)
[nasa] E-2                                chronos_small_resid      default  vus=0.10817 affil=0.53556 (1.2s)
[nasa] E-2                                chronos_small_quantile   default  vus=0.14349 affil=0.63134 (1.2s)
[nasa] E-2                                chronos_base_resid       default  vus=0.10971 affil=0.55019 (1.9s)
[nasa] E-2                                chronos_base_quantile    default  vus=0.14682 affil=0.64744 (1.9s)
[nasa] E-2                                timesfm_resid            default  vus=0.11121 affil=0.53699 (29.8s)
[nasa] E-2                                timesfm_quantile         default  vus=0.15072 affil=0.61726 (29.8s)
[nasa] E-2                                tirex_resid              default  vus=0.10906 affil=0.53096 (37.5s)
[nasa] E-2                                tirex_quantile           default  vus=0.15345 affil=0.6641 (37.5s)
[nasa] E-2                                iforest                  default  vus=0.10892 affil=0.80524 (1.85s)
[nasa] E-2                                iforest                  tuned    vus=0.10821 affil=0.66716 (2.23s)
[nasa] E-2                                lof                      default  vus=0.10877 affil=0.80438 (0.73s)
[nasa] E-2                                lof                      tuned    vus=0.12931 affil=0.80591 (1.04s)
[nasa] E-2                                knn                      default  vus=0.10036 affil=0.80524 (0.2s)
[nasa] E-2                                knn                      tuned    vus=0.1033 affil=0.67988 (1.56s)
[nasa] E-2                                ae                       default  vus=0.15996 affil=0.91337 (1.77s)
[nasa] E-2                                ae                       tuned    vus=0.14738 affil=0.91337 (2.97s)
[nasa] E-3                                chronos_small_resid      default  vus=0.24612 affil=0.54391 (1.1s)
[nasa] E-3                                chronos_small_quantile   default  vus=0.3257 affil=0.62757 (1.1s)
[nasa] E-3                                chronos_base_resid       default  vus=0.249 affil=0.55438 (2.0s)
[nasa] E-3                                chronos_base_quantile    default  vus=0.33001 affil=0.65432 (2.0s)
[nasa] E-3                                timesfm_resid            default  vus=0.24886 affil=0.55417 (28.1s)
[nasa] E-3                                timesfm_quantile         default  vus=0.33976 affil=0.65499 (28.1s)
[nasa] E-3                                tirex_resid              default  vus=0.24859 affil=0.58254 (36.4s)
[nasa] E-3                                tirex_quantile           default  vus=0.33851 affil=0.71747 (36.4s)
[nasa] E-3                                iforest                  default  vus=0.27028 affil=0.86871 (1.66s)
[nasa] E-3                                iforest                  tuned    vus=0.27113 affil=0.88119 (2.08s)
[nasa] E-3                                lof                      default  vus=0.31216 affil=0.88665 (0.75s)
[nasa] E-3                                lof                      tuned    vus=0.33244 affil=0.88675 (0.89s)
[nasa] E-3                                knn                      default  vus=0.31511 affil=0.88585 (0.54s)
[nasa] E-3                                knn                      tuned    vus=0.2854 affil=0.88077 (1.36s)
[nasa] E-3                                ae                       default  vus=0.30193 affil=0.88899 (1.68s)
[nasa] E-3                                ae                       tuned    vus=0.35287 affil=0.89601 (2.93s)
[nasa] E-4                                chronos_small_resid      default  vus=0.20711 affil=0.7896 (1.2s)
[nasa] E-4                                chronos_small_quantile   default  vus=0.28272 affil=0.64345 (1.2s)
[nasa] E-4                                chronos_base_resid       default  vus=0.20626 affil=0.51057 (2.0s)
[nasa] E-4                                chronos_base_quantile    default  vus=0.28707 affil=0.65776 (2.0s)
[nasa] E-4                                timesfm_resid            default  vus=0.20651 affil=0.52356 (29.7s)
[nasa] E-4                                timesfm_quantile         default  vus=0.30514 affil=0.71519 (29.7s)
[nasa] E-4                                tirex_resid              default  vus=0.20705 affil=0.5367 (39.0s)
[nasa] E-4                                tirex_quantile           default  vus=0.2997 affil=0.70261 (39.0s)
[nasa] E-4                                iforest                  default  vus=0.23057 affil=0.85365 (1.87s)
[nasa] E-4                                iforest                  tuned    vus=0.22081 affil=0.79765 (2.15s)
[nasa] E-4                                lof                      default  vus=0.27219 affil=0.87318 (0.76s)
[nasa] E-4                                lof                      tuned    vus=0.37776 affil=0.87306 (0.94s)
[nasa] E-4                                knn                      default  vus=0.25922 affil=0.87298 (0.52s)
[nasa] E-4                                knn                      tuned    vus=0.23157 affil=0.87053 (1.55s)
[nasa] E-4                                ae                       default  vus=0.26229 affil=0.87879 (1.97s)
[nasa] E-4                                ae                       tuned    vus=0.31498 affil=0.88589 (2.76s)
[nasa] E-5                                chronos_small_resid      default  vus=0.05092 affil=0.77568 (1.0s)
[nasa] E-5                                chronos_small_quantile   default  vus=0.06149 affil=0.66116 (1.0s)
[nasa] E-5                                chronos_base_resid       default  vus=0.04992 affil=0.82683 (1.9s)
[nasa] E-5                                chronos_base_quantile    default  vus=0.06395 affil=0.70055 (1.9s)
[nasa] E-5                                timesfm_resid            default  vus=0.04882 affil=0.66114 (30.2s)
[nasa] E-5                                timesfm_quantile         default  vus=0.0538 affil=0.67809 (30.2s)
[nasa] E-5                                tirex_resid              default  vus=0.05165 affil=0.81914 (38.9s)
[nasa] E-5                                tirex_quantile           default  vus=0.0493 affil=0.65216 (38.9s)
[nasa] E-5                                iforest                  default  vus=0.0555 affil=0.64328 (1.65s)
[nasa] E-5                                iforest                  tuned    vus=0.07625 affil=0.98299 (2.09s)
[nasa] E-5                                lof                      default  vus=0.23336 affil=0.98243 (0.76s)
[nasa] E-5                                lof                      tuned    vus=0.2464 affil=0.97173 (0.91s)
[nasa] E-5                                knn                      default  vus=0.18087 affil=0.98243 (0.5s)
[nasa] E-5                                knn                      tuned    vus=0.1473 affil=0.98265 (1.56s)
[nasa] E-5                                ae                       default  vus=0.33159 affil=0.98242 (2.06s)
[nasa] E-5                                ae                       tuned    vus=0.49052 affil=0.98292 (3.03s)
[nasa] E-6                                chronos_small_resid      default  vus=0.02681 affil=0.65232 (1.0s)
[nasa] E-6                                chronos_small_quantile   default  vus=0.02533 affil=0.63778 (1.0s)
[nasa] E-6                                chronos_base_resid       default  vus=0.02749 affil=0.61587 (2.1s)
[nasa] E-6                                chronos_base_quantile    default  vus=0.02285 affil=0.66669 (2.1s)
[nasa] E-6                                timesfm_resid            default  vus=0.02398 affil=0.64798 (28.2s)
[nasa] E-6                                timesfm_quantile         default  vus=0.01592 affil=0.66742 (28.2s)
[nasa] E-6                                tirex_resid              default  vus=0.02683 affil=0.61762 (32.6s)
[nasa] E-6                                tirex_quantile           default  vus=0.01501 affil=0.66154 (32.6s)
[nasa] E-6                                iforest                  default  vus=0.0272 affil=0.65109 (1.65s)
[nasa] E-6                                iforest                  tuned    vus=0.11797 affil=0.85078 (1.93s)
[nasa] E-6                                lof                      default  vus=0.65429 affil=0.99711 (0.72s)
[nasa] E-6                                lof                      tuned    vus=0.54768 affil=0.99713 (0.99s)
[nasa] E-6                                knn                      default  vus=0.46047 affil=0.99711 (0.52s)
[nasa] E-6                                knn                      tuned    vus=0.47518 affil=0.99737 (1.36s)
[nasa] E-6                                ae                       default  vus=0.78264 affil=0.99755 (1.88s)
[nasa] E-6                                ae                       tuned    vus=0.77931 affil=0.99742 (2.54s)
[nasa] E-7                                chronos_small_resid      default  vus=0.04812 affil=0.79261 (0.6s)
[nasa] E-7                                chronos_small_quantile   default  vus=0.05227 affil=0.62803 (0.6s)
[nasa] E-7                                chronos_base_resid       default  vus=0.05153 affil=0.62125 (1.8s)
[nasa] E-7                                chronos_base_quantile    default  vus=0.04768 affil=0.66717 (1.8s)
[nasa] E-7                                timesfm_resid            default  vus=0.04671 affil=0.59744 (27.7s)
[nasa] E-7                                timesfm_quantile         default  vus=0.05086 affil=0.66717 (27.7s)
[nasa] E-7                                tirex_resid              default  vus=0.05236 affil=0.60575 (34.1s)
[nasa] E-7                                tirex_quantile           default  vus=0.06062 affil=0.68957 (34.1s)
[nasa] E-7                                iforest                  default  vus=0.05358 affil=0.94232 (1.64s)
[nasa] E-7                                iforest                  tuned    vus=0.03971 affil=0.83857 (1.79s)
[nasa] E-7                                lof                      default  vus=0.04545 affil=0.9424 (0.7s)
[nasa] E-7                                lof                      tuned    vus=0.04149 affil=0.63634 (0.88s)
[nasa] E-7                                knn                      default  vus=0.05728 affil=0.94312 (0.49s)
[nasa] E-7                                knn                      tuned    vus=0.0515 affil=0.94212 (0.71s)
[nasa] E-7                                ae                       default  vus=0.38749 affil=0.99152 (1.69s)
[nasa] E-7                                ae                       tuned    vus=0.35514 affil=0.98783 (2.92s)
[nasa] E-8                                chronos_small_resid      default  vus=0.08273 affil=0.60958 (1.2s)
[nasa] E-8                                chronos_small_quantile   default  vus=0.11408 affil=0.65689 (1.2s)
[nasa] E-8                                chronos_base_resid       default  vus=0.08294 affil=0.60844 (1.9s)
[nasa] E-8                                chronos_base_quantile    default  vus=0.10291 affil=0.67732 (1.9s)
[nasa] E-8                                timesfm_resid            default  vus=0.08782 affil=0.60275 (18.5s)
[nasa] E-8                                timesfm_quantile         default  vus=0.10429 affil=0.6506 (18.5s)
[nasa] E-8                                tirex_resid              default  vus=0.0917 affil=0.65986 (26.8s)
[nasa] E-8                                tirex_quantile           default  vus=0.09085 affil=0.66784 (26.8s)
[nasa] E-8                                iforest                  default  vus=0.18878 affil=0.96937 (1.59s)
[nasa] E-8                                iforest                  tuned    vus=0.12136 affil=0.8451 (1.88s)
[nasa] E-8                                lof                      default  vus=0.20503 affil=0.96938 (0.71s)
[nasa] E-8                                lof                      tuned    vus=0.22945 affil=0.9694 (0.75s)
[nasa] E-8                                knn                      default  vus=0.20179 affil=0.9698 (0.54s)
[nasa] E-8                                knn                      tuned    vus=0.15337 affil=0.94013 (1.35s)
[nasa] E-8                                ae                       default  vus=0.22772 affil=0.97987 (1.69s)
[nasa] E-8                                ae                       tuned    vus=0.20437 affil=0.97987 (2.92s)
[nasa] E-9                                chronos_small_resid      default  vus=0.05585 affil=0.60989 (1.4s)
[nasa] E-9                                chronos_small_quantile   default  vus=0.06284 affil=0.63775 (1.4s)
[nasa] E-9                                chronos_base_resid       default  vus=0.05513 affil=0.6034 (1.6s)
[nasa] E-9                                chronos_base_quantile    default  vus=0.05338 affil=0.66165 (1.6s)
[nasa] E-9                                timesfm_resid            default  vus=0.05486 affil=0.60012 (24.6s)
[nasa] E-9                                timesfm_quantile         default  vus=0.05771 affil=0.63867 (24.6s)
[nasa] E-9                                tirex_resid              default  vus=0.06054 affil=0.61385 (31.6s)
[nasa] E-9                                tirex_quantile           default  vus=0.05893 affil=0.66403 (31.6s)
[nasa] E-9                                iforest                  default  vus=0.12983 affil=0.75034 (1.8s)
[nasa] E-9                                iforest                  tuned    vus=0.10645 affil=0.98552 (1.52s)
[nasa] E-9                                lof                      default  vus=0.32233 affil=0.98796 (0.7s)
[nasa] E-9                                lof                      tuned    vus=0.3223 affil=0.97522 (0.8s)
[nasa] E-9                                knn                      default  vus=0.30212 affil=0.98761 (0.51s)
[nasa] E-9                                knn                      tuned    vus=0.17035 affil=0.98552 (1.31s)
[nasa] E-9                                ae                       default  vus=0.39983 affil=0.99201 (1.9s)
[nasa] E-9                                ae                       tuned    vus=0.61632 affil=0.99135 (2.99s)
[nasa] E-10                               chronos_small_resid      default  vus=0.06134 affil=0.82919 (1.1s)
[nasa] E-10                               chronos_small_quantile   default  vus=0.08098 affil=0.78874 (1.1s)
[nasa] E-10                               chronos_base_resid       default  vus=0.07202 affil=0.83492 (2.1s)
[nasa] E-10                               chronos_base_quantile    default  vus=0.08247 affil=0.79755 (2.1s)
[nasa] E-10                               timesfm_resid            default  vus=0.0636 affil=0.82293 (31.9s)
[nasa] E-10                               timesfm_quantile         default  vus=0.05995 affil=0.80699 (31.9s)
[nasa] E-10                               tirex_resid              default  vus=0.05949 affil=0.8197 (41.0s)
[nasa] E-10                               tirex_quantile           default  vus=0.06432 affil=0.78214 (41.0s)
[nasa] E-10                               iforest                  default  vus=0.06995 affil=0.81932 (2.06s)
[nasa] E-10                               iforest                  tuned    vus=0.07809 affil=0.8305 (1.72s)
[nasa] E-10                               lof                      default  vus=0.70029 affil=0.81346 (0.77s)
[nasa] E-10                               lof                      tuned    vus=0.74303 affil=0.83019 (1.09s)
[nasa] E-10                               knn                      default  vus=0.70438 affil=0.82 (0.57s)
[nasa] E-10                               knn                      tuned    vus=0.66663 affil=0.99302 (1.64s)
[nasa] E-10                               ae                       default  vus=0.20624 affil=0.8028 (2.32s)
[nasa] E-10                               ae                       tuned    vus=0.26605 affil=0.81383 (3.75s)
[nasa] E-11                               chronos_small_resid      default  vus=0.05622 affil=0.80002 (1.4s)
[nasa] E-11                               chronos_small_quantile   default  vus=0.07289 affil=0.78694 (1.4s)
[nasa] E-11                               chronos_base_resid       default  vus=0.06367 affil=0.78796 (2.3s)
[nasa] E-11                               chronos_base_quantile    default  vus=0.07528 affil=0.79589 (2.3s)
[nasa] E-11                               timesfm_resid            default  vus=0.05561 affil=0.79293 (33.6s)
[nasa] E-11                               timesfm_quantile         default  vus=0.05566 affil=0.79988 (33.6s)
[nasa] E-11                               tirex_resid              default  vus=0.06533 affil=0.80311 (40.2s)
[nasa] E-11                               tirex_quantile           default  vus=0.06051 affil=0.78544 (40.2s)
[nasa] E-11                               iforest                  default  vus=0.0687 affil=0.82236 (2.06s)
[nasa] E-11                               iforest                  tuned    vus=0.07639 affil=0.82353 (1.82s)
[nasa] E-11                               lof                      default  vus=0.71481 affil=0.82197 (0.78s)
[nasa] E-11                               lof                      tuned    vus=0.73657 affil=0.83171 (1.12s)
[nasa] E-11                               knn                      default  vus=0.73119 affil=0.82143 (0.54s)
[nasa] E-11                               knn                      tuned    vus=0.70933 affil=0.99282 (1.62s)
[nasa] E-11                               ae                       default  vus=0.18157 affil=0.80309 (2.35s)
[nasa] E-11                               ae                       tuned    vus=0.22775 affil=0.80014 (3.6s)
[nasa] E-12                               chronos_small_resid      default  vus=0.08054 affil=0.78798 (1.3s)
[nasa] E-12                               chronos_small_quantile   default  vus=0.10602 affil=0.78772 (1.3s)
[nasa] E-12                               chronos_base_resid       default  vus=0.08468 affil=0.74689 (2.1s)
[nasa] E-12                               chronos_base_quantile    default  vus=0.10346 affil=0.79665 (2.1s)
[nasa] E-12                               timesfm_resid            default  vus=0.07925 affil=0.75375 (31.2s)
[nasa] E-12                               timesfm_quantile         default  vus=0.09585 affil=0.81423 (31.2s)
[nasa] E-12                               tirex_resid              default  vus=0.09177 affil=0.74889 (35.0s)
[nasa] E-12                               tirex_quantile           default  vus=0.09538 affil=0.77839 (35.0s)
[nasa] E-12                               iforest                  default  vus=0.05984 affil=0.73882 (1.75s)
[nasa] E-12                               iforest                  tuned    vus=0.06916 affil=0.77831 (1.54s)
[nasa] E-12                               lof                      default  vus=0.06244 affil=0.75319 (0.77s)
[nasa] E-12                               lof                      tuned    vus=0.06082 affil=0.74647 (1.01s)
[nasa] E-12                               knn                      default  vus=0.08154 affil=0.72791 (0.56s)
[nasa] E-12                               knn                      tuned    vus=0.12848 affil=0.84893 (1.53s)
[nasa] E-12                               ae                       default  vus=0.14721 affil=0.76757 (1.9s)
[nasa] E-12                               ae                       tuned    vus=0.18196 affil=0.77137 (2.69s)
[nasa] E-13                               chronos_small_resid      default  vus=0.05102 affil=0.68495 (0.9s)
[nasa] E-13                               chronos_small_quantile   default  vus=0.04284 affil=0.71643 (0.9s)
[nasa] E-13                               chronos_base_resid       default  vus=0.04841 affil=0.6913 (1.8s)
[nasa] E-13                               chronos_base_quantile    default  vus=0.04279 affil=0.69443 (1.8s)
[nasa] E-13                               timesfm_resid            default  vus=0.04907 affil=0.72295 (28.8s)
[nasa] E-13                               timesfm_quantile         default  vus=0.04796 affil=0.69693 (28.8s)
[nasa] E-13                               tirex_resid              default  vus=0.04709 affil=0.68575 (31.7s)
[nasa] E-13                               tirex_quantile           default  vus=0.05078 affil=0.73932 (31.7s)
[nasa] E-13                               iforest                  default  vus=0.05026 affil=0.70348 (1.63s)
[nasa] E-13                               iforest                  tuned    vus=0.14186 affil=0.73068 (2.14s)
[nasa] E-13                               lof                      default  vus=0.05269 affil=0.72067 (0.71s)
[nasa] E-13                               lof                      tuned    vus=0.05432 affil=0.72047 (1.36s)
[nasa] E-13                               knn                      default  vus=0.04734 affil=0.71299 (0.5s)
[nasa] E-13                               knn                      tuned    vus=0.06747 affil=0.71027 (1.52s)
[nasa] E-13                               ae                       default  vus=0.03579 affil=0.68932 (1.78s)
[nasa] E-13                               ae                       tuned    vus=0.03778 affil=0.69336 (2.61s)
[nasa] A-1                                chronos_small_resid      default  vus=0.01707 affil=0.67362 (1.1s)
[nasa] A-1                                chronos_small_quantile   default  vus=0.01392 affil=0.75739 (1.1s)
[nasa] A-1                                chronos_base_resid       default  vus=0.01685 affil=0.72565 (1.7s)
[nasa] A-1                                chronos_base_quantile    default  vus=0.021 affil=0.72519 (1.7s)
[nasa] A-1                                timesfm_resid            default  vus=0.01403 affil=0.69023 (21.8s)
[nasa] A-1                                timesfm_quantile         default  vus=0.01425 affil=0.76185 (21.8s)
[nasa] A-1                                tirex_resid              default  vus=0.01548 affil=0.68497 (23.7s)
[nasa] A-1                                tirex_quantile           default  vus=0.01365 affil=0.81842 (23.7s)
[nasa] A-1                                iforest                  default  vus=0.00992 affil=0.73051 (1.5s)
[nasa] A-1                                iforest                  tuned    vus=0.01003 affil=0.66963 (1.04s)
[nasa] A-1                                lof                      default  vus=0.01235 affil=0.6581 (0.71s)
[nasa] A-1                                lof                      tuned    vus=0.01582 affil=0.64388 (0.88s)
[nasa] A-1                                knn                      default  vus=0.01474 affil=0.71965 (0.53s)
[nasa] A-1                                knn                      tuned    vus=0.01819 affil=0.75947 (1.27s)
[nasa] A-1                                ae                       default  vus=0.50689 affil=0.84404 (1.62s)
[nasa] A-1                                ae                       tuned    vus=0.50604 affil=0.99737 (2.75s)
[nasa] D-1                                chronos_small_resid      default  vus=0.23564 affil=0.53679 (1.1s)
[nasa] D-1                                chronos_small_quantile   default  vus=0.31374 affil=0.62514 (1.1s)
[nasa] D-1                                chronos_base_resid       default  vus=0.23625 affil=0.55113 (2.1s)
[nasa] D-1                                chronos_base_quantile    default  vus=0.324 affil=0.59903 (2.1s)
[nasa] D-1                                timesfm_resid            default  vus=0.23602 affil=0.5116 (19.9s)
[nasa] D-1                                timesfm_quantile         default  vus=0.33797 affil=0.72882 (19.9s)
[nasa] D-1                                tirex_resid              default  vus=0.23603 affil=0.53763 (23.8s)
[nasa] D-1                                tirex_quantile           default  vus=0.34028 affil=0.73007 (23.8s)
[nasa] D-1                                iforest                  default  vus=0.35502 affil=0.85472 (1.25s)
[nasa] D-1                                iforest                  tuned    vus=0.37613 affil=0.65404 (1.36s)
[nasa] D-1                                lof                      default  vus=0.26174 affil=0.85483 (0.66s)
[nasa] D-1                                lof                      tuned    vus=0.26174 affil=0.85483 (0.87s)
[nasa] D-1                                knn                      default  vus=0.26684 affil=0.85998 (0.47s)
[nasa] D-1                                knn                      tuned    vus=0.27674 affil=0.86058 (0.59s)
[nasa] D-1                                ae                       default  vus=0.50016 affil=0.87293 (1.53s)
[nasa] D-1                                ae                       tuned    vus=0.62133 affil=0.91547 (1.97s)
[nasa] P-2                                chronos_small_resid      default  vus=0.11296 affil=0.60341 (0.8s)
[nasa] P-2                                chronos_small_quantile   default  vus=0.13824 affil=0.59591 (0.8s)
[nasa] P-2                                chronos_base_resid       default  vus=0.11431 affil=0.6221 (1.7s)
[nasa] P-2                                chronos_base_quantile    default  vus=0.14081 affil=0.67651 (1.7s)
[nasa] P-2                                timesfm_resid            default  vus=0.11944 affil=0.6177 (27.6s)
[nasa] P-2                                timesfm_quantile         default  vus=0.14967 affil=0.67651 (27.6s)
[nasa] P-2                                tirex_resid              default  vus=0.11276 affil=0.56062 (38.9s)
[nasa] P-2                                tirex_quantile           default  vus=0.14579 affil=0.67674 (38.9s)
[nasa] P-2                                iforest                  default  vus=0.3294 affil=0.93873 (1.65s)
[nasa] P-2                                iforest                  tuned    vus=0.28173 affil=0.93684 (2.12s)
[nasa] P-2                                lof                      default  vus=0.24776 affil=0.93975 (0.64s)
[nasa] P-2                                lof                      tuned    vus=0.25329 affil=0.93476 (0.87s)
[nasa] P-2                                knn                      default  vus=0.24348 affil=0.93931 (0.44s)
[nasa] P-2                                knn                      tuned    vus=0.25853 affil=0.93148 (0.7s)
[nasa] P-2                                ae                       default  vus=0.36183 affil=0.94591 (1.73s)
[nasa] P-2                                ae                       tuned    vus=0.52013 affil=0.94158 (3.21s)
[nasa] P-3                                chronos_small_resid      default  vus=0.11407 affil=0.66388 (1.3s)
[nasa] P-3                                chronos_small_quantile   default  vus=0.13939 affil=0.68053 (1.3s)
[nasa] P-3                                chronos_base_resid       default  vus=0.11459 affil=0.5572 (1.9s)
[nasa] P-3                                chronos_base_quantile    default  vus=0.14892 affil=0.61105 (1.9s)
[nasa] P-3                                timesfm_resid            default  vus=0.1222 affil=0.5718 (26.7s)
[nasa] P-3                                timesfm_quantile         default  vus=0.16136 affil=0.67757 (26.7s)
[nasa] P-3                                tirex_resid              default  vus=0.11761 affil=0.5546 (34.3s)
[nasa] P-3                                tirex_quantile           default  vus=0.15264 affil=0.67673 (34.3s)
[nasa] P-3                                iforest                  default  vus=0.19561 affil=0.91656 (1.47s)
[nasa] P-3                                iforest                  tuned    vus=0.14841 affil=0.77681 (1.99s)
[nasa] P-3                                lof                      default  vus=0.14708 affil=0.9156 (0.85s)
[nasa] P-3                                lof                      tuned    vus=0.17686 affil=0.91615 (0.88s)
[nasa] P-3                                knn                      default  vus=0.18568 affil=0.91615 (0.53s)
[nasa] P-3                                knn                      tuned    vus=0.14039 affil=0.74255 (1.42s)
[nasa] P-3                                ae                       default  vus=0.20443 affil=0.93784 (1.61s)
[nasa] P-3                                ae                       tuned    vus=0.25541 affil=0.93742 (2.41s)
[nasa] D-2                                chronos_small_resid      default  vus=0.50279 affil=0.77239 (0.8s)
[nasa] D-2                                chronos_small_quantile   default  vus=0.47915 affil=0.77832 (0.8s)
[nasa] D-2                                chronos_base_resid       default  vus=0.49226 affil=0.78379 (1.8s)
[nasa] D-2                                chronos_base_quantile    default  vus=0.48641 affil=0.76845 (1.8s)
[nasa] D-2                                timesfm_resid            default  vus=0.49788 affil=0.77566 (27.7s)
[nasa] D-2                                timesfm_quantile         default  vus=0.50212 affil=0.86678 (27.7s)
[nasa] D-2                                tirex_resid              default  vus=0.49148 affil=0.77287 (38.3s)
[nasa] D-2                                tirex_quantile           default  vus=0.5116 affil=0.79217 (38.3s)
[nasa] D-2                                iforest                  default  vus=0.44989 affil=0.75833 (1.75s)
[nasa] D-2                                iforest                  tuned    vus=0.48051 affil=0.86354 (1.69s)
[nasa] D-2                                lof                      default  vus=0.97205 affil=0.99834 (0.79s)
[nasa] D-2                                lof                      tuned    vus=0.97836 affil=0.99759 (1.07s)
[nasa] D-2                                knn                      default  vus=0.97375 affil=0.99837 (0.55s)
[nasa] D-2                                knn                      tuned    vus=0.96715 affil=0.9993 (1.43s)
[nasa] D-2                                ae                       default  vus=0.97446 affil=0.99831 (2.08s)
[nasa] D-2                                ae                       tuned    vus=0.96801 affil=0.99837 (2.88s)
[nasa] D-3                                chronos_small_resid      default  vus=0.37072 affil=0.76086 (1.3s)
[nasa] D-3                                chronos_small_quantile   default  vus=0.37807 affil=0.74057 (1.3s)
[nasa] D-3                                chronos_base_resid       default  vus=0.36525 affil=0.81121 (1.7s)
[nasa] D-3                                chronos_base_quantile    default  vus=0.36503 affil=0.75663 (1.7s)
[nasa] D-3                                timesfm_resid            default  vus=0.38736 affil=0.73687 (30.9s)
[nasa] D-3                                timesfm_quantile         default  vus=0.39844 affil=0.84473 (30.9s)
[nasa] D-3                                tirex_resid              default  vus=0.39107 affil=0.74043 (37.0s)
[nasa] D-3                                tirex_quantile           default  vus=0.40072 affil=0.76553 (37.0s)
[nasa] D-3                                iforest                  default  vus=0.45375 affil=0.79122 (1.7s)
[nasa] D-3                                iforest                  tuned    vus=0.46634 affil=0.89993 (2.32s)
[nasa] D-3                                lof                      default  vus=0.32203 affil=0.70832 (0.81s)
[nasa] D-3                                lof                      tuned    vus=0.33154 affil=0.70742 (1.28s)
[nasa] D-3                                knn                      default  vus=0.34656 affil=0.71045 (0.54s)
[nasa] D-3                                knn                      tuned    vus=0.38748 affil=0.87221 (1.61s)
[nasa] D-3                                ae                       default  vus=0.45902 affil=0.82572 (2.05s)
[nasa] D-3                                ae                       tuned    vus=0.30928 affil=0.69891 (2.76s)
[nasa] D-4                                chronos_small_resid      default  vus=0.38581 affil=0.74492 (1.2s)
[nasa] D-4                                chronos_small_quantile   default  vus=0.40028 affil=0.81568 (1.2s)
[nasa] D-4                                chronos_base_resid       default  vus=0.38393 affil=0.77885 (2.2s)
[nasa] D-4                                chronos_base_quantile    default  vus=0.4014 affil=0.81568 (2.2s)
[nasa] D-4                                timesfm_resid            default  vus=0.3855 affil=0.73221 (28.1s)
[nasa] D-4                                timesfm_quantile         default  vus=0.39272 affil=0.79323 (28.1s)
[nasa] D-4                                tirex_resid              default  vus=0.38537 affil=0.73096 (37.3s)
[nasa] D-4                                tirex_quantile           default  vus=0.39211 affil=0.83586 (37.3s)
[nasa] D-4                                iforest                  default  vus=0.58494 affil=0.93843 (1.69s)
[nasa] D-4                                iforest                  tuned    vus=0.50669 affil=0.8982 (1.59s)
[nasa] D-4                                lof                      default  vus=0.3267 affil=0.7171 (0.73s)
[nasa] D-4                                lof                      tuned    vus=0.33007 affil=0.71547 (1.28s)
[nasa] D-4                                knn                      default  vus=0.33036 affil=0.71284 (0.55s)
[nasa] D-4                                knn                      tuned    vus=0.36108 affil=0.73128 (1.59s)
[nasa] D-4                                ae                       default  vus=0.3518 affil=0.68639 (1.9s)
[nasa] D-4                                ae                       tuned    vus=0.30796 affil=0.71582 (3.05s)
[nasa] A-2                                chronos_small_resid      default  vus=0.01801 affil=0.72722 (1.0s)
[nasa] A-2                                chronos_small_quantile   default  vus=0.0226 affil=0.70977 (1.0s)
[nasa] A-2                                chronos_base_resid       default  vus=0.01964 affil=0.66562 (1.5s)
[nasa] A-2                                chronos_base_quantile    default  vus=0.02274 affil=0.69348 (1.5s)
[nasa] A-2                                timesfm_resid            default  vus=0.02199 affil=0.69336 (27.9s)
[nasa] A-2                                timesfm_quantile         default  vus=0.02905 affil=0.69692 (27.9s)
[nasa] A-2                                tirex_resid              default  vus=0.02825 affil=0.77801 (30.5s)
[nasa] A-2                                tirex_quantile           default  vus=0.03292 affil=0.71344 (30.5s)
[nasa] A-2                                iforest                  default  vus=0.01269 affil=0.66286 (1.75s)
[nasa] A-2                                lof                      default  vus=0.0121 affil=0.65345 (0.52s)
[nasa] A-2                                knn                      default  vus=0.01201 affil=0.80377 (0.43s)
[nasa] A-2                                ae                       default  vus=0.01285 affil=0.68754 (1.53s)
[nasa] A-3                                chronos_small_resid      default  vus=0.03494 affil=0.67875 (1.2s)
[nasa] A-3                                chronos_small_quantile   default  vus=0.03152 affil=0.70137 (1.2s)
[nasa] A-3                                chronos_base_resid       default  vus=0.04238 affil=0.8413 (1.9s)
[nasa] A-3                                chronos_base_quantile    default  vus=0.03102 affil=0.71936 (1.9s)
[nasa] A-3                                timesfm_resid            default  vus=0.0367 affil=0.73435 (28.9s)
[nasa] A-3                                timesfm_quantile         default  vus=0.03698 affil=0.69956 (28.9s)
[nasa] A-3                                tirex_resid              default  vus=0.04362 affil=0.67234 (35.9s)
[nasa] A-3                                tirex_quantile           default  vus=0.0398 affil=0.6831 (35.9s)
[nasa] A-3                                iforest                  default  vus=0.02281 affil=0.70749 (1.74s)
[nasa] A-3                                iforest                  tuned    vus=0.02281 affil=0.66375 (1.44s)
[nasa] A-3                                lof                      default  vus=0.02146 affil=0.66013 (0.61s)
[nasa] A-3                                lof                      tuned    vus=0.0213 affil=0.65728 (1.15s)
[nasa] A-3                                knn                      default  vus=0.02043 affil=0.66831 (0.42s)
[nasa] A-3                                knn                      tuned    vus=0.02217 affil=0.66594 (1.45s)
[nasa] A-3                                ae                       default  vus=0.03154 affil=0.95119 (1.99s)
[nasa] A-3                                ae                       tuned    vus=0.02474 affil=0.69345 (3.25s)
[nasa] A-4                                chronos_small_resid      default  vus=0.02167 affil=0.68488 (0.9s)
[nasa] A-4                                chronos_small_quantile   default  vus=0.02248 affil=0.68274 (0.9s)
[nasa] A-4                                chronos_base_resid       default  vus=0.02357 affil=0.69385 (1.8s)
[nasa] A-4                                chronos_base_quantile    default  vus=0.02188 affil=0.6742 (1.8s)
[nasa] A-4                                timesfm_resid            default  vus=0.02271 affil=0.70851 (30.0s)
[nasa] A-4                                timesfm_quantile         default  vus=0.02711 affil=0.68987 (30.0s)
[nasa] A-4                                tirex_resid              default  vus=0.02198 affil=0.69547 (34.1s)
[nasa] A-4                                tirex_quantile           default  vus=0.01898 affil=0.70036 (34.1s)
[nasa] A-4                                iforest                  default  vus=0.01365 affil=0.74956 (1.88s)
[nasa] A-4                                iforest                  tuned    vus=0.01409 affil=0.6684 (2.23s)
[nasa] A-4                                lof                      default  vus=0.01284 affil=0.65623 (0.64s)
[nasa] A-4                                lof                      tuned    vus=0.01269 affil=0.6549 (1.32s)
[nasa] A-4                                knn                      default  vus=0.01229 affil=0.78641 (0.43s)
[nasa] A-4                                knn                      tuned    vus=0.01324 affil=0.66928 (1.41s)
[nasa] A-4                                ae                       default  vus=0.01439 affil=0.70855 (1.96s)
[nasa] A-4                                ae                       tuned    vus=0.0142 affil=0.69446 (2.64s)
[nasa] G-1                                chronos_small_resid      default  vus=0.02031 affil=0.67277 (1.1s)
[nasa] G-1                                chronos_small_quantile   default  vus=0.03155 affil=0.78953 (1.1s)
[nasa] G-1                                chronos_base_resid       default  vus=0.02323 affil=0.74113 (2.1s)
[nasa] G-1                                chronos_base_quantile    default  vus=0.02999 affil=0.69817 (2.1s)
[nasa] G-1                                timesfm_resid            default  vus=0.02699 affil=0.67595 (29.3s)
[nasa] G-1                                timesfm_quantile         default  vus=0.03621 affil=0.73388 (29.3s)
[nasa] G-1                                tirex_resid              default  vus=0.02098 affil=0.68131 (39.8s)
[nasa] G-1                                tirex_quantile           default  vus=0.0203 affil=0.65948 (39.8s)
[nasa] G-1                                iforest                  default  vus=0.01329 affil=0.61717 (1.79s)
[nasa] G-1                                iforest                  tuned    vus=0.01383 affil=0.62775 (1.68s)
[nasa] G-1                                lof                      default  vus=0.01432 affil=0.65616 (0.72s)
[nasa] G-1                                lof                      tuned    vus=0.01443 affil=0.65604 (1.26s)
[nasa] G-1                                knn                      default  vus=0.01448 affil=0.65781 (0.53s)
[nasa] G-1                                knn                      tuned    vus=0.01449 affil=0.6677 (1.73s)
[nasa] G-1                                ae                       default  vus=0.01381 affil=0.68825 (2.2s)
[nasa] G-1                                ae                       tuned    vus=0.01508 affil=0.687 (3.03s)
[nasa] G-2                                chronos_small_resid      default  vus=0.00594 affil=0.6779 (0.7s)
[nasa] G-2                                chronos_small_quantile   default  vus=0.0073 affil=0.70928 (0.7s)
[nasa] G-2                                chronos_base_resid       default  vus=0.00655 affil=0.77207 (1.8s)
[nasa] G-2                                chronos_base_quantile    default  vus=0.00847 affil=0.69089 (1.8s)
[nasa] G-2                                timesfm_resid            default  vus=0.00869 affil=0.68012 (24.4s)
[nasa] G-2                                timesfm_quantile         default  vus=0.00806 affil=0.69198 (24.4s)
[nasa] G-2                                tirex_resid              default  vus=0.00933 affil=0.69454 (33.7s)
[nasa] G-2                                tirex_quantile           default  vus=0.00693 affil=0.69931 (33.7s)
[nasa] G-2                                iforest                  default  vus=0.01266 affil=0.92976 (1.7s)
[nasa] G-2                                lof                      default  vus=0.03272 affil=0.83714 (0.57s)
[nasa] G-2                                knn                      default  vus=0.0291 affil=0.92976 (0.39s)
[nasa] G-2                                ae                       default  vus=0.16089 affil=0.70243 (1.63s)
[nasa] D-5                                chronos_small_resid      default  vus=0.02365 affil=0.74324 (1.1s)
[nasa] D-5                                chronos_small_quantile   default  vus=0.01439 affil=0.69381 (1.1s)
[nasa] D-5                                chronos_base_resid       default  vus=0.04124 affil=0.86747 (1.8s)
[nasa] D-5                                chronos_base_quantile    default  vus=0.01461 affil=0.70967 (1.8s)
[nasa] D-5                                timesfm_resid            default  vus=0.01445 affil=0.73238 (27.4s)
[nasa] D-5                                timesfm_quantile         default  vus=0.01441 affil=0.80373 (27.4s)
[nasa] D-5                                tirex_resid              default  vus=0.01363 affil=0.69108 (32.1s)
[nasa] D-5                                tirex_quantile           default  vus=0.01533 affil=0.67817 (32.1s)
[nasa] D-5                                iforest                  default  vus=0.08824 affil=0.86854 (1.74s)
[nasa] D-5                                lof                      default  vus=0.05917 affil=0.86272 (0.59s)
[nasa] D-5                                knn                      default  vus=0.04782 affil=0.8578 (0.46s)
[nasa] D-5                                ae                       default  vus=0.015 affil=0.8519 (1.64s)
[nasa] D-6                                chronos_small_resid      default  vus=0.02666 affil=0.69222 (1.2s)
[nasa] D-6                                chronos_small_quantile   default  vus=0.01023 affil=0.8068 (1.2s)
[nasa] D-6                                chronos_base_resid       default  vus=0.02151 affil=0.69286 (1.8s)
[nasa] D-6                                chronos_base_quantile    default  vus=0.01058 affil=0.68171 (1.8s)
[nasa] D-6                                timesfm_resid            default  vus=0.02062 affil=0.68991 (28.2s)
[nasa] D-6                                timesfm_quantile         default  vus=0.02846 affil=0.69034 (28.2s)
[nasa] D-6                                tirex_resid              default  vus=0.02047 affil=0.69258 (33.2s)
[nasa] D-6                                tirex_quantile           default  vus=0.02052 affil=0.67023 (33.2s)
[nasa] D-6                                iforest                  default  vus=0.1798 affil=0.78543 (1.69s)
[nasa] D-6                                lof                      default  vus=0.12541 affil=0.84196 (0.58s)
[nasa] D-6                                knn                      default  vus=0.07676 affil=0.8081 (0.4s)
[nasa] D-6                                ae                       default  vus=0.01699 affil=0.89006 (1.6s)
[nasa] D-7                                chronos_small_resid      default  vus=0.38684 affil=0.80028 (1.0s)
[nasa] D-7                                chronos_small_quantile   default  vus=0.36942 affil=0.73443 (1.0s)
[nasa] D-7                                chronos_base_resid       default  vus=0.38773 affil=0.83786 (1.8s)
[nasa] D-7                                chronos_base_quantile    default  vus=0.3882 affil=0.80409 (1.8s)
[nasa] D-7                                timesfm_resid            default  vus=0.36906 affil=0.7447 (27.6s)
[nasa] D-7                                timesfm_quantile         default  vus=0.35647 affil=0.73121 (27.6s)
[nasa] D-7                                tirex_resid              default  vus=0.37193 affil=0.74617 (32.0s)
[nasa] D-7                                tirex_quantile           default  vus=0.36777 affil=0.76503 (32.0s)
[nasa] D-7                                iforest                  default  vus=0.37066 affil=0.73743 (1.71s)
[nasa] D-7                                lof                      default  vus=0.8934 affil=0.97094 (0.62s)
[nasa] D-7                                knn                      default  vus=0.89396 affil=0.97094 (0.44s)
[nasa] D-7                                ae                       default  vus=0.98855 affil=0.99971 (1.96s)
[nasa] F-1                                chronos_small_resid      default  vus=0.01323 affil=0.56698 (1.3s)
[nasa] F-1                                chronos_small_quantile   default  vus=0.01575 affil=0.66673 (1.3s)
[nasa] F-1                                chronos_base_resid       default  vus=0.01318 affil=0.56057 (2.2s)
[nasa] F-1                                chronos_base_quantile    default  vus=0.01588 affil=0.66673 (2.2s)
[nasa] F-1                                timesfm_resid            default  vus=0.01461 affil=0.56553 (31.1s)
[nasa] F-1                                timesfm_quantile         default  vus=0.01669 affil=0.66673 (31.1s)
[nasa] F-1                                tirex_resid              default  vus=0.01303 affil=0.56006 (37.9s)
[nasa] F-1                                tirex_quantile           default  vus=0.01666 affil=0.67457 (37.9s)
[nasa] F-1                                iforest                  default  vus=0.01001 affil=0.58157 (1.76s)
[nasa] F-1                                iforest                  tuned    vus=0.01124 affil=0.59517 (2.25s)
[nasa] F-1                                lof                      default  vus=0.01828 affil=0.6586 (0.76s)
[nasa] F-1                                lof                      tuned    vus=0.01348 affil=0.55986 (1.52s)
[nasa] F-1                                knn                      default  vus=0.01173 affil=0.57945 (0.55s)
[nasa] F-1                                knn                      tuned    vus=0.01112 affil=0.59404 (1.53s)
[nasa] F-1                                ae                       default  vus=0.01241 affil=0.58199 (2.04s)
[nasa] F-1                                ae                       tuned    vus=0.01283 affil=0.54761 (3.17s)
[nasa] P-4                                chronos_small_resid      default  vus=0.10013 affil=0.67706 (1.0s)
[nasa] P-4                                chronos_small_quantile   default  vus=0.10205 affil=0.66932 (1.0s)
[nasa] P-4                                chronos_base_resid       default  vus=0.1002 affil=0.67489 (1.8s)
[nasa] P-4                                chronos_base_quantile    default  vus=0.08753 affil=0.66932 (1.8s)
[nasa] P-4                                timesfm_resid            default  vus=0.08883 affil=0.66932 (26.7s)
[nasa] P-4                                timesfm_quantile         default  vus=0.0847 affil=0.66932 (26.7s)
[nasa] P-4                                tirex_resid              default  vus=0.10097 affil=0.67515 (32.4s)
[nasa] P-4                                tirex_quantile           default  vus=0.08343 affil=0.66932 (32.4s)
[nasa] P-4                                iforest                  default  vus=0.08205 affil=0.66932 (1.77s)
[nasa] P-4                                lof                      default  vus=0.08992 affil=0.67277 (0.69s)
[nasa] P-4                                knn                      default  vus=0.23593 affil=0.89735 (0.38s)
[nasa] P-4                                ae                       default  vus=0.89929 affil=0.99578 (1.63s)
[nasa] G-3                                chronos_small_resid      default  vus=0.01285 affil=0.68574 (1.0s)
[nasa] G-3                                chronos_small_quantile   default  vus=0.02267 affil=0.82316 (1.0s)
[nasa] G-3                                chronos_base_resid       default  vus=0.01304 affil=0.6854 (1.9s)
[nasa] G-3                                chronos_base_quantile    default  vus=0.02423 affil=0.93281 (1.9s)
[nasa] G-3                                timesfm_resid            default  vus=0.01144 affil=0.75621 (28.5s)
[nasa] G-3                                timesfm_quantile         default  vus=0.02565 affil=0.67404 (28.5s)
[nasa] G-3                                tirex_resid              default  vus=0.01168 affil=0.67657 (33.3s)
[nasa] G-3                                tirex_quantile           default  vus=0.00938 affil=0.74774 (33.3s)
[nasa] G-3                                iforest                  default  vus=0.01641 affil=0.8089 (1.79s)
[nasa] G-3                                lof                      default  vus=0.01952 affil=0.80941 (0.59s)
[nasa] G-3                                knn                      default  vus=0.01697 affil=0.80941 (0.41s)
[nasa] G-3                                ae                       default  vus=0.01117 affil=0.70069 (1.93s)
[nasa] T-1                                chronos_small_resid      default  vus=0.16516 affil=0.65066 (1.1s)
[nasa] T-1                                chronos_small_quantile   default  vus=0.1987 affil=0.68476 (1.1s)
[nasa] T-1                                chronos_base_resid       default  vus=0.16847 affil=0.65151 (2.1s)
[nasa] T-1                                chronos_base_quantile    default  vus=0.19902 affil=0.68476 (2.1s)
[nasa] T-1                                timesfm_resid            default  vus=0.18908 affil=0.67897 (32.2s)
[nasa] T-1                                timesfm_quantile         default  vus=0.21518 affil=0.74105 (32.2s)
[nasa] T-1                                tirex_resid              default  vus=0.16899 affil=0.65659 (39.3s)
[nasa] T-1                                tirex_quantile           default  vus=0.20057 affil=0.6882 (39.3s)
[nasa] T-1                                iforest                  default  vus=0.11935 affil=0.59619 (1.86s)
[nasa] T-1                                iforest                  tuned    vus=0.1191 affil=0.60608 (1.74s)
[nasa] T-1                                lof                      default  vus=0.1287 affil=0.58329 (0.85s)
[nasa] T-1                                lof                      tuned    vus=0.1137 affil=0.58372 (2.0s)
[nasa] T-1                                knn                      default  vus=0.11874 affil=0.5563 (0.53s)
[nasa] T-1                                knn                      tuned    vus=0.11691 affil=0.57488 (1.61s)
[nasa] T-1                                ae                       default  vus=0.30089 affil=0.72566 (2.15s)
[nasa] T-1                                ae                       tuned    vus=0.1629 affil=0.66015 (3.87s)
[nasa] T-2                                chronos_small_resid      default  vus=0.18288 affil=0.64775 (1.3s)
[nasa] T-2                                chronos_small_quantile   default  vus=0.19806 affil=0.68543 (1.3s)
[nasa] T-2                                chronos_base_resid       default  vus=0.17905 affil=0.64228 (2.2s)
[nasa] T-2                                chronos_base_quantile    default  vus=0.19676 affil=0.68543 (2.2s)
[nasa] T-2                                timesfm_resid            default  vus=0.20328 affil=0.66335 (31.1s)
[nasa] T-2                                timesfm_quantile         default  vus=0.21023 affil=0.68543 (31.1s)
[nasa] T-2                                tirex_resid              default  vus=0.18089 affil=0.64389 (38.2s)
[nasa] T-2                                tirex_quantile           default  vus=0.21097 affil=0.70752 (38.2s)
[nasa] T-2                                iforest                  default  vus=0.13793 affil=0.65044 (1.89s)
[nasa] T-2                                iforest                  tuned    vus=0.13544 affil=0.64659 (1.93s)
[nasa] T-2                                lof                      default  vus=0.18829 affil=0.68104 (0.77s)
[nasa] T-2                                lof                      tuned    vus=0.12337 affil=0.57113 (2.12s)
[nasa] T-2                                knn                      default  vus=0.12987 affil=0.64385 (0.53s)
[nasa] T-2                                knn                      tuned    vus=0.12584 affil=0.60714 (1.67s)
[nasa] T-2                                ae                       default  vus=0.56352 affil=0.86729 (2.0s)
[nasa] T-2                                ae                       tuned    vus=0.23434 affil=0.68025 (3.59s)
[nasa] D-8                                chronos_small_resid      default  vus=0.00801 affil=0.62068 (1.2s)
[nasa] D-8                                chronos_small_quantile   default  vus=0.00972 affil=0.66669 (1.2s)
[nasa] D-8                                chronos_base_resid       default  vus=0.00803 affil=0.62049 (1.8s)
[nasa] D-8                                chronos_base_quantile    default  vus=0.00972 affil=0.66669 (1.8s)
[nasa] D-8                                timesfm_resid            default  vus=0.00972 affil=0.66669 (30.1s)
[nasa] D-8                                timesfm_quantile         default  vus=0.00972 affil=0.66669 (30.1s)
[nasa] D-8                                tirex_resid              default  vus=0.00801 affil=0.62078 (32.7s)
[nasa] D-8                                tirex_quantile           default  vus=0.00967 affil=0.67967 (32.7s)
[nasa] D-8                                iforest                  default  vus=0.00972 affil=0.66669 (1.01s)
[nasa] D-8                                lof                      default  vus=0.10208 affil=0.66669 (0.48s)
[nasa] D-8                                knn                      default  vus=0.10201 affil=0.66669 (0.39s)
[nasa] D-8                                ae                       default  vus=0.27115 affil=0.66669 (1.46s)
[nasa] D-9                                chronos_small_resid      default  vus=0.13409 affil=0.62513 (1.1s)
[nasa] D-9                                chronos_small_quantile   default  vus=0.16273 affil=0.67741 (1.1s)
[nasa] D-9                                chronos_base_resid       default  vus=0.13432 affil=0.62489 (1.8s)
[nasa] D-9                                chronos_base_quantile    default  vus=0.16273 affil=0.67741 (1.8s)
[nasa] D-9                                timesfm_resid            default  vus=0.16277 affil=0.67741 (24.3s)
[nasa] D-9                                timesfm_quantile         default  vus=0.16278 affil=0.67741 (24.3s)
[nasa] D-9                                tirex_resid              default  vus=0.13344 affil=0.62495 (32.2s)
[nasa] D-9                                tirex_quantile           default  vus=0.16125 affil=0.68889 (32.2s)
[nasa] D-9                                iforest                  default  vus=0.159 affil=0.67741 (1.49s)
[nasa] D-9                                lof                      default  vus=0.86019 affil=0.99742 (0.56s)
[nasa] D-9                                knn                      default  vus=0.85992 affil=0.99742 (0.39s)
[nasa] D-9                                ae                       default  vus=0.8766 affil=0.9987 (1.7s)
[nasa] F-2                                chronos_small_resid      default  vus=0.29943 affil=0.67848 (1.3s)
[nasa] F-2                                chronos_small_quantile   default  vus=0.33323 affil=0.71693 (1.3s)
[nasa] F-2                                chronos_base_resid       default  vus=0.29341 affil=0.6727 (2.2s)
[nasa] F-2                                chronos_base_quantile    default  vus=0.35224 affil=0.71693 (2.2s)
[nasa] F-2                                timesfm_resid            default  vus=0.25626 affil=0.62955 (30.9s)
[nasa] F-2                                timesfm_quantile         default  vus=0.33599 affil=0.71693 (30.9s)
[nasa] F-2                                tirex_resid              default  vus=0.29268 affil=0.67372 (38.6s)
[nasa] F-2                                tirex_quantile           default  vus=0.3501 affil=0.74591 (38.6s)
[nasa] F-2                                iforest                  default  vus=0.3472 affil=0.72487 (1.68s)
[nasa] F-2                                iforest                  tuned    vus=0.29729 affil=0.64376 (2.31s)
[nasa] F-2                                lof                      default  vus=0.57972 affil=0.88568 (0.77s)
[nasa] F-2                                lof                      tuned    vus=0.57046 affil=0.87679 (2.03s)
[nasa] F-2                                knn                      default  vus=0.56335 affil=0.87847 (0.55s)
[nasa] F-2                                knn                      tuned    vus=0.55996 affil=0.87565 (1.48s)
[nasa] F-2                                ae                       default  vus=0.5929 affil=0.88653 (1.95s)
[nasa] F-2                                ae                       tuned    vus=0.57723 affil=0.88037 (3.34s)
[nasa] G-4                                chronos_small_resid      default  vus=0.00531 affil=0.63366 (1.1s)
[nasa] G-4                                chronos_small_quantile   default  vus=0.00609 affil=0.66667 (1.1s)
[nasa] G-4                                chronos_base_resid       default  vus=0.00545 affil=0.63392 (1.7s)
[nasa] G-4                                chronos_base_quantile    default  vus=0.00609 affil=0.66667 (1.7s)
[nasa] G-4                                timesfm_resid            default  vus=0.00609 affil=0.66667 (26.9s)
[nasa] G-4                                timesfm_quantile         default  vus=0.00609 affil=0.66667 (26.9s)
[nasa] G-4                                tirex_resid              default  vus=0.00515 affil=0.63372 (31.9s)
[nasa] G-4                                tirex_quantile           default  vus=0.00581 affil=0.66667 (31.9s)
[nasa] G-4                                iforest                  default  vus=0.00452 affil=0.61589 (1.69s)
[nasa] G-4                                lof                      default  vus=0.22388 affil=0.83582 (0.58s)
[nasa] G-4                                knn                      default  vus=0.22182 affil=0.78051 (0.4s)
[nasa] G-4                                ae                       default  vus=0.86003 affil=0.99922 (1.66s)
[nasa] T-3                                chronos_small_resid      default  vus=0.02688 affil=0.6265 (1.4s)
[nasa] T-3                                chronos_small_quantile   default  vus=0.03734 affil=0.6569 (1.4s)
[nasa] T-3                                chronos_base_resid       default  vus=0.02699 affil=0.62637 (1.9s)
[nasa] T-3                                chronos_base_quantile    default  vus=0.0349 affil=0.67103 (1.9s)
[nasa] T-3                                timesfm_resid            default  vus=0.02566 affil=0.63878 (31.4s)
[nasa] T-3                                timesfm_quantile         default  vus=0.03131 affil=0.66687 (31.4s)
[nasa] T-3                                tirex_resid              default  vus=0.02634 affil=0.63856 (37.6s)
[nasa] T-3                                tirex_quantile           default  vus=0.03192 affil=0.66687 (37.6s)
[nasa] T-3                                iforest                  default  vus=0.02185 affil=0.66528 (1.78s)
[nasa] T-3                                iforest                  tuned    vus=0.02185 affil=0.66528 (2.36s)
[nasa] T-3                                lof                      default  vus=0.20762 affil=0.78619 (0.75s)
[nasa] T-3                                lof                      tuned    vus=0.20762 affil=0.78619 (1.39s)
[nasa] T-3                                knn                      default  vus=0.20763 affil=0.78619 (0.55s)
[nasa] T-3                                knn                      tuned    vus=0.20758 affil=0.78619 (1.02s)
[nasa] T-3                                ae                       default  vus=0.21231 affil=0.79041 (2.12s)
[nasa] T-3                                ae                       tuned    vus=0.2923 affil=0.83213 (3.56s)
[nasa] D-11                               chronos_small_resid      default  vus=0.10012 affil=0.64101 (1.1s)
[nasa] D-11                               chronos_small_quantile   default  vus=0.37582 affil=0.99655 (1.1s)
[nasa] D-11                               chronos_base_resid       default  vus=0.09129 affil=0.63179 (1.5s)
[nasa] D-11                               chronos_base_quantile    default  vus=0.33034 affil=0.99655 (1.5s)
[nasa] D-11                               timesfm_resid            default  vus=0.08235 affil=0.60783 (27.0s)
[nasa] D-11                               timesfm_quantile         default  vus=0.12126 affil=0.6667 (27.0s)
[nasa] D-11                               tirex_resid              default  vus=0.10187 affil=0.62273 (32.8s)
[nasa] D-11                               tirex_quantile           default  vus=0.2157 affil=0.76731 (32.8s)
[nasa] D-11                               iforest                  default  vus=0.01267 affil=0.74497 (1.61s)
[nasa] D-11                               lof                      default  vus=0.10192 affil=0.51578 (0.57s)
[nasa] D-11                               knn                      default  vus=0.10156 affil=0.60478 (0.42s)
[nasa] D-11                               ae                       default  vus=0.10191 affil=0.55296 (1.77s)
[nasa] D-12                               chronos_small_resid      default  vus=0.28645 affil=0.65724 (1.2s)
[nasa] D-12                               chronos_small_quantile   default  vus=0.35236 affil=0.71785 (1.2s)
[nasa] D-12                               chronos_base_resid       default  vus=0.29003 affil=0.66384 (1.7s)
[nasa] D-12                               chronos_base_quantile    default  vus=0.35236 affil=0.71785 (1.7s)
[nasa] D-12                               timesfm_resid            default  vus=0.35236 affil=0.71785 (30.1s)
[nasa] D-12                               timesfm_quantile         default  vus=0.35236 affil=0.71785 (30.1s)
[nasa] D-12                               tirex_resid              default  vus=0.28684 affil=0.66069 (32.5s)
[nasa] D-12                               tirex_quantile           default  vus=0.35061 affil=0.71785 (32.5s)
[nasa] D-12                               iforest                  default  vus=0.34873 affil=0.71893 (1.47s)
[nasa] D-12                               lof                      default  vus=0.90352 affil=0.96603 (0.28s)
[nasa] D-12                               knn                      default  vus=0.90352 affil=0.96603 (0.21s)
[nasa] D-12                               ae                       default  vus=0.90219 affil=0.96603 (1.16s)
[nasa] B-1                                chronos_small_resid      default  vus=0.01063 affil=0.61059 (1.1s)
[nasa] B-1                                chronos_small_quantile   default  vus=0.01324 affil=0.6667 (1.1s)
[nasa] B-1                                chronos_base_resid       default  vus=0.01055 affil=0.61001 (1.7s)
[nasa] B-1                                chronos_base_quantile    default  vus=0.01324 affil=0.6667 (1.7s)
[nasa] B-1                                timesfm_resid            default  vus=0.01324 affil=0.6667 (29.1s)
[nasa] B-1                                timesfm_quantile         default  vus=0.01324 affil=0.6667 (29.1s)
[nasa] B-1                                tirex_resid              default  vus=0.01066 affil=0.61017 (33.0s)
[nasa] B-1                                tirex_quantile           default  vus=0.01287 affil=0.6667 (33.0s)
[nasa] B-1                                iforest                  default  vus=0.01334 affil=0.66905 (1.7s)
[nasa] B-1                                lof                      default  vus=0.023 affil=0.78 (0.55s)
[nasa] B-1                                knn                      default  vus=0.02299 affil=0.77998 (0.39s)
[nasa] B-1                                ae                       default  vus=0.02352 affil=0.7819 (1.73s)
[nasa] G-6                                chronos_small_resid      default  vus=0.0338 affil=0.63897 (1.3s)
[nasa] G-6                                chronos_small_quantile   default  vus=0.29612 affil=0.99732 (1.3s)
[nasa] G-6                                chronos_base_resid       default  vus=0.03166 affil=0.62996 (2.1s)
[nasa] G-6                                chronos_base_quantile    default  vus=0.14867 affil=0.99732 (2.1s)
[nasa] G-6                                timesfm_resid            default  vus=0.03387 affil=0.63793 (30.9s)
[nasa] G-6                                timesfm_quantile         default  vus=0.14486 affil=0.72474 (30.9s)
[nasa] G-6                                tirex_resid              default  vus=0.03077 affil=0.63549 (38.5s)
[nasa] G-6                                tirex_quantile           default  vus=0.14792 affil=0.7116 (38.5s)
[nasa] G-6                                iforest                  default  vus=0.03208 affil=0.76705 (1.71s)
[nasa] G-6                                iforest                  tuned    vus=0.04537 affil=0.77002 (2.02s)
[nasa] G-6                                lof                      default  vus=0.10025 affil=0.75902 (0.76s)
[nasa] G-6                                lof                      tuned    vus=0.10025 affil=0.75902 (1.29s)
[nasa] G-6                                knn                      default  vus=0.09778 affil=0.75164 (0.55s)
[nasa] G-6                                knn                      tuned    vus=0.08372 affil=0.75988 (1.61s)
[nasa] G-6                                ae                       default  vus=0.10071 affil=0.75888 (1.93s)
[nasa] G-6                                ae                       tuned    vus=0.08155 affil=0.75888 (2.56s)
[nasa] G-7                                chronos_small_resid      default  vus=0.29833 affil=0.88328 (1.0s)
[nasa] G-7                                chronos_small_quantile   default  vus=0.10902 affil=0.84394 (1.0s)
[nasa] G-7                                chronos_base_resid       default  vus=0.30015 affil=0.88508 (1.8s)
[nasa] G-7                                chronos_base_quantile    default  vus=0.11428 affil=0.79839 (1.8s)
[nasa] G-7                                timesfm_resid            default  vus=0.29714 affil=0.88792 (27.5s)
[nasa] G-7                                timesfm_quantile         default  vus=0.11677 affil=0.79723 (27.5s)
[nasa] G-7                                tirex_resid              default  vus=0.26108 affil=0.8663 (31.6s)
[nasa] G-7                                tirex_quantile           default  vus=0.09456 affil=0.71422 (31.6s)
[nasa] G-7                                iforest                  default  vus=0.9575 affil=0.9981 (1.55s)
[nasa] G-7                                lof                      default  vus=0.07477 affil=0.70794 (0.55s)
[nasa] G-7                                knn                      default  vus=0.25863 affil=0.85641 (0.38s)
[nasa] G-7                                ae                       default  vus=0.237 affil=0.86133 (1.81s)
[nasa] P-7                                chronos_small_resid      default  vus=0.17999 affil=0.63569 (1.1s)
[nasa] P-7                                chronos_small_quantile   default  vus=0.19574 affil=0.68501 (1.1s)
[nasa] P-7                                chronos_base_resid       default  vus=0.17969 affil=0.63382 (1.9s)
[nasa] P-7                                chronos_base_quantile    default  vus=0.20314 affil=0.68501 (1.9s)
[nasa] P-7                                timesfm_resid            default  vus=0.24211 affil=0.68779 (27.2s)
[nasa] P-7                                timesfm_quantile         default  vus=0.20904 affil=0.68501 (27.2s)
[nasa] P-7                                tirex_resid              default  vus=0.20703 affil=0.67168 (31.1s)
[nasa] P-7                                tirex_quantile           default  vus=0.20836 affil=0.68087 (31.1s)
[nasa] P-7                                iforest                  default  vus=0.50361 affil=0.85991 (1.4s)
[nasa] P-7                                iforest                  tuned    vus=0.38428 affil=0.7116 (1.34s)
[nasa] P-7                                lof                      default  vus=0.53519 affil=0.8563 (0.63s)
[nasa] P-7                                lof                      tuned    vus=0.47981 affil=0.81148 (1.63s)
[nasa] P-7                                knn                      default  vus=0.5339 affil=0.8574 (0.46s)
[nasa] P-7                                knn                      tuned    vus=0.50029 affil=0.82237 (0.78s)
[nasa] P-7                                ae                       default  vus=0.5245 affil=0.85199 (1.79s)
[nasa] P-7                                ae                       tuned    vus=0.52808 affil=0.85102 (2.97s)
[nasa] R-1                                chronos_small_resid      default  vus=0.01423 affil=0.62145 (1.0s)
[nasa] R-1                                chronos_small_quantile   default  vus=0.02529 affil=0.66672 (1.0s)
[nasa] R-1                                chronos_base_resid       default  vus=0.01349 affil=0.6265 (1.5s)
[nasa] R-1                                chronos_base_quantile    default  vus=0.02529 affil=0.88947 (1.5s)
[nasa] R-1                                timesfm_resid            default  vus=0.01602 affil=0.66672 (22.4s)
[nasa] R-1                                timesfm_quantile         default  vus=0.01673 affil=0.66672 (22.4s)
[nasa] R-1                                tirex_resid              default  vus=0.01565 affil=0.59167 (27.2s)
[nasa] R-1                                tirex_quantile           default  vus=0.01691 affil=0.66826 (27.2s)
[nasa] R-1                                iforest                  default  vus=0.01677 affil=0.66672 (1.47s)
[nasa] R-1                                iforest                  tuned    vus=0.01677 affil=0.66672 (1.28s)
[nasa] R-1                                lof                      default  vus=0.12348 affil=0.66672 (0.53s)
[nasa] R-1                                lof                      tuned    vus=0.12348 affil=0.66672 (0.66s)
[nasa] R-1                                knn                      default  vus=0.12386 affil=0.66672 (0.39s)
[nasa] R-1                                knn                      tuned    vus=0.12298 affil=0.66672 (0.52s)
[nasa] R-1                                ae                       default  vus=0.33223 affil=0.66683 (1.93s)
[nasa] R-1                                ae                       tuned    vus=0.33226 affil=0.66672 (1.78s)
[nasa] A-5                                chronos_small_resid      default  vus=0.10768 affil=0.75797 (0.6s)
[nasa] A-5                                chronos_small_quantile   default  vus=0.60577 affil=0.99927 (0.6s)
[nasa] A-5                                chronos_base_resid       default  vus=0.10242 affil=0.75837 (0.6s)
[nasa] A-5                                chronos_base_quantile    default  vus=0.60558 affil=0.99927 (0.6s)
[nasa] A-5                                timesfm_resid            default  vus=0.14002 affil=0.73056 (14.8s)
[nasa] A-5                                timesfm_quantile         default  vus=0.66176 affil=0.9763 (14.8s)
[nasa] A-5                                tirex_resid              default  vus=0.23068 affil=0.73065 (20.0s)
[nasa] A-5                                tirex_quantile           default  vus=0.68114 affil=0.99913 (20.0s)
[nasa] A-5                                iforest                  default  vus=0.02471 affil=0.74847 (1.23s)
[nasa] A-5                                lof                      default  vus=0.01702 affil=0.68183 (0.24s)
[nasa] A-5                                knn                      default  vus=0.02709 affil=0.97462 (0.18s)
[nasa] A-5                                ae                       default  vus=0.03216 affil=0.97601 (0.94s)
[nasa] A-6                                chronos_small_resid      default  vus=0.01272 affil=0.65129 (0.8s)
[nasa] A-6                                chronos_small_quantile   default  vus=0.40198 affil=0.99896 (0.8s)
[nasa] A-6                                chronos_base_resid       default  vus=0.01237 affil=0.65202 (1.1s)
[nasa] A-6                                chronos_base_quantile    default  vus=0.40197 affil=0.99896 (1.1s)
[nasa] A-6                                timesfm_resid            default  vus=0.06041 affil=0.71934 (15.3s)
[nasa] A-6                                timesfm_quantile         default  vus=0.41457 affil=0.99896 (15.3s)
[nasa] A-6                                tirex_resid              default  vus=0.02504 affil=0.65896 (19.4s)
[nasa] A-6                                tirex_quantile           default  vus=0.11957 affil=0.99775 (19.4s)
[nasa] A-6                                iforest                  default  vus=0.01311 affil=0.9653 (1.2s)
[nasa] A-6                                lof                      default  vus=0.90097 affil=0.99943 (0.22s)
[nasa] A-6                                knn                      default  vus=0.91986 affil=0.99973 (0.18s)
[nasa] A-6                                ae                       default  vus=0.94594 affil=0.99987 (0.66s)
[nasa] A-7                                chronos_small_resid      default  vus=0.25746 affil=0.68043 (1.0s)
[nasa] A-7                                chronos_small_quantile   default  vus=0.24115 affil=0.7002 (1.0s)
[nasa] A-7                                chronos_base_resid       default  vus=0.25096 affil=0.67179 (1.8s)
[nasa] A-7                                chronos_base_quantile    default  vus=0.24997 affil=0.7002 (1.8s)
[nasa] A-7                                timesfm_resid            default  vus=0.17078 affil=0.49575 (30.6s)
[nasa] A-7                                timesfm_quantile         default  vus=0.27931 affil=0.7002 (30.6s)
[nasa] A-7                                tirex_resid              default  vus=0.22279 affil=0.62449 (36.6s)
[nasa] A-7                                tirex_quantile           default  vus=0.28369 affil=0.71789 (36.6s)
[nasa] A-7                                iforest                  default  vus=0.16537 affil=0.52356 (1.66s)
[nasa] A-7                                iforest                  tuned    vus=0.17471 affil=0.58831 (2.16s)
[nasa] A-7                                lof                      default  vus=0.29584 affil=0.65574 (0.74s)
[nasa] A-7                                lof                      tuned    vus=0.24578 affil=0.52077 (0.9s)
[nasa] A-7                                knn                      default  vus=0.4925 affil=0.84571 (0.57s)
[nasa] A-7                                knn                      tuned    vus=0.79131 affil=0.95722 (1.53s)
[nasa] A-7                                ae                       default  vus=0.16744 affil=0.50469 (2.04s)
[nasa] A-7                                ae                       tuned    vus=0.29435 affil=0.68016 (3.24s)
[nasa] D-13                               chronos_small_resid      default  vus=0.02377 affil=0.573 (1.0s)
[nasa] D-13                               chronos_small_quantile   default  vus=0.03152 affil=0.66686 (1.0s)
[nasa] D-13                               chronos_base_resid       default  vus=0.02373 affil=0.57153 (1.6s)
[nasa] D-13                               chronos_base_quantile    default  vus=0.03152 affil=0.66686 (1.6s)
[nasa] D-13                               timesfm_resid            default  vus=0.03152 affil=0.66686 (26.3s)
[nasa] D-13                               timesfm_quantile         default  vus=0.03152 affil=0.66686 (26.3s)
[nasa] D-13                               tirex_resid              default  vus=0.02359 affil=0.57172 (28.5s)
[nasa] D-13                               tirex_quantile           default  vus=0.03072 affil=0.66686 (28.5s)
[nasa] D-13                               iforest                  default  vus=0.03152 affil=0.66686 (1.13s)
[nasa] D-13                               lof                      default  vus=0.04351 affil=0.80544 (0.42s)
[nasa] D-13                               knn                      default  vus=0.04352 affil=0.80544 (0.34s)
[nasa] D-13                               ae                       default  vus=0.04388 affil=0.80522 (1.2s)
[nasa] P-2                                chronos_small_resid      default  vus=0.11296 affil=0.60341 (1.0s)
[nasa] P-2                                chronos_small_quantile   default  vus=0.13824 affil=0.59591 (1.0s)
[nasa] P-2                                chronos_base_resid       default  vus=0.11431 affil=0.6221 (1.7s)
[nasa] P-2                                chronos_base_quantile    default  vus=0.14081 affil=0.67651 (1.7s)
[nasa] P-2                                timesfm_resid            default  vus=0.11944 affil=0.6177 (27.4s)
[nasa] P-2                                timesfm_quantile         default  vus=0.14967 affil=0.67651 (27.4s)
[nasa] P-2                                tirex_resid              default  vus=0.11276 affil=0.56062 (33.4s)
[nasa] P-2                                tirex_quantile           default  vus=0.14579 affil=0.67674 (33.4s)
[nasa] P-2                                iforest                  default  vus=0.3294 affil=0.93873 (1.94s)
[nasa] P-2                                iforest                  tuned    vus=0.28173 affil=0.93684 (2.3s)
[nasa] P-2                                lof                      default  vus=0.24776 affil=0.93975 (0.58s)
[nasa] P-2                                lof                      tuned    vus=0.25329 affil=0.93476 (1.07s)
[nasa] P-2                                knn                      default  vus=0.24348 affil=0.93931 (0.46s)
[nasa] P-2                                knn                      tuned    vus=0.25853 affil=0.93148 (0.66s)
[nasa] P-2                                ae                       default  vus=0.36183 affil=0.94591 (2.08s)
[nasa] P-2                                ae                       tuned    vus=0.52013 affil=0.94158 (3.62s)
[nasa] A-8                                chronos_small_resid      default  vus=0.36902 affil=0.6882 (1.6s)
[nasa] A-8                                chronos_small_quantile   default  vus=0.4469 affil=0.75254 (1.6s)
[nasa] A-8                                chronos_base_resid       default  vus=0.37726 affil=0.69834 (2.3s)
[nasa] A-8                                chronos_base_quantile    default  vus=0.46803 affil=0.80559 (2.3s)
[nasa] A-8                                timesfm_resid            default  vus=0.39853 affil=0.72126 (32.6s)
[nasa] A-8                                timesfm_quantile         default  vus=0.47453 affil=0.80549 (32.6s)
[nasa] A-8                                tirex_resid              default  vus=0.40176 affil=0.72191 (42.7s)
[nasa] A-8                                tirex_quantile           default  vus=0.4531 affil=0.74709 (42.7s)
[nasa] A-8                                iforest                  default  vus=0.36974 affil=0.62782 (1.87s)
[nasa] A-8                                lof                      default  vus=0.28313 affil=0.44194 (0.37s)
[nasa] A-8                                knn                      default  vus=0.28313 affil=0.44194 (0.3s)
[nasa] A-8                                ae                       default  vus=0.54152 affil=0.83373 (1.45s)
[nasa] A-9                                chronos_small_resid      default  vus=0.33325 affil=0.62425 (1.4s)
[nasa] A-9                                chronos_small_quantile   default  vus=0.41781 affil=0.7539 (1.4s)
[nasa] A-9                                chronos_base_resid       default  vus=0.34244 affil=0.63051 (2.1s)
[nasa] A-9                                chronos_base_quantile    default  vus=0.44859 affil=0.7539 (2.1s)
[nasa] A-9                                timesfm_resid            default  vus=0.36187 affil=0.66622 (30.3s)
[nasa] A-9                                timesfm_quantile         default  vus=0.44098 affil=0.7539 (30.3s)
[nasa] A-9                                tirex_resid              default  vus=0.35609 affil=0.65548 (43.7s)
[nasa] A-9                                tirex_quantile           default  vus=0.45179 affil=0.7422 (43.7s)
[nasa] A-9                                iforest                  default  vus=0.2825 affil=0.35987 (1.7s)
[nasa] A-9                                lof                      default  vus=0.54657 affil=0.83266 (0.37s)
[nasa] A-9                                knn                      default  vus=0.54644 affil=0.8329 (0.3s)
[nasa] A-9                                ae                       default  vus=0.54638 affil=0.83251 (1.26s)
[nasa] F-3                                chronos_small_resid      default  vus=0.03901 affil=0.75253 (1.3s)
[nasa] F-3                                chronos_small_quantile   default  vus=0.01613 affil=0.63232 (1.3s)
[nasa] F-3                                chronos_base_resid       default  vus=0.02094 affil=0.71555 (2.3s)
[nasa] F-3                                chronos_base_quantile    default  vus=0.01778 affil=0.66668 (2.3s)
[nasa] F-3                                timesfm_resid            default  vus=0.01974 affil=0.61846 (34.6s)
[nasa] F-3                                timesfm_quantile         default  vus=0.02085 affil=0.66668 (34.6s)
[nasa] F-3                                tirex_resid              default  vus=0.03323 affil=0.61904 (39.0s)
[nasa] F-3                                tirex_quantile           default  vus=0.0131 affil=0.65925 (39.0s)
[nasa] F-3                                iforest                  default  vus=0.03308 affil=0.54658 (1.37s)
[nasa] F-3                                iforest                  tuned    vus=0.15824 affil=0.64211 (1.45s)
[nasa] F-3                                lof                      default  vus=0.75463 affil=0.99902 (0.69s)
[nasa] F-3                                lof                      tuned    vus=0.28808 affil=0.99348 (0.85s)
[nasa] F-3                                knn                      default  vus=0.70525 affil=0.99902 (0.53s)
[nasa] F-3                                knn                      tuned    vus=0.82538 affil=0.99901 (1.42s)
[nasa] F-3                                ae                       default  vus=0.86827 affil=0.99901 (1.71s)
[nasa] F-3                                ae                       tuned    vus=0.89553 affil=0.99901 (2.49s)
[nasa] M-6                                chronos_small_resid      default  vus=0.13521 affil=0.78239 (0.4s)
[nasa] M-6                                chronos_small_quantile   default  vus=0.10169 affil=0.6657 (0.4s)
[nasa] M-6                                chronos_base_resid       default  vus=0.12867 affil=0.74178 (0.4s)
[nasa] M-6                                chronos_base_quantile    default  vus=0.11231 affil=0.65875 (0.4s)
[nasa] M-6                                timesfm_resid            default  vus=0.15232 affil=0.75451 (8.2s)
[nasa] M-6                                timesfm_quantile         default  vus=0.11027 affil=0.66165 (8.2s)
[nasa] M-6                                tirex_resid              default  vus=0.10924 affil=0.71266 (9.0s)
[nasa] M-6                                tirex_quantile           default  vus=0.1147 affil=0.77383 (9.0s)
[nasa] M-6                                iforest                  default  vus=0.06412 affil=0.54996 (1.07s)
[nasa] M-6                                lof                      default  vus=0.97102 affil=0.99566 (0.35s)
[nasa] M-6                                knn                      default  vus=0.94008 affil=0.99566 (0.19s)
[nasa] M-6                                ae                       default  vus=0.96163 affil=0.99536 (0.93s)
[nasa] M-1                                chronos_small_resid      default  vus=0.63311 affil=0.94486 (0.2s)
[nasa] M-1                                chronos_small_quantile   default  vus=0.55028 affil=0.86905 (0.2s)
[nasa] M-1                                chronos_base_resid       default  vus=0.66645 affil=0.90789 (0.6s)
[nasa] M-1                                chronos_base_quantile    default  vus=0.54316 affil=0.8487 (0.6s)
[nasa] M-1                                timesfm_resid            default  vus=0.47343 affil=0.83206 (8.6s)
[nasa] M-1                                timesfm_quantile         default  vus=0.5205 affil=0.80631 (8.6s)
[nasa] M-1                                tirex_resid              default  vus=0.58505 affil=0.84604 (12.0s)
[nasa] M-1                                tirex_quantile           default  vus=0.55616 affil=0.91829 (12.0s)
[nasa] M-1                                iforest                  default  vus=0.35585 affil=0.54496 (1.39s)
[nasa] M-1                                lof                      default  vus=0.77062 affil=0.90827 (0.49s)
[nasa] M-1                                knn                      default  vus=0.77931 affil=0.93887 (0.3s)
[nasa] M-1                                ae                       default  vus=0.56422 affil=0.88349 (1.42s)
[nasa] M-2                                chronos_small_resid      default  vus=0.62856 affil=0.90654 (0.6s)
[nasa] M-2                                chronos_small_quantile   default  vus=0.55546 affil=0.82906 (0.6s)
[nasa] M-2                                chronos_base_resid       default  vus=0.65881 affil=0.90789 (0.8s)
[nasa] M-2                                chronos_base_quantile    default  vus=0.54862 affil=0.82703 (0.8s)
[nasa] M-2                                timesfm_resid            default  vus=0.47035 affil=0.83513 (8.3s)
[nasa] M-2                                timesfm_quantile         default  vus=0.5212 affil=0.80393 (8.3s)
[nasa] M-2                                tirex_resid              default  vus=0.56122 affil=0.81262 (12.7s)
[nasa] M-2                                tirex_quantile           default  vus=0.55417 affil=0.91829 (12.7s)
[nasa] M-2                                iforest                  default  vus=0.96822 affil=0.99357 (1.42s)
[nasa] M-2                                lof                      default  vus=0.77766 affil=0.91964 (0.49s)
[nasa] M-2                                knn                      default  vus=0.78142 affil=0.93877 (0.27s)
[nasa] M-2                                ae                       default  vus=0.68165 affil=0.96374 (1.43s)
[nasa] S-2                                chronos_small_resid      default  vus=0.01551 affil=0.71865 (0.5s)
[nasa] S-2                                chronos_small_quantile   default  vus=0.01226 affil=0.92255 (0.5s)
[nasa] S-2                                chronos_base_resid       default  vus=0.02633 affil=0.75795 (0.8s)
[nasa] S-2                                chronos_base_quantile    default  vus=0.01272 affil=0.68511 (0.8s)
[nasa] S-2                                timesfm_resid            default  vus=0.00789 affil=0.72791 (7.7s)
[nasa] S-2                                timesfm_quantile         default  vus=0.01348 affil=0.67118 (7.7s)
[nasa] S-2                                tirex_resid              default  vus=0.01258 affil=0.69406 (9.3s)
[nasa] S-2                                tirex_quantile           default  vus=0.0125 affil=0.66388 (9.3s)
[nasa] S-2                                iforest                  default  vus=0.01279 affil=0.81144 (1.09s)
[nasa] S-2                                lof                      default  vus=0.83761 affil=0.99898 (0.22s)
[nasa] S-2                                knn                      default  vus=0.91455 affil=0.99898 (0.14s)
[nasa] S-2                                ae                       default  vus=0.91785 affil=0.9987 (0.65s)
[nasa] P-10                               chronos_small_resid      default  vus=0.07185 affil=0.75909 (0.8s)
[nasa] P-10                               chronos_small_quantile   default  vus=0.05097 affil=0.75193 (0.8s)
[nasa] P-10                               chronos_base_resid       default  vus=0.0698 affil=0.76171 (1.3s)
[nasa] P-10                               chronos_base_quantile    default  vus=0.04647 affil=0.83116 (1.3s)
[nasa] P-10                               timesfm_resid            default  vus=0.07138 affil=0.81685 (17.4s)
[nasa] P-10                               timesfm_quantile         default  vus=0.04493 affil=0.7672 (17.4s)
[nasa] P-10                               tirex_resid              default  vus=0.05848 affil=0.71949 (24.8s)
[nasa] P-10                               tirex_quantile           default  vus=0.05214 affil=0.75679 (24.8s)
[nasa] P-10                               iforest                  default  vus=0.07303 affil=0.87549 (1.55s)
[nasa] P-10                               iforest                  tuned    vus=0.25334 affil=0.99473 (1.6s)
[nasa] P-10                               lof                      default  vus=0.6587 affil=0.99683 (1.06s)
[nasa] P-10                               lof                      tuned    vus=0.59666 affil=0.99734 (2.88s)
[nasa] P-10                               knn                      default  vus=0.66469 affil=0.99683 (0.85s)
[nasa] P-10                               knn                      tuned    vus=0.56624 affil=0.9972 (2.12s)
[nasa] P-10                               ae                       default  vus=0.81835 affil=0.99835 (2.34s)
[nasa] P-10                               ae                       tuned    vus=0.33932 affil=0.99359 (4.77s)
[nasa] T-4                                chronos_small_resid      default  vus=0.07962 affil=0.96388 (0.6s)
[nasa] T-4                                chronos_small_quantile   default  vus=0.04593 affil=0.80406 (0.6s)
[nasa] T-4                                chronos_base_resid       default  vus=0.04409 affil=0.97221 (0.7s)
[nasa] T-4                                chronos_base_quantile    default  vus=0.05334 affil=0.68767 (0.7s)
[nasa] T-4                                timesfm_resid            default  vus=0.08376 affil=0.99079 (9.7s)
[nasa] T-4                                timesfm_quantile         default  vus=0.04661 affil=0.72821 (9.7s)
[nasa] T-4                                tirex_resid              default  vus=0.07337 affil=0.9927 (12.5s)
[nasa] T-4                                tirex_quantile           default  vus=0.04232 affil=0.67742 (12.5s)
[nasa] T-4                                iforest                  default  vus=0.02859 affil=0.47792 (1.42s)
[nasa] T-4                                lof                      default  vus=0.02986 affil=0.49812 (0.52s)
[nasa] T-4                                knn                      default  vus=0.02826 affil=0.48933 (0.29s)
[nasa] T-4                                ae                       default  vus=0.03958 affil=0.6947 (1.42s)
[nasa] T-5                                chronos_small_resid      default  vus=0.01684 affil=0.67875 (0.4s)
[nasa] T-5                                chronos_small_quantile   default  vus=0.02271 affil=0.80151 (0.4s)
[nasa] T-5                                chronos_base_resid       default  vus=0.02725 affil=0.65459 (0.9s)
[nasa] T-5                                chronos_base_quantile    default  vus=0.02288 affil=0.67624 (0.9s)
[nasa] T-5                                timesfm_resid            default  vus=0.0128 affil=0.86113 (8.4s)
[nasa] T-5                                timesfm_quantile         default  vus=0.02041 affil=0.72419 (8.4s)
[nasa] T-5                                tirex_resid              default  vus=0.01768 affil=0.64942 (11.1s)
[nasa] T-5                                tirex_quantile           default  vus=0.02063 affil=0.66503 (11.1s)
[nasa] T-5                                iforest                  default  vus=0.01218 affil=0.4892 (1.2s)
[nasa] T-5                                lof                      default  vus=0.93402 affil=0.99969 (0.2s)
[nasa] T-5                                knn                      default  vus=0.92361 affil=0.99969 (0.28s)
[nasa] T-5                                ae                       default  vus=0.95272 affil=0.99977 (1.25s)
[nasa] F-7                                chronos_small_resid      default  vus=0.12615 affil=0.69177 (0.8s)
[nasa] F-7                                chronos_small_quantile   default  vus=0.14721 affil=0.71404 (0.8s)
[nasa] F-7                                chronos_base_resid       default  vus=0.0959 affil=0.66882 (1.3s)
[nasa] F-7                                chronos_base_quantile    default  vus=0.13399 affil=0.72673 (1.3s)
[nasa] F-7                                timesfm_resid            default  vus=0.09073 affil=0.6675 (17.8s)
[nasa] F-7                                timesfm_quantile         default  vus=0.13277 affil=0.73103 (17.8s)
[nasa] F-7                                tirex_resid              default  vus=0.09539 affil=0.68201 (25.3s)
[nasa] F-7                                tirex_quantile           default  vus=0.11864 affil=0.68857 (25.3s)
[nasa] F-7                                iforest                  default  vus=0.23756 affil=0.87862 (1.86s)
[nasa] F-7                                lof                      default  vus=0.08677 affil=0.7355 (0.72s)
[nasa] F-7                                knn                      default  vus=0.0859 affil=0.73519 (0.51s)
[nasa] F-7                                ae                       default  vus=0.10688 affil=0.74427 (2.16s)
[nasa] M-3                                chronos_small_resid      default  vus=0.15604 affil=0.6866 (0.5s)
[nasa] M-3                                chronos_small_quantile   default  vus=0.14371 affil=0.68555 (0.5s)
[nasa] M-3                                chronos_base_resid       default  vus=0.18284 affil=0.71385 (0.7s)
[nasa] M-3                                chronos_base_quantile    default  vus=0.15339 affil=0.71122 (0.7s)
[nasa] M-3                                timesfm_resid            default  vus=0.19504 affil=0.7069 (10.1s)
[nasa] M-3                                timesfm_quantile         default  vus=0.14833 affil=0.75291 (10.1s)
[nasa] M-3                                tirex_resid              default  vus=0.18176 affil=0.8284 (12.3s)
[nasa] M-3                                tirex_quantile           default  vus=0.16133 affil=0.68247 (12.3s)
[nasa] M-3                                iforest                  default  vus=0.28048 affil=0.85011 (1.4s)
[nasa] M-3                                lof                      default  vus=0.10689 affil=0.68077 (0.43s)
[nasa] M-3                                knn                      default  vus=0.10619 affil=0.67979 (0.24s)
[nasa] M-3                                ae                       default  vus=0.19622 affil=0.74855 (0.74s)
[nasa] M-4                                chronos_small_resid      default  vus=0.13934 affil=0.66886 (0.3s)
[nasa] M-4                                chronos_small_quantile   default  vus=0.15613 affil=0.70046 (0.3s)
[nasa] M-4                                chronos_base_resid       default  vus=0.16061 affil=0.85941 (0.9s)
[nasa] M-4                                chronos_base_quantile    default  vus=0.15468 affil=0.72557 (0.9s)
[nasa] M-4                                timesfm_resid            default  vus=0.14809 affil=0.71489 (7.0s)
[nasa] M-4                                timesfm_quantile         default  vus=0.15649 affil=0.70342 (7.0s)
[nasa] M-4                                tirex_resid              default  vus=0.1675 affil=0.84077 (12.5s)
[nasa] M-4                                tirex_quantile           default  vus=0.16946 affil=0.68337 (12.5s)
[nasa] M-4                                iforest                  default  vus=0.26771 affil=0.7673 (1.29s)
[nasa] M-4                                lof                      default  vus=0.09969 affil=0.66159 (0.46s)
[nasa] M-4                                knn                      default  vus=0.09935 affil=0.65773 (0.26s)
[nasa] M-4                                ae                       default  vus=0.18599 affil=0.74221 (1.28s)
[nasa] M-5                                chronos_small_resid      default  vus=0.1496 affil=0.68555 (0.6s)
[nasa] M-5                                chronos_small_quantile   default  vus=0.16393 affil=0.76402 (0.6s)
[nasa] M-5                                chronos_base_resid       default  vus=0.17925 affil=0.91144 (0.9s)
[nasa] M-5                                chronos_base_quantile    default  vus=0.16133 affil=0.81497 (0.9s)
[nasa] M-5                                timesfm_resid            default  vus=0.18245 affil=0.75627 (10.1s)
[nasa] M-5                                timesfm_quantile         default  vus=0.18369 affil=0.7972 (10.1s)
[nasa] M-5                                tirex_resid              default  vus=0.22846 affil=0.77271 (13.1s)
[nasa] M-5                                tirex_quantile           default  vus=0.16769 affil=0.78849 (13.1s)
[nasa] M-5                                iforest                  default  vus=0.16937 affil=0.71426 (0.57s)
[nasa] M-5                                lof                      default  vus=0.16557 affil=0.71584 (0.51s)
[nasa] M-5                                knn                      default  vus=0.17149 affil=0.71636 (0.26s)
[nasa] M-5                                ae                       default  vus=0.18447 affil=0.71659 (1.3s)
[nasa] P-15                               chronos_small_resid      default  vus=0.00927 affil=0.71494 (0.7s)
[nasa] P-15                               chronos_small_quantile   default  vus=0.03043 affil=0.688 (0.7s)
[nasa] P-15                               chronos_base_resid       default  vus=0.00697 affil=0.68479 (1.0s)
[nasa] P-15                               chronos_base_quantile    default  vus=0.02694 affil=0.8645 (1.0s)
[nasa] P-15                               timesfm_resid            default  vus=0.00677 affil=0.71355 (12.5s)
[nasa] P-15                               timesfm_quantile         default  vus=0.02687 affil=0.66669 (12.5s)
[nasa] P-15                               tirex_resid              default  vus=0.0096 affil=0.70107 (18.1s)
[nasa] P-15                               tirex_quantile           default  vus=0.02073 affil=0.67044 (18.1s)
[nasa] P-15                               iforest                  default  vus=0.00706 affil=0.73641 (1.29s)
[nasa] P-15                               iforest                  tuned    vus=0.00757 affil=0.67706 (1.59s)
[nasa] P-15                               lof                      default  vus=0.00795 affil=0.79132 (0.81s)
[nasa] P-15                               lof                      tuned    vus=0.00795 affil=0.79132 (1.13s)
[nasa] P-15                               knn                      default  vus=0.00795 affil=0.84244 (0.48s)
[nasa] P-15                               knn                      tuned    vus=0.00873 affil=0.83471 (0.99s)
[nasa] P-15                               ae                       default  vus=0.01375 affil=0.56135 (1.52s)
[nasa] P-15                               ae                       tuned    vus=0.16871 affil=0.72934 (3.98s)
[nasa] C-1                                chronos_small_resid      default  vus=0.27559 affil=0.81414 (0.6s)
[nasa] C-1                                chronos_small_quantile   default  vus=0.20113 affil=0.69128 (0.6s)
[nasa] C-1                                chronos_base_resid       default  vus=0.25871 affil=0.81945 (0.9s)
[nasa] C-1                                chronos_base_quantile    default  vus=0.18317 affil=0.67862 (0.9s)
[nasa] C-1                                timesfm_resid            default  vus=0.25023 affil=0.85833 (9.8s)
[nasa] C-1                                timesfm_quantile         default  vus=0.19996 affil=0.68135 (9.8s)
[nasa] C-1                                tirex_resid              default  vus=0.25137 affil=0.85579 (13.4s)
[nasa] C-1                                tirex_quantile           default  vus=0.18986 affil=0.69112 (13.4s)
[nasa] C-1                                iforest                  default  vus=0.22277 affil=0.71747 (1.41s)
[nasa] C-1                                lof                      default  vus=0.19601 affil=0.67587 (0.49s)
[nasa] C-1                                knn                      default  vus=0.20125 affil=0.68072 (0.28s)
[nasa] C-1                                ae                       default  vus=0.53916 affil=0.76588 (1.49s)
[nasa] C-2                                chronos_small_resid      default  vus=0.22291 affil=0.87166 (0.6s)
[nasa] C-2                                chronos_small_quantile   default  vus=0.09056 affil=0.64737 (0.6s)
[nasa] C-2                                chronos_base_resid       default  vus=0.24147 affil=0.84413 (0.8s)
[nasa] C-2                                chronos_base_quantile    default  vus=0.12854 affil=0.7124 (0.8s)
[nasa] C-2                                timesfm_resid            default  vus=0.13831 affil=0.7522 (9.4s)
[nasa] C-2                                timesfm_quantile         default  vus=0.09689 affil=0.74093 (9.4s)
[nasa] C-2                                tirex_resid              default  vus=0.19358 affil=0.77712 (12.7s)
[nasa] C-2                                tirex_quantile           default  vus=0.09401 affil=0.66022 (12.7s)
[nasa] C-2                                iforest                  default  vus=0.12368 affil=0.73549 (1.29s)
[nasa] C-2                                lof                      default  vus=0.68052 affil=0.77125 (0.23s)
[nasa] C-2                                knn                      default  vus=0.68035 affil=0.77304 (0.15s)
[nasa] C-2                                ae                       default  vus=0.68261 affil=0.77372 (0.71s)
[nasa] T-12                               chronos_small_resid      default  vus=0.15963 affil=0.96281 (0.6s)
[nasa] T-12                               chronos_small_quantile   default  vus=0.1383 affil=0.69241 (0.6s)
[nasa] T-12                               chronos_base_resid       default  vus=0.13911 affil=0.97377 (0.9s)
[nasa] T-12                               chronos_base_quantile    default  vus=0.14915 affil=0.74841 (0.9s)
[nasa] T-12                               timesfm_resid            default  vus=0.07076 affil=0.75116 (11.6s)
[nasa] T-12                               timesfm_quantile         default  vus=0.15884 affil=0.72166 (11.6s)
[nasa] T-12                               tirex_resid              default  vus=0.12939 affil=0.93371 (12.7s)
[nasa] T-12                               tirex_quantile           default  vus=0.09497 affil=0.94888 (12.7s)
[nasa] T-12                               iforest                  default  vus=0.12541 affil=0.91494 (1.31s)
[nasa] T-12                               lof                      default  vus=0.24277 affil=0.73307 (0.3s)
[nasa] T-12                               knn                      default  vus=0.24157 affil=0.73307 (0.2s)
[nasa] T-12                               ae                       default  vus=0.74074 affil=0.99425 (0.92s)
[nasa] T-13                               chronos_small_resid      default  vus=0.20443 affil=0.78142 (0.6s)
[nasa] T-13                               chronos_small_quantile   default  vus=0.15648 affil=0.71435 (0.6s)
[nasa] T-13                               chronos_base_resid       default  vus=0.22363 affil=0.78334 (0.9s)
[nasa] T-13                               chronos_base_quantile    default  vus=0.19386 affil=0.9498 (0.9s)
[nasa] T-13                               timesfm_resid            default  vus=0.18784 affil=0.75309 (9.8s)
[nasa] T-13                               timesfm_quantile         default  vus=0.20498 affil=0.76559 (9.8s)
[nasa] T-13                               tirex_resid              default  vus=0.23978 affil=0.86389 (11.7s)
[nasa] T-13                               tirex_quantile           default  vus=0.17097 affil=0.67837 (11.7s)
[nasa] T-13                               iforest                  default  vus=0.17958 affil=0.68694 (1.33s)
[nasa] T-13                               lof                      default  vus=0.56367 affil=0.92931 (0.33s)
[nasa] T-13                               knn                      default  vus=0.56258 affil=0.92931 (0.17s)
[nasa] T-13                               ae                       default  vus=0.61969 affil=0.97932 (0.92s)
[nasa] F-4                                chronos_small_resid      default  vus=0.04618 affil=0.67259 (0.8s)
[nasa] F-4                                chronos_small_quantile   default  vus=0.05512 affil=0.69573 (0.8s)
[nasa] F-4                                chronos_base_resid       default  vus=0.03773 affil=0.64837 (1.0s)
[nasa] F-4                                chronos_base_quantile    default  vus=0.0495 affil=0.70724 (1.0s)
[nasa] F-4                                timesfm_resid            default  vus=0.02884 affil=0.73776 (13.8s)
[nasa] F-4                                timesfm_quantile         default  vus=0.06324 affil=0.6969 (13.8s)
[nasa] F-4                                tirex_resid              default  vus=0.03362 affil=0.66901 (19.4s)
[nasa] F-4                                tirex_quantile           default  vus=0.05431 affil=0.70212 (19.4s)
[nasa] F-4                                iforest                  default  vus=0.12196 affil=0.8687 (1.52s)
[nasa] F-4                                lof                      default  vus=0.04525 affil=0.65735 (0.55s)
[nasa] F-4                                knn                      default  vus=0.04714 affil=0.65839 (0.33s)
[nasa] F-4                                ae                       default  vus=0.06554 affil=0.61658 (1.64s)
[nasa] F-5                                chronos_small_resid      default  vus=0.05077 affil=0.65337 (0.8s)
[nasa] F-5                                chronos_small_quantile   default  vus=0.0804 affil=0.74919 (0.8s)
[nasa] F-5                                chronos_base_resid       default  vus=0.04921 affil=0.64343 (1.2s)
[nasa] F-5                                chronos_base_quantile    default  vus=0.07645 affil=0.70588 (1.2s)
[nasa] F-5                                timesfm_resid            default  vus=0.06358 affil=0.65568 (16.5s)
[nasa] F-5                                timesfm_quantile         default  vus=0.07449 affil=0.74143 (16.5s)
[nasa] F-5                                tirex_resid              default  vus=0.05123 affil=0.65102 (15.0s)
[nasa] F-5                                tirex_quantile           default  vus=0.06466 affil=0.70009 (15.0s)
[nasa] F-5                                iforest                  default  vus=0.81508 affil=0.99986 (1.21s)
[nasa] F-5                                lof                      default  vus=0.05959 affil=0.64259 (0.64s)
[nasa] F-5                                knn                      default  vus=0.06154 affil=0.6425 (0.34s)
[nasa] F-5                                ae                       default  vus=0.04644 affil=0.60035 (1.49s)
[nasa] D-14                               chronos_small_resid      default  vus=0.22293 affil=0.77896 (0.4s)
[nasa] D-14                               chronos_small_quantile   default  vus=0.13739 affil=0.71783 (0.4s)
[nasa] D-14                               chronos_base_resid       default  vus=0.16688 affil=0.70916 (0.7s)
[nasa] D-14                               chronos_base_quantile    default  vus=0.13329 affil=0.7395 (0.7s)
[nasa] D-14                               timesfm_resid            default  vus=0.15864 affil=0.73428 (9.2s)
[nasa] D-14                               timesfm_quantile         default  vus=0.16546 affil=0.83771 (9.2s)
[nasa] D-14                               tirex_resid              default  vus=0.18545 affil=0.72675 (8.8s)
[nasa] D-14                               tirex_quantile           default  vus=0.13195 affil=0.69532 (8.8s)
[nasa] D-14                               iforest                  default  vus=0.07056 affil=0.39083 (1.36s)
[nasa] D-14                               iforest                  tuned    vus=0.07206 affil=0.40174 (0.92s)
[nasa] D-14                               lof                      default  vus=0.85054 affil=0.9877 (0.71s)
[nasa] D-14                               lof                      tuned    vus=0.85054 affil=0.9877 (1.16s)
[nasa] D-14                               knn                      default  vus=0.89114 affil=0.98972 (0.45s)
[nasa] D-14                               knn                      tuned    vus=0.84402 affil=0.99811 (0.98s)
[nasa] D-14                               ae                       default  vus=0.95873 affil=0.98038 (1.8s)
[nasa] D-14                               ae                       tuned    vus=0.93519 affil=0.99499 (3.52s)
[nasa] T-9                                chronos_small_resid      default  vus=0.50568 affil=0.95208 (0.4s)
[nasa] T-9                                chronos_small_quantile   default  vus=0.22929 affil=0.81195 (0.4s)
[nasa] T-9                                chronos_base_resid       default  vus=0.51799 affil=0.95208 (0.2s)
[nasa] T-9                                chronos_base_quantile    default  vus=0.25022 affil=0.79445 (0.2s)
[nasa] T-9                                timesfm_resid            default  vus=0.51261 affil=0.95208 (4.7s)
[nasa] T-9                                timesfm_quantile         default  vus=0.23719 affil=0.75311 (4.7s)
[nasa] T-9                                tirex_resid              default  vus=0.4979 affil=0.95208 (4.9s)
[nasa] T-9                                tirex_quantile           default  vus=0.21939 affil=0.75826 (4.9s)
[nasa] T-9                                iforest                  default  vus=0.09354 affil=0.39199 (0.94s)
[nasa] T-9                                lof                      default  vus=0.84731 affil=0.90003 (0.13s)
[nasa] T-9                                knn                      default  vus=0.84449 affil=0.89837 (0.08s)
[nasa] T-9                                ae                       default  vus=0.63303 affil=0.96849 (0.42s)
[nasa] P-14                               chronos_small_resid      default  vus=0.04643 affil=0.70816 (0.8s)
[nasa] P-14                               chronos_small_quantile   default  vus=0.08561 affil=0.84185 (0.8s)
[nasa] P-14                               chronos_base_resid       default  vus=0.04391 affil=0.69908 (1.4s)
[nasa] P-14                               chronos_base_quantile    default  vus=0.08333 affil=0.80759 (1.4s)
[nasa] P-14                               timesfm_resid            default  vus=0.0483 affil=0.70782 (21.1s)
[nasa] P-14                               timesfm_quantile         default  vus=0.1128 affil=0.80857 (21.1s)
[nasa] P-14                               tirex_resid              default  vus=0.04376 affil=0.64101 (25.4s)
[nasa] P-14                               tirex_quantile           default  vus=0.08075 affil=0.75799 (25.4s)
[nasa] P-14                               iforest                  default  vus=0.04283 affil=0.68968 (1.55s)
[nasa] P-14                               iforest                  tuned    vus=0.04037 affil=0.62427 (1.81s)
[nasa] P-14                               lof                      default  vus=0.52065 affil=0.99493 (0.81s)
[nasa] P-14                               lof                      tuned    vus=0.52065 affil=0.99493 (1.44s)
[nasa] P-14                               knn                      default  vus=0.54432 affil=0.99653 (0.66s)
[nasa] P-14                               knn                      tuned    vus=0.54432 affil=0.99653 (1.11s)
[nasa] P-14                               ae                       default  vus=0.63956 affil=0.99579 (2.21s)
[nasa] P-14                               ae                       tuned    vus=0.63966 affil=0.99579 (2.49s)
[nasa] T-8                                chronos_small_resid      default  vus=0.14913 affil=0.73188 (0.4s)
[nasa] T-8                                chronos_small_quantile   default  vus=0.10391 affil=0.6791 (0.4s)
[nasa] T-8                                chronos_base_resid       default  vus=0.17341 affil=0.75305 (0.8s)
[nasa] T-8                                chronos_base_quantile    default  vus=0.11265 affil=0.73313 (0.8s)
[nasa] T-8                                timesfm_resid            default  vus=0.13407 affil=0.7497 (5.9s)
[nasa] T-8                                timesfm_quantile         default  vus=0.09897 affil=0.68159 (5.9s)
[nasa] T-8                                tirex_resid              default  vus=0.12437 affil=0.73036 (12.1s)
[nasa] T-8                                tirex_quantile           default  vus=0.10305 affil=0.68821 (12.1s)
[nasa] T-8                                iforest                  default  vus=0.46961 affil=0.86118 (1.11s)
[nasa] T-8                                lof                      default  vus=0.80939 affil=0.98759 (0.2s)
[nasa] T-8                                knn                      default  vus=0.80835 affil=0.98686 (0.12s)
[nasa] T-8                                ae                       default  vus=0.10762 affil=0.61844 (0.65s)
[nasa] P-11                               chronos_small_resid      default  vus=0.11228 affil=0.66512 (0.7s)
[nasa] P-11                               chronos_small_quantile   default  vus=0.12765 affil=0.71601 (0.7s)
[nasa] P-11                               chronos_base_resid       default  vus=0.12851 affil=0.67462 (1.1s)
[nasa] P-11                               chronos_base_quantile    default  vus=0.13933 affil=0.7234 (1.1s)
[nasa] P-11                               timesfm_resid            default  vus=0.11168 affil=0.69486 (14.5s)
[nasa] P-11                               timesfm_quantile         default  vus=0.12446 affil=0.71727 (14.5s)
[nasa] P-11                               tirex_resid              default  vus=0.1159 affil=0.67395 (15.8s)
[nasa] P-11                               tirex_quantile           default  vus=0.11321 affil=0.69577 (15.8s)
[nasa] P-11                               iforest                  default  vus=0.61004 affil=0.91549 (1.36s)
[nasa] P-11                               iforest                  tuned    vus=0.56289 affil=0.82965 (1.27s)
[nasa] P-11                               lof                      default  vus=0.09101 affil=0.65457 (0.99s)
