dataset,series,detector,custom_vus_pr,reference_vus_pr
ucr,001_UCR_Anomaly_DISTORTED1sddb40_35000_52000_52620,knn,0.3077652259546886,0.3418032736820434
ucr,001_UCR_Anomaly_DISTORTED1sddb40_35000_52000_52620,lof,0.040120165919816174,0.042396454716801826
ucr,001_UCR_Anomaly_DISTORTED1sddb40_35000_52000_52620,ae,0.03655601473481331,0.03771142268664601
ucr,001_UCR_Anomaly_DISTORTED1sddb40_35000_52000_52620,iforest,0.25591205401599704,0.30190654173926706
ucr,001_UCR_Anomaly_DISTORTED1sddb40_35000_52000_52620,timesfm_resid,0.028052133222640774,0.028111369899259667
ucr,001_UCR_Anomaly_DISTORTED1sddb40_35000_52000_52620,tirex_resid,0.021803623989430164,0.021595413786125617
ucr,001_UCR_Anomaly_DISTORTED1sddb40_35000_52000_52620,chronos_base_resid,0.025201544250592366,0.024927572533455247
ucr,001_UCR_Anomaly_DISTORTED1sddb40_35000_52000_52620,chronos_small_resid,0.02397835132223917,0.023587705053842355
ucr,005_UCR_Anomaly_DISTORTEDCIMIS44AirTemperature1_4000_5391_5392,knn,0.00445382200330538,0.0028962194608731433
ucr,005_UCR_Anomaly_DISTORTEDCIMIS44AirTemperature1_4000_5391_5392,lof,0.002305001945788675,0.0016618941715697243
ucr,005_UCR_Anomaly_DISTORTEDCIMIS44AirTemperature1_4000_5391_5392,ae,0.1637143579373104,0.09525571231865011
ucr,005_UCR_Anomaly_DISTORTEDCIMIS44AirTemperature1_4000_5391_5392,iforest,0.0011989001283306498,0.0008827408715537828
ucr,005_UCR_Anomaly_DISTORTEDCIMIS44AirTemperature1_4000_5391_5392,timesfm_resid,0.005108695067533843,0.010284716927816984
ucr,005_UCR_Anomaly_DISTORTEDCIMIS44AirTemperature1_4000_5391_5392,tirex_resid,0.0015793848720463417,0.0019812020897935724
ucr,005_UCR_Anomaly_DISTORTEDCIMIS44AirTemperature1_4000_5391_5392,chronos_base_resid,0.002639788367403038,0.00517059331222308
ucr,005_UCR_Anomaly_DISTORTEDCIMIS44AirTemperature1_4000_5391_5392,chronos_small_resid,0.004399771335881757,0.005117839555551233
ucr,009_UCR_Anomaly_DISTORTEDCIMIS44AirTemperature5_4000_4852_4900,knn,0.734638942801425,0.8427179848149275
ucr,009_UCR_Anomaly_DISTORTEDCIMIS44AirTemperature5_4000_4852_4900,lof,0.3056324105132422,0.33474745324201904
ucr,009_UCR_Anomaly_DISTORTEDCIMIS44AirTemperature5_4000_4852_4900,ae,0.9498186811129687,0.995108374622988
ucr,009_UCR_Anomaly_DISTORTEDCIMIS44AirTemperature5_4000_4852_4900,iforest,0.07878074289286247,0.07085525960265339
ucr,009_UCR_Anomaly_DISTORTEDCIMIS44AirTemperature5_4000_4852_4900,timesfm_resid,0.07369743965515498,0.09237214624331423
ucr,009_UCR_Anomaly_DISTORTEDCIMIS44AirTemperature5_4000_4852_4900,tirex_resid,0.06186436205528552,0.08051046989932525
ucr,009_UCR_Anomaly_DISTORTEDCIMIS44AirTemperature5_4000_4852_4900,chronos_base_resid,0.06341307188195547,0.08209659468302044
ucr,009_UCR_Anomaly_DISTORTEDCIMIS44AirTemperature5_4000_4852_4900,chronos_small_resid,0.07930949283898914,0.10906113518962333
ucr,014_UCR_Anomaly_DISTORTEDECG3_8000_17000_17100,knn,0.2794959005141863,0.401008718423625
ucr,014_UCR_Anomaly_DISTORTEDECG3_8000_17000_17100,lof,0.6421361302885598,0.818875077701353
ucr,014_UCR_Anomaly_DISTORTEDECG3_8000_17000_17100,ae,0.09113012326018681,0.12511923015538037
ucr,014_UCR_Anomaly_DISTORTEDECG3_8000_17000_17100,iforest,0.004956530544855328,0.0038820126622425965
ucr,014_UCR_Anomaly_DISTORTEDECG3_8000_17000_17100,timesfm_resid,0.018419612252804828,0.021222122784241383
ucr,014_UCR_Anomaly_DISTORTEDECG3_8000_17000_17100,tirex_resid,0.009899820723642584,0.010054187435067868
ucr,014_UCR_Anomaly_DISTORTEDECG3_8000_17000_17100,chronos_base_resid,0.017668007384508515,0.020180852698201593
ucr,014_UCR_Anomaly_DISTORTEDECG3_8000_17000_17100,chronos_small_resid,0.016525593437399438,0.019038975944448
ucr,018_UCR_Anomaly_DISTORTEDECG4_8000_17000_17100,knn,0.4611452972522361,0.7416728240480083
ucr,018_UCR_Anomaly_DISTORTEDECG4_8000_17000_17100,lof,0.7312535149578235,0.8924313806784985
ucr,018_UCR_Anomaly_DISTORTEDECG4_8000_17000_17100,ae,0.009156100893629919,0.009553131710801285
ucr,018_UCR_Anomaly_DISTORTEDECG4_8000_17000_17100,iforest,0.004992829452946946,0.0038747709202558373
ucr,018_UCR_Anomaly_DISTORTEDECG4_8000_17000_17100,timesfm_resid,0.010044328895318044,0.010469085745790136
ucr,018_UCR_Anomaly_DISTORTEDECG4_8000_17000_17100,tirex_resid,0.005901364919634696,0.005380121331560629
ucr,018_UCR_Anomaly_DISTORTEDECG4_8000_17000_17100,chronos_base_resid,0.011557312112701414,0.01253936619095978
ucr,018_UCR_Anomaly_DISTORTEDECG4_8000_17000_17100,chronos_small_resid,0.012518628446857734,0.013744098737858826
ucr,022_UCR_Anomaly_DISTORTEDGP711MarkerLFM5z4_4000_6527_6645,knn,0.8975814941456208,0.9985120758946037
ucr,022_UCR_Anomaly_DISTORTEDGP711MarkerLFM5z4_4000_6527_6645,lof,0.9228152518635054,0.9879767695295482
ucr,022_UCR_Anomaly_DISTORTEDGP711MarkerLFM5z4_4000_6527_6645,ae,0.9075237006571082,0.9974642430729008
ucr,022_UCR_Anomaly_DISTORTEDGP711MarkerLFM5z4_4000_6527_6645,iforest,0.3337860835725235,0.5015618730715122
ucr,022_UCR_Anomaly_DISTORTEDGP711MarkerLFM5z4_4000_6527_6645,timesfm_resid,0.10718598839290902,0.14549173159175055
ucr,022_UCR_Anomaly_DISTORTEDGP711MarkerLFM5z4_4000_6527_6645,tirex_resid,0.1904487705013122,0.27460185531756504
ucr,022_UCR_Anomaly_DISTORTEDGP711MarkerLFM5z4_4000_6527_6645,chronos_base_resid,0.041069922810106366,0.04572673764275284
ucr,022_UCR_Anomaly_DISTORTEDGP711MarkerLFM5z4_4000_6527_6645,chronos_small_resid,0.03794857858330403,0.0409622622062795
ucr,026_UCR_Anomaly_DISTORTEDInternalBleeding15_1700_5684_5854,knn,0.7531626658763215,0.9657110141862332
ucr,026_UCR_Anomaly_DISTORTEDInternalBleeding15_1700_5684_5854,lof,0.2342629380681459,0.31469612149256593
ucr,026_UCR_Anomaly_DISTORTEDInternalBleeding15_1700_5684_5854,ae,0.05144235891259497,0.053486796583126196
ucr,026_UCR_Anomaly_DISTORTEDInternalBleeding15_1700_5684_5854,iforest,0.09330331350776744,0.11087281414812485
ucr,026_UCR_Anomaly_DISTORTEDInternalBleeding15_1700_5684_5854,timesfm_resid,0.07180442906988055,0.07621173304797302
ucr,026_UCR_Anomaly_DISTORTEDInternalBleeding15_1700_5684_5854,tirex_resid,0.06171312631324098,0.0641860356412488
ucr,026_UCR_Anomaly_DISTORTEDInternalBleeding15_1700_5684_5854,chronos_base_resid,0.04763648493961883,0.04553004970552261
ucr,026_UCR_Anomaly_DISTORTEDInternalBleeding15_1700_5684_5854,chronos_small_resid,0.053163239794370334,0.051734010650831094
ucr,031_UCR_Anomaly_DISTORTEDInternalBleeding20_2700_5759_5919,knn,0.7017549917954693,0.8869843382087892
ucr,031_UCR_Anomaly_DISTORTEDInternalBleeding20_2700_5759_5919,lof,0.1839712383139025,0.17919710412394352
ucr,031_UCR_Anomaly_DISTORTEDInternalBleeding20_2700_5759_5919,ae,0.6760171619095199,0.8995015062844572
ucr,031_UCR_Anomaly_DISTORTEDInternalBleeding20_2700_5759_5919,iforest,0.1063923246774664,0.11477838437976949
ucr,031_UCR_Anomaly_DISTORTEDInternalBleeding20_2700_5759_5919,timesfm_resid,0.14362676669460311,0.15369757725863717
ucr,031_UCR_Anomaly_DISTORTEDInternalBleeding20_2700_5759_5919,tirex_resid,0.10290779877611642,0.10982179900034758
ucr,031_UCR_Anomaly_DISTORTEDInternalBleeding20_2700_5759_5919,chronos_base_resid,0.059389523619534465,0.05782152354115982
ucr,031_UCR_Anomaly_DISTORTEDInternalBleeding20_2700_5759_5919,chronos_small_resid,0.055922390771855505,0.054704321573906124
ucr,035_UCR_Anomaly_DISTORTEDInternalBleeding8_2500_5865_5974,knn,0.12336214751661617,0.14229958394952372
ucr,035_UCR_Anomaly_DISTORTEDInternalBleeding8_2500_5865_5974,lof,0.03497865712164805,0.03578022753422203
ucr,035_UCR_Anomaly_DISTORTEDInternalBleeding8_2500_5865_5974,ae,0.028261368568698268,0.028154338890445343
ucr,035_UCR_Anomaly_DISTORTEDInternalBleeding8_2500_5865_5974,iforest,0.03200864546637053,0.030536193880866792
ucr,035_UCR_Anomaly_DISTORTEDInternalBleeding8_2500_5865_5974,timesfm_resid,0.06254833280342109,0.07247610074875802
ucr,035_UCR_Anomaly_DISTORTEDInternalBleeding8_2500_5865_5974,tirex_resid,0.13179992499396592,0.1738276984768171
ucr,035_UCR_Anomaly_DISTORTEDInternalBleeding8_2500_5865_5974,chronos_base_resid,0.05893420940468972,0.06133391734485762
ucr,035_UCR_Anomaly_DISTORTEDInternalBleeding8_2500_5865_5974,chronos_small_resid,0.034728698225033314,0.03207905329732603
ucr,039_UCR_Anomaly_DISTORTEDLab2Cmac011215EPG3_5000_16390_16420,knn,0.2563039049278385,0.2588286832069403
ucr,039_UCR_Anomaly_DISTORTEDLab2Cmac011215EPG3_5000_16390_16420,lof,0.33162709376363364,0.40062118277724285
ucr,039_UCR_Anomaly_DISTORTEDLab2Cmac011215EPG3_5000_16390_16420,ae,0.3218325891343008,0.4377893283456619
ucr,039_UCR_Anomaly_DISTORTEDLab2Cmac011215EPG3_5000_16390_16420,iforest,0.30809433201025915,0.4048990875261643
ucr,039_UCR_Anomaly_DISTORTEDLab2Cmac011215EPG3_5000_16390_16420,timesfm_resid,0.006031754648620963,0.008516252452813
ucr,039_UCR_Anomaly_DISTORTEDLab2Cmac011215EPG3_5000_16390_16420,tirex_resid,0.005285616971325607,0.006925093227185131
ucr,039_UCR_Anomaly_DISTORTEDLab2Cmac011215EPG3_5000_16390_16420,chronos_base_resid,0.003483109274483364,0.004066514985663664
ucr,039_UCR_Anomaly_DISTORTEDLab2Cmac011215EPG3_5000_16390_16420,chronos_small_resid,0.003734319596579124,0.004506443365698578
ucr,043_UCR_Anomaly_DISTORTEDMesoplodonDensirostris_10000_19280_19440,knn,0.7012627015997108,0.9096688179687176
ucr,043_UCR_Anomaly_DISTORTEDMesoplodonDensirostris_10000_19280_19440,lof,0.1221853125377188,0.1398997398960727
ucr,043_UCR_Anomaly_DISTORTEDMesoplodonDensirostris_10000_19280_19440,ae,0.6565326078099265,0.9021238288508985
ucr,043_UCR_Anomaly_DISTORTEDMesoplodonDensirostris_10000_19280_19440,iforest,0.03253196328255471,0.03088974747715372
ucr,043_UCR_Anomaly_DISTORTEDMesoplodonDensirostris_10000_19280_19440,timesfm_resid,0.03709485050009137,0.04378691254097789
ucr,043_UCR_Anomaly_DISTORTEDMesoplodonDensirostris_10000_19280_19440,tirex_resid,0.030420934400837558,0.03540288373528689
ucr,043_UCR_Anomaly_DISTORTEDMesoplodonDensirostris_10000_19280_19440,chronos_base_resid,0.024904203296683823,0.026163745279610143
ucr,043_UCR_Anomaly_DISTORTEDMesoplodonDensirostris_10000_19280_19440,chronos_small_resid,0.02649826684682412,0.027164419519589086
ucr,047_UCR_Anomaly_DISTORTEDPowerDemand4_18000_24005_24077,knn,0.8264283745464996,0.9799454355943561
ucr,047_UCR_Anomaly_DISTORTEDPowerDemand4_18000_24005_24077,lof,0.8342500088205397,0.9799454355943561
ucr,047_UCR_Anomaly_DISTORTEDPowerDemand4_18000_24005_24077,ae,0.8704504710891585,0.9797440170542268
ucr,047_UCR_Anomaly_DISTORTEDPowerDemand4_18000_24005_24077,iforest,0.010209421723114332,0.008282750025822077
ucr,047_UCR_Anomaly_DISTORTEDPowerDemand4_18000_24005_24077,timesfm_resid,0.04646356334789601,0.060270986593137045
ucr,047_UCR_Anomaly_DISTORTEDPowerDemand4_18000_24005_24077,tirex_resid,0.06621910189131816,0.09326016177892578
ucr,047_UCR_Anomaly_DISTORTEDPowerDemand4_18000_24005_24077,chronos_base_resid,0.08407885771798784,0.11390859628876612
ucr,047_UCR_Anomaly_DISTORTEDPowerDemand4_18000_24005_24077,chronos_small_resid,0.06992145203599537,0.09158278647046826
ucr,052_UCR_Anomaly_DISTORTEDTkeepThirdMARS_3500_4711_4809,knn,0.8537138810515144,0.90888018303873
ucr,052_UCR_Anomaly_DISTORTEDTkeepThirdMARS_3500_4711_4809,lof,0.767041176601212,0.8096439590576299
ucr,052_UCR_Anomaly_DISTORTEDTkeepThirdMARS_3500_4711_4809,ae,0.17020895232396882,0.17652475429853712
ucr,052_UCR_Anomaly_DISTORTEDTkeepThirdMARS_3500_4711_4809,iforest,0.03657348489066143,0.03598098781862981
ucr,052_UCR_Anomaly_DISTORTEDTkeepThirdMARS_3500_4711_4809,timesfm_resid,0.06804852339479994,0.08761774949139951
ucr,052_UCR_Anomaly_DISTORTEDTkeepThirdMARS_3500_4711_4809,tirex_resid,0.09342155112248512,0.13751560868484625
ucr,052_UCR_Anomaly_DISTORTEDTkeepThirdMARS_3500_4711_4809,chronos_base_resid,0.2711640420102903,0.37515739119261793
ucr,052_UCR_Anomaly_DISTORTEDTkeepThirdMARS_3500_4711_4809,chronos_small_resid,0.048131066042486084,0.05693254451229559
ucr,056_UCR_Anomaly_DISTORTEDapneaecg3_5000_11111_11211,knn,0.009730674403031676,0.007740349401407818
ucr,056_UCR_Anomaly_DISTORTEDapneaecg3_5000_11111_11211,lof,0.006327467006666379,0.005489372206957732
ucr,056_UCR_Anomaly_DISTORTEDapneaecg3_5000_11111_11211,ae,0.007656385542509136,0.006926199722325827
ucr,056_UCR_Anomaly_DISTORTEDapneaecg3_5000_11111_11211,iforest,0.006766975012850857,0.005795469359514333
ucr,056_UCR_Anomaly_DISTORTEDapneaecg3_5000_11111_11211,timesfm_resid,0.0051663580781971755,0.005082846890661368
ucr,056_UCR_Anomaly_DISTORTEDapneaecg3_5000_11111_11211,tirex_resid,0.005674362548274986,0.005572267034505913
ucr,056_UCR_Anomaly_DISTORTEDapneaecg3_5000_11111_11211,chronos_base_resid,0.004855610298083727,0.004683097134234492
ucr,056_UCR_Anomaly_DISTORTEDapneaecg3_5000_11111_11211,chronos_small_resid,0.004793686133088323,0.00466932339043299
ucr,060_UCR_Anomaly_DISTORTEDgait2_22000_46500_46800,knn,0.21436499424163305,0.3098074741505988
ucr,060_UCR_Anomaly_DISTORTEDgait2_22000_46500_46800,lof,0.21976275418527375,0.3121939882817904
ucr,060_UCR_Anomaly_DISTORTEDgait2_22000_46500_46800,ae,0.021344640892676844,0.02548641052760037
ucr,060_UCR_Anomaly_DISTORTEDgait2_22000_46500_46800,iforest,0.018824507678448565,0.020106130679042055
ucr,060_UCR_Anomaly_DISTORTEDgait2_22000_46500_46800,timesfm_resid,0.016730821120366862,0.01718025984015849
ucr,060_UCR_Anomaly_DISTORTEDgait2_22000_46500_46800,tirex_resid,0.010796410263813765,0.010506089270117909
ucr,060_UCR_Anomaly_DISTORTEDgait2_22000_46500_46800,chronos_base_resid,0.010687906489342543,0.010350595287614851
ucr,060_UCR_Anomaly_DISTORTEDgait2_22000_46500_46800,chronos_small_resid,0.00970171495298447,0.009229882245853345
ucr,064_UCR_Anomaly_DISTORTEDgaitHunt3_23400_38400_39200,knn,0.5552794732412187,0.6015131483933712
ucr,064_UCR_Anomaly_DISTORTEDgaitHunt3_23400_38400_39200,lof,0.48358526371840727,0.5513361263588888
ucr,064_UCR_Anomaly_DISTORTEDgaitHunt3_23400_38400_39200,ae,0.17076744506429564,0.191738841723417
ucr,064_UCR_Anomaly_DISTORTEDgaitHunt3_23400_38400_39200,iforest,0.069682908905606,0.07156167561064743
ucr,064_UCR_Anomaly_DISTORTEDgaitHunt3_23400_38400_39200,timesfm_resid,0.029132071328273352,0.028990550684782564
ucr,064_UCR_Anomaly_DISTORTEDgaitHunt3_23400_38400_39200,tirex_resid,0.023826020510731155,0.02340889499761199
ucr,064_UCR_Anomaly_DISTORTEDgaitHunt3_23400_38400_39200,chronos_base_resid,0.024674336223804785,0.02419271526740166
ucr,064_UCR_Anomaly_DISTORTEDgaitHunt3_23400_38400_39200,chronos_small_resid,0.02566808942564916,0.025319057173952997
ucr,069_UCR_Anomaly_DISTORTEDinsectEPG5_3200_8500_8501,knn,0.10449801587301588,0.047875185634320874
ucr,069_UCR_Anomaly_DISTORTEDinsectEPG5_3200_8500_8501,lof,0.10449801587301588,0.04923364392176636
ucr,069_UCR_Anomaly_DISTORTEDinsectEPG5_3200_8500_8501,ae,0.11261780538302277,0.05810815281664798
ucr,069_UCR_Anomaly_DISTORTEDinsectEPG5_3200_8500_8501,iforest,0.09698184955141477,0.048894390349840576
ucr,069_UCR_Anomaly_DISTORTEDinsectEPG5_3200_8500_8501,timesfm_resid,0.0013143277011814392,0.0012682468382920217
ucr,069_UCR_Anomaly_DISTORTEDinsectEPG5_3200_8500_8501,tirex_resid,0.001305913318734907,0.0008366117191680111
ucr,069_UCR_Anomaly_DISTORTEDinsectEPG5_3200_8500_8501,chronos_base_resid,0.0006089227753389746,0.00046940978518571495
ucr,069_UCR_Anomaly_DISTORTEDinsectEPG5_3200_8500_8501,chronos_small_resid,0.0005783036564634397,0.0004252823975733908
ucr,073_UCR_Anomaly_DISTORTEDpark3m_60000_72150_72495,knn,0.37493338094153633,0.48113464495844405
ucr,073_UCR_Anomaly_DISTORTEDpark3m_60000_72150_72495,lof,0.3518076370684321,0.47996760938038285
ucr,073_UCR_Anomaly_DISTORTEDpark3m_60000_72150_72495,ae,0.059948391951859546,0.06790052150148494
ucr,073_UCR_Anomaly_DISTORTEDpark3m_60000_72150_72495,iforest,0.12533589596732875,0.1501448973674595
ucr,073_UCR_Anomaly_DISTORTEDpark3m_60000_72150_72495,timesfm_resid,0.017797304686467837,0.018786556690459096
ucr,073_UCR_Anomaly_DISTORTEDpark3m_60000_72150_72495,tirex_resid,0.016622612530821743,0.017261222650474403
ucr,073_UCR_Anomaly_DISTORTEDpark3m_60000_72150_72495,chronos_base_resid,0.01918755263639879,0.020185270837940764
ucr,073_UCR_Anomaly_DISTORTEDpark3m_60000_72150_72495,chronos_small_resid,0.01846949166468985,0.019250817958265616
ucr,077_UCR_Anomaly_DISTORTEDresperation11_58000_110800_110801,knn,0.10184420289855071,0.141733573859131
ucr,077_UCR_Anomaly_DISTORTEDresperation11_58000_110800_110801,lof,0.005797101449275363,0.005804111503286925
ucr,077_UCR_Anomaly_DISTORTEDresperation11_58000_110800_110801,ae,0.08773188405797101,0.16389970532210768
ucr,077_UCR_Anomaly_DISTORTEDresperation11_58000_110800_110801,iforest,0.0002783656852254405,0.00018438277864847423
ucr,077_UCR_Anomaly_DISTORTEDresperation11_58000_110800_110801,timesfm_resid,0.0015959233070545846,0.002569983994995942
ucr,077_UCR_Anomaly_DISTORTEDresperation11_58000_110800_110801,tirex_resid,0.004602913725865726,0.004745194038799007
ucr,077_UCR_Anomaly_DISTORTEDresperation11_58000_110800_110801,chronos_base_resid,0.0034392359089553785,0.004745194038799007
ucr,077_UCR_Anomaly_DISTORTEDresperation11_58000_110800_110801,chronos_small_resid,0.0034124072661922446,0.004745194038799007
ucr,081_UCR_Anomaly_DISTORTEDresperation3_45000_158250_158251,knn,2.239428135140663e-05,1.8420162513481377e-05
ucr,081_UCR_Anomaly_DISTORTEDresperation3_45000_158250_158251,lof,2.7495843051789217e-05,2.1686085231622435e-05
ucr,081_UCR_Anomaly_DISTORTEDresperation3_45000_158250_158251,ae,1.8165513471147088e-05,1.226456727945283e-05
ucr,081_UCR_Anomaly_DISTORTEDresperation3_45000_158250_158251,iforest,2.9972649956914316e-05,2.4268062034649162e-05
ucr,081_UCR_Anomaly_DISTORTEDresperation3_45000_158250_158251,timesfm_resid,3.1088694656352186e-05,2.1661019113981995e-05
ucr,081_UCR_Anomaly_DISTORTEDresperation3_45000_158250_158251,tirex_resid,2.443804319781225e-05,1.7354215243200606e-05
ucr,081_UCR_Anomaly_DISTORTEDresperation3_45000_158250_158251,chronos_base_resid,2.6628800092290113e-05,1.8201081810453432e-05
ucr,081_UCR_Anomaly_DISTORTEDresperation3_45000_158250_158251,chronos_small_resid,3.4876940631660395e-05,2.547687803044575e-05
ucr,085_UCR_Anomaly_DISTORTEDs20101m_10000_35774_35874,knn,0.6003841987779526,0.8917405573781324
ucr,085_UCR_Anomaly_DISTORTEDs20101m_10000_35774_35874,lof,0.6154686445032787,0.8465017373572615
ucr,085_UCR_Anomaly_DISTORTEDs20101m_10000_35774_35874,ae,0.4368509531061283,0.650988755095828
ucr,085_UCR_Anomaly_DISTORTEDs20101m_10000_35774_35874,iforest,0.004416735486544955,0.004171504900472434
ucr,085_UCR_Anomaly_DISTORTEDs20101m_10000_35774_35874,timesfm_resid,0.008689344941094104,0.010035134604882557
ucr,085_UCR_Anomaly_DISTORTEDs20101m_10000_35774_35874,tirex_resid,0.00918553176253666,0.010367509389798232
ucr,085_UCR_Anomaly_DISTORTEDs20101m_10000_35774_35874,chronos_base_resid,0.00585939353223261,0.0061152995889458845
ucr,085_UCR_Anomaly_DISTORTEDs20101m_10000_35774_35874,chronos_small_resid,0.006728988598911929,0.007758649360150716
ucr,090_UCR_Anomaly_DISTORTEDtiltAPB2_50000_124159_124985,knn,0.1383055694554035,0.14774622121561676
ucr,090_UCR_Anomaly_DISTORTEDtiltAPB2_50000_124159_124985,lof,0.1312418116122661,0.14040096743217853
ucr,090_UCR_Anomaly_DISTORTEDtiltAPB2_50000_124159_124985,ae,0.3515100362068775,0.4333515211841687
ucr,090_UCR_Anomaly_DISTORTEDtiltAPB2_50000_124159_124985,iforest,0.018941859650357454,0.0189465252721284
ucr,090_UCR_Anomaly_DISTORTEDtiltAPB2_50000_124159_124985,timesfm_resid,0.018649284162385833,0.018745718110634482
ucr,090_UCR_Anomaly_DISTORTEDtiltAPB2_50000_124159_124985,tirex_resid,0.011874201306357156,0.01161706392332357
ucr,090_UCR_Anomaly_DISTORTEDtiltAPB2_50000_124159_124985,chronos_base_resid,0.012316364467599305,0.012167010687289712
ucr,090_UCR_Anomaly_DISTORTEDtiltAPB2_50000_124159_124985,chronos_small_resid,0.01245725454408372,0.012309239050629063
ucr,094_UCR_Anomaly_NOISEBIDMC1_2500_5400_5600,knn,0.7473287069370973,0.9675173037843201
ucr,094_UCR_Anomaly_NOISEBIDMC1_2500_5400_5600,lof,0.7551044428099418,0.9683253134238256
ucr,094_UCR_Anomaly_NOISEBIDMC1_2500_5400_5600,ae,0.7364317361788371,0.9562552092370594
ucr,094_UCR_Anomaly_NOISEBIDMC1_2500_5400_5600,iforest,0.49708762636814213,0.6769765931616504
ucr,094_UCR_Anomaly_NOISEBIDMC1_2500_5400_5600,timesfm_resid,0.2109090690214249,0.28630037140754605
ucr,094_UCR_Anomaly_NOISEBIDMC1_2500_5400_5600,tirex_resid,0.24814153663671112,0.34318322476932506
ucr,094_UCR_Anomaly_NOISEBIDMC1_2500_5400_5600,chronos_base_resid,0.10272090615218993,0.13268598702482165
ucr,094_UCR_Anomaly_NOISEBIDMC1_2500_5400_5600,chronos_small_resid,0.08873466064776238,0.11783994132436705
ucr,098_UCR_Anomaly_NOISEInternalBleeding16_1200_4187_4199,knn,0.06142156292832665,0.054754665377216884
ucr,098_UCR_Anomaly_NOISEInternalBleeding16_1200_4187_4199,lof,0.01331561542470909,0.012351300072646842
ucr,098_UCR_Anomaly_NOISEInternalBleeding16_1200_4187_4199,ae,0.025298114682137288,0.022589509569702664
ucr,098_UCR_Anomaly_NOISEInternalBleeding16_1200_4187_4199,iforest,0.010516725954951088,0.008937344351584659
ucr,098_UCR_Anomaly_NOISEInternalBleeding16_1200_4187_4199,timesfm_resid,0.008745641093469704,0.009709968078407153
ucr,098_UCR_Anomaly_NOISEInternalBleeding16_1200_4187_4199,tirex_resid,0.005814925563824251,0.006380676360287989
ucr,098_UCR_Anomaly_NOISEInternalBleeding16_1200_4187_4199,chronos_base_resid,0.0029703748845410624,0.0027465188903483284
ucr,098_UCR_Anomaly_NOISEInternalBleeding16_1200_4187_4199,chronos_small_resid,0.002406236716907975,0.0021296406263152786
ucr,102_UCR_Anomaly_NOISEMesoplodonDensirostris_10000_19280_19440,knn,0.6425595216659162,0.873817718730084
ucr,102_UCR_Anomaly_NOISEMesoplodonDensirostris_10000_19280_19440,lof,0.08204045973395274,0.09130091849312609
ucr,102_UCR_Anomaly_NOISEMesoplodonDensirostris_10000_19280_19440,ae,0.5935701486618128,0.8459799330654653
ucr,102_UCR_Anomaly_NOISEMesoplodonDensirostris_10000_19280_19440,iforest,0.029466776476157322,0.026938111969101595
ucr,102_UCR_Anomaly_NOISEMesoplodonDensirostris_10000_19280_19440,timesfm_resid,0.029819911179956783,0.034321042239953074
ucr,102_UCR_Anomaly_NOISEMesoplodonDensirostris_10000_19280_19440,tirex_resid,0.02584090251087997,0.027186022745669045
ucr,102_UCR_Anomaly_NOISEMesoplodonDensirostris_10000_19280_19440,chronos_base_resid,0.025852214995598366,0.02889015727659173
ucr,102_UCR_Anomaly_NOISEMesoplodonDensirostris_10000_19280_19440,chronos_small_resid,0.029739761709835746,0.033767898694274726
ucr,107_UCR_Anomaly_NOISEinsectEPG3_5200_7000_7050,knn,0.0121230857927959,0.009685068512421168
ucr,107_UCR_Anomaly_NOISEinsectEPG3_5200_7000_7050,lof,0.015536625522111266,0.01468658584943411
ucr,107_UCR_Anomaly_NOISEinsectEPG3_5200_7000_7050,ae,0.00911497407014459,0.0069627269319327174
ucr,107_UCR_Anomaly_NOISEinsectEPG3_5200_7000_7050,iforest,0.021031398966362955,0.016763967201448685
ucr,107_UCR_Anomaly_NOISEinsectEPG3_5200_7000_7050,timesfm_resid,0.012550289272013704,0.01103404983917795
ucr,107_UCR_Anomaly_NOISEinsectEPG3_5200_7000_7050,tirex_resid,0.015953898698031602,0.01481722958472836
ucr,107_UCR_Anomaly_NOISEinsectEPG3_5200_7000_7050,chronos_base_resid,0.013488831343601758,0.011972567245267582
ucr,107_UCR_Anomaly_NOISEinsectEPG3_5200_7000_7050,chronos_small_resid,0.011987852670602317,0.010128328021039277
ucr,111_UCR_Anomaly_3sddb40_35000_46600_46900,knn,0.03323392470587387,0.03276307308779777
ucr,111_UCR_Anomaly_3sddb40_35000_46600_46900,lof,0.02962986714594083,0.03036782522862499
ucr,111_UCR_Anomaly_3sddb40_35000_46600_46900,ae,0.040406514372576016,0.035240970075168715
ucr,111_UCR_Anomaly_3sddb40_35000_46600_46900,iforest,0.01470569889476769,0.015090898647107396
ucr,111_UCR_Anomaly_3sddb40_35000_46600_46900,timesfm_resid,0.01409965929655474,0.014564763936919868
ucr,111_UCR_Anomaly_3sddb40_35000_46600_46900,tirex_resid,0.013919772508539742,0.01413361304178916
ucr,111_UCR_Anomaly_3sddb40_35000_46600_46900,chronos_base_resid,0.011102875627257251,0.011138887999255123
ucr,111_UCR_Anomaly_3sddb40_35000_46600_46900,chronos_small_resid,0.010626644354617009,0.010599734319230692
ucr,115_UCR_Anomaly_CIMIS44AirTemperature3_4000_6520_6544,knn,0.2679763123264136,0.26007659647480524
ucr,115_UCR_Anomaly_CIMIS44AirTemperature3_4000_6520_6544,lof,0.059177391919311526,0.04626949675004187
ucr,115_UCR_Anomaly_CIMIS44AirTemperature3_4000_6520_6544,ae,0.8924875605818535,0.9745408833371474
ucr,115_UCR_Anomaly_CIMIS44AirTemperature3_4000_6520_6544,iforest,0.009147381715446126,0.007466240395796948
ucr,115_UCR_Anomaly_CIMIS44AirTemperature3_4000_6520_6544,timesfm_resid,0.08727470388761481,0.11773759384472252
ucr,115_UCR_Anomaly_CIMIS44AirTemperature3_4000_6520_6544,tirex_resid,0.09010546545895178,0.12743232883742145
ucr,115_UCR_Anomaly_CIMIS44AirTemperature3_4000_6520_6544,chronos_base_resid,0.10617363205033806,0.14907995420091133
ucr,115_UCR_Anomaly_CIMIS44AirTemperature3_4000_6520_6544,chronos_small_resid,0.1097915634413997,0.15644738426622257
ucr,119_UCR_Anomaly_ECG1_10000_11800_12100,knn,0.5707322118012331,0.7115180659080946
ucr,119_UCR_Anomaly_ECG1_10000_11800_12100,lof,0.43664402694845805,0.5221400609977641
ucr,119_UCR_Anomaly_ECG1_10000_11800_12100,ae,0.5682609025422918,0.7178214154615365
ucr,119_UCR_Anomaly_ECG1_10000_11800_12100,iforest,0.40126312024726396,0.5384436425655106
ucr,119_UCR_Anomaly_ECG1_10000_11800_12100,timesfm_resid,0.09687232963834067,0.12800416701037756
ucr,119_UCR_Anomaly_ECG1_10000_11800_12100,tirex_resid,0.09512175333281538,0.12466277732703117
ucr,119_UCR_Anomaly_ECG1_10000_11800_12100,chronos_base_resid,0.0403663473472123,0.043678711403707604
ucr,119_UCR_Anomaly_ECG1_10000_11800_12100,chronos_small_resid,0.04326601889434755,0.048065638167008595
ucr,123_UCR_Anomaly_ECG4_5000_16800_17100,knn,0.22663351643116775,0.3187124453101319
ucr,123_UCR_Anomaly_ECG4_5000_16800_17100,lof,0.22619740958014561,0.33361266152055663
ucr,123_UCR_Anomaly_ECG4_5000_16800_17100,ae,0.19926776481950903,0.2775500458597762
ucr,123_UCR_Anomaly_ECG4_5000_16800_17100,iforest,0.015893826423182458,0.01716427789204178
ucr,123_UCR_Anomaly_ECG4_5000_16800_17100,timesfm_resid,0.01917522441731007,0.027545368417939947
ucr,123_UCR_Anomaly_ECG4_5000_16800_17100,tirex_resid,0.011070400817627968,0.01556174879221356
ucr,123_UCR_Anomaly_ECG4_5000_16800_17100,chronos_base_resid,0.005008593912650024,0.006455244837428089
ucr,123_UCR_Anomaly_ECG4_5000_16800_17100,chronos_small_resid,0.004383267420914633,0.0054863750807403544
ucr,128_UCR_Anomaly_GP711MarkerLFM5z2_5000_7175_7388,knn,0.6998750653506755,0.9009491588811247
ucr,128_UCR_Anomaly_GP711MarkerLFM5z2_5000_7175_7388,lof,0.8418365510084531,0.9696357764117901
ucr,128_UCR_Anomaly_GP711MarkerLFM5z2_5000_7175_7388,ae,0.6502919036309482,0.8408698477082889
ucr,128_UCR_Anomaly_GP711MarkerLFM5z2_5000_7175_7388,iforest,0.38960549897635544,0.5209937493503272
ucr,128_UCR_Anomaly_GP711MarkerLFM5z2_5000_7175_7388,timesfm_resid,0.371132319463204,0.49656882863416435
ucr,128_UCR_Anomaly_GP711MarkerLFM5z2_5000_7175_7388,tirex_resid,0.32929399206547016,0.4323226862083214
ucr,128_UCR_Anomaly_GP711MarkerLFM5z2_5000_7175_7388,chronos_base_resid,0.04806490642147144,0.046143959762959846
ucr,128_UCR_Anomaly_GP711MarkerLFM5z2_5000_7175_7388,chronos_small_resid,0.044500108474697084,0.04102180834252593
ucr,132_UCR_Anomaly_InternalBleeding10_3200_4526_4556,knn,0.8335906230812675,0.9296581379967498
ucr,132_UCR_Anomaly_InternalBleeding10_3200_4526_4556,lof,0.02951441558108609,0.026555523069802526
ucr,132_UCR_Anomaly_InternalBleeding10_3200_4526_4556,ae,0.048212838683040285,0.048400180525102914
ucr,132_UCR_Anomaly_InternalBleeding10_3200_4526_4556,iforest,0.027146261982745216,0.021446318297144513
ucr,132_UCR_Anomaly_InternalBleeding10_3200_4526_4556,timesfm_resid,0.03437064610224422,0.03622807063585751
ucr,132_UCR_Anomaly_InternalBleeding10_3200_4526_4556,tirex_resid,0.03723455431999992,0.03810087160130618
ucr,132_UCR_Anomaly_InternalBleeding10_3200_4526_4556,chronos_base_resid,0.013130988412035213,0.012668946757444087
ucr,132_UCR_Anomaly_InternalBleeding10_3200_4526_4556,chronos_small_resid,0.01299964816950613,0.013338822667844918
ucr,136_UCR_Anomaly_InternalBleeding17_1600_3198_3309,knn,0.8594058308279344,0.9987516980484837
ucr,136_UCR_Anomaly_InternalBleeding17_1600_3198_3309,lof,0.03109217653210965,0.030649439724264666
ucr,136_UCR_Anomaly_InternalBleeding17_1600_3198_3309,ae,0.5124476858220253,0.7088181856818275
ucr,136_UCR_Anomaly_InternalBleeding17_1600_3198_3309,iforest,0.0371104508842547,0.03651255488479098
ucr,136_UCR_Anomaly_InternalBleeding17_1600_3198_3309,timesfm_resid,0.2813587084980962,0.3830317496967205
ucr,136_UCR_Anomaly_InternalBleeding17_1600_3198_3309,tirex_resid,0.2388664174610745,0.34343718382644595
ucr,136_UCR_Anomaly_InternalBleeding17_1600_3198_3309,chronos_base_resid,0.028200173973014622,0.026814719521020804
ucr,136_UCR_Anomaly_InternalBleeding17_1600_3198_3309,chronos_small_resid,0.03391315153598038,0.035583418595234166
ucr,140_UCR_Anomaly_InternalBleeding4_1000_4675_5033,knn,0.6284934407719035,0.7492264534885267
ucr,140_UCR_Anomaly_InternalBleeding4_1000_4675_5033,lof,0.553978278856006,0.6689935258325723
ucr,140_UCR_Anomaly_InternalBleeding4_1000_4675_5033,ae,0.6357499465697855,0.7626092311406212
ucr,140_UCR_Anomaly_InternalBleeding4_1000_4675_5033,iforest,0.5118706530603654,0.6218510356798758
ucr,140_UCR_Anomaly_InternalBleeding4_1000_4675_5033,timesfm_resid,0.47290160725269903,0.5560146326348901
ucr,140_UCR_Anomaly_InternalBleeding4_1000_4675_5033,tirex_resid,0.449191297565031,0.5291070021514144
ucr,140_UCR_Anomaly_InternalBleeding4_1000_4675_5033,chronos_base_resid,0.304625711411705,0.36574920537376554
ucr,140_UCR_Anomaly_InternalBleeding4_1000_4675_5033,chronos_small_resid,0.3268654072351861,0.38634222729344514
ucr,144_UCR_Anomaly_InternalBleeding9_4200_6599_6681,knn,0.029568177604505128,0.024635462831063777
ucr,144_UCR_Anomaly_InternalBleeding9_4200_6599_6681,lof,0.02632978329107817,0.02149386400781853
ucr,144_UCR_Anomaly_InternalBleeding9_4200_6599_6681,ae,0.021337358928517153,0.01693275534902031
ucr,144_UCR_Anomaly_InternalBleeding9_4200_6599_6681,iforest,0.02228413405077395,0.017818919091124034
ucr,144_UCR_Anomaly_InternalBleeding9_4200_6599_6681,timesfm_resid,0.02766008881061304,0.022613506307657225
ucr,144_UCR_Anomaly_InternalBleeding9_4200_6599_6681,tirex_resid,0.0448570464699686,0.04075527391629431
ucr,144_UCR_Anomaly_InternalBleeding9_4200_6599_6681,chronos_base_resid,0.036536695641080266,0.03035367248884919
ucr,144_UCR_Anomaly_InternalBleeding9_4200_6599_6681,chronos_small_resid,0.032416348743742315,0.026650146078446697
ucr,149_UCR_Anomaly_Lab2Cmac011215EPG5_7000_17390_17520,knn,0.33047353135930524,0.48532680436551584
ucr,149_UCR_Anomaly_Lab2Cmac011215EPG5_7000_17390_17520,lof,0.40657524146762114,0.646727615234529
ucr,149_UCR_Anomaly_Lab2Cmac011215EPG5_7000_17390_17520,ae,0.3992392658070194,0.6384404729978748
ucr,149_UCR_Anomaly_Lab2Cmac011215EPG5_7000_17390_17520,iforest,0.47288176492757045,0.7160547944950325
ucr,149_UCR_Anomaly_Lab2Cmac011215EPG5_7000_17390_17520,timesfm_resid,0.012409987512598752,0.01304866465297568
ucr,149_UCR_Anomaly_Lab2Cmac011215EPG5_7000_17390_17520,tirex_resid,0.012631065689406421,0.013387609132951145
ucr,149_UCR_Anomaly_Lab2Cmac011215EPG5_7000_17390_17520,chronos_base_resid,0.010380092958189391,0.010492867155088032
ucr,149_UCR_Anomaly_Lab2Cmac011215EPG5_7000_17390_17520,chronos_small_resid,0.010900368627564692,0.01124193429903152
ucr,153_UCR_Anomaly_PowerDemand2_14000_23357_23717,knn,0.14473855859332635,0.15118609003004094
ucr,153_UCR_Anomaly_PowerDemand2_14000_23357_23717,lof,0.024750503295947263,0.02268295487122096
ucr,153_UCR_Anomaly_PowerDemand2_14000_23357_23717,ae,0.05689646127389554,0.061481905173495166
ucr,153_UCR_Anomaly_PowerDemand2_14000_23357_23717,iforest,0.016048053339690345,0.013895376235097541
ucr,153_UCR_Anomaly_PowerDemand2_14000_23357_23717,timesfm_resid,0.028399761859675875,0.026888327032991533
ucr,153_UCR_Anomaly_PowerDemand2_14000_23357_23717,tirex_resid,0.026218961907515614,0.024364848774746928
ucr,153_UCR_Anomaly_PowerDemand2_14000_23357_23717,chronos_base_resid,0.03086416613447803,0.029215264503319655
ucr,153_UCR_Anomaly_PowerDemand2_14000_23357_23717,chronos_small_resid,0.03110654899778862,0.029658701833848042
ucr,157_UCR_Anomaly_TkeepFirstMARS_3500_5365_5380,knn,0.26649894507652994,0.2445614133084316
ucr,157_UCR_Anomaly_TkeepFirstMARS_3500_5365_5380,lof,0.003657420985922652,0.0033995339134524146
ucr,157_UCR_Anomaly_TkeepFirstMARS_3500_5365_5380,ae,0.037117340620444944,0.03591127276598641
ucr,157_UCR_Anomaly_TkeepFirstMARS_3500_5365_5380,iforest,0.0026683159533720338,0.0020571190535841476
ucr,157_UCR_Anomaly_TkeepFirstMARS_3500_5365_5380,timesfm_resid,0.006250954056531947,0.006766708993318561
ucr,157_UCR_Anomaly_TkeepFirstMARS_3500_5365_5380,tirex_resid,0.00719749107390076,0.008273100494795871
ucr,157_UCR_Anomaly_TkeepFirstMARS_3500_5365_5380,chronos_base_resid,0.004741910768477302,0.005265747060649203
ucr,157_UCR_Anomaly_TkeepFirstMARS_3500_5365_5380,chronos_small_resid,0.005064041821882874,0.005554348546760082
ucr,161_UCR_Anomaly_WalkingAceleration1_1500_2764_2995,knn,0.03707203740910289,0.028160376978626476
ucr,161_UCR_Anomaly_WalkingAceleration1_1500_2764_2995,lof,0.03690327548437766,0.03076727909510981
ucr,161_UCR_Anomaly_WalkingAceleration1_1500_2764_2995,ae,0.03547157733833822,0.0290725921169748
ucr,161_UCR_Anomaly_WalkingAceleration1_1500_2764_2995,iforest,0.03628574642860734,0.029926878452297502
ucr,161_UCR_Anomaly_WalkingAceleration1_1500_2764_2995,timesfm_resid,0.05786504719135917,0.05310365622708347
ucr,161_UCR_Anomaly_WalkingAceleration1_1500_2764_2995,tirex_resid,0.053052504760276446,0.047661300500428806
ucr,161_UCR_Anomaly_WalkingAceleration1_1500_2764_2995,chronos_base_resid,0.053111784847703986,0.0481602738438592
ucr,161_UCR_Anomaly_WalkingAceleration1_1500_2764_2995,chronos_small_resid,0.05118374392236531,0.04623920599623717
ucr,166_UCR_Anomaly_apneaecg_10000_12240_12308,knn,0.07090541911453013,0.08284718152568837
ucr,166_UCR_Anomaly_apneaecg_10000_12240_12308,lof,0.011242673550269752,0.008993453580736334
ucr,166_UCR_Anomaly_apneaecg_10000_12240_12308,ae,0.007987920003056908,0.007127485751988558
ucr,166_UCR_Anomaly_apneaecg_10000_12240_12308,iforest,0.002360950574439783,0.0019028337736200294
ucr,166_UCR_Anomaly_apneaecg_10000_12240_12308,timesfm_resid,0.0034998776694798936,0.0033786512871612348
ucr,166_UCR_Anomaly_apneaecg_10000_12240_12308,tirex_resid,0.003520747339858941,0.0033038198526095636
ucr,166_UCR_Anomaly_apneaecg_10000_12240_12308,chronos_base_resid,0.0030023456447979984,0.002714847246283831
ucr,166_UCR_Anomaly_apneaecg_10000_12240_12308,chronos_small_resid,0.0030916461149388887,0.002806855717353085
ucr,170_UCR_Anomaly_gaitHunt1_18500_33070_33180,knn,0.27947708758629874,0.3076662759857675
ucr,170_UCR_Anomaly_gaitHunt1_18500_33070_33180,lof,0.15255542154931867,0.21353542938633713
ucr,170_UCR_Anomaly_gaitHunt1_18500_33070_33180,ae,0.3762676123126214,0.5710567712795013
ucr,170_UCR_Anomaly_gaitHunt1_18500_33070_33180,iforest,0.013879844292202934,0.016889907662357918
ucr,170_UCR_Anomaly_gaitHunt1_18500_33070_33180,timesfm_resid,0.003905094148209931,0.0037000048236419817
ucr,170_UCR_Anomaly_gaitHunt1_18500_33070_33180,tirex_resid,0.003111804211341876,0.002756825303076099
ucr,170_UCR_Anomaly_gaitHunt1_18500_33070_33180,chronos_base_resid,0.005307151039298146,0.0048704848934910654
ucr,170_UCR_Anomaly_gaitHunt1_18500_33070_33180,chronos_small_resid,0.004479319247113554,0.0040184421412961056
ucr,174_UCR_Anomaly_insectEPG2_3700_8000_8025,knn,0.8771699069503448,1.0
ucr,174_UCR_Anomaly_insectEPG2_3700_8000_8025,lof,0.888485598608856,0.9735402363397471
ucr,174_UCR_Anomaly_insectEPG2_3700_8000_8025,ae,0.8588603376656602,0.9735895816983785
ucr,174_UCR_Anomaly_insectEPG2_3700_8000_8025,iforest,0.16557105956119078,0.17094484459630846
ucr,174_UCR_Anomaly_insectEPG2_3700_8000_8025,timesfm_resid,0.018510650115870105,0.02148633023657425
ucr,174_UCR_Anomaly_insectEPG2_3700_8000_8025,tirex_resid,0.027372221097011713,0.03414164338042022
ucr,174_UCR_Anomaly_insectEPG2_3700_8000_8025,chronos_base_resid,0.019745029677858836,0.025451934551924002
ucr,174_UCR_Anomaly_insectEPG2_3700_8000_8025,chronos_small_resid,0.014797544133548128,0.016418585377827994
ucr,178_UCR_Anomaly_ltstdbs30791AI_17555_52600_52800,knn,0.6733405467302043,0.8999717439044227
ucr,178_UCR_Anomaly_ltstdbs30791AI_17555_52600_52800,lof,0.6255021291763773,0.8014248162715113
ucr,178_UCR_Anomaly_ltstdbs30791AI_17555_52600_52800,ae,0.6412163480900122,0.8761052010515925
ucr,178_UCR_Anomaly_ltstdbs30791AI_17555_52600_52800,iforest,0.359362021164235,0.5802118772022895
ucr,178_UCR_Anomaly_ltstdbs30791AI_17555_52600_52800,timesfm_resid,0.04445528362703981,0.05344902002471163
ucr,178_UCR_Anomaly_ltstdbs30791AI_17555_52600_52800,tirex_resid,0.01726630272025701,0.019279182339111328
ucr,178_UCR_Anomaly_ltstdbs30791AI_17555_52600_52800,chronos_base_resid,0.021206920780595655,0.02362938884817558
ucr,178_UCR_Anomaly_ltstdbs30791AI_17555_52600_52800,chronos_small_resid,0.017069488638505992,0.01857795811460735
ucr,182_UCR_Anomaly_qtdbSel1005V_4000_12400_12800,knn,0.015544681899545042,0.015623035712116807
ucr,182_UCR_Anomaly_qtdbSel1005V_4000_12400_12800,lof,0.011931673267838073,0.011417721200556076
ucr,182_UCR_Anomaly_qtdbSel1005V_4000_12400_12800,ae,0.01128495416328479,0.010616438512856182
ucr,182_UCR_Anomaly_qtdbSel1005V_4000_12400_12800,iforest,0.013604388420548067,0.01329652300410154
ucr,182_UCR_Anomaly_qtdbSel1005V_4000_12400_12800,timesfm_resid,0.017877087807412928,0.018070080008769748
ucr,182_UCR_Anomaly_qtdbSel1005V_4000_12400_12800,tirex_resid,0.01442130095970852,0.014172215409951247
ucr,182_UCR_Anomaly_qtdbSel1005V_4000_12400_12800,chronos_base_resid,0.013928708616686325,0.01342001868400964
ucr,182_UCR_Anomaly_qtdbSel1005V_4000_12400_12800,chronos_small_resid,0.013760921138753938,0.013309946426873541
ucr,187_UCR_Anomaly_resperation2_30000_168250_168250,knn,1.7808107406058205e-05,9.797361568071027e-06
ucr,187_UCR_Anomaly_resperation2_30000_168250_168250,lof,2.503495012469723e-05,1.7507212305581346e-05
ucr,187_UCR_Anomaly_resperation2_30000_168250_168250,ae,1.764176629364132e-05,1.3164840070532392e-05
ucr,187_UCR_Anomaly_resperation2_30000_168250_168250,iforest,1.7636266225185328e-05,1.252828720271915e-05
ucr,187_UCR_Anomaly_resperation2_30000_168250_168250,timesfm_resid,1.4682640107554623e-05,8.215364813625433e-06
ucr,187_UCR_Anomaly_resperation2_30000_168250_168250,tirex_resid,1.4991500839712455e-05,1.053727345109288e-05
ucr,187_UCR_Anomaly_resperation2_30000_168250_168250,chronos_base_resid,1.3229150599288245e-05,7.143838055425243e-06
ucr,187_UCR_Anomaly_resperation2_30000_168250_168250,chronos_small_resid,1.351134625231567e-05,8.388153590266168e-06
ucr,191_UCR_Anomaly_resperation9_38000_143411_143511,knn,0.07431697839320012,0.09726852090179228
ucr,191_UCR_Anomaly_resperation9_38000_143411_143511,lof,0.09247142088792729,0.132063114414108
ucr,191_UCR_Anomaly_resperation9_38000_143411_143511,ae,0.1570313270847825,0.23642526398833763
ucr,191_UCR_Anomaly_resperation9_38000_143411_143511,iforest,0.0023981688071242836,0.0025427135207628858
ucr,191_UCR_Anomaly_resperation9_38000_143411_143511,timesfm_resid,0.001360128593482288,0.001370066607637438
ucr,191_UCR_Anomaly_resperation9_38000_143411_143511,tirex_resid,0.0010545644661617646,0.0009778900465582897
ucr,191_UCR_Anomaly_resperation9_38000_143411_143511,chronos_base_resid,0.0010500193383592173,0.0010241876276458246
ucr,191_UCR_Anomaly_resperation9_38000_143411_143511,chronos_small_resid,0.0010014618462782453,0.0009529059998337089
ucr,195_UCR_Anomaly_sel840mECG1_17000_51370_51740,knn,0.11129471882469803,0.14422101752973174
ucr,195_UCR_Anomaly_sel840mECG1_17000_51370_51740,lof,0.03971466105654338,0.0378177942362473
ucr,195_UCR_Anomaly_sel840mECG1_17000_51370_51740,ae,0.12679086601041822,0.17746072056933881
ucr,195_UCR_Anomaly_sel840mECG1_17000_51370_51740,iforest,0.0665299145270366,0.07628858653344199
ucr,195_UCR_Anomaly_sel840mECG1_17000_51370_51740,timesfm_resid,0.017590757851603616,0.018201316166029137
ucr,195_UCR_Anomaly_sel840mECG1_17000_51370_51740,tirex_resid,0.01569908987502279,0.01633598094834768
ucr,195_UCR_Anomaly_sel840mECG1_17000_51370_51740,chronos_base_resid,0.029998635916569545,0.033766965654904856
ucr,195_UCR_Anomaly_sel840mECG1_17000_51370_51740,chronos_small_resid,0.016655167248472498,0.017897175907972098
ucr,199_UCR_Anomaly_tiltAPB3_40000_114000_114370,knn,0.00775284032090856,0.007241145052916744
ucr,199_UCR_Anomaly_tiltAPB3_40000_114000_114370,lof,0.00805578943019522,0.0077295421935995555
ucr,199_UCR_Anomaly_tiltAPB3_40000_114000_114370,ae,0.0057756858770225995,0.005031820571681448
ucr,199_UCR_Anomaly_tiltAPB3_40000_114000_114370,iforest,0.0030838813055791905,0.0026870719553348135
ucr,199_UCR_Anomaly_tiltAPB3_40000_114000_114370,timesfm_resid,0.005211624318090717,0.004968115499320768
ucr,199_UCR_Anomaly_tiltAPB3_40000_114000_114370,tirex_resid,0.004484229691523416,0.004150907954347726
ucr,199_UCR_Anomaly_tiltAPB3_40000_114000_114370,chronos_base_resid,0.004480280357839128,0.004187843671972319
ucr,199_UCR_Anomaly_tiltAPB3_40000_114000_114370,chronos_small_resid,0.005470974019283263,0.0053099748547195055
ucr,204_UCR_Anomaly_CHARISfive_12412_15000_15070,knn,0.22243114172037232,0.2905703199404006
ucr,204_UCR_Anomaly_CHARISfive_12412_15000_15070,lof,0.16285629387225095,0.17426067498174194
ucr,204_UCR_Anomaly_CHARISfive_12412_15000_15070,ae,0.5468383149225391,0.7342537967543208
ucr,204_UCR_Anomaly_CHARISfive_12412_15000_15070,iforest,0.0028497437283217485,0.0023623782974166586
ucr,204_UCR_Anomaly_CHARISfive_12412_15000_15070,timesfm_resid,0.09228466379235693,0.1380606540742705
ucr,204_UCR_Anomaly_CHARISfive_12412_15000_15070,tirex_resid,0.11071764455379164,0.16724636367727508
ucr,204_UCR_Anomaly_CHARISfive_12412_15000_15070,chronos_base_resid,0.05083368496929857,0.07718749966714071
ucr,204_UCR_Anomaly_CHARISfive_12412_15000_15070,chronos_small_resid,0.05061752337376865,0.08135651193166661
ucr,208_UCR_Anomaly_CHARISten_5130_27929_27989,knn,0.1743931353625141,0.2584462255532446
ucr,208_UCR_Anomaly_CHARISten_5130_27929_27989,lof,0.312413045299923,0.44622164845848805
ucr,208_UCR_Anomaly_CHARISten_5130_27929_27989,ae,0.22289526371303195,0.3206192851917535
ucr,208_UCR_Anomaly_CHARISten_5130_27929_27989,iforest,0.3818017519528377,0.5168194085454177
ucr,208_UCR_Anomaly_CHARISten_5130_27929_27989,timesfm_resid,0.004057422224565434,0.0043205587672516975
ucr,208_UCR_Anomaly_CHARISten_5130_27929_27989,tirex_resid,0.004859620528814026,0.005126060732179084
ucr,208_UCR_Anomaly_CHARISten_5130_27929_27989,chronos_base_resid,0.0025893766308245835,0.0024294720365364147
ucr,208_UCR_Anomaly_CHARISten_5130_27929_27989,chronos_small_resid,0.002626481689388085,0.0025183806677934973
ucr,212_UCR_Anomaly_Italianpowerdemand_8913_29480_29504,knn,0.009392911111896957,0.007833210558730585
ucr,212_UCR_Anomaly_Italianpowerdemand_8913_29480_29504,lof,0.0011169672760011633,0.0008784898515044403
ucr,212_UCR_Anomaly_Italianpowerdemand_8913_29480_29504,ae,0.015957122122619707,0.01386689284630965
ucr,212_UCR_Anomaly_Italianpowerdemand_8913_29480_29504,iforest,0.0013466781283358019,0.0011487410289151853
ucr,212_UCR_Anomaly_Italianpowerdemand_8913_29480_29504,timesfm_resid,0.003995633403078307,0.00463969266611448
ucr,212_UCR_Anomaly_Italianpowerdemand_8913_29480_29504,tirex_resid,0.005099139886420932,0.005969782930135016
ucr,212_UCR_Anomaly_Italianpowerdemand_8913_29480_29504,chronos_base_resid,0.007219918652503073,0.009350817428616086
ucr,212_UCR_Anomaly_Italianpowerdemand_8913_29480_29504,chronos_small_resid,0.007121819985111657,0.00920144666753832
ucr,216_UCR_Anomaly_STAFFIIIDatabase_37216_160720_161370,knn,0.045102535539921586,0.06093628754090662
ucr,216_UCR_Anomaly_STAFFIIIDatabase_37216_160720_161370,lof,0.07585616966800458,0.09344787377436818
ucr,216_UCR_Anomaly_STAFFIIIDatabase_37216_160720_161370,ae,0.0438531572068826,0.06010756721575974
ucr,216_UCR_Anomaly_STAFFIIIDatabase_37216_160720_161370,iforest,0.012463833878889302,0.014411830701266722
ucr,216_UCR_Anomaly_STAFFIIIDatabase_37216_160720_161370,timesfm_resid,0.0038137361055483373,0.0038679888592357495
ucr,216_UCR_Anomaly_STAFFIIIDatabase_37216_160720_161370,tirex_resid,0.003912198310019216,0.003943060862197462
ucr,216_UCR_Anomaly_STAFFIIIDatabase_37216_160720_161370,chronos_base_resid,0.0032132564828289602,0.0031672316322411092
ucr,216_UCR_Anomaly_STAFFIIIDatabase_37216_160720_161370,chronos_small_resid,0.004783156581884817,0.004963066137921689
ucr,220_UCR_Anomaly_STAFFIIIDatabase_43217_250720_251370,knn,0.030950293905163614,0.03912388873335201
ucr,220_UCR_Anomaly_STAFFIIIDatabase_43217_250720_251370,lof,0.0210592032808656,0.022774283427391753
ucr,220_UCR_Anomaly_STAFFIIIDatabase_43217_250720_251370,ae,0.034834925460181285,0.046140112743654524
ucr,220_UCR_Anomaly_STAFFIIIDatabase_43217_250720_251370,iforest,0.005216956784975685,0.005381915992249461
ucr,220_UCR_Anomaly_STAFFIIIDatabase_43217_250720_251370,timesfm_resid,0.003957932645452376,0.004077880355751199
ucr,220_UCR_Anomaly_STAFFIIIDatabase_43217_250720_251370,tirex_resid,0.003681746737288038,0.003742791086244115
ucr,220_UCR_Anomaly_STAFFIIIDatabase_43217_250720_251370,chronos_base_resid,0.0033680864764580086,0.0033742107888692337
ucr,220_UCR_Anomaly_STAFFIIIDatabase_43217_250720_251370,chronos_small_resid,0.003411367087056527,0.003452046238115147
ucr,225_UCR_Anomaly_mit14046longtermecg_81214_143000_143300,knn,0.042610787342331743,0.0495715641742511
ucr,225_UCR_Anomaly_mit14046longtermecg_81214_143000_143300,lof,0.1955399150844121,0.24435931586357676
ucr,225_UCR_Anomaly_mit14046longtermecg_81214_143000_143300,ae,0.04540403633949275,0.05166883622157208
ucr,225_UCR_Anomaly_mit14046longtermecg_81214_143000_143300,iforest,0.00696987362240253,0.006543590907586214
ucr,225_UCR_Anomaly_mit14046longtermecg_81214_143000_143300,timesfm_resid,0.0048494880838448945,0.004736647924341793
ucr,225_UCR_Anomaly_mit14046longtermecg_81214_143000_143300,tirex_resid,0.00431524031373145,0.004330993021605031
ucr,225_UCR_Anomaly_mit14046longtermecg_81214_143000_143300,chronos_base_resid,0.005864645398684639,0.006530839186578529
ucr,225_UCR_Anomaly_mit14046longtermecg_81214_143000_143300,chronos_small_resid,0.005993417047162763,0.006599512851144793
ucr,229_UCR_Anomaly_mit14134longtermecg_16363_57960_57970,knn,0.00854118024053045,0.006847503153995738
ucr,229_UCR_Anomaly_mit14134longtermecg_16363_57960_57970,lof,0.0031727344040766376,0.0025134356739043343
ucr,229_UCR_Anomaly_mit14134longtermecg_16363_57960_57970,ae,0.06494859662311292,0.08800714932175148
ucr,229_UCR_Anomaly_mit14134longtermecg_16363_57960_57970,iforest,0.0008606644856840634,0.0007156641689859815
ucr,229_UCR_Anomaly_mit14134longtermecg_16363_57960_57970,timesfm_resid,0.0018380904046077385,0.002095172169036746
ucr,229_UCR_Anomaly_mit14134longtermecg_16363_57960_57970,tirex_resid,0.0018199292171706997,0.002075206478077328
ucr,229_UCR_Anomaly_mit14134longtermecg_16363_57960_57970,chronos_base_resid,0.0017014096836377548,0.001975651056923211
ucr,229_UCR_Anomaly_mit14134longtermecg_16363_57960_57970,chronos_small_resid,0.0018707430636002438,0.0019367002177274057
ucr,233_UCR_Anomaly_mit14157longtermecg_18913_24500_24501,knn,0.005390835579514824,0.005434050702741786
ucr,233_UCR_Anomaly_mit14157longtermecg_18913_24500_24501,lof,0.005292321293013155,0.0036389822683529256
ucr,233_UCR_Anomaly_mit14157longtermecg_18913_24500_24501,ae,0.005390835579514824,0.005452347169754384
ucr,233_UCR_Anomaly_mit14157longtermecg_18913_24500_24501,iforest,0.0035778175313059034,0.002723880755958035
ucr,233_UCR_Anomaly_mit14157longtermecg_18913_24500_24501,timesfm_resid,0.0011655053263522777,0.0013137550337620325
ucr,233_UCR_Anomaly_mit14157longtermecg_18913_24500_24501,tirex_resid,0.0013669129860311793,0.0016191766038425113
ucr,233_UCR_Anomaly_mit14157longtermecg_18913_24500_24501,chronos_base_resid,0.0003490088340122767,0.00038731292337644785
ucr,233_UCR_Anomaly_mit14157longtermecg_18913_24500_24501,chronos_small_resid,0.0002678062444643509,0.00024063271286654705
ucr,237_UCR_Anomaly_mit14157longtermecg_19313_89560_90370,knn,0.1770432865571745,0.18821234841307213
ucr,237_UCR_Anomaly_mit14157longtermecg_19313_89560_90370,lof,0.15615531754290546,0.16470207207011353
ucr,237_UCR_Anomaly_mit14157longtermecg_19313_89560_90370,ae,0.13420300442154778,0.14158038961341973
ucr,237_UCR_Anomaly_mit14157longtermecg_19313_89560_90370,iforest,0.059972914400561086,0.06207005715022239
ucr,237_UCR_Anomaly_mit14157longtermecg_19313_89560_90370,timesfm_resid,0.024891493185356668,0.025718502310235855
ucr,237_UCR_Anomaly_mit14157longtermecg_19313_89560_90370,tirex_resid,0.022696163929848433,0.023517851520614842
ucr,237_UCR_Anomaly_mit14157longtermecg_19313_89560_90370,chronos_base_resid,0.01626354315260453,0.016234026403931637
ucr,237_UCR_Anomaly_mit14157longtermecg_19313_89560_90370,chronos_small_resid,0.013441555410597534,0.01335159107404035
ucr,242_UCR_Anomaly_tilt12744mtable_100000_104630_104890,knn,0.018362648223482922,0.021586699508547372
ucr,242_UCR_Anomaly_tilt12744mtable_100000_104630_104890,lof,0.012185770436861112,0.01412395691435808
ucr,242_UCR_Anomaly_tilt12744mtable_100000_104630_104890,ae,0.011654151869000672,0.017249820253873147
ucr,242_UCR_Anomaly_tilt12744mtable_100000_104630_104890,iforest,0.0020842134933393318,0.0018907842219026286
ucr,242_UCR_Anomaly_tilt12744mtable_100000_104630_104890,timesfm_resid,0.0028632531887116735,0.002823261047795856
ucr,242_UCR_Anomaly_tilt12744mtable_100000_104630_104890,tirex_resid,0.0019633454028585434,0.0017979110278681456
ucr,242_UCR_Anomaly_tilt12744mtable_100000_104630_104890,chronos_base_resid,0.002608408033800624,0.0025126482539421526
ucr,242_UCR_Anomaly_tilt12744mtable_100000_104630_104890,chronos_small_resid,0.0025536316667552463,0.002449785942299117
ucr,246_UCR_Anomaly_tilt12755mtable_100211_270800_271070,knn,0.01328782411378774,0.01569754756371601
ucr,246_UCR_Anomaly_tilt12755mtable_100211_270800_271070,lof,0.008486562925162418,0.009848458997992698
ucr,246_UCR_Anomaly_tilt12755mtable_100211_270800_271070,ae,0.029922122877056728,0.038185039877209025
ucr,246_UCR_Anomaly_tilt12755mtable_100211_270800_271070,iforest,0.0038803397665281834,0.00375590632697428
ucr,246_UCR_Anomaly_tilt12755mtable_100211_270800_271070,timesfm_resid,0.007810655816647126,0.00904597903285276
ucr,246_UCR_Anomaly_tilt12755mtable_100211_270800_271070,tirex_resid,0.006734668905213549,0.007896950191591092
ucr,246_UCR_Anomaly_tilt12755mtable_100211_270800_271070,chronos_base_resid,0.0030703588848652167,0.003170662920895808
ucr,246_UCR_Anomaly_tilt12755mtable_100211_270800_271070,chronos_small_resid,0.0029609221029678998,0.003034875460722228
ucr,250_UCR_Anomaly_weallwalk_2951_7290_7296,knn,0.11381933853196913,0.11501321841869515
ucr,250_UCR_Anomaly_weallwalk_2951_7290_7296,lof,0.03168174819909948,0.026813494995505116
ucr,250_UCR_Anomaly_weallwalk_2951_7290_7296,ae,0.005275625716427644,0.0040110292048275474
ucr,250_UCR_Anomaly_weallwalk_2951_7290_7296,iforest,0.07607942680020652,0.07680049051710151
ucr,250_UCR_Anomaly_weallwalk_2951_7290_7296,timesfm_resid,0.0074137164402852465,0.00783514760424822
ucr,250_UCR_Anomaly_weallwalk_2951_7290_7296,tirex_resid,0.005722359694910825,0.00642122953216245
ucr,250_UCR_Anomaly_weallwalk_2951_7290_7296,chronos_base_resid,0.005314023127245983,0.005427069976437929
ucr,250_UCR_Anomaly_weallwalk_2951_7290_7296,chronos_small_resid,0.004797862446681043,0.004958632008699226
smd,machine-1-1,knn,0.6404300248872721,0.6038930907113764
smd,machine-1-1,lof,0.6302805844636792,0.6144014660864437
smd,machine-1-1,ae,0.622127088102459,0.6262908421715829
smd,machine-1-1,iforest,0.41255609351789446,0.33988478883697004
smd,machine-1-1,timesfm_resid,0.27538442563837984,0.30134042558453566
smd,machine-1-1,tirex_resid,0.27053186794296863,0.294036289566664
smd,machine-1-1,chronos_base_resid,0.25479960722725314,0.27437760332841055
smd,machine-1-1,chronos_small_resid,0.25167013104103303,0.2720685061308698
smd,machine-1-2,knn,0.42903581151496906,0.32519367768279
smd,machine-1-2,lof,0.020896284800689353,0.01853224607553317
smd,machine-1-2,ae,0.35543488134563284,0.28900744916312
smd,machine-1-2,iforest,0.5555160734407065,0.5045463174655248
smd,machine-1-2,timesfm_resid,0.24051451678887337,0.25425492643505077
smd,machine-1-2,tirex_resid,0.2546498637062939,0.25724744572963215
smd,machine-1-2,chronos_base_resid,0.24478020352685428,0.25315955199155576
smd,machine-1-2,chronos_small_resid,0.2523665797703707,0.26628680197837523
smd,machine-1-3,knn,0.13872761733911804,0.11116700091702181
smd,machine-1-3,lof,0.10036831826418717,0.08130966966465633
smd,machine-1-3,ae,0.3688884860263255,0.3225332516378601
smd,machine-1-3,iforest,0.25288505890508384,0.16801451910344653
smd,machine-1-3,timesfm_resid,0.14300007366505668,0.15769269016193288
smd,machine-1-3,tirex_resid,0.12718326454350604,0.13143176443661844
smd,machine-1-3,chronos_base_resid,0.12306791645334757,0.12857738239227487
smd,machine-1-3,chronos_small_resid,0.12502655929793585,0.13243798359483444
smd,machine-1-4,knn,0.255248272251164,0.14884623905173908
smd,machine-1-4,lof,0.1947748226478549,0.09595743494820137
smd,machine-1-4,ae,0.3444349590570757,0.3193493711915033
smd,machine-1-4,iforest,0.25788909774293434,0.19850141018598041
smd,machine-1-4,timesfm_resid,0.1325645614829079,0.12902152422942084
smd,machine-1-4,tirex_resid,0.13331714584632232,0.12941977661835213
smd,machine-1-4,chronos_base_resid,0.1363567335307104,0.12694713985620187
smd,machine-1-4,chronos_small_resid,0.12962135520317342,0.12282948890481228
smd,machine-1-5,knn,0.029999770386558492,0.01352683790384993
smd,machine-1-5,lof,0.006509539930147072,0.006003373994486643
smd,machine-1-5,ae,0.012763700744038143,0.008652969580271981
smd,machine-1-5,iforest,0.04001021184382262,0.022499743575972272
smd,machine-1-5,timesfm_resid,0.024795202402470035,0.02656748985346856
smd,machine-1-5,tirex_resid,0.021756683343769796,0.023451142899511432
smd,machine-1-5,chronos_base_resid,0.02720982077391315,0.03094252085688359
smd,machine-1-5,chronos_small_resid,0.024172749895064412,0.02577058889571503
smd,machine-1-6,knn,0.3001533484428419,0.26157391289727905
smd,machine-1-6,lof,0.28382963889738483,0.2511697519488312
smd,machine-1-6,ae,0.5977575451493687,0.5534257457512339
smd,machine-1-6,iforest,0.578442662143059,0.3755319069154216
smd,machine-1-6,timesfm_resid,0.2092763038463016,0.18321658129120386
smd,machine-1-6,tirex_resid,0.27476366069399566,0.2633336200360883
smd,machine-1-6,chronos_base_resid,0.21313185126474943,0.1886087997184664
smd,machine-1-6,chronos_small_resid,0.21175974484929105,0.18696722231728016
smd,machine-1-7,knn,0.7511336574158914,0.7070407729418301
smd,machine-1-7,lof,0.23254736195085968,0.22348472491011934
smd,machine-1-7,ae,0.45314331130957997,0.4846894102225779
smd,machine-1-7,iforest,0.34592426416481953,0.3542644654048693
smd,machine-1-7,timesfm_resid,0.15736364799594316,0.14697980359999552
smd,machine-1-7,tirex_resid,0.15697720283607525,0.1455397481805081
smd,machine-1-7,chronos_base_resid,0.164397698941405,0.15772110952481694
smd,machine-1-7,chronos_small_resid,0.15338489096694663,0.1422733653549739
smd,machine-1-8,knn,0.24551919977176312,0.13961087870604375
smd,machine-1-8,lof,0.05204633809995068,0.03364944723820893
smd,machine-1-8,ae,0.2887272226471317,0.21754241842375577
smd,machine-1-8,iforest,0.08722355499066053,0.06631809151474949
smd,machine-1-8,timesfm_resid,0.11950136945718164,0.0928504825520786
smd,machine-1-8,tirex_resid,0.1099043237504631,0.08575771139493771
smd,machine-1-8,chronos_base_resid,0.0819084977902389,0.06898076852462168
smd,machine-1-8,chronos_small_resid,0.09638297152605012,0.08357132856232108
smd,machine-2-1,knn,0.343652344440335,0.3274443055446622
smd,machine-2-1,lof,0.37525919018174747,0.3537656649911377
smd,machine-2-1,ae,0.3181211999443161,0.29534360402808724
smd,machine-2-1,iforest,0.37110405438409544,0.2705652409158124
smd,machine-2-1,timesfm_resid,0.08611744527909163,0.08224772060678157
smd,machine-2-1,tirex_resid,0.08377802464171255,0.08068433457945544
smd,machine-2-1,chronos_base_resid,0.08321392978717002,0.07802037118481699
smd,machine-2-1,chronos_small_resid,0.08415188881644373,0.0783698258608043
smd,machine-2-2,knn,0.6290787354640274,0.6835903218337985
smd,machine-2-2,lof,0.09915494228052607,0.08395081009529141
smd,machine-2-2,ae,0.46312548626918326,0.43661403900412826
smd,machine-2-2,iforest,0.3526523726672116,0.36053980809467684
smd,machine-2-2,timesfm_resid,0.11803872319510587,0.10570080335839631
smd,machine-2-2,tirex_resid,0.12113801448429552,0.10939681754937387
smd,machine-2-2,chronos_base_resid,0.12072240647595617,0.10700821121341868
smd,machine-2-2,chronos_small_resid,0.11910742054961045,0.10571671127982864
smd,machine-2-3,knn,0.19770912111095473,0.132872529257924
smd,machine-2-3,lof,0.02123628510081642,0.020334243818210942
smd,machine-2-3,ae,0.20397706838745552,0.15389763557929137
smd,machine-2-3,iforest,0.37494212583279884,0.1612835674969057
smd,machine-2-3,timesfm_resid,0.1349441642310266,0.13413451109876734
smd,machine-2-3,tirex_resid,0.1400024799123263,0.13930304205442823
smd,machine-2-3,chronos_base_resid,0.12756113605351277,0.12368001799334605
smd,machine-2-3,chronos_small_resid,0.13837772700037204,0.13824517931593353
smd,machine-2-4,knn,0.5511066522886278,0.5595419839959764
smd,machine-2-4,lof,0.45662755878091527,0.4558845399151591
smd,machine-2-4,ae,0.4696565998767407,0.3596824860601381
smd,machine-2-4,iforest,0.3842409044838542,0.23410363608929485
smd,machine-2-4,timesfm_resid,0.17872029684538365,0.14491326304608398
smd,machine-2-4,tirex_resid,0.16884304439505504,0.1436820792229286
smd,machine-2-4,chronos_base_resid,0.1949216840177926,0.1418066821704203
smd,machine-2-4,chronos_small_resid,0.17161230332139538,0.13389947934695645
smd,machine-2-5,knn,0.6357787114456172,0.6051228034653606
smd,machine-2-5,lof,0.20140798404000504,0.1325311411594105
smd,machine-2-5,ae,0.4388118048136748,0.42121570157051114
smd,machine-2-5,iforest,0.18423057007376173,0.12210158945153972
smd,machine-2-5,timesfm_resid,0.062386837270900636,0.0572886594918442
smd,machine-2-5,tirex_resid,0.05902860255745405,0.0539194544591098
smd,machine-2-5,chronos_base_resid,0.06861776075353684,0.06289886208419801
smd,machine-2-5,chronos_small_resid,0.07159377459054092,0.06321679803825617
smd,machine-2-6,knn,0.45560911761808137,0.38746030845916857
smd,machine-2-6,lof,0.08230882144618915,0.06935849771010451
smd,machine-2-6,ae,0.554100788135569,0.4716437381580754
smd,machine-2-6,iforest,0.1651725438696943,0.13207893114517877
smd,machine-2-6,timesfm_resid,0.1812758387979623,0.18163223821946128
smd,machine-2-6,tirex_resid,0.18903313006199512,0.1910880269813934
smd,machine-2-6,chronos_base_resid,0.19781220221032875,0.20280201472874904
smd,machine-2-6,chronos_small_resid,0.20350203821093713,0.1974648166885933
smd,machine-2-7,knn,0.28775492781352435,0.17918475065728895
smd,machine-2-7,lof,0.10624455946303815,0.031428704488900006
smd,machine-2-7,ae,0.48652097014241324,0.29052010261135813
smd,machine-2-7,iforest,0.5386350996814402,0.0742432309867514
smd,machine-2-7,timesfm_resid,0.13611537282886932,0.058589878730911454
smd,machine-2-7,tirex_resid,0.15249548082970643,0.06558604049246201
smd,machine-2-7,chronos_base_resid,0.11979133815920555,0.0475772766069639
smd,machine-2-7,chronos_small_resid,0.12556190623284763,0.04892649305027903
smd,machine-2-8,knn,0.8729479718660116,0.9636055134672662
smd,machine-2-8,lof,0.8715063815134052,0.9873535348214503
smd,machine-2-8,ae,0.8099201505655249,0.8952783240048323
smd,machine-2-8,iforest,0.5206505070928078,0.7597272045960886
smd,machine-2-8,timesfm_resid,0.4983828017808123,0.6964166528235725
smd,machine-2-8,tirex_resid,0.5823150702970795,0.8015920600127548
smd,machine-2-8,chronos_base_resid,0.6183406006071366,0.8236341995094134
smd,machine-2-8,chronos_small_resid,0.5145793981239464,0.6965092721316363
smd,machine-2-9,knn,0.3063440521079005,0.2372372581206374
smd,machine-2-9,lof,0.07732644482958077,0.07096274616968304
smd,machine-2-9,ae,0.7398295880349361,0.6931039726766756
smd,machine-2-9,iforest,0.26341288304458677,0.19951587718505914
smd,machine-2-9,timesfm_resid,0.11962801704882482,0.1178510898126333
smd,machine-2-9,tirex_resid,0.11542877407476196,0.10888729634391382
smd,machine-2-9,chronos_base_resid,0.1358947627101551,0.13347368268741744
smd,machine-2-9,chronos_small_resid,0.11648390913076595,0.11160966887919929
smd,machine-3-1,knn,0.6611645219286784,0.4981138741042335
smd,machine-3-1,lof,0.616707300322257,0.42035160437836794
smd,machine-3-1,ae,0.687674315921375,0.5760881918638833
smd,machine-3-1,iforest,0.26908198193818245,0.11740867210061623
smd,machine-3-1,timesfm_resid,0.25459507410764837,0.31114806631134745
smd,machine-3-1,tirex_resid,0.21375643407270573,0.2724053690663058
smd,machine-3-1,chronos_base_resid,0.204342882585054,0.24354079450775962
smd,machine-3-1,chronos_small_resid,0.2082174228461134,0.2602772447477799
smd,machine-3-10,knn,0.11517102260595351,0.09080839437457673
smd,machine-3-10,lof,0.10353193740104545,0.07736873272324316
smd,machine-3-10,ae,0.3406755178362368,0.32777087659151233
smd,machine-3-10,iforest,0.5359648870516889,0.21467887526662238
smd,machine-3-10,timesfm_resid,0.3407919589982704,0.2923709309866518
smd,machine-3-10,tirex_resid,0.1332969018051991,0.13621325075051988
smd,machine-3-10,chronos_base_resid,0.3884992020973929,0.3579807768515468
smd,machine-3-10,chronos_small_resid,0.4093290227601467,0.377502564863454
smd,machine-3-11,knn,0.185775279821914,0.1712320670045403
smd,machine-3-11,lof,0.742138117785818,0.8728394364811686
smd,machine-3-11,ae,0.7131005290786521,0.8765826453815221
smd,machine-3-11,iforest,0.025403801450798964,0.02213432020448429
smd,machine-3-11,timesfm_resid,0.36563663180439243,0.4876830161085039
smd,machine-3-11,tirex_resid,0.38611840557792754,0.45293874680117874
smd,machine-3-11,chronos_base_resid,0.401873710458539,0.4944408037928562
smd,machine-3-11,chronos_small_resid,0.36239698436988926,0.45350208721953855
smd,machine-3-2,knn,0.24103518517177666,0.25854050280845564
smd,machine-3-2,lof,0.2103967177429034,0.21888101047954134
smd,machine-3-2,ae,0.1703585055676415,0.15974798483382774
smd,machine-3-2,iforest,0.09305089661671226,0.0800984261344658
smd,machine-3-2,timesfm_resid,0.05613903963275463,0.05049714755138467
smd,machine-3-2,tirex_resid,0.05593311593488757,0.05016316737632934
smd,machine-3-2,chronos_base_resid,0.05769644391048619,0.05222510356192596
smd,machine-3-2,chronos_small_resid,0.05715410023668535,0.05152371742490967
smd,machine-3-3,knn,0.13015382167621897,0.10414181120824058
smd,machine-3-3,lof,0.12275734509691849,0.10105839152973668
smd,machine-3-3,ae,0.12256476204435143,0.09064820588888164
smd,machine-3-3,iforest,0.08061237609524857,0.060217792222399036
smd,machine-3-3,timesfm_resid,0.15112180965490518,0.09013392415269862
smd,machine-3-3,tirex_resid,0.17617331598775998,0.09014766968130422
smd,machine-3-3,chronos_base_resid,0.13831464153710513,0.07703722021297459
smd,machine-3-3,chronos_small_resid,0.1424467098483916,0.08111224759649836
smd,machine-3-4,knn,0.15118014107819358,0.13115940686080163
smd,machine-3-4,lof,0.15759151053836418,0.14443424392034748
smd,machine-3-4,ae,0.733593819445141,0.46002546010392315
smd,machine-3-4,iforest,0.25646710221305447,0.20922450878349275
smd,machine-3-4,timesfm_resid,0.07523157619188352,0.07278188664377401
smd,machine-3-4,tirex_resid,0.0702173383818182,0.06693665507673899
smd,machine-3-4,chronos_base_resid,0.06861419113488491,0.06462090726792041
smd,machine-3-4,chronos_small_resid,0.06779650670989217,0.06384220469558743
smd,machine-3-5,knn,0.23651015656514524,0.1633110774640465
smd,machine-3-5,lof,0.33903388250999944,0.16706502103126486
smd,machine-3-5,ae,0.4026540271690545,0.1829761792772729
smd,machine-3-5,iforest,0.10973255116325761,0.045887732074615974
smd,machine-3-5,timesfm_resid,0.0654316761768658,0.06960097237022908
smd,machine-3-5,tirex_resid,0.04927413390096755,0.05679944887140429
smd,machine-3-5,chronos_base_resid,0.04919667132382098,0.053917650869788045
smd,machine-3-5,chronos_small_resid,0.051531135541094064,0.05717044115357961
smd,machine-3-6,knn,0.7523421550488991,0.7210170845665448
smd,machine-3-6,lof,0.5484396300907597,0.5160510341362816
smd,machine-3-6,ae,0.6739988882348941,0.6521950654938989
smd,machine-3-6,iforest,0.7241168347469549,0.7273426177989077
smd,machine-3-6,timesfm_resid,0.0944842945213479,0.09980650277262916
smd,machine-3-6,tirex_resid,0.09883163261637343,0.10585434201436567
smd,machine-3-6,chronos_base_resid,0.09097198755511593,0.09294547018489743
smd,machine-3-6,chronos_small_resid,0.08851833411637616,0.09107453209525265
smd,machine-3-7,knn,0.7387632590954227,0.818856934410528
smd,machine-3-7,lof,0.26837464637628894,0.18435195404110288
smd,machine-3-7,ae,0.6152241036840158,0.45546732610571755
smd,machine-3-7,iforest,0.2623772946940837,0.12271104271020288
smd,machine-3-7,timesfm_resid,0.08342127886458463,0.07573057507873211
smd,machine-3-7,tirex_resid,0.0468574215843874,0.04224775623229162
smd,machine-3-7,chronos_base_resid,0.1174826953699186,0.10171631996120917
smd,machine-3-7,chronos_small_resid,0.07520570951926216,0.06728048066968617
smd,machine-3-8,knn,0.44719531396083134,0.46180140322092206
smd,machine-3-8,lof,0.06507382723218626,0.06093863658574385
smd,machine-3-8,ae,0.32139435287058915,0.2678257184771096
smd,machine-3-8,iforest,0.41313861417922887,0.36336268731377597
smd,machine-3-8,timesfm_resid,0.1801196599464528,0.1998166523603634
smd,machine-3-8,tirex_resid,0.1868591711369788,0.19901246744832995
smd,machine-3-8,chronos_base_resid,0.22360800963038413,0.2396507077100798
smd,machine-3-8,chronos_small_resid,0.17572697887883287,0.18585228836080872
smd,machine-3-9,knn,0.3127571649839018,0.18192527119528437
smd,machine-3-9,lof,0.32812402828909076,0.18839416871318737
smd,machine-3-9,ae,0.6428551745380453,0.5563272614066633
smd,machine-3-9,iforest,0.2630153128188587,0.10562725431528493
smd,machine-3-9,timesfm_resid,0.19567968537152614,0.21818234114603913
smd,machine-3-9,tirex_resid,0.23611394129057564,0.23680192751101145
smd,machine-3-9,chronos_base_resid,0.2181205540594888,0.2176225481945563
smd,machine-3-9,chronos_small_resid,0.20934554605199607,0.21954662144292647
nasa,P-1,knn,0.11938239564369353,0.10340611289473696
nasa,P-1,lof,0.12958221224006497,0.10651635921072806
nasa,P-1,ae,0.14929875332287412,0.11205412484877447
nasa,P-1,iforest,0.1096500139179539,0.09685012052487901
nasa,P-1,timesfm_resid,0.12519547649375282,0.11830613541022274
nasa,P-1,tirex_resid,0.12677392968819096,0.1220273800279806
nasa,P-1,chronos_base_resid,0.123652883100788,0.11686315914490414
nasa,P-1,chronos_small_resid,0.12407232761104643,0.11747457737367753
nasa,S-1,knn,0.051235298350345085,0.046840923500531456
nasa,S-1,lof,0.05288184195902658,0.04923741510625509
nasa,S-1,ae,0.05387029791166681,0.048829630462420476
nasa,S-1,iforest,0.04924546670507185,0.04522557758536193
nasa,S-1,timesfm_resid,0.059878102002160476,0.05470976830736693
nasa,S-1,tirex_resid,0.058864240111220774,0.05321821696725308
nasa,S-1,chronos_base_resid,0.05874182455814862,0.05342410988141322
nasa,S-1,chronos_small_resid,0.056957614811438476,0.05131191936642981
nasa,E-1,knn,0.4758017048561083,0.5102086341694274
nasa,E-1,lof,0.43799679369706446,0.3465183779456396
nasa,E-1,ae,0.15423174499598913,0.12254089540863865
nasa,E-1,iforest,0.0667901648268217,0.059787009187347834
nasa,E-1,timesfm_resid,0.08048226379949823,0.07625977165320842
nasa,E-1,tirex_resid,0.08901973749238085,0.0856964762333529
nasa,E-1,chronos_base_resid,0.08881953447348165,0.08313564626028917
nasa,E-1,chronos_small_resid,0.08217739743930338,0.07842813726299408
nasa,E-2,knn,0.10035882249012712,0.09479587989901633
nasa,E-2,lof,0.1244190768279671,0.11966205675110897
nasa,E-2,ae,0.15995764920452293,0.16044294962542077
nasa,E-2,iforest,0.11167925524625136,0.10607395943104186
nasa,E-2,timesfm_resid,0.11121185787874924,0.10716525919549974
nasa,E-2,tirex_resid,0.1090583005503952,0.1049595718669726
nasa,E-2,chronos_base_resid,0.1097141391462384,0.1057781554580996
nasa,E-2,chronos_small_resid,0.10817305433741792,0.10421393286542315
nasa,E-3,knn,0.31511398985807987,0.31450250323906837
nasa,E-3,lof,0.3360449066533547,0.3357064076162463
nasa,E-3,ae,0.30192599289803834,0.3009460351728983
nasa,E-3,iforest,0.27165033494181023,0.27068301968343134
nasa,E-3,timesfm_resid,0.24886073063547295,0.24669839638296953
nasa,E-3,tirex_resid,0.2485864678971654,0.2465646389127558
nasa,E-3,chronos_base_resid,0.24899568241407,0.2470099090094843
nasa,E-3,chronos_small_resid,0.24612368606784674,0.2439701741451732
nasa,E-4,knn,0.2592186955864295,0.257618713792299
nasa,E-4,lof,0.38186446922077655,0.38191752468134704
nasa,E-4,ae,0.2622908841715972,0.2604364772342187
nasa,E-4,iforest,0.2325897304338667,0.23365908197860927
nasa,E-4,timesfm_resid,0.2065146804854266,0.20304451869218149
nasa,E-4,tirex_resid,0.2070456585782965,0.20343035497058365
nasa,E-4,chronos_base_resid,0.2062556890460011,0.20238839761019875
nasa,E-4,chronos_small_resid,0.20711290104461216,0.20316918435315612
nasa,E-5,knn,0.18087901162477477,0.2240660849840935
nasa,E-5,lof,0.2342148661108039,0.29342613880710594
nasa,E-5,ae,0.33157566484776935,0.4137948247347711
nasa,E-5,iforest,0.05606532549769863,0.05228502468271581
nasa,E-5,timesfm_resid,0.04881948868624378,0.04714330733330928
nasa,E-5,tirex_resid,0.05164605142451089,0.04961392732741844
nasa,E-5,chronos_base_resid,0.04989517363213713,0.048170696696176594
nasa,E-5,chronos_small_resid,0.050914511606460634,0.04986703264706717
nasa,E-6,knn,0.4604702905238632,0.6244643203426802
nasa,E-6,lof,0.6536432492251307,0.7855184804764904
nasa,E-6,ae,0.782643266004038,0.8731916331380644
nasa,E-6,iforest,0.027459847798240185,0.029043411964279814
nasa,E-6,timesfm_resid,0.023978008533733434,0.022552638242702695
nasa,E-6,tirex_resid,0.026830846033439406,0.029634168207574727
nasa,E-6,chronos_base_resid,0.027494986925791116,0.026569531852254455
nasa,E-6,chronos_small_resid,0.026814341031238025,0.028227017939567556
nasa,E-7,knn,0.05727746656399107,0.04759065088382405
nasa,E-7,lof,0.046615900482384905,0.03872285561101351
nasa,E-7,ae,0.38747670872463946,0.4711309671550865
nasa,E-7,iforest,0.05346817307906923,0.04341229651720757
nasa,E-7,timesfm_resid,0.04671278579681308,0.042640278799425564
nasa,E-7,tirex_resid,0.05236313120567975,0.04897657829785409
nasa,E-7,chronos_base_resid,0.05152947761475707,0.047456506062627864
nasa,E-7,chronos_small_resid,0.048115009082274195,0.04356779877728537
nasa,E-8,knn,0.2017919627656336,0.21967620612550842
nasa,E-8,lof,0.20591837753849765,0.2225573332274715
nasa,E-8,ae,0.22768436711630635,0.242897633572113
nasa,E-8,iforest,0.18769409033971513,0.20858347697069654
nasa,E-8,timesfm_resid,0.08782302249192257,0.08379554024145262
nasa,E-8,tirex_resid,0.09170096319073429,0.08789996209448085
nasa,E-8,chronos_base_resid,0.08294339576067025,0.07809825119037288
nasa,E-8,chronos_small_resid,0.0827300529047506,0.07812769359871714
nasa,E-9,knn,0.3021194516958503,0.3458117018528887
nasa,E-9,lof,0.32212020013533127,0.38289330801145727
nasa,E-9,ae,0.3998245621052938,0.48723716093313624
nasa,E-9,iforest,0.12965771031583428,0.13329619810345497
nasa,E-9,timesfm_resid,0.054855964811529656,0.05037079260915551
nasa,E-9,tirex_resid,0.06054194009660063,0.05748341962821558
nasa,E-9,chronos_base_resid,0.05513351053770464,0.05149187479363958
nasa,E-9,chronos_small_resid,0.0558505233517181,0.05183952406076305
nasa,E-10,knn,0.7043797169434198,0.7807042631170666
nasa,E-10,lof,0.6999615801981404,0.5563130321810111
nasa,E-10,ae,0.2062247232141566,0.16540931017610494
nasa,E-10,iforest,0.07017219373475236,0.06568566344499449
nasa,E-10,timesfm_resid,0.06359671946435932,0.05624007988368391
nasa,E-10,tirex_resid,0.05949106318916639,0.051133695516097026
nasa,E-10,chronos_base_resid,0.07202094630844635,0.06340206036720483
nasa,E-10,chronos_small_resid,0.06133512629425074,0.052916556979185875
nasa,E-11,knn,0.7311872557434882,0.784917086371331
nasa,E-11,lof,0.7145314057568315,0.5651953995254024
nasa,E-11,ae,0.18155171365995765,0.14774384321879708
nasa,E-11,iforest,0.068715070393761,0.06493636122490044
nasa,E-11,timesfm_resid,0.05561428614177116,0.05342416732033539
nasa,E-11,tirex_resid,0.06532527707195947,0.0644092258488899
nasa,E-11,chronos_base_resid,0.06366364510130709,0.05870428460256651
nasa,E-11,chronos_small_resid,0.05621651332158612,0.05375018512350327
nasa,E-12,knn,0.0815408086620758,0.07960823248237575
nasa,E-12,lof,0.062416404885579785,0.0561282627268526
nasa,E-12,ae,0.14719568765334262,0.11783582503800696
nasa,E-12,iforest,0.06003156379830925,0.052738580871475066
nasa,E-12,timesfm_resid,0.07925459368040119,0.07338546166152375
nasa,E-12,tirex_resid,0.09177404824211544,0.08790702425539533
nasa,E-12,chronos_base_resid,0.0846697149528679,0.07859879071901102
nasa,E-12,chronos_small_resid,0.0805292615439272,0.07543491731787214
nasa,E-13,knn,0.047343919282330976,0.04328045124148254
nasa,E-13,lof,0.052698818945347406,0.04853011221672762
nasa,E-13,ae,0.03578655212190776,0.030532190376370148
nasa,E-13,iforest,0.050253533397698336,0.048851036559944466
nasa,E-13,timesfm_resid,0.04907047657345895,0.04735752522643694
nasa,E-13,tirex_resid,0.04709008659275485,0.04512761715391205
nasa,E-13,chronos_base_resid,0.0484076280619098,0.04707424026613021
nasa,E-13,chronos_small_resid,0.051024235521878375,0.049673075716788403
nasa,A-1,knn,0.014735351957178205,0.011951588650063722
nasa,A-1,lof,0.012341080937559888,0.010380924231058767
nasa,A-1,ae,0.5067440220376503,0.5551131540298856
nasa,A-1,iforest,0.009940060059862282,0.008149241193184168
nasa,A-1,timesfm_resid,0.014033117838248817,0.013378034709014197
nasa,A-1,tirex_resid,0.015479833107622236,0.01418812267493897
nasa,A-1,chronos_base_resid,0.016852854947622974,0.016089393938244538
nasa,A-1,chronos_small_resid,0.01707042763174132,0.015987719611437405
nasa,D-1,knn,0.26684252160156996,0.2661251019013965
nasa,D-1,lof,0.3701061477201092,0.37102366047993107
nasa,D-1,ae,0.5001618305027871,0.5005716810722082
nasa,D-1,iforest,0.35945619462600253,0.35956136065467603
nasa,D-1,timesfm_resid,0.23601623751704015,0.23393312778493858
nasa,D-1,tirex_resid,0.23602536921723766,0.23410690581641633
nasa,D-1,chronos_base_resid,0.2362492205676826,0.23406929175180669
nasa,D-1,chronos_small_resid,0.235636888237161,0.2335445173992843
nasa,P-2,knn,0.2434770085951428,0.2493144073833617
nasa,P-2,lof,0.2760692478666943,0.2863406651032859
nasa,P-2,ae,0.3618259899616201,0.36615221438579326
nasa,P-2,iforest,0.33205113364211963,0.3397844205871818
nasa,P-2,timesfm_resid,0.11944191951550699,0.11550518254063669
nasa,P-2,tirex_resid,0.11275926107046569,0.10896329775657776
nasa,P-2,chronos_base_resid,0.11430615821649225,0.11081544188446181
nasa,P-2,chronos_small_resid,0.112962436164981,0.10932651911798975
nasa,P-3,knn,0.1856840170271281,0.18786402555205514
nasa,P-3,lof,0.18190151018260087,0.1855037009795523
nasa,P-3,ae,0.20442036459918234,0.20350259404686966
nasa,P-3,iforest,0.19665850475057547,0.19871881945288217
nasa,P-3,timesfm_resid,0.12219596684193235,0.11787505331163714
nasa,P-3,tirex_resid,0.11761254167453643,0.11377265233015642
nasa,P-3,chronos_base_resid,0.11459432129202701,0.11067094847908596
nasa,P-3,chronos_small_resid,0.1140733674956769,0.11003566776701117
nasa,D-2,knn,0.9737491371087892,0.9800110956209875
nasa,D-2,lof,0.9720347632315616,0.9784820584319854
nasa,D-2,ae,0.9744534181199034,0.9797341566589218
nasa,D-2,iforest,0.44935283294696104,0.4488795128534747
nasa,D-2,timesfm_resid,0.4978814156650432,0.49740384162903467
nasa,D-2,tirex_resid,0.49147704376745527,0.49072125270927763
nasa,D-2,chronos_base_resid,0.4922557944107049,0.4914008243561746
nasa,D-2,chronos_small_resid,0.5027906076816495,0.5022151964978288
nasa,D-3,knn,0.3465644539060123,0.3436986075046714
nasa,D-3,lof,0.3223675025960101,0.31941319052079
nasa,D-3,ae,0.4590498408338855,0.45676415447545315
nasa,D-3,iforest,0.4541891900013455,0.44999253133607986
nasa,D-3,timesfm_resid,0.38736406496976605,0.3857411195066332
nasa,D-3,tirex_resid,0.39106529362960146,0.3894672515920115
nasa,D-3,chronos_base_resid,0.3652451971422749,0.3636019851551499
nasa,D-3,chronos_small_resid,0.3707249234104989,0.3691417014692875
nasa,D-4,knn,0.3303588163194711,0.328394210477652
nasa,D-4,lof,0.3270992569849838,0.3250505825410642
nasa,D-4,ae,0.3516912440975319,0.3500322756819099
nasa,D-4,iforest,0.5852975015814126,0.584673673242302
nasa,D-4,timesfm_resid,0.38550368705909366,0.3843523801780148
nasa,D-4,tirex_resid,0.3853689407134441,0.38443961792356807
nasa,D-4,chronos_base_resid,0.3839314697039172,0.38331587262320704
nasa,D-4,chronos_small_resid,0.38581077205261527,0.3843621103212492
nasa,A-2,knn,0.012008770344295941,0.009210839032362713
nasa,A-2,lof,0.01245483721497544,0.009857958967753627
nasa,A-2,ae,0.012854665424768947,0.010152482054373529
nasa,A-2,iforest,0.012877152133501853,0.010172063014706686
nasa,A-2,timesfm_resid,0.021991399053797288,0.021611527871692997
nasa,A-2,tirex_resid,0.02824535604443544,0.02679324092291888
nasa,A-2,chronos_base_resid,0.019644490949590962,0.01761550065969859
nasa,A-2,chronos_small_resid,0.01800636450777273,0.015831944573163798
nasa,A-3,knn,0.0204327318939774,0.016653239980788107
nasa,A-3,lof,0.022187258040475083,0.018228061061310714
nasa,A-3,ae,0.03154517603290589,0.022358569976372047
nasa,A-3,iforest,0.02329705158981443,0.018965318678391258
nasa,A-3,timesfm_resid,0.03669743020747511,0.0350490593454494
nasa,A-3,tirex_resid,0.043615505446665884,0.040473690468777426
nasa,A-3,chronos_base_resid,0.042382271802045346,0.041810596816269245
nasa,A-3,chronos_small_resid,0.03493581157685026,0.032482438562209434
nasa,A-4,knn,0.012288585195435561,0.009398293193780266
nasa,A-4,lof,0.013303525678659498,0.010565984261396568
nasa,A-4,ae,0.014497147321111443,0.011135807857551703
nasa,A-4,iforest,0.013909205391409423,0.010621287941816089
nasa,A-4,timesfm_resid,0.02271474132476515,0.02158320792637519
nasa,A-4,tirex_resid,0.021977032848561485,0.021330546043579226
nasa,A-4,chronos_base_resid,0.023570925165974192,0.023016784489621377
nasa,A-4,chronos_small_resid,0.021667801626481978,0.020882896822301125
nasa,G-1,knn,0.014484812875850211,0.010963587331701939
nasa,G-1,lof,0.014656701788872484,0.010527656350443669
nasa,G-1,ae,0.013805236492069366,0.010641809076925942
nasa,G-1,iforest,0.013351487885587822,0.00972093767476402
nasa,G-1,timesfm_resid,0.026992341071021275,0.026961466847439223
nasa,G-1,tirex_resid,0.02098302079515109,0.01924121799232409
nasa,G-1,chronos_base_resid,0.023231130885838048,0.020878474866447165
nasa,G-1,chronos_small_resid,0.02030571047751409,0.01811759674347308
nasa,G-2,knn,0.02910300494492329,0.0271213666426174
nasa,G-2,lof,0.03257643482009232,0.03166757210625038
nasa,G-2,ae,0.16095897526357927,0.16916852011582162
nasa,G-2,iforest,0.012535691399025965,0.010036256500348896
nasa,G-2,timesfm_resid,0.00868716414752346,0.0073310922986734185
nasa,G-2,tirex_resid,0.009331155291807034,0.007699846891003172
nasa,G-2,chronos_base_resid,0.0065469226005988685,0.005454969819496426
nasa,G-2,chronos_small_resid,0.0059408824117558375,0.0047382822895835185
nasa,D-5,knn,0.0478221981025434,0.050536558529282155
nasa,D-5,lof,0.06078989168037262,0.06374068968065229
nasa,D-5,ae,0.015013103205800007,0.012123908169670624
nasa,D-5,iforest,0.08947094887274154,0.1052950655486857
nasa,D-5,timesfm_resid,0.01444624542695402,0.015610046712086071
nasa,D-5,tirex_resid,0.01362586165801793,0.014276003865571445
nasa,D-5,chronos_base_resid,0.04123860376153206,0.05230685332957051
nasa,D-5,chronos_small_resid,0.023651728005285238,0.02785776398273533
nasa,D-6,knn,0.07676192256726283,0.09076098840107702
nasa,D-6,lof,0.12330839880539066,0.16134152471939384
nasa,D-6,ae,0.016991697068404372,0.012875950420012577
nasa,D-6,iforest,0.17994436574321548,0.22088628587446882
nasa,D-6,timesfm_resid,0.020619857456769516,0.02230227535379429
nasa,D-6,tirex_resid,0.02047902960872859,0.02226611032975656
nasa,D-6,chronos_base_resid,0.02151179934633111,0.022564349136251258
nasa,D-6,chronos_small_resid,0.026657951431428645,0.029213787896886462
nasa,D-7,knn,0.8939644191358316,0.8985805608576066
nasa,D-7,lof,0.8933251917846401,0.8978292373199303
nasa,D-7,ae,0.9885427520746808,0.9946851511810576
nasa,D-7,iforest,0.3706936635283147,0.36726887516274637
nasa,D-7,timesfm_resid,0.36906320100210893,0.3674832194500288
nasa,D-7,tirex_resid,0.3719368916961341,0.3702912495531528
nasa,D-7,chronos_base_resid,0.3877251531015951,0.3865097751606
nasa,D-7,chronos_small_resid,0.38683869698186163,0.3852124086510435
nasa,F-1,knn,0.011726496081863345,0.009431724179775301
nasa,F-1,lof,0.017649114631873252,0.016762248585869204
nasa,F-1,ae,0.012411257095504183,0.010222112035174691
nasa,F-1,iforest,0.01123049347400916,0.009308344687493175
nasa,F-1,timesfm_resid,0.014611297961374368,0.012394286449509134
nasa,F-1,tirex_resid,0.013032911244027308,0.011160533772468239
nasa,F-1,chronos_base_resid,0.013183419485888206,0.011225709502959374
nasa,F-1,chronos_small_resid,0.013234004986663708,0.011262525500967123
nasa,P-4,knn,0.2359801835188686,0.2232361169557026
nasa,P-4,lof,0.09069213434342949,0.08330101753129228
nasa,P-4,ae,0.8992871039559265,0.9904531675879572
nasa,P-4,iforest,0.08286843459363048,0.08013902766807725
nasa,P-4,timesfm_resid,0.08883361400262349,0.0820960901783303
nasa,P-4,tirex_resid,0.1009716573653504,0.10842805057863748
nasa,P-4,chronos_base_resid,0.10020426890824624,0.10771846439480398
nasa,P-4,chronos_small_resid,0.10012643628507832,0.10753834052778312
nasa,G-3,knn,0.01697397057014719,0.0148884881438992
nasa,G-3,lof,0.019977559091137086,0.01806677893297034
nasa,G-3,ae,0.01116564856319879,0.009684565865098797
nasa,G-3,iforest,0.01648293237598413,0.014371021532336435
nasa,G-3,timesfm_resid,0.01143943303801245,0.011513941831847051
nasa,G-3,tirex_resid,0.011681332613894143,0.011724091798519638
nasa,G-3,chronos_base_resid,0.013042406894882584,0.013220328896972841
nasa,G-3,chronos_small_resid,0.012849118526869582,0.013072502319679758
nasa,T-1,knn,0.11874033124488666,0.10950867010174307
nasa,T-1,lof,0.12869081849699227,0.12485599716312515
nasa,T-1,ae,0.3008875172909227,0.30911546299162523
nasa,T-1,iforest,0.11907076831593727,0.10956119817232707
nasa,T-1,timesfm_resid,0.18907503418318547,0.18418129780157136
nasa,T-1,tirex_resid,0.16899152209366902,0.1633686487460269
nasa,T-1,chronos_base_resid,0.16847487065756792,0.16266754213231754
nasa,T-1,chronos_small_resid,0.1651612228259093,0.1591909606851054
nasa,T-2,knn,0.129871321956098,0.12746598124927694
nasa,T-2,lof,0.18829525035070016,0.18662134700740377
nasa,T-2,ae,0.5635144621710418,0.5605965657512101
nasa,T-2,iforest,0.14560688818836542,0.14354797112896442
nasa,T-2,timesfm_resid,0.20327781762668842,0.20209289397602737
nasa,T-2,tirex_resid,0.1808933192539209,0.1795595145534047
nasa,T-2,chronos_base_resid,0.1790452413440517,0.17776690750952076
nasa,T-2,chronos_small_resid,0.18287717411631754,0.18161481159543963
nasa,D-8,knn,0.10201124667979652,0.08629131126624122
nasa,D-8,lof,0.1020809593374884,0.08629131126624122
nasa,D-8,ae,0.27114958828286845,0.25853758284567513
nasa,D-8,iforest,0.009715519431038861,0.00918772827260768
nasa,D-8,timesfm_resid,0.009715519431038861,0.00918772827260768
nasa,D-8,tirex_resid,0.008014696391286397,0.006929862079953884
nasa,D-8,chronos_base_resid,0.008027781994816314,0.006865779333336245
nasa,D-8,chronos_small_resid,0.008009038438344178,0.006899341810321927
nasa,D-9,knn,0.8599227383793369,0.8887334089337876
nasa,D-9,lof,0.8601851547598167,0.8889318508333542
nasa,D-9,ae,0.8765992434535927,0.9064179578471365
nasa,D-9,iforest,0.16001962093417071,0.15848408164605648
nasa,D-9,timesfm_resid,0.16276518533741413,0.16178724879046158
nasa,D-9,tirex_resid,0.1334386752505896,0.1317409153620596
nasa,D-9,chronos_base_resid,0.13432329722854633,0.13269048707449285
nasa,D-9,chronos_small_resid,0.13408780891617048,0.13246651893028807
nasa,F-2,knn,0.5633482834017226,0.5646890188378594
nasa,F-2,lof,0.5797292475301274,0.5808023921587617
nasa,F-2,ae,0.5929014451931525,0.5940098971030898
nasa,F-2,iforest,0.3460456362777389,0.34569509993901776
nasa,F-2,timesfm_resid,0.25626042864101184,0.2546622121847429
nasa,F-2,tirex_resid,0.29268194136295067,0.29123646742625714
nasa,F-2,chronos_base_resid,0.2934076613894374,0.2920345300955163
nasa,F-2,chronos_small_resid,0.2994271925013644,0.29811308279523135
nasa,G-4,knn,0.22182149849192573,0.20069004862271242
nasa,G-4,lof,0.2238836616385716,0.20069004862271242
nasa,G-4,ae,0.8594180475394866,0.9793330840576607
nasa,G-4,iforest,0.005523157465215683,0.0047628121217571226
nasa,G-4,timesfm_resid,0.006092767295597485,0.00572998168576801
nasa,G-4,tirex_resid,0.0051465198121168725,0.0045400389559261045
nasa,G-4,chronos_base_resid,0.005449501435158801,0.00487429434945418
nasa,G-4,chronos_small_resid,0.005308894371502171,0.004779688514499384
nasa,T-3,knn,0.20762621545512625,0.16988556246020037
nasa,T-3,lof,0.2076214337221517,0.16985346621398484
nasa,T-3,ae,0.21231144931366924,0.17482059151084486
nasa,T-3,iforest,0.024525254234481646,0.02287650117309192
nasa,T-3,timesfm_resid,0.025659041360371927,0.022240243931372954
nasa,T-3,tirex_resid,0.026338435740880455,0.022953470374124145
nasa,T-3,chronos_base_resid,0.026985279869200424,0.02391425661268208
nasa,T-3,chronos_small_resid,0.02688103058724074,0.023778184307353584
nasa,D-11,knn,0.10155501570256252,0.08430632001555148
nasa,D-11,lof,0.10191675611790171,0.08398495490616092
nasa,D-11,ae,0.10190826804722747,0.08389141444196375
nasa,D-11,iforest,0.012666573375632269,0.010476971624344342
nasa,D-11,timesfm_resid,0.08487105308730504,0.14230129138359798
nasa,D-11,tirex_resid,0.1018655704987591,0.1422233939016639
nasa,D-11,chronos_base_resid,0.13435818639589778,0.1776744459924766
nasa,D-11,chronos_small_resid,0.12439213551434108,0.17036398281335774
nasa,D-12,knn,0.9035649271575721,0.9113465458357366
nasa,D-12,lof,0.9035712659872053,0.9113513161566452
nasa,D-12,ae,0.9022134207316952,0.9103296521488268
nasa,D-12,iforest,0.35236170750189444,0.3514493249979753
nasa,D-12,timesfm_resid,0.35236170750189444,0.3514493249979753
nasa,D-12,tirex_resid,0.286843760809525,0.28536396912173234
nasa,D-12,chronos_base_resid,0.29003205159395096,0.28857061046708904
nasa,D-12,chronos_small_resid,0.2864459244483811,0.2849605586218388
nasa,B-1,knn,0.022991909033945816,0.01821570926376049
nasa,B-1,lof,0.022998610899754746,0.01821570926376049
nasa,B-1,ae,0.02351874700505047,0.018224861690870748
nasa,B-1,iforest,0.01323968175037295,0.012551035119909884
nasa,B-1,timesfm_resid,0.01323968175037295,0.012551035119909884
nasa,B-1,tirex_resid,0.010664255974968596,0.0093610288679346
nasa,B-1,chronos_base_resid,0.010551802492872419,0.009218716556990912
nasa,B-1,chronos_small_resid,0.01062687251932537,0.009245133184113977
nasa,G-6,knn,0.09777776386625162,0.08555078997599347
nasa,G-6,lof,0.10024900035213183,0.08567917034540816
nasa,G-6,ae,0.1007074559353506,0.08564823999436308
nasa,G-6,iforest,0.03210069207189756,0.030446093802210743
nasa,G-6,timesfm_resid,0.03387352418099683,0.03431916055370229
nasa,G-6,tirex_resid,0.03077145381681283,0.031417500758400524
nasa,G-6,chronos_base_resid,0.03165940252756703,0.032742898776996765
nasa,G-6,chronos_small_resid,0.03380054424724367,0.03480244918718342
nasa,G-7,knn,0.25863458653323546,0.2262076292133905
nasa,G-7,lof,0.07477070885628574,0.06179059457375834
nasa,G-7,ae,0.23699530672486044,0.197283787871947
nasa,G-7,iforest,0.957503699215822,0.9956888920820175
nasa,G-7,timesfm_resid,0.29713738666722606,0.37660146001391276
nasa,G-7,tirex_resid,0.26108081548674994,0.3446731518823617
nasa,G-7,chronos_base_resid,0.3059022528831296,0.38734096362903647
nasa,G-7,chronos_small_resid,0.2946676970402127,0.3732747299516574
nasa,P-7,knn,0.5339045359841308,0.5417579899984488
nasa,P-7,lof,0.535189778961684,0.5423627648663575
nasa,P-7,ae,0.5244981294410089,0.533925749477503
nasa,P-7,iforest,0.503859111240124,0.5177409955998352
nasa,P-7,timesfm_resid,0.24211420450526996,0.24086475656741776
nasa,P-7,tirex_resid,0.20702809084183904,0.20451909428897955
nasa,P-7,chronos_base_resid,0.17968854645535765,0.17658970364093637
nasa,P-7,chronos_small_resid,0.179988378677079,0.1768976502895087
nasa,R-1,knn,0.12230989567892758,0.09739849030828768
nasa,R-1,lof,0.12195825739375363,0.09950275788784008
nasa,R-1,ae,0.3322215432722254,0.3156139432089129
nasa,R-1,iforest,0.01677250138045279,0.015912371482941945
nasa,R-1,timesfm_resid,0.01601766649368032,0.015233413628716129
nasa,R-1,tirex_resid,0.015653038707474656,0.01460975368237868
nasa,R-1,chronos_base_resid,0.013487529635133859,0.011865721789082108
nasa,R-1,chronos_small_resid,0.014190194774776562,0.012578768029375766
nasa,A-5,knn,0.02698229657854202,0.01955771431088995
nasa,A-5,lof,0.016304347826086956,0.015418621572573073
nasa,A-5,ae,0.032037658352360276,0.022987140796521636
nasa,A-5,iforest,0.024615719195138438,0.019288702999246215
nasa,A-5,timesfm_resid,0.1400225920941548,0.16065559120680123
nasa,A-5,tirex_resid,0.23393461266392193,0.3063276935792759
nasa,A-5,chronos_base_resid,0.10241706095563652,0.11581226321575218
nasa,A-5,chronos_small_resid,0.10767933412436921,0.121857510004103
nasa,A-6,knn,0.9200430717048735,0.9890169293675147
nasa,A-6,lof,0.9003764690321974,0.9796928640866407
nasa,A-6,ae,0.946941558741025,0.9924035772341859
nasa,A-6,iforest,0.010649719515571358,0.012126934806807125
nasa,A-6,timesfm_resid,0.06041470783314652,0.07557537628093154
nasa,A-6,tirex_resid,0.025036398668822527,0.025803981084614163
nasa,A-6,chronos_base_resid,0.012373962080395087,0.011312716395377152
nasa,A-6,chronos_small_resid,0.012723987614283899,0.011669608579954268
nasa,A-7,knn,0.49250095736835353,0.4966494110822354
nasa,A-7,lof,0.2958393142949346,0.2953143537652508
nasa,A-7,ae,0.1674394374254446,0.1650331931996711
nasa,A-7,iforest,0.17820362830730754,0.17632722204755627
nasa,A-7,timesfm_resid,0.17078472210406018,0.16809562838828135
nasa,A-7,tirex_resid,0.2227930288423266,0.22120220141472785
nasa,A-7,chronos_base_resid,0.2509563814338821,0.2497766771497341
nasa,A-7,chronos_small_resid,0.2574633395279406,0.2564640664735747
nasa,D-13,knn,0.04352151546647673,0.03748034645589158
nasa,D-13,lof,0.04352161734775396,0.03748034645589158
nasa,D-13,ae,0.04387939828477437,0.03801590069075506
nasa,D-13,iforest,0.03151507242594284,0.029980799885213173
nasa,D-13,timesfm_resid,0.03151507242594284,0.029980799885213173
nasa,D-13,tirex_resid,0.023586238841070375,0.02027025587918075
nasa,D-13,chronos_base_resid,0.023728903265443135,0.020359617566049815
nasa,D-13,chronos_small_resid,0.02376925219552304,0.020367374796525055
nasa,P-2,knn,0.2434770085951428,0.2493144073833617
nasa,P-2,lof,0.2760692478666943,0.2863406651032859
nasa,P-2,ae,0.3618259899616201,0.36615221438579326
nasa,P-2,iforest,0.33205113364211963,0.3397844205871818
nasa,P-2,timesfm_resid,0.11944191951550699,0.11550518254063669
nasa,P-2,tirex_resid,0.11275926107046569,0.10896329775657776
nasa,P-2,chronos_base_resid,0.11430615821649225,0.11081544188446181
nasa,P-2,chronos_small_resid,0.112962436164981,0.10932651911798975
nasa,A-8,knn,0.28313036011392345,0.2809218833467277
nasa,A-8,lof,0.2831303601139234,0.2809218833467277
nasa,A-8,ae,0.5415174438164954,0.5400912234338683
nasa,A-8,iforest,0.377200593069482,0.37602138669458757
nasa,A-8,timesfm_resid,0.39853298476629573,0.39697746380697596
nasa,A-8,tirex_resid,0.4017567156808079,0.4002171598240154
nasa,A-8,chronos_base_resid,0.3772784435305594,0.3751161851138948
nasa,A-8,chronos_small_resid,0.3690549296981303,0.3669593470627471
nasa,A-9,knn,0.5464405416858624,0.5430545639833884
nasa,A-9,lof,0.5465708139843977,0.5431592984647972
nasa,A-9,ae,0.5463771050736399,0.542977301825062
nasa,A-9,iforest,0.2838954299399799,0.28192984145596156
nasa,A-9,timesfm_resid,0.36187051904862266,0.3598629719403657
nasa,A-9,tirex_resid,0.35609229631313466,0.3542480022881
nasa,A-9,chronos_base_resid,0.3424378029763587,0.3403972314694544
nasa,A-9,chronos_small_resid,0.33324873398386856,0.33127142324895925
nasa,F-3,knn,0.7052473612758654,0.9019467253844475
nasa,F-3,lof,0.7516272941052964,0.888861814434049
nasa,F-3,ae,0.8693047507971735,0.9706214520431867
nasa,F-3,iforest,0.03317077180549629,0.03521114964831652
nasa,F-3,timesfm_resid,0.01974000052950818,0.019543818161404936
nasa,F-3,tirex_resid,0.03322526509336236,0.03909437008600622
nasa,F-3,chronos_base_resid,0.020935587855623543,0.022368174501260215
nasa,F-3,chronos_small_resid,0.039014854141576336,0.04917612366072724
nasa,M-6,knn,0.9415742533175239,0.9643618657565213
nasa,M-6,lof,0.9701913807225597,0.9883175043686349
nasa,M-6,ae,0.9620748268135482,0.978769732700978
nasa,M-6,iforest,0.06762269928061093,0.058843784931567854
nasa,M-6,timesfm_resid,0.15232381062253422,0.14948572263356466
nasa,M-6,tirex_resid,0.10923976356354007,0.10252520743119373
nasa,M-6,chronos_base_resid,0.12866867214129749,0.12407238428951307
nasa,M-6,chronos_small_resid,0.1352145392741952,0.13239396479022456
nasa,M-1,knn,0.7793112110811092,0.7888280636270565
nasa,M-1,lof,0.7684721549799058,0.77772893121836
nasa,M-1,ae,0.5640653967349861,0.5625873504776808
nasa,M-1,iforest,0.35803612236942994,0.35045833332145115
nasa,M-1,timesfm_resid,0.4734322174225024,0.46873778807663535
nasa,M-1,tirex_resid,0.5850479159435702,0.5868329450096206
nasa,M-1,chronos_base_resid,0.6664536603234656,0.6718919113541469
nasa,M-1,chronos_small_resid,0.6331079356758216,0.6364571835464552
nasa,M-2,knn,0.7814185701647465,0.791062130058994
nasa,M-2,lof,0.7746609011046642,0.7845723034703935
nasa,M-2,ae,0.6816809837384987,0.6877954654658377
nasa,M-2,iforest,0.9683209254805194,0.9877430613306438
nasa,M-2,timesfm_resid,0.4703471445389422,0.465412914170264
nasa,M-2,tirex_resid,0.5612236966468938,0.5617260421879061
nasa,M-2,chronos_base_resid,0.6588116389621475,0.6635240086448281
nasa,M-2,chronos_small_resid,0.6285618137142575,0.6316651167195461
nasa,S-2,knn,0.9145462379793851,0.9606261912420496
nasa,S-2,lof,0.8825039495206117,0.9155982890471202
nasa,S-2,ae,0.9178459579481801,0.9745253766051766
nasa,S-2,iforest,0.013316043123890012,0.010774948889391322
nasa,S-2,timesfm_resid,0.007892894510424853,0.007346659243391212
nasa,S-2,tirex_resid,0.012578463128589637,0.012561479763072878
nasa,S-2,chronos_base_resid,0.02633012468835213,0.03263841708278642
nasa,S-2,chronos_small_resid,0.01551437118497107,0.015639246540634113
nasa,P-10,knn,0.6646938675432899,0.8632626956184308
nasa,P-10,lof,0.6563283477648864,0.8556351943976107
nasa,P-10,ae,0.8183545011495459,0.9735498133835386
nasa,P-10,iforest,0.07313599501605102,0.06020556286075117
nasa,P-10,timesfm_resid,0.07137800589785939,0.08336833571696133
nasa,P-10,tirex_resid,0.05848194356212487,0.06435929013627309
nasa,P-10,chronos_base_resid,0.06979799222733368,0.07821309258153233
nasa,P-10,chronos_small_resid,0.07184701557422561,0.08408058349185944
nasa,T-4,knn,0.028260363442564034,0.021740399117966443
nasa,T-4,lof,0.030686346255263695,0.024175254594641777
nasa,T-4,ae,0.03971093334895196,0.031463890632708144
nasa,T-4,iforest,0.029331731518916458,0.02335215100159067
nasa,T-4,timesfm_resid,0.08375975611312926,0.08695433474794004
nasa,T-4,tirex_resid,0.07337495452272551,0.07249405530268092
nasa,T-4,chronos_base_resid,0.044088612517258555,0.04126218533453433
nasa,T-4,chronos_small_resid,0.07961558863992849,0.07927610834745236
nasa,T-5,knn,0.923611253549828,0.985538701350248
nasa,T-5,lof,0.9340098834082029,0.9890161694842002
nasa,T-5,ae,0.9527154553232122,0.9947929887804654
nasa,T-5,iforest,0.013053460640720462,0.010687046440526662
nasa,T-5,timesfm_resid,0.012803147311726755,0.011278631581558066
nasa,T-5,tirex_resid,0.01768202467457411,0.01789351778989873
nasa,T-5,chronos_base_resid,0.027246643060925314,0.02800527485648287
nasa,T-5,chronos_small_resid,0.016836049498210152,0.01652067825985558
nasa,F-7,knn,0.08589662939826591,0.06995493523044582
nasa,F-7,lof,0.08674820840426722,0.07070148295904329
nasa,F-7,ae,0.10689970780647622,0.09145904098710232
nasa,F-7,iforest,0.2372965548757646,0.23994264406513185
nasa,F-7,timesfm_resid,0.09072728617893279,0.07656977207990398
nasa,F-7,tirex_resid,0.09538796579483116,0.08103352370585672
nasa,F-7,chronos_base_resid,0.09590201870820908,0.0834630179186806
nasa,F-7,chronos_small_resid,0.12615495654788828,0.12079499237504313
nasa,M-3,knn,0.10619286423785874,0.09158542742389164
nasa,M-3,lof,0.10936168371954227,0.09514917661471783
nasa,M-3,ae,0.19643233948676453,0.18707062632800184
nasa,M-3,iforest,0.28091225905482575,0.3030371563971921
nasa,M-3,timesfm_resid,0.1950362092737102,0.20171078542453855
nasa,M-3,tirex_resid,0.1817563673134918,0.18267858265160006
nasa,M-3,chronos_base_resid,0.18284241762650916,0.1830451402339592
nasa,M-3,chronos_small_resid,0.15603645732719687,0.15088088828085489
nasa,M-4,knn,0.09934635106873826,0.0824591447995784
nasa,M-4,lof,0.10207112574445462,0.08521370823427514
nasa,M-4,ae,0.1863426187184132,0.17024987094813043
nasa,M-4,iforest,0.2709916306044956,0.28028522018041024
nasa,M-4,timesfm_resid,0.14808513290028158,0.1348474619553808
nasa,M-4,tirex_resid,0.16750089329334888,0.15748170716902696
nasa,M-4,chronos_base_resid,0.1606056777110562,0.15524147348063583
nasa,M-4,chronos_small_resid,0.13933508318444401,0.12722065239254216
nasa,M-5,knn,0.1714900520919285,0.1609329307190056
nasa,M-5,lof,0.16622860560146174,0.15701039502278805
nasa,M-5,ae,0.18451156724625906,0.1656266988725409
nasa,M-5,iforest,0.17127127093519173,0.15553840486473952
nasa,M-5,timesfm_resid,0.18244669436214445,0.18330159299311125
nasa,M-5,tirex_resid,0.22844679156279818,0.23434173827594507
nasa,M-5,chronos_base_resid,0.17924624405535464,0.17390731859009181
nasa,M-5,chronos_small_resid,0.14959517427937147,0.1417588201238819
nasa,P-15,knn,0.007954696354853324,0.006498164552649028
nasa,P-15,lof,0.00795469381990067,0.006498164552649028
nasa,P-15,ae,0.013748450132069183,0.01063593675208527
nasa,P-15,iforest,0.007055719329085526,0.0055042261178451886
nasa,P-15,timesfm_resid,0.006769755486086461,0.005304253009803919
nasa,P-15,tirex_resid,0.0095974584380174,0.008455026197308922
nasa,P-15,chronos_base_resid,0.006971623786414211,0.0054664812347051984
nasa,P-15,chronos_small_resid,0.009269888824125331,0.007873680549490676
nasa,C-1,knn,0.20124935877374667,0.1883733479512885
nasa,C-1,lof,0.19628360909984865,0.18640064092873201
nasa,C-1,ae,0.5391630798913549,0.46612998672162587
nasa,C-1,iforest,0.2226797955917511,0.2192821906151239
nasa,C-1,timesfm_resid,0.25022867842225205,0.23787163751939902
nasa,C-1,tirex_resid,0.25137188858615844,0.2406240178628078
nasa,C-1,chronos_base_resid,0.25871107731308357,0.24869682904624196
nasa,C-1,chronos_small_resid,0.2755898447789604,0.26741851325490473
nasa,C-2,knn,0.680347992784584,0.4764088342526509
nasa,C-2,lof,0.6804969241207779,0.47624278837383005
nasa,C-2,ae,0.6826118218678838,0.47787543890236295
nasa,C-2,iforest,0.12452392262813985,0.115661138750135
nasa,C-2,timesfm_resid,0.13831031590012638,0.1420526117631098
nasa,C-2,tirex_resid,0.19357959790302898,0.2030071221523828
nasa,C-2,chronos_base_resid,0.2414722177322382,0.24622365510014196
nasa,C-2,chronos_small_resid,0.22291276571156537,0.23680870453852465
nasa,T-12,knn,0.2415683051143023,0.2621391674679788
nasa,T-12,lof,0.24277478364806981,0.2626365619024103
nasa,T-12,ae,0.7407437817778314,0.928670179586622
nasa,T-12,iforest,0.12605497824759215,0.10872252716740327
nasa,T-12,timesfm_resid,0.07076031432439467,0.06679334426255949
nasa,T-12,tirex_resid,0.12938994532631432,0.14054894277218705
nasa,T-12,chronos_base_resid,0.1391088790232591,0.1608386173246387
nasa,T-12,chronos_small_resid,0.15962510490440585,0.19256147349148023
nasa,T-13,knn,0.5625898524659472,0.6804476954140817
nasa,T-13,lof,0.5636641166676846,0.6794727979043889
nasa,T-13,ae,0.619684385017623,0.7590825736716217
nasa,T-13,iforest,0.17991497375866544,0.16165833901453563
nasa,T-13,timesfm_resid,0.18784071554620593,0.1981866631798625
nasa,T-13,tirex_resid,0.23977690821541836,0.26006034480504153
nasa,T-13,chronos_base_resid,0.22362845905586942,0.2354868029683917
nasa,T-13,chronos_small_resid,0.20442832783848264,0.21495738239597653
nasa,F-4,knn,0.04713771220234037,0.04522234328551775
nasa,F-4,lof,0.04541948471744947,0.044028351543251146
nasa,F-4,ae,0.06554077176619705,0.061321675310482236
nasa,F-4,iforest,0.12142562140297572,0.12076024114277567
nasa,F-4,timesfm_resid,0.02883685600120394,0.02620479306536945
nasa,F-4,tirex_resid,0.03362286547715062,0.0323633236832635
nasa,F-4,chronos_base_resid,0.03773384222049089,0.036437474344519244
nasa,F-4,chronos_small_resid,0.0461780654850058,0.04662914119740349
nasa,F-5,knn,0.061536306703979665,0.0543519888174173
nasa,F-5,lof,0.05951305534906691,0.05347862758519963
nasa,F-5,ae,0.04624993485736936,0.04093100315708374
nasa,F-5,iforest,0.8149234215935692,0.9954397076265221
nasa,F-5,timesfm_resid,0.0635773389296019,0.06223006975966528
nasa,F-5,tirex_resid,0.05122308159014602,0.046999997178788736
nasa,F-5,chronos_base_resid,0.04920586948246464,0.04504893602095024
nasa,F-5,chronos_small_resid,0.050766968366207234,0.046755239420377126
nasa,D-14,knn,0.8911416661002758,0.9788676336681404
nasa,D-14,lof,0.8505351766369228,0.9740991954796353
nasa,D-14,ae,0.9587264607560381,0.9353230641097484
nasa,D-14,iforest,0.07185392047079182,0.05972590097424075
nasa,D-14,timesfm_resid,0.15863533786364464,0.1579825770599754
nasa,D-14,tirex_resid,0.18545448319087093,0.18106001717811132
nasa,D-14,chronos_base_resid,0.16687655662583895,0.16350702713850504
nasa,D-14,chronos_small_resid,0.22292816405450594,0.23221152940058057
nasa,T-9,knn,0.8444906429961864,0.7313608152085934
nasa,T-9,lof,0.8474666886515525,0.7414059301289608
nasa,T-9,ae,0.6330254659054375,0.6196510963592119
nasa,T-9,iforest,0.09471323998424841,0.08487834318531105
nasa,T-9,timesfm_resid,0.5126134583315218,0.5699725069726239
nasa,T-9,tirex_resid,0.4979010928195753,0.5544718124043695
nasa,T-9,chronos_base_resid,0.5179901040071218,0.5732587172279298
nasa,T-9,chronos_small_resid,0.5056819423216617,0.5638112306955432
nasa,P-14,knn,0.5442846513735209,0.7165952848688061
nasa,P-14,lof,0.5207039911913659,0.6944260598894723
nasa,P-14,ae,0.6395538636881781,0.8394050978656518
nasa,P-14,iforest,0.043602282675621364,0.0378523677207302
nasa,P-14,timesfm_resid,0.04830457881290138,0.04633514264495421
nasa,P-14,tirex_resid,0.043757399425964516,0.03969015927345646
nasa,P-14,chronos_base_resid,0.043910973396684726,0.04036817902072757
nasa,P-14,chronos_small_resid,0.04643058945286141,0.04543763452900543
nasa,T-8,knn,0.8083500142270775,0.8521585417022643
nasa,T-8,lof,0.8077163567763402,0.8319776563466595
nasa,T-8,ae,0.10762229628744449,0.10214821461605952
nasa,T-8,iforest,0.4686421387956789,0.5081544356953013
nasa,T-8,timesfm_resid,0.13406503436918815,0.13868352970889622
nasa,T-8,tirex_resid,0.12436628484999626,0.12730541359083422
nasa,T-8,chronos_base_resid,0.1734055600877475,0.1688816414568686
nasa,T-8,chronos_small_resid,0.14913314399997174,0.1454894200551612
nasa,P-11,knn,0.09483326832696948,0.08580693361178687
nasa,P-11,lof,0.09101193471142544,0.08071077663768843
nasa,P-11,ae,0.09269735221037503,0.09027849140631061
nasa,P-11,iforest,0.6101893725223886,0.6401546828310253
nasa,P-11,timesfm_resid,0.11168337021950754,0.10606913330383978
nasa,P-11,tirex_resid,0.11589672931337061,0.11274307685237905
nasa,P-11,chronos_base_resid,0.12851321911000663,0.13292147393503603
nasa,P-11,chronos_small_resid,0.11227792037188135,0.10978002280577118
nasa,D-15,knn,0.554544636430579,0.5563206526992981
nasa,D-15,lof,0.5431824171695588,0.5451072864280055
nasa,D-15,ae,0.5026290895859991,0.5173030649926998
nasa,D-15,iforest,0.5856933637709718,0.5830197616859508
nasa,D-15,timesfm_resid,0.37221704728408245,0.37286067441345333
nasa,D-15,tirex_resid,0.390935206493373,0.3964001997484502
nasa,D-15,chronos_base_resid,0.39045237467929184,0.39535946867424887
nasa,D-15,chronos_small_resid,0.3942566825712567,0.39730427520597117
nasa,D-16,knn,0.23672502472876805,0.22085284546272313
nasa,D-16,lof,0.26735082868549576,0.2539853286668377
nasa,D-16,ae,0.4245351265415598,0.42795559190494475
nasa,D-16,iforest,0.36949872294547215,0.37480565147297246
nasa,D-16,timesfm_resid,0.30038701913167953,0.2895355525208747
nasa,D-16,tirex_resid,0.3860010452626623,0.38298287390914376
nasa,D-16,chronos_base_resid,0.30342000086730525,0.29311154034594405
nasa,D-16,chronos_small_resid,0.2773876149401897,0.2653102368167788
nasa,M-7,knn,0.9554447851074104,0.996176739339565
nasa,M-7,lof,0.9557068827954607,0.9962557733054086
nasa,M-7,ae,0.0483786426902459,0.03723477790074268
nasa,M-7,iforest,0.9588573630102499,0.9977881140851821
nasa,M-7,timesfm_resid,0.28809239330854974,0.35569764299225665
nasa,M-7,tirex_resid,0.4644664251314029,0.5821249512933007
nasa,M-7,chronos_base_resid,0.24831698703690375,0.29133873783305014
nasa,M-7,chronos_small_resid,0.2051169423495038,0.24048323669544833
nasa,F-8,knn,0.1957714625691387,0.18719398547183264
nasa,F-8,lof,0.1952806618489204,0.1863586401317209
nasa,F-8,ae,0.6370646451291299,0.6651980199164325
nasa,F-8,iforest,0.3692205644932285,0.3717420146032974
nasa,F-8,timesfm_resid,0.2377746863296363,0.2317213669294713
nasa,F-8,tirex_resid,0.29429257241193896,0.2885357391004886
nasa,F-8,chronos_base_resid,0.23618004106937504,0.23009033797026934
nasa,F-8,chronos_small_resid,0.28631775969499285,0.28220879858378617
psm,psm,knn,0.5592219498461501,0.5486838083727069
psm,psm,lof,0.5175508217984522,0.49706090723853297
psm,psm,ae,0.6815033328220976,0.6713611840573392
psm,psm,iforest,0.55210576774868,0.49947150945411306
psm,psm,timesfm_resid,0.40023475201343917,0.40031160036085733
psm,psm,tirex_resid,0.4057766648243551,0.4087334762644424
psm,psm,chronos_base_resid,0.3842635209154395,0.3817317417286468
psm,psm,chronos_small_resid,0.39356330052945454,0.3916823149406322
